0.000000,0.000000,0.000000,0.000000,0.000000,0.000000,0.000000,0.000000,0.000000,0.000000,0.000000,0.000000,0.000000,0.000000,0.000000,0.000000,0.000000,0.000000,0.000000,0.000000,0.000000,0.000000,0.000000,0.000000,0.000000,0.000000,0.000000,0.000000,0.000000,0.000000,0.000000,0.000000,0.000000,0.000000,0.000000,0.000000,0.043296,0.129888,0.216479,0.303071,0.389663,0.476254,22.744733,67.195100,111.645467,156.095833,200.546200,244.996567,292.301783,342.461850,392.621917,442.781983,492.942050,543.102117,588.490408,629.106925,669.723442,710.339958,750.956475,791.572992,824.573243,849.957229,875.341215,900.725201,926.109188,951.493174,963.519343,962.187696,960.856049,959.524401,958.192754,956.861107,960.503960,969.121312,977.738665,986.356018,994.973371,1003.590724,989.006624,951.221071,913.435518,875.649965,837.864413,800.078860,765.707422,734.750100,703.792778,672.835456,641.878133,610.920811,568.460810,514.498129,460.535449,406.572768,352.610088,298.647407,249.071611,203.882700,158.693789,113.504878,68.315967,23.127056,0.488217,0.399450,0.310683,0.221917,0.133150,0.044383,0.000000,0.000000,0.000000,0.000000,0.000000,0.000000,0.000000,0.000000,0.000000,0.000000,0.000000,0.000000,0.000000,0.000000,0.000000,0.000000,0.000000,0.000000,0.000000,0.000000,0.000000,0.000000,0.000000,0.000000,0.000000,0.000000,0.000000,0.000000,0.000000,0.000000,0.000000,0.000000,0.000000,0.000000,0.000000,0.000000
0.000000,0.000000,0.000000,0.000000,0.000000,0.000000,0.000000,0.000000,0.000000,0.000000,0.000000,0.000000,0.000000,0.000000,0.000000,0.000000,0.000000,0.000000,0.000000,0.000000,0.000000,0.000000,0.000000,0.000000,0.000000,0.000000,0.000000,0.000000,0.000000,0.000000,0.000000,0.000000,0.000000,0.000000,0.000000,0.000000,0.088339,0.265017,0.441694,0.618372,0.795050,0.971728,20.759683,60.158917,99.558150,138.957383,178.356617,217.755850,257.170361,296.600150,336.029939,375.459728,414.889517,454.319306,484.534275,505.534425,526.534575,547.534725,568.534875,589.535025,615.952711,647.787933,679.623156,711.458378,743.293600,775.128822,793.396800,798.097533,802.798267,807.499000,812.199733,816.900467,823.919511,833.256867,842.594222,851.931578,861.268933,870.606289,871.298615,863.345912,855.393210,847.440507,839.487804,831.535101,808.429375,770.170625,731.911875,693.653125,655.394375,617.135625,573.722396,525.154688,476.586979,428.019271,379.451562,330.883854,281.162092,230.286275,179.410458,128.534642,77.658825,26.783008,1.233008,1.008825,0.784642,0.560458,0.336275,0.112092,0.000000,0.000000,0.000000,0.000000,0.000000,0.000000,0.000000,0.000000,0.000000,0.000000,0.000000,0.000000,0.000000,0.000000,0.000000,0.000000,0.000000,0.000000,0.000000,0.000000,0.000000,0.000000,0.000000,0.000000,0.000000,0.000000,0.000000,0.000000,0.000000,0.000000,0.000000,0.000000,0.000000,0.000000,0.000000,0.000000
0.000000,0.000000,0.000000,0.000000,0.000000,0.000000,0.000000,0.000000,0.000000,0.000000,0.000000,0.000000,0.000000,0.000000,0.000000,0.000000,0.000000,0.000000,0.000000,0.000000,0.000000,0.000000,0.000000,0.000000,0.000000,0.000000,0.000000,0.000000,0.000000,0.000000,0.000000,0.000000,0.000000,0.000000,0.000000,0.000000,0.129044,0.387133,0.645222,0.903311,1.161400,1.419489,22.447703,64.246042,106.044381,147.842719,189.641058,231.439397,274.066161,317.521350,360.976539,404.431728,447.886917,491.342106,532.960413,572.741838,612.523262,652.304688,692.086113,731.867537,764.153806,788.944917,813.736028,838.527139,863.318250,888.109361,911.963944,934.882000,957.800056,980.718111,1003.636167,1026.554222,1021.673043,988.992629,956.312215,923.631801,890.951387,858.270974,843.076915,845.369213,847.661510,849.953807,852.246104,854.538401,835.232192,794.327475,753.422758,712.518042,671.613325,630.708608,579.642850,518.416050,457.189250,395.962450,334.735650,273.508850,222.805664,182.626092,142.446519,102.266947,62.087375,21.907803,1.666515,1.363512,1.060510,0.757507,0.454504,0.151501,0.000000,0.000000,0.000000,0.000000,0.000000,0.000000,0.000000,0.000000,0.000000,0.000000,0.000000,0.000000,0.000000,0.000000,0.000000,0.000000,0.000000,0.000000,0.000000,0.000000,0.000000,0.000000,0.000000,0.000000,0.000000,0.000000,0.000000,0.000000,0.000000,0.000000,0.000000,0.000000,0.000000,0.000000,0.000000,0.000000
0.000000,0.000000,0.000000,0.000000,0.000000,0.000000,0.000000,0.000000,0.000000,0.000000,0.000000,0.000000,0.000000,0.000000,0.000000,0.000000,0.000000,0.000000,0.000000,0.000000,0.000000,0.000000,0.000000,0.000000,0.000000,0.000000,0.000000,0.000000,0.000000,0.000000,0.000000,0.000000,0.000000,0.000000,0.000000,0.000000,0.226786,0.680358,1.133931,1.587503,2.041075,2.494647,26.410131,73.787525,121.164919,168.542314,215.919708,263.297103,313.817192,367.479975,421.142758,474.805542,528.468325,582.131108,626.317708,661.028125,695.738542,730.448958,765.159375,799.869792,833.022917,864.618750,896.214583,927.810417,959.406250,991.002083,1010.943229,1019.229688,1027.516146,1035.802604,1044.089062,1052.375521,1053.682519,1048.010058,1042.337597,1036.665136,1030.992675,1025.320214,1002.839501,963.550537,924.261574,884.972610,845.683646,806.394682,760.356792,707.569975,654.783158,601.996342,549.209525,496.422708,449.804661,409.355383,368.906106,328.456828,288.007550,247.558272,208.550506,170.984250,133.417994,95.851739,58.285483,20.719228,1.774758,1.452075,1.129392,0.806708,0.484025,0.161342,0.000000,0.000000,0.000000,0.000000,0.000000,0.000000,0.000000,0.000000,0.000000,0.000000,0.000000,0.000000,0.000000,0.000000,0.000000,0.000000,0.000000,0.000000,0.000000,0.000000,0.000000,0.000000,0.000000,0.000000,0.000000,0.000000,0.000000,0.000000,0.000000,0.000000,0.000000,0.000000,0.000000,0.000000,0.000000,0.000000
0.000000,0.000000,0.000000,0.000000,0.000000,0.000000,0.000000,0.000000,0.000000,0.000000,0.000000,0.000000,0.000000,0.000000,0.000000,0.000000,0.000000,0.000000,0.000000,0.000000,0.000000,0.000000,0.000000,0.000000,0.000000,0.000000,0.000000,0.000000,0.000000,0.000000,0.000000,0.000000,0.000000,0.000000,0.000000,0.000000,0.234794,0.704383,1.173972,1.643561,2.113150,2.582739,25.569228,71.072617,116.576006,162.079394,207.582783,253.086172,303.598253,359.119025,414.639797,470.160569,525.681342,581.202114,625.799726,659.474179,693.148632,726.823085,760.497538,794.171990,817.051176,829.135096,841.219015,853.302935,865.386854,877.470774,898.513825,928.516008,958.518192,988.520375,1018.522558,1048.524742,1051.224318,1026.621287,1002.018257,977.415226,952.812196,928.209165,901.816362,873.633787,845.451213,817.268637,789.086063,760.903488,735.193921,711.957362,688.720804,665.484246,642.247688,619.011129,580.226567,525.894000,471.561433,417.228867,362.896300,308.563733,258.225875,211.882725,165.539575,119.196425,72.853275,26.510125,3.060338,2.503913,1.947487,1.391063,0.834638,0.278212,0.000000,0.000000,0.000000,0.000000,0.000000,0.000000,0.000000,0.000000,0.000000,0.000000,0.000000,0.000000,0.000000,0.000000,0.000000,0.000000,0.000000,0.000000,0.000000,0.000000,0.000000,0.000000,0.000000,0.000000,0.000000,0.000000,0.000000,0.000000,0.000000,0.000000,0.000000,0.000000,0.000000,0.000000,0.000000,0.000000
0.000000,0.000000,0.000000,0.000000,0.000000,0.000000,0.000000,0.000000,0.000000,0.000000,0.000000,0.000000,0.000000,0.000000,0.000000,0.000000,0.000000,0.000000,0.000000,0.000000,0.000000,0.000000,0.000000,0.000000,0.000000,0.000000,0.000000,0.000000,0.000000,0.000000,0.000000,0.000000,0.000000,0.000000,0.000000,0.000000,0.328303,0.984908,1.641514,2.298119,2.954725,3.611331,24.545392,65.756908,106.968425,148.179942,189.391458,230.602975,273.301550,317.487183,361.672817,405.858450,450.044083,494.229717,539.070458,584.566308,630.062158,675.558008,721.053858,766.549708,797.858551,814.980387,832.102224,849.224060,866.345896,883.467732,899.805185,915.358254,930.911324,946.464393,962.017462,977.570532,987.338436,991.321175,995.303914,999.286653,1003.269392,1007.252131,994.277874,964.346621,934.415368,904.484115,874.552863,844.621610,804.268946,753.494871,702.720796,651.946721,601.172646,550.398571,500.005589,449.993700,399.981811,349.969922,299.958033,249.946144,206.472560,169.537279,132.601999,95.666718,58.731438,21.796157,3.051140,2.496387,1.941635,1.386882,0.832129,0.277376,0.000000,0.000000,0.000000,0.000000,0.000000,0.000000,0.000000,0.000000,0.000000,0.000000,0.000000,0.000000,0.000000,0.000000,0.000000,0.000000,0.000000,0.000000,0.000000,0.000000,0.000000,0.000000,0.000000,0.000000,0.000000,0.000000,0.000000,0.000000,0.000000,0.000000,0.000000,0.000000,0.000000,0.000000,0.000000,0.000000
0.000000,0.000000,0.000000,0.000000,0.000000,0.000000,0.000000,0.000000,0.000000,0.000000,0.000000,0.000000,0.000000,0.000000,0.000000,0.000000,0.000000,0.000000,0.000000,0.000000,0.000000,0.000000,0.000000,0.000000,0.000000,0.000000,0.000000,0.000000,0.000000,0.000000,0.000000,0.000000,0.000000,0.000000,0.000000,0.000000,0.432176,1.296529,2.160882,3.025235,3.889587,4.753940,26.965297,70.523658,114.082019,157.640381,201.198742,244.757103,290.965568,339.824138,388.682707,437.541276,486.399846,535.258415,576.232715,609.322746,642.412776,675.502807,708.592837,741.682868,771.960835,799.426737,826.892640,854.358543,881.824446,909.290349,929.045617,941.090250,953.134883,965.179517,977.224150,989.268783,995.284210,995.270429,995.256649,995.242868,995.229087,995.215307,985.935240,967.388887,948.842535,930.296182,911.749829,893.203476,862.523608,819.710225,776.896842,734.083458,691.270075,648.456692,600.783828,548.251483,495.719139,443.186794,390.654450,338.122106,286.343081,235.317375,184.291669,133.265964,82.240258,31.214553,5.226558,4.276275,3.325992,2.375708,1.425425,0.475142,0.000000,0.000000,0.000000,0.000000,0.000000,0.000000,0.000000,0.000000,0.000000,0.000000,0.000000,0.000000,0.000000,0.000000,0.000000,0.000000,0.000000,0.000000,0.000000,0.000000,0.000000,0.000000,0.000000,0.000000,0.000000,0.000000,0.000000,0.000000,0.000000,0.000000,0.000000,0.000000,0.000000,0.000000,0.000000,0.000000
0.000000,0.000000,0.000000,0.000000,0.000000,0.000000,0.000000,0.000000,0.000000,0.000000,0.000000,0.000000,0.000000,0.000000,0.000000,0.000000,0.000000,0.000000,0.000000,0.000000,0.000000,0.000000,0.000000,0.000000,0.000000,0.000000,0.000000,0.000000,0.000000,0.000000,0.000000,0.000000,0.000000,0.000000,0.000000,0.000000,0.446467,1.339400,2.232333,3.125267,4.018200,4.911133,25.188214,64.849442,104.510669,144.171897,183.833125,223.494353,268.762047,319.636208,370.510369,421.384531,472.258692,523.132853,561.413589,587.100900,612.788211,638.475522,664.162833,689.850144,711.165496,728.108888,745.052279,761.995671,778.939062,795.882454,802.604519,799.105258,795.605997,792.106736,788.607475,785.108214,786.014225,791.325508,796.636792,801.948075,807.259358,812.570642,796.232046,758.243571,720.255096,682.266621,644.278146,606.289671,569.039697,532.528225,496.016753,459.505281,422.993808,386.482336,354.033892,325.648475,297.263058,268.877642,240.492225,212.106808,181.885719,149.828958,117.772197,85.715436,53.658675,21.601914,5.109072,4.180150,3.251228,2.322306,1.393383,0.464461,0.000000,0.000000,0.000000,0.000000,0.000000,0.000000,0.000000,0.000000,0.000000,0.000000,0.000000,0.000000,0.000000,0.000000,0.000000,0.000000,0.000000,0.000000,0.000000,0.000000,0.000000,0.000000,0.000000,0.000000,0.000000,0.000000,0.000000,0.000000,0.000000,0.000000,0.000000,0.000000,0.000000,0.000000,0.000000,0.000000
0.000000,0.000000,0.000000,0.000000,0.000000,0.000000,0.000000,0.000000,0.000000,0.000000,0.000000,0.000000,0.000000,0.000000,0.000000,0.000000,0.000000,0.000000,0.000000,0.000000,0.000000,0.000000,0.000000,0.000000,0.000000,0.000000,0.000000,0.000000,0.000000,0.000000,0.000000,0.000000,0.000000,0.000000,0.000000,0.000000,0.567096,1.701288,2.835479,3.969671,5.103862,6.238054,27.648610,69.335529,111.022449,152.709368,194.396287,236.083207,279.110011,323.476700,367.843389,412.210078,456.576767,500.943456,542.785007,582.101421,621.417835,660.734249,700.050663,739.367076,781.544925,826.584208,871.623492,916.662775,961.702058,1006.741342,1026.247201,1020.219637,1014.192074,1008.164510,1002.136946,996.109382,983.864231,965.401492,946.938753,928.476014,910.013275,891.550536,884.207328,887.983650,891.759972,895.536294,899.312617,903.088939,874.442421,813.373062,752.303704,691.234346,630.164987,569.095629,516.174893,471.402779,426.630665,381.858551,337.086437,292.314324,248.090779,204.415804,160.740829,117.065854,73.390879,29.715904,7.221882,5.908812,4.595743,3.282674,1.969604,0.656535,0.000000,0.000000,0.000000,0.000000,0.000000,0.000000,0.000000,0.000000,0.000000,0.000000,0.000000,0.000000,0.000000,0.000000,0.000000,0.000000,0.000000,0.000000,0.000000,0.000000,0.000000,0.000000,0.000000,0.000000,0.000000,0.000000,0.000000,0.000000,0.000000,0.000000,0.000000,0.000000,0.000000,0.000000,0.000000,0.000000
0.000000,0.000000,0.000000,0.000000,0.000000,0.000000,0.000000,0.000000,0.000000,0.000000,0.000000,0.000000,0.000000,0.000000,0.000000,0.000000,0.000000,0.000000,0.000000,0.000000,0.000000,0.000000,0.000000,0.000000,0.000000,0.000000,0.000000,0.000000,0.000000,0.000000,0.000000,0.000000,0.000000,0.000000,0.000000,0.000000,0.632699,1.898096,3.163493,4.428890,5.694287,6.959685,28.473711,70.236367,111.999022,153.761678,195.524333,237.286989,271.793953,299.045225,326.296497,353.547769,380.799042,408.050314,440.139063,477.065288,513.991512,550.917738,587.843962,624.770187,659.987736,693.496608,727.005481,760.514353,794.023225,827.532097,848.404658,856.640908,864.877158,873.113408,881.349658,889.585908,881.020572,855.653650,830.286728,804.919806,779.552883,754.185961,735.451511,723.349533,711.247556,699.145578,687.043600,674.941622,652.317928,619.172517,586.027106,552.881694,519.736283,486.590872,452.388760,417.129946,381.871132,346.612318,311.353504,276.094690,237.607176,195.890963,154.174749,112.458535,70.742321,29.026107,7.487333,6.126000,4.764667,3.403333,2.042000,0.680667,0.000000,0.000000,0.000000,0.000000,0.000000,0.000000,0.000000,0.000000,0.000000,0.000000,0.000000,0.000000,0.000000,0.000000,0.000000,0.000000,0.000000,0.000000,0.000000,0.000000,0.000000,0.000000,0.000000,0.000000,0.000000,0.000000,0.000000,0.000000,0.000000,0.000000,0.000000,0.000000,0.000000,0.000000,0.000000,0.000000
0.000000,0.000000,0.000000,0.000000,0.000000,0.000000,0.000000,0.000000,0.000000,0.000000,0.000000,0.000000,0.000000,0.000000,0.000000,0.000000,0.000000,0.000000,0.000000,0.000000,0.000000,0.000000,0.000000,0.000000,0.000000,0.000000,0.000000,0.000000,0.000000,0.000000,0.000000,0.000000,0.000000,0.000000,0.000000,0.000000,0.817225,2.451675,4.086125,5.720575,7.355025,8.989475,30.009044,70.413733,110.818422,151.223111,191.627800,232.032489,276.726054,325.708496,374.690937,423.673379,472.655821,521.638262,557.705403,580.857242,604.009081,627.160919,650.312758,673.464597,707.582250,752.665717,797.749183,842.832650,887.916117,932.999583,959.373731,967.038558,974.703386,982.368214,990.033042,997.697869,1001.041739,1000.064650,999.087561,998.110472,997.133383,996.156294,985.161971,964.150413,943.138854,922.127296,901.115737,880.104179,846.042640,798.931121,751.819601,704.708082,657.596563,610.485043,560.864722,508.735600,456.606478,404.477356,352.348233,300.219111,252.087606,207.953717,163.819828,119.685939,75.552050,31.418161,8.571949,7.013413,5.454876,3.896340,2.337804,0.779268,0.000000,0.000000,0.000000,0.000000,0.000000,0.000000,0.000000,0.000000,0.000000,0.000000,0.000000,0.000000,0.000000,0.000000,0.000000,0.000000,0.000000,0.000000,0.000000,0.000000,0.000000,0.000000,0.000000,0.000000,0.000000,0.000000,0.000000,0.000000,0.000000,0.000000,0.000000,0.000000,0.000000,0.000000,0.000000,0.000000
0.000000,0.000000,0.000000,0.000000,0.000000,0.000000,0.000000,0.000000,0.000000,0.000000,0.000000,0.000000,0.000000,0.000000,0.000000,0.000000,0.000000,0.000000,0.000000,0.000000,0.000000,0.000000,0.000000,0.000000,0.000000,0.000000,0.000000,0.000000,0.000000,0.000000,0.000000,0.000000,0.000000,0.000000,0.000000,0.000000,0.908799,2.726396,4.543993,6.361590,8.179187,9.996785,33.657035,79.159937,124.662840,170.165743,215.668646,261.171549,308.804210,358.566629,408.329049,458.091468,507.853887,557.616307,601.213549,638.645612,676.077676,713.509740,750.941804,788.373868,814.245894,828.557883,842.869872,857.181861,871.493850,885.805839,897.406786,906.296692,915.186597,924.076503,932.966408,941.856314,936.864065,917.989663,899.115260,880.240857,861.366454,842.492051,821.739506,799.108817,776.478128,753.847439,731.216750,708.586061,677.428401,637.743771,598.059140,558.374510,518.689879,479.005249,445.590056,418.444300,391.298544,364.152789,337.007033,309.861278,272.611064,225.256392,177.901719,130.547047,83.192375,35.837703,11.147003,9.120275,7.093547,5.066819,3.040092,1.013364,0.000000,0.000000,0.000000,0.000000,0.000000,0.000000,0.000000,0.000000,0.000000,0.000000,0.000000,0.000000,0.000000,0.000000,0.000000,0.000000,0.000000,0.000000,0.000000,0.000000,0.000000,0.000000,0.000000,0.000000,0.000000,0.000000,0.000000,0.000000,0.000000,0.000000,0.000000,0.000000,0.000000,0.000000,0.000000,0.000000
0.000000,0.000000,0.000000,0.000000,0.000000,0.000000,0.000000,0.000000,0.000000,0.000000,0.000000,0.000000,0.000000,0.000000,0.000000,0.000000,0.000000,0.000000,0.000000,0.000000,0.000000,0.000000,0.000000,0.000000,0.000000,0.000000,0.000000,0.000000,0.000000,0.000000,0.000000,0.000000,0.000000,0.000000,0.000000,0.000000,1.023764,3.071292,5.118819,7.166347,9.213875,11.261403,33.943581,77.260408,120.577236,163.894064,207.210892,250.527719,293.736468,336.837137,379.937807,423.038476,466.139146,509.239815,549.612792,587.258075,624.903358,662.548642,700.193925,737.839208,769.821128,796.139683,822.458239,848.776794,875.095350,901.413906,917.753279,924.113471,930.473662,936.833854,943.194046,949.554237,952.699213,952.628971,952.558729,952.488487,952.418246,952.348004,931.001096,888.377521,845.753946,803.130371,760.506796,717.883221,678.758340,643.132154,607.505968,571.879782,536.253596,500.627410,461.922149,420.137813,378.353476,336.569140,294.784804,253.000468,213.573722,176.504567,139.435411,102.366256,65.297100,28.227944,8.885586,7.270025,5.654464,4.038903,2.423342,0.807781,0.000000,0.000000,0.000000,0.000000,0.000000,0.000000,0.000000,0.000000,0.000000,0.000000,0.000000,0.000000,0.000000,0.000000,0.000000,0.000000,0.000000,0.000000,0.000000,0.000000,0.000000,0.000000,0.000000,0.000000,0.000000,0.000000,0.000000,0.000000,0.000000,0.000000,0.000000,0.000000,0.000000,0.000000,0.000000,0.000000
0.000000,0.000000,0.000000,0.000000,0.000000,0.000000,0.000000,0.000000,0.000000,0.000000,0.000000,0.000000,0.000000,0.000000,0.000000,0.000000,0.000000,0.000000,0.000000,0.000000,0.000000,0.000000,0.000000,0.000000,0.000000,0.000000,0.000000,0.000000,0.000000,0.000000,0.000000,0.000000,0.000000,0.000000,0.000000,0.000000,1.094121,3.282363,5.470604,7.658846,9.847088,12.035329,36.878314,84.376042,131.873769,179.371497,226.869225,274.366953,317.137767,355.181667,393.225567,431.269467,469.313367,507.357267,544.876969,581.872475,618.867981,655.863486,692.858992,729.854497,766.085536,801.552108,837.018681,872.485253,907.951825,943.418397,965.387831,973.860125,982.332419,990.804714,999.277008,1007.749303,1005.809885,993.458754,981.107624,968.756493,956.405363,944.054232,921.495508,888.729192,855.962875,823.196558,790.430242,757.663925,727.243768,699.169771,671.095774,643.021776,614.947779,586.873782,548.975103,501.251742,453.528381,405.805019,358.081658,310.358297,263.769778,218.316100,172.862422,127.408744,81.955067,36.501389,12.626671,10.330913,8.035154,5.739396,3.443637,1.147879,0.000000,0.000000,0.000000,0.000000,0.000000,0.000000,0.000000,0.000000,0.000000,0.000000,0.000000,0.000000,0.000000,0.000000,0.000000,0.000000,0.000000,0.000000,0.000000,0.000000,0.000000,0.000000,0.000000,0.000000,0.000000,0.000000,0.000000,0.000000,0.000000,0.000000,0.000000,0.000000,0.000000,0.000000,0.000000,0.000000
0.000000,0.000000,0.000000,0.000000,0.000000,0.000000,0.000000,0.000000,0.000000,0.000000,0.000000,0.000000,0.000000,0.000000,0.000000,0.000000,0.000000,0.000000,0.000000,0.000000,0.000000,0.000000,0.000000,0.000000,0.000000,0.000000,0.000000,0.000000,0.000000,0.000000,0.000000,0.000000,0.000000,0.000000,0.000000,0.000000,1.158971,3.476912,5.794854,8.112796,10.430737,12.748679,34.664796,76.179087,117.693379,159.207671,200.721962,242.236254,282.647342,321.955225,361.263108,400.570992,439.878875,479.186758,523.779350,573.656650,623.533950,673.411250,723.288550,773.165850,807.320481,825.752442,844.184403,862.616364,881.048325,899.480286,918.789665,938.976462,959.163260,979.350057,999.536854,1019.723651,1037.419808,1052.625325,1067.830842,1083.036358,1098.241875,1113.447392,1106.417722,1077.152867,1047.888011,1018.623156,989.358300,960.093444,924.640307,882.998887,841.357468,799.716049,758.074629,716.433210,667.691667,611.850000,556.008333,500.166667,444.325000,388.483333,332.128126,275.259379,218.390632,161.521885,104.653138,47.784390,17.737515,14.512512,11.287510,8.062507,4.837504,1.612501,0.000000,0.000000,0.000000,0.000000,0.000000,0.000000,0.000000,0.000000,0.000000,0.000000,0.000000,0.000000,0.000000,0.000000,0.000000,0.000000,0.000000,0.000000,0.000000,0.000000,0.000000,0.000000,0.000000,0.000000,0.000000,0.000000,0.000000,0.000000,0.000000,0.000000,0.000000,0.000000,0.000000,0.000000,0.000000,0.000000
0.000000,0.000000,0.000000,0.000000,0.000000,0.000000,0.000000,0.000000,0.000000,0.000000,0.000000,0.000000,0.000000,0.000000,0.000000,0.000000,0.000000,0.000000,0.000000,0.000000,0.000000,0.000000,0.000000,0.000000,0.000000,0.000000,0.000000,0.000000,0.000000,0.000000,0.000000,0.000000,0.000000,0.000000,0.000000,0.000000,1.548149,4.644446,7.740743,10.837040,13.933338,17.029635,40.700590,84.946204,129.191818,173.437432,217.683046,261.928660,309.161092,359.380342,409.599592,459.818842,510.038092,560.257342,598.312910,624.204796,650.096682,675.988568,701.880454,727.772340,757.106181,789.881975,822.657769,855.433564,888.209358,920.985153,949.556474,973.923321,998.290168,1022.657015,1047.023862,1071.390710,1083.625865,1083.729329,1083.832793,1083.936257,1084.039721,1084.143185,1074.520340,1055.171188,1035.822035,1016.472882,997.123729,977.774576,945.392708,899.978125,854.563542,809.148958,763.734375,718.319792,664.209310,601.402929,538.596549,475.790168,412.983788,350.177407,293.639918,243.371321,193.102724,142.834126,92.565529,42.296932,15.732414,12.871975,10.011536,7.151097,4.290658,1.430219,0.000000,0.000000,0.000000,0.000000,0.000000,0.000000,0.000000,0.000000,0.000000,0.000000,0.000000,0.000000,0.000000,0.000000,0.000000,0.000000,0.000000,0.000000,0.000000,0.000000,0.000000,0.000000,0.000000,0.000000,0.000000,0.000000,0.000000,0.000000,0.000000,0.000000,0.000000,0.000000,0.000000,0.000000,0.000000,0.000000
0.000000,0.000000,0.000000,0.000000,0.000000,0.000000,0.000000,0.000000,0.000000,0.000000,0.000000,0.000000,0.000000,0.000000,0.000000,0.000000,0.000000,0.000000,0.000000,0.000000,0.000000,0.000000,0.000000,0.000000,0.000000,0.000000,0.000000,0.000000,0.000000,0.000000,0.000000,0.000000,0.000000,0.000000,0.000000,0.000000,1.637436,4.912308,8.187181,11.462053,14.736925,18.011797,41.084978,83.956467,126.827956,169.699444,212.570933,255.442422,296.671650,336.258617,375.845583,415.432550,455.019517,494.606483,537.655560,584.166746,630.677932,677.189118,723.700304,770.211490,813.347775,853.109158,892.870542,932.631925,972.393308,1012.154692,1026.596951,1015.720087,1004.843224,993.966360,983.089496,972.212632,967.951176,970.305129,972.659082,975.013035,977.366987,979.720940,969.858881,947.780808,925.702736,903.624664,881.546592,859.468519,826.790089,783.511300,740.232511,696.953722,653.674933,610.396144,562.564432,510.179796,457.795160,405.410524,353.025888,300.641251,253.297321,210.994096,168.690871,126.387646,84.084421,41.781196,18.910451,15.472187,12.033924,8.595660,5.157396,1.719132,0.000000,0.000000,0.000000,0.000000,0.000000,0.000000,0.000000,0.000000,0.000000,0.000000,0.000000,0.000000,0.000000,0.000000,0.000000,0.000000,0.000000,0.000000,0.000000,0.000000,0.000000,0.000000,0.000000,0.000000,0.000000,0.000000,0.000000,0.000000,0.000000,0.000000,0.000000,0.000000,0.000000,0.000000,0.000000,0.000000
0.000000,0.000000,0.000000,0.000000,0.000000,0.000000,0.000000,0.000000,0.000000,0.000000,0.000000,0.000000,0.000000,0.000000,0.000000,0.000000,0.000000,0.000000,0.000000,0.000000,0.000000,0.000000,0.000000,0.000000,0.000000,0.000000,0.000000,0.000000,0.000000,0.000000,0.000000,0.000000,0.000000,0.000000,0.000000,0.000000,1.831012,5.493037,9.155063,12.817087,16.479112,20.141138,45.727501,93.238204,140.748907,188.259610,235.770312,283.281015,329.130372,373.318383,417.506394,461.694406,505.882417,550.070428,586.099281,613.968975,641.838669,669.708364,697.578058,725.447753,748.387921,766.398563,784.409204,802.419846,820.430488,838.441129,852.650371,863.058213,873.466054,883.873896,894.281737,904.689579,902.418824,887.469471,872.520118,857.570765,842.621413,827.672060,812.287685,796.468287,780.648890,764.829493,749.010096,733.190699,707.383386,671.588158,635.792931,599.997703,564.202475,528.407247,491.069971,452.190646,413.311321,374.431996,335.552671,296.673346,255.637363,212.444721,169.252079,126.059438,82.866796,39.674154,16.571347,13.558375,10.545403,7.532431,4.519458,1.506486,0.000000,0.000000,0.000000,0.000000,0.000000,0.000000,0.000000,0.000000,0.000000,0.000000,0.000000,0.000000,0.000000,0.000000,0.000000,0.000000,0.000000,0.000000,0.000000,0.000000,0.000000,0.000000,0.000000,0.000000,0.000000,0.000000,0.000000,0.000000,0.000000,0.000000,0.000000,0.000000,0.000000,0.000000,0.000000,0.000000
0.000000,0.000000,0.000000,0.000000,0.000000,0.000000,0.000000,0.000000,0.000000,0.000000,0.000000,0.000000,0.000000,0.000000,0.000000,0.000000,0.000000,0.000000,0.000000,0.000000,0.000000,0.000000,0.000000,0.000000,0.000000,0.000000,0.000000,0.000000,0.000000,0.000000,0.000000,0.000000,0.000000,0.000000,0.000000,0.000000,1.982928,5.948783,9.914639,13.880494,17.846350,21.812206,46.712194,92.546317,138.380439,184.214561,230.048683,275.882806,326.724874,382.574887,438.424901,494.274915,550.124929,605.974943,647.132917,673.598850,700.064783,726.530717,752.996650,779.462583,811.515601,849.155704,886.795807,924.435910,962.076013,999.716115,1027.744036,1046.159775,1064.575514,1082.991253,1101.406992,1119.822731,1119.743164,1101.168292,1082.593419,1064.018547,1045.443675,1026.868803,1006.763833,985.128767,963.493700,941.858633,920.223567,898.588500,867.367567,826.560767,785.753967,744.947167,704.140367,663.333567,616.332374,563.136787,509.941201,456.745615,403.550029,350.354443,299.195969,250.074608,200.953247,151.831886,102.710525,53.589164,26.609443,21.771362,16.933282,12.095201,7.257121,2.419040,0.000000,0.000000,0.000000,0.000000,0.000000,0.000000,0.000000,0.000000,0.000000,0.000000,0.000000,0.000000,0.000000,0.000000,0.000000,0.000000,0.000000,0.000000,0.000000,0.000000,0.000000,0.000000,0.000000,0.000000,0.000000,0.000000,0.000000,0.000000,0.000000,0.000000,0.000000,0.000000,0.000000,0.000000,0.000000,0.000000
0.000000,0.000000,0.000000,0.000000,0.000000,0.000000,0.000000,0.000000,0.000000,0.000000,0.000000,0.000000,0.000000,0.000000,0.000000,0.000000,0.000000,0.000000,0.000000,0.000000,0.000000,0.000000,0.000000,0.000000,0.000000,0.000000,0.000000,0.000000,0.000000,0.000000,0.000000,0.000000,0.000000,0.000000,0.000000,0.000000,2.042756,6.128267,10.213778,14.299289,18.384800,22.470311,42.755140,79.239288,115.723435,152.207582,188.691729,225.175876,269.111800,320.499500,371.887200,423.274900,474.662600,526.050300,579.718797,635.668092,691.617386,747.566681,803.515975,859.465269,900.820513,927.581704,954.342896,981.104088,1007.865279,1034.626471,1057.555957,1076.653738,1095.751518,1114.849299,1133.947079,1153.044860,1157.877701,1148.445604,1139.013507,1129.581410,1120.149312,1110.717215,1087.519475,1050.556092,1013.592708,976.629325,939.665942,902.702558,856.476058,800.986442,745.496825,690.007208,634.517592,579.027975,527.306664,479.353658,431.400653,383.447647,335.494642,287.541636,243.290238,202.740446,162.190654,121.640863,81.091071,40.541279,18.577518,15.199787,11.822057,8.444326,5.066596,1.688865,0.000000,0.000000,0.000000,0.000000,0.000000,0.000000,0.000000,0.000000,0.000000,0.000000,0.000000,0.000000,0.000000,0.000000,0.000000,0.000000,0.000000,0.000000,0.000000,0.000000,0.000000,0.000000,0.000000,0.000000,0.000000,0.000000,0.000000,0.000000,0.000000,0.000000,0.000000,0.000000,0.000000,0.000000,0.000000,0.000000
0.000000,0.000000,0.000000,0.000000,0.000000,0.000000,0.000000,0.000000,0.000000,0.000000,0.000000,0.000000,0.000000,0.000000,0.000000,0.000000,0.000000,0.000000,0.000000,0.000000,0.000000,0.000000,0.000000,0.000000,0.000000,0.000000,0.000000,0.000000,0.000000,0.000000,0.000000,0.000000,0.000000,0.000000,0.000000,0.000000,2.157771,6.473312,10.788854,15.104396,19.419937,23.735479,48.401579,93.418237,138.434896,183.451554,228.468213,273.484871,321.354610,372.077429,422.800249,473.523068,524.245888,574.968707,621.131717,662.734917,704.338117,745.941317,787.544517,829.147717,863.327444,890.083700,916.839956,943.596211,970.352467,997.108722,1016.557868,1028.699904,1040.841940,1052.983976,1065.126012,1077.268049,1081.352593,1077.379646,1073.406699,1069.433751,1065.460804,1061.487857,1042.684711,1009.051367,975.418022,941.784678,908.151333,874.517989,834.875950,789.225217,743.574483,697.923750,652.273017,606.622283,560.188007,512.970187,465.752368,418.534549,371.316729,324.098910,277.712710,232.158129,186.603549,141.048968,95.494388,49.939807,24.898974,20.371887,15.844801,11.317715,6.790629,2.263543,0.000000,0.000000,0.000000,0.000000,0.000000,0.000000,0.000000,0.000000,0.000000,0.000000,0.000000,0.000000,0.000000,0.000000,0.000000,0.000000,0.000000,0.000000,0.000000,0.000000,0.000000,0.000000,0.000000,0.000000,0.000000,0.000000,0.000000,0.000000,0.000000,0.000000,0.000000,0.000000,0.000000,0.000000,0.000000,0.000000
0.000000,0.000000,0.000000,0.000000,0.000000,0.000000,0.000000,0.000000,0.000000,0.000000,0.000000,0.000000,0.000000,0.000000,0.000000,0.000000,0.000000,0.000000,0.000000,0.000000,0.000000,0.000000,0.000000,0.000000,0.000000,0.000000,0.000000,0.000000,0.000000,0.000000,0.000000,0.000000,0.000000,0.000000,0.000000,0.000000,2.557371,7.672112,12.786854,17.901596,23.016338,28.131079,56.397181,107.814642,159.232103,210.649564,262.067025,313.484486,363.005115,410.628913,458.252710,505.876507,553.500304,601.124101,639.360747,668.210242,697.059736,725.909231,754.758725,783.608219,806.656011,823.902100,841.148189,858.394278,875.640367,892.886456,907.722799,920.149396,932.575993,945.002590,957.429187,969.855785,966.165325,946.357808,926.550292,906.742775,886.935258,867.127742,843.895958,817.239908,790.583858,763.927808,737.271758,710.615708,689.154875,672.889258,656.623642,640.358025,624.092408,607.826792,574.418925,523.868808,473.318692,422.768575,372.218458,321.668342,274.105207,229.529054,184.952901,140.376749,95.800596,51.224443,26.525003,21.702275,16.879547,12.056819,7.234092,2.411364,0.000000,0.000000,0.000000,0.000000,0.000000,0.000000,0.000000,0.000000,0.000000,0.000000,0.000000,0.000000,0.000000,0.000000,0.000000,0.000000,0.000000,0.000000,0.000000,0.000000,0.000000,0.000000,0.000000,0.000000,0.000000,0.000000,0.000000,0.000000,0.000000,0.000000,0.000000,0.000000,0.000000,0.000000,0.000000,0.000000
0.000000,0.000000,0.000000,0.000000,0.000000,0.000000,0.000000,0.000000,0.000000,0.000000,0.000000,0.000000,0.000000,0.000000,0.000000,0.000000,0.000000,0.000000,0.000000,0.000000,0.000000,0.000000,0.000000,0.000000,0.000000,0.000000,0.000000,0.000000,0.000000,0.000000,0.000000,0.000000,0.000000,0.000000,0.000000,0.000000,2.587229,7.761687,12.936146,18.110604,23.285062,28.459521,53.416647,98.156442,142.896236,187.636031,232.375825,277.115619,325.504693,377.543046,429.581399,481.619751,533.658104,585.696457,639.675789,695.596100,751.516411,807.436722,863.357033,919.277344,958.089063,979.792188,1001.495312,1023.198438,1044.901562,1066.604687,1073.482503,1065.535008,1057.587514,1049.640019,1041.692525,1033.745031,1026.290715,1019.329579,1012.368443,1005.407307,998.446171,991.485035,970.916514,936.740608,902.564703,868.388797,834.212892,800.036986,762.271728,720.917117,679.562506,638.207894,596.853283,555.498672,516.840161,480.877750,444.915339,408.952928,372.990517,337.028106,295.132376,247.303329,199.474282,151.645235,103.816187,55.987140,29.399899,24.054462,18.709026,13.363590,8.018154,2.672718,0.000000,0.000000,0.000000,0.000000,0.000000,0.000000,0.000000,0.000000,0.000000,0.000000,0.000000,0.000000,0.000000,0.000000,0.000000,0.000000,0.000000,0.000000,0.000000,0.000000,0.000000,0.000000,0.000000,0.000000,0.000000,0.000000,0.000000,0.000000,0.000000,0.000000,0.000000,0.000000,0.000000,0.000000,0.000000,0.000000
0.000000,0.000000,0.000000,0.000000,0.000000,0.000000,0.000000,0.000000,0.000000,0.000000,0.000000,0.000000,0.000000,0.000000,0.000000,0.000000,0.000000,0.000000,0.000000,0.000000,0.000000,0.000000,0.000000,0.000000,0.000000,0.000000,0.000000,0.000000,0.000000,0.000000,0.000000,0.000000,0.000000,0.000000,0.000000,0.000000,3.213506,9.640517,16.067528,22.494539,28.921550,35.348561,62.007094,108.897150,155.787206,202.677261,249.567317,296.457372,342.879563,388.833888,434.788212,480.742538,526.696863,572.651187,619.104844,666.057833,713.010822,759.963811,806.916800,853.869789,894.570018,929.017487,963.464957,997.912426,1032.359896,1066.807365,1090.119483,1102.296250,1114.473017,1126.649783,1138.826550,1151.003317,1152.740681,1144.038642,1135.336603,1126.634564,1117.932525,1109.230486,1091.539690,1064.860138,1038.180585,1011.501032,984.821479,958.141926,920.863381,872.985842,825.108303,777.230764,729.353225,681.475686,628.384753,570.080425,511.776097,453.471769,395.167442,336.863114,284.836467,239.087500,193.338533,147.589567,101.840600,56.091633,30.449054,24.912862,19.376671,13.840479,8.304288,2.768096,0.000000,0.000000,0.000000,0.000000,0.000000,0.000000,0.000000,0.000000,0.000000,0.000000,0.000000,0.000000,0.000000,0.000000,0.000000,0.000000,0.000000,0.000000,0.000000,0.000000,0.000000,0.000000,0.000000,0.000000,0.000000,0.000000,0.000000,0.000000,0.000000,0.000000,0.000000,0.000000,0.000000,0.000000,0.000000,0.000000
0.000000,0.000000,0.000000,0.000000,0.000000,0.000000,0.000000,0.000000,0.000000,0.000000,0.000000,0.000000,0.000000,0.000000,0.000000,0.000000,0.000000,0.000000,0.000000,0.000000,0.000000,0.000000,0.000000,0.000000,0.000000,0.000000,0.000000,0.000000,0.000000,0.000000,0.000000,0.000000,0.000000,0.000000,0.000000,0.000000,2.434494,7.303483,12.172472,17.041461,21.910450,26.779439,50.041925,91.697908,133.353892,175.009875,216.665858,258.321842,302.681765,349.745629,396.809493,443.873357,490.937221,538.001085,585.318550,632.889617,680.460683,728.031750,775.602817,823.173883,865.501054,902.584329,939.667604,976.750879,1013.834154,1050.917429,1077.220290,1092.742737,1108.265185,1123.787632,1139.310079,1154.832526,1165.122396,1170.179688,1175.236979,1180.294271,1185.351562,1190.408854,1178.082292,1148.371875,1118.661458,1088.951042,1059.240625,1029.530208,988.086458,934.909375,881.732292,828.555208,775.378125,722.201042,667.644761,611.709283,555.773806,499.838328,443.902850,387.967372,333.381964,280.146625,226.911286,173.675947,120.440608,67.205269,37.205300,30.440700,23.676100,16.911500,10.146900,3.382300,0.000000,0.000000,0.000000,0.000000,0.000000,0.000000,0.000000,0.000000,0.000000,0.000000,0.000000,0.000000,0.000000,0.000000,0.000000,0.000000,0.000000,0.000000,0.000000,0.000000,0.000000,0.000000,0.000000,0.000000,0.000000,0.000000,0.000000,0.000000,0.000000,0.000000,0.000000,0.000000,0.000000,0.000000,0.000000,0.000000
0.000000,0.000000,0.000000,0.000000,0.000000,0.000000,0.000000,0.000000,0.000000,0.000000,0.000000,0.000000,0.000000,0.000000,0.000000,0.000000,0.000000,0.000000,0.000000,0.000000,0.000000,0.000000,0.000000,0.000000,0.000000,0.000000,0.000000,0.000000,0.000000,0.000000,0.000000,0.000000,0.000000,0.000000,0.000000,0.000000,3.079001,9.237004,15.395007,21.553010,27.711012,33.869015,59.748712,105.350104,150.951496,196.552887,242.154279,287.755671,332.360776,375.969596,419.578415,463.187235,506.796054,550.404874,588.755264,621.847225,654.939186,688.031147,721.123108,754.215069,774.768726,782.784079,790.799432,798.814785,806.830137,814.845490,817.869592,815.902442,813.935292,811.968142,810.000992,808.033842,798.331807,780.894887,763.457968,746.021049,728.584129,711.147210,703.586547,705.902142,708.217736,710.533331,712.848925,715.164519,698.211499,661.989862,625.768226,589.546590,553.324954,517.103318,484.445233,455.350700,426.256167,397.161633,368.067100,338.972567,301.005985,254.167354,207.328724,160.490093,113.651463,66.812832,39.777390,32.545138,25.312885,18.080632,10.848379,3.616126,0.000000,0.000000,0.000000,0.000000,0.000000,0.000000,0.000000,0.000000,0.000000,0.000000,0.000000,0.000000,0.000000,0.000000,0.000000,0.000000,0.000000,0.000000,0.000000,0.000000,0.000000,0.000000,0.000000,0.000000,0.000000,0.000000,0.000000,0.000000,0.000000,0.000000,0.000000,0.000000,0.000000,0.000000,0.000000,0.000000
0.000000,0.000000,0.000000,0.000000,0.000000,0.000000,0.000000,0.000000,0.000000,0.000000,0.000000,0.000000,0.000000,0.000000,0.000000,0.000000,0.000000,0.000000,0.000000,0.000000,0.000000,0.000000,0.000000,0.000000,0.000000,0.000000,0.000000,0.000000,0.000000,0.000000,0.000000,0.000000,0.000000,0.000000,0.000000,0.000000,3.423517,10.270550,17.117583,23.964617,30.811650,37.658683,63.666132,108.833996,154.001860,199.169724,244.337588,289.505451,334.672742,379.839458,425.006175,470.172892,515.339608,560.506325,609.516950,662.371483,715.226017,768.080550,820.935083,873.789617,909.139432,926.984529,944.829626,962.674724,980.519821,998.364918,1024.006740,1057.445287,1090.883835,1124.322382,1157.760929,1191.199476,1195.939167,1171.980000,1148.020833,1124.061667,1100.102500,1076.143333,1060.039687,1051.791563,1043.543437,1035.295313,1027.047188,1018.799063,990.572917,942.368750,894.164583,845.960417,797.756250,749.552083,699.470833,647.512500,595.554167,543.595833,491.637500,439.679167,383.740678,323.822033,263.903389,203.984744,144.066100,84.147456,49.672456,40.641100,31.609744,22.578389,13.547033,4.515678,0.000000,0.000000,0.000000,0.000000,0.000000,0.000000,0.000000,0.000000,0.000000,0.000000,0.000000,0.000000,0.000000,0.000000,0.000000,0.000000,0.000000,0.000000,0.000000,0.000000,0.000000,0.000000,0.000000,0.000000,0.000000,0.000000,0.000000,0.000000,0.000000,0.000000,0.000000,0.000000,0.000000,0.000000,0.000000,0.000000
0.000000,0.000000,0.000000,0.000000,0.000000,0.000000,0.000000,0.000000,0.000000,0.000000,0.000000,0.000000,0.000000,0.000000,0.000000,0.000000,0.000000,0.000000,0.000000,0.000000,0.000000,0.000000,0.000000,0.000000,0.000000,0.000000,0.000000,0.000000,0.000000,0.000000,0.000000,0.000000,0.000000,0.000000,0.000000,0.000000,4.414579,13.243737,22.072896,30.902054,39.731212,48.560371,77.460311,126.431033,175.401756,224.372478,273.343200,322.313922,368.815572,412.848150,456.880728,500.913306,544.945883,588.978461,628.294243,662.893229,697.492215,732.091201,766.690187,801.289174,831.881910,858.468396,885.054882,911.641368,938.227854,964.814340,964.488856,937.251400,910.013944,882.776489,855.539033,828.301578,814.861888,815.219962,815.578037,815.936113,816.294188,816.652262,820.911518,829.071954,837.232390,845.392826,853.553262,861.713699,846.148981,806.859108,767.569236,728.279364,688.989492,649.699619,606.020276,557.951463,509.882649,461.813835,413.745021,365.676207,317.429701,269.005504,220.581307,172.157110,123.732912,75.308715,46.838565,38.322463,29.806360,21.290257,12.774154,4.258051,0.000000,0.000000,0.000000,0.000000,0.000000,0.000000,0.000000,0.000000,0.000000,0.000000,0.000000,0.000000,0.000000,0.000000,0.000000,0.000000,0.000000,0.000000,0.000000,0.000000,0.000000,0.000000,0.000000,0.000000,0.000000,0.000000,0.000000,0.000000,0.000000,0.000000,0.000000,0.000000,0.000000,0.000000,0.000000,0.000000
0.000000,0.000000,0.000000,0.000000,0.000000,0.000000,0.000000,0.000000,0.000000,0.000000,0.000000,0.000000,0.000000,0.000000,0.000000,0.000000,0.000000,0.000000,0.000000,0.000000,0.000000,0.000000,0.000000,0.000000,0.000000,0.000000,0.000000,0.000000,0.000000,0.000000,0.000000,0.000000,0.000000,0.000000,0.000000,0.000000,4.879478,14.638433,24.397389,34.156344,43.915300,53.674256,85.399514,139.091075,192.782636,246.474197,300.165758,353.857319,407.863828,462.185283,516.506739,570.828194,625.149650,679.471106,726.101892,765.042008,803.982125,842.922242,881.862358,920.802475,944.428721,952.741096,961.053471,969.365846,977.678221,985.990596,993.572704,1000.424546,1007.276387,1014.128229,1020.980071,1027.831913,1038.918775,1054.240658,1069.562542,1084.884425,1100.206308,1115.528192,1114.146289,1096.060600,1077.974911,1059.889222,1041.803533,1023.717844,996.650000,960.600000,924.550000,888.500000,852.450000,816.400000,768.598437,709.045313,649.492188,589.939062,530.385938,470.832813,409.271892,345.703175,282.134458,218.565742,154.997025,91.428308,54.673621,44.732963,34.792304,24.851646,14.910987,4.970329,0.000000,0.000000,0.000000,0.000000,0.000000,0.000000,0.000000,0.000000,0.000000,0.000000,0.000000,0.000000,0.000000,0.000000,0.000000,0.000000,0.000000,0.000000,0.000000,0.000000,0.000000,0.000000,0.000000,0.000000,0.000000,0.000000,0.000000,0.000000,0.000000,0.000000,0.000000,0.000000,0.000000,0.000000,0.000000,0.000000
0.000000,0.000000,0.000000,0.000000,0.000000,0.000000,0.000000,0.000000,0.000000,0.000000,0.000000,0.000000,0.000000,0.000000,0.000000,0.000000,0.000000,0.000000,0.000000,0.000000,0.000000,0.000000,0.000000,0.000000,0.000000,0.000000,0.000000,0.000000,0.000000,0.000000,0.000000,0.000000,0.000000,0.000000,0.000000,0.000000,4.122218,12.366654,20.611090,28.855526,37.099962,45.344399,72.318379,118.021904,163.725429,209.428954,255.132479,300.836004,344.568206,386.329083,428.089961,469.850839,511.611717,553.372594,592.640038,629.414046,666.188054,702.962063,739.736071,776.510079,816.202085,858.812087,901.422090,944.032093,986.642096,1029.252099,1057.620915,1071.748546,1085.876176,1100.003807,1114.131437,1128.259068,1140.124101,1149.726537,1159.328974,1168.931410,1178.533846,1188.136282,1178.082292,1148.371875,1118.661458,1088.951042,1059.240625,1029.530208,996.650000,960.600000,924.550000,888.500000,852.450000,816.400000,770.001562,713.254687,656.507813,599.760937,543.014063,486.267188,425.106674,359.532521,293.958368,228.384215,162.810063,97.235910,59.078097,48.336625,37.595153,26.853681,16.112208,5.370736,0.000000,0.000000,0.000000,0.000000,0.000000,0.000000,0.000000,0.000000,0.000000,0.000000,0.000000,0.000000,0.000000,0.000000,0.000000,0.000000,0.000000,0.000000,0.000000,0.000000,0.000000,0.000000,0.000000,0.000000,0.000000,0.000000,0.000000,0.000000,0.000000,0.000000,0.000000,0.000000,0.000000,0.000000,0.000000,0.000000
0.000000,0.000000,0.000000,0.000000,0.000000,0.000000,0.000000,0.000000,0.000000,0.000000,0.000000,0.000000,0.000000,0.000000,0.000000,0.000000,0.000000,0.000000,0.000000,0.000000,0.000000,0.000000,0.000000,0.000000,0.000000,0.000000,0.000000,0.000000,0.000000,0.000000,0.000000,0.000000,0.000000,0.000000,0.000000,0.000000,4.628589,13.885767,23.142944,32.400122,41.657300,50.914478,76.023167,116.983367,157.943567,198.903767,239.863967,280.824167,326.079649,375.630412,425.181176,474.731940,524.282704,573.833468,620.138342,663.197325,706.256308,749.315292,792.374275,835.433258,865.962018,883.960554,901.959090,919.957626,937.956163,955.954699,985.876790,1027.722437,1069.568085,1111.413732,1153.259379,1195.105026,1207.018903,1189.001008,1170.983114,1152.965219,1134.947325,1116.929431,1098.677189,1080.190600,1061.704011,1043.217422,1024.730833,1006.244244,969.015892,913.045775,857.075658,801.105542,745.135425,689.165308,639.076183,594.868050,550.659917,506.451783,462.243650,418.035517,368.548136,313.781508,259.014881,204.248253,149.481625,94.714997,61.720710,50.498762,39.276815,28.054868,16.832921,5.610974,0.000000,0.000000,0.000000,0.000000,0.000000,0.000000,0.000000,0.000000,0.000000,0.000000,0.000000,0.000000,0.000000,0.000000,0.000000,0.000000,0.000000,0.000000,0.000000,0.000000,0.000000,0.000000,0.000000,0.000000,0.000000,0.000000,0.000000,0.000000,0.000000,0.000000,0.000000,0.000000,0.000000,0.000000,0.000000,0.000000
0.000000,0.000000,0.000000,0.000000,0.000000,0.000000,0.000000,0.000000,0.000000,0.000000,0.000000,0.000000,0.000000,0.000000,0.000000,0.000000,0.000000,0.000000,0.000000,0.000000,0.000000,0.000000,0.000000,0.000000,0.000000,0.000000,0.000000,0.000000,0.000000,0.000000,0.000000,0.000000,0.000000,0.000000,0.000000,0.000000,4.886369,14.659108,24.431847,34.204586,43.977325,53.750064,82.293010,129.606162,176.919315,224.232468,271.545621,318.858774,367.317771,416.922613,466.527454,516.132296,565.737137,615.341979,667.602292,722.518075,777.433858,832.349642,887.265425,942.181208,986.705350,1020.837850,1054.970350,1089.102850,1123.235350,1157.367850,1170.035140,1161.237221,1152.439301,1143.641382,1134.843462,1126.045543,1112.089421,1092.975096,1073.860771,1054.746446,1035.632121,1016.517796,992.779193,964.416313,936.053432,907.690551,879.327671,850.964790,812.501090,763.936571,715.372051,666.807532,618.243012,569.678493,518.139147,463.624975,409.110803,354.596631,300.082458,245.568286,203.941201,175.201204,146.461207,117.721210,88.981213,60.241215,42.048615,34.403413,26.758210,19.113007,11.467804,3.822601,0.000000,0.000000,0.000000,0.000000,0.000000,0.000000,0.000000,0.000000,0.000000,0.000000,0.000000,0.000000,0.000000,0.000000,0.000000,0.000000,0.000000,0.000000,0.000000,0.000000,0.000000,0.000000,0.000000,0.000000,0.000000,0.000000,0.000000,0.000000,0.000000,0.000000,0.000000,0.000000,0.000000,0.000000,0.000000,0.000000
0.000000,0.000000,0.000000,0.000000,0.000000,0.000000,0.000000,0.000000,0.000000,0.000000,0.000000,0.000000,0.000000,0.000000,0.000000,0.000000,0.000000,0.000000,0.000000,0.000000,0.000000,0.000000,0.000000,0.000000,0.000000,0.000000,0.000000,0.000000,0.000000,0.000000,0.000000,0.000000,0.000000,0.000000,0.000000,0.000000,5.211494,15.634483,26.057472,36.480461,46.903450,57.326439,86.054403,133.087342,180.120281,227.153219,274.186158,321.219097,372.729810,428.718296,484.706782,540.695268,596.683754,652.672240,694.866525,723.266608,751.666692,780.066775,808.466858,836.866942,862.673690,885.887104,909.100518,932.313932,955.527346,978.740760,995.829731,1006.794258,1017.758786,1028.723314,1039.687842,1050.652369,1051.745676,1042.967762,1034.189849,1025.411935,1016.634021,1007.856107,992.717718,971.218854,949.719990,928.221126,906.722262,885.223399,859.596092,829.840342,800.084592,770.328842,740.573092,710.817342,667.667758,611.124342,554.580925,498.037508,441.494092,384.950675,332.665717,284.639217,236.612717,188.586217,140.559717,92.533217,62.809969,51.389975,39.969981,28.549986,17.129992,5.709997,0.000000,0.000000,0.000000,0.000000,0.000000,0.000000,0.000000,0.000000,0.000000,0.000000,0.000000,0.000000,0.000000,0.000000,0.000000,0.000000,0.000000,0.000000,0.000000,0.000000,0.000000,0.000000,0.000000,0.000000,0.000000,0.000000,0.000000,0.000000,0.000000,0.000000,0.000000,0.000000,0.000000,0.000000,0.000000,0.000000
0.000000,0.000000,0.000000,0.000000,0.000000,0.000000,0.000000,0.000000,0.000000,0.000000,0.000000,0.000000,0.000000,0.000000,0.000000,0.000000,0.000000,0.000000,0.000000,0.000000,0.000000,0.000000,0.000000,0.000000,0.000000,0.000000,0.000000,0.000000,0.000000,0.000000,0.000000,0.000000,0.000000,0.000000,0.000000,0.000000,5.666810,17.000429,28.334049,39.667668,51.001287,62.334907,92.964233,142.889267,192.814300,242.739333,292.664367,342.589400,391.289186,438.763725,486.238264,533.712803,581.187342,628.661881,669.398010,703.395729,737.393449,771.391168,805.388887,839.386607,862.246143,873.967496,885.688849,897.410201,909.131554,920.852907,928.913706,933.313950,937.714194,942.114439,946.514683,950.914928,950.876342,946.398925,941.921508,937.444092,932.966675,928.489258,913.414878,887.743533,862.072189,836.400844,810.729500,785.058156,759.307021,733.476096,707.645171,681.814246,655.983321,630.152396,594.736701,549.736238,504.735774,459.735310,414.734846,369.734382,323.337814,275.545142,227.752469,179.959797,132.167125,84.374453,55.438274,45.358587,35.278901,25.199215,15.119529,5.039843,0.000000,0.000000,0.000000,0.000000,0.000000,0.000000,0.000000,0.000000,0.000000,0.000000,0.000000,0.000000,0.000000,0.000000,0.000000,0.000000,0.000000,0.000000,0.000000,0.000000,0.000000,0.000000,0.000000,0.000000,0.000000,0.000000,0.000000,0.000000,0.000000,0.000000,0.000000,0.000000,0.000000,0.000000,0.000000,0.000000
0.000000,0.000000,0.000000,0.000000,0.000000,0.000000,0.000000,0.000000,0.000000,0.000000,0.000000,0.000000,0.000000,0.000000,0.000000,0.000000,0.000000,0.000000,0.000000,0.000000,0.000000,0.000000,0.000000,0.000000,0.000000,0.000000,0.000000,0.000000,0.000000,0.000000,0.000000,0.000000,0.000000,0.000000,0.000000,0.000000,4.713314,14.139942,23.566569,32.993197,42.419825,51.846453,80.902712,129.588604,178.274496,226.960387,275.646279,324.332171,366.028354,400.734829,435.441304,470.147779,504.854254,539.560729,583.541865,636.797663,690.053460,743.309257,796.565054,849.820851,884.429506,900.391017,916.352528,932.314039,948.275550,964.237061,975.391142,981.737792,988.084442,994.431092,1000.777742,1007.124392,1001.371021,983.517629,965.664238,947.810846,929.957454,912.104063,892.386126,870.803646,849.221165,827.638685,806.056204,784.473724,742.382572,679.782750,617.182928,554.583106,491.983283,429.383461,385.474653,360.256858,335.039064,309.821269,284.603475,259.385681,230.404036,197.658542,164.913047,132.167553,99.422058,66.676564,46.111832,37.727863,29.343893,20.959924,12.575954,4.191985,0.000000,0.000000,0.000000,0.000000,0.000000,0.000000,0.000000,0.000000,0.000000,0.000000,0.000000,0.000000,0.000000,0.000000,0.000000,0.000000,0.000000,0.000000,0.000000,0.000000,0.000000,0.000000,0.000000,0.000000,0.000000,0.000000,0.000000,0.000000,0.000000,0.000000,0.000000,0.000000,0.000000,0.000000,0.000000,0.000000
0.000000,0.000000,0.000000,0.000000,0.000000,0.000000,0.000000,0.000000,0.000000,0.000000,0.000000,0.000000,0.000000,0.000000,0.000000,0.000000,0.000000,0.000000,0.000000,0.000000,0.000000,0.000000,0.000000,0.000000,0.000000,0.000000,0.000000,0.000000,0.000000,0.000000,0.000000,0.000000,0.000000,0.000000,0.000000,0.000000,5.692064,17.076192,28.460319,39.844447,51.228575,62.612703,92.931410,142.184696,191.437982,240.691268,289.944554,339.197840,384.668307,426.355954,468.043601,509.731249,551.418896,593.106543,632.055872,668.266883,704.477894,740.688906,776.899917,813.110928,850.998364,890.562225,930.126086,969.689947,1009.253808,1048.817669,1072.056824,1078.971271,1085.885718,1092.800165,1099.714613,1106.629060,1103.305312,1089.743371,1076.181429,1062.619487,1049.057546,1035.495604,1020.699707,1004.669854,988.640001,972.610149,956.580296,940.550443,904.319994,847.888950,791.457906,735.026861,678.595817,622.164772,571.544628,526.735383,481.926139,437.116894,392.307650,347.498406,303.540815,260.434879,217.328943,174.223007,131.117071,88.011135,60.919986,49.843625,38.767264,27.690903,16.614542,5.538181,0.000000,0.000000,0.000000,0.000000,0.000000,0.000000,0.000000,0.000000,0.000000,0.000000,0.000000,0.000000,0.000000,0.000000,0.000000,0.000000,0.000000,0.000000,0.000000,0.000000,0.000000,0.000000,0.000000,0.000000,0.000000,0.000000,0.000000,0.000000,0.000000,0.000000,0.000000,0.000000,0.000000,0.000000,0.000000,0.000000
0.000000,0.000000,0.000000,0.000000,0.000000,0.000000,0.000000,0.000000,0.000000,0.000000,0.000000,0.000000,0.000000,0.000000,0.000000,0.000000,0.000000,0.000000,0.000000,0.000000,0.000000,0.000000,0.000000,0.000000,0.000000,0.000000,0.000000,0.000000,0.000000,0.000000,0.000000,0.000000,0.000000,0.000000,0.000000,0.000000,5.663251,16.989754,28.316257,39.642760,50.969262,62.295765,88.575665,129.808963,171.042260,212.275557,253.508854,294.742151,342.382399,396.429596,450.476793,504.523990,558.571188,612.618385,656.082893,688.964713,721.846532,754.728351,787.610171,820.491990,852.343526,883.164779,913.986032,944.807285,975.628538,1006.449790,1008.493760,981.760446,955.027132,928.293818,901.560504,874.827190,862.176139,863.607350,865.038561,866.469772,867.900983,869.332194,855.097151,825.195854,795.294557,765.393260,735.491963,705.590665,671.026575,631.799692,592.572808,553.345925,514.119042,474.892158,438.405903,404.660275,370.914647,337.169019,303.423392,269.677764,236.943003,205.219108,173.495214,141.771319,110.047425,78.323531,57.256451,46.846188,36.435924,26.025660,15.615396,5.205132,0.000000,0.000000,0.000000,0.000000,0.000000,0.000000,0.000000,0.000000,0.000000,0.000000,0.000000,0.000000,0.000000,0.000000,0.000000,0.000000,0.000000,0.000000,0.000000,0.000000,0.000000,0.000000,0.000000,0.000000,0.000000,0.000000,0.000000,0.000000,0.000000,0.000000,0.000000,0.000000,0.000000,0.000000,0.000000,0.000000
0.000000,0.000000,0.000000,0.000000,0.000000,0.000000,0.000000,0.000000,0.000000,0.000000,0.000000,0.000000,0.000000,0.000000,0.000000,0.000000,0.000000,0.000000,0.000000,0.000000,0.000000,0.000000,0.000000,0.000000,0.000000,0.000000,0.000000,0.000000,0.000000,0.000000,0.000000,0.000000,0.000000,0.000000,0.000000,0.000000,5.828479,17.485437,29.142396,40.799354,52.456313,64.113271,91.433069,134.415708,177.398347,220.380986,263.363625,306.346264,345.997060,382.316012,418.634965,454.953918,491.272871,527.591824,572.279400,625.335600,678.391800,731.448000,784.504200,837.560400,877.845019,905.358058,932.871097,960.384136,987.897175,1015.410214,1031.787285,1037.028388,1042.269490,1047.510593,1052.751696,1057.992799,1057.517168,1051.324804,1045.132440,1038.940076,1032.747713,1026.555349,1012.420096,990.341954,968.263812,946.185671,924.107529,902.029388,861.204881,801.634008,742.063136,682.492264,622.921392,563.350519,511.849722,468.419000,424.988278,381.557556,338.126833,294.696111,255.638796,220.954887,186.270979,151.587071,116.903162,82.219254,59.470858,48.657975,37.845092,27.032208,16.219325,5.406442,0.000000,0.000000,0.000000,0.000000,0.000000,0.000000,0.000000,0.000000,0.000000,0.000000,0.000000,0.000000,0.000000,0.000000,0.000000,0.000000,0.000000,0.000000,0.000000,0.000000,0.000000,0.000000,0.000000,0.000000,0.000000,0.000000,0.000000,0.000000,0.000000,0.000000,0.000000,0.000000,0.000000,0.000000,0.000000,0.000000
0.000000,0.000000,0.000000,0.000000,0.000000,0.000000,0.000000,0.000000,0.000000,0.000000,0.000000,0.000000,0.000000,0.000000,0.000000,0.000000,0.000000,0.000000,0.000000,0.000000,0.000000,0.000000,0.000000,0.000000,0.000000,0.000000,0.000000,0.000000,0.000000,0.000000,0.000000,0.000000,0.000000,0.000000,0.000000,0.000000,6.405907,19.217721,32.029535,44.841349,57.653163,70.464976,99.759619,145.537092,191.314564,237.092036,282.869508,328.646981,382.886990,445.589538,508.292085,570.994632,633.697179,696.399726,752.471649,801.912946,851.354243,900.795540,950.236838,999.678135,1042.060563,1077.384121,1112.707679,1148.031238,1183.354796,1218.678354,1229.166701,1214.819837,1200.472974,1186.126110,1171.779246,1157.432382,1155.694142,1166.564525,1177.434908,1188.305292,1199.175675,1210.046058,1187.700922,1132.140267,1076.579611,1021.018956,965.458300,909.897644,870.859921,848.345129,825.830338,803.315546,780.800754,758.285963,722.919732,674.702063,626.484393,578.266724,530.049054,481.831385,427.594746,367.339138,307.083529,246.827921,186.572313,126.316704,88.173158,72.141675,56.110192,40.078708,24.047225,8.015742,0.000000,0.000000,0.000000,0.000000,0.000000,0.000000,0.000000,0.000000,0.000000,0.000000,0.000000,0.000000,0.000000,0.000000,0.000000,0.000000,0.000000,0.000000,0.000000,0.000000,0.000000,0.000000,0.000000,0.000000,0.000000,0.000000,0.000000,0.000000,0.000000,0.000000,0.000000,0.000000,0.000000,0.000000,0.000000,0.000000
0.000000,0.000000,0.000000,0.000000,0.000000,0.000000,0.000000,0.000000,0.000000,0.000000,0.000000,0.000000,0.000000,0.000000,0.000000,0.000000,0.000000,0.000000,0.000000,0.000000,0.000000,0.000000,0.000000,0.000000,0.000000,0.000000,0.000000,0.000000,0.000000,0.000000,0.000000,0.000000,0.000000,0.000000,0.000000,0.000000,6.528122,19.584367,32.640611,45.696856,58.753100,71.809344,101.025992,146.403042,191.780092,237.157142,282.534192,327.911242,369.466304,407.199379,444.932454,482.665529,520.398604,558.131679,589.416918,614.254321,639.091724,663.929126,688.766529,713.603932,731.578344,742.689767,753.801189,764.912611,776.024033,787.135456,810.803244,847.027400,883.251556,919.475711,955.699867,991.924022,1013.403785,1020.139154,1026.874524,1033.609893,1040.345262,1047.080632,1037.121997,1010.469358,983.816719,957.164081,930.511442,903.858803,877.766642,852.234958,826.703275,801.171592,775.639908,750.108225,710.090012,655.585271,601.080529,546.575787,492.071046,437.566304,383.088542,328.637758,274.186975,219.736192,165.285408,110.834625,76.641797,62.706925,48.772053,34.837181,20.902308,6.967436,0.000000,0.000000,0.000000,0.000000,0.000000,0.000000,0.000000,0.000000,0.000000,0.000000,0.000000,0.000000,0.000000,0.000000,0.000000,0.000000,0.000000,0.000000,0.000000,0.000000,0.000000,0.000000,0.000000,0.000000,0.000000,0.000000,0.000000,0.000000,0.000000,0.000000,0.000000,0.000000,0.000000,0.000000,0.000000,0.000000
0.000000,0.000000,0.000000,0.000000,0.000000,0.000000,0.000000,0.000000,0.000000,0.000000,0.000000,0.000000,0.000000,0.000000,0.000000,0.000000,0.000000,0.000000,0.000000,0.000000,0.000000,0.000000,0.000000,0.000000,0.000000,0.000000,0.000000,0.000000,0.000000,0.000000,0.000000,0.000000,0.000000,0.000000,0.000000,0.000000,7.886035,23.658104,39.430174,55.202243,70.974312,86.746382,120.036393,170.844346,221.652299,272.460251,323.268204,374.076157,421.695122,466.125100,510.555078,554.985056,599.415033,643.845011,685.269142,723.687425,762.105708,800.523992,838.942275,877.360558,910.961899,939.746296,968.530693,997.315090,1026.099487,1054.883885,1075.401769,1087.653142,1099.904514,1112.155886,1124.407258,1136.658631,1136.759932,1124.711163,1112.662393,1100.613624,1088.564854,1076.516085,1054.487753,1022.479858,990.471964,958.464069,926.456175,894.448281,862.780594,831.453117,800.125639,768.798161,737.470683,706.143206,665.635644,615.948000,566.260356,516.572711,466.885067,417.197422,367.423726,317.563979,267.704232,217.844485,167.984738,118.124990,85.428857,69.896338,54.363818,38.831299,23.298779,7.766260,0.000000,0.000000,0.000000,0.000000,0.000000,0.000000,0.000000,0.000000,0.000000,0.000000,0.000000,0.000000,0.000000,0.000000,0.000000,0.000000,0.000000,0.000000,0.000000,0.000000,0.000000,0.000000,0.000000,0.000000,0.000000,0.000000,0.000000,0.000000,0.000000,0.000000,0.000000,0.000000,0.000000,0.000000,0.000000,0.000000
0.000000,0.000000,0.000000,0.000000,0.000000,0.000000,0.000000,0.000000,0.000000,0.000000,0.000000,0.000000,0.000000,0.000000,0.000000,0.000000,0.000000,0.000000,0.000000,0.000000,0.000000,0.000000,0.000000,0.000000,0.000000,0.000000,0.000000,0.000000,0.000000,0.000000,0.000000,0.000000,0.000000,0.000000,0.000000,0.000000,7.911151,23.733454,39.555757,55.378060,71.200362,87.022665,122.492040,177.608487,232.724935,287.841382,342.957829,398.074276,449.257579,496.507738,543.757896,591.008054,638.258213,685.508371,728.498321,767.228062,805.957804,844.687546,883.417287,922.147029,960.491458,998.450575,1036.409692,1074.368808,1112.327925,1150.287042,1174.342618,1184.494654,1194.646690,1204.798726,1214.950762,1225.102799,1212.552143,1177.298796,1142.045449,1106.792101,1071.538754,1036.285407,996.580308,952.423458,908.266608,864.109758,819.952908,775.796058,739.262804,710.353146,681.443488,652.533829,623.624171,594.714513,553.966279,501.379471,448.792663,396.205854,343.619046,291.032238,246.936600,211.332133,175.727667,140.123200,104.518733,68.914267,46.852697,38.334025,29.815353,21.296681,12.778008,4.259336,0.000000,0.000000,0.000000,0.000000,0.000000,0.000000,0.000000,0.000000,0.000000,0.000000,0.000000,0.000000,0.000000,0.000000,0.000000,0.000000,0.000000,0.000000,0.000000,0.000000,0.000000,0.000000,0.000000,0.000000,0.000000,0.000000,0.000000,0.000000,0.000000,0.000000,0.000000,0.000000,0.000000,0.000000,0.000000,0.000000
0.000000,0.000000,0.000000,0.000000,0.000000,0.000000,0.000000,0.000000,0.000000,0.000000,0.000000,0.000000,0.000000,0.000000,0.000000,0.000000,0.000000,0.000000,0.000000,0.000000,0.000000,0.000000,0.000000,0.000000,0.000000,0.000000,0.000000,0.000000,0.000000,0.000000,0.000000,0.000000,0.000000,0.000000,0.000000,0.000000,7.204029,21.612088,36.020146,50.428204,64.836263,79.244321,108.378815,152.239746,196.100676,239.961607,283.822538,327.683468,378.240836,435.494642,492.748447,550.002253,607.256058,664.509864,709.272194,741.543050,773.813906,806.084761,838.355617,870.626472,896.439818,915.795654,935.151490,954.507326,973.863163,993.218999,1016.089800,1042.475567,1068.861333,1095.247100,1121.632867,1148.018633,1157.567339,1150.278983,1142.990628,1135.702272,1128.413917,1121.125561,1099.013118,1062.076587,1025.140057,988.203526,951.266996,914.330465,872.366151,825.374054,778.381957,731.389860,684.397763,637.405665,590.320399,543.141962,495.963526,448.785090,401.606654,354.428218,310.346443,269.361329,228.376215,187.391101,146.405988,105.420874,77.850957,63.696238,49.541518,35.386799,21.232079,7.077360,0.000000,0.000000,0.000000,0.000000,0.000000,0.000000,0.000000,0.000000,0.000000,0.000000,0.000000,0.000000,0.000000,0.000000,0.000000,0.000000,0.000000,0.000000,0.000000,0.000000,0.000000,0.000000,0.000000,0.000000,0.000000,0.000000,0.000000,0.000000,0.000000,0.000000,0.000000,0.000000,0.000000,0.000000,0.000000,0.000000
0.000000,0.000000,0.000000,0.000000,0.000000,0.000000,0.000000,0.000000,0.000000,0.000000,0.000000,0.000000,0.000000,0.000000,0.000000,0.000000,0.000000,0.000000,0.000000,0.000000,0.000000,0.000000,0.000000,0.000000,0.000000,0.000000,0.000000,0.000000,0.000000,0.000000,0.000000,0.000000,0.000000,0.000000,0.000000,0.000000,8.195483,24.586450,40.977417,57.368383,73.759350,90.150317,120.877628,165.941283,211.004939,256.068594,301.132250,346.195906,398.565799,458.241929,517.918060,577.594190,637.270321,696.946451,750.536968,798.041871,845.546774,893.051676,940.556579,988.061482,1021.204746,1039.986371,1058.767996,1077.549621,1096.331246,1115.112871,1128.194146,1135.575071,1142.955996,1150.336921,1157.717846,1165.098771,1161.898544,1148.117167,1134.335789,1120.554411,1106.773033,1092.991656,1081.268526,1071.603646,1061.938765,1052.273885,1042.609004,1032.944124,1011.894043,979.458763,947.023482,914.588201,882.152921,849.717640,804.115821,745.347463,686.579104,627.810746,569.042388,510.274029,451.185846,391.777838,332.369829,272.961821,213.553812,154.145804,114.071650,93.331350,72.591050,51.850750,31.110450,10.370150,0.000000,0.000000,0.000000,0.000000,0.000000,0.000000,0.000000,0.000000,0.000000,0.000000,0.000000,0.000000,0.000000,0.000000,0.000000,0.000000,0.000000,0.000000,0.000000,0.000000,0.000000,0.000000,0.000000,0.000000,0.000000,0.000000,0.000000,0.000000,0.000000,0.000000,0.000000,0.000000,0.000000,0.000000,0.000000,0.000000
0.000000,0.000000,0.000000,0.000000,0.000000,0.000000,0.000000,0.000000,0.000000,0.000000,0.000000,0.000000,0.000000,0.000000,0.000000,0.000000,0.000000,0.000000,0.000000,0.000000,0.000000,0.000000,0.000000,0.000000,0.000000,0.000000,0.000000,0.000000,0.000000,0.000000,0.000000,0.000000,0.000000,0.000000,0.000000,0.000000,7.450503,22.351508,37.252514,52.153519,67.054525,81.955531,113.678240,162.222654,210.767068,259.311482,307.855896,356.400310,403.417194,448.906550,494.395906,539.885261,585.374617,630.863972,665.822356,690.249767,714.677178,739.104589,763.532000,787.959411,808.505856,825.171333,841.836811,858.502289,875.167767,891.833244,912.093451,935.948387,959.803324,983.658260,1007.513196,1031.368132,1058.197156,1088.000267,1117.803378,1147.606489,1177.409600,1207.212711,1212.999643,1194.770396,1176.541149,1158.311901,1140.082654,1121.853407,1089.468885,1042.929087,996.389290,949.849493,903.309696,856.769899,803.014149,742.042446,681.070743,620.099040,559.127337,498.155635,438.228693,379.346513,320.464332,261.582151,202.699971,143.817790,104.845308,85.782525,66.719742,47.656958,28.594175,9.531392,0.000000,0.000000,0.000000,0.000000,0.000000,0.000000,0.000000,0.000000,0.000000,0.000000,0.000000,0.000000,0.000000,0.000000,0.000000,0.000000,0.000000,0.000000,0.000000,0.000000,0.000000,0.000000,0.000000,0.000000,0.000000,0.000000,0.000000,0.000000,0.000000,0.000000,0.000000,0.000000,0.000000,0.000000,0.000000,0.000000
0.000000,0.000000,0.000000,0.000000,0.000000,0.000000,0.000000,0.000000,0.000000,0.000000,0.000000,0.000000,0.000000,0.000000,0.000000,0.000000,0.000000,0.000000,0.000000,0.000000,0.000000,0.000000,0.000000,0.000000,0.000000,0.000000,0.000000,0.000000,0.000000,0.000000,0.000000,0.000000,0.000000,0.000000,0.000000,0.000000,9.095292,27.285875,45.476458,63.667042,81.857625,100.048208,138.323065,196.682196,255.041326,313.400457,371.759587,430.118718,487.747965,544.647329,601.546693,658.446057,715.345421,772.244785,813.833340,840.111087,866.388835,892.666582,918.944329,945.222076,961.258154,967.052563,972.846971,978.641379,984.435787,990.230196,994.974835,998.669704,1002.364574,1006.059443,1009.754313,1013.449182,1020.603511,1031.217300,1041.831089,1052.444878,1063.058667,1073.672456,1059.381353,1020.185358,980.989364,941.793369,902.597375,863.401381,829.166951,799.894087,770.621224,741.348360,712.075496,682.802632,641.534349,588.270646,535.006943,481.743240,428.479538,375.215835,327.596993,285.623013,243.649032,201.675051,159.701071,117.727090,88.678425,72.555075,56.431725,40.308375,24.185025,8.061675,0.000000,0.000000,0.000000,0.000000,0.000000,0.000000,0.000000,0.000000,0.000000,0.000000,0.000000,0.000000,0.000000,0.000000,0.000000,0.000000,0.000000,0.000000,0.000000,0.000000,0.000000,0.000000,0.000000,0.000000,0.000000,0.000000,0.000000,0.000000,0.000000,0.000000,0.000000,0.000000,0.000000,0.000000,0.000000,0.000000
0.000000,0.000000,0.000000,0.000000,0.000000,0.000000,0.000000,0.000000,0.000000,0.000000,0.000000,0.000000,0.000000,0.000000,0.000000,0.000000,0.000000,0.000000,0.000000,0.000000,0.000000,0.000000,0.000000,0.000000,0.000000,0.000000,0.000000,0.000000,0.000000,0.000000,0.000000,0.000000,0.000000,0.000000,0.000000,0.000000,8.488031,25.464092,42.440153,59.416214,76.392275,93.368336,126.599186,176.084825,225.570464,275.056103,324.541742,374.027381,423.302419,472.366858,521.431297,570.495736,619.560175,668.624614,709.520619,742.248192,774.975764,807.703336,840.430908,873.158481,893.859371,902.533579,911.207787,919.881996,928.556204,937.230412,950.724956,969.039833,987.354711,1005.669589,1023.984467,1042.299344,1048.396475,1042.275858,1036.155242,1030.034625,1023.914008,1017.793392,1004.060339,982.714850,961.369361,940.023872,918.678383,897.332894,861.589833,811.449200,761.308567,711.167933,661.027300,610.886667,566.685499,528.423796,490.162093,451.900390,413.638688,375.376985,333.303478,287.418167,241.532856,195.647544,149.762233,103.876922,74.189744,60.700700,47.211656,33.722611,20.233567,6.744522,0.000000,0.000000,0.000000,0.000000,0.000000,0.000000,0.000000,0.000000,0.000000,0.000000,0.000000,0.000000,0.000000,0.000000,0.000000,0.000000,0.000000,0.000000,0.000000,0.000000,0.000000,0.000000,0.000000,0.000000,0.000000,0.000000,0.000000,0.000000,0.000000,0.000000,0.000000,0.000000,0.000000,0.000000,0.000000,0.000000
0.000000,0.000000,0.000000,0.000000,0.000000,0.000000,0.000000,0.000000,0.000000,0.000000,0.000000,0.000000,0.000000,0.000000,0.000000,0.000000,0.000000,0.000000,0.000000,0.000000,0.000000,0.000000,0.000000,0.000000,0.000000,0.000000,0.000000,0.000000,0.000000,0.000000,0.000000,0.000000,0.000000,0.000000,0.000000,0.000000,9.778819,29.336458,48.894097,68.451736,88.009375,107.567014,143.476003,195.736342,247.996681,300.257019,352.517358,404.777697,449.998764,488.180558,526.362353,564.544147,602.725942,640.907736,681.864674,725.596754,769.328835,813.060915,856.792996,900.525076,919.654749,914.182013,908.709276,903.236540,897.763804,892.291068,891.312638,894.828512,898.344387,901.860262,905.376138,908.892012,903.599400,889.498300,875.397200,861.296100,847.195000,833.093900,837.736574,861.123021,884.509468,907.895915,931.282363,954.668810,944.792103,901.652242,858.512381,815.372519,772.232658,729.092797,688.092053,649.230425,610.368797,571.507169,532.645542,493.783914,442.840136,379.814208,316.788281,253.762353,190.736425,127.710497,88.181072,72.148150,56.115228,40.082306,24.049383,8.016461,0.000000,0.000000,0.000000,0.000000,0.000000,0.000000,0.000000,0.000000,0.000000,0.000000,0.000000,0.000000,0.000000,0.000000,0.000000,0.000000,0.000000,0.000000,0.000000,0.000000,0.000000,0.000000,0.000000,0.000000,0.000000,0.000000,0.000000,0.000000,0.000000,0.000000,0.000000,0.000000,0.000000,0.000000,0.000000,0.000000
0.000000,0.000000,0.000000,0.000000,0.000000,0.000000,0.000000,0.000000,0.000000,0.000000,0.000000,0.000000,0.000000,0.000000,0.000000,0.000000,0.000000,0.000000,0.000000,0.000000,0.000000,0.000000,0.000000,0.000000,0.000000,0.000000,0.000000,0.000000,0.000000,0.000000,0.000000,0.000000,0.000000,0.000000,0.000000,0.000000,11.105336,33.316008,55.526681,77.737353,99.948025,122.158697,159.403883,211.683583,263.963283,316.242983,368.522683,420.802383,469.216381,513.764675,558.312969,602.861264,647.409558,691.957853,736.629333,781.424000,826.218667,871.013333,915.808000,960.602667,994.829068,1018.487204,1042.145340,1065.803476,1089.461613,1113.119749,1145.271792,1185.917742,1226.563692,1267.209642,1307.855592,1348.501542,1354.590924,1326.123737,1297.656551,1269.189365,1240.722179,1212.254993,1191.016492,1177.006675,1162.996858,1148.987042,1134.977225,1120.967408,1090.590625,1043.846875,997.103125,950.359375,903.615625,856.871875,801.836907,738.510721,675.184535,611.858349,548.532163,485.205976,423.962821,364.802696,305.642571,246.482446,187.322321,128.162196,90.366956,73.936600,57.506244,41.075889,24.645533,8.215178,0.000000,0.000000,0.000000,0.000000,0.000000,0.000000,0.000000,0.000000,0.000000,0.000000,0.000000,0.000000,0.000000,0.000000,0.000000,0.000000,0.000000,0.000000,0.000000,0.000000,0.000000,0.000000,0.000000,0.000000,0.000000,0.000000,0.000000,0.000000,0.000000,0.000000,0.000000,0.000000,0.000000,0.000000,0.000000,0.000000
0.000000,0.000000,0.000000,0.000000,0.000000,0.000000,0.000000,0.000000,0.000000,0.000000,0.000000,0.000000,0.000000,0.000000,0.000000,0.000000,0.000000,0.000000,0.000000,0.000000,0.000000,0.000000,0.000000,0.000000,0.000000,0.000000,0.000000,0.000000,0.000000,0.000000,0.000000,0.000000,0.000000,0.000000,0.000000,0.000000,9.971192,29.913575,49.855958,69.798342,89.740725,109.683108,147.527058,203.272575,259.018092,314.763608,370.509125,426.254642,473.256958,511.516075,549.775192,588.034308,626.293425,664.552542,707.922865,756.404396,804.885926,853.367457,901.848988,950.330518,998.338821,1045.873896,1093.408971,1140.944046,1188.479121,1236.014196,1266.739478,1280.654967,1294.570456,1308.485944,1322.401433,1336.316922,1336.286693,1322.310746,1308.334799,1294.358851,1280.382904,1266.406957,1239.843417,1200.692283,1161.541150,1122.390017,1083.238883,1044.087750,996.363475,940.066058,883.768642,827.471225,771.173808,714.876392,670.590044,638.314767,606.039489,573.764211,541.488933,509.213656,464.217421,406.500229,348.783037,291.065846,233.348654,175.631462,134.541794,110.079650,85.617506,61.155361,36.693217,12.231072,0.000000,0.000000,0.000000,0.000000,0.000000,0.000000,0.000000,0.000000,0.000000,0.000000,0.000000,0.000000,0.000000,0.000000,0.000000,0.000000,0.000000,0.000000,0.000000,0.000000,0.000000,0.000000,0.000000,0.000000,0.000000,0.000000,0.000000,0.000000,0.000000,0.000000,0.000000,0.000000,0.000000,0.000000,0.000000,0.000000
0.000000,0.000000,0.000000,0.000000,0.000000,0.000000,0.000000,0.000000,0.000000,0.000000,0.000000,0.000000,0.000000,0.000000,0.000000,0.000000,0.000000,0.000000,0.000000,0.000000,0.000000,0.000000,0.000000,0.000000,0.000000,0.000000,0.000000,0.000000,0.000000,0.000000,0.000000,0.000000,0.000000,0.000000,0.000000,0.000000,11.779549,35.338646,58.897743,82.456840,106.015938,129.575035,165.195931,212.878625,260.561319,308.244014,355.926708,403.609403,454.795375,509.484625,564.173875,618.863125,673.552375,728.241625,769.280553,796.669158,824.057764,851.446369,878.834975,906.223581,922.134361,926.567317,931.000272,935.433228,939.866183,944.299139,960.569419,988.677025,1016.784631,1044.892236,1072.999842,1101.107447,1110.330150,1100.667950,1091.005750,1081.343550,1071.681350,1062.019150,1058.452082,1060.980146,1063.508210,1066.036274,1068.564337,1071.092401,1050.446089,1006.625400,962.804711,918.984022,875.163333,831.342644,786.612421,740.972662,695.332904,649.693146,604.053387,558.413629,502.967567,437.715200,372.462833,307.210467,241.958100,176.705733,132.072921,108.059663,84.046404,60.033146,36.019888,12.006629,0.000000,0.000000,0.000000,0.000000,0.000000,0.000000,0.000000,0.000000,0.000000,0.000000,0.000000,0.000000,0.000000,0.000000,0.000000,0.000000,0.000000,0.000000,0.000000,0.000000,0.000000,0.000000,0.000000,0.000000,0.000000,0.000000,0.000000,0.000000,0.000000,0.000000,0.000000,0.000000,0.000000,0.000000,0.000000,0.000000
0.000000,0.000000,0.000000,0.000000,0.000000,0.000000,0.000000,0.000000,0.000000,0.000000,0.000000,0.000000,0.000000,0.000000,0.000000,0.000000,0.000000,0.000000,0.000000,0.000000,0.000000,0.000000,0.000000,0.000000,0.000000,0.000000,0.000000,0.000000,0.000000,0.000000,0.000000,0.000000,0.000000,0.000000,0.000000,0.000000,11.945437,35.836312,59.727188,83.618062,107.508938,131.399813,167.046376,214.448629,261.850882,309.253135,356.655387,404.057640,449.219679,492.141504,535.063329,577.985154,620.906979,663.828804,697.208171,721.045079,744.881987,768.718896,792.555804,816.392713,843.760342,874.658692,905.557042,936.455392,967.353742,998.252092,1025.037812,1047.710904,1070.383996,1093.057088,1115.730179,1138.403271,1158.113551,1174.861021,1191.608490,1208.355960,1225.103429,1241.850899,1238.869456,1216.159100,1193.448744,1170.738389,1148.028033,1125.317678,1093.984128,1054.027383,1014.070639,974.113894,934.157150,894.200406,844.994326,786.538913,728.083499,669.628085,611.172671,552.717257,493.055907,432.188621,371.321335,310.454049,249.586762,188.719476,145.095347,118.714375,92.333403,65.952431,39.571458,13.190486,0.000000,0.000000,0.000000,0.000000,0.000000,0.000000,0.000000,0.000000,0.000000,0.000000,0.000000,0.000000,0.000000,0.000000,0.000000,0.000000,0.000000,0.000000,0.000000,0.000000,0.000000,0.000000,0.000000,0.000000,0.000000,0.000000,0.000000,0.000000,0.000000,0.000000,0.000000,0.000000,0.000000,0.000000,0.000000,0.000000
0.000000,0.000000,0.000000,0.000000,0.000000,0.000000,0.000000,0.000000,0.000000,0.000000,0.000000,0.000000,0.000000,0.000000,0.000000,0.000000,0.000000,0.000000,0.000000,0.000000,0.000000,0.000000,0.000000,0.000000,0.000000,0.000000,0.000000,0.000000,0.000000,0.000000,0.000000,0.000000,0.000000,0.000000,0.000000,0.000000,13.275350,39.826050,66.376750,92.927450,119.478150,146.028850,184.492903,234.870308,285.247714,335.625119,386.002525,436.379931,484.827269,531.344542,577.861814,624.379086,670.896358,717.413631,760.836033,801.163567,841.491100,881.818633,922.146167,962.473700,988.355728,999.792250,1011.228772,1022.665294,1034.101817,1045.538339,1059.567271,1076.188613,1092.809954,1109.431296,1126.052637,1142.673979,1152.877743,1156.663929,1160.450115,1164.236301,1168.022488,1171.808674,1155.019726,1117.655646,1080.291565,1042.927485,1005.563404,968.199324,919.777789,860.298800,800.819811,741.340822,681.861833,622.382844,582.734293,562.916179,543.098065,523.279951,503.461838,483.643724,445.132808,387.929092,330.725375,273.521658,216.317942,159.114225,119.636336,97.884275,76.132214,54.380153,32.628092,10.876031,0.000000,0.000000,0.000000,0.000000,0.000000,0.000000,0.000000,0.000000,0.000000,0.000000,0.000000,0.000000,0.000000,0.000000,0.000000,0.000000,0.000000,0.000000,0.000000,0.000000,0.000000,0.000000,0.000000,0.000000,0.000000,0.000000,0.000000,0.000000,0.000000,0.000000,0.000000,0.000000,0.000000,0.000000,0.000000,0.000000
0.000000,0.000000,0.000000,0.000000,0.000000,0.000000,0.000000,0.000000,0.000000,0.000000,0.000000,0.000000,0.000000,0.000000,0.000000,0.000000,0.000000,0.000000,0.000000,0.000000,0.000000,0.000000,0.000000,0.000000,0.000000,0.000000,0.000000,0.000000,0.000000,0.000000,0.000000,0.000000,0.000000,0.000000,0.000000,0.000000,11.687349,35.062046,58.436743,81.811440,105.186138,128.560835,165.001640,214.508554,264.015468,313.522382,363.029296,412.536210,471.703499,540.531163,609.358826,678.186490,747.014154,815.841818,861.725143,884.664129,907.603115,930.542101,953.481087,976.420074,1006.672189,1044.237433,1081.802678,1119.367922,1156.933167,1194.498411,1204.861415,1188.022179,1171.182943,1154.343707,1137.504471,1120.665235,1106.427179,1094.790304,1083.153429,1071.516554,1059.879679,1048.242804,1032.829621,1013.640129,994.450638,975.261146,956.071654,936.882163,908.558212,871.099804,833.641396,796.182987,758.724579,721.266171,679.391896,633.101754,586.811613,540.521471,494.231329,447.941188,403.911146,362.141204,320.371262,278.601321,236.831379,195.061437,159.661761,130.632350,101.602939,72.573528,43.544117,14.514706,0.000000,0.000000,0.000000,0.000000,0.000000,0.000000,0.000000,0.000000,0.000000,0.000000,0.000000,0.000000,0.000000,0.000000,0.000000,0.000000,0.000000,0.000000,0.000000,0.000000,0.000000,0.000000,0.000000,0.000000,0.000000,0.000000,0.000000,0.000000,0.000000,0.000000,0.000000,0.000000,0.000000,0.000000,0.000000,0.000000
0.000000,0.000000,0.000000,0.000000,0.000000,0.000000,0.000000,0.000000,0.000000,0.000000,0.000000,0.000000,0.000000,0.000000,0.000000,0.000000,0.000000,0.000000,0.000000,0.000000,0.000000,0.000000,0.000000,0.000000,0.000000,0.000000,0.000000,0.000000,0.000000,0.000000,0.000000,0.000000,0.000000,0.000000,0.000000,0.000000,11.879086,35.637258,59.395431,83.153603,106.911775,130.669947,165.274517,210.725483,256.176450,301.627417,347.078383,392.529350,446.002721,507.498496,568.994271,630.490046,691.985821,753.481596,799.839107,831.058354,862.277601,893.496849,924.716096,955.935343,1000.764657,1059.204037,1117.643418,1176.082799,1234.522179,1292.961560,1324.869642,1330.246425,1335.623208,1340.999992,1346.376775,1351.753558,1353.640551,1352.037754,1350.434957,1348.832160,1347.229362,1345.626565,1325.586611,1287.109500,1248.632389,1210.155278,1171.678167,1133.201056,1075.792340,999.452021,923.111701,846.771382,770.431062,694.090743,628.907317,574.880783,520.854250,466.827717,412.801183,358.774650,313.832692,277.975308,242.117925,206.260542,170.403158,134.545775,106.898993,87.462812,68.026632,48.590451,29.154271,9.718090,0.000000,0.000000,0.000000,0.000000,0.000000,0.000000,0.000000,0.000000,0.000000,0.000000,0.000000,0.000000,0.000000,0.000000,0.000000,0.000000,0.000000,0.000000,0.000000,0.000000,0.000000,0.000000,0.000000,0.000000,0.000000,0.000000,0.000000,0.000000,0.000000,0.000000,0.000000,0.000000,0.000000,0.000000,0.000000,0.000000
0.000000,0.000000,0.000000,0.000000,0.000000,0.000000,0.000000,0.000000,0.000000,0.000000,0.000000,0.000000,0.000000,0.000000,0.000000,0.000000,0.000000,0.000000,0.000000,0.000000,0.000000,0.000000,0.000000,0.000000,0.000000,0.000000,0.000000,0.000000,0.000000,0.000000,0.000000,0.000000,0.000000,0.000000,0.000000,0.000000,13.040506,39.121517,65.202528,91.283539,117.364550,143.445561,177.235203,218.733475,260.231747,301.730019,343.228292,384.726564,433.311829,488.984088,544.656346,600.328604,656.000863,711.673121,760.709440,803.109821,845.510201,887.910582,930.310963,972.711343,1005.912342,1029.913958,1053.915575,1077.917192,1101.918808,1125.920425,1137.317454,1136.109896,1134.902337,1133.694779,1132.487221,1131.279662,1136.197638,1147.241146,1158.284654,1169.328163,1180.371671,1191.415179,1179.249756,1143.875400,1108.501044,1073.126689,1037.752333,1002.377978,962.989535,919.587004,876.184474,832.781943,789.379412,745.976882,704.410690,664.680837,624.950985,585.221132,545.491279,505.761426,459.139244,405.624733,352.110222,298.595711,245.081200,191.566689,151.075314,123.607075,96.138836,68.670597,41.202358,13.734119,0.000000,0.000000,0.000000,0.000000,0.000000,0.000000,0.000000,0.000000,0.000000,0.000000,0.000000,0.000000,0.000000,0.000000,0.000000,0.000000,0.000000,0.000000,0.000000,0.000000,0.000000,0.000000,0.000000,0.000000,0.000000,0.000000,0.000000,0.000000,0.000000,0.000000,0.000000,0.000000,0.000000,0.000000,0.000000,0.000000
0.000000,0.000000,0.000000,0.000000,0.000000,0.000000,0.000000,0.000000,0.000000,0.000000,0.000000,0.000000,0.000000,0.000000,0.000000,0.000000,0.000000,0.000000,0.000000,0.000000,0.000000,0.000000,0.000000,0.000000,0.000000,0.000000,0.000000,0.000000,0.000000,0.000000,0.000000,0.000000,0.000000,0.000000,0.000000,0.000000,14.350097,43.050292,71.750486,100.450681,129.150875,157.851069,200.370990,256.710638,313.050285,369.389932,425.729579,482.069226,541.518751,604.078154,666.637557,729.196960,791.756362,854.315765,908.876053,955.437225,1001.998397,1048.559569,1095.120742,1141.681914,1173.018619,1189.130858,1205.243097,1221.355336,1237.467575,1253.579814,1265.403369,1272.938242,1280.473114,1288.007986,1295.542858,1303.077731,1312.241837,1323.035179,1333.828521,1344.621862,1355.415204,1366.208546,1343.782412,1288.136804,1232.491196,1176.845587,1121.199979,1065.554371,1022.906012,993.254904,963.603796,933.952687,904.301579,874.650471,830.066839,770.550683,711.034528,651.518372,592.002217,532.486061,475.699568,421.642738,367.585907,313.529076,259.472246,205.415415,163.521417,133.790250,104.059083,74.327917,44.596750,14.865583,0.000000,0.000000,0.000000,0.000000,0.000000,0.000000,0.000000,0.000000,0.000000,0.000000,0.000000,0.000000,0.000000,0.000000,0.000000,0.000000,0.000000,0.000000,0.000000,0.000000,0.000000,0.000000,0.000000,0.000000,0.000000,0.000000,0.000000,0.000000,0.000000,0.000000,0.000000,0.000000,0.000000,0.000000,0.000000,0.000000
0.000000,0.000000,0.000000,0.000000,0.000000,0.000000,0.000000,0.000000,0.000000,0.000000,0.000000,0.000000,0.000000,0.000000,0.000000,0.000000,0.000000,0.000000,0.000000,0.000000,0.000000,0.000000,0.000000,0.000000,0.000000,0.000000,0.000000,0.000000,0.000000,0.000000,0.000000,0.000000,0.000000,0.000000,0.000000,0.000000,12.444460,37.333379,62.222299,87.111218,112.000137,136.889057,175.564114,228.025308,280.486503,332.947697,385.408892,437.870086,491.646839,546.739150,601.831461,656.923772,712.016083,767.108394,814.163960,853.182779,892.201599,931.220418,970.239237,1009.258057,1048.244265,1087.197862,1126.151460,1165.105057,1204.058654,1243.012251,1268.073514,1279.242442,1290.411369,1301.580297,1312.749225,1323.918153,1329.534690,1329.598837,1329.662985,1329.727132,1329.791279,1329.855426,1311.893750,1275.906250,1239.918750,1203.931250,1167.943750,1131.956250,1092.442769,1049.403308,1006.363847,963.324386,920.284925,877.245464,828.259047,773.325675,718.392303,663.458931,608.525558,553.592186,497.090465,439.020396,380.950326,322.880257,264.810188,206.740118,162.896326,133.278812,103.661299,74.043785,44.426271,14.808757,0.000000,0.000000,0.000000,0.000000,0.000000,0.000000,0.000000,0.000000,0.000000,0.000000,0.000000,0.000000,0.000000,0.000000,0.000000,0.000000,0.000000,0.000000,0.000000,0.000000,0.000000,0.000000,0.000000,0.000000,0.000000,0.000000,0.000000,0.000000,0.000000,0.000000,0.000000,0.000000,0.000000,0.000000,0.000000,0.000000
0.000000,0.000000,0.000000,0.000000,0.000000,0.000000,0.000000,0.000000,0.000000,0.000000,0.000000,0.000000,0.000000,0.000000,0.000000,0.000000,0.000000,0.000000,0.000000,0.000000,0.000000,0.000000,0.000000,0.000000,0.000000,0.000000,0.000000,0.000000,0.000000,0.000000,0.000000,0.000000,0.000000,0.000000,0.000000,0.000000,15.033057,45.099171,75.165285,105.231399,135.297513,165.363626,209.184429,266.759921,324.335413,381.910904,439.486396,497.061888,553.283188,608.150296,663.017404,717.884513,772.751621,827.618729,881.229697,933.584525,985.939353,1038.294181,1090.649008,1143.003836,1168.046367,1165.776600,1163.506833,1161.237067,1158.967300,1156.697533,1166.425322,1188.150667,1209.876011,1231.601356,1253.326700,1275.052044,1283.956697,1280.040658,1276.124619,1272.208581,1268.292542,1264.376503,1241.139057,1198.580204,1156.021351,1113.462499,1070.903646,1028.344793,991.901840,961.574788,931.247735,900.920682,870.593629,840.266576,800.478547,751.229542,701.980536,652.731531,603.482525,554.233519,496.054547,428.945608,361.836669,294.727731,227.618792,160.509853,116.375768,95.216538,74.057307,52.898076,31.738846,10.579615,0.000000,0.000000,0.000000,0.000000,0.000000,0.000000,0.000000,0.000000,0.000000,0.000000,0.000000,0.000000,0.000000,0.000000,0.000000,0.000000,0.000000,0.000000,0.000000,0.000000,0.000000,0.000000,0.000000,0.000000,0.000000,0.000000,0.000000,0.000000,0.000000,0.000000,0.000000,0.000000,0.000000,0.000000,0.000000,0.000000
0.000000,0.000000,0.000000,0.000000,0.000000,0.000000,0.000000,0.000000,0.000000,0.000000,0.000000,0.000000,0.000000,0.000000,0.000000,0.000000,0.000000,0.000000,0.000000,0.000000,0.000000,0.000000,0.000000,0.000000,0.000000,0.000000,0.000000,0.000000,0.000000,0.000000,0.000000,0.000000,0.000000,0.000000,0.000000,0.000000,12.633729,37.901187,63.168646,88.436104,113.703563,138.971021,175.930322,224.581467,273.232611,321.883756,370.534900,419.186044,461.611071,497.809979,534.008887,570.207796,606.406704,642.605612,676.949736,709.439075,741.928414,774.417753,806.907092,839.396431,861.075082,871.943046,882.811010,893.678974,904.546938,915.414901,938.017781,972.355575,1006.693369,1041.031164,1075.368958,1109.706753,1108.810746,1072.680938,1036.551129,1000.421321,964.291512,928.161704,902.753567,888.067100,873.380633,858.694167,844.007700,829.321233,812.848971,794.590913,776.332854,758.074796,739.816737,721.558679,686.490761,634.612983,582.735206,530.857428,478.979650,427.101872,380.266846,338.474571,296.682296,254.890021,213.097746,171.305471,137.875222,112.807000,87.738778,62.670556,37.602333,12.534111,0.000000,0.000000,0.000000,0.000000,0.000000,0.000000,0.000000,0.000000,0.000000,0.000000,0.000000,0.000000,0.000000,0.000000,0.000000,0.000000,0.000000,0.000000,0.000000,0.000000,0.000000,0.000000,0.000000,0.000000,0.000000,0.000000,0.000000,0.000000,0.000000,0.000000,0.000000,0.000000,0.000000,0.000000,0.000000,0.000000
0.000000,0.000000,0.000000,0.000000,0.000000,0.000000,0.000000,0.000000,0.000000,0.000000,0.000000,0.000000,0.000000,0.000000,0.000000,0.000000,0.000000,0.000000,0.000000,0.000000,0.000000,0.000000,0.000000,0.000000,0.000000,0.000000,0.000000,0.000000,0.000000,0.000000,0.000000,0.000000,0.000000,0.000000,0.000000,0.000000,15.279961,45.839883,76.399806,106.959728,137.519650,168.079572,211.776976,268.611862,325.446749,382.281635,439.116521,495.951407,546.927442,592.044625,637.161808,682.278992,727.396175,772.513358,813.959476,851.734529,889.509582,927.284635,965.059687,1002.834740,1033.333068,1056.554671,1079.776274,1102.997876,1126.219479,1149.441082,1152.184554,1134.449896,1116.715238,1098.980579,1081.245921,1063.511262,1039.947594,1010.554917,981.162239,951.769561,922.376883,892.984206,871.189986,856.994225,842.798464,828.602703,814.406942,800.211181,776.579018,743.510454,710.441890,677.373326,644.304763,611.236199,577.330750,542.588417,507.846083,473.103750,438.361417,403.619083,364.892608,322.181992,279.471375,236.760758,194.050142,151.339525,119.152199,97.488163,75.824126,54.160090,32.496054,10.832018,0.000000,0.000000,0.000000,0.000000,0.000000,0.000000,0.000000,0.000000,0.000000,0.000000,0.000000,0.000000,0.000000,0.000000,0.000000,0.000000,0.000000,0.000000,0.000000,0.000000,0.000000,0.000000,0.000000,0.000000,0.000000,0.000000,0.000000,0.000000,0.000000,0.000000,0.000000,0.000000,0.000000,0.000000,0.000000,0.000000
0.000000,0.000000,0.000000,0.000000,0.000000,0.000000,0.000000,0.000000,0.000000,0.000000,0.000000,0.000000,0.000000,0.000000,0.000000,0.000000,0.000000,0.000000,0.000000,0.000000,0.000000,0.000000,0.000000,0.000000,0.000000,0.000000,0.000000,0.000000,0.000000,0.000000,0.000000,0.000000,0.000000,0.000000,0.000000,0.000000,14.393503,43.180508,71.967514,100.754519,129.541525,158.328531,195.253715,240.317079,285.380443,330.443807,375.507171,420.570535,460.961596,496.680354,532.399112,568.117871,603.836629,639.555387,671.958889,701.047133,730.135378,759.223622,788.311867,817.400111,839.617638,854.964446,870.311254,885.658063,901.004871,916.351679,924.981960,926.895713,928.809465,930.723218,932.636971,934.550724,934.104174,931.297321,928.490468,925.683615,922.876763,920.069910,914.192417,905.244283,896.296150,887.348017,878.399883,869.451750,845.513367,806.584733,767.656100,728.727467,689.798833,650.870200,622.056651,603.358187,584.659724,565.961260,547.262796,528.564332,493.530044,442.159933,390.789822,339.419711,288.049600,236.679489,193.411564,158.245825,123.080086,87.914347,52.748608,17.582869,0.000000,0.000000,0.000000,0.000000,0.000000,0.000000,0.000000,0.000000,0.000000,0.000000,0.000000,0.000000,0.000000,0.000000,0.000000,0.000000,0.000000,0.000000,0.000000,0.000000,0.000000,0.000000,0.000000,0.000000,0.000000,0.000000,0.000000,0.000000,0.000000,0.000000,0.000000,0.000000,0.000000,0.000000,0.000000,0.000000
0.000000,0.000000,0.000000,0.000000,0.000000,0.000000,0.000000,0.000000,0.000000,0.000000,0.000000,0.000000,0.000000,0.000000,0.000000,0.000000,0.000000,0.000000,0.000000,0.000000,0.000000,0.000000,0.000000,0.000000,0.000000,0.000000,0.000000,0.000000,0.000000,0.000000,0.000000,0.000000,0.000000,0.000000,0.000000,0.000000,15.532028,46.596083,77.660139,108.724194,139.788250,170.852306,205.622662,244.099321,282.575979,321.052637,359.529296,398.005954,445.747940,502.755254,559.762568,616.769882,673.777196,730.784510,780.498265,822.918463,865.338660,907.758857,950.179054,992.599251,1025.529496,1048.969787,1072.410079,1095.850371,1119.290663,1142.730954,1163.767258,1182.399575,1201.031892,1219.664208,1238.296525,1256.928842,1264.001064,1259.513192,1255.025319,1250.537447,1246.049575,1241.561703,1229.035417,1208.470717,1187.906017,1167.341317,1146.776617,1126.211917,1096.510419,1057.672125,1018.833831,979.995536,941.157242,902.318947,843.858731,765.776592,687.694453,609.612314,531.530175,453.448036,392.611461,349.020450,305.429439,261.838428,218.247417,174.656406,140.122492,114.645675,89.168858,63.692042,38.215225,12.738408,0.000000,0.000000,0.000000,0.000000,0.000000,0.000000,0.000000,0.000000,0.000000,0.000000,0.000000,0.000000,0.000000,0.000000,0.000000,0.000000,0.000000,0.000000,0.000000,0.000000,0.000000,0.000000,0.000000,0.000000,0.000000,0.000000,0.000000,0.000000,0.000000,0.000000,0.000000,0.000000,0.000000,0.000000,0.000000,0.000000
0.000000,0.000000,0.000000,0.000000,0.000000,0.000000,0.000000,0.000000,0.000000,0.000000,0.000000,0.000000,0.000000,0.000000,0.000000,0.000000,0.000000,0.000000,0.000000,0.000000,0.000000,0.000000,0.000000,0.000000,0.000000,0.000000,0.000000,0.000000,0.000000,0.000000,0.000000,0.000000,0.000000,0.000000,0.000000,0.000000,15.736467,47.209400,78.682333,110.155267,141.628200,173.101133,214.535937,265.932613,317.329288,368.725962,420.122637,471.519313,521.138592,568.980475,616.822358,664.664242,712.506125,760.348008,800.385400,832.618300,864.851200,897.084100,929.317000,961.549900,992.463749,1022.058546,1051.653343,1081.248140,1110.842937,1140.437735,1152.623850,1147.401283,1142.178717,1136.956150,1131.733583,1126.511017,1109.997571,1082.193246,1054.388921,1026.584596,998.780271,970.975946,948.184087,930.404696,912.625304,894.845912,877.066521,859.287129,845.655300,836.171033,826.686767,817.202500,807.718233,798.233967,767.391431,715.190625,662.989819,610.789014,558.588208,506.387403,457.387478,411.588433,365.789389,319.990344,274.191300,228.392256,188.368339,154.119550,119.870761,85.621972,51.373183,17.124394,0.000000,0.000000,0.000000,0.000000,0.000000,0.000000,0.000000,0.000000,0.000000,0.000000,0.000000,0.000000,0.000000,0.000000,0.000000,0.000000,0.000000,0.000000,0.000000,0.000000,0.000000,0.000000,0.000000,0.000000,0.000000,0.000000,0.000000,0.000000,0.000000,0.000000,0.000000,0.000000,0.000000,0.000000,0.000000,0.000000
0.000000,0.000000,0.000000,0.000000,0.000000,0.000000,0.000000,0.000000,0.000000,0.000000,0.000000,0.000000,0.000000,0.000000,0.000000,0.000000,0.000000,0.000000,0.000000,0.000000,0.000000,0.000000,0.000000,0.000000,0.000000,0.000000,0.000000,0.000000,0.000000,0.000000,0.000000,0.000000,0.000000,0.000000,0.000000,0.000000,16.808425,50.425275,84.042125,117.658975,151.275825,184.892675,228.966537,283.497412,338.028288,392.559162,447.090037,501.620913,556.962865,613.115896,669.268926,725.421957,781.574988,837.728018,887.674910,931.415662,975.156415,1018.897168,1062.637921,1106.378674,1140.513436,1165.042208,1189.570981,1214.099753,1238.628525,1263.157297,1270.254546,1259.920271,1249.585996,1239.251721,1228.917446,1218.583171,1215.883506,1220.818450,1225.753394,1230.688339,1235.623283,1240.558228,1220.829171,1176.436113,1132.043054,1087.649996,1043.256938,998.863879,952.633319,904.565258,856.497197,808.429136,760.361075,712.293014,669.606856,632.302600,594.998344,557.694089,520.389833,483.085578,441.832613,396.630938,351.429262,306.227588,261.025913,215.824237,177.121450,144.917550,112.713650,80.509750,48.305850,16.101950,0.000000,0.000000,0.000000,0.000000,0.000000,0.000000,0.000000,0.000000,0.000000,0.000000,0.000000,0.000000,0.000000,0.000000,0.000000,0.000000,0.000000,0.000000,0.000000,0.000000,0.000000,0.000000,0.000000,0.000000,0.000000,0.000000,0.000000,0.000000,0.000000,0.000000,0.000000,0.000000,0.000000,0.000000,0.000000,0.000000
0.000000,0.000000,0.000000,0.000000,0.000000,0.000000,0.000000,0.000000,0.000000,0.000000,0.000000,0.000000,0.000000,0.000000,0.000000,0.000000,0.000000,0.000000,0.000000,0.000000,0.000000,0.000000,0.000000,0.000000,0.000000,0.000000,0.000000,0.000000,0.000000,0.000000,0.000000,0.000000,0.000000,0.000000,0.000000,0.000000,15.192986,45.578958,75.964931,106.350903,136.736875,167.122847,209.722943,264.537163,319.351382,374.165601,428.979821,483.794040,533.609226,578.425379,623.241532,668.057685,712.873837,757.689990,804.617250,853.655617,902.693983,951.732350,1000.770717,1049.809083,1082.253083,1098.102717,1113.952350,1129.801983,1145.651617,1161.501250,1173.425629,1181.424754,1189.423879,1197.423004,1205.422129,1213.421254,1197.233176,1156.857896,1116.482615,1076.107335,1035.732054,995.356774,962.600108,937.462058,912.324008,887.185958,862.047908,836.909858,802.294460,758.201713,714.108965,670.016218,625.923471,581.830724,546.963828,521.322783,495.681739,470.040694,444.399650,418.758606,384.440467,341.445233,298.450000,255.454767,212.459533,169.464300,135.636126,110.975013,86.313899,61.652785,36.991671,12.330557,0.000000,0.000000,0.000000,0.000000,0.000000,0.000000,0.000000,0.000000,0.000000,0.000000,0.000000,0.000000,0.000000,0.000000,0.000000,0.000000,0.000000,0.000000,0.000000,0.000000,0.000000,0.000000,0.000000,0.000000,0.000000,0.000000,0.000000,0.000000,0.000000,0.000000,0.000000,0.000000,0.000000,0.000000,0.000000,0.000000
0.000000,0.000000,0.000000,0.000000,0.000000,0.000000,0.000000,0.000000,0.000000,0.000000,0.000000,0.000000,0.000000,0.000000,0.000000,0.000000,0.000000,0.000000,0.000000,0.000000,0.000000,0.000000,0.000000,0.000000,0.000000,0.000000,0.000000,0.000000,0.000000,0.000000,0.000000,0.000000,0.000000,0.000000,0.000000,0.000000,14.925936,44.777808,74.629681,104.481553,134.333425,164.185297,209.935189,271.583100,333.231011,394.878922,456.526833,518.174744,582.056354,648.171663,714.286971,780.402279,846.517587,912.632896,961.304633,992.532800,1023.760967,1054.989133,1086.217300,1117.445467,1135.822290,1141.347771,1146.873251,1152.398732,1157.924212,1163.449693,1172.058050,1183.749283,1195.440517,1207.131750,1218.822983,1230.514217,1227.730443,1210.471662,1193.212882,1175.954101,1158.695321,1141.436540,1116.423867,1083.657300,1050.890733,1018.124167,985.357600,952.591033,926.129785,905.973854,885.817924,865.661993,845.506062,825.350132,791.395450,743.642017,695.888583,648.135150,600.381717,552.628283,500.445503,443.833375,387.221247,330.609119,273.996992,217.384864,173.322233,141.809100,110.295967,78.782833,47.269700,15.756567,0.000000,0.000000,0.000000,0.000000,0.000000,0.000000,0.000000,0.000000,0.000000,0.000000,0.000000,0.000000,0.000000,0.000000,0.000000,0.000000,0.000000,0.000000,0.000000,0.000000,0.000000,0.000000,0.000000,0.000000,0.000000,0.000000,0.000000,0.000000,0.000000,0.000000,0.000000,0.000000,0.000000,0.000000,0.000000,0.000000
0.000000,0.000000,0.000000,0.000000,0.000000,0.000000,0.000000,0.000000,0.000000,0.000000,0.000000,0.000000,0.000000,0.000000,0.000000,0.000000,0.000000,0.000000,0.000000,0.000000,0.000000,0.000000,0.000000,0.000000,0.000000,0.000000,0.000000,0.000000,0.000000,0.000000,0.000000,0.000000,0.000000,0.000000,0.000000,0.000000,17.041650,51.124950,85.208250,119.291550,153.374850,187.458150,234.459650,294.379350,354.299050,414.218750,474.138450,534.058150,589.413097,640.203292,690.993486,741.783681,792.573875,843.364069,878.185847,897.039208,915.892569,934.745931,953.599292,972.452653,984.425160,989.516813,994.608465,999.700118,1004.791771,1009.883424,1016.077724,1023.374671,1030.671618,1037.968565,1045.265512,1052.562460,1060.769686,1069.887192,1079.004697,1088.122203,1097.239708,1106.357214,1084.525774,1031.745387,978.965001,926.184615,873.404229,820.623843,789.336376,779.541829,769.747282,759.952735,750.158188,740.363640,718.973222,685.986933,653.000644,620.014356,587.028067,554.041778,512.614229,462.745421,412.876612,363.007804,313.138996,263.270187,218.474468,178.751837,139.029207,99.306576,59.583946,19.861315,0.000000,0.000000,0.000000,0.000000,0.000000,0.000000,0.000000,0.000000,0.000000,0.000000,0.000000,0.000000,0.000000,0.000000,0.000000,0.000000,0.000000,0.000000,0.000000,0.000000,0.000000,0.000000,0.000000,0.000000,0.000000,0.000000,0.000000,0.000000,0.000000,0.000000,0.000000,0.000000,0.000000,0.000000,0.000000,0.000000
0.000000,0.000000,0.000000,0.000000,0.000000,0.000000,0.000000,0.000000,0.000000,0.000000,0.000000,0.000000,0.000000,0.000000,0.000000,0.000000,0.000000,0.000000,0.000000,0.000000,0.000000,0.000000,0.000000,0.000000,0.000000,0.000000,0.000000,0.000000,0.000000,0.000000,0.000000,0.000000,0.000000,0.000000,0.000000,0.000000,16.939606,50.818817,84.698028,118.577239,152.456450,186.335661,230.180351,283.990521,337.800690,391.610860,445.421029,499.231199,552.337068,604.738637,657.140207,709.541776,761.943346,814.344915,864.760063,913.188787,961.617512,1010.046238,1058.474963,1106.903687,1130.199617,1128.362750,1126.525883,1124.689017,1122.852150,1121.015283,1116.985138,1110.761712,1104.538288,1098.314863,1092.091437,1085.868013,1083.907389,1086.209567,1088.511744,1090.813922,1093.116100,1095.418278,1091.183706,1080.412383,1069.641061,1058.869739,1048.098417,1037.327094,1010.311226,967.050813,923.790399,880.529985,837.269571,794.009157,753.265967,715.040000,676.814033,638.588067,600.362100,562.136133,516.624419,463.826958,411.029497,358.232036,305.434575,252.637114,207.385185,169.678787,131.972390,94.265993,56.559596,18.853199,0.000000,0.000000,0.000000,0.000000,0.000000,0.000000,0.000000,0.000000,0.000000,0.000000,0.000000,0.000000,0.000000,0.000000,0.000000,0.000000,0.000000,0.000000,0.000000,0.000000,0.000000,0.000000,0.000000,0.000000,0.000000,0.000000,0.000000,0.000000,0.000000,0.000000,0.000000,0.000000,0.000000,0.000000,0.000000,0.000000
0.000000,0.000000,0.000000,0.000000,0.000000,0.000000,0.000000,0.000000,0.000000,0.000000,0.000000,0.000000,0.000000,0.000000,0.000000,0.000000,0.000000,0.000000,0.000000,0.000000,0.000000,0.000000,0.000000,0.000000,0.000000,0.000000,0.000000,0.000000,0.000000,0.000000,0.000000,0.000000,0.000000,0.000000,0.000000,0.000000,18.851674,56.555021,94.258368,131.961715,169.665063,207.368410,255.815868,315.007437,374.199007,433.390576,492.582146,551.773715,616.504854,686.775562,757.046271,827.316979,897.587688,967.858396,1024.760417,1068.293750,1111.827083,1155.360417,1198.893750,1242.427083,1277.171799,1303.127896,1329.083993,1355.040090,1380.996188,1406.952285,1425.304368,1436.052438,1446.800507,1457.548576,1468.296646,1479.044715,1478.118451,1465.517854,1452.917257,1440.316660,1427.716062,1415.115465,1387.405614,1344.586508,1301.767403,1258.948297,1216.129192,1173.310086,1121.344678,1060.232967,999.121256,938.009544,876.897833,815.786122,761.522960,714.108346,666.693732,619.279118,571.864504,524.449890,475.439963,424.834721,374.229479,323.624238,273.018996,222.413754,180.685206,147.833350,114.981494,82.129639,49.277783,16.425928,0.000000,0.000000,0.000000,0.000000,0.000000,0.000000,0.000000,0.000000,0.000000,0.000000,0.000000,0.000000,0.000000,0.000000,0.000000,0.000000,0.000000,0.000000,0.000000,0.000000,0.000000,0.000000,0.000000,0.000000,0.000000,0.000000,0.000000,0.000000,0.000000,0.000000,0.000000,0.000000,0.000000,0.000000,0.000000,0.000000
0.000000,0.000000,0.000000,0.000000,0.000000,0.000000,0.000000,0.000000,0.000000,0.000000,0.000000,0.000000,0.000000,0.000000,0.000000,0.000000,0.000000,0.000000,0.000000,0.000000,0.000000,0.000000,0.000000,0.000000,0.000000,0.000000,0.000000,0.000000,0.000000,0.000000,0.000000,0.000000,0.000000,0.000000,0.000000,0.000000,19.061071,57.183212,95.305354,133.427496,171.549637,209.671779,256.258029,311.308387,366.358746,421.409104,476.459462,531.509821,585.675028,638.955083,692.235139,745.515194,798.795250,852.075306,898.021031,936.632425,975.243819,1013.855214,1052.466608,1091.078003,1109.288206,1107.097217,1104.906228,1102.715239,1100.524250,1098.333261,1105.257331,1121.296458,1137.335586,1153.374714,1169.413842,1185.452969,1193.287392,1192.917108,1192.546825,1192.176542,1191.806258,1191.435975,1166.654368,1117.461438,1068.268507,1019.075576,969.882646,920.689715,881.102013,851.119538,821.137063,791.154588,761.172113,731.189638,691.737983,642.817150,593.896317,544.975483,496.054650,447.133817,400.913738,357.394412,313.875087,270.355763,226.836438,183.317112,148.094329,121.168087,94.241846,67.315604,40.389363,13.463121,0.000000,0.000000,0.000000,0.000000,0.000000,0.000000,0.000000,0.000000,0.000000,0.000000,0.000000,0.000000,0.000000,0.000000,0.000000,0.000000,0.000000,0.000000,0.000000,0.000000,0.000000,0.000000,0.000000,0.000000,0.000000,0.000000,0.000000,0.000000,0.000000,0.000000,0.000000,0.000000,0.000000,0.000000,0.000000,0.000000
0.000000,0.000000,0.000000,0.000000,0.000000,0.000000,0.000000,0.000000,0.000000,0.000000,0.000000,0.000000,0.000000,0.000000,0.000000,0.000000,0.000000,0.000000,0.000000,0.000000,0.000000,0.000000,0.000000,0.000000,0.000000,0.000000,0.000000,0.000000,0.000000,0.000000,0.000000,0.000000,0.000000,0.000000,0.000000,0.000000,22.384733,67.154200,111.923667,156.693133,201.462600,246.232067,291.516040,337.314521,383.113001,428.911482,474.709963,520.508443,561.837297,598.696525,635.555753,672.414981,709.274208,746.133436,771.864926,786.468679,801.072432,815.676185,830.279938,844.883690,860.573082,877.348112,894.123143,910.898174,927.673204,944.448235,960.500661,975.830483,991.160306,1006.490128,1021.819950,1037.149772,1055.495201,1076.856237,1098.217274,1119.578310,1140.939346,1162.300382,1175.367444,1180.140533,1184.913622,1189.686711,1194.459800,1199.232889,1171.014017,1109.803183,1048.592350,987.381517,926.170683,864.959850,812.442439,768.618450,724.794461,680.970472,637.146483,593.322494,540.545692,478.816075,417.086458,355.356842,293.627225,231.897608,184.280067,150.774600,117.269133,83.763667,50.258200,16.752733,0.000000,0.000000,0.000000,0.000000,0.000000,0.000000,0.000000,0.000000,0.000000,0.000000,0.000000,0.000000,0.000000,0.000000,0.000000,0.000000,0.000000,0.000000,0.000000,0.000000,0.000000,0.000000,0.000000,0.000000,0.000000,0.000000,0.000000,0.000000,0.000000,0.000000,0.000000,0.000000,0.000000,0.000000,0.000000,0.000000
0.000000,0.000000,0.000000,0.000000,0.000000,0.000000,0.000000,0.000000,0.000000,0.000000,0.000000,0.000000,0.000000,0.000000,0.000000,0.000000,0.000000,0.000000,0.000000,0.000000,0.000000,0.000000,0.000000,0.000000,0.000000,0.000000,0.000000,0.000000,0.000000,0.000000,0.000000,0.000000,0.000000,0.000000,0.000000,0.000000,18.310919,54.932758,91.554597,128.176436,164.798275,201.420114,245.003618,295.548787,346.093957,396.639126,447.184296,497.729465,554.665776,617.993229,681.320682,744.648135,807.975587,871.303040,925.351481,970.120908,1014.890336,1059.659764,1104.429192,1149.198619,1186.149615,1215.282179,1244.414743,1273.547307,1302.679871,1331.812435,1352.657418,1365.214821,1377.772224,1390.329626,1402.887029,1415.444432,1421.616518,1421.403288,1421.190057,1420.976826,1420.763596,1420.550365,1393.224524,1338.786071,1284.347618,1229.909165,1175.470712,1121.032260,1067.561640,1015.058854,962.556068,910.053282,857.550496,805.047710,758.064469,716.600775,675.137081,633.673386,592.209692,550.745997,507.632650,462.869650,418.106650,373.343650,328.580650,283.817650,239.649804,196.077112,152.504421,108.931729,65.359037,21.786346,0.000000,0.000000,0.000000,0.000000,0.000000,0.000000,0.000000,0.000000,0.000000,0.000000,0.000000,0.000000,0.000000,0.000000,0.000000,0.000000,0.000000,0.000000,0.000000,0.000000,0.000000,0.000000,0.000000,0.000000,0.000000,0.000000,0.000000,0.000000,0.000000,0.000000,0.000000,0.000000,0.000000,0.000000,0.000000,0.000000
0.000000,0.000000,0.000000,0.000000,0.000000,0.000000,0.000000,0.000000,0.000000,0.000000,0.000000,0.000000,0.000000,0.000000,0.000000,0.000000,0.000000,0.000000,0.000000,0.000000,0.000000,0.000000,0.000000,0.000000,0.000000,0.000000,0.000000,0.000000,0.000000,0.000000,0.000000,0.000000,0.000000,0.000000,0.000000,0.000000,17.302992,51.908975,86.514958,121.120942,155.726925,190.332908,234.706914,288.848942,342.990969,397.132997,451.275025,505.417053,560.068974,615.230788,670.392601,725.554415,780.716229,835.878043,863.604987,863.897063,864.189138,864.481212,864.773288,865.065362,880.517600,911.130000,941.742400,972.354800,1002.967200,1033.579600,1052.799690,1060.627471,1068.455251,1076.283032,1084.110812,1091.938593,1092.396825,1085.485508,1078.574192,1071.662875,1064.751558,1057.840242,1052.044683,1047.364883,1042.685083,1038.005283,1033.325483,1028.645683,1015.310887,993.321096,971.331304,949.341513,927.351721,905.361929,873.022258,830.332708,787.643158,744.953608,702.264058,659.574508,607.054846,544.705071,482.355296,420.005521,357.655746,295.305971,242.120160,198.098312,154.076465,110.054618,66.032771,22.010924,0.000000,0.000000,0.000000,0.000000,0.000000,0.000000,0.000000,0.000000,0.000000,0.000000,0.000000,0.000000,0.000000,0.000000,0.000000,0.000000,0.000000,0.000000,0.000000,0.000000,0.000000,0.000000,0.000000,0.000000,0.000000,0.000000,0.000000,0.000000,0.000000,0.000000,0.000000,0.000000,0.000000,0.000000,0.000000,0.000000
0.000000,0.000000,0.000000,0.000000,0.000000,0.000000,0.000000,0.000000,0.000000,0.000000,0.000000,0.000000,0.000000,0.000000,0.000000,0.000000,0.000000,0.000000,0.000000,0.000000,0.000000,0.000000,0.000000,0.000000,0.000000,0.000000,0.000000,0.000000,0.000000,0.000000,0.000000,0.000000,0.000000,0.000000,0.000000,0.000000,17.397228,52.191683,86.986139,121.780594,156.575050,191.369506,232.000047,278.466675,324.933303,371.399931,417.866558,464.333186,522.007126,590.888379,659.769632,728.650885,797.532137,866.413390,927.085232,979.547663,1032.010093,1084.472524,1136.934954,1189.397385,1226.233325,1247.442775,1268.652225,1289.861675,1311.071125,1332.280575,1340.284589,1335.083167,1329.881744,1324.680322,1319.478900,1314.277478,1303.429467,1286.934867,1270.440267,1253.945667,1237.451067,1220.956467,1182.828304,1123.066579,1063.304854,1003.543129,943.781404,884.019679,840.324094,812.694650,785.065206,757.435761,729.806317,702.176872,671.745100,638.511000,605.276900,572.042800,538.808700,505.574600,467.564010,424.776929,381.989849,339.202768,296.415687,253.628607,212.882144,174.176300,135.470456,96.764611,58.058767,19.352922,0.000000,0.000000,0.000000,0.000000,0.000000,0.000000,0.000000,0.000000,0.000000,0.000000,0.000000,0.000000,0.000000,0.000000,0.000000,0.000000,0.000000,0.000000,0.000000,0.000000,0.000000,0.000000,0.000000,0.000000,0.000000,0.000000,0.000000,0.000000,0.000000,0.000000,0.000000,0.000000,0.000000,0.000000,0.000000,0.000000
0.000000,0.000000,0.000000,0.000000,0.000000,0.000000,0.000000,0.000000,0.000000,0.000000,0.000000,0.000000,0.000000,0.000000,0.000000,0.000000,0.000000,0.000000,0.000000,0.000000,0.000000,0.000000,0.000000,0.000000,0.000000,0.000000,0.000000,0.000000,0.000000,0.000000,0.000000,0.000000,0.000000,0.000000,0.000000,0.000000,26.160407,78.481221,130.802035,183.122849,235.443662,287.764476,342.101247,398.453975,454.806703,511.159431,567.512158,623.864886,682.918021,744.671563,806.425104,868.178646,929.932187,991.685729,1032.803083,1053.284250,1073.765417,1094.246583,1114.727750,1135.208917,1145.905175,1146.816525,1147.727875,1148.639225,1149.550575,1150.461925,1157.118354,1169.519863,1181.921371,1194.322879,1206.724388,1219.125896,1222.073506,1215.567217,1209.060928,1202.554639,1196.048350,1189.542061,1175.562881,1154.110808,1132.658736,1111.206664,1089.754592,1068.302519,1049.175161,1032.372517,1015.569872,998.767228,981.964583,965.161939,928.582212,872.225404,815.868596,759.511787,703.154979,646.798171,588.263681,527.551508,466.839336,406.127164,345.414992,284.702819,233.151172,190.760050,148.368928,105.977806,63.586683,21.195561,0.000000,0.000000,0.000000,0.000000,0.000000,0.000000,0.000000,0.000000,0.000000,0.000000,0.000000,0.000000,0.000000,0.000000,0.000000,0.000000,0.000000,0.000000,0.000000,0.000000,0.000000,0.000000,0.000000,0.000000,0.000000,0.000000,0.000000,0.000000,0.000000,0.000000,0.000000,0.000000,0.000000,0.000000,0.000000,0.000000
0.000000,0.000000,0.000000,0.000000,0.000000,0.000000,0.000000,0.000000,0.000000,0.000000,0.000000,0.000000,0.000000,0.000000,0.000000,0.000000,0.000000,0.000000,0.000000,0.000000,0.000000,0.000000,0.000000,0.000000,0.000000,0.000000,0.000000,0.000000,0.000000,0.000000,0.000000,0.000000,0.000000,0.000000,0.000000,0.000000,20.132261,60.396783,100.661306,140.925828,181.190350,221.454872,265.580740,313.567954,361.555168,409.542382,457.529596,505.516810,545.229686,576.668225,608.106764,639.545303,670.983842,702.422381,723.056724,732.886871,742.717018,752.547165,762.377313,772.207460,801.722604,850.922746,900.122887,949.323029,998.523171,1047.723313,1076.487524,1084.815804,1093.144085,1101.472365,1109.800646,1118.128926,1117.359292,1107.491742,1097.624192,1087.756642,1077.889092,1068.021542,1057.887210,1047.486096,1037.084982,1026.683868,1016.282754,1005.881640,990.018383,968.692983,947.367583,926.042183,904.716783,883.391383,847.679461,797.581017,747.482572,697.384128,647.285683,597.187239,543.257526,485.496546,427.735565,369.974585,312.213604,254.452624,206.774456,169.179100,131.583744,93.988389,56.393033,18.797678,0.000000,0.000000,0.000000,0.000000,0.000000,0.000000,0.000000,0.000000,0.000000,0.000000,0.000000,0.000000,0.000000,0.000000,0.000000,0.000000,0.000000,0.000000,0.000000,0.000000,0.000000,0.000000,0.000000,0.000000,0.000000,0.000000,0.000000,0.000000,0.000000,0.000000,0.000000,0.000000,0.000000,0.000000,0.000000,0.000000
0.000000,0.000000,0.000000,0.000000,0.000000,0.000000,0.000000,0.000000,0.000000,0.000000,0.000000,0.000000,0.000000,0.000000,0.000000,0.000000,0.000000,0.000000,0.000000,0.000000,0.000000,0.000000,0.000000,0.000000,0.000000,0.000000,0.000000,0.000000,0.000000,0.000000,0.000000,0.000000,0.000000,0.000000,0.000000,0.000000,24.319153,72.957458,121.595764,170.234069,218.872375,267.510681,318.118553,370.695992,423.273431,475.850869,528.428308,581.005747,624.611475,659.245492,693.879508,728.513525,763.147542,797.781558,848.508892,915.329542,982.150192,1048.970842,1115.791492,1182.612142,1235.170921,1273.467829,1311.764737,1350.061646,1388.358554,1426.655462,1449.021819,1455.457625,1461.893431,1468.329236,1474.765042,1481.200847,1483.674479,1482.185938,1480.697396,1479.208854,1477.720312,1476.231771,1459.484928,1427.479783,1395.474639,1363.469494,1331.464350,1299.459206,1253.836906,1194.597450,1135.357994,1076.118539,1016.879083,957.639628,903.867107,855.561521,807.255935,758.950349,710.644763,662.339176,604.428753,536.913492,469.398231,401.882969,334.367708,266.852447,213.670249,174.821112,135.971976,97.122840,58.273704,19.424568,0.000000,0.000000,0.000000,0.000000,0.000000,0.000000,0.000000,0.000000,0.000000,0.000000,0.000000,0.000000,0.000000,0.000000,0.000000,0.000000,0.000000,0.000000,0.000000,0.000000,0.000000,0.000000,0.000000,0.000000,0.000000,0.000000,0.000000,0.000000,0.000000,0.000000,0.000000,0.000000,0.000000,0.000000,0.000000,0.000000
0.000000,0.000000,0.000000,0.000000,0.000000,0.000000,0.000000,0.000000,0.000000,0.000000,0.000000,0.000000,0.000000,0.000000,0.000000,0.000000,0.000000,0.000000,0.000000,0.000000,0.000000,0.000000,0.000000,0.000000,0.000000,0.000000,0.000000,0.000000,0.000000,0.000000,0.000000,0.000000,0.000000,0.000000,0.000000,0.000000,24.228601,72.685804,121.143007,169.600210,218.057412,266.514615,319.288878,376.380200,433.471522,490.562844,547.654167,604.745489,657.502714,705.925842,754.348969,802.772097,851.195225,899.618353,948.736938,998.550979,1048.365021,1098.179063,1147.993104,1197.807146,1235.404519,1260.785225,1286.165931,1311.546636,1336.927342,1362.308047,1369.400475,1358.204625,1347.008775,1335.812925,1324.617075,1313.421225,1286.930710,1245.145529,1203.360349,1161.575168,1119.789988,1078.004807,1050.786644,1038.135500,1025.484356,1012.833211,1000.182067,987.530922,953.607050,898.410450,843.213850,788.017250,732.820650,677.624050,628.542933,585.577300,542.611667,499.646033,456.680400,413.714767,376.900643,346.238029,315.575415,284.912801,254.250188,223.587574,190.901578,156.192200,121.482822,86.773444,52.064067,17.354689,0.000000,0.000000,0.000000,0.000000,0.000000,0.000000,0.000000,0.000000,0.000000,0.000000,0.000000,0.000000,0.000000,0.000000,0.000000,0.000000,0.000000,0.000000,0.000000,0.000000,0.000000,0.000000,0.000000,0.000000,0.000000,0.000000,0.000000,0.000000,0.000000,0.000000,0.000000,0.000000,0.000000,0.000000,0.000000,0.000000
0.000000,0.000000,0.000000,0.000000,0.000000,0.000000,0.000000,0.000000,0.000000,0.000000,0.000000,0.000000,0.000000,0.000000,0.000000,0.000000,0.000000,0.000000,0.000000,0.000000,0.000000,0.000000,0.000000,0.000000,0.000000,0.000000,0.000000,0.000000,0.000000,0.000000,0.000000,0.000000,0.000000,0.000000,0.000000,0.000000,22.513375,67.540125,112.566875,157.593625,202.620375,247.647125,304.985667,374.636000,444.286333,513.936667,583.587000,653.237333,715.937500,771.687500,827.437500,883.187500,938.937500,994.687500,1040.041978,1075.000933,1109.959889,1144.918844,1179.877800,1214.836756,1240.583047,1257.116675,1273.650303,1290.183931,1306.717558,1323.251186,1326.845072,1317.499217,1308.153361,1298.807506,1289.461650,1280.115794,1264.869821,1243.723729,1222.577638,1201.431546,1180.285454,1159.139363,1131.471358,1097.281442,1063.091525,1028.901608,994.711692,960.521775,920.262625,873.934242,827.605858,781.277475,734.949092,688.620708,657.863750,642.678217,627.492683,612.307150,597.121617,581.936083,549.428503,499.598875,449.769247,399.939619,350.109992,300.280364,252.418421,206.524162,160.629904,114.735646,68.841387,22.947129,0.000000,0.000000,0.000000,0.000000,0.000000,0.000000,0.000000,0.000000,0.000000,0.000000,0.000000,0.000000,0.000000,0.000000,0.000000,0.000000,0.000000,0.000000,0.000000,0.000000,0.000000,0.000000,0.000000,0.000000,0.000000,0.000000,0.000000,0.000000,0.000000,0.000000,0.000000,0.000000,0.000000,0.000000,0.000000,0.000000
0.000000,0.000000,0.000000,0.000000,0.000000,0.000000,0.000000,0.000000,0.000000,0.000000,0.000000,0.000000,0.000000,0.000000,0.000000,0.000000,0.000000,0.000000,0.000000,0.000000,0.000000,0.000000,0.000000,0.000000,0.000000,0.000000,0.000000,0.000000,0.000000,0.000000,0.000000,0.000000,0.000000,0.000000,0.000000,0.000000,21.628808,64.886425,108.144042,151.401658,194.659275,237.916892,283.767231,332.210292,380.653353,429.096414,477.539475,525.982536,576.087143,627.853296,679.619449,731.385601,783.151754,834.917907,876.032740,906.496254,936.959768,967.423282,997.886796,1028.350310,1062.109632,1099.164763,1136.219893,1173.275024,1210.330154,1247.385285,1274.241118,1290.897654,1307.554190,1324.210726,1340.867262,1357.523799,1349.662668,1317.283871,1284.905074,1252.526276,1220.147479,1187.768682,1146.730001,1097.031438,1047.332874,997.634310,947.935746,898.237182,865.967813,851.127638,836.287463,821.447288,806.607112,791.766938,761.588700,716.072400,670.556100,625.039800,579.523500,534.007200,488.474454,442.925262,397.376071,351.826879,306.277688,260.728496,218.124408,178.465425,138.806442,99.147458,59.488475,19.829492,0.000000,0.000000,0.000000,0.000000,0.000000,0.000000,0.000000,0.000000,0.000000,0.000000,0.000000,0.000000,0.000000,0.000000,0.000000,0.000000,0.000000,0.000000,0.000000,0.000000,0.000000,0.000000,0.000000,0.000000,0.000000,0.000000,0.000000,0.000000,0.000000,0.000000,0.000000,0.000000,0.000000,0.000000,0.000000,0.000000
0.000000,0.000000,0.000000,0.000000,0.000000,0.000000,0.000000,0.000000,0.000000,0.000000,0.000000,0.000000,0.000000,0.000000,0.000000,0.000000,0.000000,0.000000,0.000000,0.000000,0.000000,0.000000,0.000000,0.000000,0.000000,0.000000,0.000000,0.000000,0.000000,0.000000,0.166064,0.498192,0.830319,1.162447,1.494575,1.826703,25.123815,71.385913,117.648010,163.910107,210.172204,256.434301,297.453531,333.229892,369.006253,404.782614,440.558975,476.335336,519.099954,568.852829,618.605704,668.358579,718.111454,767.864329,811.340844,848.541000,885.741156,922.941311,960.141467,997.341622,1025.988267,1046.081400,1066.174533,1086.267667,1106.360800,1126.453933,1149.542331,1175.625992,1201.709653,1227.793314,1253.876975,1279.960636,1283.535932,1264.602862,1245.669793,1226.736724,1207.803654,1188.870585,1176.563203,1170.881508,1165.199814,1159.518119,1153.836425,1148.154731,1104.663172,1023.361750,942.060328,860.758906,779.457483,698.156061,642.659940,612.969121,583.278301,553.587482,523.896662,494.205843,463.293001,431.158138,399.023274,366.888410,334.753546,302.618682,262.831944,215.393333,167.954722,120.516111,73.077500,25.638889,1.759618,1.439688,1.119757,0.799826,0.479896,0.159965,0.000000,0.000000,0.000000,0.000000,0.000000,0.000000,0.000000,0.000000,0.000000,0.000000,0.000000,0.000000,0.000000,0.000000,0.000000,0.000000,0.000000,0.000000,0.000000,0.000000,0.000000,0.000000,0.000000,0.000000,0.000000,0.000000,0.000000,0.000000,0.000000,0.000000
0.000000,0.000000,0.000000,0.000000,0.000000,0.000000,0.000000,0.000000,0.000000,0.000000,0.000000,0.000000,0.000000,0.000000,0.000000,0.000000,0.000000,0.000000,0.000000,0.000000,0.000000,0.000000,0.000000,0.000000,0.000000,0.000000,0.000000,0.000000,0.000000,0.000000,0.423225,1.269675,2.116125,2.962575,3.809025,4.655475,27.831992,73.338575,118.845158,164.351742,209.858325,255.364908,301.520971,348.326513,395.132054,441.937596,488.743138,535.548679,582.511464,629.631492,676.751519,723.871547,770.991575,818.111603,864.815178,911.102300,957.389422,1003.676544,1049.963667,1096.250789,1122.564597,1128.905092,1135.245586,1141.586081,1147.926575,1154.267069,1170.292106,1196.001683,1221.711261,1247.420839,1273.130417,1298.839994,1312.938683,1315.426483,1317.914283,1320.402083,1322.889883,1325.377683,1302.494440,1254.240154,1205.985868,1157.731582,1109.477296,1061.223010,1020.634771,987.712579,954.790388,921.868196,888.946004,856.023813,823.392862,791.053154,758.713446,726.373737,694.034029,661.694321,616.131694,557.346150,498.560606,439.775061,380.989517,322.203972,268.868790,220.983971,173.099151,125.214332,77.329513,29.444693,5.043760,4.126713,3.209665,2.292618,1.375571,0.458524,0.000000,0.000000,0.000000,0.000000,0.000000,0.000000,0.000000,0.000000,0.000000,0.000000,0.000000,0.000000,0.000000,0.000000,0.000000,0.000000,0.000000,0.000000,0.000000,0.000000,0.000000,0.000000,0.000000,0.000000,0.000000,0.000000,0.000000,0.000000,0.000000,0.000000
0.000000,0.000000,0.000000,0.000000,0.000000,0.000000,0.000000,0.000000,0.000000,0.000000,0.000000,0.000000,0.000000,0.000000,0.000000,0.000000,0.000000,0.000000,0.000000,0.000000,0.000000,0.000000,0.000000,0.000000,0.000000,0.000000,0.000000,0.000000,0.000000,0.000000,0.650910,1.952729,3.254549,4.556368,5.858187,7.160007,29.071675,71.593192,114.114708,156.636225,199.157742,241.679258,289.434358,342.423042,395.411725,448.400408,501.389092,554.377775,602.458964,645.632658,688.806353,731.980047,775.153742,818.327436,843.277115,850.002779,856.728443,863.454107,870.179771,876.905435,889.209408,907.091692,924.973975,942.856258,960.738542,978.620825,1000.420175,1026.136592,1051.853008,1077.569425,1103.285842,1129.002258,1130.027529,1106.361654,1082.695779,1059.029904,1035.364029,1011.698154,995.043865,985.401162,975.758460,966.115757,956.473054,946.830351,925.631468,892.876404,860.121340,827.366276,794.611212,761.856149,729.496782,697.533112,665.569443,633.605774,601.642104,569.678435,529.470272,481.017617,432.564961,384.112306,335.659650,287.206994,241.724057,199.210838,156.697618,114.184399,71.671179,29.157960,7.242904,5.926012,4.609121,3.292229,1.975337,0.658446,0.000000,0.000000,0.000000,0.000000,0.000000,0.000000,0.000000,0.000000,0.000000,0.000000,0.000000,0.000000,0.000000,0.000000,0.000000,0.000000,0.000000,0.000000,0.000000,0.000000,0.000000,0.000000,0.000000,0.000000,0.000000,0.000000,0.000000,0.000000,0.000000,0.000000
0.000000,0.000000,0.000000,0.000000,0.000000,0.000000,0.000000,0.000000,0.000000,0.000000,0.000000,0.000000,0.000000,0.000000,0.000000,0.000000,0.000000,0.000000,0.000000,0.000000,0.000000,0.000000,0.000000,0.000000,0.000000,0.000000,0.000000,0.000000,0.000000,0.000000,0.928836,2.786508,4.644181,6.501853,8.359525,10.217197,35.747144,84.949367,134.151589,183.353811,232.556033,281.758256,335.576029,394.009354,452.442679,510.876004,569.309329,627.742654,679.597329,724.873354,770.149379,815.425404,860.701429,905.977454,961.174074,1026.291287,1091.408501,1156.525715,1221.642929,1286.760143,1331.162500,1354.850000,1378.537500,1402.225000,1425.912500,1449.600000,1463.449707,1467.461621,1471.473535,1475.485449,1479.497363,1483.509276,1458.119308,1403.327458,1348.535608,1293.743758,1238.951908,1184.160058,1154.380371,1149.612846,1144.845321,1140.077796,1135.310271,1130.542746,1092.201951,1020.287888,948.373824,876.459760,804.545696,732.631632,680.233342,647.350825,614.468308,581.585792,548.703275,515.820758,480.345528,442.277583,404.209639,366.141694,328.073750,290.005806,249.300690,205.958404,162.616118,119.273832,75.931546,32.589260,10.008274,8.188588,6.368901,4.549215,2.729529,0.909843,0.000000,0.000000,0.000000,0.000000,0.000000,0.000000,0.000000,0.000000,0.000000,0.000000,0.000000,0.000000,0.000000,0.000000,0.000000,0.000000,0.000000,0.000000,0.000000,0.000000,0.000000,0.000000,0.000000,0.000000,0.000000,0.000000,0.000000,0.000000,0.000000,0.000000
0.000000,0.000000,0.000000,0.000000,0.000000,0.000000,0.000000,0.000000,0.000000,0.000000,0.000000,0.000000,0.000000,0.000000,0.000000,0.000000,0.000000,0.000000,0.000000,0.000000,0.000000,0.000000,0.000000,0.000000,0.000000,0.000000,0.000000,0.000000,0.000000,0.000000,1.102961,3.308883,5.514806,7.720728,9.926650,12.132572,34.203554,76.139596,118.075638,160.011679,201.947721,243.883763,292.562003,347.982442,403.402881,458.823319,514.243758,569.664197,613.585651,646.008121,678.430590,710.853060,743.275529,775.697999,814.327163,859.163021,903.998879,948.834738,993.670596,1038.506454,1073.363971,1098.243146,1123.122321,1148.001496,1172.880671,1197.759846,1231.371407,1273.715354,1316.059301,1358.403249,1400.747196,1443.091143,1438.984581,1388.427508,1337.870436,1287.313364,1236.756292,1186.199219,1147.654942,1121.123458,1094.591975,1068.060492,1041.529008,1014.997525,989.320957,964.499304,939.677651,914.855999,890.034346,865.212693,828.930958,781.189142,733.447325,685.705508,637.963692,590.221875,542.878264,495.932858,448.987453,402.042047,355.096642,308.151236,262.109800,216.972333,171.834867,126.697400,81.559933,36.422467,12.699256,10.390300,8.081344,5.772389,3.463433,1.154478,0.000000,0.000000,0.000000,0.000000,0.000000,0.000000,0.000000,0.000000,0.000000,0.000000,0.000000,0.000000,0.000000,0.000000,0.000000,0.000000,0.000000,0.000000,0.000000,0.000000,0.000000,0.000000,0.000000,0.000000,0.000000,0.000000,0.000000,0.000000,0.000000,0.000000
0.000000,0.000000,0.000000,0.000000,0.000000,0.000000,0.000000,0.000000,0.000000,0.000000,0.000000,0.000000,0.000000,0.000000,0.000000,0.000000,0.000000,0.000000,0.000000,0.000000,0.000000,0.000000,0.000000,0.000000,0.000000,0.000000,0.000000,0.000000,0.000000,0.000000,1.382369,4.147108,6.911847,9.676586,12.441325,15.206064,36.496619,76.312992,116.129364,155.945736,195.762108,235.578481,273.634828,309.931150,346.227472,382.523794,418.820117,455.116439,495.729029,540.657888,585.586746,630.515604,675.444462,720.373321,758.287760,789.187779,820.087799,850.987818,881.887838,912.787857,946.617215,983.375913,1020.134610,1056.893307,1093.652004,1130.410701,1170.275058,1213.245075,1256.215092,1299.185108,1342.155125,1385.125142,1402.480393,1394.220879,1385.961365,1377.701851,1369.442337,1361.182824,1353.889983,1347.563817,1341.237650,1334.911483,1328.585317,1322.259150,1296.058374,1249.982988,1203.907601,1157.832215,1111.756829,1065.681443,1013.089460,953.980879,894.872299,835.763718,776.655137,717.546557,652.585293,581.771346,510.957399,440.143451,369.329504,298.515557,242.462001,201.168837,159.875674,118.582510,77.289346,35.996182,14.070467,11.512200,8.953933,6.395667,3.837400,1.279133,0.000000,0.000000,0.000000,0.000000,0.000000,0.000000,0.000000,0.000000,0.000000,0.000000,0.000000,0.000000,0.000000,0.000000,0.000000,0.000000,0.000000,0.000000,0.000000,0.000000,0.000000,0.000000,0.000000,0.000000,0.000000,0.000000,0.000000,0.000000,0.000000,0.000000
0.000000,0.000000,0.000000,0.000000,0.000000,0.000000,0.000000,0.000000,0.000000,0.000000,0.000000,0.000000,0.000000,0.000000,0.000000,0.000000,0.000000,0.000000,0.000000,0.000000,0.000000,0.000000,0.000000,0.000000,0.000000,0.000000,0.000000,0.000000,0.000000,0.000000,1.752961,5.258883,8.764806,12.270728,15.776650,19.282572,41.920778,83.691267,125.461756,167.232244,209.002733,250.773222,302.497811,364.176500,425.855189,487.533878,549.212567,610.891256,656.183361,685.088883,713.994406,742.899928,771.805450,800.710972,836.607228,879.494217,922.381206,965.268194,1008.155183,1051.042172,1094.537086,1138.639925,1182.742764,1226.845603,1270.948442,1315.051281,1350.324350,1376.767650,1403.210950,1429.654250,1456.097550,1482.540850,1492.643800,1486.406400,1480.169000,1473.931600,1467.694200,1461.456800,1449.659404,1432.302013,1414.944621,1397.587229,1380.229838,1362.872446,1328.231250,1276.306250,1224.381250,1172.456250,1120.531250,1068.606250,1012.335197,951.718092,891.100986,830.483881,769.866775,709.249669,650.782872,594.466383,538.149894,481.833406,425.516917,369.200428,314.615326,261.761613,208.907899,156.054185,103.200471,50.346757,21.926575,17.939925,13.953275,9.966625,5.979975,1.993325,0.000000,0.000000,0.000000,0.000000,0.000000,0.000000,0.000000,0.000000,0.000000,0.000000,0.000000,0.000000,0.000000,0.000000,0.000000,0.000000,0.000000,0.000000,0.000000,0.000000,0.000000,0.000000,0.000000,0.000000,0.000000,0.000000,0.000000,0.000000,0.000000,0.000000
0.000000,0.000000,0.000000,0.000000,0.000000,0.000000,0.000000,0.000000,0.000000,0.000000,0.000000,0.000000,0.000000,0.000000,0.000000,0.000000,0.000000,0.000000,0.000000,0.000000,0.000000,0.000000,0.000000,0.000000,0.000000,0.000000,0.000000,0.000000,0.000000,0.000000,2.197718,6.593154,10.988590,15.384026,19.779463,24.174899,55.760364,114.535858,173.311353,232.086847,290.862342,349.637836,401.860196,447.529421,493.198646,538.867871,584.537096,630.206321,664.978699,688.854229,712.729760,736.605290,760.480821,784.356351,813.927492,849.194242,884.460992,919.727742,954.994492,990.261242,1020.750499,1046.462262,1072.174026,1097.885790,1123.597554,1149.309318,1161.869049,1161.276746,1160.684443,1160.092140,1159.499838,1158.907535,1166.762711,1183.065367,1199.368022,1215.670678,1231.973333,1248.275989,1249.472356,1235.562433,1221.652511,1207.742589,1193.832667,1179.922744,1149.562590,1102.752204,1055.941818,1009.131432,962.321046,915.510660,867.098822,817.085533,767.072244,717.058956,667.045667,617.032378,566.462242,515.335258,464.208275,413.081292,361.954308,310.827325,263.655961,220.440217,177.224472,134.008728,90.792983,47.577239,23.805253,19.477025,15.148797,10.820569,6.492342,2.164114,0.000000,0.000000,0.000000,0.000000,0.000000,0.000000,0.000000,0.000000,0.000000,0.000000,0.000000,0.000000,0.000000,0.000000,0.000000,0.000000,0.000000,0.000000,0.000000,0.000000,0.000000,0.000000,0.000000,0.000000,0.000000,0.000000,0.000000,0.000000,0.000000,0.000000
0.000000,0.000000,0.000000,0.000000,0.000000,0.000000,0.000000,0.000000,0.000000,0.000000,0.000000,0.000000,0.000000,0.000000,0.000000,0.000000,0.000000,0.000000,0.000000,0.000000,0.000000,0.000000,0.000000,0.000000,0.000000,0.000000,0.000000,0.000000,0.000000,0.000000,2.542881,7.628642,12.714403,17.800164,22.885925,27.971686,57.490875,111.443492,165.396108,219.348725,273.301342,327.253958,383.533596,442.140254,500.746913,559.353571,617.960229,676.566888,734.584024,792.011638,849.439251,906.866865,964.294479,1021.722093,1070.129589,1109.516967,1148.904344,1188.291722,1227.679100,1267.066478,1302.763486,1334.770125,1366.776764,1398.783403,1430.790042,1462.796681,1480.917708,1485.153125,1489.388542,1493.623958,1497.859375,1502.094792,1491.354519,1465.638558,1439.922597,1414.206636,1388.490675,1362.774714,1339.063100,1317.355833,1295.648567,1273.941300,1252.234033,1230.526767,1196.414600,1149.897533,1103.380467,1056.863400,1010.346333,963.829267,914.878146,863.492971,812.107796,760.722621,709.337446,657.952271,602.541269,543.104442,483.667614,424.230786,364.793958,305.357131,254.887249,213.384312,171.881376,130.378440,88.875504,47.372568,24.402675,19.965825,15.528975,11.092125,6.655275,2.218425,0.000000,0.000000,0.000000,0.000000,0.000000,0.000000,0.000000,0.000000,0.000000,0.000000,0.000000,0.000000,0.000000,0.000000,0.000000,0.000000,0.000000,0.000000,0.000000,0.000000,0.000000,0.000000,0.000000,0.000000,0.000000,0.000000,0.000000,0.000000,0.000000,0.000000
0.000000,0.000000,0.000000,0.000000,0.000000,0.000000,0.000000,0.000000,0.000000,0.000000,0.000000,0.000000,0.000000,0.000000,0.000000,0.000000,0.000000,0.000000,0.000000,0.000000,0.000000,0.000000,0.000000,0.000000,0.000000,0.000000,0.000000,0.000000,0.000000,0.000000,2.882478,8.647433,14.412389,20.177344,25.942300,31.707256,59.920364,110.581625,161.242886,211.904147,262.565408,313.226669,365.748635,420.131304,474.513974,528.896643,583.279312,637.661982,684.637897,724.207058,763.776219,803.345381,842.914542,882.483703,903.585674,906.220454,908.855235,911.490015,914.124796,916.759576,920.383857,924.997637,929.611418,934.225199,938.838979,943.452760,945.185522,944.037267,942.889011,941.740756,940.592500,939.444244,940.219421,942.918029,945.616637,948.315246,951.013854,953.712463,969.053886,997.038125,1025.022364,1053.006603,1080.990842,1108.975081,1110.447964,1085.409492,1060.371019,1035.332547,1010.294075,985.255603,944.693225,888.606942,832.520658,776.434375,720.348092,664.261808,607.696131,550.651058,493.605986,436.560914,379.515842,322.470769,271.676856,227.134100,182.591344,138.048589,93.505833,48.963078,24.467392,20.018775,15.570158,11.121542,6.672925,2.224308,0.000000,0.000000,0.000000,0.000000,0.000000,0.000000,0.000000,0.000000,0.000000,0.000000,0.000000,0.000000,0.000000,0.000000,0.000000,0.000000,0.000000,0.000000,0.000000,0.000000,0.000000,0.000000,0.000000,0.000000,0.000000,0.000000,0.000000,0.000000,0.000000,0.000000
0.000000,0.000000,0.000000,0.000000,0.000000,0.000000,0.000000,0.000000,0.000000,0.000000,0.000000,0.000000,0.000000,0.000000,0.000000,0.000000,0.000000,0.000000,0.000000,0.000000,0.000000,0.000000,0.000000,0.000000,0.000000,0.000000,0.000000,0.000000,0.000000,0.000000,2.702139,8.106417,13.510694,18.914972,24.319250,29.723528,57.007990,106.172637,155.337285,204.501932,253.666579,302.831226,345.962894,383.061583,420.160272,457.258961,494.357650,531.456339,570.231383,610.682783,651.134183,691.585583,732.036983,772.488383,790.622015,786.437879,782.253743,778.069607,773.885471,769.701335,793.957567,846.654167,899.350767,952.047367,1004.743967,1057.440567,1091.973422,1108.342533,1124.711644,1141.080756,1157.449867,1173.818978,1185.333379,1191.993071,1198.652763,1205.312454,1211.972146,1218.631837,1222.747461,1224.319017,1225.890572,1227.462128,1229.033683,1230.605239,1215.662078,1184.204200,1152.746322,1121.288444,1089.830567,1058.372689,1018.006250,968.731250,919.456250,870.181250,820.906250,771.631250,713.660361,646.993583,580.326806,513.660028,446.993250,380.326472,321.501033,270.516933,219.532833,168.548733,117.564633,66.580533,37.664443,30.816363,23.968282,17.120201,10.272121,3.424040,0.000000,0.000000,0.000000,0.000000,0.000000,0.000000,0.000000,0.000000,0.000000,0.000000,0.000000,0.000000,0.000000,0.000000,0.000000,0.000000,0.000000,0.000000,0.000000,0.000000,0.000000,0.000000,0.000000,0.000000,0.000000,0.000000,0.000000,0.000000,0.000000,0.000000
0.000000,0.000000,0.000000,0.000000,0.000000,0.000000,0.000000,0.000000,0.000000,0.000000,0.000000,0.000000,0.000000,0.000000,0.000000,0.000000,0.000000,0.000000,0.000000,0.000000,0.000000,0.000000,0.000000,0.000000,0.000000,0.000000,0.000000,0.000000,0.000000,0.000000,2.861917,8.585750,14.309583,20.033417,25.757250,31.481083,56.108950,99.640850,143.172750,186.704650,230.236550,273.768450,315.086154,354.189662,393.293171,432.396679,471.500187,510.603696,547.896228,583.377783,618.859339,654.340894,689.822450,725.304006,768.783286,820.260292,871.737297,923.214303,974.691308,1026.168314,1075.804783,1123.600717,1171.396650,1219.192583,1266.988517,1314.784450,1337.213431,1334.275458,1331.337486,1328.399514,1325.461542,1322.523569,1319.734600,1317.094633,1314.454667,1311.814700,1309.174733,1306.534767,1278.372081,1224.686675,1171.001269,1117.315864,1063.630458,1009.945053,971.951944,949.651133,927.350322,905.049511,882.748700,860.447889,817.384622,753.558900,689.733178,625.907456,562.081733,498.256011,448.603519,413.124258,377.644997,342.165736,306.686475,271.207214,235.083660,198.315812,161.547965,124.780118,88.012271,51.244424,30.122125,24.645375,19.168625,13.691875,8.215125,2.738375,0.000000,0.000000,0.000000,0.000000,0.000000,0.000000,0.000000,0.000000,0.000000,0.000000,0.000000,0.000000,0.000000,0.000000,0.000000,0.000000,0.000000,0.000000,0.000000,0.000000,0.000000,0.000000,0.000000,0.000000,0.000000,0.000000,0.000000,0.000000,0.000000,0.000000
0.000000,0.000000,0.000000,0.000000,0.000000,0.000000,0.000000,0.000000,0.000000,0.000000,0.000000,0.000000,0.000000,0.000000,0.000000,0.000000,0.000000,0.000000,0.000000,0.000000,0.000000,0.000000,0.000000,0.000000,0.000000,0.000000,0.000000,0.000000,0.000000,0.000000,3.625336,10.876008,18.126681,25.377353,32.628025,39.878697,66.152886,111.450592,156.748297,202.046003,247.343708,292.641414,341.224854,393.094029,444.963204,496.832379,548.701554,600.570729,643.910056,678.719533,713.529011,748.338489,783.147967,817.957444,855.964243,897.168362,938.372482,979.576601,1020.780721,1061.984840,1106.526031,1154.404292,1202.282553,1250.160814,1298.039075,1345.917336,1374.710425,1384.418342,1394.126258,1403.834175,1413.542092,1423.250008,1435.465094,1450.187350,1464.909606,1479.631861,1494.354117,1509.076372,1504.379687,1480.264063,1456.148438,1432.032812,1407.917187,1383.801563,1344.318750,1289.468750,1234.618750,1179.768750,1124.918750,1070.068750,1010.841061,947.235683,883.630306,820.024928,756.419550,692.814172,634.976060,582.905212,530.834365,478.763518,426.692671,374.621824,323.342701,272.855304,222.367907,171.880510,121.393112,70.905715,41.856849,34.246513,26.636176,19.025840,11.415504,3.805168,0.000000,0.000000,0.000000,0.000000,0.000000,0.000000,0.000000,0.000000,0.000000,0.000000,0.000000,0.000000,0.000000,0.000000,0.000000,0.000000,0.000000,0.000000,0.000000,0.000000,0.000000,0.000000,0.000000,0.000000,0.000000,0.000000,0.000000,0.000000,0.000000,0.000000
0.000000,0.000000,0.000000,0.000000,0.000000,0.000000,0.000000,0.000000,0.000000,0.000000,0.000000,0.000000,0.000000,0.000000,0.000000,0.000000,0.000000,0.000000,0.000000,0.000000,0.000000,0.000000,0.000000,0.000000,0.000000,0.000000,0.000000,0.000000,0.000000,0.000000,4.360047,13.080142,21.800236,30.520331,39.240425,47.960519,78.478354,130.793929,183.109504,235.425079,287.740654,340.056229,392.712861,445.710550,498.708239,551.705928,604.703617,657.701306,703.849950,743.149550,782.449150,821.748750,861.048350,900.347950,929.200392,947.605675,966.010958,984.416242,1002.821525,1021.226808,1039.429776,1057.430429,1075.431082,1093.431735,1111.432388,1129.433040,1156.102961,1191.442150,1226.781339,1262.120528,1297.459717,1332.798906,1360.361197,1380.146592,1399.931986,1419.717381,1439.502775,1459.288169,1458.585515,1437.394812,1416.204110,1395.013407,1373.822704,1352.632001,1318.917450,1272.679050,1226.440650,1180.202250,1133.963850,1087.725450,1033.588200,971.552100,909.516000,847.479900,785.443800,723.407700,665.123774,610.592021,556.060268,501.528515,446.996763,392.465010,338.710042,285.731858,232.753675,179.775492,126.797308,73.819125,43.385864,35.497525,27.609186,19.720847,11.832508,3.944169,0.000000,0.000000,0.000000,0.000000,0.000000,0.000000,0.000000,0.000000,0.000000,0.000000,0.000000,0.000000,0.000000,0.000000,0.000000,0.000000,0.000000,0.000000,0.000000,0.000000,0.000000,0.000000,0.000000,0.000000,0.000000,0.000000,0.000000,0.000000,0.000000,0.000000
0.000000,0.000000,0.000000,0.000000,0.000000,0.000000,0.000000,0.000000,0.000000,0.000000,0.000000,0.000000,0.000000,0.000000,0.000000,0.000000,0.000000,0.000000,0.000000,0.000000,0.000000,0.000000,0.000000,0.000000,0.000000,0.000000,0.000000,0.000000,0.000000,0.000000,4.369056,13.107167,21.845278,30.583389,39.321500,48.059611,74.387042,118.303792,162.220542,206.137292,250.054042,293.970792,340.240021,388.861729,437.483438,486.105146,534.726854,583.348563,635.640622,691.603033,747.565444,803.527856,859.490267,915.452678,958.874660,989.756212,1020.637765,1051.519318,1082.400871,1113.282424,1134.544775,1146.187925,1157.831075,1169.474225,1181.117375,1192.760525,1195.459749,1189.215046,1182.970343,1176.725640,1170.480937,1164.236235,1174.495981,1201.260175,1228.024369,1254.788564,1281.552758,1308.316953,1298.046104,1250.740213,1203.434321,1156.128429,1108.822537,1061.516646,1026.803143,1004.682029,982.560915,960.439801,938.318688,916.197574,884.276746,842.556204,800.835663,759.115121,717.394579,675.674038,633.688717,591.438617,549.188517,506.938417,464.688317,422.438217,372.587213,315.135304,257.683396,200.231488,142.779579,85.327671,51.884907,42.451287,33.017668,23.584049,14.150429,4.716810,0.000000,0.000000,0.000000,0.000000,0.000000,0.000000,0.000000,0.000000,0.000000,0.000000,0.000000,0.000000,0.000000,0.000000,0.000000,0.000000,0.000000,0.000000,0.000000,0.000000,0.000000,0.000000,0.000000,0.000000,0.000000,0.000000,0.000000,0.000000,0.000000,0.000000
0.000000,0.000000,0.000000,0.000000,0.000000,0.000000,0.000000,0.000000,0.000000,0.000000,0.000000,0.000000,0.000000,0.000000,0.000000,0.000000,0.000000,0.000000,0.000000,0.000000,0.000000,0.000000,0.000000,0.000000,0.000000,0.000000,0.000000,0.000000,0.000000,0.000000,5.103651,15.310954,25.518257,35.725560,45.932862,56.140165,83.569069,128.219575,172.870081,217.520586,262.171092,306.821597,353.125937,401.084113,449.042288,497.000462,544.958638,592.916813,646.128590,704.593971,763.059351,821.524732,879.990113,938.455493,990.905114,1037.338975,1083.772836,1130.206697,1176.640558,1223.074419,1259.596146,1286.205737,1312.815329,1339.424921,1366.034513,1392.644104,1406.673869,1408.123808,1409.573747,1411.023686,1412.473625,1413.923564,1407.747118,1393.944288,1380.141457,1366.338626,1352.535796,1338.732965,1335.157567,1341.809600,1348.461633,1355.113667,1361.765700,1368.417733,1346.148958,1294.959375,1243.769792,1192.580208,1141.390625,1090.201042,1039.573437,989.507812,939.442188,889.376562,839.310937,789.245313,734.915158,676.320475,617.725792,559.131108,500.536425,441.941742,382.611319,322.545158,262.478997,202.412836,142.346675,82.280514,47.893481,39.185575,30.477669,21.769764,13.061858,4.353953,0.000000,0.000000,0.000000,0.000000,0.000000,0.000000,0.000000,0.000000,0.000000,0.000000,0.000000,0.000000,0.000000,0.000000,0.000000,0.000000,0.000000,0.000000,0.000000,0.000000,0.000000,0.000000,0.000000,0.000000,0.000000,0.000000,0.000000,0.000000,0.000000,0.000000
0.000000,0.000000,0.000000,0.000000,0.000000,0.000000,0.000000,0.000000,0.000000,0.000000,0.000000,0.000000,0.000000,0.000000,0.000000,0.000000,0.000000,0.000000,0.000000,0.000000,0.000000,0.000000,0.000000,0.000000,0.000000,0.000000,0.000000,0.000000,0.000000,0.000000,4.157118,12.471354,20.785590,29.099826,37.414062,45.728299,68.641058,106.152342,143.663625,181.174908,218.686192,256.197475,299.385386,348.249925,397.114464,445.979003,494.843542,543.708081,590.285143,634.574729,678.864315,723.153901,767.443488,811.733074,860.397164,913.435758,966.474353,1019.512947,1072.551542,1125.590136,1171.823871,1211.252746,1250.681621,1290.110496,1329.539371,1368.968246,1381.627511,1367.517167,1353.406822,1339.296478,1325.186133,1311.075789,1300.180032,1292.498862,1284.817693,1277.136524,1269.455354,1261.774185,1240.854703,1206.696908,1172.539114,1138.381319,1104.223525,1070.065731,1034.093285,996.306187,958.519090,920.731993,882.944896,845.157799,802.411694,754.706583,707.001472,659.296361,611.591250,563.886139,522.068971,486.139746,450.210521,414.281296,378.352071,342.422846,302.029722,257.172700,212.315678,167.458656,122.601633,77.744611,50.706425,41.487075,32.267725,23.048375,13.829025,4.609675,0.000000,0.000000,0.000000,0.000000,0.000000,0.000000,0.000000,0.000000,0.000000,0.000000,0.000000,0.000000,0.000000,0.000000,0.000000,0.000000,0.000000,0.000000,0.000000,0.000000,0.000000,0.000000,0.000000,0.000000,0.000000,0.000000,0.000000,0.000000,0.000000,0.000000
0.000000,0.000000,0.000000,0.000000,0.000000,0.000000,0.000000,0.000000,0.000000,0.000000,0.000000,0.000000,0.000000,0.000000,0.000000,0.000000,0.000000,0.000000,0.000000,0.000000,0.000000,0.000000,0.000000,0.000000,0.000000,0.000000,0.000000,0.000000,0.000000,0.000000,5.119956,15.359867,25.599778,35.839689,46.079600,56.319511,83.822462,128.588454,173.354446,218.120437,262.886429,307.652421,352.257193,396.700746,441.144299,485.587851,530.031404,574.474957,622.920732,675.368729,727.816726,780.264724,832.712721,885.160718,941.016963,1000.281454,1059.545946,1118.810438,1178.074929,1237.339421,1272.370253,1283.167425,1293.964597,1304.761769,1315.558942,1326.356114,1334.141649,1338.915546,1343.689443,1348.463340,1353.237237,1358.011135,1349.815729,1328.651021,1307.486312,1286.321604,1265.156896,1243.992188,1220.061010,1193.363362,1166.665715,1139.968068,1113.270421,1086.572774,1045.629812,990.441537,935.253263,880.064987,824.876713,769.688438,724.209972,688.441317,652.672661,616.904006,581.135350,545.366694,516.577208,494.766892,472.956575,451.146258,429.335942,407.525625,369.014414,313.802308,258.590203,203.378097,148.165992,92.953886,59.902181,49.010875,38.119569,27.228264,16.336958,5.445653,0.000000,0.000000,0.000000,0.000000,0.000000,0.000000,0.000000,0.000000,0.000000,0.000000,0.000000,0.000000,0.000000,0.000000,0.000000,0.000000,0.000000,0.000000,0.000000,0.000000,0.000000,0.000000,0.000000,0.000000,0.000000,0.000000,0.000000,0.000000,0.000000,0.000000
0.000000,0.000000,0.000000,0.000000,0.000000,0.000000,0.000000,0.000000,0.000000,0.000000,0.000000,0.000000,0.000000,0.000000,0.000000,0.000000,0.000000,0.000000,0.000000,0.000000,0.000000,0.000000,0.000000,0.000000,0.000000,0.000000,0.000000,0.000000,0.000000,0.000000,5.212042,15.636125,26.060208,36.484292,46.908375,57.332458,87.609168,137.738504,187.867840,237.997176,288.126512,338.255849,384.868550,427.964617,471.060683,514.156750,557.252817,600.348883,646.439222,695.523833,744.608444,793.693056,842.777667,891.862278,927.059014,948.367875,969.676736,990.985597,1012.294458,1033.603319,1071.068556,1124.690167,1178.311778,1231.933389,1285.555000,1339.176611,1372.978485,1386.960621,1400.942757,1414.924893,1428.907029,1442.889165,1445.705299,1437.355429,1429.005560,1420.655690,1412.305821,1403.955951,1389.375033,1368.563067,1347.751100,1326.939133,1306.127167,1285.315200,1245.240151,1185.902021,1126.563890,1067.225760,1007.887629,948.549499,882.636158,810.147608,737.659058,665.170508,592.681958,520.193408,462.786332,420.460729,378.135126,335.809524,293.483921,251.158318,214.878543,184.644596,154.410649,124.176701,93.942754,63.708807,44.542514,36.443875,28.345236,20.246597,12.147958,4.049319,0.000000,0.000000,0.000000,0.000000,0.000000,0.000000,0.000000,0.000000,0.000000,0.000000,0.000000,0.000000,0.000000,0.000000,0.000000,0.000000,0.000000,0.000000,0.000000,0.000000,0.000000,0.000000,0.000000,0.000000,0.000000,0.000000,0.000000,0.000000,0.000000,0.000000
0.000000,0.000000,0.000000,0.000000,0.000000,0.000000,0.000000,0.000000,0.000000,0.000000,0.000000,0.000000,0.000000,0.000000,0.000000,0.000000,0.000000,0.000000,0.000000,0.000000,0.000000,0.000000,0.000000,0.000000,0.000000,0.000000,0.000000,0.000000,0.000000,0.000000,5.901332,17.703996,29.506660,41.309324,53.111987,64.914651,100.075924,158.595804,217.115685,275.635565,334.155446,392.675326,449.527340,504.711488,559.895635,615.079782,670.263929,725.448076,782.885729,842.576887,902.268046,961.959204,1021.650362,1081.341521,1120.322457,1138.593171,1156.863885,1175.134599,1193.405313,1211.676026,1238.455721,1273.744396,1309.033071,1344.321746,1379.610421,1414.899096,1451.209069,1488.540342,1525.871614,1563.202886,1600.534158,1637.865431,1652.403478,1644.148300,1635.893122,1627.637944,1619.382767,1611.127589,1587.395312,1548.185938,1508.976562,1469.767187,1430.557812,1391.348438,1354.165104,1319.007812,1283.850521,1248.693229,1213.535938,1178.378646,1130.339868,1069.419604,1008.499340,947.579076,886.658812,825.738549,762.902303,698.150075,633.397847,568.645619,503.893392,439.141164,379.798304,325.864812,271.931321,217.997829,164.064337,110.130846,76.233758,62.373075,48.512392,34.651708,20.791025,6.930342,0.000000,0.000000,0.000000,0.000000,0.000000,0.000000,0.000000,0.000000,0.000000,0.000000,0.000000,0.000000,0.000000,0.000000,0.000000,0.000000,0.000000,0.000000,0.000000,0.000000,0.000000,0.000000,0.000000,0.000000,0.000000,0.000000,0.000000,0.000000,0.000000,0.000000
0.000000,0.000000,0.000000,0.000000,0.000000,0.000000,0.000000,0.000000,0.000000,0.000000,0.000000,0.000000,0.000000,0.000000,0.000000,0.000000,0.000000,0.000000,0.000000,0.000000,0.000000,0.000000,0.000000,0.000000,0.000000,0.000000,0.000000,0.000000,0.000000,0.000000,6.766197,20.298592,33.830986,47.363381,60.895775,74.428169,107.374362,159.734354,212.094346,264.454337,316.814329,369.174321,416.508031,458.815458,501.122886,543.430314,585.737742,628.045169,669.077519,708.834792,748.592064,788.349336,828.106608,867.863881,908.107131,948.836358,989.565586,1030.294814,1071.024042,1111.753269,1133.310410,1135.695463,1138.080515,1140.465568,1142.850621,1145.235674,1149.410568,1155.375304,1161.340040,1167.304776,1173.269513,1179.234249,1185.330779,1191.559104,1197.787429,1204.015754,1210.244079,1216.472404,1196.085112,1149.082204,1102.079296,1055.076388,1008.073479,961.070571,920.813783,887.303117,853.792450,820.281783,786.771117,753.260450,722.506082,694.508013,666.509943,638.511874,610.513804,582.515735,548.017329,507.018587,466.019846,425.021104,384.022363,343.023621,300.779210,257.289129,213.799049,170.308968,126.818888,83.328807,56.451786,46.187825,35.923864,25.659903,15.395942,5.131981,0.000000,0.000000,0.000000,0.000000,0.000000,0.000000,0.000000,0.000000,0.000000,0.000000,0.000000,0.000000,0.000000,0.000000,0.000000,0.000000,0.000000,0.000000,0.000000,0.000000,0.000000,0.000000,0.000000,0.000000,0.000000,0.000000,0.000000,0.000000,0.000000,0.000000
0.000000,0.000000,0.000000,0.000000,0.000000,0.000000,0.000000,0.000000,0.000000,0.000000,0.000000,0.000000,0.000000,0.000000,0.000000,0.000000,0.000000,0.000000,0.000000,0.000000,0.000000,0.000000,0.000000,0.000000,0.000000,0.000000,0.000000,0.000000,0.000000,0.000000,5.299924,15.899771,26.499618,37.099465,47.699312,58.299160,85.990503,130.773342,175.556181,220.339019,265.121858,309.904697,361.458422,419.783033,478.107644,536.432256,594.756867,653.081478,702.831267,744.006233,785.181200,826.356167,867.531133,908.706100,941.558538,966.088446,990.618354,1015.148262,1039.678171,1064.208079,1089.222918,1114.722687,1140.222457,1165.722226,1191.221996,1216.721765,1237.811007,1254.489721,1271.168435,1287.847149,1304.525862,1321.204576,1330.569688,1332.621196,1334.672704,1336.724213,1338.775721,1340.827229,1342.251981,1343.049975,1343.847969,1344.645964,1345.443958,1346.241953,1330.947933,1299.561900,1268.175867,1236.789833,1205.403800,1174.017767,1120.536058,1044.958675,969.381292,893.803908,818.226525,742.649142,674.465911,613.676833,552.887756,492.098678,431.309600,370.520522,316.485397,269.204225,221.923053,174.641881,127.360708,80.079536,51.735704,42.329212,32.922721,23.516229,14.109737,4.703246,0.000000,0.000000,0.000000,0.000000,0.000000,0.000000,0.000000,0.000000,0.000000,0.000000,0.000000,0.000000,0.000000,0.000000,0.000000,0.000000,0.000000,0.000000,0.000000,0.000000,0.000000,0.000000,0.000000,0.000000,0.000000,0.000000,0.000000,0.000000,0.000000,0.000000
0.000000,0.000000,0.000000,0.000000,0.000000,0.000000,0.000000,0.000000,0.000000,0.000000,0.000000,0.000000,0.000000,0.000000,0.000000,0.000000,0.000000,0.000000,0.000000,0.000000,0.000000,0.000000,0.000000,0.000000,0.000000,0.000000,0.000000,0.000000,0.000000,0.000000,5.941608,17.824825,29.708042,41.591258,53.474475,65.357692,90.320507,128.362921,166.405335,204.447749,242.490162,280.532576,324.446424,374.231704,424.016985,473.802265,523.587546,573.372826,618.102849,657.777612,697.452376,737.127140,776.801904,816.476668,858.782517,903.719450,948.656383,993.593317,1038.530250,1083.467183,1128.603431,1173.938992,1219.274553,1264.610114,1309.945675,1355.281236,1379.042644,1381.229900,1383.417156,1385.604411,1387.791667,1389.978922,1388.311431,1382.789192,1377.266953,1371.744714,1366.222475,1360.700236,1345.254497,1319.885258,1294.516019,1269.146781,1243.777542,1218.408303,1176.483360,1118.002712,1059.522065,1001.041418,942.560771,884.080124,827.314397,772.263592,717.212786,662.161981,607.111175,552.060369,506.743758,471.161342,435.578925,399.996508,364.414092,328.831675,290.955521,250.785629,210.615737,170.445846,130.275954,90.106062,64.186024,52.515838,40.845651,29.175465,17.505279,5.835093,0.000000,0.000000,0.000000,0.000000,0.000000,0.000000,0.000000,0.000000,0.000000,0.000000,0.000000,0.000000,0.000000,0.000000,0.000000,0.000000,0.000000,0.000000,0.000000,0.000000,0.000000,0.000000,0.000000,0.000000,0.000000,0.000000,0.000000,0.000000,0.000000,0.000000
0.000000,0.000000,0.000000,0.000000,0.000000,0.000000,0.000000,0.000000,0.000000,0.000000,0.000000,0.000000,0.000000,0.000000,0.000000,0.000000,0.000000,0.000000,0.000000,0.000000,0.000000,0.000000,0.000000,0.000000,0.000000,0.000000,0.000000,0.000000,0.000000,0.000000,7.116707,21.350121,35.583535,49.816949,64.050363,78.283776,108.050507,153.350554,198.650601,243.950649,289.250696,334.550743,383.347603,435.641275,487.934947,540.228619,592.522292,644.815964,700.120271,758.435213,816.750154,875.065096,933.380038,991.694979,1044.937213,1093.106738,1141.276262,1189.445788,1237.615313,1285.784837,1321.331529,1344.255388,1367.179246,1390.103104,1413.026963,1435.950821,1456.366176,1474.273029,1492.179882,1510.086735,1527.993588,1545.900440,1535.675883,1497.319917,1458.963950,1420.607983,1382.252017,1343.896050,1318.175894,1305.091550,1292.007206,1278.922861,1265.838517,1252.754172,1233.704907,1208.690721,1183.676535,1158.662349,1133.648162,1108.633976,1069.713017,1016.885283,964.057550,911.229817,858.402083,805.574350,750.200733,692.281233,634.361733,576.442233,518.522733,460.603233,405.518658,353.269008,301.019358,248.769708,196.520058,144.270408,108.300118,88.609188,68.918257,49.227326,29.536396,9.845465,0.000000,0.000000,0.000000,0.000000,0.000000,0.000000,0.000000,0.000000,0.000000,0.000000,0.000000,0.000000,0.000000,0.000000,0.000000,0.000000,0.000000,0.000000,0.000000,0.000000,0.000000,0.000000,0.000000,0.000000,0.000000,0.000000,0.000000,0.000000,0.000000,0.000000
0.000000,0.000000,0.000000,0.000000,0.000000,0.000000,0.000000,0.000000,0.000000,0.000000,0.000000,0.000000,0.000000,0.000000,0.000000,0.000000,0.000000,0.000000,0.000000,0.000000,0.000000,0.000000,0.000000,0.000000,0.000000,0.000000,0.000000,0.000000,0.000000,0.000000,7.302104,21.906312,36.510521,51.114729,65.718937,80.323146,110.644521,156.683063,202.721604,248.760146,294.798687,340.837229,385.071228,427.500683,469.930139,512.359594,554.789050,597.218506,644.914672,697.877550,750.840428,803.803306,856.766183,909.729061,947.798319,970.973958,994.149597,1017.325236,1040.500875,1063.676514,1087.198040,1111.065454,1134.932868,1158.800282,1182.667696,1206.535110,1214.981922,1208.008133,1201.034344,1194.060556,1187.086767,1180.112978,1194.416710,1229.997963,1265.579215,1301.160468,1336.741721,1372.322974,1374.221264,1342.436592,1310.651919,1278.867247,1247.082575,1215.297903,1185.475065,1157.614063,1129.753060,1101.892057,1074.031054,1046.170051,1004.267190,948.322471,892.377751,836.433032,780.488313,724.543593,676.006243,634.876262,593.746282,552.616301,511.486321,470.356340,421.214919,364.062058,306.909197,249.756336,192.603475,135.450614,97.968001,80.155637,62.343274,44.530910,26.718546,8.906182,0.000000,0.000000,0.000000,0.000000,0.000000,0.000000,0.000000,0.000000,0.000000,0.000000,0.000000,0.000000,0.000000,0.000000,0.000000,0.000000,0.000000,0.000000,0.000000,0.000000,0.000000,0.000000,0.000000,0.000000,0.000000,0.000000,0.000000,0.000000,0.000000,0.000000
0.000000,0.000000,0.000000,0.000000,0.000000,0.000000,0.000000,0.000000,0.000000,0.000000,0.000000,0.000000,0.000000,0.000000,0.000000,0.000000,0.000000,0.000000,0.000000,0.000000,0.000000,0.000000,0.000000,0.000000,0.000000,0.000000,0.000000,0.000000,0.000000,0.000000,8.067517,24.202550,40.337583,56.472617,72.607650,88.742683,121.869043,171.986729,222.104415,272.222101,322.339787,372.457474,422.774532,473.290963,523.807393,574.323824,624.840254,675.356685,735.115850,804.117750,873.119650,942.121550,1011.123450,1080.125350,1132.701651,1168.852354,1205.003057,1241.153760,1277.304462,1313.455165,1335.686606,1343.998783,1352.310961,1360.623139,1368.935317,1377.247494,1401.780513,1442.534371,1483.288229,1524.042088,1564.795946,1605.549804,1612.000840,1584.149054,1556.297268,1528.445482,1500.593696,1472.741910,1438.269674,1397.176987,1356.084301,1314.991615,1273.898929,1232.806243,1192.807135,1153.901604,1114.996074,1076.090543,1037.185012,998.279482,951.104314,895.659508,840.214703,784.769897,729.325092,673.880286,622.492454,575.161596,527.830737,480.499879,433.169021,385.838162,338.442907,290.983254,243.523601,196.063949,148.604296,101.144643,70.963582,58.061113,45.158643,32.256174,19.353704,6.451235,0.000000,0.000000,0.000000,0.000000,0.000000,0.000000,0.000000,0.000000,0.000000,0.000000,0.000000,0.000000,0.000000,0.000000,0.000000,0.000000,0.000000,0.000000,0.000000,0.000000,0.000000,0.000000,0.000000,0.000000,0.000000,0.000000,0.000000,0.000000,0.000000,0.000000
0.000000,0.000000,0.000000,0.000000,0.000000,0.000000,0.000000,0.000000,0.000000,0.000000,0.000000,0.000000,0.000000,0.000000,0.000000,0.000000,0.000000,0.000000,0.000000,0.000000,0.000000,0.000000,0.000000,0.000000,0.000000,0.000000,0.000000,0.000000,0.000000,0.000000,7.257065,21.771196,36.285326,50.799457,65.313587,79.827718,113.953147,167.689875,221.426603,275.163331,328.900058,382.636786,437.004742,492.003925,547.003108,602.002292,657.001475,712.000658,749.313107,768.938821,788.564535,808.190249,827.815963,847.441676,880.998613,928.486771,975.974929,1023.463088,1070.951246,1118.439404,1158.701979,1191.738971,1224.775962,1257.812954,1290.849946,1323.886937,1346.267765,1357.992429,1369.717093,1381.441757,1393.166421,1404.891085,1416.809908,1428.922892,1441.035875,1453.148858,1465.261842,1477.374825,1474.124019,1455.509425,1436.894831,1418.280236,1399.665642,1381.051047,1354.089933,1318.782300,1283.474667,1248.167033,1212.859400,1177.551767,1124.753692,1054.465175,984.176658,913.888142,843.599625,773.311108,710.936381,656.475442,602.014503,547.553564,493.092625,438.631686,384.665960,331.195446,277.724932,224.254418,170.783904,117.313390,83.029956,67.933600,52.837244,37.740889,22.644533,7.548178,0.000000,0.000000,0.000000,0.000000,0.000000,0.000000,0.000000,0.000000,0.000000,0.000000,0.000000,0.000000,0.000000,0.000000,0.000000,0.000000,0.000000,0.000000,0.000000,0.000000,0.000000,0.000000,0.000000,0.000000,0.000000,0.000000,0.000000,0.000000,0.000000,0.000000
0.000000,0.000000,0.000000,0.000000,0.000000,0.000000,0.000000,0.000000,0.000000,0.000000,0.000000,0.000000,0.000000,0.000000,0.000000,0.000000,0.000000,0.000000,0.000000,0.000000,0.000000,0.000000,0.000000,0.000000,0.000000,0.000000,0.000000,0.000000,0.000000,0.000000,8.161897,24.485692,40.809486,57.133281,73.457075,89.780869,120.585968,165.872371,211.158774,256.445176,301.731579,347.017982,390.225781,431.354975,472.484169,513.613364,554.742558,595.871753,630.660710,659.109429,687.558149,716.006868,744.455587,772.904307,802.618811,833.599100,864.579389,895.559678,926.539967,957.520256,981.866399,999.578396,1017.290393,1035.002390,1052.714387,1070.426385,1095.588225,1128.199908,1160.811592,1193.423275,1226.034958,1258.646642,1282.330708,1297.087158,1311.843608,1326.600058,1341.356508,1356.112958,1361.942199,1358.844229,1355.746260,1352.648290,1349.550321,1346.452351,1328.606743,1296.013496,1263.420249,1230.827001,1198.233754,1165.640507,1121.140422,1064.733500,1008.326578,951.919656,895.512733,839.105811,782.846311,726.734233,670.622156,614.510078,558.398000,502.285922,444.729925,385.730008,326.730092,267.730175,208.730258,149.730342,110.211185,90.172787,70.134390,50.095993,30.057596,10.019199,0.000000,0.000000,0.000000,0.000000,0.000000,0.000000,0.000000,0.000000,0.000000,0.000000,0.000000,0.000000,0.000000,0.000000,0.000000,0.000000,0.000000,0.000000,0.000000,0.000000,0.000000,0.000000,0.000000,0.000000,0.000000,0.000000,0.000000,0.000000,0.000000,0.000000
0.000000,0.000000,0.000000,0.000000,0.000000,0.000000,0.000000,0.000000,0.000000,0.000000,0.000000,0.000000,0.000000,0.000000,0.000000,0.000000,0.000000,0.000000,0.000000,0.000000,0.000000,0.000000,0.000000,0.000000,0.000000,0.000000,0.000000,0.000000,0.000000,0.000000,8.888839,26.666517,44.444194,62.221872,79.999550,97.777228,133.775218,187.993521,242.211824,296.430126,350.648429,404.866732,450.124779,486.422571,522.720363,559.018154,595.315946,631.613738,672.103869,716.786342,761.468814,806.151286,850.833758,895.516231,941.728169,989.469575,1037.210981,1084.952386,1132.693792,1180.435197,1206.274826,1210.212679,1214.150532,1218.088385,1222.026237,1225.964090,1242.088190,1270.398537,1298.708885,1327.019232,1355.329579,1383.639926,1412.990090,1443.380071,1473.770051,1504.160032,1534.550012,1564.939993,1560.076749,1519.960279,1479.843810,1439.727340,1399.610871,1359.494401,1321.538822,1285.744133,1249.949444,1214.154756,1178.360067,1142.565378,1092.037192,1026.775508,961.513825,896.252142,830.990458,765.728775,700.283517,634.654683,569.025850,503.397017,437.768183,372.139350,319.250760,279.102412,238.954065,198.805718,158.657371,118.509024,90.231946,73.826138,57.420329,41.014521,24.608713,8.202904,0.000000,0.000000,0.000000,0.000000,0.000000,0.000000,0.000000,0.000000,0.000000,0.000000,0.000000,0.000000,0.000000,0.000000,0.000000,0.000000,0.000000,0.000000,0.000000,0.000000,0.000000,0.000000,0.000000,0.000000,0.000000,0.000000,0.000000,0.000000,0.000000,0.000000
0.000000,0.000000,0.000000,0.000000,0.000000,0.000000,0.000000,0.000000,0.000000,0.000000,0.000000,0.000000,0.000000,0.000000,0.000000,0.000000,0.000000,0.000000,0.000000,0.000000,0.000000,0.000000,0.000000,0.000000,0.000000,0.000000,0.000000,0.000000,0.000000,0.000000,10.299272,30.897817,51.496361,72.094906,92.693450,113.291994,150.376640,203.947388,257.518135,311.088882,364.659629,418.230376,471.363328,524.058483,576.753639,629.448794,682.143950,734.839106,783.151654,827.081596,871.011537,914.941479,958.871421,1002.801362,1031.294282,1044.350179,1057.406076,1070.461974,1083.517871,1096.573768,1118.584593,1149.550346,1180.516099,1211.481851,1242.447604,1273.413357,1288.291600,1287.082333,1285.873067,1284.663800,1283.454533,1282.245267,1285.503357,1293.228804,1300.954251,1308.679699,1316.405146,1324.130593,1303.922994,1255.782350,1207.641706,1159.501061,1111.360417,1063.219772,1032.618088,1019.555363,1006.492638,993.429912,980.367188,967.304463,936.567442,888.156125,839.744808,791.333492,742.922175,694.510858,647.174188,600.912163,554.650137,508.388113,462.126087,415.864062,368.255582,319.300646,270.345710,221.390774,172.435837,123.480901,90.753147,74.252575,57.752003,41.251431,24.750858,8.250286,0.000000,0.000000,0.000000,0.000000,0.000000,0.000000,0.000000,0.000000,0.000000,0.000000,0.000000,0.000000,0.000000,0.000000,0.000000,0.000000,0.000000,0.000000,0.000000,0.000000,0.000000,0.000000,0.000000,0.000000,0.000000,0.000000,0.000000,0.000000,0.000000,0.000000
0.000000,0.000000,0.000000,0.000000,0.000000,0.000000,0.000000,0.000000,0.000000,0.000000,0.000000,0.000000,0.000000,0.000000,0.000000,0.000000,0.000000,0.000000,0.000000,0.000000,0.000000,0.000000,0.000000,0.000000,0.000000,0.000000,0.000000,0.000000,0.000000,0.000000,8.049879,24.149638,40.249396,56.349154,72.448913,88.548671,117.317696,158.755988,200.194279,241.632571,283.070862,324.509154,369.195917,417.131150,465.066383,513.001617,560.936850,608.872083,656.821758,704.785875,752.749992,800.714108,848.678225,896.642342,952.353486,1015.811658,1079.269831,1142.728003,1206.186175,1269.644347,1320.839189,1359.770700,1398.702211,1437.633722,1476.565233,1515.496744,1533.436385,1530.384154,1527.331924,1524.279693,1521.227463,1518.175232,1523.117032,1536.052862,1548.988693,1561.924524,1574.860354,1587.796185,1575.720737,1538.634012,1501.547288,1464.460562,1427.373838,1390.287113,1344.780593,1290.854279,1236.927965,1183.001651,1129.075338,1075.149024,1027.388828,985.794750,944.200672,902.606594,861.012517,819.418439,771.613367,717.597300,663.581233,609.565167,555.549100,501.533033,446.005064,388.965192,331.925319,274.885447,217.845575,160.805703,121.261953,99.214325,77.166697,55.119069,33.071442,11.023814,0.000000,0.000000,0.000000,0.000000,0.000000,0.000000,0.000000,0.000000,0.000000,0.000000,0.000000,0.000000,0.000000,0.000000,0.000000,0.000000,0.000000,0.000000,0.000000,0.000000,0.000000,0.000000,0.000000,0.000000,0.000000,0.000000,0.000000,0.000000,0.000000,0.000000
0.000000,0.000000,0.000000,0.000000,0.000000,0.000000,0.000000,0.000000,0.000000,0.000000,0.000000,0.000000,0.000000,0.000000,0.000000,0.000000,0.000000,0.000000,0.000000,0.000000,0.000000,0.000000,0.000000,0.000000,0.000000,0.000000,0.000000,0.000000,0.000000,0.000000,10.259799,30.779396,51.298993,71.818590,92.338188,112.857785,150.218364,204.419925,258.621486,312.823047,367.024608,421.226169,469.709374,512.474221,555.239068,598.003915,640.768762,683.533610,730.836428,782.677217,834.518006,886.358794,938.199583,990.040372,1042.045338,1094.214479,1146.383621,1198.552763,1250.721904,1302.891046,1346.141190,1380.472338,1414.803485,1449.134632,1483.465779,1517.796926,1526.487039,1509.536117,1492.585194,1475.634272,1458.683350,1441.732428,1443.410788,1463.718429,1484.026071,1504.333713,1524.641354,1544.948996,1539.822894,1509.263050,1478.703206,1448.143361,1417.583517,1387.023672,1354.165104,1319.007812,1283.850521,1248.693229,1213.535938,1178.378646,1132.133854,1074.801563,1017.469271,960.136979,902.804688,845.472396,789.125521,733.764062,678.402604,623.041146,567.679688,512.318229,454.096871,393.015613,331.934354,270.853096,209.771837,148.690579,108.304121,88.612463,68.920804,49.229146,29.537487,9.845829,0.000000,0.000000,0.000000,0.000000,0.000000,0.000000,0.000000,0.000000,0.000000,0.000000,0.000000,0.000000,0.000000,0.000000,0.000000,0.000000,0.000000,0.000000,0.000000,0.000000,0.000000,0.000000,0.000000,0.000000,0.000000,0.000000,0.000000,0.000000,0.000000,0.000000
0.000000,0.000000,0.000000,0.000000,0.000000,0.000000,0.000000,0.000000,0.000000,0.000000,0.000000,0.000000,0.000000,0.000000,0.000000,0.000000,0.000000,0.000000,0.000000,0.000000,0.000000,0.000000,0.000000,0.000000,0.000000,0.000000,0.000000,0.000000,0.000000,0.000000,9.460589,28.381767,47.302944,66.224122,85.145300,104.066478,140.532361,194.542950,248.553539,302.564128,356.574717,410.585306,458.812801,501.257204,543.701607,586.146010,628.590412,671.034815,712.113357,751.826037,791.538718,831.251399,870.964079,910.676760,955.224185,1004.606354,1053.988524,1103.370693,1152.752862,1202.135032,1239.342503,1264.375275,1289.408047,1314.440819,1339.473592,1364.506364,1390.864446,1418.547838,1446.231229,1473.914621,1501.598012,1529.281404,1548.446175,1559.092325,1569.738475,1580.384625,1591.030775,1601.676925,1587.395312,1548.185938,1508.976562,1469.767187,1430.557812,1391.348438,1354.165104,1319.007812,1283.850521,1248.693229,1213.535938,1178.378646,1130.096987,1068.690963,1007.284938,945.878912,884.472888,823.066863,762.486742,702.732525,642.978308,583.224092,523.469875,463.715658,408.107514,356.645442,305.183369,253.721297,202.259225,150.797153,114.643940,93.799587,72.955235,52.110882,31.266529,10.422176,0.000000,0.000000,0.000000,0.000000,0.000000,0.000000,0.000000,0.000000,0.000000,0.000000,0.000000,0.000000,0.000000,0.000000,0.000000,0.000000,0.000000,0.000000,0.000000,0.000000,0.000000,0.000000,0.000000,0.000000,0.000000,0.000000,0.000000,0.000000,0.000000,0.000000
0.000000,0.000000,0.000000,0.000000,0.000000,0.000000,0.000000,0.000000,0.000000,0.000000,0.000000,0.000000,0.000000,0.000000,0.000000,0.000000,0.000000,0.000000,0.000000,0.000000,0.000000,0.000000,0.000000,0.000000,0.000000,0.000000,0.000000,0.000000,0.000000,0.000000,11.242756,33.728267,56.213778,78.699289,101.184800,123.670311,162.963540,219.064488,275.165435,331.266382,387.367329,443.468276,497.585090,549.717771,601.850451,653.983132,706.115813,758.248493,810.309814,862.299775,914.289736,966.279697,1018.269658,1070.259619,1116.261876,1156.276429,1196.290982,1236.305535,1276.320087,1316.334640,1352.893632,1385.997062,1419.100493,1452.203924,1485.307354,1518.410785,1545.880729,1567.717188,1589.553646,1611.390104,1633.226562,1655.063021,1647.383290,1610.187371,1572.991451,1535.795532,1498.599613,1461.403693,1432.247525,1411.131108,1390.014692,1368.898275,1347.781858,1326.665442,1293.044564,1246.919225,1200.793886,1154.668547,1108.543208,1062.417869,1016.125947,969.667442,923.208936,876.750431,830.291925,783.833419,727.382639,660.939583,594.496528,528.053472,461.610417,395.167361,341.445331,300.444325,259.443319,218.442314,177.441308,136.440303,106.278150,86.954850,67.631550,48.308250,28.984950,9.661650,0.000000,0.000000,0.000000,0.000000,0.000000,0.000000,0.000000,0.000000,0.000000,0.000000,0.000000,0.000000,0.000000,0.000000,0.000000,0.000000,0.000000,0.000000,0.000000,0.000000,0.000000,0.000000,0.000000,0.000000,0.000000,0.000000,0.000000,0.000000,0.000000,0.000000
0.000000,0.000000,0.000000,0.000000,0.000000,0.000000,0.000000,0.000000,0.000000,0.000000,0.000000,0.000000,0.000000,0.000000,0.000000,0.000000,0.000000,0.000000,0.000000,0.000000,0.000000,0.000000,0.000000,0.000000,0.000000,0.000000,0.000000,0.000000,0.000000,0.000000,11.577993,34.733979,57.889965,81.045951,104.201937,127.357924,166.651153,222.081625,277.512097,332.942569,388.373042,443.803514,500.625000,558.837500,617.050000,675.262500,733.475000,791.687500,844.795086,892.797758,940.800431,988.803103,1036.805775,1084.808447,1131.144906,1175.815150,1220.485394,1265.155639,1309.825883,1354.496128,1380.973115,1389.256846,1397.540576,1405.824307,1414.108038,1422.391768,1439.195667,1464.519733,1489.843800,1515.167867,1540.491933,1565.816000,1567.308247,1544.968675,1522.629103,1500.289531,1477.949958,1455.610386,1438.382529,1426.266387,1414.150246,1402.034104,1389.917962,1377.801821,1341.869101,1282.119804,1222.370507,1162.621210,1102.871913,1043.122615,995.473110,959.923396,924.373682,888.823968,853.274254,817.724540,765.913260,697.840413,629.767565,561.694718,493.621871,425.549024,368.850606,323.526617,278.202628,232.878639,187.554650,142.230661,109.604611,89.676500,69.748389,49.820278,29.892167,9.964056,0.000000,0.000000,0.000000,0.000000,0.000000,0.000000,0.000000,0.000000,0.000000,0.000000,0.000000,0.000000,0.000000,0.000000,0.000000,0.000000,0.000000,0.000000,0.000000,0.000000,0.000000,0.000000,0.000000,0.000000,0.000000,0.000000,0.000000,0.000000,0.000000,0.000000
0.000000,0.000000,0.000000,0.000000,0.000000,0.000000,0.000000,0.000000,0.000000,0.000000,0.000000,0.000000,0.000000,0.000000,0.000000,0.000000,0.000000,0.000000,0.000000,0.000000,0.000000,0.000000,0.000000,0.000000,0.000000,0.000000,0.000000,0.000000,0.000000,0.000000,9.929656,29.788967,49.648278,69.507589,89.366900,109.226211,142.657461,189.660650,236.663839,283.667028,330.670217,377.673406,433.028135,496.734404,560.440674,624.146943,687.853213,751.559482,810.737117,865.386117,920.035117,974.684117,1029.333117,1083.982117,1133.433669,1177.687775,1221.941881,1266.195986,1310.450092,1354.704197,1390.008854,1416.364062,1442.719271,1469.074479,1495.429688,1521.784896,1543.603525,1560.885575,1578.167625,1595.449675,1612.731725,1630.013775,1615.037485,1567.802854,1520.568224,1473.333593,1426.098962,1378.864332,1344.727379,1323.688104,1302.648829,1281.609554,1260.570279,1239.531004,1215.931990,1189.773237,1163.614485,1137.455732,1111.296979,1085.138226,1043.024614,984.956142,926.887669,868.819197,810.750725,752.682253,700.246956,653.444833,606.642711,559.840589,513.038467,466.236344,418.751592,370.584208,322.416825,274.249442,226.082058,177.914675,141.011735,115.373238,89.734740,64.096243,38.457746,12.819249,0.000000,0.000000,0.000000,0.000000,0.000000,0.000000,0.000000,0.000000,0.000000,0.000000,0.000000,0.000000,0.000000,0.000000,0.000000,0.000000,0.000000,0.000000,0.000000,0.000000,0.000000,0.000000,0.000000,0.000000,0.000000,0.000000,0.000000,0.000000,0.000000,0.000000
0.000000,0.000000,0.000000,0.000000,0.000000,0.000000,0.000000,0.000000,0.000000,0.000000,0.000000,0.000000,0.000000,0.000000,0.000000,0.000000,0.000000,0.000000,0.000000,0.000000,0.000000,0.000000,0.000000,0.000000,0.000000,0.000000,0.000000,0.000000,0.000000,0.000000,9.515750,28.547250,47.578750,66.610250,85.641750,104.673250,143.789368,202.990104,262.190840,321.391576,380.592312,439.793049,494.423654,544.484129,594.544604,644.605079,694.665554,744.726029,782.920669,809.249475,835.578281,861.907086,888.235892,914.564697,945.867983,982.145750,1018.423517,1054.701283,1090.979050,1127.256817,1151.464507,1163.602121,1175.739735,1187.877349,1200.014963,1212.152576,1210.467554,1194.959896,1179.452238,1163.944579,1148.436921,1132.929263,1130.284539,1140.502750,1150.720961,1160.939172,1171.157383,1181.375594,1177.248751,1158.776854,1140.304957,1121.833060,1103.361163,1084.889265,1061.938046,1034.507504,1007.076963,979.646421,952.215879,924.785338,883.888956,829.526733,775.164511,720.802289,666.440067,612.077844,571.885126,545.861913,519.838699,493.815485,467.792271,441.769057,404.714919,356.629858,308.544797,260.459736,212.374675,164.289614,128.559826,105.185312,81.810799,58.436285,35.061771,11.687257,0.000000,0.000000,0.000000,0.000000,0.000000,0.000000,0.000000,0.000000,0.000000,0.000000,0.000000,0.000000,0.000000,0.000000,0.000000,0.000000,0.000000,0.000000,0.000000,0.000000,0.000000,0.000000,0.000000,0.000000,0.000000,0.000000,0.000000,0.000000,0.000000,0.000000
0.000000,0.000000,0.000000,0.000000,0.000000,0.000000,0.000000,0.000000,0.000000,0.000000,0.000000,0.000000,0.000000,0.000000,0.000000,0.000000,0.000000,0.000000,0.000000,0.000000,0.000000,0.000000,0.000000,0.000000,0.000000,0.000000,0.000000,0.000000,0.000000,0.000000,11.278522,33.835567,56.392611,78.949656,101.506700,124.063744,162.802437,217.722779,272.643121,327.563462,382.483804,437.404146,500.266925,571.072142,641.877358,712.682575,783.487792,854.293008,910.573586,952.329525,994.085464,1035.841403,1077.597342,1119.353281,1159.947917,1199.381250,1238.814583,1278.247917,1317.681250,1357.114583,1390.008854,1416.364062,1442.719271,1469.074479,1495.429688,1521.784896,1515.147911,1475.518733,1435.889556,1396.260378,1356.631200,1317.002022,1289.489532,1274.093729,1258.697926,1243.302124,1227.906321,1212.510518,1211.097900,1223.668467,1236.239033,1248.809600,1261.380167,1273.950733,1256.956485,1210.397421,1163.838357,1117.279293,1070.720229,1024.161165,980.151806,938.692150,897.232494,855.772839,814.313183,772.853528,727.624381,678.625742,629.627103,580.628464,531.629825,482.631186,431.747832,378.979763,326.211693,273.443624,220.675554,167.907485,129.729829,106.142588,82.555346,58.968104,35.380862,11.793621,0.000000,0.000000,0.000000,0.000000,0.000000,0.000000,0.000000,0.000000,0.000000,0.000000,0.000000,0.000000,0.000000,0.000000,0.000000,0.000000,0.000000,0.000000,0.000000,0.000000,0.000000,0.000000,0.000000,0.000000,0.000000,0.000000,0.000000,0.000000,0.000000,0.000000
0.000000,0.000000,0.000000,0.000000,0.000000,0.000000,0.000000,0.000000,0.000000,0.000000,0.000000,0.000000,0.000000,0.000000,0.000000,0.000000,0.000000,0.000000,0.000000,0.000000,0.000000,0.000000,0.000000,0.000000,0.000000,0.000000,0.000000,0.000000,0.000000,0.000000,13.051133,39.153400,65.255667,91.357933,117.460200,143.562467,186.341157,245.796271,305.251385,364.706499,424.161613,483.616726,541.901681,599.016475,656.131269,713.246064,770.360858,827.475653,879.716233,927.082600,974.448967,1021.815333,1069.181700,1116.548067,1159.947917,1199.381250,1238.814583,1278.247917,1317.681250,1357.114583,1386.992406,1407.314717,1427.637028,1447.959339,1468.281650,1488.603961,1492.665399,1480.465963,1468.266526,1456.067090,1443.867654,1431.668218,1426.024064,1426.935192,1427.846319,1428.757447,1429.668575,1430.579703,1426.094307,1416.212387,1406.330468,1396.448549,1386.566629,1376.684710,1354.165104,1319.007812,1283.850521,1248.693229,1213.535938,1178.378646,1124.682236,1052.446708,980.211181,907.975653,835.740125,763.504597,704.018417,657.281583,610.544750,563.807917,517.071083,470.334250,419.648665,365.014329,310.379993,255.745657,201.111321,146.476985,109.229832,89.369862,69.509893,49.649924,29.789954,9.929985,0.000000,0.000000,0.000000,0.000000,0.000000,0.000000,0.000000,0.000000,0.000000,0.000000,0.000000,0.000000,0.000000,0.000000,0.000000,0.000000,0.000000,0.000000,0.000000,0.000000,0.000000,0.000000,0.000000,0.000000,0.000000,0.000000,0.000000,0.000000,0.000000,0.000000
0.000000,0.000000,0.000000,0.000000,0.000000,0.000000,0.000000,0.000000,0.000000,0.000000,0.000000,0.000000,0.000000,0.000000,0.000000,0.000000,0.000000,0.000000,0.000000,0.000000,0.000000,0.000000,0.000000,0.000000,0.000000,0.000000,0.000000,0.000000,0.000000,0.000000,11.561819,34.685458,57.809097,80.932736,104.056375,127.180014,161.282924,206.365104,251.447285,296.529465,341.611646,386.693826,436.421261,490.793950,545.166639,599.539328,653.912017,708.284706,769.201067,836.661100,904.121133,971.581167,1039.041200,1106.501233,1159.175000,1197.062500,1234.950000,1272.837500,1310.725000,1348.612500,1381.506771,1409.407812,1437.308854,1465.209896,1493.110937,1521.011979,1533.618111,1530.929333,1528.240556,1525.551778,1522.863000,1520.174222,1510.156985,1492.811287,1475.465590,1458.119893,1440.774196,1423.428499,1401.028621,1373.574562,1346.120504,1318.666446,1291.212387,1263.758329,1231.987057,1195.898571,1159.810085,1123.721599,1087.633112,1051.544626,1005.619986,949.859192,894.098397,838.337603,782.576808,726.816014,675.616638,628.978679,582.340721,535.702763,489.064804,442.426846,394.745604,346.021079,297.296554,248.572029,199.847504,151.122979,116.197324,95.070538,73.943751,52.816965,31.690179,10.563393,0.000000,0.000000,0.000000,0.000000,0.000000,0.000000,0.000000,0.000000,0.000000,0.000000,0.000000,0.000000,0.000000,0.000000,0.000000,0.000000,0.000000,0.000000,0.000000,0.000000,0.000000,0.000000,0.000000,0.000000,0.000000,0.000000,0.000000,0.000000,0.000000,0.000000
0.000000,0.000000,0.000000,0.000000,0.000000,0.000000,0.000000,0.000000,0.000000,0.000000,0.000000,0.000000,0.000000,0.000000,0.000000,0.000000,0.000000,0.000000,0.000000,0.000000,0.000000,0.000000,0.000000,0.000000,0.000000,0.000000,0.000000,0.000000,0.000000,0.000000,9.956339,29.869017,49.781694,69.694372,89.607050,109.519728,140.548303,182.692775,224.837247,266.981719,309.126192,351.270664,393.221811,434.979633,476.737456,518.495278,560.253100,602.010922,645.594501,691.003838,736.413174,781.822510,827.231846,872.641182,912.942879,948.136938,983.330996,1018.525054,1053.719112,1088.913171,1112.461083,1124.362850,1136.264617,1148.166383,1160.068150,1171.969917,1175.470690,1170.570471,1165.670251,1160.770032,1155.869813,1150.969593,1157.038732,1174.077229,1191.115726,1208.154224,1225.192721,1242.231218,1257.091961,1269.774950,1282.457939,1295.140928,1307.823917,1320.506906,1283.710694,1197.435283,1111.159872,1024.884461,938.609050,852.333639,795.753519,768.868692,741.983864,715.099036,688.214208,661.329381,622.445344,571.562100,520.678856,469.795611,418.912367,368.029122,320.868942,277.431825,233.994708,190.557592,147.120475,103.683358,75.134400,61.473600,47.812800,34.152000,20.491200,6.830400,0.000000,0.000000,0.000000,0.000000,0.000000,0.000000,0.000000,0.000000,0.000000,0.000000,0.000000,0.000000,0.000000,0.000000,0.000000,0.000000,0.000000,0.000000,0.000000,0.000000,0.000000,0.000000,0.000000,0.000000,0.000000,0.000000,0.000000,0.000000,0.000000,0.000000
0.000000,0.000000,0.000000,0.000000,0.000000,0.000000,0.000000,0.000000,0.000000,0.000000,0.000000,0.000000,0.000000,0.000000,0.000000,0.000000,0.000000,0.000000,0.000000,0.000000,0.000000,0.000000,0.000000,0.000000,0.000000,0.000000,0.000000,0.000000,0.000000,0.000000,10.465935,31.397804,52.329674,73.261543,94.193412,115.125282,147.378894,190.954250,234.529606,278.104961,321.680317,365.255672,412.296540,462.802921,513.309301,563.815682,614.322063,664.828443,722.014896,785.881421,849.747946,913.614471,977.480996,1041.347521,1085.838958,1110.955308,1136.071658,1161.188008,1186.304358,1211.420708,1242.458299,1279.417129,1316.375960,1353.334790,1390.293621,1427.252451,1429.551453,1397.190625,1364.829797,1332.468969,1300.108142,1267.747314,1247.601640,1239.671121,1231.740601,1223.810082,1215.879563,1207.949043,1186.227790,1150.715804,1115.203818,1079.691832,1044.179846,1008.667860,987.179981,979.716208,972.252436,964.788664,957.324892,949.861119,921.872386,873.358692,824.844997,776.331303,727.817608,679.303914,635.601949,596.711712,557.821476,518.931240,480.041004,441.150768,398.097431,350.880992,303.664553,256.448114,209.231675,162.015236,126.873099,103.805262,80.737426,57.669590,34.601754,11.533918,0.000000,0.000000,0.000000,0.000000,0.000000,0.000000,0.000000,0.000000,0.000000,0.000000,0.000000,0.000000,0.000000,0.000000,0.000000,0.000000,0.000000,0.000000,0.000000,0.000000,0.000000,0.000000,0.000000,0.000000,0.000000,0.000000,0.000000,0.000000,0.000000,0.000000
0.000000,0.000000,0.000000,0.000000,0.000000,0.000000,0.000000,0.000000,0.000000,0.000000,0.000000,0.000000,0.000000,0.000000,0.000000,0.000000,0.000000,0.000000,0.000000,0.000000,0.000000,0.000000,0.000000,0.000000,0.000000,0.000000,0.000000,0.000000,0.000000,0.000000,13.353911,40.061733,66.769556,93.477378,120.185200,146.893022,185.835857,237.013704,288.191551,339.369399,390.547246,441.725093,492.199244,541.969700,591.740156,641.510611,691.281067,741.051522,787.825138,831.601912,875.378687,919.155463,962.932238,1006.709012,1054.766075,1107.103425,1159.440775,1211.778125,1264.115475,1316.452825,1341.964500,1340.650500,1339.336500,1338.022500,1336.708500,1335.394500,1328.616072,1316.373217,1304.130361,1291.887506,1279.644650,1267.401794,1255.063367,1242.629367,1230.195367,1217.761367,1205.327367,1192.893367,1192.965513,1205.543804,1218.122096,1230.700388,1243.278679,1255.856971,1238.305690,1190.624838,1142.943985,1095.263132,1047.582279,999.901426,952.661536,905.862608,859.063681,812.264753,765.465825,718.666897,672.585004,627.220146,581.855287,536.490429,491.125571,445.760712,398.916206,350.592050,302.267894,253.943739,205.619583,157.295428,122.038904,99.850013,77.661121,55.472229,33.283337,11.094446,0.000000,0.000000,0.000000,0.000000,0.000000,0.000000,0.000000,0.000000,0.000000,0.000000,0.000000,0.000000,0.000000,0.000000,0.000000,0.000000,0.000000,0.000000,0.000000,0.000000,0.000000,0.000000,0.000000,0.000000,0.000000,0.000000,0.000000,0.000000,0.000000,0.000000
0.000000,0.000000,0.000000,0.000000,0.000000,0.000000,0.000000,0.000000,0.000000,0.000000,0.000000,0.000000,0.000000,0.000000,0.000000,0.000000,0.000000,0.000000,0.000000,0.000000,0.000000,0.000000,0.000000,0.000000,0.000000,0.000000,0.000000,0.000000,0.000000,0.000000,10.459429,31.378287,52.297146,73.216004,94.134862,115.053721,141.188168,172.538204,203.888240,235.238276,266.588312,297.938349,334.409458,376.001642,417.593825,459.186008,500.778192,542.370375,592.095339,649.953083,707.810828,765.668572,823.526317,881.384061,928.868678,965.980167,1003.091656,1040.203144,1077.314633,1114.426122,1159.504015,1212.548313,1265.592610,1318.636907,1371.681204,1424.725501,1469.009811,1504.534133,1540.058456,1575.582778,1611.107100,1646.631422,1636.903864,1581.924425,1526.944986,1471.965547,1416.986108,1362.006669,1331.030353,1324.057158,1317.083964,1310.110769,1303.137575,1296.164381,1276.994112,1245.626771,1214.259429,1182.892087,1151.524746,1120.157404,1065.434422,987.355800,909.277178,831.198556,753.119933,675.041311,605.861019,545.579058,485.297097,425.015136,364.733175,304.451214,260.784224,233.732204,206.680185,179.628165,152.576146,125.524126,102.664940,83.998587,65.332235,46.665882,27.999529,9.333176,0.000000,0.000000,0.000000,0.000000,0.000000,0.000000,0.000000,0.000000,0.000000,0.000000,0.000000,0.000000,0.000000,0.000000,0.000000,0.000000,0.000000,0.000000,0.000000,0.000000,0.000000,0.000000,0.000000,0.000000,0.000000,0.000000,0.000000,0.000000,0.000000,0.000000
0.000000,0.000000,0.000000,0.000000,0.000000,0.000000,0.000000,0.000000,0.000000,0.000000,0.000000,0.000000,0.000000,0.000000,0.000000,0.000000,0.000000,0.000000,0.000000,0.000000,0.000000,0.000000,0.000000,0.000000,0.000000,0.000000,0.000000,0.000000,0.000000,0.000000,13.359387,40.078162,66.796938,93.515712,120.234488,146.953263,184.353449,232.435046,280.516643,328.598240,376.679838,424.761435,475.662629,529.383421,583.104213,636.825004,690.545796,744.266588,801.356732,861.816229,922.275726,982.735224,1043.194721,1103.654218,1146.458019,1171.606125,1196.754231,1221.902336,1247.050442,1272.198547,1305.621758,1347.320075,1389.018392,1430.716708,1472.415025,1514.113342,1540.572811,1551.793433,1563.014056,1574.234678,1585.455300,1596.675922,1596.433624,1584.728404,1573.023185,1561.317965,1549.612746,1537.907526,1517.755549,1489.156813,1460.558076,1431.959340,1403.360604,1374.761868,1334.815437,1283.521313,1232.227188,1180.933062,1129.638937,1078.344813,1029.917117,984.355850,938.794583,893.233317,847.672050,802.110783,756.328679,710.325737,664.322796,618.319854,572.316912,526.313971,473.908974,415.101921,356.294868,297.487815,238.680763,179.873710,137.931001,112.852638,87.774274,62.695910,37.617546,12.539182,0.000000,0.000000,0.000000,0.000000,0.000000,0.000000,0.000000,0.000000,0.000000,0.000000,0.000000,0.000000,0.000000,0.000000,0.000000,0.000000,0.000000,0.000000,0.000000,0.000000,0.000000,0.000000,0.000000,0.000000,0.000000,0.000000,0.000000,0.000000,0.000000,0.000000
0.000000,0.000000,0.000000,0.000000,0.000000,0.000000,0.000000,0.000000,0.000000,0.000000,0.000000,0.000000,0.000000,0.000000,0.000000,0.000000,0.000000,0.000000,0.000000,0.000000,0.000000,0.000000,0.000000,0.000000,0.000000,0.000000,0.000000,0.000000,0.000000,0.000000,11.139017,33.417050,55.695083,77.973117,100.251150,122.529183,155.717954,199.817463,243.916971,288.016479,332.115988,376.215496,427.307069,485.390708,543.474347,601.557986,659.641625,717.725264,773.577031,827.196925,880.816819,934.436714,988.056608,1041.676503,1090.712936,1135.165908,1179.618881,1224.071853,1268.524825,1312.977797,1351.850801,1385.143838,1418.436874,1451.729910,1485.022946,1518.315982,1539.991351,1550.049054,1560.106757,1570.164460,1580.222163,1590.279865,1586.577261,1569.114350,1551.651439,1534.188528,1516.725617,1499.262706,1479.692187,1458.014063,1436.335938,1414.657812,1392.979687,1371.301563,1327.371142,1261.188425,1195.005708,1128.822992,1062.640275,996.457558,938.767447,889.569942,840.372436,791.174931,741.977425,692.779919,645.831369,601.131775,556.432181,511.732586,467.032992,422.333397,376.822840,330.501321,284.179801,237.858282,191.536763,145.215243,111.883276,91.540863,71.198449,50.856035,30.513621,10.171207,0.000000,0.000000,0.000000,0.000000,0.000000,0.000000,0.000000,0.000000,0.000000,0.000000,0.000000,0.000000,0.000000,0.000000,0.000000,0.000000,0.000000,0.000000,0.000000,0.000000,0.000000,0.000000,0.000000,0.000000,0.000000,0.000000,0.000000,0.000000,0.000000,0.000000
0.000000,0.000000,0.000000,0.000000,0.000000,0.000000,0.000000,0.000000,0.000000,0.000000,0.000000,0.000000,0.000000,0.000000,0.000000,0.000000,0.000000,0.000000,0.000000,0.000000,0.000000,0.000000,0.000000,0.000000,0.000000,0.000000,0.000000,0.000000,0.000000,0.000000,12.383965,37.151896,61.919826,86.687757,111.455687,136.223618,169.876711,212.414967,254.953222,297.491478,340.029733,382.567989,433.398361,492.520850,551.643339,610.765828,669.888317,729.010806,774.169436,805.364208,836.558981,867.753753,898.948525,930.143297,965.407186,1004.740192,1044.073197,1083.406203,1122.739208,1162.072214,1184.709026,1190.649646,1196.590265,1202.530885,1208.471504,1214.412124,1217.257161,1217.006617,1216.756072,1216.505528,1216.254983,1216.004439,1214.334725,1211.245842,1208.156958,1205.068075,1201.979192,1198.890308,1196.103397,1193.618458,1191.133519,1188.648581,1186.163642,1183.678703,1162.060807,1121.309954,1080.559101,1039.808249,999.057396,958.306543,926.432206,903.434383,880.436561,857.438739,834.440917,811.443094,775.224876,725.786263,676.347649,626.909035,577.470421,528.031807,477.644388,426.308162,374.971937,323.635713,272.299487,220.963262,179.020554,146.471362,113.922171,81.372979,48.823788,16.274596,0.000000,0.000000,0.000000,0.000000,0.000000,0.000000,0.000000,0.000000,0.000000,0.000000,0.000000,0.000000,0.000000,0.000000,0.000000,0.000000,0.000000,0.000000,0.000000,0.000000,0.000000,0.000000,0.000000,0.000000,0.000000,0.000000,0.000000,0.000000,0.000000,0.000000
0.000000,0.000000,0.000000,0.000000,0.000000,0.000000,0.000000,0.000000,0.000000,0.000000,0.000000,0.000000,0.000000,0.000000,0.000000,0.000000,0.000000,0.000000,0.000000,0.000000,0.000000,0.000000,0.000000,0.000000,0.000000,0.000000,0.000000,0.000000,0.000000,0.000000,12.239115,36.717346,61.195576,85.673807,110.152038,134.630268,168.997828,213.254717,257.511606,301.768494,346.025383,390.282272,439.646492,494.118042,548.589592,603.061142,657.532692,712.004242,753.237072,781.231183,809.225294,837.219406,865.213517,893.207628,935.077256,990.822400,1046.567544,1102.312689,1158.057833,1213.802978,1235.523132,1223.218296,1210.913460,1198.608624,1186.303787,1173.998951,1168.567183,1170.008483,1171.449783,1172.891083,1174.332383,1175.773683,1169.053324,1154.171304,1139.289285,1124.407265,1109.525246,1094.643226,1091.439713,1099.914704,1108.389696,1116.864688,1125.339679,1133.814671,1115.521717,1070.460817,1025.399917,980.339017,935.278117,890.217217,849.586039,813.384583,777.183128,740.981672,704.780217,668.578761,635.332875,605.042558,574.752242,544.461925,514.171608,483.881292,444.884817,397.182183,349.479550,301.776917,254.074283,206.371650,167.310306,136.890250,106.470194,76.050139,45.630083,15.210028,0.000000,0.000000,0.000000,0.000000,0.000000,0.000000,0.000000,0.000000,0.000000,0.000000,0.000000,0.000000,0.000000,0.000000,0.000000,0.000000,0.000000,0.000000,0.000000,0.000000,0.000000,0.000000,0.000000,0.000000,0.000000,0.000000,0.000000,0.000000,0.000000,0.000000
0.000000,0.000000,0.000000,0.000000,0.000000,0.000000,0.000000,0.000000,0.000000,0.000000,0.000000,0.000000,0.000000,0.000000,0.000000,0.000000,0.000000,0.000000,0.000000,0.000000,0.000000,0.000000,0.000000,0.000000,0.000000,0.000000,0.000000,0.000000,0.000000,0.000000,13.632603,40.897808,68.163014,95.428219,122.693425,149.958631,185.041681,227.942575,270.843469,313.744364,356.645258,399.546153,434.711172,462.140317,489.569461,516.998606,544.427750,571.856894,607.189343,650.425096,693.660849,736.896601,780.132354,823.368107,868.236279,914.736871,961.237462,1007.738054,1054.238646,1100.739237,1133.677325,1153.052908,1172.428492,1191.804075,1211.179658,1230.555242,1245.668360,1256.519012,1267.369665,1278.220318,1289.070971,1299.921624,1296.303225,1278.215775,1260.128325,1242.040875,1223.953425,1205.865975,1185.589778,1163.124833,1140.659889,1118.194944,1095.730000,1073.265056,1060.120968,1056.297738,1052.474507,1048.651276,1044.828046,1041.004815,1019.487776,980.276929,941.066082,901.855235,862.644387,823.433540,779.789836,731.713275,683.636714,635.560153,587.483592,539.407031,485.214667,424.906500,364.598333,304.290167,243.982000,183.673833,140.726438,115.139813,89.553187,63.966563,38.379938,12.793312,0.000000,0.000000,0.000000,0.000000,0.000000,0.000000,0.000000,0.000000,0.000000,0.000000,0.000000,0.000000,0.000000,0.000000,0.000000,0.000000,0.000000,0.000000,0.000000,0.000000,0.000000,0.000000,0.000000,0.000000,0.000000,0.000000,0.000000,0.000000,0.000000,0.000000
0.000000,0.000000,0.000000,0.000000,0.000000,0.000000,0.000000,0.000000,0.000000,0.000000,0.000000,0.000000,0.000000,0.000000,0.000000,0.000000,0.000000,0.000000,0.000000,0.000000,0.000000,0.000000,0.000000,0.000000,0.000000,0.000000,0.000000,0.000000,0.000000,0.000000,15.187508,45.562525,75.937542,106.312558,136.687575,167.062592,205.378429,251.635088,297.891746,344.148404,390.405062,436.661721,481.791042,525.793025,569.795008,613.796992,657.798975,701.800958,747.798908,795.792825,843.786742,891.780658,939.774575,987.768492,1015.925217,1024.244750,1032.564283,1040.883817,1049.203350,1057.522883,1074.599703,1100.433808,1126.267914,1152.102019,1177.936125,1203.770231,1227.706715,1249.745579,1271.784443,1293.823307,1315.862171,1337.901035,1353.934278,1363.961900,1373.989522,1384.017144,1394.044767,1404.072389,1387.239217,1343.545250,1299.851283,1256.157317,1212.463350,1168.769383,1129.022001,1093.221204,1057.420407,1021.619610,985.818813,950.018015,923.216149,905.413213,887.610276,869.807340,852.004404,834.201468,799.472396,747.817187,696.161979,644.506771,592.851562,541.196354,488.953869,436.124108,383.294347,330.464586,277.634825,224.805064,181.857668,148.792638,115.727607,82.662576,49.597546,16.532515,0.000000,0.000000,0.000000,0.000000,0.000000,0.000000,0.000000,0.000000,0.000000,0.000000,0.000000,0.000000,0.000000,0.000000,0.000000,0.000000,0.000000,0.000000,0.000000,0.000000,0.000000,0.000000,0.000000,0.000000,0.000000,0.000000,0.000000,0.000000,0.000000,0.000000
0.000000,0.000000,0.000000,0.000000,0.000000,0.000000,0.000000,0.000000,0.000000,0.000000,0.000000,0.000000,0.000000,0.000000,0.000000,0.000000,0.000000,0.000000,0.000000,0.000000,0.000000,0.000000,0.000000,0.000000,0.000000,0.000000,0.000000,0.000000,0.000000,0.000000,13.648361,40.945083,68.241806,95.538528,122.835250,150.131972,192.114317,248.782283,305.450250,362.118217,418.786183,475.454150,536.365164,601.519225,666.673286,731.827347,796.981408,862.135469,915.172396,956.092187,997.011979,1037.931771,1078.851562,1119.771354,1159.175000,1197.062500,1234.950000,1272.837500,1310.725000,1348.612500,1377.748958,1398.134375,1418.519792,1438.905208,1459.290625,1479.676042,1479.517054,1458.813662,1438.110271,1417.406879,1396.703487,1376.000096,1359.766615,1348.003046,1336.239476,1324.475907,1312.712337,1300.948768,1300.516610,1311.415863,1322.315115,1333.214368,1344.113621,1355.012874,1343.840104,1310.595312,1277.350521,1244.105729,1210.860937,1177.616146,1133.019271,1077.070312,1021.121354,965.172396,909.223437,853.274479,799.472396,747.817187,696.161979,644.506771,592.851562,541.196354,488.340554,434.284163,380.227771,326.171379,272.114987,218.058596,175.111200,143.272800,111.434400,79.596000,47.757600,15.919200,0.000000,0.000000,0.000000,0.000000,0.000000,0.000000,0.000000,0.000000,0.000000,0.000000,0.000000,0.000000,0.000000,0.000000,0.000000,0.000000,0.000000,0.000000,0.000000,0.000000,0.000000,0.000000,0.000000,0.000000,0.000000,0.000000,0.000000,0.000000,0.000000,0.000000
0.000000,0.000000,0.000000,0.000000,0.000000,0.000000,0.000000,0.000000,0.000000,0.000000,0.000000,0.000000,0.000000,0.000000,0.000000,0.000000,0.000000,0.000000,0.000000,0.000000,0.000000,0.000000,0.000000,0.000000,0.000000,0.000000,0.000000,0.000000,0.000000,0.000000,15.181378,45.544133,75.906889,106.269644,136.632400,166.995156,200.755322,237.912900,275.070478,312.228056,349.385633,386.543211,427.328315,471.740946,516.153576,560.566207,604.978837,649.391468,684.328197,709.789025,735.249853,760.710681,786.171508,811.632336,835.784360,858.627579,881.470799,904.314018,927.157237,950.000457,980.380892,1018.298542,1056.216192,1094.133842,1132.051492,1169.969142,1197.767876,1215.447696,1233.127515,1250.807335,1268.487154,1286.166974,1301.866807,1315.586654,1329.306501,1343.026349,1356.746196,1370.466043,1360.149468,1325.796471,1291.443474,1257.090476,1222.737479,1188.384482,1167.019575,1158.642758,1150.265942,1141.889125,1133.512308,1125.135492,1096.309826,1047.035312,997.760799,948.486285,899.211771,849.937257,799.472396,747.817187,696.161979,644.506771,592.851562,541.196354,490.025521,439.339063,388.652604,337.966146,287.279687,236.593229,193.645833,158.437500,123.229167,88.020833,52.812500,17.604167,0.000000,0.000000,0.000000,0.000000,0.000000,0.000000,0.000000,0.000000,0.000000,0.000000,0.000000,0.000000,0.000000,0.000000,0.000000,0.000000,0.000000,0.000000,0.000000,0.000000,0.000000,0.000000,0.000000,0.000000,0.000000,0.000000,0.000000,0.000000,0.000000,0.000000
0.000000,0.000000,0.000000,0.000000,0.000000,0.000000,0.000000,0.000000,0.000000,0.000000,0.000000,0.000000,0.000000,0.000000,0.000000,0.000000,0.000000,0.000000,0.000000,0.000000,0.000000,0.000000,0.000000,0.000000,0.000000,0.000000,0.000000,0.000000,0.000000,0.000000,11.351657,34.054971,56.758285,79.461599,102.164912,124.868226,158.679407,203.598454,248.517501,293.436549,338.355596,383.274643,436.205119,497.147025,558.088931,619.030836,679.972742,740.914647,800.714997,859.373792,918.032586,976.691381,1035.350175,1094.008969,1143.689857,1184.392838,1225.095818,1265.798799,1306.501779,1347.204760,1372.513046,1382.426637,1392.340229,1402.253821,1412.167412,1422.081004,1421.208443,1409.549729,1397.891015,1386.232301,1374.573588,1362.914874,1352.870738,1344.441179,1336.011621,1327.582062,1319.152504,1310.722946,1278.241858,1221.709242,1165.176625,1108.644008,1052.111392,995.578775,971.641390,980.299238,988.957085,997.614932,1006.272779,1014.930626,994.584549,945.234546,895.884543,846.534540,797.184537,747.834535,696.361283,642.764783,589.168283,535.571783,481.975283,428.378783,379.404390,335.052104,290.699818,246.347532,201.995246,157.642960,124.177915,101.600112,79.022310,56.444507,33.866704,11.288901,0.000000,0.000000,0.000000,0.000000,0.000000,0.000000,0.000000,0.000000,0.000000,0.000000,0.000000,0.000000,0.000000,0.000000,0.000000,0.000000,0.000000,0.000000,0.000000,0.000000,0.000000,0.000000,0.000000,0.000000,0.000000,0.000000,0.000000,0.000000,0.000000,0.000000
0.000000,0.000000,0.000000,0.000000,0.000000,0.000000,0.000000,0.000000,0.000000,0.000000,0.000000,0.000000,0.000000,0.000000,0.000000,0.000000,0.000000,0.000000,0.000000,0.000000,0.000000,0.000000,0.000000,0.000000,0.000000,0.000000,0.000000,0.000000,0.000000,0.000000,14.152483,42.457450,70.762417,99.067383,127.372350,155.677317,189.817417,229.792650,269.767883,309.743117,349.718350,389.693583,434.882189,485.284167,535.686144,586.088122,636.490100,686.892078,745.881665,813.458863,881.036060,948.613257,1016.190454,1083.767651,1138.389583,1180.056250,1221.722917,1263.389583,1305.056250,1346.722917,1376.026342,1392.966525,1409.906708,1426.846892,1443.787075,1460.727258,1482.757988,1509.879262,1537.000537,1564.121813,1591.243088,1618.364362,1610.735367,1568.356100,1525.976833,1483.597567,1441.218300,1398.839033,1358.960793,1321.583579,1284.206365,1246.829151,1209.451937,1172.074724,1130.346528,1084.267350,1038.188172,992.108994,946.029817,899.950639,858.623375,822.048025,785.472675,748.897325,712.321975,675.746625,630.142660,575.510079,520.877499,466.244918,411.612338,356.979757,312.752304,278.929979,245.107654,211.285329,177.463004,143.640679,116.168724,95.047138,73.925551,52.803965,31.682379,10.560793,0.000000,0.000000,0.000000,0.000000,0.000000,0.000000,0.000000,0.000000,0.000000,0.000000,0.000000,0.000000,0.000000,0.000000,0.000000,0.000000,0.000000,0.000000,0.000000,0.000000,0.000000,0.000000,0.000000,0.000000,0.000000,0.000000,0.000000,0.000000,0.000000,0.000000
0.000000,0.000000,0.000000,0.000000,0.000000,0.000000,0.000000,0.000000,0.000000,0.000000,0.000000,0.000000,0.000000,0.000000,0.000000,0.000000,0.000000,0.000000,0.000000,0.000000,0.000000,0.000000,0.000000,0.000000,0.000000,0.000000,0.000000,0.000000,0.000000,0.000000,16.253222,48.759667,81.266111,113.772556,146.279000,178.785444,221.907008,275.643692,329.380375,383.117058,436.853742,490.590425,547.757986,608.356425,668.954864,729.553303,790.151742,850.750181,900.184346,938.454238,976.724129,1014.994021,1053.263912,1091.533804,1128.115111,1163.007833,1197.900556,1232.793278,1267.686000,1302.578722,1334.178722,1362.486000,1390.793278,1419.100556,1447.407833,1475.715111,1493.688501,1501.328004,1508.967507,1516.607010,1524.246512,1531.886015,1520.939629,1491.407354,1461.875079,1432.342804,1402.810529,1373.278254,1348.671925,1328.991542,1309.311158,1289.630775,1269.950392,1250.270008,1218.507990,1174.664338,1130.820685,1086.977032,1043.133379,999.289726,955.335749,911.271446,867.207143,823.142840,779.078538,735.014235,690.119168,644.393338,598.667507,552.941676,507.215846,461.490015,413.762044,364.031933,314.301822,264.571711,214.841600,165.111489,128.559231,105.184825,81.810419,58.436014,35.061608,11.687203,0.000000,0.000000,0.000000,0.000000,0.000000,0.000000,0.000000,0.000000,0.000000,0.000000,0.000000,0.000000,0.000000,0.000000,0.000000,0.000000,0.000000,0.000000,0.000000,0.000000,0.000000,0.000000,0.000000,0.000000,0.000000,0.000000,0.000000,0.000000,0.000000,0.000000
0.000000,0.000000,0.000000,0.000000,0.000000,0.000000,0.000000,0.000000,0.000000,0.000000,0.000000,0.000000,0.000000,0.000000,0.000000,0.000000,0.000000,0.000000,0.000000,0.000000,0.000000,0.000000,0.000000,0.000000,0.000000,0.000000,0.000000,0.000000,0.000000,0.000000,15.558093,46.674279,77.790465,108.906651,140.022838,171.139024,214.804800,271.020167,327.235533,383.450900,439.666267,495.881633,545.940840,589.843888,633.746935,677.649982,721.553029,765.456076,805.747717,842.427950,879.108183,915.788417,952.468650,989.148883,1021.445646,1049.358937,1077.272229,1105.185521,1133.098813,1161.012104,1192.274461,1226.885883,1261.497306,1296.108728,1330.720150,1365.331572,1359.929033,1314.512533,1269.096033,1223.679533,1178.263033,1132.846533,1119.932362,1139.520521,1159.108679,1178.696837,1198.284996,1217.873154,1205.943722,1162.496700,1119.049678,1075.602656,1032.155633,988.708611,956.494275,935.512625,914.530975,893.549325,872.567675,851.586025,828.791603,804.184408,779.577214,754.970019,730.362825,705.755631,672.149415,629.544179,586.938943,544.333707,501.728471,459.123235,417.243397,376.088958,334.934519,293.780081,252.625642,211.471203,174.986151,143.170488,111.354824,79.539160,47.723496,15.907832,0.000000,0.000000,0.000000,0.000000,0.000000,0.000000,0.000000,0.000000,0.000000,0.000000,0.000000,0.000000,0.000000,0.000000,0.000000,0.000000,0.000000,0.000000,0.000000,0.000000,0.000000,0.000000,0.000000,0.000000,0.000000,0.000000,0.000000,0.000000,0.000000,0.000000
0.000000,0.000000,0.000000,0.000000,0.000000,0.000000,0.000000,0.000000,0.000000,0.000000,0.000000,0.000000,0.000000,0.000000,0.000000,0.000000,0.000000,0.000000,0.000000,0.000000,0.000000,0.000000,0.000000,0.000000,0.000000,0.000000,0.000000,0.000000,0.000000,0.000000,14.959164,44.877492,74.795819,104.714147,134.632475,164.550803,201.353268,245.039871,288.726474,332.413076,376.099679,419.786282,457.697861,489.834417,521.970972,554.107528,586.244083,618.380639,662.537274,718.713987,774.890701,831.067415,887.244129,943.420843,992.975428,1035.907883,1078.840339,1121.772794,1164.705250,1207.637706,1233.776699,1243.122229,1252.467760,1261.813290,1271.158821,1280.504351,1273.949279,1251.493604,1229.037929,1206.582254,1184.126579,1161.670904,1151.151092,1152.567142,1153.983192,1155.399242,1156.815292,1158.231342,1157.478115,1154.555613,1151.633110,1148.710607,1145.788104,1142.865601,1119.634814,1076.095742,1032.556669,989.017597,945.478525,901.939453,875.167499,865.162663,855.157826,845.152990,835.148154,825.143318,793.342221,739.744863,686.147504,632.550146,578.952787,525.355429,471.069249,416.094246,361.119243,306.144240,251.169238,196.194235,154.647839,126.530050,98.412261,70.294472,42.176683,14.058894,0.000000,0.000000,0.000000,0.000000,0.000000,0.000000,0.000000,0.000000,0.000000,0.000000,0.000000,0.000000,0.000000,0.000000,0.000000,0.000000,0.000000,0.000000,0.000000,0.000000,0.000000,0.000000,0.000000,0.000000,0.000000,0.000000,0.000000,0.000000,0.000000,0.000000
0.000000,0.000000,0.000000,0.000000,0.000000,0.000000,0.000000,0.000000,0.000000,0.000000,0.000000,0.000000,0.000000,0.000000,0.000000,0.000000,0.000000,0.000000,0.000000,0.000000,0.000000,0.000000,0.000000,0.000000,0.000000,0.000000,0.000000,0.000000,0.000000,0.000000,14.894036,44.682108,74.470181,104.258253,134.046325,163.834397,204.799808,256.942558,309.085308,361.228058,413.370808,465.513558,514.339597,559.848925,605.358253,650.867581,696.376908,741.886236,786.092397,828.995392,871.898386,914.801381,957.704375,1000.607369,1021.866144,1021.480700,1021.095256,1020.709811,1020.324367,1019.938922,1042.910782,1089.239946,1135.569110,1181.898274,1228.227437,1274.556601,1308.197632,1329.150529,1350.103426,1371.056324,1392.009221,1412.962118,1427.204422,1434.736133,1442.267844,1449.799556,1457.331267,1464.862978,1453.725817,1423.919783,1394.113750,1364.307717,1334.501683,1304.695650,1279.059393,1257.592913,1236.126432,1214.659951,1193.193471,1171.726990,1133.019271,1077.070312,1021.121354,965.172396,909.223437,853.274479,799.472396,747.817187,696.161979,644.506771,592.851562,541.196354,488.605714,435.079642,381.553569,328.027497,274.501425,220.975353,178.027957,145.659237,113.290518,80.921799,48.553079,16.184360,0.000000,0.000000,0.000000,0.000000,0.000000,0.000000,0.000000,0.000000,0.000000,0.000000,0.000000,0.000000,0.000000,0.000000,0.000000,0.000000,0.000000,0.000000,0.000000,0.000000,0.000000,0.000000,0.000000,0.000000,0.000000,0.000000,0.000000,0.000000,0.000000,0.000000
0.000000,0.000000,0.000000,0.000000,0.000000,0.000000,0.000000,0.000000,0.000000,0.000000,0.000000,0.000000,0.000000,0.000000,0.000000,0.000000,0.000000,0.000000,0.000000,0.000000,0.000000,0.000000,0.000000,0.000000,0.000000,0.000000,0.000000,0.000000,0.000000,0.000000,14.807433,44.422300,74.037167,103.652033,133.266900,162.881767,200.853843,247.183129,293.512415,339.841701,386.170987,432.500274,483.621757,539.535438,595.449118,651.362799,707.276479,763.190160,812.055110,853.871329,895.687549,937.503768,979.319988,1021.136207,1056.474165,1085.333862,1114.193560,1143.053257,1171.912954,1200.772651,1228.089326,1253.862979,1279.636632,1305.410285,1331.183938,1356.957590,1370.067497,1370.513658,1370.959819,1371.405981,1371.852142,1372.298303,1376.188094,1383.521517,1390.854939,1398.188361,1405.521783,1412.855206,1402.715185,1375.101721,1347.488257,1319.874793,1292.261329,1264.647865,1237.934061,1212.119917,1186.305772,1160.491628,1134.677483,1108.863339,1073.401578,1028.292200,983.182822,938.073444,892.964067,847.854689,799.472396,747.817187,696.161979,644.506771,592.851562,541.196354,486.706886,429.383158,372.059431,314.735703,257.411975,200.088247,157.140851,128.569787,99.998724,71.427660,42.856596,14.285532,0.000000,0.000000,0.000000,0.000000,0.000000,0.000000,0.000000,0.000000,0.000000,0.000000,0.000000,0.000000,0.000000,0.000000,0.000000,0.000000,0.000000,0.000000,0.000000,0.000000,0.000000,0.000000,0.000000,0.000000,0.000000,0.000000,0.000000,0.000000,0.000000,0.000000
0.000000,0.000000,0.000000,0.000000,0.000000,0.000000,0.000000,0.000000,0.000000,0.000000,0.000000,0.000000,0.000000,0.000000,0.000000,0.000000,0.000000,0.000000,0.000000,0.000000,0.000000,0.000000,0.000000,0.000000,0.000000,0.000000,0.000000,0.000000,0.000000,0.000000,16.219054,48.657162,81.095271,113.533379,145.971487,178.409596,222.877825,279.376175,335.874525,392.372875,448.871225,505.369575,563.315482,622.708946,682.102410,741.495874,800.889338,860.282801,908.027943,944.124762,980.221582,1016.318401,1052.415221,1088.512040,1119.036451,1143.988454,1168.940457,1193.892460,1218.844462,1243.796465,1269.694425,1296.538342,1323.382258,1350.226175,1377.070092,1403.914008,1431.609115,1460.155413,1488.701710,1517.248007,1545.794304,1574.340601,1579.314687,1560.716563,1542.118438,1523.520312,1504.922188,1486.324063,1466.137500,1444.362500,1422.587500,1400.812500,1379.037500,1357.262500,1324.218154,1279.904462,1235.590771,1191.277079,1146.963387,1102.649696,1057.758953,1012.291158,966.823364,921.355569,875.887775,830.419981,781.384963,728.782721,676.180479,623.578238,570.975996,518.373754,465.827396,413.336921,360.846446,308.355971,255.865496,203.375021,162.368968,132.847338,103.325707,73.804076,44.282446,14.760815,0.000000,0.000000,0.000000,0.000000,0.000000,0.000000,0.000000,0.000000,0.000000,0.000000,0.000000,0.000000,0.000000,0.000000,0.000000,0.000000,0.000000,0.000000,0.000000,0.000000,0.000000,0.000000,0.000000,0.000000,0.000000,0.000000,0.000000,0.000000,0.000000,0.000000
0.000000,0.000000,0.000000,0.000000,0.000000,0.000000,0.000000,0.000000,0.000000,0.000000,0.000000,0.000000,0.000000,0.000000,0.000000,0.000000,0.000000,0.000000,0.000000,0.000000,0.000000,0.000000,0.000000,0.000000,0.000000,0.000000,0.000000,0.000000,0.000000,0.000000,15.694572,47.083717,78.472861,109.862006,141.251150,172.640294,207.359750,245.409517,283.459283,321.509050,359.558817,397.608583,443.575194,497.458650,551.342106,605.225561,659.109017,712.992472,760.209765,800.760896,841.312026,881.863157,922.414287,962.965418,1003.107788,1042.841396,1082.575004,1122.308613,1162.042221,1201.775829,1243.994810,1288.699163,1333.403515,1378.107868,1422.812221,1467.516574,1501.706771,1525.382812,1549.058854,1572.734896,1596.410937,1620.086979,1619.016667,1593.200000,1567.383333,1541.566667,1515.750000,1489.933333,1466.137500,1444.362500,1422.587500,1400.812500,1379.037500,1357.262500,1325.087110,1282.511329,1239.935549,1197.359768,1154.783987,1112.208207,1062.185525,1004.715942,947.246358,889.776775,832.307192,774.837608,717.856819,661.364825,604.872831,548.380836,491.888842,435.396847,387.487294,348.160183,308.833072,269.505961,230.178850,190.851739,156.922501,128.391138,99.859774,71.328410,42.797046,14.265682,0.000000,0.000000,0.000000,0.000000,0.000000,0.000000,0.000000,0.000000,0.000000,0.000000,0.000000,0.000000,0.000000,0.000000,0.000000,0.000000,0.000000,0.000000,0.000000,0.000000,0.000000,0.000000,0.000000,0.000000,0.000000,0.000000,0.000000,0.000000,0.000000,0.000000
0.000000,0.000000,0.000000,0.000000,0.000000,0.000000,0.000000,0.000000,0.000000,0.000000,0.000000,0.000000,0.000000,0.000000,0.000000,0.000000,0.000000,0.000000,0.000000,0.000000,0.000000,0.000000,0.000000,0.000000,0.000000,0.000000,0.000000,0.000000,0.000000,0.000000,15.530032,46.590096,77.650160,108.710224,139.770287,170.830351,210.302029,258.185321,306.068613,353.951904,401.835196,449.718488,496.983233,543.629433,590.275633,636.921833,683.568033,730.214233,772.559086,810.602592,848.646097,886.689603,924.733108,962.776614,999.933325,1036.203242,1072.473158,1108.743075,1145.012992,1181.282908,1209.391685,1229.339321,1249.286957,1269.234593,1289.182229,1309.129865,1321.202272,1325.399450,1329.596628,1333.793806,1337.990983,1342.188161,1335.326711,1317.406633,1299.486556,1281.566478,1263.646400,1245.726322,1237.629617,1239.356283,1241.082950,1242.809617,1244.536283,1246.262950,1218.260447,1160.528775,1102.797103,1045.065431,987.333758,929.602086,894.449896,881.877187,869.304479,856.731771,844.159063,831.586354,799.472396,747.817187,696.161979,644.506771,592.851562,541.196354,490.025521,439.339063,388.652604,337.966146,287.279687,236.593229,193.645833,158.437500,123.229167,88.020833,52.812500,17.604167,0.000000,0.000000,0.000000,0.000000,0.000000,0.000000,0.000000,0.000000,0.000000,0.000000,0.000000,0.000000,0.000000,0.000000,0.000000,0.000000,0.000000,0.000000,0.000000,0.000000,0.000000,0.000000,0.000000,0.000000,0.000000,0.000000,0.000000,0.000000,0.000000,0.000000
0.000000,0.000000,0.000000,0.000000,0.000000,0.000000,0.000000,0.000000,0.000000,0.000000,0.000000,0.000000,0.000000,0.000000,0.000000,0.000000,0.000000,0.000000,0.000000,0.000000,0.000000,0.000000,0.000000,0.000000,0.000000,0.000000,0.000000,0.000000,0.000000,0.000000,16.689304,50.067912,83.446521,116.825129,150.203737,183.582346,228.050575,283.608425,339.166275,394.724125,450.281975,505.839825,557.154097,604.224792,651.295486,698.366181,745.436875,792.507569,833.663163,868.903654,904.144146,939.384638,974.625129,1009.865621,1046.217404,1083.680479,1121.143554,1158.606629,1196.069704,1233.532779,1271.455272,1309.837183,1348.219094,1386.601006,1424.982917,1463.364828,1485.938143,1492.702863,1499.467582,1506.232301,1512.997021,1519.761740,1518.801010,1510.114829,1501.428649,1492.742468,1484.056287,1475.370107,1460.639349,1439.864012,1419.088676,1398.313340,1377.538004,1356.762668,1322.791983,1275.625950,1228.459917,1181.293883,1134.127850,1086.961817,1039.724026,992.414479,945.104932,897.795385,850.485838,803.176290,753.009090,699.984237,646.959385,593.934532,540.909679,487.884826,437.025043,388.330329,339.635615,290.940901,242.246187,193.551474,155.103774,126.903088,98.702401,70.501715,42.301029,14.100343,0.000000,0.000000,0.000000,0.000000,0.000000,0.000000,0.000000,0.000000,0.000000,0.000000,0.000000,0.000000,0.000000,0.000000,0.000000,0.000000,0.000000,0.000000,0.000000,0.000000,0.000000,0.000000,0.000000,0.000000,0.000000,0.000000,0.000000,0.000000,0.000000,0.000000
0.000000,0.000000,0.000000,0.000000,0.000000,0.000000,0.000000,0.000000,0.000000,0.000000,0.000000,0.000000,0.000000,0.000000,0.000000,0.000000,0.000000,0.000000,0.000000,0.000000,0.000000,0.000000,0.000000,0.000000,0.000000,0.000000,0.000000,0.000000,0.000000,0.000000,16.107629,48.322888,80.538146,112.753404,144.968662,177.183921,213.663971,254.408812,295.153654,335.898496,376.643337,417.388179,473.384929,544.633587,615.882246,687.130904,758.379562,829.628221,877.947568,903.337604,928.727640,954.117676,979.507712,1004.897749,1034.811725,1069.249642,1103.687558,1138.125475,1172.563392,1207.001308,1227.255154,1233.324929,1239.394704,1245.464479,1251.534254,1257.604029,1269.018599,1285.777963,1302.537326,1319.296690,1336.056054,1352.815418,1358.790525,1353.981375,1349.172225,1344.363075,1339.553925,1334.744775,1322.309950,1302.249450,1282.188950,1262.128450,1242.067950,1222.007450,1204.806822,1190.466067,1176.125311,1161.784556,1147.443800,1133.103044,1100.879944,1050.774500,1000.669056,950.563611,900.458167,850.352722,799.472396,747.817187,696.161979,644.506771,592.851562,541.196354,490.025521,439.339063,388.652604,337.966146,287.279687,236.593229,193.645833,158.437500,123.229167,88.020833,52.812500,17.604167,0.000000,0.000000,0.000000,0.000000,0.000000,0.000000,0.000000,0.000000,0.000000,0.000000,0.000000,0.000000,0.000000,0.000000,0.000000,0.000000,0.000000,0.000000,0.000000,0.000000,0.000000,0.000000,0.000000,0.000000,0.000000,0.000000,0.000000,0.000000,0.000000,0.000000
0.000000,0.000000,0.000000,0.000000,0.000000,0.000000,0.000000,0.000000,0.000000,0.000000,0.000000,0.000000,0.000000,0.000000,0.000000,0.000000,0.000000,0.000000,0.000000,0.000000,0.000000,0.000000,0.000000,0.000000,0.000000,0.000000,0.000000,0.000000,0.000000,0.000000,17.550521,52.651563,87.752604,122.853646,157.954688,193.055729,230.899110,271.484829,312.070549,352.656268,393.241987,433.827707,480.883661,534.409850,587.936039,641.462228,694.988417,748.514606,802.883129,858.093987,913.304846,968.515704,1023.726562,1078.937421,1118.884082,1143.566546,1168.249010,1192.931474,1217.613938,1242.296401,1254.734917,1254.929483,1255.124050,1255.318617,1255.513183,1255.707750,1279.809039,1327.817050,1375.825061,1423.833072,1471.841083,1519.849094,1538.284092,1527.146075,1516.008058,1504.870042,1493.732025,1482.594008,1466.137500,1444.362500,1422.587500,1400.812500,1379.037500,1357.262500,1325.523969,1283.821908,1242.119847,1200.417786,1158.715725,1117.013664,1069.714546,1016.818371,963.922196,911.026021,858.129846,805.233671,752.276644,699.258767,646.240889,593.223011,540.205133,487.187256,437.354367,390.706467,344.058567,297.410667,250.762767,204.114867,165.725007,135.593187,105.461368,75.329549,45.197729,15.065910,0.000000,0.000000,0.000000,0.000000,0.000000,0.000000,0.000000,0.000000,0.000000,0.000000,0.000000,0.000000,0.000000,0.000000,0.000000,0.000000,0.000000,0.000000,0.000000,0.000000,0.000000,0.000000,0.000000,0.000000,0.000000,0.000000,0.000000,0.000000,0.000000,0.000000
0.000000,0.000000,0.000000,0.000000,0.000000,0.000000,0.000000,0.000000,0.000000,0.000000,0.000000,0.000000,0.000000,0.000000,0.000000,0.000000,0.000000,0.000000,0.000000,0.000000,0.000000,0.000000,0.000000,0.000000,0.000000,0.000000,0.000000,0.000000,0.000000,0.000000,17.550521,52.651563,87.752604,122.853646,157.954688,193.055729,237.523958,291.359375,345.194792,399.030208,452.865625,506.701042,563.709896,623.892187,684.074479,744.256771,804.439062,864.621354,912.708854,948.701562,984.694271,1020.686979,1056.679688,1092.672396,1130.134896,1169.067188,1207.999479,1246.931771,1285.864063,1324.796354,1356.396354,1380.664062,1404.931771,1429.199479,1453.467188,1477.734896,1501.706771,1525.382812,1549.058854,1572.734896,1596.410937,1620.086979,1615.774940,1583.474821,1551.174701,1518.874582,1486.574462,1454.274343,1418.356712,1378.821571,1339.286429,1299.751287,1260.216146,1220.681004,1197.574012,1190.895171,1184.216329,1177.537487,1170.858646,1164.179804,1126.142835,1056.747738,987.352640,917.957543,848.562446,779.167349,725.378046,687.194538,649.011029,610.827521,572.644013,534.460504,490.025521,439.339063,388.652604,337.966146,287.279687,236.593229,193.645833,158.437500,123.229167,88.020833,52.812500,17.604167,0.000000,0.000000,0.000000,0.000000,0.000000,0.000000,0.000000,0.000000,0.000000,0.000000,0.000000,0.000000,0.000000,0.000000,0.000000,0.000000,0.000000,0.000000,0.000000,0.000000,0.000000,0.000000,0.000000,0.000000,0.000000,0.000000,0.000000,0.000000,0.000000,0.000000
0.000000,0.000000,0.000000,0.000000,0.000000,0.000000,0.000000,0.000000,0.000000,0.000000,0.000000,0.000000,0.000000,0.000000,0.000000,0.000000,0.000000,0.000000,0.000000,0.000000,0.000000,0.000000,0.000000,0.000000,0.000000,0.000000,0.000000,0.000000,0.000000,0.000000,14.047692,42.143075,70.238458,98.333842,126.429225,154.524608,187.035572,223.962117,260.888661,297.815206,334.741750,371.668294,412.286181,456.595408,500.904636,545.213864,589.523092,633.832319,683.874050,739.648283,795.422517,851.196750,906.970983,962.745217,996.560007,1008.415354,1020.270701,1032.126049,1043.981396,1055.836743,1074.956778,1101.341500,1127.726222,1154.110944,1180.495667,1206.880389,1220.278451,1220.689854,1221.101257,1221.512660,1221.924062,1222.335465,1243.748153,1286.162125,1328.576097,1370.990069,1413.404042,1455.818014,1466.137500,1444.362500,1422.587500,1400.812500,1379.037500,1357.262500,1330.926562,1300.029688,1269.132813,1238.235937,1207.339062,1176.442188,1132.509197,1075.540092,1018.570986,961.601881,904.632775,847.663669,793.559946,742.321604,691.083262,639.844921,588.606579,537.368237,484.384676,429.655896,374.927115,320.198335,265.469554,210.740774,168.095018,137.532287,106.969557,76.406826,45.844096,15.281365,0.000000,0.000000,0.000000,0.000000,0.000000,0.000000,0.000000,0.000000,0.000000,0.000000,0.000000,0.000000,0.000000,0.000000,0.000000,0.000000,0.000000,0.000000,0.000000,0.000000,0.000000,0.000000,0.000000,0.000000,0.000000,0.000000,0.000000,0.000000,0.000000,0.000000
0.000000,0.000000,0.000000,0.000000,0.000000,0.000000,0.000000,0.000000,0.000000,0.000000,0.000000,0.000000,0.000000,0.000000,0.000000,0.000000,0.000000,0.000000,0.000000,0.000000,0.000000,0.000000,0.000000,0.000000,0.000000,0.000000,0.000000,0.000000,0.000000,0.000000,17.550521,52.651563,87.752604,122.853646,157.954688,193.055729,232.959242,277.665225,322.371208,367.077192,411.783175,456.489158,491.933911,518.117433,544.300956,570.484478,596.668000,622.851522,661.270567,711.925133,762.579700,813.234267,863.888833,914.543400,954.874058,984.880808,1014.887558,1044.894308,1074.901058,1104.907808,1117.699996,1113.277621,1108.855246,1104.432871,1100.010496,1095.588121,1119.556972,1171.917050,1224.277128,1276.637206,1328.997283,1381.357361,1413.328033,1424.909300,1436.490567,1448.071833,1459.653100,1471.234367,1466.137500,1444.362500,1422.587500,1400.812500,1379.037500,1357.262500,1330.926562,1300.029688,1269.132813,1238.235937,1207.339062,1176.442188,1133.019271,1077.070312,1021.121354,965.172396,909.223437,853.274479,796.025728,737.477183,678.928639,620.380094,561.831550,503.283006,449.757675,401.255558,352.753442,304.251325,255.749208,207.247092,167.746364,137.247025,106.747686,76.248347,45.749008,15.249669,0.000000,0.000000,0.000000,0.000000,0.000000,0.000000,0.000000,0.000000,0.000000,0.000000,0.000000,0.000000,0.000000,0.000000,0.000000,0.000000,0.000000,0.000000,0.000000,0.000000,0.000000,0.000000,0.000000,0.000000,0.000000,0.000000,0.000000,0.000000,0.000000,0.000000
0.000000,0.000000,0.000000,0.000000,0.000000,0.000000,0.000000,0.000000,0.000000,0.000000,0.000000,0.000000,0.000000,0.000000,0.000000,0.000000,0.000000,0.000000,0.000000,0.000000,0.000000,0.000000,0.000000,0.000000,0.000000,0.000000,0.000000,0.000000,0.000000,0.000000,16.646117,49.938350,83.230583,116.522817,149.815050,183.107283,224.309547,273.421842,322.534136,371.646431,420.758725,469.871019,511.981557,547.090337,582.199118,617.307899,652.416679,687.525460,725.635828,766.747783,807.859739,848.971694,890.083650,931.195606,976.854583,1027.060583,1077.266583,1127.472583,1177.678583,1227.884583,1249.510357,1242.555904,1235.601451,1228.646999,1221.692546,1214.738093,1221.706032,1242.596363,1263.486693,1284.377024,1305.267354,1326.157685,1333.190694,1326.366383,1319.542072,1312.717761,1305.893450,1299.069139,1274.159532,1231.164629,1188.169726,1145.174824,1102.179921,1059.185018,1025.918913,1002.381604,978.844296,955.306987,931.769679,908.232371,879.801375,846.476692,813.152008,779.827325,746.502642,713.177958,677.131969,638.364675,599.597381,560.830086,522.062792,483.295497,440.003411,392.186533,344.369656,296.552778,248.735900,200.919022,162.259701,132.757937,103.256174,73.754410,44.252646,14.750882,0.000000,0.000000,0.000000,0.000000,0.000000,0.000000,0.000000,0.000000,0.000000,0.000000,0.000000,0.000000,0.000000,0.000000,0.000000,0.000000,0.000000,0.000000,0.000000,0.000000,0.000000,0.000000,0.000000,0.000000,0.000000,0.000000,0.000000,0.000000,0.000000,0.000000
0.000000,0.000000,0.000000,0.000000,0.000000,0.000000,0.000000,0.000000,0.000000,0.000000,0.000000,0.000000,0.000000,0.000000,0.000000,0.000000,0.000000,0.000000,0.000000,0.000000,0.000000,0.000000,0.000000,0.000000,0.000000,0.000000,0.000000,0.000000,0.000000,0.000000,15.323415,45.970246,76.617076,107.263907,137.910738,168.557568,198.439436,227.556342,256.673247,285.790153,314.907058,344.023964,384.940382,437.656312,490.372243,543.088174,595.804104,648.520035,695.297269,736.135808,776.974347,817.812886,858.651425,899.489964,934.118826,962.538013,990.957199,1019.376385,1047.795571,1076.214757,1122.878946,1187.788137,1252.697329,1317.606521,1382.515712,1447.424904,1476.158003,1468.715008,1461.272014,1453.829019,1446.386025,1438.943031,1421.855139,1395.122350,1368.389561,1341.656772,1314.923983,1288.191194,1248.540706,1195.972517,1143.404328,1090.836139,1038.267950,985.699761,941.273399,904.988862,868.704326,832.419790,796.135254,759.850718,727.890369,700.254208,672.618047,644.981886,617.345725,589.709564,556.765390,518.513204,480.261018,442.008832,403.756646,365.504460,332.718364,305.398358,278.078353,250.758347,223.438342,196.118336,167.253472,136.843750,106.434028,76.024306,45.614583,15.204861,0.000000,0.000000,0.000000,0.000000,0.000000,0.000000,0.000000,0.000000,0.000000,0.000000,0.000000,0.000000,0.000000,0.000000,0.000000,0.000000,0.000000,0.000000,0.000000,0.000000,0.000000,0.000000,0.000000,0.000000,0.000000,0.000000,0.000000,0.000000,0.000000,0.000000
0.000000,0.000000,0.000000,0.000000,0.000000,0.000000,0.000000,0.000000,0.000000,0.000000,0.000000,0.000000,0.000000,0.000000,0.000000,0.000000,0.000000,0.000000,0.000000,0.000000,0.000000,0.000000,0.000000,0.000000,0.000000,0.000000,0.000000,0.000000,0.000000,0.000000,17.365767,52.097300,86.828833,121.560367,156.291900,191.023433,231.276712,277.051738,322.826763,368.601787,414.376812,460.151838,504.976197,548.849892,592.723586,636.597281,680.470975,724.344669,761.520832,791.999462,822.478093,852.956724,883.435354,913.913985,932.049149,937.840846,943.632543,949.424240,955.215937,961.007635,958.494874,947.677654,936.860435,926.043215,915.225996,904.408776,902.296278,908.888500,915.480722,922.072944,928.665167,935.257389,936.503326,932.402979,928.302632,924.202285,920.101937,916.001590,906.663856,892.088733,877.513611,862.938489,848.363367,833.788244,832.552390,844.655804,856.759218,868.862632,880.966046,893.069460,866.480210,801.198296,735.916382,670.634468,605.352554,540.070640,495.099214,470.438275,445.777336,421.116397,396.455458,371.794519,342.540632,308.693796,274.846960,241.000124,207.153288,173.306451,143.351114,117.287275,91.223436,65.159597,39.095758,13.031919,0.000000,0.000000,0.000000,0.000000,0.000000,0.000000,0.000000,0.000000,0.000000,0.000000,0.000000,0.000000,0.000000,0.000000,0.000000,0.000000,0.000000,0.000000,0.000000,0.000000,0.000000,0.000000,0.000000,0.000000,0.000000,0.000000,0.000000,0.000000,0.000000,0.000000
0.000000,0.000000,0.000000,0.000000,0.000000,0.000000,0.000000,0.000000,0.000000,0.000000,0.000000,0.000000,0.000000,0.000000,0.000000,0.000000,0.000000,0.000000,0.000000,0.000000,0.000000,0.000000,0.000000,0.000000,0.000000,0.000000,0.000000,0.000000,0.000000,0.000000,13.281871,39.845613,66.409354,92.973096,119.536838,146.100579,179.208876,218.861729,258.514582,298.167435,337.820288,377.473140,411.577344,440.132900,468.688456,497.244011,525.799567,554.355122,585.917000,620.485200,655.053400,689.621600,724.189800,758.758000,800.138222,848.330467,896.522711,944.714956,992.907200,1041.099444,1067.493378,1072.089000,1076.684622,1081.280244,1085.875867,1090.471489,1093.265954,1094.259262,1095.252571,1096.245879,1097.239188,1098.232496,1078.418428,1037.796983,997.175539,956.554094,915.932650,875.311206,852.062278,846.185867,840.309456,834.433044,828.556633,822.680222,808.114560,784.859646,761.604732,738.349818,715.094904,691.839990,671.685319,654.630892,637.576464,620.522036,603.467608,586.413181,559.605251,523.043821,486.482390,449.920960,413.359529,376.798099,342.200610,309.567063,276.933515,244.299968,211.666421,179.032874,149.156425,122.037075,94.917725,67.798375,40.679025,13.559675,0.000000,0.000000,0.000000,0.000000,0.000000,0.000000,0.000000,0.000000,0.000000,0.000000,0.000000,0.000000,0.000000,0.000000,0.000000,0.000000,0.000000,0.000000,0.000000,0.000000,0.000000,0.000000,0.000000,0.000000,0.000000,0.000000,0.000000,0.000000,0.000000,0.000000
0.000000,0.000000,0.000000,0.000000,0.000000,0.000000,0.000000,0.000000,0.000000,0.000000,0.000000,0.000000,0.000000,0.000000,0.000000,0.000000,0.000000,0.000000,0.000000,0.000000,0.000000,0.000000,0.000000,0.000000,0.000000,0.000000,0.000000,0.000000,0.000000,0.000000,11.688290,35.064871,58.441451,81.818032,105.194613,128.571193,157.207724,191.104204,225.000685,258.897165,292.793646,326.690126,360.459365,394.101362,427.743360,461.385357,495.027354,528.669351,562.632965,596.918196,631.203426,665.488657,699.773888,734.059118,767.106114,798.914875,830.723636,862.532397,894.341158,926.149919,957.080197,987.131992,1017.183786,1047.235581,1077.287375,1107.339169,1134.059744,1157.449100,1180.838456,1204.227811,1227.617167,1251.006522,1261.847415,1260.139846,1258.432276,1256.724707,1255.017137,1253.309568,1229.971703,1185.003542,1140.035381,1095.067219,1050.099058,1005.130897,984.814853,989.150925,993.486997,997.823069,1002.159142,1006.495214,982.540394,930.294683,878.048972,825.803261,773.557550,721.311839,674.344776,632.656363,590.967949,549.279535,507.591121,465.902707,423.599721,380.682163,337.764604,294.847046,251.929488,209.011929,171.923721,140.664862,109.406004,78.147146,46.888288,15.629429,0.000000,0.000000,0.000000,0.000000,0.000000,0.000000,0.000000,0.000000,0.000000,0.000000,0.000000,0.000000,0.000000,0.000000,0.000000,0.000000,0.000000,0.000000,0.000000,0.000000,0.000000,0.000000,0.000000,0.000000,0.000000,0.000000,0.000000,0.000000,0.000000,0.000000
0.000000,0.000000,0.000000,0.000000,0.000000,0.000000,0.000000,0.000000,0.000000,0.000000,0.000000,0.000000,0.000000,0.000000,0.000000,0.000000,0.000000,0.000000,0.000000,0.000000,0.000000,0.000000,0.000000,0.000000,0.000000,0.000000,0.000000,0.000000,0.000000,0.000000,14.905150,44.715450,74.525750,104.336050,134.146350,163.956650,193.427711,222.559533,251.691356,280.823178,309.955000,339.086822,371.035242,405.800258,440.565275,475.330292,510.095308,544.860325,577.558594,608.190117,638.821639,669.453161,700.084683,730.716206,755.074296,773.158954,791.243612,809.328271,827.412929,845.497587,863.261232,880.703863,898.146493,915.589124,933.031754,950.474385,957.570719,954.320758,951.070797,947.820836,944.570875,941.320914,924.276079,893.436371,862.596663,831.756954,800.917246,770.077538,756.779869,761.024242,765.268614,769.512986,773.757358,778.001731,777.119912,771.111904,765.103896,759.095888,753.087879,747.079871,728.875637,698.475179,668.074721,637.674262,607.273804,576.873346,545.790324,514.024738,482.259151,450.493565,418.727979,386.962393,354.945029,322.675888,290.406746,258.137604,225.868462,193.599321,162.676021,133.098563,103.521104,73.943646,44.366188,14.788729,0.000000,0.000000,0.000000,0.000000,0.000000,0.000000,0.000000,0.000000,0.000000,0.000000,0.000000,0.000000,0.000000,0.000000,0.000000,0.000000,0.000000,0.000000,0.000000,0.000000,0.000000,0.000000,0.000000,0.000000,0.000000,0.000000,0.000000,0.000000,0.000000,0.000000
0.000000,0.000000,0.000000,0.000000,0.000000,0.000000,0.000000,0.000000,0.000000,0.000000,0.000000,0.000000,0.000000,0.000000,0.000000,0.000000,0.000000,0.000000,0.000000,0.000000,0.000000,0.000000,0.000000,0.000000,0.000000,0.000000,0.000000,0.000000,0.000000,0.000000,13.901451,41.704354,69.507257,97.310160,125.113062,152.915965,181.174868,209.889771,238.604674,267.319576,296.034479,324.749382,358.742339,398.013350,437.284361,476.555372,515.826383,555.097394,594.365382,633.630346,672.895310,712.160274,751.425237,790.690201,831.363354,873.444696,915.526037,957.607379,999.688721,1041.770062,1071.843004,1089.907546,1107.972088,1126.036629,1144.101171,1162.165712,1161.457639,1141.976950,1122.496261,1103.015572,1083.534883,1064.054194,1065.575538,1088.098912,1110.622287,1133.145663,1155.669038,1178.192412,1181.805197,1166.507392,1151.209586,1135.911781,1120.613975,1105.316169,1074.182325,1027.212442,980.242558,933.272675,886.302792,839.332908,809.397796,796.497454,783.597113,770.696771,757.796429,744.896088,719.856153,682.676625,645.497097,608.317569,571.138042,533.958514,490.025521,439.339063,388.652604,337.966146,287.279687,236.593229,193.645833,158.437500,123.229167,88.020833,52.812500,17.604167,0.000000,0.000000,0.000000,0.000000,0.000000,0.000000,0.000000,0.000000,0.000000,0.000000,0.000000,0.000000,0.000000,0.000000,0.000000,0.000000,0.000000,0.000000,0.000000,0.000000,0.000000,0.000000,0.000000,0.000000,0.000000,0.000000,0.000000,0.000000,0.000000,0.000000
0.000000,0.000000,0.000000,0.000000,0.000000,0.000000,0.000000,0.000000,0.000000,0.000000,0.000000,0.000000,0.000000,0.000000,0.000000,0.000000,0.000000,0.000000,0.000000,0.000000,0.000000,0.000000,0.000000,0.000000,0.000000,0.000000,0.000000,0.000000,0.000000,0.000000,12.254314,36.762942,61.271569,85.780197,110.288825,134.797453,166.893747,206.577708,246.261669,285.945631,325.629592,365.313553,404.621647,443.553875,482.486103,521.418331,560.350558,599.282786,638.406674,677.722221,717.037768,756.353315,795.668863,834.984410,857.041769,861.840942,866.640114,871.439286,876.238458,881.037631,896.755060,923.390746,950.026432,976.662118,1003.297804,1029.933490,1048.432293,1058.794212,1069.156132,1079.518051,1089.879971,1100.241890,1101.578742,1093.890525,1086.202308,1078.514092,1070.825875,1063.137658,1042.335903,1008.420608,974.505314,940.590019,906.674725,872.759431,849.249929,836.146221,823.042513,809.938804,796.835096,783.731387,750.315811,696.588367,642.860922,589.133478,535.406033,481.678589,441.549642,415.019192,388.488742,361.958292,335.427842,308.897392,282.778165,257.070162,231.362160,205.654157,179.946154,154.238151,129.602138,106.038112,82.474087,58.910063,35.346038,11.782012,0.000000,0.000000,0.000000,0.000000,0.000000,0.000000,0.000000,0.000000,0.000000,0.000000,0.000000,0.000000,0.000000,0.000000,0.000000,0.000000,0.000000,0.000000,0.000000,0.000000,0.000000,0.000000,0.000000,0.000000,0.000000,0.000000,0.000000,0.000000,0.000000,0.000000
0.000000,0.000000,0.000000,0.000000,0.000000,0.000000,0.000000,0.000000,0.000000,0.000000,0.000000,0.000000,0.000000,0.000000,0.000000,0.000000,0.000000,0.000000,0.000000,0.000000,0.000000,0.000000,0.000000,0.000000,0.000000,0.000000,0.000000,0.000000,0.000000,0.000000,12.798921,38.396763,63.994604,89.592446,115.190287,140.788129,172.677864,210.859492,249.041119,287.222747,325.404375,363.586003,393.317478,414.598800,435.880122,457.161444,478.442767,499.724089,519.984229,539.223188,558.462146,577.701104,596.940062,616.179021,632.151564,644.857692,657.563819,670.269947,682.976075,695.682203,719.527964,754.513358,789.498753,824.484147,859.469542,894.454936,912.342214,913.131375,913.920536,914.709697,915.498858,916.288019,913.781603,907.979608,902.177614,896.375619,890.573625,884.771631,874.706282,860.377579,846.048876,831.720174,817.391471,803.062768,790.618481,780.058608,769.498736,758.938864,748.378992,737.819119,716.472704,684.339746,652.206788,620.073829,587.940871,555.807913,531.165415,514.013379,496.861343,479.709307,462.557271,445.405235,415.589840,373.111087,330.632335,288.153582,245.674829,203.196076,166.793642,136.467525,106.141408,75.815292,45.489175,15.163058,0.000000,0.000000,0.000000,0.000000,0.000000,0.000000,0.000000,0.000000,0.000000,0.000000,0.000000,0.000000,0.000000,0.000000,0.000000,0.000000,0.000000,0.000000,0.000000,0.000000,0.000000,0.000000,0.000000,0.000000,0.000000,0.000000,0.000000,0.000000,0.000000,0.000000
0.000000,0.000000,0.000000,0.000000,0.000000,0.000000,0.000000,0.000000,0.000000,0.000000,0.000000,0.000000,0.000000,0.000000,0.000000,0.000000,0.000000,0.000000,0.000000,0.000000,0.000000,0.000000,0.000000,0.000000,0.000000,0.000000,0.000000,0.000000,0.000000,0.000000,13.972087,41.916263,69.860438,97.804612,125.748788,153.692963,181.732742,209.868125,238.003508,266.138892,294.274275,322.409658,365.732340,424.242321,482.752301,541.262282,599.772263,658.282243,709.283104,752.774846,796.266587,839.758329,883.250071,926.741812,950.399792,954.224008,958.048225,961.872442,965.696658,969.520875,980.176853,997.664592,1015.152331,1032.640069,1050.127808,1067.615547,1082.590804,1095.053579,1107.516354,1119.979129,1132.441904,1144.904679,1157.196261,1169.316650,1181.437039,1193.557428,1205.677817,1217.798206,1218.845261,1208.818983,1198.792706,1188.766428,1178.740150,1168.713872,1158.155446,1147.064871,1135.974296,1124.883721,1113.793146,1102.702571,1065.708731,1002.811625,939.914519,877.017414,814.120308,751.223203,695.262069,646.236908,597.211747,548.186586,499.161425,450.136264,405.477846,365.186171,324.894496,284.602821,244.311146,204.019471,168.550831,137.905225,107.259619,76.614014,45.968408,15.322803,0.000000,0.000000,0.000000,0.000000,0.000000,0.000000,0.000000,0.000000,0.000000,0.000000,0.000000,0.000000,0.000000,0.000000,0.000000,0.000000,0.000000,0.000000,0.000000,0.000000,0.000000,0.000000,0.000000,0.000000,0.000000,0.000000,0.000000,0.000000,0.000000,0.000000
0.000000,0.000000,0.000000,0.000000,0.000000,0.000000,0.000000,0.000000,0.000000,0.000000,0.000000,0.000000,0.000000,0.000000,0.000000,0.000000,0.000000,0.000000,0.000000,0.000000,0.000000,0.000000,0.000000,0.000000,0.000000,0.000000,0.000000,0.000000,0.000000,0.000000,14.021211,42.063633,70.106056,98.148478,126.190900,154.233322,182.736097,211.699225,240.662353,269.625481,298.588608,327.551736,355.957674,383.806421,411.655168,439.503915,467.352662,495.201410,537.737297,594.960325,652.183353,709.406381,766.629408,823.852436,867.716253,898.220858,928.725464,959.230069,989.734675,1020.239281,1028.121190,1013.380404,998.639618,983.898832,969.158046,954.417260,955.340596,971.928054,988.515512,1005.102971,1021.690429,1038.277887,1052.940944,1065.679600,1078.418256,1091.156911,1103.895567,1116.634222,1111.677026,1089.023979,1066.370932,1043.717885,1021.064838,998.411790,973.342292,945.856342,918.370392,890.884442,863.398492,835.912542,796.504429,745.174154,693.843879,642.513604,591.183329,539.853054,492.195757,448.211438,404.227118,360.242799,316.258479,272.274160,238.199411,214.034233,189.869056,165.703878,141.538700,117.373522,96.516689,78.968200,61.419711,43.871222,26.322733,8.774244,0.000000,0.000000,0.000000,0.000000,0.000000,0.000000,0.000000,0.000000,0.000000,0.000000,0.000000,0.000000,0.000000,0.000000,0.000000,0.000000,0.000000,0.000000,0.000000,0.000000,0.000000,0.000000,0.000000,0.000000,0.000000,0.000000,0.000000,0.000000,0.000000,0.000000
0.000000,0.000000,0.000000,0.000000,0.000000,0.000000,0.000000,0.000000,0.000000,0.000000,0.000000,0.000000,0.000000,0.000000,0.000000,0.000000,0.000000,0.000000,0.000000,0.000000,0.000000,0.000000,0.000000,0.000000,0.000000,0.000000,0.000000,0.000000,0.000000,0.000000,16.118553,48.355658,80.592764,112.829869,145.066975,177.304081,212.633144,251.054167,289.475189,327.896211,366.317233,404.738256,437.648636,465.048375,492.448114,519.847853,547.247592,574.647331,609.464349,651.698646,693.932943,736.167240,778.401537,820.635835,868.687014,922.555075,976.423136,1030.291197,1084.159258,1138.027319,1166.503533,1169.587900,1172.672267,1175.756633,1178.841000,1181.925367,1175.675740,1160.092121,1144.508501,1128.924882,1113.341263,1097.757643,1098.473847,1115.489875,1132.505903,1149.521931,1166.537958,1183.553986,1178.054497,1150.039492,1122.024486,1094.009481,1065.994475,1037.979469,1008.185669,976.613075,945.040481,913.467886,881.895292,850.322697,816.750910,781.179929,745.608949,710.037968,674.466988,638.896007,598.814922,554.223733,509.632544,465.041356,420.450167,375.858978,338.561465,308.557629,278.553793,248.549957,218.546121,188.542285,159.078669,130.155275,101.231881,72.308486,43.385092,14.461697,0.000000,0.000000,0.000000,0.000000,0.000000,0.000000,0.000000,0.000000,0.000000,0.000000,0.000000,0.000000,0.000000,0.000000,0.000000,0.000000,0.000000,0.000000,0.000000,0.000000,0.000000,0.000000,0.000000,0.000000,0.000000,0.000000,0.000000,0.000000,0.000000,0.000000
0.000000,0.000000,0.000000,0.000000,0.000000,0.000000,0.000000,0.000000,0.000000,0.000000,0.000000,0.000000,0.000000,0.000000,0.000000,0.000000,0.000000,0.000000,0.000000,0.000000,0.000000,0.000000,0.000000,0.000000,0.000000,0.000000,0.000000,0.000000,0.000000,0.000000,12.797694,38.393083,63.988472,89.583861,115.179250,140.774639,170.826399,205.334529,239.842660,274.350790,308.858921,343.367051,380.428660,420.043746,459.658832,499.273918,538.889004,578.504090,620.447439,664.719050,708.990661,753.262272,797.533883,841.805494,868.335610,877.124229,885.912849,894.701468,903.490087,912.278707,947.485442,1009.110292,1070.735142,1132.359992,1193.984842,1255.609692,1287.047253,1288.297525,1289.547797,1290.798069,1292.048342,1293.298614,1266.292160,1211.028979,1155.765799,1100.502618,1045.239438,989.976257,941.884874,900.965288,860.045701,819.126115,778.206529,737.286943,721.581174,731.089221,740.597268,750.105315,759.613362,769.121410,748.369849,697.358679,646.347510,595.336340,544.325171,493.314001,453.606836,425.203675,396.800514,368.397353,339.994192,311.591031,284.613442,259.061425,233.509408,207.957392,182.405375,156.853358,132.070904,108.058013,84.045121,60.032229,36.019338,12.006446,0.000000,0.000000,0.000000,0.000000,0.000000,0.000000,0.000000,0.000000,0.000000,0.000000,0.000000,0.000000,0.000000,0.000000,0.000000,0.000000,0.000000,0.000000,0.000000,0.000000,0.000000,0.000000,0.000000,0.000000,0.000000,0.000000,0.000000,0.000000,0.000000,0.000000
0.000000,0.000000,0.000000,0.000000,0.000000,0.000000,0.000000,0.000000,0.000000,0.000000,0.000000,0.000000,0.000000,0.000000,0.000000,0.000000,0.000000,0.000000,0.000000,0.000000,0.000000,0.000000,0.000000,0.000000,0.008954,0.026863,0.044771,0.062679,0.080588,0.098496,13.964687,41.679163,69.393638,97.108112,124.822587,152.537063,184.683542,221.262025,257.840508,294.418992,330.997475,367.575958,403.476918,438.700354,473.923790,509.147226,544.370662,579.594099,614.600158,649.388842,684.177525,718.966208,753.754892,788.543575,822.083746,854.375404,886.667062,918.958721,951.250379,983.542037,1015.201885,1046.229921,1077.257957,1108.285993,1139.314029,1170.342065,1181.645953,1173.225692,1164.805431,1156.385169,1147.964908,1139.544647,1127.379051,1111.468121,1095.557190,1079.646260,1063.735329,1047.824399,1033.068686,1019.468192,1005.867697,992.267203,978.666708,965.066214,946.811867,923.903667,900.995467,878.087267,855.179067,832.270867,799.522964,756.935358,714.347753,671.760147,629.172542,586.584936,544.845953,503.955592,463.065231,422.174869,381.284508,340.394147,304.895151,274.787521,244.679890,214.572260,184.464629,154.356999,127.700349,104.494679,81.289010,58.083340,34.877671,11.672001,0.063403,0.051875,0.040347,0.028819,0.017292,0.005764,0.000000,0.000000,0.000000,0.000000,0.000000,0.000000,0.000000,0.000000,0.000000,0.000000,0.000000,0.000000,0.000000,0.000000,0.000000,0.000000,0.000000,0.000000,0.000000,0.000000,0.000000,0.000000,0.000000,0.000000
0.000000,0.000000,0.000000,0.000000,0.000000,0.000000,0.000000,0.000000,0.000000,0.000000,0.000000,0.000000,0.000000,0.000000,0.000000,0.000000,0.000000,0.000000,0.000000,0.000000,0.000000,0.000000,0.000000,0.000000,0.025224,0.075671,0.126118,0.176565,0.227012,0.277460,15.015644,44.441567,73.867489,103.293411,132.719333,162.145256,191.493956,220.765433,250.036911,279.308389,308.579867,337.851344,368.153937,399.487646,430.821354,462.155062,493.488771,524.822479,558.139201,593.438937,628.738674,664.038410,699.338146,734.637882,764.977351,790.356554,815.735757,841.114960,866.494163,891.873365,919.982433,950.821367,981.660300,1012.499233,1043.338167,1074.177100,1101.606825,1125.627342,1149.647858,1173.668375,1197.688892,1221.709408,1229.679076,1221.597896,1213.516715,1205.435535,1197.354354,1189.273174,1162.472485,1116.952288,1071.432090,1025.911893,980.391696,934.871499,898.379542,870.915825,843.452108,815.988392,788.524675,761.060958,734.914406,710.085017,685.255628,660.426239,635.596850,610.767461,576.564418,532.987721,489.411024,445.834326,402.257629,358.680932,325.308196,302.139421,278.970646,255.801871,232.633096,209.464321,181.429483,148.528583,115.627683,82.726783,49.825883,16.924983,0.434989,0.355900,0.276811,0.197722,0.118633,0.039544,0.000000,0.000000,0.000000,0.000000,0.000000,0.000000,0.000000,0.000000,0.000000,0.000000,0.000000,0.000000,0.000000,0.000000,0.000000,0.000000,0.000000,0.000000,0.000000,0.000000,0.000000,0.000000,0.000000,0.000000
0.000000,0.000000,0.000000,0.000000,0.000000,0.000000,0.000000,0.000000,0.000000,0.000000,0.000000,0.000000,0.000000,0.000000,0.000000,0.000000,0.000000,0.000000,0.000000,0.000000,0.000000,0.000000,0.000000,0.000000,0.048519,0.145558,0.242597,0.339636,0.436675,0.533714,17.262296,50.622421,83.982546,117.342671,150.702796,184.062921,218.046404,252.653246,287.260088,321.866929,356.473771,391.080613,433.194803,482.816342,532.437881,582.059419,631.680958,681.302497,728.886540,774.433088,819.979635,865.526182,911.072729,956.619276,979.974012,981.136938,982.299863,983.462787,984.625712,985.788637,978.251540,962.014421,945.777301,929.540182,913.303063,897.065943,887.430108,884.395558,881.361008,878.326458,875.291908,872.257358,882.265733,905.317033,928.368333,951.419633,974.470933,997.522233,998.645440,977.840554,957.035668,936.230782,915.425896,894.621010,876.958507,862.438387,847.918268,833.398149,818.878029,804.357910,780.527900,747.388000,714.248100,681.108200,647.968300,614.828400,577.096499,534.772596,492.448693,450.124790,407.800887,365.476985,327.856578,294.939667,262.022756,229.105844,196.188933,163.272022,134.622411,110.240100,85.857789,61.475478,37.093167,12.710856,0.476392,0.389775,0.303158,0.216542,0.129925,0.043308,0.000000,0.000000,0.000000,0.000000,0.000000,0.000000,0.000000,0.000000,0.000000,0.000000,0.000000,0.000000,0.000000,0.000000,0.000000,0.000000,0.000000,0.000000,0.000000,0.000000,0.000000,0.000000,0.000000,0.000000
0.000000,0.000000,0.000000,0.000000,0.000000,0.000000,0.000000,0.000000,0.000000,0.000000,0.000000,0.000000,0.000000,0.000000,0.000000,0.000000,0.000000,0.000000,0.000000,0.000000,0.000000,0.000000,0.000000,0.000000,0.065985,0.197954,0.329924,0.461893,0.593862,0.725832,16.281324,47.260337,78.239351,109.218365,140.197379,171.176393,206.615878,246.515833,286.415789,326.315744,366.215700,406.115656,444.681111,481.912067,519.143022,556.373978,593.604933,630.835889,671.327950,715.081117,758.834283,802.587450,846.340617,890.093783,933.694686,977.143325,1020.591964,1064.040603,1107.489242,1150.937881,1177.443162,1187.005087,1196.567012,1206.128938,1215.690863,1225.252788,1236.808292,1250.357375,1263.906458,1277.455542,1291.004625,1304.553708,1305.549256,1293.991267,1282.433278,1270.875289,1259.317300,1247.759311,1222.557481,1183.711808,1144.866136,1106.020464,1067.174792,1028.329119,986.404393,941.400613,896.396832,851.393051,806.389271,761.385490,727.405492,704.449275,681.493058,658.536842,635.580625,612.624408,586.430804,556.999813,527.568821,498.137829,468.706837,439.275846,403.125232,360.254996,317.384760,274.514524,231.644287,188.774051,153.457617,125.694983,97.932350,70.169717,42.407083,14.644450,0.699539,0.572350,0.445161,0.317972,0.190783,0.063594,0.000000,0.000000,0.000000,0.000000,0.000000,0.000000,0.000000,0.000000,0.000000,0.000000,0.000000,0.000000,0.000000,0.000000,0.000000,0.000000,0.000000,0.000000,0.000000,0.000000,0.000000,0.000000,0.000000,0.000000
0.000000,0.000000,0.000000,0.000000,0.000000,0.000000,0.000000,0.000000,0.000000,0.000000,0.000000,0.000000,0.000000,0.000000,0.000000,0.000000,0.000000,0.000000,0.000000,0.000000,0.000000,0.000000,0.000000,0.000000,0.062939,0.188817,0.314694,0.440572,0.566450,0.692328,12.344861,35.524050,58.703239,81.882428,105.061617,128.240806,161.461608,204.724025,247.986442,291.248858,334.511275,377.773692,419.467099,459.591496,499.715893,539.840290,579.964687,620.089085,662.585415,707.453679,752.321943,797.190207,842.058471,886.926735,925.908872,959.004883,992.100894,1025.196906,1058.292917,1091.388928,1128.501901,1169.631838,1210.761774,1251.891710,1293.021646,1334.151582,1338.016697,1304.616992,1271.217286,1237.817581,1204.417875,1171.018169,1142.591971,1119.139279,1095.686588,1072.233896,1048.781204,1025.328512,1001.159304,976.273579,951.387854,926.502129,901.616404,876.730679,855.450349,837.775413,820.100476,802.425540,784.750604,767.075668,742.890978,712.196533,681.502089,650.807644,620.113200,589.418756,560.227774,532.540254,504.852735,477.165215,449.477696,421.790176,389.482065,352.553362,315.624660,278.695957,241.767254,204.838551,170.934958,140.056475,109.177992,78.299508,47.421025,16.542542,1.011358,0.827475,0.643592,0.459708,0.275825,0.091942,0.000000,0.000000,0.000000,0.000000,0.000000,0.000000,0.000000,0.000000,0.000000,0.000000,0.000000,0.000000,0.000000,0.000000,0.000000,0.000000,0.000000,0.000000,0.000000,0.000000,0.000000,0.000000,0.000000,0.000000
0.000000,0.000000,0.000000,0.000000,0.000000,0.000000,0.000000,0.000000,0.000000,0.000000,0.000000,0.000000,0.000000,0.000000,0.000000,0.000000,0.000000,0.000000,0.000000,0.000000,0.000000,0.000000,0.000000,0.000000,0.074372,0.223117,0.371861,0.520606,0.669350,0.818094,15.384569,44.368775,73.352981,102.337186,131.321392,160.305597,195.786586,237.764358,279.742131,321.719903,363.697675,405.675447,444.613494,480.511817,516.410139,552.308461,588.206783,624.105106,672.638017,733.805517,794.973017,856.140517,917.308017,978.475517,1024.480928,1055.324250,1086.167572,1117.010894,1147.854217,1178.697539,1188.984172,1178.714117,1168.444061,1158.174006,1147.903950,1137.633894,1132.317501,1131.954771,1131.592040,1131.229310,1130.866579,1130.503849,1105.985603,1057.311842,1008.638081,959.964319,911.290558,862.616797,830.528725,815.026342,799.523958,784.021575,768.519192,753.016808,747.831754,752.964029,758.096304,763.228579,768.360854,773.493129,760.056221,728.050129,696.044038,664.037946,632.031854,600.025763,569.190275,539.525392,509.860508,480.195625,450.530742,420.865858,385.174499,343.456662,301.738826,260.020990,218.303154,176.585318,142.832468,117.044604,91.256740,65.468876,39.681013,13.893149,0.915949,0.749413,0.582876,0.416340,0.249804,0.083268,0.000000,0.000000,0.000000,0.000000,0.000000,0.000000,0.000000,0.000000,0.000000,0.000000,0.000000,0.000000,0.000000,0.000000,0.000000,0.000000,0.000000,0.000000,0.000000,0.000000,0.000000,0.000000,0.000000,0.000000
0.000000,0.000000,0.000000,0.000000,0.000000,0.000000,0.000000,0.000000,0.000000,0.000000,0.000000,0.000000,0.000000,0.000000,0.000000,0.000000,0.000000,0.000000,0.000000,0.000000,0.000000,0.000000,0.000000,0.000000,0.115967,0.347900,0.579833,0.811767,1.043700,1.275633,17.559101,49.894104,82.229107,114.564110,146.899113,179.234115,212.253986,245.958725,279.663464,313.368203,347.072942,380.777681,424.132683,477.137950,530.143217,583.148483,636.153750,689.159017,735.313119,774.616058,813.918997,853.221936,892.524875,931.827814,956.022329,965.108421,974.194512,983.280604,992.366696,1001.452787,1020.555388,1049.674496,1078.793604,1107.912713,1137.031821,1166.150929,1166.240375,1137.300158,1108.359942,1079.419725,1050.479508,1021.539292,997.403087,978.070896,958.738704,939.406512,920.074321,900.742129,883.642747,868.776175,853.909603,839.043031,824.176458,809.309886,807.618733,819.103000,830.587267,842.071533,853.555800,865.040067,848.009744,802.464833,756.919922,711.375011,665.830100,620.285189,577.901457,538.678904,499.456351,460.233799,421.011246,381.788693,345.873469,313.265575,280.657681,248.049786,215.441892,182.833997,152.763117,125.229250,97.695383,70.161517,42.627650,15.093783,1.216279,0.995137,0.773996,0.552854,0.331713,0.110571,0.000000,0.000000,0.000000,0.000000,0.000000,0.000000,0.000000,0.000000,0.000000,0.000000,0.000000,0.000000,0.000000,0.000000,0.000000,0.000000,0.000000,0.000000,0.000000,0.000000,0.000000,0.000000,0.000000,0.000000
0.000000,0.000000,0.000000,0.000000,0.000000,0.000000,0.000000,0.000000,0.000000,0.000000,0.000000,0.000000,0.000000,0.000000,0.000000,0.000000,0.000000,0.000000,0.000000,0.000000,0.000000,0.000000,0.000000,0.000000,0.099579,0.298737,0.497896,0.697054,0.896212,1.095371,15.661672,44.595117,73.528561,102.462006,131.395450,160.328894,193.690757,231.481037,269.271318,307.061599,344.851879,382.642160,414.212208,439.562025,464.911842,490.261658,515.611475,540.961292,567.562050,595.413750,623.265450,651.117150,678.968850,706.820550,739.784501,777.860704,815.936907,854.013110,892.089312,930.165515,963.042653,990.720725,1018.398797,1046.076869,1073.754942,1101.433014,1117.072783,1120.674250,1124.275717,1127.877183,1131.478650,1135.080117,1147.481921,1168.684062,1189.886204,1211.088346,1232.290488,1253.492629,1254.641869,1235.738208,1216.834547,1197.930886,1179.027225,1160.123564,1142.755072,1126.921750,1111.088428,1095.255106,1079.421783,1063.588461,1019.733550,947.857050,875.980550,804.104050,732.227550,660.351050,610.645344,583.110433,555.575522,528.040611,500.505700,472.970789,439.029106,398.680650,358.332194,317.983739,277.635283,237.286828,199.134310,163.177729,127.221149,91.264568,55.307988,19.351407,1.258690,1.029837,0.800985,0.572132,0.343279,0.114426,0.000000,0.000000,0.000000,0.000000,0.000000,0.000000,0.000000,0.000000,0.000000,0.000000,0.000000,0.000000,0.000000,0.000000,0.000000,0.000000,0.000000,0.000000,0.000000,0.000000,0.000000,0.000000,0.000000,0.000000
0.000000,0.000000,0.000000,0.000000,0.000000,0.000000,0.000000,0.000000,0.000000,0.000000,0.000000,0.000000,0.000000,0.000000,0.000000,0.000000,0.000000,0.000000,0.000000,0.000000,0.000000,0.000000,0.000000,0.000000,0.112164,0.336492,0.560819,0.785147,1.009475,1.233803,16.582129,47.054454,77.526779,107.999104,138.471429,168.943754,202.474476,239.063596,275.652715,312.241835,348.830954,385.420074,431.242519,486.298292,541.354064,596.409836,651.465608,706.521381,745.070224,767.112138,789.154051,811.195965,833.237879,855.279793,879.265318,905.194454,931.123590,957.052726,982.981862,1008.910999,1030.455669,1047.615875,1064.776081,1081.936286,1099.096492,1116.256697,1117.813847,1103.767942,1089.722036,1075.676131,1061.630225,1047.584319,1038.164026,1033.369346,1028.574665,1023.779985,1018.985304,1014.190624,1015.620978,1023.276367,1030.931756,1038.587144,1046.242533,1053.897922,1046.095743,1022.835996,999.576249,976.316501,953.056754,929.797007,891.879093,839.303013,786.726932,734.150851,681.574771,628.998690,578.752478,530.836133,482.919789,435.003444,387.087100,339.170756,300.826688,272.054896,243.283104,214.511313,185.739521,156.967729,130.780872,107.178950,83.577028,59.975106,36.373183,12.771261,0.889442,0.727725,0.566008,0.404292,0.242575,0.080858,0.000000,0.000000,0.000000,0.000000,0.000000,0.000000,0.000000,0.000000,0.000000,0.000000,0.000000,0.000000,0.000000,0.000000,0.000000,0.000000,0.000000,0.000000,0.000000,0.000000,0.000000,0.000000,0.000000,0.000000
0.000000,0.000000,0.000000,0.000000,0.000000,0.000000,0.000000,0.000000,0.000000,0.000000,0.000000,0.000000,0.000000,0.000000,0.000000,0.000000,0.000000,0.000000,0.000000,0.000000,0.000000,0.000000,0.000000,0.000000,0.096743,0.290229,0.483715,0.677201,0.870687,1.064174,13.000865,36.680762,60.360660,84.040557,107.720454,131.400351,166.479665,212.958396,259.437126,305.915857,352.394588,398.873318,441.567064,480.475825,519.384586,558.293347,597.202108,636.110869,663.696957,679.960371,696.223785,712.487199,728.750612,745.014026,784.037768,845.821838,907.605907,969.389976,1031.174046,1092.958115,1133.925831,1154.077192,1174.228553,1194.379914,1214.531275,1234.682636,1254.379381,1273.621508,1292.863636,1312.105764,1331.347892,1350.590019,1359.353503,1357.638342,1355.923181,1354.208019,1352.492858,1350.777697,1321.052456,1263.317133,1205.581811,1147.846489,1090.111167,1032.375844,1006.348735,1012.029838,1017.710940,1023.392043,1029.073146,1034.754249,1000.293756,925.691667,851.089578,776.487489,701.885400,627.283311,575.580039,546.775583,517.971128,489.166672,460.362217,431.557761,396.216132,354.337329,312.458526,270.579724,228.700921,186.822118,152.161585,124.719321,97.277057,69.834793,42.392529,14.950265,1.126706,0.921850,0.716994,0.512139,0.307283,0.102428,0.000000,0.000000,0.000000,0.000000,0.000000,0.000000,0.000000,0.000000,0.000000,0.000000,0.000000,0.000000,0.000000,0.000000,0.000000,0.000000,0.000000,0.000000,0.000000,0.000000,0.000000,0.000000,0.000000,0.000000
0.000000,0.000000,0.000000,0.000000,0.000000,0.000000,0.000000,0.000000,0.000000,0.000000,0.000000,0.000000,0.000000,0.000000,0.000000,0.000000,0.000000,0.000000,0.000000,0.000000,0.000000,0.000000,0.000000,0.000000,0.139062,0.417187,0.695313,0.973437,1.251562,1.529688,19.820312,56.123437,92.426563,128.729687,165.032813,201.335938,243.452604,291.382812,339.313021,387.243229,435.173437,483.103646,524.977732,560.795696,596.613660,632.431624,668.249587,704.067551,743.126489,785.426400,827.726311,870.026222,912.326133,954.626044,980.602828,990.256483,999.910139,1009.563794,1019.217450,1028.871106,1034.601535,1036.408738,1038.215940,1040.023143,1041.830346,1043.637549,1050.379964,1062.057592,1073.735219,1085.412847,1097.090475,1108.768103,1120.114296,1131.129054,1142.143812,1153.158571,1164.173329,1175.188087,1165.802749,1136.017313,1106.231876,1076.446440,1046.661004,1016.875568,994.341389,979.058467,963.775544,948.492622,933.209700,917.926778,897.855290,872.995237,848.135185,823.275132,798.415079,773.555026,738.465104,693.145312,647.825521,602.505729,557.185938,511.866146,466.788153,421.951958,377.115764,332.279569,287.443375,242.607181,201.961347,165.505875,129.050403,92.594931,56.139458,19.683986,1.334896,1.092188,0.849479,0.606771,0.364063,0.121354,0.000000,0.000000,0.000000,0.000000,0.000000,0.000000,0.000000,0.000000,0.000000,0.000000,0.000000,0.000000,0.000000,0.000000,0.000000,0.000000,0.000000,0.000000,0.000000,0.000000,0.000000,0.000000,0.000000,0.000000
0.000000,0.000000,0.000000,0.000000,0.000000,0.000000,0.000000,0.000000,0.000000,0.000000,0.000000,0.000000,0.000000,0.000000,0.000000,0.000000,0.000000,0.000000,0.000000,0.000000,0.000000,0.000000,0.000000,0.000000,0.113785,0.341354,0.568924,0.796493,1.024063,1.251632,15.503440,43.779488,72.055535,100.331582,128.607629,156.883676,189.008953,224.983458,260.957964,296.932469,332.906975,368.881481,410.042575,456.390258,502.737942,549.085625,595.433308,641.780992,675.162707,695.578454,715.994201,736.409949,756.825696,777.241443,812.308069,862.025575,911.743081,961.460586,1011.178092,1060.895597,1098.379553,1123.629958,1148.880364,1174.130769,1199.381175,1224.631581,1251.703463,1280.596821,1309.490179,1338.383538,1367.276896,1396.170254,1399.390131,1376.936525,1354.482919,1332.029314,1309.575708,1287.122103,1245.529503,1184.797908,1124.066314,1063.334719,1002.603125,941.871531,910.715849,909.136079,907.556310,905.976540,904.396771,902.817001,887.079411,857.184000,827.288589,797.393178,767.497767,737.602356,690.827485,627.173154,563.518824,499.864493,436.210163,372.555832,323.679146,289.580104,255.481062,221.382021,187.282979,153.183937,124.875761,102.358450,79.841139,57.323828,34.806517,12.289206,0.944671,0.772913,0.601154,0.429396,0.257637,0.085879,0.000000,0.000000,0.000000,0.000000,0.000000,0.000000,0.000000,0.000000,0.000000,0.000000,0.000000,0.000000,0.000000,0.000000,0.000000,0.000000,0.000000,0.000000,0.000000,0.000000,0.000000,0.000000,0.000000,0.000000
0.000000,0.000000,0.000000,0.000000,0.000000,0.000000,0.000000,0.000000,0.000000,0.000000,0.000000,0.000000,0.000000,0.000000,0.000000,0.000000,0.000000,0.000000,0.000000,0.000000,0.000000,0.000000,0.000000,0.000000,0.109940,0.329821,0.549701,0.769582,0.989463,1.209343,16.301107,46.264754,76.228401,106.192049,136.155696,166.119343,200.893251,240.477421,280.061590,319.645760,359.229929,398.814099,431.670717,457.799783,483.928850,510.057917,536.186983,562.316050,593.113960,628.580713,664.047465,699.514218,734.980971,770.447724,789.915211,793.383433,796.851656,800.319878,803.788100,807.256322,828.098492,866.314608,904.530725,942.746842,980.962958,1019.179075,1030.132243,1013.822462,997.512682,981.202901,964.893121,948.583340,941.947321,944.985063,948.022804,951.060546,954.098287,957.136029,945.209347,918.318242,891.427136,864.536031,837.644925,810.753819,788.179296,769.921354,751.663413,733.405471,715.147529,696.889587,672.248381,641.223908,610.199436,579.174964,548.150492,517.126019,486.733935,456.974238,427.214540,397.454843,367.695146,337.935449,307.419790,276.148171,244.876551,213.604932,182.333313,151.061693,124.215615,101.795079,79.374543,56.954007,34.533471,12.112935,0.827444,0.677000,0.526556,0.376111,0.225667,0.075222,0.000000,0.000000,0.000000,0.000000,0.000000,0.000000,0.000000,0.000000,0.000000,0.000000,0.000000,0.000000,0.000000,0.000000,0.000000,0.000000,0.000000,0.000000,0.000000,0.000000,0.000000,0.000000,0.000000,0.000000
0.000000,0.000000,0.000000,0.000000,0.000000,0.000000,0.000000,0.000000,0.000000,0.000000,0.000000,0.000000,0.000000,0.000000,0.000000,0.000000,0.000000,0.000000,0.000000,0.000000,0.000000,0.000000,0.000000,0.000000,0.098893,0.296679,0.494465,0.692251,0.890038,1.087824,16.371997,46.742558,77.113119,107.483681,137.854242,168.224803,199.169804,230.689246,262.208688,293.728129,325.247571,356.767013,390.610944,426.779367,462.947789,499.116211,535.284633,571.453056,604.325583,633.902217,663.478850,693.055483,722.632117,752.208750,774.280819,788.848325,803.415831,817.983336,832.550842,847.118347,862.480490,878.637271,894.794051,910.950832,927.107612,943.264393,962.023981,983.386375,1004.748769,1026.111164,1047.473558,1068.835953,1091.288478,1114.831133,1138.373789,1161.916444,1185.459100,1209.001756,1214.360208,1201.534458,1188.708708,1175.882958,1163.057208,1150.231458,1130.193581,1102.943575,1075.693569,1048.443564,1021.193558,993.943553,964.776379,933.692037,902.607696,871.523354,840.439012,809.354671,768.428646,717.660937,666.893229,616.125521,565.357813,514.590104,465.287981,417.451442,369.614903,321.778364,273.941825,226.105286,185.412790,151.864338,118.315885,84.767432,51.218979,17.670526,0.821608,0.672225,0.522842,0.373458,0.224075,0.074692,0.000000,0.000000,0.000000,0.000000,0.000000,0.000000,0.000000,0.000000,0.000000,0.000000,0.000000,0.000000,0.000000,0.000000,0.000000,0.000000,0.000000,0.000000,0.000000,0.000000,0.000000,0.000000,0.000000,0.000000
0.000000,0.000000,0.000000,0.000000,0.000000,0.000000,0.000000,0.000000,0.000000,0.000000,0.000000,0.000000,0.000000,0.000000,0.000000,0.000000,0.000000,0.000000,0.000000,0.000000,0.000000,0.000000,0.000000,0.000000,0.085206,0.255617,0.426028,0.596439,0.766850,0.937261,13.990119,39.925425,65.860731,91.796036,117.731342,143.666647,172.647726,204.674579,236.701432,268.728285,300.755137,332.781990,367.028742,403.495392,439.962042,476.428692,512.895342,549.361992,580.030190,604.899937,629.769685,654.639432,679.509179,704.378926,733.885236,768.028108,802.170981,836.313853,870.456725,904.599597,943.910149,988.388379,1032.866610,1077.344840,1121.823071,1166.301301,1203.542596,1233.546954,1263.551312,1293.555671,1323.560029,1353.564387,1363.423126,1353.136246,1342.849365,1332.562485,1322.275604,1311.988724,1300.932828,1289.107917,1277.283006,1265.458094,1253.633183,1241.808272,1223.621331,1199.072358,1174.523386,1149.974414,1125.425442,1100.876469,1061.938751,1008.612287,955.285824,901.959360,848.632896,795.306432,734.120422,665.074867,596.029311,526.983756,457.938200,388.892644,338.100028,305.560350,273.020672,240.480994,207.941317,175.401639,145.938017,119.550450,93.162883,66.775317,40.387750,14.000183,0.739200,0.604800,0.470400,0.336000,0.201600,0.067200,0.000000,0.000000,0.000000,0.000000,0.000000,0.000000,0.000000,0.000000,0.000000,0.000000,0.000000,0.000000,0.000000,0.000000,0.000000,0.000000,0.000000,0.000000,0.000000,0.000000,0.000000,0.000000,0.000000,0.000000
0.000000,0.000000,0.000000,0.000000,0.000000,0.000000,0.000000,0.000000,0.000000,0.000000,0.000000,0.000000,0.000000,0.000000,0.000000,0.000000,0.000000,0.000000,0.000000,0.000000,0.000000,0.000000,0.000000,0.000000,0.059939,0.179817,0.299694,0.419572,0.539450,0.659328,12.967883,37.465117,61.962350,86.459583,110.956817,135.454050,164.136856,197.005233,229.873611,262.741989,295.610367,328.478744,361.124331,393.547125,425.969919,458.392714,490.815508,523.238303,560.486789,602.560967,644.635144,686.709322,728.783500,770.857678,815.959125,864.087842,912.216558,960.345275,1008.473992,1056.602708,1115.032311,1183.762800,1252.493289,1321.223778,1389.954267,1458.684756,1487.105982,1475.217946,1463.329910,1451.441874,1439.553837,1427.665801,1398.394067,1351.738633,1305.083200,1258.427767,1211.772333,1165.116900,1127.032071,1097.517846,1068.003621,1038.489396,1008.975171,979.460946,949.769021,919.899396,890.029771,860.160146,830.290521,800.420896,762.620725,716.890008,671.159292,625.428575,579.697858,533.967142,497.753275,471.056258,444.359242,417.662225,390.965208,364.268192,335.763660,305.451612,275.139565,244.827518,214.515471,184.203424,155.031061,126.998383,98.965706,70.933028,42.900350,14.867672,0.780389,0.638500,0.496611,0.354722,0.212833,0.070944,0.000000,0.000000,0.000000,0.000000,0.000000,0.000000,0.000000,0.000000,0.000000,0.000000,0.000000,0.000000,0.000000,0.000000,0.000000,0.000000,0.000000,0.000000,0.000000,0.000000,0.000000,0.000000,0.000000,0.000000
0.000000,0.000000,0.000000,0.000000,0.000000,0.000000,0.000000,0.000000,0.000000,0.000000,0.000000,0.000000,0.000000,0.000000,0.000000,0.000000,0.000000,0.000000,0.000000,0.000000,0.000000,0.000000,0.000000,0.000000,0.058929,0.176787,0.294646,0.412504,0.530362,0.648221,16.941401,49.409904,81.878407,114.346910,146.815412,179.283915,215.027549,254.046312,293.065076,332.083840,371.102604,410.121368,444.139344,473.156533,502.173722,531.190911,560.208100,589.225289,610.144899,622.966929,635.788960,648.610990,661.433021,674.255051,711.167914,772.171608,833.175303,894.178997,955.182692,1016.186386,1059.600007,1085.423554,1111.247101,1137.070649,1162.894196,1188.717743,1223.203022,1266.350033,1309.497044,1352.644056,1395.791067,1438.938078,1442.433312,1406.276771,1370.120229,1333.963687,1297.807146,1261.650604,1225.430783,1189.147683,1152.864583,1116.581483,1080.298383,1044.015283,1008.601286,974.056392,939.511497,904.966603,870.421708,835.876814,802.047317,768.933217,735.819117,702.705017,669.590917,636.476817,598.189379,554.728604,511.267829,467.807054,424.346279,380.885504,342.109658,308.018742,273.927825,239.836908,205.745992,171.655075,141.764990,116.075738,90.386485,64.697232,39.007979,13.318726,0.434592,0.355575,0.276558,0.197542,0.118525,0.039508,0.000000,0.000000,0.000000,0.000000,0.000000,0.000000,0.000000,0.000000,0.000000,0.000000,0.000000,0.000000,0.000000,0.000000,0.000000,0.000000,0.000000,0.000000,0.000000,0.000000,0.000000,0.000000,0.000000,0.000000
0.000000,0.000000,0.000000,0.000000,0.000000,0.000000,0.000000,0.000000,0.000000,0.000000,0.000000,0.000000,0.000000,0.000000,0.000000,0.000000,0.000000,0.000000,0.000000,0.000000,0.000000,0.000000,0.000000,0.000000,0.036119,0.108358,0.180597,0.252836,0.325075,0.397314,13.917743,40.886362,67.854982,94.823601,121.792221,148.760840,178.386735,210.669904,242.953074,275.236243,307.519412,339.802582,369.011061,395.144850,421.278639,447.412428,473.546217,499.680006,534.095365,576.792296,619.489226,662.186157,704.883087,747.580018,789.800667,831.545033,873.289400,915.033767,956.778133,998.522500,1039.487028,1079.671717,1119.856406,1160.041094,1200.225783,1240.410472,1254.026478,1241.073800,1228.121122,1215.168444,1202.215767,1189.263089,1183.336907,1184.437221,1185.537535,1186.637849,1187.738163,1188.838476,1203.980726,1233.164913,1262.349099,1291.533285,1320.717471,1349.901657,1340.665083,1293.007750,1245.350417,1197.693083,1150.035750,1102.378417,1054.821646,1007.365437,959.909229,912.453021,864.996813,817.540604,767.008929,713.401787,659.794646,606.187504,552.580362,498.973221,451.506896,410.181387,368.855879,327.530371,286.204862,244.879354,205.571585,168.281554,130.991524,93.701493,56.411463,19.121432,0.436715,0.357312,0.277910,0.198507,0.119104,0.039701,0.000000,0.000000,0.000000,0.000000,0.000000,0.000000,0.000000,0.000000,0.000000,0.000000,0.000000,0.000000,0.000000,0.000000,0.000000,0.000000,0.000000,0.000000,0.000000,0.000000,0.000000,0.000000,0.000000,0.000000
0.000000,0.000000,0.000000,0.000000,0.000000,0.000000,0.000000,0.000000,0.000000,0.000000,0.000000,0.000000,0.000000,0.000000,0.000000,0.000000,0.000000,0.000000,0.000000,0.000000,0.000000,0.000000,0.000000,0.000000,0.018317,0.054950,0.091583,0.128217,0.164850,0.201483,13.953040,41.419521,68.886001,96.352482,123.818962,151.285443,178.382674,205.110654,231.838635,258.566615,285.294596,312.022576,347.786049,392.585013,437.383976,482.182940,526.981904,571.780868,612.200422,648.240567,684.280711,720.320856,756.361000,792.401144,823.501386,849.661725,875.822064,901.982403,928.142742,954.303081,991.915314,1040.979442,1090.043569,1139.107697,1188.171825,1237.235953,1248.790390,1222.835137,1196.879885,1170.924632,1144.969379,1119.014126,1107.524364,1110.500092,1113.475819,1116.451547,1119.427275,1122.403003,1111.808079,1087.642504,1063.476929,1039.311354,1015.145779,990.980204,968.850762,948.757454,928.664146,908.570837,888.477529,868.384221,839.109231,800.652558,762.195886,723.739214,685.282542,646.825869,608.044425,568.938208,529.831992,490.725775,451.619558,412.513342,377.449436,346.427842,315.406247,284.384653,253.363058,222.341464,189.619104,155.195979,120.772854,86.349729,51.926604,17.503479,0.267590,0.218938,0.170285,0.121632,0.072979,0.024326,0.000000,0.000000,0.000000,0.000000,0.000000,0.000000,0.000000,0.000000,0.000000,0.000000,0.000000,0.000000,0.000000,0.000000,0.000000,0.000000,0.000000,0.000000,0.000000,0.000000,0.000000,0.000000,0.000000,0.000000
0.000000,0.000000,0.000000,0.000000,0.000000,0.000000,0.000000,0.000000,0.000000,0.000000,0.000000,0.000000,0.000000,0.000000,0.000000,0.000000,0.000000,0.000000,0.000000,0.000000,0.000000,0.000000,0.000000,0.000000,0.001087,0.003262,0.005438,0.007612,0.009787,0.011963,17.815697,53.420992,89.026286,124.631581,160.236875,195.842169,232.123306,269.080283,306.037261,342.994239,379.951217,416.908194,454.542106,492.852950,531.163794,569.474639,607.785483,646.096328,681.652900,714.455200,747.257500,780.059800,812.862100,845.664400,870.166335,886.367904,902.569474,918.771043,934.972613,951.174182,982.267360,1028.252146,1074.236932,1120.221718,1166.206504,1212.191290,1248.750747,1275.884875,1303.019003,1330.153131,1357.287258,1384.421386,1404.397225,1417.214775,1430.032325,1442.849875,1455.667425,1468.484975,1447.341229,1392.236187,1337.131146,1282.026104,1226.921062,1171.816021,1141.610356,1136.304067,1130.997778,1125.691489,1120.385200,1115.078911,1085.874661,1032.772450,979.670239,926.568028,873.465817,820.363606,766.679631,712.413892,658.148153,603.882414,549.616675,495.350936,447.550179,406.214404,364.878629,323.542854,282.207079,240.871304,201.854289,165.156033,128.457778,91.759522,55.061267,18.363011,0.012726,0.010412,0.008099,0.005785,0.003471,0.001157,0.000000,0.000000,0.000000,0.000000,0.000000,0.000000,0.000000,0.000000,0.000000,0.000000,0.000000,0.000000,0.000000,0.000000,0.000000,0.000000,0.000000,0.000000,0.000000,0.000000,0.000000,0.000000,0.000000,0.000000
0.000000,0.000000,0.000000,0.000000,0.000000,0.000000,0.000000,0.000000,0.000000,0.000000,0.000000,0.000000,0.000000,0.000000,0.000000,0.000000,0.000000,0.000000,0.000000,0.000000,0.000000,0.000000,0.000000,0.000000,0.000000,0.000000,0.000000,0.000000,0.000000,0.000000,16.641307,49.923921,83.206535,116.489149,149.771762,183.054376,220.679285,262.646487,304.613690,346.580893,388.548096,430.515299,475.460810,523.384629,571.308449,619.232268,667.156088,715.079907,755.340933,787.939167,820.537400,853.135633,885.733867,918.332100,955.071554,995.952229,1036.832904,1077.713579,1118.594254,1159.474929,1202.374025,1247.291542,1292.209058,1337.126575,1382.044092,1426.961608,1444.553369,1434.819375,1425.085381,1415.351386,1405.617392,1395.883397,1398.006179,1411.985738,1425.965296,1439.944854,1453.924412,1467.903971,1465.693750,1447.293750,1428.893750,1410.493750,1392.093750,1373.693750,1345.140625,1306.434375,1267.728125,1229.021875,1190.315625,1151.609375,1093.671978,1016.503433,939.334889,862.166344,784.997800,707.829256,650.309493,612.438513,574.567532,536.696551,498.825571,460.954590,421.049275,379.109625,337.169975,295.230325,253.290675,211.351025,174.516100,142.785900,111.055700,79.325500,47.595300,15.865100,0.000000,0.000000,0.000000,0.000000,0.000000,0.000000,0.000000,0.000000,0.000000,0.000000,0.000000,0.000000,0.000000,0.000000,0.000000,0.000000,0.000000,0.000000,0.000000,0.000000,0.000000,0.000000,0.000000,0.000000,0.000000,0.000000,0.000000,0.000000,0.000000,0.000000
0.000000,0.000000,0.000000,0.000000,0.000000,0.000000,0.000000,0.000000,0.000000,0.000000,0.000000,0.000000,0.000000,0.000000,0.000000,0.000000,0.000000,0.000000,0.000000,0.000000,0.000000,0.000000,0.000000,0.000000,0.000000,0.000000,0.000000,0.000000,0.000000,0.000000,16.127481,48.382442,80.637403,112.892364,145.147325,177.402286,213.523347,253.510508,293.497669,333.484831,373.471992,413.459153,442.433054,460.393696,478.354337,496.314979,514.275621,532.236263,565.373956,613.688700,662.003444,710.318189,758.632933,806.947678,852.415625,895.036775,937.657925,980.279075,1022.900225,1065.521375,1102.045278,1132.471933,1162.898589,1193.325244,1223.751900,1254.178556,1258.031160,1235.309713,1212.588265,1189.866818,1167.145371,1144.423924,1159.084475,1211.127025,1263.169575,1315.212125,1367.254675,1419.297225,1418.831239,1365.856717,1312.882194,1259.907672,1206.933150,1153.958628,1106.149403,1063.505475,1020.861547,978.217619,935.573692,892.929764,856.137649,825.197346,794.257043,763.316740,732.376438,701.436135,666.942306,628.894950,590.847594,552.800239,514.752883,476.705528,434.602624,388.444171,342.285718,296.127265,249.968813,203.810360,165.670206,135.548350,105.426494,75.304639,45.182783,15.060928,0.000000,0.000000,0.000000,0.000000,0.000000,0.000000,0.000000,0.000000,0.000000,0.000000,0.000000,0.000000,0.000000,0.000000,0.000000,0.000000,0.000000,0.000000,0.000000,0.000000,0.000000,0.000000,0.000000,0.000000,0.000000,0.000000,0.000000,0.000000,0.000000,0.000000
0.000000,0.000000,0.000000,0.000000,0.000000,0.000000,0.000000,0.000000,0.000000,0.000000,0.000000,0.000000,0.000000,0.000000,0.000000,0.000000,0.000000,0.000000,0.000000,0.000000,0.000000,0.000000,0.000000,0.000000,0.000000,0.000000,0.000000,0.000000,0.000000,0.000000,17.059981,51.179942,85.299903,119.419864,153.539825,187.659786,222.560433,258.241767,293.923100,329.604433,365.285767,400.967100,441.842885,487.913121,533.983357,580.053593,626.123829,672.194065,706.013265,727.581429,749.149593,770.717757,792.285921,813.854085,857.317767,922.676967,988.036167,1053.395367,1118.754567,1184.113767,1234.450967,1269.766167,1305.081367,1340.396567,1375.711767,1411.026967,1437.851333,1456.184867,1474.518400,1492.851933,1511.185467,1529.519000,1533.369765,1522.737763,1512.105760,1501.473757,1490.841754,1480.209751,1463.914635,1441.956404,1419.998174,1398.039943,1376.081713,1354.123482,1316.045132,1261.846663,1207.648193,1153.449724,1099.251254,1045.052785,999.275129,961.918288,924.561446,887.204604,849.847763,812.490921,768.428646,717.660937,666.893229,616.125521,565.357813,514.590104,466.335096,420.592788,374.850479,329.108171,283.365862,237.623554,196.856367,161.064300,125.272233,89.480167,53.688100,17.896033,0.000000,0.000000,0.000000,0.000000,0.000000,0.000000,0.000000,0.000000,0.000000,0.000000,0.000000,0.000000,0.000000,0.000000,0.000000,0.000000,0.000000,0.000000,0.000000,0.000000,0.000000,0.000000,0.000000,0.000000,0.000000,0.000000,0.000000,0.000000,0.000000,0.000000
0.000000,0.000000,0.000000,0.000000,0.000000,0.000000,0.000000,0.000000,0.000000,0.000000,0.000000,0.000000,0.000000,0.000000,0.000000,0.000000,0.000000,0.000000,0.000000,0.000000,0.000000,0.000000,0.000000,0.000000,0.000000,0.000000,0.000000,0.000000,0.000000,0.000000,14.080353,42.241058,70.401764,98.562469,126.723175,154.883881,189.860575,231.653258,273.445942,315.238625,357.031308,398.823992,443.071204,489.772946,536.474688,583.176429,629.878171,676.579913,717.451119,752.491792,787.532464,822.573136,857.613808,892.654481,943.365457,1009.746737,1076.128018,1142.509299,1208.890579,1275.271860,1321.240953,1346.797858,1372.354764,1397.911669,1423.468575,1449.025481,1468.311499,1481.326629,1494.341760,1507.356890,1520.372021,1533.387151,1534.477969,1523.644475,1512.810981,1501.977486,1491.143992,1480.310497,1465.693750,1447.293750,1428.893750,1410.493750,1392.093750,1373.693750,1337.753764,1284.273792,1230.793819,1177.313847,1123.833875,1070.353903,1019.915597,972.518958,925.122319,877.725681,830.329042,782.932403,734.702143,685.638262,636.574382,587.510501,538.446621,489.382740,442.142293,396.725279,351.308265,305.891251,260.474238,215.057224,176.319657,144.261538,112.203418,80.145299,48.087179,16.029060,0.000000,0.000000,0.000000,0.000000,0.000000,0.000000,0.000000,0.000000,0.000000,0.000000,0.000000,0.000000,0.000000,0.000000,0.000000,0.000000,0.000000,0.000000,0.000000,0.000000,0.000000,0.000000,0.000000,0.000000,0.000000,0.000000,0.000000,0.000000,0.000000,0.000000
0.000000,0.000000,0.000000,0.000000,0.000000,0.000000,0.000000,0.000000,0.000000,0.000000,0.000000,0.000000,0.000000,0.000000,0.000000,0.000000,0.000000,0.000000,0.000000,0.000000,0.000000,0.000000,0.000000,0.000000,0.000000,0.000000,0.000000,0.000000,0.000000,0.000000,15.284301,45.852904,76.421507,106.990110,137.558713,168.127315,209.483754,261.628029,313.772304,365.916579,418.060854,470.205129,520.282160,568.291946,616.301732,664.311518,712.321304,760.331090,807.978213,855.262671,902.547129,949.831588,997.116046,1044.400504,1088.077714,1128.147675,1168.217636,1208.287597,1248.357558,1288.427519,1323.844792,1354.609375,1385.373958,1416.138542,1446.903125,1477.667708,1494.087939,1496.163817,1498.239694,1500.315572,1502.391450,1504.467328,1482.691393,1437.063646,1391.435899,1345.808151,1300.180404,1254.552657,1211.763857,1171.814004,1131.864151,1091.914299,1051.964446,1012.014593,978.535094,951.525950,924.516806,897.507661,870.498517,843.489372,815.602283,786.837250,758.072217,729.307183,700.542150,671.777117,640.721575,607.375525,574.029475,540.683425,507.337375,473.991325,438.057400,399.535600,361.013800,322.492000,283.970200,245.448400,207.338542,169.640625,131.942708,94.244792,56.546875,18.848958,0.000000,0.000000,0.000000,0.000000,0.000000,0.000000,0.000000,0.000000,0.000000,0.000000,0.000000,0.000000,0.000000,0.000000,0.000000,0.000000,0.000000,0.000000,0.000000,0.000000,0.000000,0.000000,0.000000,0.000000,0.000000,0.000000,0.000000,0.000000,0.000000,0.000000
0.000000,0.000000,0.000000,0.000000,0.000000,0.000000,0.000000,0.000000,0.000000,0.000000,0.000000,0.000000,0.000000,0.000000,0.000000,0.000000,0.000000,0.000000,0.000000,0.000000,0.000000,0.000000,0.000000,0.000000,0.000000,0.000000,0.000000,0.000000,0.000000,0.000000,17.792306,53.376917,88.961528,124.546139,160.130750,195.715361,236.334024,281.986738,327.639451,373.292165,418.944879,464.597593,516.186017,573.710150,631.234283,688.758417,746.282550,803.806683,851.119508,888.221025,925.322542,962.424058,999.525575,1036.627092,1068.954860,1096.508879,1124.062899,1151.616918,1179.170938,1206.724957,1221.763389,1224.286233,1226.809078,1229.331922,1231.854767,1234.377611,1244.316854,1261.672496,1279.028137,1296.383779,1313.739421,1331.095063,1336.182249,1329.000979,1321.819710,1314.638440,1307.457171,1300.275901,1283.581404,1257.373679,1231.165954,1204.958229,1178.750504,1152.542779,1119.601290,1079.926038,1040.250785,1000.575532,960.900279,921.225026,887.070072,858.435417,829.800761,801.166106,772.531450,743.896794,704.321418,653.805321,603.289224,552.773126,502.257029,451.740932,405.964429,364.927521,323.890612,282.853704,241.816796,200.779887,165.239647,135.196075,105.152503,75.108931,45.065358,15.021786,0.000000,0.000000,0.000000,0.000000,0.000000,0.000000,0.000000,0.000000,0.000000,0.000000,0.000000,0.000000,0.000000,0.000000,0.000000,0.000000,0.000000,0.000000,0.000000,0.000000,0.000000,0.000000,0.000000,0.000000,0.000000,0.000000,0.000000,0.000000,0.000000,0.000000
0.000000,0.000000,0.000000,0.000000,0.000000,0.000000,0.000000,0.000000,0.000000,0.000000,0.000000,0.000000,0.000000,0.000000,0.000000,0.000000,0.000000,0.000000,0.000000,0.000000,0.000000,0.000000,0.000000,0.000000,0.000000,0.000000,0.000000,0.000000,0.000000,0.000000,14.590957,43.772871,72.954785,102.136699,131.318613,160.500526,196.688904,239.883746,283.078588,326.273429,369.468271,412.663113,452.015058,487.524108,523.033158,558.542208,594.051258,629.560308,667.531131,707.963725,748.396319,788.828914,829.261508,869.694103,901.888651,925.845154,949.801657,973.758160,997.714663,1021.671165,1056.998482,1103.696612,1150.394743,1197.092874,1243.791004,1290.489135,1317.116592,1323.673375,1330.230158,1336.786942,1343.343725,1349.900508,1345.696696,1330.732287,1315.767879,1300.803471,1285.839062,1270.874654,1253.340361,1233.236183,1213.132006,1193.027828,1172.923650,1152.819472,1130.117215,1104.816879,1079.516543,1054.216207,1028.915871,1003.615535,962.603869,905.880875,849.157881,792.434886,735.711892,678.988897,632.547844,596.388733,560.229622,524.070511,487.911400,451.752289,412.984192,371.607108,330.230025,288.852942,247.475858,206.098775,169.959381,139.057675,108.155969,77.254264,46.352558,15.450853,0.000000,0.000000,0.000000,0.000000,0.000000,0.000000,0.000000,0.000000,0.000000,0.000000,0.000000,0.000000,0.000000,0.000000,0.000000,0.000000,0.000000,0.000000,0.000000,0.000000,0.000000,0.000000,0.000000,0.000000,0.000000,0.000000,0.000000,0.000000,0.000000,0.000000
0.000000,0.000000,0.000000,0.000000,0.000000,0.000000,0.000000,0.000000,0.000000,0.000000,0.000000,0.000000,0.000000,0.000000,0.000000,0.000000,0.000000,0.000000,0.000000,0.000000,0.000000,0.000000,0.000000,0.000000,0.000000,0.000000,0.000000,0.000000,0.000000,0.000000,15.694593,47.083779,78.472965,109.862151,141.251338,172.640524,204.796312,237.718704,270.641096,303.563487,336.485879,369.408271,407.431103,450.554375,493.677647,536.800919,579.924192,623.047464,669.296040,718.669921,768.043801,817.417682,866.791563,916.165443,965.086267,1013.554033,1062.021800,1110.489567,1158.957333,1207.425100,1227.671650,1219.696983,1211.722317,1203.747650,1195.772983,1187.798317,1190.849161,1204.925517,1219.001872,1233.078228,1247.154583,1261.230939,1266.868276,1264.066596,1261.264915,1258.463235,1255.661554,1252.859874,1238.423925,1212.353708,1186.283492,1160.213275,1134.143058,1108.072842,1071.319242,1023.882258,976.445275,929.008292,881.571308,834.134325,806.302178,798.074867,789.847556,781.620244,773.392933,765.165622,736.867818,688.499521,640.131224,591.762926,543.394629,495.026332,450.030113,408.405971,366.781829,325.157688,283.533546,241.909404,202.672556,165.823000,128.973444,92.123889,55.274333,18.424778,0.000000,0.000000,0.000000,0.000000,0.000000,0.000000,0.000000,0.000000,0.000000,0.000000,0.000000,0.000000,0.000000,0.000000,0.000000,0.000000,0.000000,0.000000,0.000000,0.000000,0.000000,0.000000,0.000000,0.000000,0.000000,0.000000,0.000000,0.000000,0.000000,0.000000
0.000000,0.000000,0.000000,0.000000,0.000000,0.000000,0.000000,0.000000,0.000000,0.000000,0.000000,0.000000,0.000000,0.000000,0.000000,0.000000,0.000000,0.000000,0.000000,0.000000,0.000000,0.000000,0.000000,0.000000,0.000000,0.000000,0.000000,0.000000,0.000000,0.000000,17.171221,51.513663,85.856104,120.198546,154.540987,188.883429,231.312075,281.826925,332.341775,382.856625,433.371475,483.886325,530.071344,571.926533,613.781722,655.636911,697.492100,739.347289,777.928263,813.235021,848.541779,883.848538,919.155296,954.462054,1000.144356,1056.202200,1112.260044,1168.317889,1224.375733,1280.433578,1323.844792,1354.609375,1385.373958,1416.138542,1446.903125,1477.667708,1491.966535,1489.799604,1487.632674,1485.465743,1483.298812,1481.131882,1470.773165,1452.222663,1433.672160,1415.121657,1396.571154,1378.020651,1355.966518,1330.408754,1304.850990,1279.293226,1253.735463,1228.177699,1191.170422,1142.713633,1094.256844,1045.800056,997.343267,948.886478,906.709425,870.812108,834.914792,799.017475,763.120158,727.222842,686.889682,642.120679,597.351676,552.582674,507.813671,463.044668,422.056372,384.848783,347.641194,310.433606,273.226017,236.018428,199.296747,163.060975,126.825203,90.589431,54.353658,18.117886,0.000000,0.000000,0.000000,0.000000,0.000000,0.000000,0.000000,0.000000,0.000000,0.000000,0.000000,0.000000,0.000000,0.000000,0.000000,0.000000,0.000000,0.000000,0.000000,0.000000,0.000000,0.000000,0.000000,0.000000,0.000000,0.000000,0.000000,0.000000,0.000000,0.000000
0.000000,0.000000,0.000000,0.000000,0.000000,0.000000,0.000000,0.000000,0.000000,0.000000,0.000000,0.000000,0.000000,0.000000,0.000000,0.000000,0.000000,0.000000,0.000000,0.000000,0.000000,0.000000,0.000000,0.000000,0.000000,0.000000,0.000000,0.000000,0.000000,0.000000,13.957843,41.873529,69.789215,97.704901,125.620587,153.536274,185.813860,222.453346,259.092832,295.732318,332.371804,369.011290,408.813992,451.779908,494.745825,537.711742,580.677658,623.643575,661.448943,694.093763,726.738582,759.383401,792.028221,824.673040,861.165449,901.505446,941.845443,982.185440,1022.525437,1062.865435,1093.007775,1112.952458,1132.897142,1152.841825,1172.786508,1192.731192,1202.133803,1200.994342,1199.854881,1198.715419,1197.575958,1196.436497,1195.368324,1194.371437,1193.374551,1192.377665,1191.380779,1190.383893,1197.010229,1211.259788,1225.509346,1239.758904,1254.008462,1268.258021,1255.065332,1214.430396,1173.795460,1133.160524,1092.525588,1051.890651,997.585906,929.611350,861.636794,793.662239,725.687683,657.713128,605.738751,569.764554,533.790357,497.816160,461.841962,425.867765,387.142629,345.666554,304.190479,262.714404,221.238329,179.762254,145.772199,119.268163,92.764126,66.260090,39.756054,13.252018,0.000000,0.000000,0.000000,0.000000,0.000000,0.000000,0.000000,0.000000,0.000000,0.000000,0.000000,0.000000,0.000000,0.000000,0.000000,0.000000,0.000000,0.000000,0.000000,0.000000,0.000000,0.000000,0.000000,0.000000,0.000000,0.000000,0.000000,0.000000,0.000000,0.000000
0.000000,0.000000,0.000000,0.000000,0.000000,0.000000,0.000000,0.000000,0.000000,0.000000,0.000000,0.000000,0.000000,0.000000,0.000000,0.000000,0.000000,0.000000,0.000000,0.000000,0.000000,0.000000,0.000000,0.000000,0.000000,0.000000,0.000000,0.000000,0.000000,0.000000,15.456865,46.370596,77.284326,108.198057,139.111787,170.025518,205.656721,246.005396,286.354071,326.702746,367.051421,407.400096,454.431311,508.145067,561.858822,615.572578,669.286333,723.000089,768.704121,806.398429,844.092737,881.787046,919.481354,957.175662,1000.788840,1050.320888,1099.852935,1149.384982,1198.917029,1248.449076,1284.777281,1307.901642,1331.026003,1354.150364,1377.274725,1400.399086,1426.079078,1454.314700,1482.550322,1510.785944,1539.021567,1567.257189,1572.501562,1554.754688,1537.007812,1519.260937,1501.514062,1483.767187,1463.732757,1441.410771,1419.088785,1396.766799,1374.444812,1352.122826,1317.213357,1269.716404,1222.219451,1174.722499,1127.225546,1079.728593,1028.827611,974.522600,920.217589,865.912578,811.607567,757.302556,708.819732,666.159096,623.498460,580.837824,538.177188,495.516551,450.539418,403.245788,355.952157,308.658526,261.364896,214.071265,174.555746,142.818338,111.080929,79.343521,47.606112,15.868704,0.000000,0.000000,0.000000,0.000000,0.000000,0.000000,0.000000,0.000000,0.000000,0.000000,0.000000,0.000000,0.000000,0.000000,0.000000,0.000000,0.000000,0.000000,0.000000,0.000000,0.000000,0.000000,0.000000,0.000000,0.000000,0.000000,0.000000,0.000000,0.000000,0.000000
0.000000,0.000000,0.000000,0.000000,0.000000,0.000000,0.000000,0.000000,0.000000,0.000000,0.000000,0.000000,0.000000,0.000000,0.000000,0.000000,0.000000,0.000000,0.000000,0.000000,0.000000,0.000000,0.000000,0.000000,0.000000,0.000000,0.000000,0.000000,0.000000,0.000000,16.025811,48.077433,80.129056,112.180678,144.232300,176.283922,207.383360,237.530613,267.677865,297.825118,327.972371,358.119624,395.846879,441.154137,486.461396,531.768654,577.075913,622.383171,669.244625,717.660275,766.075925,814.491575,862.907225,911.322875,961.910074,1014.668821,1067.427568,1120.186315,1172.945062,1225.703810,1262.808528,1284.259217,1305.709906,1327.160594,1348.611283,1370.061972,1397.502957,1430.934238,1464.365518,1497.796799,1531.228079,1564.659360,1571.234460,1550.953379,1530.672299,1510.391218,1490.110138,1469.829057,1435.796487,1388.012429,1340.228371,1292.444312,1244.660254,1196.876196,1140.201986,1074.637625,1009.073264,943.508903,877.944542,812.380181,758.866129,717.402387,675.938646,634.474904,593.011163,551.547421,510.169115,468.876246,427.583376,386.290507,344.997637,303.704768,270.504399,245.396529,220.288660,195.180790,170.072921,144.965051,121.376857,99.308337,77.239818,55.171299,33.102779,11.034260,0.000000,0.000000,0.000000,0.000000,0.000000,0.000000,0.000000,0.000000,0.000000,0.000000,0.000000,0.000000,0.000000,0.000000,0.000000,0.000000,0.000000,0.000000,0.000000,0.000000,0.000000,0.000000,0.000000,0.000000,0.000000,0.000000,0.000000,0.000000,0.000000,0.000000
0.000000,0.000000,0.000000,0.000000,0.000000,0.000000,0.000000,0.000000,0.000000,0.000000,0.000000,0.000000,0.000000,0.000000,0.000000,0.000000,0.000000,0.000000,0.000000,0.000000,0.000000,0.000000,0.000000,0.000000,0.000000,0.000000,0.000000,0.000000,0.000000,0.000000,17.215131,51.645392,86.075653,120.505914,154.936175,189.366436,230.015575,276.883592,323.751608,370.619625,417.487642,464.355658,508.662010,550.406696,592.151382,633.896068,675.640754,717.385440,759.922476,803.251862,846.581249,889.910635,933.240021,976.569407,1010.181408,1034.076025,1057.970642,1081.865258,1105.759875,1129.654492,1147.825185,1160.271954,1172.718724,1185.165493,1197.612263,1210.059032,1226.673533,1247.455767,1268.238000,1289.020233,1309.802467,1330.584700,1333.804378,1319.461500,1305.118622,1290.775744,1276.432867,1262.089989,1257.364992,1262.257875,1267.150758,1272.043642,1276.936525,1281.829408,1271.607550,1246.270950,1220.934350,1195.597750,1170.261150,1144.924550,1107.493229,1057.967188,1008.441146,958.915104,909.389063,859.863021,806.275521,748.626563,690.977604,633.328646,575.679688,518.030729,465.540171,418.208012,370.875854,323.543696,276.211538,228.879379,188.112192,153.909975,119.707758,85.505542,51.303325,17.101108,0.000000,0.000000,0.000000,0.000000,0.000000,0.000000,0.000000,0.000000,0.000000,0.000000,0.000000,0.000000,0.000000,0.000000,0.000000,0.000000,0.000000,0.000000,0.000000,0.000000,0.000000,0.000000,0.000000,0.000000,0.000000,0.000000,0.000000,0.000000,0.000000,0.000000
0.000000,0.000000,0.000000,0.000000,0.000000,0.000000,0.000000,0.000000,0.000000,0.000000,0.000000,0.000000,0.000000,0.000000,0.000000,0.000000,0.000000,0.000000,0.000000,0.000000,0.000000,0.000000,0.000000,0.000000,0.000000,0.000000,0.000000,0.000000,0.000000,0.000000,15.297607,45.892821,76.488035,107.083249,137.678462,168.273676,205.154125,248.319808,291.485492,334.651175,377.816858,420.982542,470.076679,525.099271,580.121863,635.144454,690.167046,745.189638,794.877018,839.229188,883.581357,927.933526,972.285696,1016.637865,1055.716196,1089.520688,1123.325179,1157.129671,1190.934162,1224.738654,1241.417336,1240.970208,1240.523081,1240.075953,1239.628825,1239.181697,1232.327112,1219.065071,1205.803029,1192.540988,1179.278946,1166.016904,1161.473013,1165.647271,1169.821529,1173.995788,1178.170046,1182.344304,1186.006613,1189.156971,1192.307329,1195.457688,1198.608046,1201.758404,1184.687267,1147.394633,1110.102000,1072.809367,1035.516733,998.224100,957.026011,911.922467,866.818922,821.715378,776.611833,731.508289,686.965561,642.983650,599.001739,555.019828,511.037917,467.056006,425.091519,385.144458,345.197397,305.250336,265.303275,225.356214,188.267460,154.037013,119.806565,85.576118,51.345671,17.115224,0.000000,0.000000,0.000000,0.000000,0.000000,0.000000,0.000000,0.000000,0.000000,0.000000,0.000000,0.000000,0.000000,0.000000,0.000000,0.000000,0.000000,0.000000,0.000000,0.000000,0.000000,0.000000,0.000000,0.000000,0.000000,0.000000,0.000000,0.000000,0.000000,0.000000
0.000000,0.000000,0.000000,0.000000,0.000000,0.000000,0.000000,0.000000,0.000000,0.000000,0.000000,0.000000,0.000000,0.000000,0.000000,0.000000,0.000000,0.000000,0.000000,0.000000,0.000000,0.000000,0.000000,0.000000,0.000000,0.000000,0.000000,0.000000,0.000000,0.000000,13.551422,40.654267,67.757111,94.859956,121.962800,149.065644,184.440883,228.088517,271.736150,315.383783,359.031417,402.679050,443.851415,482.548513,521.245610,559.942707,598.639804,637.336901,681.682069,731.675308,781.668547,831.661786,881.655025,931.648264,979.049946,1023.860071,1068.670196,1113.480321,1158.290446,1203.100571,1242.121471,1275.353146,1308.584821,1341.816496,1375.048171,1408.279846,1431.844607,1445.742454,1459.640301,1473.538149,1487.435996,1501.333843,1505.500349,1499.935512,1494.370676,1488.805840,1483.241004,1477.676168,1465.693750,1447.293750,1428.893750,1410.493750,1392.093750,1373.693750,1333.337789,1271.025867,1208.713944,1146.402022,1084.090100,1021.778178,962.058457,904.930937,847.803418,790.675899,733.548379,676.420860,624.249749,577.035046,529.820343,482.605640,435.390938,388.176235,344.417149,304.113679,263.810210,223.506740,183.203271,142.899801,112.519061,92.061050,71.603039,51.145028,30.687017,10.229006,0.000000,0.000000,0.000000,0.000000,0.000000,0.000000,0.000000,0.000000,0.000000,0.000000,0.000000,0.000000,0.000000,0.000000,0.000000,0.000000,0.000000,0.000000,0.000000,0.000000,0.000000,0.000000,0.000000,0.000000,0.000000,0.000000,0.000000,0.000000,0.000000,0.000000
0.000000,0.000000,0.000000,0.000000,0.000000,0.000000,0.000000,0.000000,0.000000,0.000000,0.000000,0.000000,0.000000,0.000000,0.000000,0.000000,0.000000,0.000000,0.000000,0.000000,0.000000,0.000000,0.000000,0.000000,0.000000,0.000000,0.000000,0.000000,0.000000,0.000000,16.619618,49.858854,83.098090,116.337326,149.576562,182.815799,219.697294,260.221050,300.744806,341.268561,381.792317,422.316072,467.402515,517.051646,566.700776,616.349907,665.999038,715.648168,752.202129,775.660921,799.119712,822.578504,846.037296,869.496087,899.301531,935.453625,971.605719,1007.757814,1043.909908,1080.062003,1125.251829,1179.479388,1233.706946,1287.934504,1342.162062,1396.389621,1429.284090,1440.845471,1452.406851,1463.968232,1475.529613,1487.090993,1484.585208,1468.012258,1451.439308,1434.866358,1418.293408,1401.720458,1391.022297,1386.198925,1381.375553,1376.552181,1371.728808,1366.905436,1345.140625,1306.434375,1267.728125,1229.021875,1190.315625,1151.609375,1105.253265,1051.247296,997.241326,943.235357,889.229388,835.223418,780.184342,724.112158,668.039975,611.967792,555.895608,499.823425,448.219839,401.084850,353.949861,306.814872,259.679883,212.544894,173.229283,141.733050,110.236817,78.740583,47.244350,15.748117,0.000000,0.000000,0.000000,0.000000,0.000000,0.000000,0.000000,0.000000,0.000000,0.000000,0.000000,0.000000,0.000000,0.000000,0.000000,0.000000,0.000000,0.000000,0.000000,0.000000,0.000000,0.000000,0.000000,0.000000,0.000000,0.000000,0.000000,0.000000,0.000000,0.000000
0.000000,0.000000,0.000000,0.000000,0.000000,0.000000,0.000000,0.000000,0.000000,0.000000,0.000000,0.000000,0.000000,0.000000,0.000000,0.000000,0.000000,0.000000,0.000000,0.000000,0.000000,0.000000,0.000000,0.000000,0.000000,0.000000,0.000000,0.000000,0.000000,0.000000,15.856122,47.568367,79.280611,110.992856,142.705100,174.417344,212.176337,255.982079,299.787821,343.593562,387.399304,431.205046,473.831815,515.279612,556.727410,598.175207,639.623004,681.070801,721.058239,759.585317,798.112394,836.639472,875.166550,913.693628,947.708518,977.211221,1006.713924,1036.216626,1065.719329,1095.222032,1129.034724,1167.157404,1205.280085,1243.402765,1281.525446,1319.648126,1320.694406,1284.664283,1248.634161,1212.604039,1176.573917,1140.543794,1132.125078,1151.317767,1170.510456,1189.703144,1208.895833,1228.088522,1213.660360,1165.611346,1117.562332,1069.513318,1021.464304,973.415290,927.332608,883.216258,839.099908,794.983558,750.867208,706.750858,670.920460,643.376013,615.831565,588.287118,560.742671,533.198224,514.442624,504.475871,494.509118,484.542365,474.575612,464.608860,435.675836,387.776542,339.877247,291.977953,244.078658,196.179364,157.877240,129.172288,100.467335,71.762382,43.057429,14.352476,0.000000,0.000000,0.000000,0.000000,0.000000,0.000000,0.000000,0.000000,0.000000,0.000000,0.000000,0.000000,0.000000,0.000000,0.000000,0.000000,0.000000,0.000000,0.000000,0.000000,0.000000,0.000000,0.000000,0.000000,0.000000,0.000000,0.000000,0.000000,0.000000,0.000000
0.000000,0.000000,0.000000,0.000000,0.000000,0.000000,0.000000,0.000000,0.000000,0.000000,0.000000,0.000000,0.000000,0.000000,0.000000,0.000000,0.000000,0.000000,0.000000,0.000000,0.000000,0.000000,0.000000,0.000000,0.000000,0.000000,0.000000,0.000000,0.000000,0.000000,16.937622,50.812867,84.688111,118.563356,152.438600,186.313844,228.742490,279.724537,330.706585,381.688632,432.670679,483.652726,533.773335,583.032504,632.291674,681.550843,730.810013,780.069182,820.745729,852.839654,884.933579,917.027504,949.121429,981.215354,1013.606363,1046.294454,1078.982546,1111.670638,1144.358729,1177.046821,1204.262119,1226.004625,1247.747131,1269.489636,1291.232142,1312.974647,1325.108232,1327.632896,1330.157560,1332.682224,1335.206887,1337.731551,1316.561497,1271.696725,1226.831953,1181.967181,1137.102408,1092.237636,1065.343142,1056.418925,1047.494708,1038.570492,1029.646275,1020.722058,991.933053,943.279258,894.625464,845.971669,797.317875,748.664081,707.049300,672.473533,637.897767,603.322000,568.746233,534.170467,501.244035,469.966938,438.689840,407.412743,376.135646,344.858549,316.182457,290.107371,264.032285,237.957199,211.882112,185.807026,158.372026,129.577112,100.782199,71.987285,43.192371,14.397457,0.000000,0.000000,0.000000,0.000000,0.000000,0.000000,0.000000,0.000000,0.000000,0.000000,0.000000,0.000000,0.000000,0.000000,0.000000,0.000000,0.000000,0.000000,0.000000,0.000000,0.000000,0.000000,0.000000,0.000000,0.000000,0.000000,0.000000,0.000000,0.000000,0.000000
0.000000,0.000000,0.000000,0.000000,0.000000,0.000000,0.000000,0.000000,0.000000,0.000000,0.000000,0.000000,0.000000,0.000000,0.000000,0.000000,0.000000,0.000000,0.000000,0.000000,0.000000,0.000000,0.000000,0.000000,0.000000,0.000000,0.000000,0.000000,0.000000,0.000000,13.750881,41.252642,68.754403,96.256164,123.757925,151.259686,187.656469,232.948275,278.240081,323.531886,368.823692,414.115497,461.723831,511.648692,561.573553,611.498414,661.423275,711.348136,762.759481,815.657308,868.555136,921.452964,974.350792,1027.248619,1056.864475,1063.198358,1069.532242,1075.866125,1082.200008,1088.533892,1111.653574,1151.559054,1191.464535,1231.370015,1271.275496,1311.180976,1311.930206,1273.523183,1235.116161,1196.709139,1158.302117,1119.895094,1103.227440,1108.299154,1113.370868,1118.442582,1123.514296,1128.586010,1127.556881,1120.426908,1113.296936,1106.166964,1099.036992,1091.907019,1084.126579,1075.695671,1067.264762,1058.833854,1050.402946,1041.972037,1017.114672,975.830850,934.547028,893.263206,851.979383,810.695561,765.715078,717.037933,668.360789,619.683644,571.006500,522.329356,474.059781,426.197775,378.335769,330.473764,282.611758,234.749753,193.250521,158.114062,122.977604,87.841146,52.704687,17.568229,0.000000,0.000000,0.000000,0.000000,0.000000,0.000000,0.000000,0.000000,0.000000,0.000000,0.000000,0.000000,0.000000,0.000000,0.000000,0.000000,0.000000,0.000000,0.000000,0.000000,0.000000,0.000000,0.000000,0.000000,0.000000,0.000000,0.000000,0.000000,0.000000,0.000000
0.000000,0.000000,0.000000,0.000000,0.000000,0.000000,0.000000,0.000000,0.000000,0.000000,0.000000,0.000000,0.000000,0.000000,0.000000,0.000000,0.000000,0.000000,0.000000,0.000000,0.000000,0.000000,0.000000,0.000000,0.000000,0.000000,0.000000,0.000000,0.000000,0.000000,15.143200,45.429600,75.716000,106.002400,136.288800,166.575200,204.702408,250.670425,296.638442,342.606458,388.574475,434.542492,476.238165,513.661496,551.084826,588.508157,625.931488,663.354818,701.819504,741.325546,780.831587,820.337629,859.843671,899.349712,944.082840,994.043054,1044.003268,1093.963482,1143.923696,1193.883910,1228.964588,1249.165729,1269.366871,1289.568013,1309.769154,1329.970296,1330.153832,1310.319763,1290.485693,1270.651624,1250.817554,1230.983485,1219.711088,1217.000362,1214.289638,1211.578912,1208.868187,1206.157463,1209.629217,1219.283450,1228.937683,1238.591917,1248.246150,1257.900383,1233.821067,1176.008200,1118.195333,1060.382467,1002.569600,944.756733,889.018440,835.354721,781.691001,728.027282,674.363563,620.699843,577.651010,545.217062,512.783115,480.349168,447.915221,415.481274,381.396285,345.660254,309.924224,274.188193,238.452162,202.716132,169.444107,138.636088,107.828068,77.020049,46.212029,15.404010,0.000000,0.000000,0.000000,0.000000,0.000000,0.000000,0.000000,0.000000,0.000000,0.000000,0.000000,0.000000,0.000000,0.000000,0.000000,0.000000,0.000000,0.000000,0.000000,0.000000,0.000000,0.000000,0.000000,0.000000,0.000000,0.000000,0.000000,0.000000,0.000000,0.000000
0.000000,0.000000,0.000000,0.000000,0.000000,0.000000,0.000000,0.000000,0.000000,0.000000,0.000000,0.000000,0.000000,0.000000,0.000000,0.000000,0.000000,0.000000,0.000000,0.000000,0.000000,0.000000,0.000000,0.000000,0.000000,0.000000,0.000000,0.000000,0.000000,0.000000,14.127681,42.383042,70.638403,98.893764,127.149125,155.404486,194.873919,245.557425,296.240931,346.924436,397.607942,448.291447,502.702244,560.840333,618.978422,677.116511,735.254600,793.392689,845.109946,890.406371,935.702796,980.999221,1026.295646,1071.592071,1095.718371,1098.674546,1101.630721,1104.586896,1107.543071,1110.499246,1119.262672,1133.833350,1148.404028,1162.974706,1177.545383,1192.116061,1231.232533,1294.894800,1358.557067,1422.219333,1485.881600,1549.543867,1562.275365,1524.076096,1485.876826,1447.677557,1409.478288,1371.279018,1326.638340,1275.556254,1224.474168,1173.392082,1122.309996,1071.227910,1038.467497,1024.028758,1009.590019,995.151281,980.712542,966.273803,948.724897,928.065825,907.406753,886.747681,866.088608,845.429536,802.998699,738.796096,674.593493,610.390890,546.188288,481.985685,425.196618,375.821088,326.445557,277.070026,227.694496,178.318965,140.828600,115.223400,89.618200,64.013000,38.407800,12.802600,0.000000,0.000000,0.000000,0.000000,0.000000,0.000000,0.000000,0.000000,0.000000,0.000000,0.000000,0.000000,0.000000,0.000000,0.000000,0.000000,0.000000,0.000000,0.000000,0.000000,0.000000,0.000000,0.000000,0.000000,0.000000,0.000000,0.000000,0.000000,0.000000,0.000000
0.000000,0.000000,0.000000,0.000000,0.000000,0.000000,0.000000,0.000000,0.000000,0.000000,0.000000,0.000000,0.000000,0.000000,0.000000,0.000000,0.000000,0.000000,0.000000,0.000000,0.000000,0.000000,0.000000,0.000000,0.000000,0.000000,0.000000,0.000000,0.000000,0.000000,12.959547,38.878642,64.797736,90.716831,116.635925,142.555019,172.252433,205.728167,239.203900,272.679633,306.155367,339.631100,379.305178,425.177600,471.050022,516.922444,562.794867,608.667289,648.847428,683.335283,717.823139,752.310994,786.798850,821.286706,861.716375,908.087858,954.459342,1000.830825,1047.202308,1093.573792,1117.896153,1120.169392,1122.442631,1124.715869,1126.989108,1129.262347,1140.967264,1162.103858,1183.240453,1204.377047,1225.513642,1246.650236,1259.547061,1264.204117,1268.861172,1273.518228,1278.175283,1282.832339,1266.557986,1229.352225,1192.146464,1154.940703,1117.734942,1080.529181,1033.182932,975.696196,918.209460,860.722724,803.235987,745.749251,699.497581,664.480975,629.464369,594.447764,559.431158,524.414553,495.119319,471.545458,447.971597,424.397736,400.823875,377.250014,349.371325,317.187808,285.004292,252.820775,220.637258,188.453742,157.998485,129.271488,100.544490,71.817493,43.090496,14.363499,0.000000,0.000000,0.000000,0.000000,0.000000,0.000000,0.000000,0.000000,0.000000,0.000000,0.000000,0.000000,0.000000,0.000000,0.000000,0.000000,0.000000,0.000000,0.000000,0.000000,0.000000,0.000000,0.000000,0.000000,0.000000,0.000000,0.000000,0.000000,0.000000,0.000000
0.000000,0.000000,0.000000,0.000000,0.000000,0.000000,0.000000,0.000000,0.000000,0.000000,0.000000,0.000000,0.000000,0.000000,0.000000,0.000000,0.000000,0.000000,0.000000,0.000000,0.000000,0.000000,0.000000,0.000000,0.000000,0.000000,0.000000,0.000000,0.000000,0.000000,14.426640,43.279921,72.133201,100.986482,129.839763,158.693043,194.456253,237.129392,279.802531,322.475669,365.148808,407.821947,453.906937,503.403779,552.900621,602.397462,651.894304,701.391146,748.680904,793.763579,838.846254,883.928929,929.011604,974.094279,1004.697151,1020.820221,1036.943290,1053.066360,1069.189429,1085.312499,1105.115717,1128.599083,1152.082450,1175.565817,1199.049183,1222.532550,1237.981821,1245.396996,1252.812171,1260.227346,1267.642521,1275.057696,1257.178265,1214.004229,1170.830193,1127.656157,1084.482121,1041.308085,1011.118785,993.914221,976.709657,959.505093,942.300529,925.095965,906.348289,886.057500,865.766711,845.475922,825.185133,804.894344,774.095057,732.787271,691.479485,650.171699,608.863912,567.556126,529.965968,496.093437,462.220907,428.348376,394.475846,360.603315,328.132292,297.062775,265.993258,234.923742,203.854225,172.784708,144.145788,117.937462,91.729137,65.520813,39.312487,13.104162,0.000000,0.000000,0.000000,0.000000,0.000000,0.000000,0.000000,0.000000,0.000000,0.000000,0.000000,0.000000,0.000000,0.000000,0.000000,0.000000,0.000000,0.000000,0.000000,0.000000,0.000000,0.000000,0.000000,0.000000,0.000000,0.000000,0.000000,0.000000,0.000000,0.000000
0.000000,0.000000,0.000000,0.000000,0.000000,0.000000,0.000000,0.000000,0.000000,0.000000,0.000000,0.000000,0.000000,0.000000,0.000000,0.000000,0.000000,0.000000,0.000000,0.000000,0.000000,0.000000,0.000000,0.000000,0.000000,0.000000,0.000000,0.000000,0.000000,0.000000,15.781650,47.344950,78.908250,110.471550,142.034850,173.598150,214.602585,265.048154,315.493724,365.939293,416.384863,466.830432,511.215878,549.541200,587.866522,626.191844,664.517167,702.842489,752.684353,814.042758,875.401164,936.759569,998.117975,1059.476381,1099.369771,1117.798146,1136.226521,1154.654896,1173.083271,1191.511646,1219.590103,1257.318642,1295.047181,1332.775719,1370.504258,1408.232797,1424.502918,1419.314621,1414.126324,1408.938026,1403.749729,1398.561432,1396.737201,1398.277038,1399.816874,1401.356710,1402.896546,1404.436382,1389.707461,1358.709783,1327.712106,1296.714428,1265.716750,1234.719072,1197.526628,1154.139417,1110.752206,1067.364994,1023.977783,980.590572,934.859539,886.784683,838.709828,790.634972,742.560117,694.485261,653.532450,619.701683,585.870917,552.040150,518.209383,484.378617,441.333943,389.075362,336.816782,284.558201,232.299621,180.041040,141.085771,115.433813,89.781854,64.129896,38.477937,12.825979,0.000000,0.000000,0.000000,0.000000,0.000000,0.000000,0.000000,0.000000,0.000000,0.000000,0.000000,0.000000,0.000000,0.000000,0.000000,0.000000,0.000000,0.000000,0.000000,0.000000,0.000000,0.000000,0.000000,0.000000,0.000000,0.000000,0.000000,0.000000,0.000000,0.000000
0.000000,0.000000,0.000000,0.000000,0.000000,0.000000,0.000000,0.000000,0.000000,0.000000,0.000000,0.000000,0.000000,0.000000,0.000000,0.000000,0.000000,0.000000,0.000000,0.000000,0.000000,0.000000,0.000000,0.000000,0.000000,0.000000,0.000000,0.000000,0.000000,0.000000,12.514369,37.543108,62.571847,87.600586,112.629325,137.658064,174.593769,223.436442,272.279114,321.121786,369.964458,418.807131,466.573756,513.264333,559.954911,606.645489,653.336067,700.026644,735.412663,759.494121,783.575579,807.657038,831.738496,855.819954,895.705997,951.396625,1007.087253,1062.777881,1118.468508,1174.159136,1203.433351,1206.291154,1209.148957,1212.006760,1214.864562,1217.722365,1220.125731,1222.074658,1224.023586,1225.972514,1227.921442,1229.870369,1223.630699,1209.202429,1194.774160,1180.345890,1165.917621,1151.489351,1141.110833,1134.782067,1128.453300,1122.124533,1115.795767,1109.467000,1083.694149,1038.477212,993.260276,948.043340,902.826404,857.609468,828.181481,814.542442,800.903403,787.264364,773.625325,759.986286,731.720035,688.826571,645.933107,603.039643,560.146179,517.252715,470.383911,419.539767,368.695622,317.851478,267.007333,216.163189,174.846024,143.055837,111.265651,79.475465,47.685279,15.895093,0.000000,0.000000,0.000000,0.000000,0.000000,0.000000,0.000000,0.000000,0.000000,0.000000,0.000000,0.000000,0.000000,0.000000,0.000000,0.000000,0.000000,0.000000,0.000000,0.000000,0.000000,0.000000,0.000000,0.000000,0.000000,0.000000,0.000000,0.000000,0.000000,0.000000
0.000000,0.000000,0.000000,0.000000,0.000000,0.000000,0.000000,0.000000,0.000000,0.000000,0.000000,0.000000,0.000000,0.000000,0.000000,0.000000,0.000000,0.000000,0.000000,0.000000,0.000000,0.000000,0.000000,0.000000,0.000000,0.000000,0.000000,0.000000,0.000000,0.000000,11.640404,34.921213,58.202021,81.482829,104.763638,128.044446,157.854015,194.192346,230.530676,266.869007,303.207337,339.545668,374.017794,406.623717,439.229639,471.835561,504.441483,537.047406,574.387588,616.462029,658.536471,700.610913,742.685354,784.759796,831.526403,882.985175,934.443947,985.902719,1037.361492,1088.820264,1125.632371,1147.797812,1169.963254,1192.128696,1214.294138,1236.459579,1258.529644,1280.504333,1302.479022,1324.453711,1346.428400,1368.403089,1373.605806,1362.036550,1350.467294,1338.898039,1327.328783,1315.759528,1307.049394,1301.198383,1295.347372,1289.496361,1283.645350,1277.794339,1263.944414,1242.095575,1220.246736,1198.397897,1176.549058,1154.700219,1118.052817,1066.606850,1015.160883,963.714917,912.268950,860.822983,809.104688,757.114063,705.123437,653.132813,601.142187,549.151562,495.711979,440.823438,385.934896,331.046354,276.157813,221.269271,177.672917,145.368750,113.064583,80.760417,48.456250,16.152083,0.000000,0.000000,0.000000,0.000000,0.000000,0.000000,0.000000,0.000000,0.000000,0.000000,0.000000,0.000000,0.000000,0.000000,0.000000,0.000000,0.000000,0.000000,0.000000,0.000000,0.000000,0.000000,0.000000,0.000000,0.000000,0.000000,0.000000,0.000000,0.000000,0.000000
0.000000,0.000000,0.000000,0.000000,0.000000,0.000000,0.000000,0.000000,0.000000,0.000000,0.000000,0.000000,0.000000,0.000000,0.000000,0.000000,0.000000,0.000000,0.000000,0.000000,0.000000,0.000000,0.000000,0.000000,0.000000,0.000000,0.000000,0.000000,0.000000,0.000000,13.716789,41.150367,68.583944,96.017522,123.451100,150.884678,186.724687,230.971129,275.217571,319.464012,363.710454,407.956896,449.451792,488.195142,526.938492,565.681842,604.425192,643.168542,681.946975,720.760492,759.574008,798.387525,837.201042,876.014558,921.644929,974.092154,1026.539379,1078.986604,1131.433829,1183.881054,1222.378067,1246.924867,1271.471667,1296.018467,1320.565267,1345.112067,1347.390856,1327.401633,1307.412411,1287.423189,1267.433967,1247.444744,1229.054629,1212.263621,1195.472612,1178.681604,1161.890596,1145.099588,1132.586358,1124.350908,1116.115458,1107.880008,1099.644558,1091.409108,1069.696208,1034.505858,999.315508,964.125158,928.934808,893.744458,861.183443,831.251763,801.320082,771.388401,741.456721,711.525040,676.377646,636.014538,595.651429,555.288321,514.925212,474.562104,432.667588,389.241663,345.815737,302.389813,258.963887,215.537962,177.672917,145.368750,113.064583,80.760417,48.456250,16.152083,0.000000,0.000000,0.000000,0.000000,0.000000,0.000000,0.000000,0.000000,0.000000,0.000000,0.000000,0.000000,0.000000,0.000000,0.000000,0.000000,0.000000,0.000000,0.000000,0.000000,0.000000,0.000000,0.000000,0.000000,0.000000,0.000000,0.000000,0.000000,0.000000,0.000000
0.000000,0.000000,0.000000,0.000000,0.000000,0.000000,0.000000,0.000000,0.000000,0.000000,0.000000,0.000000,0.000000,0.000000,0.000000,0.000000,0.000000,0.000000,0.000000,0.000000,0.000000,0.000000,0.000000,0.000000,0.000000,0.000000,0.000000,0.000000,0.000000,0.000000,15.999978,47.999933,79.999889,111.999844,143.999800,175.999756,212.029371,252.088646,292.147921,332.207196,372.266471,412.325746,458.488178,510.753767,563.019356,615.284944,667.550533,719.816122,764.719088,802.259429,839.799771,877.340113,914.880454,952.420796,988.149415,1022.066313,1055.983210,1089.900107,1123.817004,1157.733901,1175.370229,1176.725987,1178.081746,1179.437504,1180.793263,1182.149021,1196.420983,1223.609150,1250.797317,1277.985483,1305.173650,1332.361817,1347.812557,1351.525871,1355.239185,1358.952499,1362.665812,1366.379126,1361.456397,1347.897625,1334.338853,1320.780081,1307.221308,1293.662536,1259.973708,1206.154825,1152.335942,1098.517058,1044.698175,990.879292,940.818144,894.514733,848.211322,801.907911,755.604500,709.301089,662.752264,615.958025,569.163786,522.369547,475.575308,428.781069,386.260822,348.014567,309.768311,271.522056,233.275800,195.029544,161.247549,131.929812,102.612076,73.294340,43.976604,14.658868,0.000000,0.000000,0.000000,0.000000,0.000000,0.000000,0.000000,0.000000,0.000000,0.000000,0.000000,0.000000,0.000000,0.000000,0.000000,0.000000,0.000000,0.000000,0.000000,0.000000,0.000000,0.000000,0.000000,0.000000,0.000000,0.000000,0.000000,0.000000,0.000000,0.000000
0.000000,0.000000,0.000000,0.000000,0.000000,0.000000,0.000000,0.000000,0.000000,0.000000,0.000000,0.000000,0.000000,0.000000,0.000000,0.000000,0.000000,0.000000,0.000000,0.000000,0.000000,0.000000,0.000000,0.000000,0.000000,0.000000,0.000000,0.000000,0.000000,0.000000,13.602099,40.806296,68.010493,95.214690,122.418887,149.623085,186.879193,234.187212,281.495232,328.803251,376.111271,423.419290,467.028596,506.939187,546.849779,586.760371,626.670962,666.581554,706.262388,745.713462,785.164537,824.615613,864.066688,903.517762,951.336353,1007.522458,1063.708564,1119.894669,1176.080775,1232.266881,1265.523025,1275.849208,1286.175392,1296.501575,1306.827758,1317.153942,1341.155993,1378.833913,1416.511832,1454.189751,1491.867671,1529.545590,1554.872625,1567.848775,1580.824925,1593.801075,1606.777225,1619.753375,1615.093725,1592.798275,1570.502825,1548.207375,1525.911925,1503.616475,1467.974479,1418.985937,1369.997396,1321.008854,1272.020313,1223.031771,1160.585325,1084.680975,1008.776625,932.872275,856.967925,781.063575,720.970188,676.687762,632.405337,588.122913,543.840487,499.558062,453.418331,405.421292,357.424253,309.427214,261.430175,213.433136,173.648399,142.075963,110.503526,78.931090,47.358654,15.786218,0.000000,0.000000,0.000000,0.000000,0.000000,0.000000,0.000000,0.000000,0.000000,0.000000,0.000000,0.000000,0.000000,0.000000,0.000000,0.000000,0.000000,0.000000,0.000000,0.000000,0.000000,0.000000,0.000000,0.000000,0.000000,0.000000,0.000000,0.000000,0.000000,0.000000
0.000000,0.000000,0.000000,0.000000,0.000000,0.000000,0.000000,0.000000,0.000000,0.000000,0.000000,0.000000,0.000000,0.000000,0.000000,0.000000,0.000000,0.000000,0.000000,0.000000,0.000000,0.000000,0.000000,0.000000,0.000000,0.000000,0.000000,0.000000,0.000000,0.000000,14.449562,43.348688,72.247813,101.146937,130.046063,158.945188,201.373833,257.332000,313.290167,369.248333,425.206500,481.164667,523.907874,553.436121,582.964368,612.492615,642.020863,671.549110,711.333211,761.373167,811.413122,861.453078,911.493033,961.532989,998.990700,1023.866167,1048.741633,1073.617100,1098.492567,1123.368033,1152.026782,1184.468813,1216.910843,1249.352874,1281.794904,1314.236935,1335.696858,1346.174675,1356.652492,1367.130308,1377.608125,1388.085942,1393.796457,1394.739671,1395.682885,1396.626099,1397.569313,1398.512526,1376.237193,1330.743313,1285.249432,1239.755551,1194.261671,1148.767790,1124.169647,1120.467242,1116.764836,1113.062431,1109.360025,1105.657619,1082.511611,1039.922000,997.332389,954.742778,912.153167,869.563556,816.502674,752.970521,689.438368,625.906215,562.374063,498.841910,442.227511,392.530867,342.834222,293.137578,243.440933,193.744289,154.821303,126.671975,98.522647,70.373319,42.223992,14.074664,0.000000,0.000000,0.000000,0.000000,0.000000,0.000000,0.000000,0.000000,0.000000,0.000000,0.000000,0.000000,0.000000,0.000000,0.000000,0.000000,0.000000,0.000000,0.000000,0.000000,0.000000,0.000000,0.000000,0.000000,0.000000,0.000000,0.000000,0.000000,0.000000,0.000000
0.000000,0.000000,0.000000,0.000000,0.000000,0.000000,0.000000,0.000000,0.000000,0.000000,0.000000,0.000000,0.000000,0.000000,0.000000,0.000000,0.000000,0.000000,0.000000,0.000000,0.000000,0.000000,0.000000,0.000000,0.000000,0.000000,0.000000,0.000000,0.000000,0.000000,16.906776,50.720329,84.533882,118.347435,152.160988,185.974540,227.400565,276.439063,325.477560,374.516057,423.554554,472.593051,520.428146,567.059838,613.691529,660.323221,706.954912,753.586604,806.500686,865.697158,924.893631,984.090103,1043.286575,1102.483047,1145.831617,1173.332283,1200.832950,1228.333617,1255.834283,1283.334950,1308.292953,1330.708292,1353.123631,1375.538969,1397.954308,1420.369647,1423.481162,1407.288854,1391.096546,1374.904237,1358.711929,1342.519621,1338.049001,1345.300071,1352.551140,1359.802210,1367.053279,1374.304349,1358.831181,1320.633775,1282.436369,1244.238964,1206.041558,1167.844153,1129.999150,1092.506550,1055.013950,1017.521350,980.028750,942.536150,903.106436,861.739608,820.372781,779.005953,737.639125,696.272297,651.312131,602.758625,554.205119,505.651614,457.098108,408.544603,366.097693,329.757379,293.417065,257.076751,220.736437,184.396124,152.373803,124.669475,96.965147,69.260819,41.556492,13.852164,0.000000,0.000000,0.000000,0.000000,0.000000,0.000000,0.000000,0.000000,0.000000,0.000000,0.000000,0.000000,0.000000,0.000000,0.000000,0.000000,0.000000,0.000000,0.000000,0.000000,0.000000,0.000000,0.000000,0.000000,0.000000,0.000000,0.000000,0.000000,0.000000,0.000000
0.000000,0.000000,0.000000,0.000000,0.000000,0.000000,0.000000,0.000000,0.000000,0.000000,0.000000,0.000000,0.000000,0.000000,0.000000,0.000000,0.000000,0.000000,0.000000,0.000000,0.000000,0.000000,0.000000,0.000000,0.000000,0.000000,0.000000,0.000000,0.000000,0.000000,14.731422,44.194267,73.657111,103.119956,132.582800,162.045644,200.440951,247.768721,295.096490,342.424260,389.752029,437.079799,482.049996,524.662621,567.275246,609.887871,652.500496,695.113121,743.449306,797.509050,851.568794,905.628539,959.688283,1013.748028,1052.378483,1075.579650,1098.780817,1121.981983,1145.183150,1168.384317,1185.290110,1195.900529,1206.510949,1217.121368,1227.731788,1238.342207,1241.120567,1236.066867,1231.013167,1225.959467,1220.905767,1215.852067,1204.299526,1186.248146,1168.196765,1150.145385,1132.094004,1114.042624,1086.953967,1050.828033,1014.702100,978.576167,942.450233,906.324300,882.608265,871.302129,859.995993,848.689857,837.383721,826.077585,802.028056,765.235133,728.442211,691.649289,654.856367,618.063444,584.599078,554.463267,524.327456,494.191644,464.055833,433.920022,397.696663,355.385754,313.074846,270.763938,228.453029,186.142121,151.237778,123.740000,96.242222,68.744444,41.246667,13.748889,0.000000,0.000000,0.000000,0.000000,0.000000,0.000000,0.000000,0.000000,0.000000,0.000000,0.000000,0.000000,0.000000,0.000000,0.000000,0.000000,0.000000,0.000000,0.000000,0.000000,0.000000,0.000000,0.000000,0.000000,0.000000,0.000000,0.000000,0.000000,0.000000,0.000000
0.000000,0.000000,0.000000,0.000000,0.000000,0.000000,0.000000,0.000000,0.000000,0.000000,0.000000,0.000000,0.000000,0.000000,0.000000,0.000000,0.000000,0.000000,0.000000,0.000000,0.000000,0.000000,0.000000,0.000000,0.000000,0.000000,0.000000,0.000000,0.000000,0.000000,15.128429,45.385288,75.642146,105.899004,136.155863,166.412721,205.784157,254.270171,302.756185,351.242199,399.728212,448.214226,500.037004,555.196546,610.356088,665.515629,720.675171,775.834713,835.321340,899.135054,962.948768,1026.762482,1090.576196,1154.389910,1202.914351,1236.149521,1269.384690,1302.619860,1335.855029,1369.090199,1390.820500,1401.045933,1411.271367,1421.496800,1431.722233,1441.947667,1459.983890,1485.830904,1511.677918,1537.524932,1563.371946,1589.218960,1604.538407,1609.330287,1614.122168,1618.914049,1623.705929,1628.497810,1619.358333,1596.287500,1573.216667,1550.145833,1527.075000,1504.004167,1467.974479,1418.985937,1369.997396,1321.008854,1272.020313,1223.031771,1169.348437,1110.970313,1052.592188,994.214062,935.835938,877.457813,821.176042,766.990625,712.805208,658.619792,604.434375,550.248958,494.771875,438.003125,381.234375,324.465625,267.696875,210.928125,167.331771,136.907813,106.483854,76.059896,45.635937,15.211979,0.000000,0.000000,0.000000,0.000000,0.000000,0.000000,0.000000,0.000000,0.000000,0.000000,0.000000,0.000000,0.000000,0.000000,0.000000,0.000000,0.000000,0.000000,0.000000,0.000000,0.000000,0.000000,0.000000,0.000000,0.000000,0.000000,0.000000,0.000000,0.000000,0.000000
0.000000,0.000000,0.000000,0.000000,0.000000,0.000000,0.000000,0.000000,0.000000,0.000000,0.000000,0.000000,0.000000,0.000000,0.000000,0.000000,0.000000,0.000000,0.000000,0.000000,0.000000,0.000000,0.000000,0.000000,0.000000,0.000000,0.000000,0.000000,0.000000,0.000000,12.739419,38.218258,63.697097,89.175936,114.654775,140.133614,179.245243,231.989663,284.734082,337.478501,390.222921,442.967340,496.674733,551.345100,606.015467,660.685833,715.356200,770.026567,821.728425,870.461775,919.195125,967.928475,1016.661825,1065.395175,1115.281696,1166.321387,1217.361079,1268.400771,1319.440462,1370.480154,1403.188431,1417.565292,1431.942153,1446.319014,1460.695875,1475.072736,1484.450674,1488.829687,1493.208701,1497.587715,1501.966729,1506.345743,1510.186178,1513.488033,1516.789889,1520.091744,1523.393600,1526.695456,1523.409525,1513.535808,1503.662092,1493.788375,1483.914658,1474.040942,1430.257744,1352.565067,1274.872389,1197.179711,1119.487033,1041.794356,973.089287,913.371829,853.654371,793.936912,734.219454,674.501996,626.222439,589.380783,552.539128,515.697472,478.855817,442.014161,399.331899,350.809029,302.286160,253.763290,205.240421,156.717551,121.418107,99.342088,77.266068,55.190049,33.114029,11.038010,0.000000,0.000000,0.000000,0.000000,0.000000,0.000000,0.000000,0.000000,0.000000,0.000000,0.000000,0.000000,0.000000,0.000000,0.000000,0.000000,0.000000,0.000000,0.000000,0.000000,0.000000,0.000000,0.000000,0.000000,0.000000,0.000000,0.000000,0.000000,0.000000,0.000000
0.000000,0.000000,0.000000,0.000000,0.000000,0.000000,0.000000,0.000000,0.000000,0.000000,0.000000,0.000000,0.000000,0.000000,0.000000,0.000000,0.000000,0.000000,0.000000,0.000000,0.000000,0.000000,0.000000,0.000000,0.000000,0.000000,0.000000,0.000000,0.000000,0.000000,11.597879,34.793637,57.989396,81.185154,104.380912,127.576671,164.221968,214.316804,264.411640,314.506476,364.601313,414.696149,465.814297,517.955758,570.097219,622.238681,674.380142,726.521603,778.400647,830.017275,881.633903,933.250531,984.867158,1036.483786,1088.634147,1141.318242,1194.002336,1246.686431,1299.370525,1352.054619,1391.383593,1417.357446,1443.331299,1469.305151,1495.279004,1521.252857,1541.223447,1555.190775,1569.158103,1583.125431,1597.092758,1611.060086,1617.832725,1617.410675,1616.988625,1616.566575,1616.144525,1615.722475,1592.464560,1546.370779,1500.276999,1454.183218,1408.089438,1361.995657,1323.040604,1291.224279,1259.407954,1227.591629,1195.775304,1163.958979,1113.329008,1043.885392,974.441775,904.998158,835.554542,766.110925,707.645450,660.158117,612.670783,565.183450,517.696117,470.208783,423.973753,378.991025,334.008297,289.025569,244.042842,199.060114,161.854688,132.426562,102.998437,73.570313,44.142187,14.714062,0.000000,0.000000,0.000000,0.000000,0.000000,0.000000,0.000000,0.000000,0.000000,0.000000,0.000000,0.000000,0.000000,0.000000,0.000000,0.000000,0.000000,0.000000,0.000000,0.000000,0.000000,0.000000,0.000000,0.000000,0.000000,0.000000,0.000000,0.000000,0.000000,0.000000
0.000000,0.000000,0.000000,0.000000,0.000000,0.000000,0.000000,0.000000,0.000000,0.000000,0.000000,0.000000,0.000000,0.000000,0.000000,0.000000,0.000000,0.000000,0.000000,0.000000,0.000000,0.000000,0.000000,0.000000,0.000000,0.000000,0.000000,0.000000,0.000000,0.000000,12.943432,38.830296,64.717160,90.604024,116.490887,142.377751,181.475761,233.784917,286.094072,338.403228,390.712383,443.021539,499.683106,560.697083,621.711061,682.725039,743.739017,804.752994,866.934151,930.282488,993.630824,1056.979160,1120.327496,1183.675832,1230.404167,1260.512500,1290.620833,1320.729167,1350.837500,1380.945833,1399.935350,1407.806050,1415.676750,1423.547450,1431.418150,1439.288850,1450.979744,1466.490833,1482.001922,1497.513011,1513.024100,1528.535189,1528.187560,1511.981212,1495.774865,1479.568518,1463.362171,1447.155824,1410.433422,1353.194967,1295.956511,1238.718056,1181.479600,1124.241144,1051.818599,964.211963,876.605326,788.998690,701.392054,613.785418,565.355922,556.103567,546.851211,537.598856,528.346500,519.094144,500.510468,472.595471,444.680474,416.765476,388.850479,360.935482,328.936269,292.852842,256.769414,220.685986,184.602558,148.519131,119.604299,97.858063,76.111826,54.365590,32.619354,10.873118,0.000000,0.000000,0.000000,0.000000,0.000000,0.000000,0.000000,0.000000,0.000000,0.000000,0.000000,0.000000,0.000000,0.000000,0.000000,0.000000,0.000000,0.000000,0.000000,0.000000,0.000000,0.000000,0.000000,0.000000,0.000000,0.000000,0.000000,0.000000,0.000000,0.000000
0.000000,0.000000,0.000000,0.000000,0.000000,0.000000,0.000000,0.000000,0.000000,0.000000,0.000000,0.000000,0.000000,0.000000,0.000000,0.000000,0.000000,0.000000,0.000000,0.000000,0.000000,0.000000,0.000000,0.000000,0.000000,0.000000,0.000000,0.000000,0.000000,0.000000,14.572946,43.718837,72.864729,102.010621,131.156512,160.302404,197.765551,243.545954,289.326357,335.106760,380.887162,426.667565,468.817664,507.337458,545.857253,584.377047,622.896842,661.416636,704.713517,752.787483,800.861450,848.935417,897.009383,945.083350,982.581525,1009.503908,1036.426292,1063.348675,1090.271058,1117.193442,1134.327264,1141.672525,1149.017786,1156.363047,1163.708308,1171.053569,1183.194249,1200.130346,1217.066443,1234.002540,1250.938638,1267.874735,1270.306490,1258.233904,1246.161318,1234.088732,1222.016146,1209.943560,1209.533815,1220.786912,1232.040010,1243.293107,1254.546204,1265.799301,1242.690897,1185.220992,1127.751086,1070.281181,1012.811275,955.341369,916.674387,896.810329,876.946271,857.082212,837.218154,817.354096,783.733249,736.355613,688.977976,641.600340,594.222704,546.845068,494.273958,436.509375,378.744792,320.980208,263.215625,205.451042,161.854688,132.426562,102.998437,73.570313,44.142187,14.714062,0.000000,0.000000,0.000000,0.000000,0.000000,0.000000,0.000000,0.000000,0.000000,0.000000,0.000000,0.000000,0.000000,0.000000,0.000000,0.000000,0.000000,0.000000,0.000000,0.000000,0.000000,0.000000,0.000000,0.000000,0.000000,0.000000,0.000000,0.000000,0.000000,0.000000
0.000000,0.000000,0.000000,0.000000,0.000000,0.000000,0.000000,0.000000,0.000000,0.000000,0.000000,0.000000,0.000000,0.000000,0.000000,0.000000,0.000000,0.000000,0.000000,0.000000,0.000000,0.000000,0.000000,0.000000,0.000000,0.000000,0.000000,0.000000,0.000000,0.000000,11.708101,35.124304,58.540507,81.956710,105.372912,128.789115,164.304254,211.918329,259.532404,307.146479,354.760554,402.374629,449.049382,494.784813,540.520243,586.255674,631.991104,677.726535,731.181757,792.356771,853.531785,914.706799,975.881812,1037.056826,1095.007306,1149.733250,1204.459194,1259.185139,1313.911083,1368.637028,1412.194792,1444.584375,1476.973958,1509.363542,1541.753125,1574.142708,1592.646354,1597.264063,1601.881771,1606.499479,1611.117188,1615.734896,1619.114583,1621.256250,1623.397917,1625.539583,1627.681250,1629.822917,1619.358333,1596.287500,1573.216667,1550.145833,1527.075000,1504.004167,1467.974479,1418.985937,1369.997396,1321.008854,1272.020313,1223.031771,1164.576439,1096.654317,1028.732194,960.810072,892.887950,824.965828,764.249972,710.740383,657.230794,603.721206,550.211617,496.702028,444.012160,392.142012,340.271865,288.401718,236.531571,184.661424,145.499154,119.044763,92.590371,66.135979,39.681587,13.227196,0.000000,0.000000,0.000000,0.000000,0.000000,0.000000,0.000000,0.000000,0.000000,0.000000,0.000000,0.000000,0.000000,0.000000,0.000000,0.000000,0.000000,0.000000,0.000000,0.000000,0.000000,0.000000,0.000000,0.000000,0.000000,0.000000,0.000000,0.000000,0.000000,0.000000
0.000000,0.000000,0.000000,0.000000,0.000000,0.000000,0.000000,0.000000,0.000000,0.000000,0.000000,0.000000,0.000000,0.000000,0.000000,0.000000,0.000000,0.000000,0.000000,0.000000,0.000000,0.000000,0.000000,0.000000,0.000000,0.000000,0.000000,0.000000,0.000000,0.000000,11.594414,34.783242,57.972069,81.160897,104.349725,127.538553,164.205961,214.351950,264.497939,314.643928,364.789917,414.935906,471.395774,534.169521,596.943268,659.717015,722.490762,785.264510,848.768907,913.003954,977.239001,1041.474049,1105.709096,1169.944143,1215.833347,1243.376708,1270.920069,1298.463431,1326.006792,1353.550153,1363.080531,1354.597925,1346.115319,1337.632714,1329.150108,1320.667503,1321.728699,1332.333696,1342.938693,1353.543690,1364.148688,1374.753685,1372.175210,1356.413262,1340.651315,1324.889368,1309.127421,1293.365474,1291.445060,1303.366179,1315.287299,1327.208418,1339.129537,1351.050657,1329.870161,1275.588050,1221.305939,1167.023828,1112.741717,1058.459606,1012.314846,974.307437,936.300029,898.292621,860.285212,822.277804,772.829213,711.939438,651.049662,590.159888,529.270112,468.380337,412.578161,361.863583,311.149006,260.434428,209.719850,159.005272,122.510651,100.235988,77.961324,55.686660,33.411996,11.137332,0.000000,0.000000,0.000000,0.000000,0.000000,0.000000,0.000000,0.000000,0.000000,0.000000,0.000000,0.000000,0.000000,0.000000,0.000000,0.000000,0.000000,0.000000,0.000000,0.000000,0.000000,0.000000,0.000000,0.000000,0.000000,0.000000,0.000000,0.000000,0.000000,0.000000
0.000000,0.000000,0.000000,0.000000,0.000000,0.000000,0.000000,0.000000,0.000000,0.000000,0.000000,0.000000,0.000000,0.000000,0.000000,0.000000,0.000000,0.000000,0.000000,0.000000,0.000000,0.000000,0.000000,0.000000,0.000000,0.000000,0.000000,0.000000,0.000000,0.000000,12.532089,37.596267,62.660444,87.724622,112.788800,137.852978,179.362353,237.316925,295.271497,353.226069,411.180642,469.135214,524.481171,577.218512,629.955854,682.693196,735.430538,788.167879,847.708211,914.051533,980.394856,1046.738178,1113.081500,1179.424822,1228.436493,1260.116512,1291.796532,1323.476551,1355.156571,1386.836590,1418.315008,1449.591825,1480.868642,1512.145458,1543.422275,1574.699092,1574.819325,1543.782975,1512.746625,1481.710275,1450.673925,1419.637575,1395.833237,1379.260912,1362.688588,1346.116262,1329.543937,1312.971612,1284.458676,1244.005129,1203.551582,1163.098035,1122.644487,1082.190940,1064.159404,1068.549879,1072.940354,1077.330829,1081.721304,1086.111779,1056.581215,993.129612,929.678010,866.226407,802.774804,739.323201,682.367036,631.906308,581.445581,530.984853,480.524125,430.063397,381.214106,333.976250,286.738394,239.500539,192.262683,145.024828,111.288742,91.054425,70.820108,50.585792,30.351475,10.117158,0.000000,0.000000,0.000000,0.000000,0.000000,0.000000,0.000000,0.000000,0.000000,0.000000,0.000000,0.000000,0.000000,0.000000,0.000000,0.000000,0.000000,0.000000,0.000000,0.000000,0.000000,0.000000,0.000000,0.000000,0.000000,0.000000,0.000000,0.000000,0.000000,0.000000
0.000000,0.000000,0.000000,0.000000,0.000000,0.000000,0.000000,0.000000,0.000000,0.000000,0.000000,0.000000,0.000000,0.000000,0.000000,0.000000,0.000000,0.000000,0.000000,0.000000,0.000000,0.000000,0.000000,0.000000,0.000000,0.000000,0.000000,0.000000,0.000000,0.000000,11.976437,35.929313,59.882188,83.835062,107.787937,131.740813,168.551049,218.218646,267.886243,317.553840,367.221438,416.889035,471.115765,529.901629,588.687493,647.473357,706.259221,765.045085,810.749271,843.371779,875.994287,908.616796,941.239304,973.861812,1003.998061,1031.648050,1059.298039,1086.948028,1114.598017,1142.248006,1186.591554,1247.628663,1308.665771,1369.702879,1430.739988,1491.777096,1523.298939,1525.305517,1527.312094,1529.318672,1531.325250,1533.331828,1514.084322,1473.582733,1433.081144,1392.579556,1352.077967,1311.576378,1304.090435,1329.620138,1355.149840,1380.679543,1406.209246,1431.738949,1424.006608,1383.012225,1342.017842,1301.023458,1260.029075,1219.034692,1169.525000,1111.500000,1053.475000,995.450000,937.425000,879.400000,821.736549,764.434646,707.132743,649.830840,592.528937,535.227035,478.824313,423.320771,367.817229,312.313688,256.810146,201.306604,159.091931,130.166125,101.240319,72.314514,43.388708,14.462903,0.000000,0.000000,0.000000,0.000000,0.000000,0.000000,0.000000,0.000000,0.000000,0.000000,0.000000,0.000000,0.000000,0.000000,0.000000,0.000000,0.000000,0.000000,0.000000,0.000000,0.000000,0.000000,0.000000,0.000000,0.000000,0.000000,0.000000,0.000000,0.000000,0.000000
0.000000,0.000000,0.000000,0.000000,0.000000,0.000000,0.000000,0.000000,0.000000,0.000000,0.000000,0.000000,0.000000,0.000000,0.000000,0.000000,0.000000,0.000000,0.000000,0.000000,0.000000,0.000000,0.000000,0.000000,0.000000,0.000000,0.000000,0.000000,0.000000,0.000000,13.923261,41.769783,69.616306,97.462828,125.309350,153.155872,194.665247,249.837475,305.009703,360.181931,415.354158,470.526386,526.742708,584.003125,641.263542,698.523958,755.784375,813.044792,857.201938,888.255813,919.309687,950.363563,981.417437,1012.471312,1039.762861,1063.292083,1086.821306,1110.350528,1133.879750,1157.408972,1178.798929,1198.049621,1217.300312,1236.551004,1255.801696,1275.052387,1286.743350,1290.874583,1295.005817,1299.137050,1303.268283,1307.399517,1296.929683,1271.858783,1246.787883,1221.716983,1196.646083,1171.575183,1155.178747,1147.456775,1139.734803,1132.012831,1124.290858,1116.568886,1107.609965,1097.414096,1087.218226,1077.022357,1066.826487,1056.630618,1024.820826,971.397112,917.973399,864.549685,811.125971,757.702257,708.163606,662.510017,616.856428,571.202839,525.549250,479.895661,431.756825,381.132742,330.508658,279.884575,229.260492,178.636408,140.547336,114.993275,89.439214,63.885153,38.331092,12.777031,0.000000,0.000000,0.000000,0.000000,0.000000,0.000000,0.000000,0.000000,0.000000,0.000000,0.000000,0.000000,0.000000,0.000000,0.000000,0.000000,0.000000,0.000000,0.000000,0.000000,0.000000,0.000000,0.000000,0.000000,0.000000,0.000000,0.000000,0.000000,0.000000,0.000000
0.000000,0.000000,0.000000,0.000000,0.000000,0.000000,0.000000,0.000000,0.000000,0.000000,0.000000,0.000000,0.000000,0.000000,0.000000,0.000000,0.000000,0.000000,0.000000,0.000000,0.000000,0.000000,0.000000,0.000000,0.000000,0.000000,0.000000,0.000000,0.000000,0.000000,10.672921,32.018763,53.364604,74.710446,96.056287,117.402129,155.533506,210.450417,265.367328,320.284239,375.201150,430.118061,479.421231,523.110658,566.800086,610.489514,654.178942,697.868369,749.438454,808.889196,868.339937,927.790679,987.241421,1046.692162,1093.392211,1127.341567,1161.290922,1195.240278,1229.189633,1263.138989,1292.624076,1317.644896,1342.665715,1367.686535,1392.707354,1417.728174,1427.829697,1423.011925,1418.194153,1413.376381,1408.558608,1403.740836,1410.073518,1427.556654,1445.039790,1462.522926,1480.006062,1497.489199,1505.083932,1502.790262,1500.496593,1498.202924,1495.909254,1493.615585,1467.974479,1418.985937,1369.997396,1321.008854,1272.020313,1223.031771,1169.525000,1111.500000,1053.475000,995.450000,937.425000,879.400000,823.118229,768.579687,714.041146,659.502604,604.964063,550.425521,494.273958,436.509375,378.744792,320.980208,263.215625,205.451042,161.854688,132.426562,102.998437,73.570313,44.142187,14.714062,0.000000,0.000000,0.000000,0.000000,0.000000,0.000000,0.000000,0.000000,0.000000,0.000000,0.000000,0.000000,0.000000,0.000000,0.000000,0.000000,0.000000,0.000000,0.000000,0.000000,0.000000,0.000000,0.000000,0.000000,0.000000,0.000000,0.000000,0.000000,0.000000,0.000000
0.000000,0.000000,0.000000,0.000000,0.000000,0.000000,0.000000,0.000000,0.000000,0.000000,0.000000,0.000000,0.000000,0.000000,0.000000,0.000000,0.000000,0.000000,0.000000,0.000000,0.000000,0.000000,0.000000,0.000000,0.000000,0.000000,0.000000,0.000000,0.000000,0.000000,9.315215,27.945646,46.576076,65.206507,83.836938,102.467368,137.862868,190.023438,242.184007,294.344576,346.505146,398.665715,450.008989,500.534967,551.060944,601.586922,652.112900,702.638878,752.112856,800.534833,848.956811,897.378789,945.800767,994.222744,1050.817333,1115.584533,1180.351733,1245.118933,1309.886133,1374.653333,1422.311981,1452.862075,1483.412169,1513.962264,1544.512358,1575.062453,1585.656704,1576.295112,1566.933521,1557.571929,1548.210337,1538.848746,1526.194719,1510.248258,1494.301797,1478.355336,1462.408875,1446.462414,1436.696331,1433.110625,1429.524919,1425.939214,1422.353508,1418.767803,1384.994850,1321.034650,1257.074450,1193.114250,1129.154050,1065.193850,1012.253306,970.332417,928.411528,886.490639,844.569750,802.648861,746.875883,677.250817,607.625750,538.000683,468.375617,398.750550,342.528153,299.708425,256.888697,214.068969,171.249242,128.429514,98.101346,80.264737,62.428129,44.591521,26.754912,8.918304,0.000000,0.000000,0.000000,0.000000,0.000000,0.000000,0.000000,0.000000,0.000000,0.000000,0.000000,0.000000,0.000000,0.000000,0.000000,0.000000,0.000000,0.000000,0.000000,0.000000,0.000000,0.000000,0.000000,0.000000,0.000000,0.000000,0.000000,0.000000,0.000000,0.000000
0.000000,0.000000,0.000000,0.000000,0.000000,0.000000,0.000000,0.000000,0.000000,0.000000,0.000000,0.000000,0.000000,0.000000,0.000000,0.000000,0.000000,0.000000,0.000000,0.000000,0.000000,0.000000,0.000000,0.000000,0.000000,0.000000,0.000000,0.000000,0.000000,0.000000,11.395410,34.186229,56.977049,79.767868,102.558688,125.349507,160.916575,209.259892,257.603208,305.946525,354.289842,402.633158,453.083950,505.642217,558.200483,610.758750,663.317017,715.875283,767.671747,818.706408,869.741069,920.775731,971.810392,1022.845053,1067.134950,1104.680083,1142.225217,1179.770350,1217.315483,1254.860617,1275.743131,1279.963025,1284.182919,1288.402814,1292.622708,1296.842603,1299.545686,1300.731958,1301.918231,1303.104503,1304.290775,1305.477047,1292.936707,1266.669754,1240.402801,1214.135849,1187.868896,1161.601943,1130.187393,1093.625246,1057.063099,1020.500951,983.938804,947.376657,920.268818,902.615288,884.961757,867.308226,849.654696,832.001165,814.689233,797.718900,780.748567,763.778233,746.807900,729.837567,690.845922,629.832967,568.820011,507.807056,446.794100,385.781144,334.164431,291.943958,249.723486,207.503014,165.282542,123.062069,93.455847,76.463875,59.471903,42.479931,25.487958,8.495986,0.000000,0.000000,0.000000,0.000000,0.000000,0.000000,0.000000,0.000000,0.000000,0.000000,0.000000,0.000000,0.000000,0.000000,0.000000,0.000000,0.000000,0.000000,0.000000,0.000000,0.000000,0.000000,0.000000,0.000000,0.000000,0.000000,0.000000,0.000000,0.000000,0.000000
0.000000,0.000000,0.000000,0.000000,0.000000,0.000000,0.000000,0.000000,0.000000,0.000000,0.000000,0.000000,0.000000,0.000000,0.000000,0.000000,0.000000,0.000000,0.000000,0.000000,0.000000,0.000000,0.000000,0.000000,0.000000,0.000000,0.000000,0.000000,0.000000,0.000000,12.995801,38.987404,64.979007,90.970610,116.962213,142.953815,184.463190,241.490338,298.517485,355.544632,412.571779,469.598926,526.742708,584.003125,641.263542,698.523958,755.784375,813.044792,865.878657,914.285971,962.693285,1011.100599,1059.507912,1107.915226,1143.817490,1167.214704,1190.611918,1214.009132,1237.406346,1260.803560,1277.610369,1287.826775,1298.043181,1308.259586,1318.475992,1328.692397,1342.720563,1360.560488,1378.400412,1396.240338,1414.080262,1431.920187,1419.995443,1378.306029,1336.616615,1294.927201,1253.237787,1211.548374,1184.335508,1171.599192,1158.862875,1146.126558,1133.390242,1120.653925,1086.123733,1029.799667,973.475600,917.151533,860.827467,804.503400,754.399869,710.516875,666.633881,622.750886,578.867892,534.984897,491.929807,449.702621,407.475435,365.248249,323.021063,280.793876,246.629849,220.528979,194.428110,168.327240,142.226371,116.125501,94.485478,77.306300,60.127122,42.947944,25.768767,8.589589,0.000000,0.000000,0.000000,0.000000,0.000000,0.000000,0.000000,0.000000,0.000000,0.000000,0.000000,0.000000,0.000000,0.000000,0.000000,0.000000,0.000000,0.000000,0.000000,0.000000,0.000000,0.000000,0.000000,0.000000,0.000000,0.000000,0.000000,0.000000,0.000000,0.000000
0.000000,0.000000,0.000000,0.000000,0.000000,0.000000,0.000000,0.000000,0.000000,0.000000,0.000000,0.000000,0.000000,0.000000,0.000000,0.000000,0.000000,0.000000,0.000000,0.000000,0.000000,0.000000,0.000000,0.000000,0.000000,0.000000,0.000000,0.000000,0.000000,0.000000,8.468703,25.406108,42.343514,59.280919,76.218325,93.155731,123.074869,165.975742,208.876614,251.777486,294.678358,337.579231,393.871137,463.554079,533.237021,602.919962,672.602904,742.285846,792.794035,824.127471,855.460907,886.794343,918.127779,949.461215,987.052544,1030.901767,1074.750989,1118.600211,1162.449433,1206.298656,1250.388289,1294.718333,1339.048378,1383.378422,1427.708467,1472.038511,1476.371787,1440.708296,1405.044804,1369.381312,1333.717821,1298.054329,1274.591204,1263.328446,1252.065687,1240.802929,1229.540171,1218.277412,1223.579361,1245.446017,1267.312672,1289.179328,1311.045983,1332.912639,1323.889996,1283.978054,1244.066113,1204.154171,1164.242229,1124.330288,1076.318587,1020.207129,964.095671,907.984212,851.872754,795.761296,747.326457,706.568238,665.810018,625.051799,584.293579,543.535360,491.654996,428.652488,365.649979,302.647471,239.644963,176.642454,133.046100,108.855900,84.665700,60.475500,36.285300,12.095100,0.000000,0.000000,0.000000,0.000000,0.000000,0.000000,0.000000,0.000000,0.000000,0.000000,0.000000,0.000000,0.000000,0.000000,0.000000,0.000000,0.000000,0.000000,0.000000,0.000000,0.000000,0.000000,0.000000,0.000000,0.000000,0.000000,0.000000,0.000000,0.000000,0.000000
0.000000,0.000000,0.000000,0.000000,0.000000,0.000000,0.000000,0.000000,0.000000,0.000000,0.000000,0.000000,0.000000,0.000000,0.000000,0.000000,0.000000,0.000000,0.000000,0.000000,0.000000,0.000000,0.000000,0.000000,0.000000,0.000000,0.000000,0.000000,0.000000,0.000000,10.043787,30.131362,50.218938,70.306512,90.394087,110.481663,144.339426,191.967379,239.595332,287.223285,334.851238,382.479190,429.720521,476.575229,523.429938,570.284646,617.139354,663.994063,709.397768,753.350471,797.303174,841.255876,885.208579,929.161282,977.305940,1029.642554,1081.979168,1134.315782,1186.652396,1238.989010,1291.918338,1345.440379,1398.962421,1452.484463,1506.006504,1559.528546,1590.034829,1597.525354,1605.015879,1612.506404,1619.996929,1627.487454,1622.362681,1604.622608,1586.882536,1569.142464,1551.402392,1533.662319,1499.237837,1448.128946,1397.020054,1345.911162,1294.802271,1243.693379,1212.727846,1201.905671,1191.083496,1180.261321,1169.439146,1158.616971,1122.312547,1060.525875,998.739203,936.952531,875.165858,813.379186,746.095532,673.314896,600.534260,527.753624,454.972987,382.192351,324.598607,282.191754,239.784901,197.378049,154.971196,112.564343,83.747507,68.520687,53.293868,38.067049,22.840229,7.613410,0.000000,0.000000,0.000000,0.000000,0.000000,0.000000,0.000000,0.000000,0.000000,0.000000,0.000000,0.000000,0.000000,0.000000,0.000000,0.000000,0.000000,0.000000,0.000000,0.000000,0.000000,0.000000,0.000000,0.000000,0.000000,0.000000,0.000000,0.000000,0.000000,0.000000
0.000000,0.000000,0.000000,0.000000,0.000000,0.000000,0.000000,0.000000,0.000000,0.000000,0.000000,0.000000,0.000000,0.000000,0.000000,0.000000,0.000000,0.000000,0.000000,0.000000,0.000000,0.000000,0.000000,0.000000,0.000000,0.000000,0.000000,0.000000,0.000000,0.000000,12.142843,36.428529,60.714215,84.999901,109.285588,133.571274,170.798719,220.967925,271.137131,321.306336,371.475542,421.644747,477.161668,538.026304,598.890940,659.755576,720.620212,781.484849,830.199075,866.762892,903.326708,939.890525,976.454342,1013.018158,1051.934183,1093.202417,1134.470650,1175.738883,1217.007117,1258.275350,1297.196951,1333.771921,1370.346890,1406.921860,1443.496829,1480.071799,1501.841554,1508.806096,1515.770637,1522.735179,1529.699721,1536.664262,1531.940833,1515.529433,1499.118033,1482.706633,1466.295233,1449.883833,1432.139203,1413.061342,1393.983481,1374.905619,1355.827758,1336.749897,1307.362854,1267.666629,1227.970404,1188.274179,1148.577954,1108.881729,1057.138089,993.347033,929.555978,865.764922,801.973867,738.182811,685.505228,643.941117,602.377006,560.812894,519.248783,477.684672,429.075579,373.421504,317.767429,262.113354,206.459279,150.805204,112.729986,92.233625,71.737264,51.240903,30.744542,10.248181,0.000000,0.000000,0.000000,0.000000,0.000000,0.000000,0.000000,0.000000,0.000000,0.000000,0.000000,0.000000,0.000000,0.000000,0.000000,0.000000,0.000000,0.000000,0.000000,0.000000,0.000000,0.000000,0.000000,0.000000,0.000000,0.000000,0.000000,0.000000,0.000000,0.000000
0.000000,0.000000,0.000000,0.000000,0.000000,0.000000,0.000000,0.000000,0.000000,0.000000,0.000000,0.000000,0.000000,0.000000,0.000000,0.000000,0.000000,0.000000,0.000000,0.000000,0.000000,0.000000,0.000000,0.000000,0.000000,0.000000,0.000000,0.000000,0.000000,0.000000,7.993101,23.979304,39.965507,55.951710,71.937912,87.924115,117.764218,161.458221,205.152224,248.846226,292.540229,336.234232,377.793953,417.219392,456.644831,496.070269,535.495708,574.921147,624.417249,683.984012,743.550776,803.117540,862.684304,922.251068,981.057053,1039.102258,1097.147464,1155.192669,1213.237875,1271.283081,1294.677394,1283.420817,1272.164239,1260.907661,1249.651083,1238.394506,1227.461699,1216.852663,1206.243626,1195.634590,1185.025554,1174.416518,1185.386607,1217.935821,1250.485035,1283.034249,1315.583462,1348.132676,1337.216814,1282.835875,1228.454936,1174.073997,1119.693058,1065.312119,1028.474067,1009.178900,989.883733,970.588567,951.293400,931.998233,916.353721,904.359862,892.366004,880.372146,868.378288,856.384429,820.850521,761.776563,702.702604,643.628646,584.554688,525.480729,465.284692,403.966575,342.648458,281.330342,220.012225,158.694108,117.365463,96.026288,74.687112,53.347938,32.008762,10.669587,0.000000,0.000000,0.000000,0.000000,0.000000,0.000000,0.000000,0.000000,0.000000,0.000000,0.000000,0.000000,0.000000,0.000000,0.000000,0.000000,0.000000,0.000000,0.000000,0.000000,0.000000,0.000000,0.000000,0.000000,0.000000,0.000000,0.000000,0.000000,0.000000,0.000000
0.000000,0.000000,0.000000,0.000000,0.000000,0.000000,0.000000,0.000000,0.000000,0.000000,0.000000,0.000000,0.000000,0.000000,0.000000,0.000000,0.000000,0.000000,0.000000,0.000000,0.000000,0.000000,0.000000,0.000000,0.000000,0.000000,0.000000,0.000000,0.000000,0.000000,8.738137,26.214412,43.690688,61.166962,78.643237,96.119513,132.171115,186.798046,241.424976,296.051907,350.678838,405.305768,456.044800,502.895933,549.747067,596.598200,643.449333,690.300467,737.178543,784.083562,830.988582,877.893601,924.798621,971.703640,1015.349060,1055.734879,1096.120699,1136.506518,1176.892337,1217.278157,1252.153689,1281.518933,1310.884178,1340.249422,1369.614667,1398.979911,1403.486886,1383.135592,1362.784297,1342.433003,1322.081708,1301.730414,1299.030435,1313.981771,1328.933107,1343.884443,1358.835779,1373.787115,1359.775014,1316.799475,1273.823936,1230.848397,1187.872858,1144.897319,1110.496303,1084.669808,1058.843314,1033.016819,1007.190325,981.363831,957.330281,935.089675,912.849069,890.608464,868.367858,846.127253,806.751683,750.241150,693.730617,637.220083,580.709550,524.199017,464.145758,400.549775,336.953792,273.357808,209.761825,146.165842,104.837196,85.775887,66.714579,47.653271,28.591963,9.530654,0.000000,0.000000,0.000000,0.000000,0.000000,0.000000,0.000000,0.000000,0.000000,0.000000,0.000000,0.000000,0.000000,0.000000,0.000000,0.000000,0.000000,0.000000,0.000000,0.000000,0.000000,0.000000,0.000000,0.000000,0.000000,0.000000,0.000000,0.000000,0.000000,0.000000
0.000000,0.000000,0.000000,0.000000,0.000000,0.000000,0.000000,0.000000,0.000000,0.000000,0.000000,0.000000,0.000000,0.000000,0.000000,0.000000,0.000000,0.000000,0.000000,0.000000,0.000000,0.000000,0.000000,0.000000,0.000000,0.000000,0.000000,0.000000,0.000000,0.000000,9.870651,29.611954,49.353257,69.094560,88.835863,108.577165,148.425553,208.381025,268.336497,328.291969,388.247442,448.202914,504.842339,558.165717,611.489094,664.812472,718.135850,771.459228,826.519065,883.315362,940.111660,996.907957,1053.704254,1110.500551,1160.986258,1205.161375,1249.336492,1293.511608,1337.686725,1381.861842,1406.143590,1410.531971,1414.920351,1419.308732,1423.697113,1428.085493,1429.485704,1427.897746,1426.309788,1424.721829,1423.133871,1421.545912,1410.304426,1389.409412,1368.514399,1347.619385,1326.724371,1305.829357,1288.232512,1273.933837,1259.635162,1245.336487,1231.037812,1216.739137,1175.726107,1107.998721,1040.271335,972.543949,904.816563,837.089176,792.143604,769.979846,747.816087,725.652329,703.488571,681.324813,645.417300,595.766033,546.114767,496.463500,446.812233,397.160967,350.818581,307.785075,264.751569,221.718064,178.684558,135.651053,104.623108,85.600725,66.578342,47.555958,28.533575,9.511192,0.000000,0.000000,0.000000,0.000000,0.000000,0.000000,0.000000,0.000000,0.000000,0.000000,0.000000,0.000000,0.000000,0.000000,0.000000,0.000000,0.000000,0.000000,0.000000,0.000000,0.000000,0.000000,0.000000,0.000000,0.000000,0.000000,0.000000,0.000000,0.000000,0.000000
0.000000,0.000000,0.000000,0.000000,0.000000,0.000000,0.000000,0.000000,0.000000,0.000000,0.000000,0.000000,0.000000,0.000000,0.000000,0.000000,0.000000,0.000000,0.000000,0.000000,0.000000,0.000000,0.000000,0.000000,0.000000,0.000000,0.000000,0.000000,0.000000,0.000000,8.684010,26.052029,43.420049,60.788068,78.156087,95.524107,128.739783,177.803117,226.866450,275.929783,324.993117,374.056450,420.361700,463.908867,507.456033,551.003200,594.550367,638.097533,683.009328,729.285750,775.562172,821.838594,868.115017,914.391439,955.341651,990.965654,1026.589657,1062.213660,1097.837662,1133.461665,1167.593728,1200.233850,1232.873972,1265.514094,1298.154217,1330.794339,1364.732414,1399.968442,1435.204469,1470.440497,1505.676525,1540.912553,1558.375415,1558.065113,1557.754810,1557.444507,1557.134204,1556.823901,1531.580499,1481.403996,1431.227493,1381.050990,1330.874487,1280.697985,1245.622269,1225.647342,1205.672414,1185.697486,1165.722558,1145.747631,1107.572937,1051.198479,994.824021,938.449562,882.075104,825.700646,772.299989,721.873133,671.446278,621.019422,570.592567,520.165711,465.638579,407.011171,348.383762,289.756354,231.128946,172.501537,131.255514,107.390875,83.526236,59.661597,35.796958,11.932319,0.000000,0.000000,0.000000,0.000000,0.000000,0.000000,0.000000,0.000000,0.000000,0.000000,0.000000,0.000000,0.000000,0.000000,0.000000,0.000000,0.000000,0.000000,0.000000,0.000000,0.000000,0.000000,0.000000,0.000000,0.000000,0.000000,0.000000,0.000000,0.000000,0.000000
0.000000,0.000000,0.000000,0.000000,0.000000,0.000000,0.000000,0.000000,0.000000,0.000000,0.000000,0.000000,0.000000,0.000000,0.000000,0.000000,0.000000,0.000000,0.000000,0.000000,0.000000,0.000000,0.000000,0.000000,0.000000,0.000000,0.000000,0.000000,0.000000,0.000000,9.016203,27.048608,45.081014,63.113419,81.145825,99.178231,133.237367,183.323233,233.409100,283.494967,333.580833,383.666700,436.289081,491.447975,546.606869,601.765764,656.924658,712.083553,766.238413,819.389238,872.540062,925.690888,978.841712,1031.992537,1091.169058,1156.371275,1221.573492,1286.775708,1351.977925,1417.180142,1463.278125,1490.271875,1517.265625,1544.259375,1571.253125,1598.246875,1614.819271,1620.970312,1627.121354,1633.272396,1639.423437,1645.574479,1639.461324,1621.083971,1602.706618,1584.329265,1565.951912,1547.574560,1502.684604,1431.282046,1359.879488,1288.476929,1217.074371,1145.671813,1096.944504,1070.892446,1044.840388,1018.788329,992.736271,966.684212,937.769019,905.990692,874.212364,842.434036,810.655708,778.877381,730.760182,666.304112,601.848043,537.391974,472.935904,408.479835,352.693275,305.576225,258.459175,211.342125,164.225075,117.108025,85.753708,70.162125,54.570542,38.978958,23.387375,7.795792,0.000000,0.000000,0.000000,0.000000,0.000000,0.000000,0.000000,0.000000,0.000000,0.000000,0.000000,0.000000,0.000000,0.000000,0.000000,0.000000,0.000000,0.000000,0.000000,0.000000,0.000000,0.000000,0.000000,0.000000,0.000000,0.000000,0.000000,0.000000,0.000000,0.000000
0.000000,0.000000,0.000000,0.000000,0.000000,0.000000,0.000000,0.000000,0.000000,0.000000,0.000000,0.000000,0.000000,0.000000,0.000000,0.000000,0.000000,0.000000,0.000000,0.000000,0.000000,0.000000,0.000000,0.000000,0.000000,0.000000,0.000000,0.000000,0.000000,0.000000,7.859049,23.577146,39.295243,55.013340,70.731437,86.449535,116.187837,159.946346,203.704854,247.463362,291.221871,334.980379,384.095644,438.567667,493.039689,547.511711,601.983733,656.455756,706.850647,753.168408,799.486169,845.803931,892.121692,938.439453,970.306050,987.721483,1005.136917,1022.552350,1039.967783,1057.383217,1059.124028,1045.190217,1031.256406,1017.322594,1003.388783,989.454972,975.988275,962.988692,949.989108,936.989525,923.989942,910.990358,895.392583,877.196617,859.000650,840.804683,822.608717,804.412750,796.869282,799.978313,803.087343,806.196374,809.305404,812.414435,802.111812,778.397537,754.683263,730.968987,707.254712,683.540438,656.223858,625.304975,594.386092,563.467208,532.548325,501.629442,475.180625,453.201875,431.223125,409.244375,387.265625,365.286875,332.623636,289.275908,245.928181,202.580453,159.232725,115.884997,86.360206,70.658350,54.956494,39.254639,23.552783,7.850928,0.000000,0.000000,0.000000,0.000000,0.000000,0.000000,0.000000,0.000000,0.000000,0.000000,0.000000,0.000000,0.000000,0.000000,0.000000,0.000000,0.000000,0.000000,0.000000,0.000000,0.000000,0.000000,0.000000,0.000000,0.000000,0.000000,0.000000,0.000000,0.000000,0.000000
0.000000,0.000000,0.000000,0.000000,0.000000,0.000000,0.000000,0.000000,0.000000,0.000000,0.000000,0.000000,0.000000,0.000000,0.000000,0.000000,0.000000,0.000000,0.000000,0.000000,0.000000,0.000000,0.000000,0.000000,0.000000,0.000000,0.000000,0.000000,0.000000,0.000000,7.987419,23.962258,39.937097,55.911936,71.886775,87.861614,123.561589,178.986700,234.411811,289.836922,345.262033,400.687144,451.529336,497.788608,544.047881,590.307153,636.566425,682.825697,731.728878,783.275967,834.823056,886.370144,937.917233,989.464322,1043.833101,1101.023571,1158.214040,1215.404510,1272.594979,1329.785449,1370.948428,1396.083917,1421.219406,1446.354894,1471.490383,1496.625872,1520.814982,1544.057712,1567.300443,1590.543174,1613.785904,1637.028635,1640.984896,1625.654688,1610.324479,1594.994271,1579.664062,1564.333854,1545.960356,1524.543567,1503.126778,1481.709989,1460.293200,1438.876411,1386.535275,1303.269792,1220.004308,1136.738825,1053.473342,970.207858,903.798476,854.245196,804.691915,755.138635,705.585354,656.032074,604.548804,551.135546,497.722287,444.309029,390.895771,337.482512,291.347813,252.491671,213.635529,174.779388,135.923246,97.067104,71.169114,58.229275,45.289436,32.349597,19.409758,6.469919,0.000000,0.000000,0.000000,0.000000,0.000000,0.000000,0.000000,0.000000,0.000000,0.000000,0.000000,0.000000,0.000000,0.000000,0.000000,0.000000,0.000000,0.000000,0.000000,0.000000,0.000000,0.000000,0.000000,0.000000,0.000000,0.000000,0.000000,0.000000,0.000000,0.000000
0.000000,0.000000,0.000000,0.000000,0.000000,0.000000,0.000000,0.000000,0.000000,0.000000,0.000000,0.000000,0.000000,0.000000,0.000000,0.000000,0.000000,0.000000,0.000000,0.000000,0.000000,0.000000,0.000000,0.000000,0.000000,0.000000,0.000000,0.000000,0.000000,0.000000,6.554985,19.664954,32.774924,45.884893,58.994863,72.104832,101.955646,148.547304,195.138963,241.730621,288.322279,334.913938,382.785726,431.937646,481.089565,530.241485,579.393404,628.545324,665.017433,688.809733,712.602033,736.394333,760.186633,783.978933,827.267017,890.050883,952.834750,1015.618617,1078.402483,1141.186350,1185.353664,1210.904425,1236.455186,1262.005947,1287.556708,1313.107469,1352.780113,1406.574637,1460.369162,1514.163688,1567.958212,1621.752737,1646.865104,1643.295313,1639.725521,1636.155729,1632.585938,1629.016146,1610.954888,1578.402163,1545.849438,1513.296712,1480.743988,1448.191263,1408.186054,1360.728363,1313.270671,1265.812979,1218.355288,1170.897596,1116.686418,1055.721754,994.757090,933.792426,872.827763,811.863099,745.541040,673.861588,602.182135,530.502682,458.823229,387.143776,329.272376,285.209029,241.145682,197.082335,153.018988,108.955640,79.680303,65.192975,50.705647,36.218319,21.730992,7.243664,0.000000,0.000000,0.000000,0.000000,0.000000,0.000000,0.000000,0.000000,0.000000,0.000000,0.000000,0.000000,0.000000,0.000000,0.000000,0.000000,0.000000,0.000000,0.000000,0.000000,0.000000,0.000000,0.000000,0.000000,0.000000,0.000000,0.000000,0.000000,0.000000,0.000000
0.000000,0.000000,0.000000,0.000000,0.000000,0.000000,0.000000,0.000000,0.000000,0.000000,0.000000,0.000000,0.000000,0.000000,0.000000,0.000000,0.000000,0.000000,0.000000,0.000000,0.000000,0.000000,0.000000,0.000000,0.000000,0.000000,0.000000,0.000000,0.000000,0.000000,7.100585,21.301754,35.502924,49.704093,63.905262,78.106432,113.436344,169.895000,226.353656,282.812311,339.270967,395.729622,447.194393,493.665279,540.136165,586.607051,633.077938,679.548824,726.299924,773.331238,820.362551,867.393865,914.425179,961.456493,997.448161,1022.400183,1047.352206,1072.304228,1097.256250,1122.208272,1135.953310,1138.491362,1141.029415,1143.567468,1146.105521,1148.643574,1171.568144,1214.879233,1258.190322,1301.501411,1344.812500,1388.123589,1427.900143,1464.142163,1500.384182,1536.626201,1572.868221,1609.110240,1610.971354,1578.451563,1545.931771,1513.411979,1480.892187,1448.372396,1408.367187,1360.876562,1313.385937,1265.895312,1218.404687,1170.914063,1122.436979,1072.973438,1023.509896,974.046354,924.582812,875.119271,820.850521,761.776563,702.702604,643.628646,584.554688,525.480729,464.273740,400.933721,337.593701,274.253682,210.913663,147.573643,106.244997,86.927725,67.610453,48.293181,28.975908,9.658636,0.000000,0.000000,0.000000,0.000000,0.000000,0.000000,0.000000,0.000000,0.000000,0.000000,0.000000,0.000000,0.000000,0.000000,0.000000,0.000000,0.000000,0.000000,0.000000,0.000000,0.000000,0.000000,0.000000,0.000000,0.000000,0.000000,0.000000,0.000000,0.000000,0.000000
0.000000,0.000000,0.000000,0.000000,0.000000,0.000000,0.000000,0.000000,0.000000,0.000000,0.000000,0.000000,0.000000,0.000000,0.000000,0.000000,0.000000,0.000000,0.000000,0.000000,0.000000,0.000000,0.000000,0.000000,0.000000,0.000000,0.000000,0.000000,0.000000,0.000000,5.948967,17.846900,29.744833,41.642767,53.540700,65.438633,93.007231,136.246492,179.485753,222.725014,265.964275,309.203536,356.466901,407.754371,459.041840,510.329310,561.616779,612.904249,667.400949,725.106879,782.812810,840.518740,898.224671,955.930601,1001.440449,1034.754212,1068.067976,1101.381740,1134.695504,1168.009268,1189.868356,1200.272767,1210.677178,1221.081589,1231.486000,1241.890411,1250.152631,1256.272658,1262.392686,1268.512714,1274.632742,1280.752769,1277.955921,1266.242196,1254.528471,1242.814746,1231.101021,1219.387296,1200.832699,1175.437229,1150.041760,1124.646290,1099.250821,1073.855351,1044.328429,1010.670054,977.011679,943.353304,909.694929,876.036554,836.412019,790.821325,745.230631,699.639936,654.049242,608.458547,563.316082,518.621846,473.927610,429.233374,384.539137,339.844901,296.419875,254.264058,212.108242,169.952425,127.796608,85.640792,59.182643,48.422162,37.661682,26.901201,16.140721,5.380240,0.000000,0.000000,0.000000,0.000000,0.000000,0.000000,0.000000,0.000000,0.000000,0.000000,0.000000,0.000000,0.000000,0.000000,0.000000,0.000000,0.000000,0.000000,0.000000,0.000000,0.000000,0.000000,0.000000,0.000000,0.000000,0.000000,0.000000,0.000000,0.000000,0.000000
0.000000,0.000000,0.000000,0.000000,0.000000,0.000000,0.000000,0.000000,0.000000,0.000000,0.000000,0.000000,0.000000,0.000000,0.000000,0.000000,0.000000,0.000000,0.000000,0.000000,0.000000,0.000000,0.000000,0.000000,0.000000,0.000000,0.000000,0.000000,0.000000,0.000000,6.541840,19.625521,32.709201,45.792882,58.876562,71.960243,105.882425,160.643108,215.403792,270.164475,324.925158,379.685842,434.074293,488.090512,542.106732,596.122951,650.139171,704.155390,764.803613,832.083837,899.364062,966.644288,1033.924512,1101.204737,1161.089550,1213.578950,1266.068350,1318.557750,1371.047150,1423.536550,1458.841950,1476.963350,1495.084750,1513.206150,1531.327550,1549.448950,1532.307450,1479.903050,1427.498650,1375.094250,1322.689850,1270.285450,1248.956175,1258.702025,1268.447875,1278.193725,1287.939575,1297.685425,1275.362631,1220.971192,1166.579753,1112.188314,1057.796875,1003.405436,950.532896,899.179254,847.825613,796.471971,745.118329,693.764688,665.430011,660.114300,654.798589,649.482878,644.167167,638.851456,615.141485,573.037254,530.933024,488.828793,446.724562,404.620332,357.863344,306.453600,255.043856,203.634111,152.224367,100.814622,68.850604,56.332313,43.814021,31.295729,18.777438,6.259146,0.000000,0.000000,0.000000,0.000000,0.000000,0.000000,0.000000,0.000000,0.000000,0.000000,0.000000,0.000000,0.000000,0.000000,0.000000,0.000000,0.000000,0.000000,0.000000,0.000000,0.000000,0.000000,0.000000,0.000000,0.000000,0.000000,0.000000,0.000000,0.000000,0.000000
0.000000,0.000000,0.000000,0.000000,0.000000,0.000000,0.000000,0.000000,0.000000,0.000000,0.000000,0.000000,0.000000,0.000000,0.000000,0.000000,0.000000,0.000000,0.000000,0.000000,0.000000,0.000000,0.000000,0.000000,0.000000,0.000000,0.000000,0.000000,0.000000,0.000000,6.462233,19.386700,32.311167,45.235633,58.160100,71.084567,104.591375,158.680525,212.769675,266.858825,320.947975,375.037125,436.676775,505.866925,575.057075,644.247225,713.437375,782.627525,850.399883,916.754450,983.109017,1049.463583,1115.818150,1182.172717,1229.179328,1256.837983,1284.496639,1312.155294,1339.813950,1367.472606,1385.765296,1394.692021,1403.618746,1412.545471,1421.472196,1430.398921,1424.014697,1402.319525,1380.624353,1358.929181,1337.234008,1315.538836,1328.444454,1375.950862,1423.457271,1470.963679,1518.470087,1565.976496,1571.190599,1534.112396,1497.034193,1459.955990,1422.877788,1385.799585,1326.968396,1246.384221,1165.800046,1085.215871,1004.631696,924.047521,864.438746,825.805371,787.171996,748.538621,709.905246,671.271871,631.640999,591.012629,550.384260,509.755890,469.127521,428.499151,380.178351,324.165121,268.151890,212.138660,156.125429,100.112199,66.096785,54.079188,42.061590,30.043993,18.026396,6.008799,0.000000,0.000000,0.000000,0.000000,0.000000,0.000000,0.000000,0.000000,0.000000,0.000000,0.000000,0.000000,0.000000,0.000000,0.000000,0.000000,0.000000,0.000000,0.000000,0.000000,0.000000,0.000000,0.000000,0.000000,0.000000,0.000000,0.000000,0.000000,0.000000,0.000000
0.000000,0.000000,0.000000,0.000000,0.000000,0.000000,0.000000,0.000000,0.000000,0.000000,0.000000,0.000000,0.000000,0.000000,0.000000,0.000000,0.000000,0.000000,0.000000,0.000000,0.000000,0.000000,0.000000,0.000000,0.000000,0.000000,0.000000,0.000000,0.000000,0.000000,6.162740,18.488221,30.813701,43.139182,55.464663,67.790143,98.228332,146.779229,195.330126,243.881024,292.431921,340.982818,392.532594,447.081250,501.629906,556.178561,610.727217,665.275872,711.260919,748.682358,786.103797,823.525236,860.946675,898.368114,929.415164,954.087825,978.760486,1003.433147,1028.105808,1052.778469,1075.397104,1095.961712,1116.526321,1137.090929,1157.655538,1178.220146,1175.521500,1149.559600,1123.597700,1097.635800,1071.673900,1045.712000,1052.593063,1092.317088,1132.041112,1171.765138,1211.489163,1251.213187,1261.849189,1243.397167,1224.945144,1206.493122,1188.041100,1169.589078,1144.803717,1113.685017,1082.566317,1051.447617,1020.328917,989.210217,959.154553,930.161925,901.169297,872.176669,843.184042,814.191414,764.352229,693.666488,622.980746,552.295004,481.609263,410.923521,349.598667,297.634700,245.670733,193.706767,141.742800,89.778833,58.480446,47.847637,37.214829,26.582021,15.949212,5.316404,0.000000,0.000000,0.000000,0.000000,0.000000,0.000000,0.000000,0.000000,0.000000,0.000000,0.000000,0.000000,0.000000,0.000000,0.000000,0.000000,0.000000,0.000000,0.000000,0.000000,0.000000,0.000000,0.000000,0.000000,0.000000,0.000000,0.000000,0.000000,0.000000,0.000000
0.000000,0.000000,0.000000,0.000000,0.000000,0.000000,0.000000,0.000000,0.000000,0.000000,0.000000,0.000000,0.000000,0.000000,0.000000,0.000000,0.000000,0.000000,0.000000,0.000000,0.000000,0.000000,0.000000,0.000000,0.000000,0.000000,0.000000,0.000000,0.000000,0.000000,5.746587,17.239763,28.732938,40.226112,51.719288,63.212463,91.680757,137.124171,182.567585,228.010999,273.454412,318.897826,370.574265,428.483729,486.393193,544.302657,602.212121,660.121585,712.560374,759.528488,806.496601,853.464715,900.432829,947.400943,987.997113,1022.221338,1056.445562,1090.669788,1124.894012,1159.118237,1193.258231,1227.313992,1261.369753,1295.425514,1329.481275,1363.537036,1388.047854,1403.013729,1417.979604,1432.945479,1447.911354,1462.877229,1481.702925,1504.388442,1527.073958,1549.759475,1572.444992,1595.130508,1585.079140,1542.290888,1499.502635,1456.714382,1413.926129,1371.137876,1328.244469,1285.245908,1242.247347,1199.248786,1156.250225,1113.251664,1071.638643,1031.411162,991.183682,950.956201,910.728721,870.501240,818.293229,754.104688,689.916146,625.727604,561.539062,497.350521,433.405500,369.704000,306.002500,242.301000,178.599500,114.898000,76.126646,62.285438,48.444229,34.603021,20.761813,6.920604,0.000000,0.000000,0.000000,0.000000,0.000000,0.000000,0.000000,0.000000,0.000000,0.000000,0.000000,0.000000,0.000000,0.000000,0.000000,0.000000,0.000000,0.000000,0.000000,0.000000,0.000000,0.000000,0.000000,0.000000,0.000000,0.000000,0.000000,0.000000,0.000000,0.000000
0.000000,0.000000,0.000000,0.000000,0.000000,0.000000,0.000000,0.000000,0.000000,0.000000,0.000000,0.000000,0.000000,0.000000,0.000000,0.000000,0.000000,0.000000,0.000000,0.000000,0.000000,0.000000,0.000000,0.000000,0.000000,0.000000,0.000000,0.000000,0.000000,0.000000,5.658365,16.975096,28.291826,39.608557,50.925288,62.242018,98.184924,158.754004,219.323085,279.892165,340.461246,401.030326,458.516172,512.918783,567.321394,621.724006,676.126617,730.529228,785.229379,840.227071,895.224762,950.222454,1005.220146,1060.217837,1097.558947,1117.243475,1136.928003,1156.612531,1176.297058,1195.981586,1204.290983,1201.225250,1198.159517,1195.093783,1192.028050,1188.962317,1204.605435,1238.957404,1273.309374,1307.661343,1342.013312,1376.365282,1388.003071,1376.926679,1365.850288,1354.773896,1343.697504,1332.621113,1314.005343,1287.850196,1261.695049,1235.539901,1209.384754,1183.229607,1149.990636,1109.667842,1069.345047,1029.022253,988.699458,948.376664,907.778428,866.904750,826.031072,785.157394,744.283717,703.410039,659.162967,611.542500,563.922033,516.301567,468.681100,421.060633,369.276754,313.329462,257.382171,201.434879,145.487587,89.540296,56.436096,46.174988,35.913879,25.652771,15.391662,5.130554,0.000000,0.000000,0.000000,0.000000,0.000000,0.000000,0.000000,0.000000,0.000000,0.000000,0.000000,0.000000,0.000000,0.000000,0.000000,0.000000,0.000000,0.000000,0.000000,0.000000,0.000000,0.000000,0.000000,0.000000,0.000000,0.000000,0.000000,0.000000,0.000000,0.000000
0.000000,0.000000,0.000000,0.000000,0.000000,0.000000,0.000000,0.000000,0.000000,0.000000,0.000000,0.000000,0.000000,0.000000,0.000000,0.000000,0.000000,0.000000,0.000000,0.000000,0.000000,0.000000,0.000000,0.000000,0.000000,0.000000,0.000000,0.000000,0.000000,0.000000,4.856747,14.570242,24.283736,33.997231,43.710725,53.424219,86.875035,144.063171,201.251307,258.439443,315.627579,372.815715,428.762433,483.467733,538.173033,592.878333,647.583633,702.288933,765.258951,836.493687,907.728424,978.963160,1050.197896,1121.432632,1177.039138,1217.017413,1256.995688,1296.973963,1336.952238,1376.930513,1397.709794,1399.290083,1400.870372,1402.450661,1404.030950,1405.611239,1414.969112,1432.104571,1449.240029,1466.375487,1483.510946,1500.646404,1503.835614,1493.078575,1482.321536,1471.564497,1460.807458,1450.050419,1412.971922,1349.571967,1286.172011,1222.772056,1159.372100,1095.972144,1050.830993,1023.948646,997.066299,970.183951,943.301604,916.419257,882.031336,840.137842,798.244347,756.350853,714.457358,672.563864,622.022796,562.834154,503.645512,444.456871,385.268229,326.079587,275.381642,233.174392,190.967142,148.759892,106.552642,64.345392,39.638286,32.431325,25.224364,18.017403,10.810442,3.603481,0.000000,0.000000,0.000000,0.000000,0.000000,0.000000,0.000000,0.000000,0.000000,0.000000,0.000000,0.000000,0.000000,0.000000,0.000000,0.000000,0.000000,0.000000,0.000000,0.000000,0.000000,0.000000,0.000000,0.000000,0.000000,0.000000,0.000000,0.000000,0.000000,0.000000
0.000000,0.000000,0.000000,0.000000,0.000000,0.000000,0.000000,0.000000,0.000000,0.000000,0.000000,0.000000,0.000000,0.000000,0.000000,0.000000,0.000000,0.000000,0.000000,0.000000,0.000000,0.000000,0.000000,0.000000,0.000000,0.000000,0.000000,0.000000,0.000000,0.000000,4.341019,13.023058,21.705097,30.387136,39.069175,47.751214,81.970860,141.728112,201.485365,261.242618,320.999871,380.757124,444.237333,511.440500,578.643667,645.846833,713.050000,780.253167,842.454354,899.653563,956.852771,1014.051979,1071.251188,1128.450396,1175.025128,1210.975383,1246.925639,1282.875894,1318.826150,1354.776406,1381.670993,1399.509912,1417.348832,1435.187751,1453.026671,1470.865590,1484.471899,1493.845596,1503.219293,1512.592990,1521.966688,1531.340385,1530.577176,1519.677062,1508.776949,1497.876835,1486.976721,1476.076607,1460.552983,1440.405850,1420.258717,1400.111583,1379.964450,1359.817317,1331.306800,1294.432900,1257.559000,1220.685100,1183.811200,1146.937300,1090.244125,1013.731675,937.219225,860.706775,784.194325,707.681875,638.473150,576.568150,514.663150,452.758150,390.853150,328.948150,276.271096,232.821987,189.372879,145.923771,102.474663,59.025554,34.192583,27.975750,21.758917,15.542083,9.325250,3.108417,0.000000,0.000000,0.000000,0.000000,0.000000,0.000000,0.000000,0.000000,0.000000,0.000000,0.000000,0.000000,0.000000,0.000000,0.000000,0.000000,0.000000,0.000000,0.000000,0.000000,0.000000,0.000000,0.000000,0.000000,0.000000,0.000000,0.000000,0.000000,0.000000,0.000000
0.000000,0.000000,0.000000,0.000000,0.000000,0.000000,0.000000,0.000000,0.000000,0.000000,0.000000,0.000000,0.000000,0.000000,0.000000,0.000000,0.000000,0.000000,0.000000,0.000000,0.000000,0.000000,0.000000,0.000000,0.000000,0.000000,0.000000,0.000000,0.000000,0.000000,4.324350,12.973050,21.621750,30.270450,38.919150,47.567850,78.505408,131.731825,184.958242,238.184658,291.411075,344.637492,400.967914,460.402342,519.836769,579.271197,638.705625,698.140053,752.458664,801.661458,850.864253,900.067047,949.269842,998.472636,1046.267215,1092.653579,1139.039943,1185.426307,1231.812671,1278.199035,1316.620126,1347.075946,1377.531765,1407.987585,1438.443404,1468.899224,1498.859247,1528.323475,1557.787703,1587.251931,1616.716158,1646.180386,1640.531290,1599.768871,1559.006451,1518.244032,1477.481612,1436.719193,1406.753878,1387.585667,1368.417456,1349.249244,1330.081033,1310.912822,1286.978407,1258.277787,1229.577168,1200.876549,1172.175929,1143.475310,1092.315303,1018.695908,945.076514,871.457119,797.837725,724.218331,658.870300,601.793633,544.716967,487.640300,430.563633,373.486967,319.915944,269.850567,219.785189,169.719811,119.654433,69.589056,40.843336,33.417275,25.991214,18.565153,11.139092,3.713031,0.000000,0.000000,0.000000,0.000000,0.000000,0.000000,0.000000,0.000000,0.000000,0.000000,0.000000,0.000000,0.000000,0.000000,0.000000,0.000000,0.000000,0.000000,0.000000,0.000000,0.000000,0.000000,0.000000,0.000000,0.000000,0.000000,0.000000,0.000000,0.000000,0.000000
0.000000,0.000000,0.000000,0.000000,0.000000,0.000000,0.000000,0.000000,0.000000,0.000000,0.000000,0.000000,0.000000,0.000000,0.000000,0.000000,0.000000,0.000000,0.000000,0.000000,0.000000,0.000000,0.000000,0.000000,0.000000,0.000000,0.000000,0.000000,0.000000,0.000000,4.257911,12.773733,21.289556,29.805378,38.321200,46.837022,81.187121,141.371496,201.555871,261.740246,321.924621,382.108996,442.589460,503.366012,564.142565,624.919118,685.695671,746.472224,800.450833,847.631500,894.812167,941.992833,989.173500,1036.354167,1080.690313,1122.181938,1163.673562,1205.165188,1246.656813,1288.148437,1324.511088,1355.744762,1386.978437,1418.212113,1449.445788,1480.679462,1492.192335,1483.984404,1475.776474,1467.568543,1459.360612,1451.152682,1437.319610,1417.861396,1398.403182,1378.944968,1359.486754,1340.028540,1331.919793,1335.160512,1338.401232,1341.641951,1344.882671,1348.123390,1331.358854,1294.589062,1257.819271,1221.049479,1184.279688,1147.509896,1095.206356,1027.369067,959.531778,891.694489,823.857200,756.019911,691.733072,630.996683,570.260294,509.523906,448.787517,388.051128,331.460892,279.016808,226.572725,174.128642,121.684558,69.240475,39.433564,32.263825,25.094086,17.924347,10.754608,3.584869,0.000000,0.000000,0.000000,0.000000,0.000000,0.000000,0.000000,0.000000,0.000000,0.000000,0.000000,0.000000,0.000000,0.000000,0.000000,0.000000,0.000000,0.000000,0.000000,0.000000,0.000000,0.000000,0.000000,0.000000,0.000000,0.000000,0.000000,0.000000,0.000000,0.000000
0.000000,0.000000,0.000000,0.000000,0.000000,0.000000,0.000000,0.000000,0.000000,0.000000,0.000000,0.000000,0.000000,0.000000,0.000000,0.000000,0.000000,0.000000,0.000000,0.000000,0.000000,0.000000,0.000000,0.000000,0.000000,0.000000,0.000000,0.000000,0.000000,0.000000,3.982393,11.947179,19.911965,27.876751,35.841538,43.806324,75.293244,130.302300,185.311356,240.320411,295.329467,350.338522,405.586642,461.073825,516.561008,572.048192,627.535375,683.022558,733.404643,778.681629,823.958615,869.235601,914.512587,959.789574,985.824976,992.618796,999.412615,1006.206435,1013.000254,1019.794074,1038.104074,1067.930254,1097.756435,1127.582615,1157.408796,1187.234976,1207.002761,1216.712150,1226.421539,1236.130928,1245.840317,1255.549706,1262.550925,1266.843975,1271.137025,1275.430075,1279.723125,1284.016175,1282.004163,1273.687087,1265.370013,1257.052937,1248.735862,1240.418788,1210.875272,1160.105317,1109.335361,1058.565406,1007.795450,957.025494,909.886754,866.379229,822.871704,779.364179,735.856654,692.349129,641.718028,583.963350,526.208672,468.453994,410.699317,352.944639,300.897622,254.558267,208.218911,161.879556,115.540200,69.200844,42.195236,34.523375,26.851514,19.179653,11.507792,3.835931,0.000000,0.000000,0.000000,0.000000,0.000000,0.000000,0.000000,0.000000,0.000000,0.000000,0.000000,0.000000,0.000000,0.000000,0.000000,0.000000,0.000000,0.000000,0.000000,0.000000,0.000000,0.000000,0.000000,0.000000,0.000000,0.000000,0.000000,0.000000,0.000000,0.000000
0.000000,0.000000,0.000000,0.000000,0.000000,0.000000,0.000000,0.000000,0.000000,0.000000,0.000000,0.000000,0.000000,0.000000,0.000000,0.000000,0.000000,0.000000,0.000000,0.000000,0.000000,0.000000,0.000000,0.000000,0.000000,0.000000,0.000000,0.000000,0.000000,0.000000,3.367056,10.101167,16.835278,23.569389,30.303500,37.037611,67.421961,121.456550,175.491139,229.525728,283.560317,337.594906,394.378783,453.911950,513.445117,572.978283,632.511450,692.044617,752.486415,813.836846,875.187276,936.537707,997.888137,1059.238568,1108.158564,1144.648125,1181.137686,1217.627247,1254.116808,1290.606369,1331.449558,1376.646375,1421.843192,1467.040008,1512.236825,1557.433642,1584.920740,1594.698121,1604.475501,1614.252882,1624.030263,1633.807643,1630.613879,1614.448971,1598.284062,1582.119154,1565.954246,1549.789338,1525.709956,1493.716100,1461.722244,1429.728389,1397.734533,1365.740678,1328.598843,1286.309029,1244.019215,1201.729401,1159.439588,1117.149774,1066.427489,1007.272733,948.117978,888.963222,829.808467,770.653711,711.864611,653.441167,595.017722,536.594278,478.170833,419.747389,361.405801,303.146071,244.886340,186.626610,128.366879,70.107149,37.562510,30.732962,23.903415,17.073868,10.244321,3.414774,0.000000,0.000000,0.000000,0.000000,0.000000,0.000000,0.000000,0.000000,0.000000,0.000000,0.000000,0.000000,0.000000,0.000000,0.000000,0.000000,0.000000,0.000000,0.000000,0.000000,0.000000,0.000000,0.000000,0.000000,0.000000,0.000000,0.000000,0.000000,0.000000,0.000000
0.000000,0.000000,0.000000,0.000000,0.000000,0.000000,0.000000,0.000000,0.000000,0.000000,0.000000,0.000000,0.000000,0.000000,0.000000,0.000000,0.000000,0.000000,0.000000,0.000000,0.000000,0.000000,0.000000,0.000000,0.000000,0.000000,0.000000,0.000000,0.000000,0.000000,2.670564,8.011692,13.352819,18.693947,24.035075,29.376203,55.431858,102.202042,148.972225,195.742408,242.512592,289.282775,341.549035,399.311371,457.073707,514.836043,572.598379,630.360715,678.597047,717.307375,756.017703,794.728031,833.438358,872.148686,904.002132,928.998696,953.995260,978.991824,1003.988388,1028.984951,1057.284885,1088.888187,1120.491490,1152.094793,1183.698096,1215.301399,1235.239424,1243.512171,1251.784918,1260.057665,1268.330413,1276.603160,1267.701356,1241.625000,1215.548644,1189.472289,1163.395933,1137.319578,1120.992192,1114.413775,1107.835358,1101.256942,1094.678525,1088.100108,1077.714894,1063.522883,1049.330872,1035.138861,1020.946850,1006.754839,975.038089,925.796600,876.555111,827.313622,778.072133,728.830644,680.017485,631.632654,583.247824,534.862993,486.478162,438.093332,382.421653,319.463125,256.504597,193.546069,130.587542,67.629014,33.137271,27.112313,21.087354,15.062396,9.037438,3.012479,0.000000,0.000000,0.000000,0.000000,0.000000,0.000000,0.000000,0.000000,0.000000,0.000000,0.000000,0.000000,0.000000,0.000000,0.000000,0.000000,0.000000,0.000000,0.000000,0.000000,0.000000,0.000000,0.000000,0.000000,0.000000,0.000000,0.000000,0.000000,0.000000,0.000000
0.000000,0.000000,0.000000,0.000000,0.000000,0.000000,0.000000,0.000000,0.000000,0.000000,0.000000,0.000000,0.000000,0.000000,0.000000,0.000000,0.000000,0.000000,0.000000,0.000000,0.000000,0.000000,0.000000,0.000000,0.000000,0.000000,0.000000,0.000000,0.000000,0.000000,2.842440,8.527321,14.212201,19.897082,25.581962,31.266843,63.625656,122.658400,181.691144,240.723889,299.756633,358.789378,421.120147,486.748942,552.377736,618.006531,683.635325,749.264119,806.094415,854.126212,902.158010,950.189807,998.221604,1046.253401,1086.606758,1119.281675,1151.956592,1184.631508,1217.306425,1249.981342,1262.847825,1255.905875,1248.963925,1242.021975,1235.080025,1228.138075,1226.808926,1231.092579,1235.376232,1239.659885,1243.943538,1248.227190,1247.561400,1241.946167,1236.330933,1230.715700,1225.100467,1219.485233,1195.075433,1151.871067,1108.666700,1065.462333,1022.257967,979.053600,946.582426,924.844446,903.106465,881.368485,859.630504,837.892524,811.686861,781.013517,750.340172,719.666828,688.993483,658.320139,609.308879,541.959704,474.610529,407.261354,339.912179,272.563004,221.227994,185.907150,150.586306,115.265461,79.944617,44.623772,24.716404,20.222513,15.728621,11.234729,6.740838,2.246946,0.000000,0.000000,0.000000,0.000000,0.000000,0.000000,0.000000,0.000000,0.000000,0.000000,0.000000,0.000000,0.000000,0.000000,0.000000,0.000000,0.000000,0.000000,0.000000,0.000000,0.000000,0.000000,0.000000,0.000000,0.000000,0.000000,0.000000,0.000000,0.000000,0.000000
0.000000,0.000000,0.000000,0.000000,0.000000,0.000000,0.000000,0.000000,0.000000,0.000000,0.000000,0.000000,0.000000,0.000000,0.000000,0.000000,0.000000,0.000000,0.000000,0.000000,0.000000,0.000000,0.000000,0.000000,0.000000,0.000000,0.000000,0.000000,0.000000,0.000000,2.020237,6.060713,10.101188,14.141662,18.182137,22.222613,46.819990,91.974271,137.128551,182.282832,227.437113,272.591393,325.900739,387.365150,448.829561,510.293972,571.758383,633.222794,696.407010,761.311029,826.215049,891.119068,956.023088,1020.927107,1081.993585,1139.222521,1196.451457,1253.680393,1310.909329,1368.138265,1404.366892,1419.595208,1434.823525,1450.051842,1465.280158,1480.508475,1495.580736,1510.496942,1525.413147,1540.329353,1555.245558,1570.161764,1580.563307,1586.450187,1592.337068,1598.223949,1604.110829,1609.997710,1591.008033,1547.141800,1503.275567,1459.409333,1415.543100,1371.676867,1323.667661,1271.515483,1219.363306,1167.211128,1115.058950,1062.906772,1001.295668,930.225638,859.155607,788.085576,717.015546,645.945515,585.816221,536.627663,487.439104,438.250546,389.061987,339.873429,291.131301,242.835604,194.539907,146.244210,97.948512,49.652815,23.379553,19.128725,14.877897,10.627069,6.376242,2.125414,0.000000,0.000000,0.000000,0.000000,0.000000,0.000000,0.000000,0.000000,0.000000,0.000000,0.000000,0.000000,0.000000,0.000000,0.000000,0.000000,0.000000,0.000000,0.000000,0.000000,0.000000,0.000000,0.000000,0.000000,0.000000,0.000000,0.000000,0.000000,0.000000,0.000000
0.000000,0.000000,0.000000,0.000000,0.000000,0.000000,0.000000,0.000000,0.000000,0.000000,0.000000,0.000000,0.000000,0.000000,0.000000,0.000000,0.000000,0.000000,0.000000,0.000000,0.000000,0.000000,0.000000,0.000000,0.000000,0.000000,0.000000,0.000000,0.000000,0.000000,1.903049,5.709146,9.515243,13.321340,17.127437,20.933535,46.121575,92.691558,139.261542,185.831525,232.401508,278.971492,335.640669,402.409042,469.177414,535.945786,602.714158,669.482531,735.525974,800.844488,866.163001,931.481515,996.800029,1062.118543,1121.642150,1175.370850,1229.099550,1282.828250,1336.556950,1390.285650,1433.366146,1465.798437,1498.230729,1530.663021,1563.095312,1595.527604,1615.841146,1624.035938,1632.230729,1640.425521,1648.620312,1656.815104,1651.377649,1632.307946,1613.238243,1594.168540,1575.098837,1556.029135,1521.060172,1470.191950,1419.323728,1368.455506,1317.587283,1266.719061,1220.193787,1178.011462,1135.829138,1093.646812,1051.464488,1009.282163,962.756017,911.886050,861.016083,810.146117,759.276150,708.406183,651.051281,587.211442,523.371603,459.531764,395.691925,331.852086,276.997160,231.127146,185.257132,139.387118,93.517104,47.647090,22.652743,18.534063,14.415382,10.296701,6.178021,2.059340,0.000000,0.000000,0.000000,0.000000,0.000000,0.000000,0.000000,0.000000,0.000000,0.000000,0.000000,0.000000,0.000000,0.000000,0.000000,0.000000,0.000000,0.000000,0.000000,0.000000,0.000000,0.000000,0.000000,0.000000,0.000000,0.000000,0.000000,0.000000,0.000000,0.000000
0.000000,0.000000,0.000000,0.000000,0.000000,0.000000,0.000000,0.000000,0.000000,0.000000,0.000000,0.000000,0.000000,0.000000,0.000000,0.000000,0.000000,0.000000,0.000000,0.000000,0.000000,0.000000,0.000000,0.000000,0.000000,0.000000,0.000000,0.000000,0.000000,0.000000,1.443340,4.330021,7.216701,10.103382,12.990063,15.876743,38.591987,81.135796,123.679604,166.223412,208.767221,251.311029,293.855931,336.401925,378.947919,421.493914,464.039908,506.585903,543.997979,576.276138,608.554296,640.832454,673.110613,705.388771,736.775125,767.269675,797.764225,828.258775,858.753325,889.247875,938.223226,1005.679379,1073.135532,1140.591685,1208.047838,1275.503990,1299.305082,1279.451112,1259.597143,1239.743174,1219.889204,1200.035235,1194.354140,1202.845921,1211.337701,1219.829482,1228.321263,1236.813043,1233.411283,1218.115983,1202.820683,1187.525383,1172.230083,1156.934783,1130.673082,1093.444979,1056.216876,1018.988774,981.760671,944.532568,899.555354,846.829029,794.102704,741.376379,688.650054,635.923729,581.018822,523.935333,466.851844,409.768356,352.684867,295.601378,246.314492,204.824208,163.333925,121.843642,80.353358,38.863075,16.608106,13.588450,10.568794,7.549139,4.529483,1.509828,0.000000,0.000000,0.000000,0.000000,0.000000,0.000000,0.000000,0.000000,0.000000,0.000000,0.000000,0.000000,0.000000,0.000000,0.000000,0.000000,0.000000,0.000000,0.000000,0.000000,0.000000,0.000000,0.000000,0.000000,0.000000,0.000000,0.000000,0.000000,0.000000,0.000000
0.000000,0.000000,0.000000,0.000000,0.000000,0.000000,0.000000,0.000000,0.000000,0.000000,0.000000,0.000000,0.000000,0.000000,0.000000,0.000000,0.000000,0.000000,0.000000,0.000000,0.000000,0.000000,0.000000,0.000000,0.000000,0.000000,0.000000,0.000000,0.000000,0.000000,1.370485,4.111454,6.852424,9.593393,12.334362,15.075332,39.106775,84.428692,129.750608,175.072525,220.394442,265.716358,320.275350,384.071417,447.867483,511.663550,575.459617,639.255683,707.461868,780.078171,852.694474,925.310776,997.927079,1070.543382,1132.709739,1184.426150,1236.142561,1287.858972,1339.575383,1391.291794,1432.508333,1463.225000,1493.941667,1524.658333,1555.375000,1586.091667,1606.405208,1616.315625,1626.226042,1636.136458,1646.046875,1655.957292,1655.514507,1644.718521,1633.922535,1623.126549,1612.330563,1601.534576,1571.886276,1523.385662,1474.885049,1426.384435,1377.883821,1329.383207,1275.112961,1215.073083,1155.033206,1094.993328,1034.953450,974.913572,922.311622,877.147600,831.983578,786.819556,741.655533,696.491511,645.391208,588.354625,531.318042,474.281458,417.244875,360.208292,305.337847,252.633542,199.929236,147.224931,94.520625,41.816319,14.175486,11.598125,9.020764,6.443403,3.866042,1.288681,0.000000,0.000000,0.000000,0.000000,0.000000,0.000000,0.000000,0.000000,0.000000,0.000000,0.000000,0.000000,0.000000,0.000000,0.000000,0.000000,0.000000,0.000000,0.000000,0.000000,0.000000,0.000000,0.000000,0.000000,0.000000,0.000000,0.000000,0.000000,0.000000,0.000000
0.000000,0.000000,0.000000,0.000000,0.000000,0.000000,0.000000,0.000000,0.000000,0.000000,0.000000,0.000000,0.000000,0.000000,0.000000,0.000000,0.000000,0.000000,0.000000,0.000000,0.000000,0.000000,0.000000,0.000000,0.000000,0.000000,0.000000,0.000000,0.000000,0.000000,1.169787,3.509362,5.848938,8.188512,10.528087,12.867663,36.992181,82.901642,128.811103,174.720564,220.630025,266.539486,318.391772,376.186883,433.981994,491.777106,549.572217,607.367328,664.661228,721.453917,778.246606,835.039294,891.831983,948.624672,994.930121,1030.748329,1066.566537,1102.384746,1138.202954,1174.021162,1196.846975,1206.680392,1216.513808,1226.347225,1236.180642,1246.014058,1240.069376,1218.346596,1196.623815,1174.901035,1153.178254,1131.455474,1124.970256,1133.722600,1142.474944,1151.227289,1159.979633,1168.731978,1152.860168,1112.364204,1071.868240,1031.372276,990.876313,950.380349,910.309415,870.663512,831.017610,791.371707,751.725804,712.079901,682.446303,662.825008,643.203714,623.582419,603.961125,584.339831,556.950429,521.792921,486.635412,451.477904,416.320396,381.162887,334.650056,276.781900,218.913744,161.045589,103.177433,45.309278,15.010600,12.281400,9.552200,6.823000,4.093800,1.364600,0.000000,0.000000,0.000000,0.000000,0.000000,0.000000,0.000000,0.000000,0.000000,0.000000,0.000000,0.000000,0.000000,0.000000,0.000000,0.000000,0.000000,0.000000,0.000000,0.000000,0.000000,0.000000,0.000000,0.000000,0.000000,0.000000,0.000000,0.000000,0.000000,0.000000
0.000000,0.000000,0.000000,0.000000,0.000000,0.000000,0.000000,0.000000,0.000000,0.000000,0.000000,0.000000,0.000000,0.000000,0.000000,0.000000,0.000000,0.000000,0.000000,0.000000,0.000000,0.000000,0.000000,0.000000,0.000000,0.000000,0.000000,0.000000,0.000000,0.000000,0.792226,2.376679,3.961132,5.545585,7.130038,8.714490,32.859624,79.565437,126.271251,172.977065,219.682879,266.388693,321.914160,386.259279,450.604399,514.949518,579.294638,643.639757,695.761914,735.661108,775.560303,815.459497,855.358692,895.257886,931.409311,963.812967,996.216622,1028.620278,1061.023933,1093.427589,1131.561846,1175.426704,1219.291562,1263.156421,1307.021279,1350.886137,1387.749969,1417.612775,1447.475581,1477.338386,1507.201192,1537.063997,1542.607254,1523.830963,1505.054671,1486.278379,1467.502088,1448.725796,1399.544332,1319.957696,1240.371060,1160.784424,1081.197788,1001.611151,954.743407,940.594554,926.445701,912.296849,898.147996,883.999143,842.620711,774.012700,705.404689,636.796678,568.188667,499.580656,446.161235,407.930404,369.699574,331.468743,293.237912,255.007082,216.772940,178.535487,140.298035,102.060582,63.823129,25.585676,5.928038,4.850212,3.772387,2.694563,1.616737,0.538912,0.000000,0.000000,0.000000,0.000000,0.000000,0.000000,0.000000,0.000000,0.000000,0.000000,0.000000,0.000000,0.000000,0.000000,0.000000,0.000000,0.000000,0.000000,0.000000,0.000000,0.000000,0.000000,0.000000,0.000000,0.000000,0.000000,0.000000,0.000000,0.000000,0.000000
0.000000,0.000000,0.000000,0.000000,0.000000,0.000000,0.000000,0.000000,0.000000,0.000000,0.000000,0.000000,0.000000,0.000000,0.000000,0.000000,0.000000,0.000000,0.000000,0.000000,0.000000,0.000000,0.000000,0.000000,0.000000,0.000000,0.000000,0.000000,0.000000,0.000000,0.532946,1.598838,2.664729,3.730621,4.796513,5.862404,30.990900,80.182000,129.373100,178.564200,227.755300,276.946400,334.784096,401.268388,467.752679,534.236971,600.721263,667.205554,724.060007,771.284621,818.509235,865.733849,912.958462,960.183076,1010.207424,1063.031504,1115.855585,1168.679665,1221.503746,1274.327826,1325.799044,1375.917400,1426.035756,1476.154111,1526.272467,1576.390822,1606.405208,1616.315625,1626.226042,1636.136458,1646.046875,1655.957292,1639.383426,1596.325279,1553.267132,1510.208985,1467.150838,1424.092690,1397.334357,1386.875837,1376.417318,1365.958799,1355.500279,1345.041760,1306.689750,1240.444250,1174.198750,1107.953250,1041.707750,975.462250,915.786850,862.681550,809.576250,756.470950,703.365650,650.260350,598.698025,548.678675,498.659325,448.639975,398.620625,348.601275,297.174540,244.340421,191.506301,138.672182,85.838063,33.003943,6.037976,4.940162,3.842349,2.744535,1.646721,0.548907,0.000000,0.000000,0.000000,0.000000,0.000000,0.000000,0.000000,0.000000,0.000000,0.000000,0.000000,0.000000,0.000000,0.000000,0.000000,0.000000,0.000000,0.000000,0.000000,0.000000,0.000000,0.000000,0.000000,0.000000,0.000000,0.000000,0.000000,0.000000,0.000000,0.000000
0.000000,0.000000,0.000000,0.000000,0.000000,0.000000,0.000000,0.000000,0.000000,0.000000,0.000000,0.000000,0.000000,0.000000,0.000000,0.000000,0.000000,0.000000,0.000000,0.000000,0.000000,0.000000,0.000000,0.000000,0.000000,0.000000,0.000000,0.000000,0.000000,0.000000,0.286319,0.858958,1.431597,2.004236,2.576875,3.149514,30.396132,84.316729,138.237326,192.157924,246.078521,299.999118,353.189861,405.650750,458.111639,510.572528,563.033417,615.494306,668.078976,720.787429,773.495882,826.204335,878.912787,931.621240,977.428139,1016.333483,1055.238828,1094.144172,1133.049517,1171.954861,1200.920692,1219.947008,1238.973325,1257.999642,1277.025958,1296.052275,1300.274994,1289.694117,1279.113239,1268.532361,1257.951483,1247.370606,1254.531274,1279.433487,1304.335701,1329.237915,1354.140129,1379.042343,1377.102610,1348.320929,1319.539249,1290.757568,1261.975887,1233.194207,1197.427022,1154.674333,1111.921644,1069.168956,1026.416267,983.663578,928.584412,861.178771,793.773129,726.367487,658.961846,591.556204,531.709557,479.421904,427.134251,374.846599,322.558946,270.271293,224.004875,183.759692,143.514508,103.269325,63.024142,22.778958,2.435003,1.992275,1.549547,1.106819,0.664092,0.221364,0.000000,0.000000,0.000000,0.000000,0.000000,0.000000,0.000000,0.000000,0.000000,0.000000,0.000000,0.000000,0.000000,0.000000,0.000000,0.000000,0.000000,0.000000,0.000000,0.000000,0.000000,0.000000,0.000000,0.000000,0.000000,0.000000,0.000000,0.000000,0.000000,0.000000
0.000000,0.000000,0.000000,0.000000,0.000000,0.000000,0.000000,0.000000,0.000000,0.000000,0.000000,0.000000,0.000000,0.000000,0.000000,0.000000,0.000000,0.000000,0.000000,0.000000,0.000000,0.000000,0.000000,0.000000,0.000000,0.000000,0.000000,0.000000,0.000000,0.000000,0.084615,0.253846,0.423076,0.592307,0.761537,0.930768,24.189811,70.538667,116.887522,163.236378,209.585233,255.934089,310.945411,374.619200,438.292989,501.966778,565.640567,629.314356,685.449079,734.044737,782.640396,831.236054,879.831712,928.427371,986.032093,1052.645879,1119.259665,1185.873451,1252.487237,1319.101024,1370.009914,1405.213908,1440.417903,1475.621897,1510.825892,1546.029886,1558.896315,1549.425179,1539.954043,1530.482907,1521.011771,1511.540635,1504.335261,1499.395650,1494.456039,1489.516428,1484.576817,1479.637206,1441.336324,1369.674171,1298.012018,1226.349865,1154.687713,1083.025560,1031.141626,999.035912,966.930199,934.824485,902.718771,870.613057,828.955849,777.747146,726.538443,675.329740,624.121038,572.912335,522.361751,472.469288,422.576824,372.684360,322.791896,272.899432,227.372832,186.212096,145.051360,103.890624,62.729888,21.569151,0.906385,0.741587,0.576790,0.411993,0.247196,0.082399,0.000000,0.000000,0.000000,0.000000,0.000000,0.000000,0.000000,0.000000,0.000000,0.000000,0.000000,0.000000,0.000000,0.000000,0.000000,0.000000,0.000000,0.000000,0.000000,0.000000,0.000000,0.000000,0.000000,0.000000,0.000000,0.000000,0.000000,0.000000,0.000000,0.000000
0.000000,0.000000,0.000000,0.000000,0.000000,0.000000,0.000000,0.000000,0.000000,0.000000,0.000000,0.000000,0.000000,0.000000,0.000000,0.000000,0.000000,0.000000,0.000000,0.000000,0.000000,0.000000,0.000000,0.000000,0.000000,0.000000,0.000000,0.000000,0.000000,0.000000,0.000000,0.000000,0.000000,0.000000,0.000000,0.000000,21.056043,63.168129,105.280215,147.392301,189.504388,231.616474,278.749985,330.904921,383.059857,435.214793,487.369729,539.524665,604.520300,682.356633,760.192967,838.029300,915.865633,993.701967,1040.143158,1055.189208,1070.235258,1085.281308,1100.327358,1115.373408,1134.268432,1157.012429,1179.756426,1202.500424,1225.244421,1247.988418,1260.796754,1263.669429,1266.542104,1269.414779,1272.287454,1275.160129,1292.979425,1325.745342,1358.511258,1391.277175,1424.043092,1456.809008,1440.791593,1375.990846,1311.190099,1246.389351,1181.588604,1116.787857,1074.576881,1054.955675,1035.334469,1015.713264,996.092058,976.470853,937.926668,880.459504,822.992340,765.525176,708.058013,650.590849,592.057233,532.457167,472.857100,413.257033,353.656967,294.056900,242.235461,198.192650,154.149839,110.107028,66.064217,22.021406,0.000000,0.000000,0.000000,0.000000,0.000000,0.000000,0.000000,0.000000,0.000000,0.000000,0.000000,0.000000,0.000000,0.000000,0.000000,0.000000,0.000000,0.000000,0.000000,0.000000,0.000000,0.000000,0.000000,0.000000,0.000000,0.000000,0.000000,0.000000,0.000000,0.000000,0.000000,0.000000,0.000000,0.000000,0.000000,0.000000
0.000000,0.000000,0.000000,0.000000,0.000000,0.000000,0.000000,0.000000,0.000000,0.000000,0.000000,0.000000,0.000000,0.000000,0.000000,0.000000,0.000000,0.000000,0.000000,0.000000,0.000000,0.000000,0.000000,0.000000,0.000000,0.000000,0.000000,0.000000,0.000000,0.000000,0.000000,0.000000,0.000000,0.000000,0.000000,0.000000,24.054354,72.163063,120.271771,168.380479,216.489187,264.597896,318.112911,377.034233,435.955556,494.876878,553.798200,612.719522,670.759908,727.919358,785.078808,842.238258,899.397708,956.557158,1009.606692,1058.546308,1107.485925,1156.425542,1205.365158,1254.304775,1279.571900,1281.166533,1282.761167,1284.355800,1285.950433,1287.545067,1291.165968,1296.813138,1302.460307,1308.107476,1313.754646,1319.401815,1311.931187,1291.342762,1270.754338,1250.165912,1229.577487,1208.989063,1183.790699,1153.982396,1124.174093,1094.365790,1064.557487,1034.749185,986.947275,921.151758,855.356242,789.560725,723.765208,657.969692,606.113522,568.196700,530.279878,492.363056,454.446233,416.529411,378.947644,341.700933,304.454222,267.207511,229.960800,192.714089,159.583172,130.568050,101.552928,72.537806,43.522683,14.507561,0.000000,0.000000,0.000000,0.000000,0.000000,0.000000,0.000000,0.000000,0.000000,0.000000,0.000000,0.000000,0.000000,0.000000,0.000000,0.000000,0.000000,0.000000,0.000000,0.000000,0.000000,0.000000,0.000000,0.000000,0.000000,0.000000,0.000000,0.000000,0.000000,0.000000,0.000000,0.000000,0.000000,0.000000,0.000000,0.000000
0.000000,0.000000,0.000000,0.000000,0.000000,0.000000,0.000000,0.000000,0.000000,0.000000,0.000000,0.000000,0.000000,0.000000,0.000000,0.000000,0.000000,0.000000,0.000000,0.000000,0.000000,0.000000,0.000000,0.000000,0.000000,0.000000,0.000000,0.000000,0.000000,0.000000,0.000000,0.000000,0.000000,0.000000,0.000000,0.000000,21.629754,64.889263,108.148771,151.408279,194.667788,237.927296,290.573856,352.607467,414.641078,476.674689,538.708300,600.741911,657.898803,710.178975,762.459147,814.739319,867.019492,919.299664,959.640951,988.043354,1016.445757,1044.848160,1073.250563,1101.652965,1120.639969,1130.211575,1139.783181,1149.354786,1158.926392,1168.497997,1196.922357,1244.199471,1291.476585,1338.753699,1386.030813,1433.307926,1443.975796,1418.034421,1392.093046,1366.151671,1340.210296,1314.268921,1287.299978,1259.303467,1231.306956,1203.310444,1175.313933,1147.317422,1099.139386,1030.779825,962.420264,894.060703,825.701142,757.341581,707.399135,675.873804,644.348474,612.823143,581.297812,549.772482,507.400519,454.181925,400.963331,347.744736,294.526142,241.307547,196.806729,161.023687,125.240646,89.457604,53.674563,17.891521,0.000000,0.000000,0.000000,0.000000,0.000000,0.000000,0.000000,0.000000,0.000000,0.000000,0.000000,0.000000,0.000000,0.000000,0.000000,0.000000,0.000000,0.000000,0.000000,0.000000,0.000000,0.000000,0.000000,0.000000,0.000000,0.000000,0.000000,0.000000,0.000000,0.000000,0.000000,0.000000,0.000000,0.000000,0.000000,0.000000
0.000000,0.000000,0.000000,0.000000,0.000000,0.000000,0.000000,0.000000,0.000000,0.000000,0.000000,0.000000,0.000000,0.000000,0.000000,0.000000,0.000000,0.000000,0.000000,0.000000,0.000000,0.000000,0.000000,0.000000,0.000000,0.000000,0.000000,0.000000,0.000000,0.000000,0.000000,0.000000,0.000000,0.000000,0.000000,0.000000,20.265250,60.795750,101.326250,141.856750,182.387250,222.917750,268.350431,318.685292,369.020153,419.355014,469.689875,520.024736,573.969499,631.524162,689.078826,746.633490,804.188154,861.742818,924.303793,991.871079,1059.438365,1127.005651,1194.572938,1262.140224,1320.893368,1370.832371,1420.771374,1470.710376,1520.649379,1570.588382,1600.778778,1611.220567,1621.662356,1632.104144,1642.545933,1652.987722,1655.627169,1650.464275,1645.301381,1640.138486,1634.975592,1629.812697,1602.117188,1551.889063,1501.660938,1451.432812,1401.204687,1350.976563,1300.316667,1249.225000,1198.133333,1147.041667,1095.950000,1044.858333,992.061979,937.560938,883.059896,828.558854,774.057812,719.556771,660.941771,598.212812,535.483854,472.754896,410.025938,347.296979,289.604792,236.949375,184.293958,131.638542,78.983125,26.327708,0.000000,0.000000,0.000000,0.000000,0.000000,0.000000,0.000000,0.000000,0.000000,0.000000,0.000000,0.000000,0.000000,0.000000,0.000000,0.000000,0.000000,0.000000,0.000000,0.000000,0.000000,0.000000,0.000000,0.000000,0.000000,0.000000,0.000000,0.000000,0.000000,0.000000,0.000000,0.000000,0.000000,0.000000,0.000000,0.000000
0.000000,0.000000,0.000000,0.000000,0.000000,0.000000,0.000000,0.000000,0.000000,0.000000,0.000000,0.000000,0.000000,0.000000,0.000000,0.000000,0.000000,0.000000,0.000000,0.000000,0.000000,0.000000,0.000000,0.000000,0.000000,0.000000,0.000000,0.000000,0.000000,0.000000,0.000000,0.000000,0.000000,0.000000,0.000000,0.000000,22.589282,67.767846,112.946410,158.124974,203.303538,248.482101,298.093937,352.139046,406.184154,460.229262,514.274371,568.319479,620.912067,672.052133,723.192200,774.332267,825.472333,876.612400,922.367007,962.736154,1003.105301,1043.474449,1083.843596,1124.212743,1163.817689,1202.658433,1241.499178,1280.339922,1319.180667,1358.021411,1370.110004,1355.446446,1340.782888,1326.119329,1311.455771,1296.792213,1295.604719,1307.893292,1320.181864,1332.470436,1344.759008,1357.047581,1358.219044,1348.273400,1338.327756,1328.382111,1318.436467,1308.490822,1279.834208,1232.466625,1185.099042,1137.731458,1090.363875,1042.996292,977.340604,893.396813,809.453021,725.509229,641.565438,557.621646,492.410865,445.933096,399.455326,352.977557,306.499787,260.022018,217.051206,177.587350,138.123494,98.659639,59.195783,19.731928,0.000000,0.000000,0.000000,0.000000,0.000000,0.000000,0.000000,0.000000,0.000000,0.000000,0.000000,0.000000,0.000000,0.000000,0.000000,0.000000,0.000000,0.000000,0.000000,0.000000,0.000000,0.000000,0.000000,0.000000,0.000000,0.000000,0.000000,0.000000,0.000000,0.000000,0.000000,0.000000,0.000000,0.000000,0.000000,0.000000
0.000000,0.000000,0.000000,0.000000,0.000000,0.000000,0.000000,0.000000,0.000000,0.000000,0.000000,0.000000,0.000000,0.000000,0.000000,0.000000,0.000000,0.000000,0.000000,0.000000,0.000000,0.000000,0.000000,0.000000,0.000000,0.000000,0.000000,0.000000,0.000000,0.000000,0.000000,0.000000,0.000000,0.000000,0.000000,0.000000,21.341771,64.025312,106.708854,149.392396,192.075938,234.759479,285.301850,343.703050,402.104250,460.505450,518.906650,577.307850,622.497642,654.476025,686.454408,718.432792,750.411175,782.389558,818.062622,857.430367,896.798111,936.165856,975.533600,1014.901344,1047.857708,1074.402692,1100.947675,1127.492658,1154.037642,1180.582625,1200.060842,1212.472292,1224.883742,1237.295192,1249.706642,1262.118092,1260.474281,1244.775208,1229.076136,1213.377064,1197.677992,1181.978919,1160.436026,1133.049313,1105.662599,1078.275885,1050.889171,1023.502457,983.725056,931.556967,879.388878,827.220789,775.052700,722.884611,676.690735,636.471071,596.251407,556.031743,515.812079,475.592415,434.681811,393.080267,351.478722,309.877178,268.275633,226.674089,188.717207,154.404988,120.092768,85.780549,51.468329,17.156110,0.000000,0.000000,0.000000,0.000000,0.000000,0.000000,0.000000,0.000000,0.000000,0.000000,0.000000,0.000000,0.000000,0.000000,0.000000,0.000000,0.000000,0.000000,0.000000,0.000000,0.000000,0.000000,0.000000,0.000000,0.000000,0.000000,0.000000,0.000000,0.000000,0.000000,0.000000,0.000000,0.000000,0.000000,0.000000,0.000000
0.000000,0.000000,0.000000,0.000000,0.000000,0.000000,0.000000,0.000000,0.000000,0.000000,0.000000,0.000000,0.000000,0.000000,0.000000,0.000000,0.000000,0.000000,0.000000,0.000000,0.000000,0.000000,0.000000,0.000000,0.000000,0.000000,0.000000,0.000000,0.000000,0.000000,0.000000,0.000000,0.000000,0.000000,0.000000,0.000000,20.408429,61.225288,102.042146,142.859004,183.675862,224.492721,278.377479,345.330138,412.282796,479.235454,546.188112,613.140771,682.454847,754.130342,825.805836,897.481331,969.156825,1040.832319,1105.803811,1164.071300,1222.338789,1280.606278,1338.873767,1397.141256,1428.457739,1432.823217,1437.188694,1441.554172,1445.919650,1450.285128,1455.230682,1460.756312,1466.281943,1471.807574,1477.333204,1482.858835,1489.873367,1498.376800,1506.880233,1515.383667,1523.887100,1532.390533,1518.831235,1483.209204,1447.587174,1411.965143,1376.343112,1340.721082,1283.905531,1205.896458,1127.887386,1049.878314,971.869242,893.860169,830.744379,782.521871,734.299363,686.076854,637.854346,589.631838,539.837444,488.471167,437.104889,385.738611,334.372333,283.006056,235.879340,192.992188,150.105035,107.217882,64.330729,21.443576,0.000000,0.000000,0.000000,0.000000,0.000000,0.000000,0.000000,0.000000,0.000000,0.000000,0.000000,0.000000,0.000000,0.000000,0.000000,0.000000,0.000000,0.000000,0.000000,0.000000,0.000000,0.000000,0.000000,0.000000,0.000000,0.000000,0.000000,0.000000,0.000000,0.000000,0.000000,0.000000,0.000000,0.000000,0.000000,0.000000
0.000000,0.000000,0.000000,0.000000,0.000000,0.000000,0.000000,0.000000,0.000000,0.000000,0.000000,0.000000,0.000000,0.000000,0.000000,0.000000,0.000000,0.000000,0.000000,0.000000,0.000000,0.000000,0.000000,0.000000,0.000000,0.000000,0.000000,0.000000,0.000000,0.000000,0.000000,0.000000,0.000000,0.000000,0.000000,0.000000,20.394760,61.184279,101.973799,142.763318,183.552838,224.342357,273.241344,330.249800,387.258256,444.266711,501.275167,558.283622,613.203388,666.034463,718.865537,771.696613,824.527687,877.358762,916.866861,943.051983,969.237106,995.422228,1021.607350,1047.792472,1083.148842,1127.676458,1172.204075,1216.731692,1261.259308,1305.786925,1344.072753,1376.116792,1408.160831,1440.204869,1472.248908,1504.292947,1495.534708,1445.974192,1396.413675,1346.853158,1297.292642,1247.732125,1219.041049,1211.219412,1203.397776,1195.576140,1187.754504,1179.932868,1162.962921,1136.844662,1110.726404,1084.608146,1058.489888,1032.371629,989.770558,930.686675,871.602792,812.518908,753.435025,694.351142,628.870221,556.992263,485.114304,413.236346,341.358387,269.480429,214.079663,175.156088,136.232512,97.308938,58.385363,19.461787,0.000000,0.000000,0.000000,0.000000,0.000000,0.000000,0.000000,0.000000,0.000000,0.000000,0.000000,0.000000,0.000000,0.000000,0.000000,0.000000,0.000000,0.000000,0.000000,0.000000,0.000000,0.000000,0.000000,0.000000,0.000000,0.000000,0.000000,0.000000,0.000000,0.000000,0.000000,0.000000,0.000000,0.000000,0.000000,0.000000
0.000000,0.000000,0.000000,0.000000,0.000000,0.000000,0.000000,0.000000,0.000000,0.000000,0.000000,0.000000,0.000000,0.000000,0.000000,0.000000,0.000000,0.000000,0.000000,0.000000,0.000000,0.000000,0.000000,0.000000,0.000000,0.000000,0.000000,0.000000,0.000000,0.000000,0.000000,0.000000,0.000000,0.000000,0.000000,0.000000,19.606358,58.819075,98.031792,137.244508,176.457225,215.669942,262.905235,318.163104,373.420974,428.678843,483.936713,539.194582,591.912735,642.091171,692.269607,742.448043,792.626479,842.804915,890.473290,935.631604,980.789918,1025.948232,1071.106546,1116.264860,1154.904994,1187.026950,1219.148906,1251.270861,1283.392817,1315.514772,1338.927757,1353.631771,1368.335785,1383.039799,1397.743813,1412.447826,1405.297044,1376.291467,1347.285889,1318.280311,1289.274733,1260.269156,1234.898572,1213.162983,1191.427394,1169.691806,1147.956217,1126.220628,1092.717679,1047.447371,1002.177063,956.906754,911.636446,866.366138,809.589564,741.306725,673.023886,604.741047,536.458208,468.175369,411.287407,365.794321,320.301235,274.808149,229.315062,183.821976,147.652481,120.806575,93.960669,67.114764,40.268858,13.422953,0.000000,0.000000,0.000000,0.000000,0.000000,0.000000,0.000000,0.000000,0.000000,0.000000,0.000000,0.000000,0.000000,0.000000,0.000000,0.000000,0.000000,0.000000,0.000000,0.000000,0.000000,0.000000,0.000000,0.000000,0.000000,0.000000,0.000000,0.000000,0.000000,0.000000,0.000000,0.000000,0.000000,0.000000,0.000000,0.000000
0.000000,0.000000,0.000000,0.000000,0.000000,0.000000,0.000000,0.000000,0.000000,0.000000,0.000000,0.000000,0.000000,0.000000,0.000000,0.000000,0.000000,0.000000,0.000000,0.000000,0.000000,0.000000,0.000000,0.000000,0.000000,0.000000,0.000000,0.000000,0.000000,0.000000,0.000000,0.000000,0.000000,0.000000,0.000000,0.000000,17.659854,52.979562,88.299271,123.618979,158.938687,194.258396,245.207411,311.785733,378.364056,444.942378,511.520700,578.099022,641.610338,702.054646,762.498954,822.943263,883.387571,943.831879,993.884979,1033.546871,1073.208762,1112.870654,1152.532546,1192.194437,1234.440293,1279.270113,1324.099932,1368.929751,1413.759571,1458.589390,1493.918235,1519.746104,1545.573974,1571.401843,1597.229713,1623.057582,1604.876896,1542.687654,1480.498413,1418.309171,1356.119929,1293.930688,1232.979439,1173.266183,1113.552928,1053.839672,994.126417,934.413161,892.971693,869.802012,846.632332,823.462651,800.292971,777.123290,737.494804,681.407513,625.320221,569.232929,513.145638,457.058346,406.694319,362.053558,317.412797,272.772036,228.131275,183.490514,147.739289,120.877600,94.015911,67.154222,40.292533,13.430844,0.000000,0.000000,0.000000,0.000000,0.000000,0.000000,0.000000,0.000000,0.000000,0.000000,0.000000,0.000000,0.000000,0.000000,0.000000,0.000000,0.000000,0.000000,0.000000,0.000000,0.000000,0.000000,0.000000,0.000000,0.000000,0.000000,0.000000,0.000000,0.000000,0.000000,0.000000,0.000000,0.000000,0.000000,0.000000,0.000000
0.000000,0.000000,0.000000,0.000000,0.000000,0.000000,0.000000,0.000000,0.000000,0.000000,0.000000,0.000000,0.000000,0.000000,0.000000,0.000000,0.000000,0.000000,0.000000,0.000000,0.000000,0.000000,0.000000,0.000000,0.000000,0.000000,0.000000,0.000000,0.000000,0.000000,0.000000,0.000000,0.000000,0.000000,0.000000,0.000000,22.062892,66.188675,110.314458,154.440242,198.566025,242.691808,297.200318,362.091554,426.982790,491.874026,556.765262,621.656499,689.691524,760.870338,832.049151,903.227965,974.406779,1045.585593,1102.411950,1144.885850,1187.359750,1229.833650,1272.307550,1314.781450,1345.124714,1363.337342,1381.549969,1399.762597,1417.975225,1436.187853,1442.641861,1437.337250,1432.032639,1426.728028,1421.423417,1416.118806,1398.433608,1368.367825,1338.302042,1308.236258,1278.170475,1248.104692,1220.135754,1194.263663,1168.391571,1142.519479,1116.647387,1090.775296,1059.092992,1021.600475,984.107958,946.615442,909.122925,871.630408,831.540290,788.852571,746.164851,703.477132,660.789413,618.101693,567.679940,509.524154,451.368368,393.212582,335.056796,276.901010,227.171190,185.867337,144.563485,103.259632,61.955779,20.651926,0.000000,0.000000,0.000000,0.000000,0.000000,0.000000,0.000000,0.000000,0.000000,0.000000,0.000000,0.000000,0.000000,0.000000,0.000000,0.000000,0.000000,0.000000,0.000000,0.000000,0.000000,0.000000,0.000000,0.000000,0.000000,0.000000,0.000000,0.000000,0.000000,0.000000,0.000000,0.000000,0.000000,0.000000,0.000000,0.000000
0.000000,0.000000,0.000000,0.000000,0.000000,0.000000,0.000000,0.000000,0.000000,0.000000,0.000000,0.000000,0.000000,0.000000,0.000000,0.000000,0.000000,0.000000,0.000000,0.000000,0.000000,0.000000,0.000000,0.000000,0.000000,0.000000,0.000000,0.000000,0.000000,0.000000,0.000000,0.000000,0.000000,0.000000,0.000000,0.000000,21.128261,63.384783,105.641306,147.897828,190.154350,232.410872,280.996960,335.912612,390.828265,445.743918,500.659571,555.575224,606.393483,653.114350,699.835217,746.556083,793.276950,839.997817,874.873419,897.903758,920.934097,943.964436,966.994775,990.025114,1020.524982,1058.494379,1096.463776,1134.433174,1172.402571,1210.371968,1241.476669,1265.716675,1289.956681,1314.196686,1338.436692,1362.676697,1368.570607,1356.118421,1343.666235,1331.214049,1318.761863,1306.309676,1273.679111,1220.870167,1168.061222,1115.252278,1062.443333,1009.634389,966.250704,932.292279,898.333854,864.375429,830.417004,796.458579,753.471212,701.454904,649.438596,597.422287,545.405979,493.389671,445.713339,402.376983,359.040628,315.704272,272.367917,229.031561,190.083101,155.522537,120.961974,86.401410,51.840846,17.280282,0.000000,0.000000,0.000000,0.000000,0.000000,0.000000,0.000000,0.000000,0.000000,0.000000,0.000000,0.000000,0.000000,0.000000,0.000000,0.000000,0.000000,0.000000,0.000000,0.000000,0.000000,0.000000,0.000000,0.000000,0.000000,0.000000,0.000000,0.000000,0.000000,0.000000,0.000000,0.000000,0.000000,0.000000,0.000000,0.000000
0.000000,0.000000,0.000000,0.000000,0.000000,0.000000,0.000000,0.000000,0.000000,0.000000,0.000000,0.000000,0.000000,0.000000,0.000000,0.000000,0.000000,0.000000,0.000000,0.000000,0.000000,0.000000,0.000000,0.000000,0.000000,0.000000,0.000000,0.000000,0.000000,0.000000,0.000000,0.000000,0.000000,0.000000,0.000000,0.000000,21.039281,63.117842,105.196403,147.274964,189.353525,231.432086,285.976878,352.987900,419.998922,487.009944,554.020967,621.031989,682.366774,738.025321,793.683868,849.342415,905.000962,960.659510,1010.273361,1053.842517,1097.411672,1140.980828,1184.549983,1228.119139,1262.084736,1286.446775,1310.808814,1335.170853,1359.532892,1383.894931,1398.684401,1403.901304,1409.118207,1414.335110,1419.552013,1424.768915,1425.737386,1422.457425,1419.177464,1415.897503,1412.617542,1409.337581,1388.336807,1349.615221,1310.893635,1272.172049,1233.450462,1194.728876,1158.093221,1123.543496,1088.993771,1054.444046,1019.894321,985.344596,943.002985,892.869487,842.735990,792.602493,742.468996,692.335499,634.742404,569.689713,504.637021,439.584329,374.531637,309.478946,253.873217,207.714450,161.555683,115.396917,69.238150,23.079383,0.000000,0.000000,0.000000,0.000000,0.000000,0.000000,0.000000,0.000000,0.000000,0.000000,0.000000,0.000000,0.000000,0.000000,0.000000,0.000000,0.000000,0.000000,0.000000,0.000000,0.000000,0.000000,0.000000,0.000000,0.000000,0.000000,0.000000,0.000000,0.000000,0.000000,0.000000,0.000000,0.000000,0.000000,0.000000,0.000000
0.000000,0.000000,0.000000,0.000000,0.000000,0.000000,0.000000,0.000000,0.000000,0.000000,0.000000,0.000000,0.000000,0.000000,0.000000,0.000000,0.000000,0.000000,0.000000,0.000000,0.000000,0.000000,0.000000,0.000000,0.000000,0.000000,0.000000,0.000000,0.000000,0.000000,0.000000,0.000000,0.000000,0.000000,0.000000,0.000000,18.719751,56.159254,93.598757,131.038260,168.477763,205.917265,248.046842,294.866492,341.686142,388.505792,435.325442,482.145092,525.851963,566.446054,607.040146,647.634238,688.228329,728.822421,767.774590,805.084838,842.395085,879.705332,917.015579,954.325826,979.489399,992.506296,1005.523193,1018.540090,1031.556987,1044.573885,1063.064208,1087.027958,1110.991708,1134.955458,1158.919208,1182.882958,1190.285194,1181.125917,1171.966639,1162.807361,1153.648083,1144.488806,1127.492028,1102.657750,1077.823472,1052.989194,1028.154917,1003.320639,975.778903,945.529708,915.280514,885.031319,854.782125,824.532931,784.401951,734.389187,684.376424,634.363660,584.350896,534.338132,484.452428,434.693783,384.935139,335.176494,285.417850,235.659206,193.214893,158.084913,122.954932,87.824951,52.694971,17.564990,0.000000,0.000000,0.000000,0.000000,0.000000,0.000000,0.000000,0.000000,0.000000,0.000000,0.000000,0.000000,0.000000,0.000000,0.000000,0.000000,0.000000,0.000000,0.000000,0.000000,0.000000,0.000000,0.000000,0.000000,0.000000,0.000000,0.000000,0.000000,0.000000,0.000000,0.000000,0.000000,0.000000,0.000000,0.000000,0.000000
0.000000,0.000000,0.000000,0.000000,0.000000,0.000000,0.000000,0.000000,0.000000,0.000000,0.000000,0.000000,0.000000,0.000000,0.000000,0.000000,0.000000,0.000000,0.000000,0.000000,0.000000,0.000000,0.000000,0.000000,0.000000,0.000000,0.000000,0.000000,0.000000,0.000000,0.000000,0.000000,0.000000,0.000000,0.000000,0.000000,18.479232,55.437696,92.396160,129.354624,166.313087,203.271551,245.016118,291.546787,338.077457,384.608126,431.138796,477.669465,532.535736,595.737608,658.939481,722.141353,785.343225,848.545097,888.330949,904.700779,921.070610,937.440440,953.810271,970.180101,994.502253,1026.776725,1059.051197,1091.325669,1123.600142,1155.874614,1173.084354,1175.229362,1177.374371,1179.519379,1181.664387,1183.809396,1198.488362,1225.701288,1252.914212,1280.127138,1307.340062,1334.552987,1326.132301,1282.078004,1238.023707,1193.969410,1149.915113,1105.860815,1072.512432,1049.869963,1027.227493,1004.585024,981.942554,959.300085,919.773765,863.363596,806.953426,750.543257,694.133087,637.722918,577.817678,514.417367,451.017056,387.616744,324.216433,260.816122,210.022969,171.836975,133.650981,95.464986,57.278992,19.092997,0.000000,0.000000,0.000000,0.000000,0.000000,0.000000,0.000000,0.000000,0.000000,0.000000,0.000000,0.000000,0.000000,0.000000,0.000000,0.000000,0.000000,0.000000,0.000000,0.000000,0.000000,0.000000,0.000000,0.000000,0.000000,0.000000,0.000000,0.000000,0.000000,0.000000,0.000000,0.000000,0.000000,0.000000,0.000000,0.000000
0.000000,0.000000,0.000000,0.000000,0.000000,0.000000,0.000000,0.000000,0.000000,0.000000,0.000000,0.000000,0.000000,0.000000,0.000000,0.000000,0.000000,0.000000,0.000000,0.000000,0.000000,0.000000,0.000000,0.000000,0.000000,0.000000,0.000000,0.000000,0.000000,0.000000,0.000000,0.000000,0.000000,0.000000,0.000000,0.000000,20.062276,60.186829,100.311382,140.435935,180.560487,220.685040,273.736493,339.714846,405.693199,471.671551,537.649904,603.628257,667.804904,730.179846,792.554787,854.929729,917.304671,979.679612,1045.484410,1114.719063,1183.953715,1253.188368,1322.423021,1391.657674,1438.522396,1463.017187,1487.511979,1512.006771,1536.501562,1560.996354,1578.739063,1589.729687,1600.720312,1611.710938,1622.701563,1633.692187,1624.065561,1593.821683,1563.577806,1533.333928,1503.090050,1472.846172,1450.585235,1436.307237,1422.029240,1407.751243,1393.473246,1379.195249,1337.245550,1267.624150,1198.002750,1128.381350,1058.759950,989.138550,920.417604,852.597112,784.776621,716.956129,649.135638,581.315146,521.178903,468.726908,416.274914,363.822919,311.370925,258.918931,213.301856,174.519700,135.737544,96.955389,58.173233,19.391078,0.000000,0.000000,0.000000,0.000000,0.000000,0.000000,0.000000,0.000000,0.000000,0.000000,0.000000,0.000000,0.000000,0.000000,0.000000,0.000000,0.000000,0.000000,0.000000,0.000000,0.000000,0.000000,0.000000,0.000000,0.000000,0.000000,0.000000,0.000000,0.000000,0.000000,0.000000,0.000000,0.000000,0.000000,0.000000,0.000000
0.000000,0.000000,0.000000,0.000000,0.000000,0.000000,0.000000,0.000000,0.000000,0.000000,0.000000,0.000000,0.000000,0.000000,0.000000,0.000000,0.000000,0.000000,0.000000,0.000000,0.000000,0.000000,0.000000,0.000000,0.000000,0.000000,0.000000,0.000000,0.000000,0.000000,0.000000,0.000000,0.000000,0.000000,0.000000,0.000000,19.250581,57.751742,96.252903,134.754064,173.255225,211.756386,260.930860,320.778646,380.626432,440.474218,500.322004,560.169790,616.905056,670.527800,724.150544,777.773289,831.396033,885.018778,935.277825,982.173175,1029.068525,1075.963875,1122.859225,1169.754575,1203.573183,1224.315050,1245.056917,1265.798783,1286.540650,1307.282517,1325.629615,1341.581946,1357.534276,1373.486607,1389.438937,1405.391268,1409.994601,1403.248937,1396.503274,1389.757610,1383.011946,1376.266282,1361.591586,1338.987858,1316.384131,1293.780403,1271.176675,1248.572947,1219.107868,1182.781438,1146.455007,1110.128576,1073.802146,1037.475715,989.975521,931.301562,872.627604,813.953646,755.279688,696.605729,632.980224,564.403171,495.826118,427.249065,358.672012,290.094960,234.489231,191.854825,149.220419,106.586014,63.951608,21.317203,0.000000,0.000000,0.000000,0.000000,0.000000,0.000000,0.000000,0.000000,0.000000,0.000000,0.000000,0.000000,0.000000,0.000000,0.000000,0.000000,0.000000,0.000000,0.000000,0.000000,0.000000,0.000000,0.000000,0.000000,0.000000,0.000000,0.000000,0.000000,0.000000,0.000000,0.000000,0.000000,0.000000,0.000000,0.000000,0.000000
0.000000,0.000000,0.000000,0.000000,0.000000,0.000000,0.000000,0.000000,0.000000,0.000000,0.000000,0.000000,0.000000,0.000000,0.000000,0.000000,0.000000,0.000000,0.000000,0.000000,0.000000,0.000000,0.000000,0.000000,0.000000,0.000000,0.000000,0.000000,0.000000,0.000000,0.000000,0.000000,0.000000,0.000000,0.000000,0.000000,16.855275,50.565825,84.276375,117.986925,151.697475,185.408025,236.854307,306.036321,375.218335,444.400349,513.582363,582.764376,646.199988,703.889196,761.578404,819.267613,876.956821,934.646029,1002.055997,1079.186725,1156.317453,1233.448181,1310.578908,1387.709636,1426.033875,1425.551625,1425.069375,1424.587125,1424.104875,1423.622625,1418.793738,1409.618213,1400.442688,1391.267163,1382.091637,1372.916113,1368.168622,1367.849167,1367.529711,1367.210256,1366.890800,1366.571344,1363.357001,1357.247771,1351.138540,1345.029310,1338.920079,1332.810849,1300.350293,1241.538413,1182.726532,1123.914651,1065.102771,1006.290890,945.252344,881.987133,818.721922,755.456711,692.191500,628.926289,568.068889,509.619300,451.169711,392.720122,334.270533,275.820944,226.046471,184.947113,143.847754,102.748396,61.649037,20.549679,0.000000,0.000000,0.000000,0.000000,0.000000,0.000000,0.000000,0.000000,0.000000,0.000000,0.000000,0.000000,0.000000,0.000000,0.000000,0.000000,0.000000,0.000000,0.000000,0.000000,0.000000,0.000000,0.000000,0.000000,0.000000,0.000000,0.000000,0.000000,0.000000,0.000000,0.000000,0.000000,0.000000,0.000000,0.000000,0.000000
0.000000,0.000000,0.000000,0.000000,0.000000,0.000000,0.000000,0.000000,0.000000,0.000000,0.000000,0.000000,0.000000,0.000000,0.000000,0.000000,0.000000,0.000000,0.000000,0.000000,0.000000,0.000000,0.000000,0.000000,0.000000,0.000000,0.000000,0.000000,0.000000,0.000000,0.000000,0.000000,0.000000,0.000000,0.000000,0.000000,15.747947,47.243842,78.739736,110.235631,141.731525,173.227419,213.928156,263.833733,313.739311,363.644889,413.550467,463.456044,519.780199,582.522929,645.265660,708.008390,770.751121,833.493851,887.651513,933.224104,978.796696,1024.369288,1069.941879,1115.514471,1141.592544,1148.176100,1154.759656,1161.343211,1167.926767,1174.510322,1187.349028,1206.442883,1225.536739,1244.630594,1263.724450,1282.818306,1291.861454,1290.853896,1289.846337,1288.838779,1287.831221,1286.823662,1265.078344,1222.595267,1180.112189,1137.629111,1095.146033,1052.662956,1009.508579,965.682904,921.857229,878.031554,834.205879,790.380204,740.127146,683.446704,626.766263,570.085821,513.405379,456.724938,408.668747,369.236808,329.804869,290.372931,250.940992,211.509053,175.810326,143.844812,111.879299,79.913785,47.948271,15.982757,0.000000,0.000000,0.000000,0.000000,0.000000,0.000000,0.000000,0.000000,0.000000,0.000000,0.000000,0.000000,0.000000,0.000000,0.000000,0.000000,0.000000,0.000000,0.000000,0.000000,0.000000,0.000000,0.000000,0.000000,0.000000,0.000000,0.000000,0.000000,0.000000,0.000000,0.000000,0.000000,0.000000,0.000000,0.000000,0.000000
0.000000,0.000000,0.000000,0.000000,0.000000,0.000000,0.000000,0.000000,0.000000,0.000000,0.000000,0.000000,0.000000,0.000000,0.000000,0.000000,0.000000,0.000000,0.000000,0.000000,0.000000,0.000000,0.000000,0.000000,0.000000,0.000000,0.000000,0.000000,0.000000,0.000000,0.000000,0.000000,0.000000,0.000000,0.000000,0.000000,15.003689,45.011067,75.018444,105.025822,135.033200,165.040578,211.162376,273.398596,335.634815,397.871035,460.107254,522.343474,574.814943,617.521662,660.228382,702.935101,745.641821,788.348540,830.052675,870.754225,911.455775,952.157325,992.858875,1033.560425,1083.758560,1143.453279,1203.147999,1262.842718,1322.537437,1382.232157,1408.391458,1401.015342,1393.639225,1386.263108,1378.886992,1371.510875,1356.808979,1334.781304,1312.753629,1290.725954,1268.698279,1246.670604,1227.666422,1211.685733,1195.705044,1179.724356,1163.743667,1147.762978,1114.964022,1065.346800,1015.729578,966.112356,916.495133,866.877911,808.728436,742.046708,675.364981,608.683253,542.001525,475.319797,421.195364,379.628225,338.061086,296.493947,254.926808,213.359669,176.528092,144.432075,112.336058,80.240042,48.144025,16.048008,0.000000,0.000000,0.000000,0.000000,0.000000,0.000000,0.000000,0.000000,0.000000,0.000000,0.000000,0.000000,0.000000,0.000000,0.000000,0.000000,0.000000,0.000000,0.000000,0.000000,0.000000,0.000000,0.000000,0.000000,0.000000,0.000000,0.000000,0.000000,0.000000,0.000000,0.000000,0.000000,0.000000,0.000000,0.000000,0.000000
0.000000,0.000000,0.000000,0.000000,0.000000,0.000000,0.000000,0.000000,0.000000,0.000000,0.000000,0.000000,0.000000,0.000000,0.000000,0.000000,0.000000,0.000000,0.000000,0.000000,0.000000,0.000000,0.000000,0.000000,0.000000,0.000000,0.000000,0.000000,0.000000,0.000000,0.000000,0.000000,0.000000,0.000000,0.000000,0.000000,14.347542,43.042625,71.737708,100.432792,129.127875,157.822958,200.139840,256.078521,312.017201,367.955882,423.894562,479.833243,527.072346,565.611871,604.151396,642.690921,681.230446,719.769971,764.473033,815.339633,866.206233,917.072833,967.939433,1018.806033,1052.508861,1069.047917,1085.586972,1102.126028,1118.665083,1135.204139,1155.861247,1180.636408,1205.411569,1230.186731,1254.961892,1279.737053,1290.803121,1288.160096,1285.517071,1282.874046,1280.231021,1277.587996,1275.307660,1273.390013,1271.472365,1269.554718,1267.637071,1265.719424,1231.058417,1163.654050,1096.249683,1028.845317,961.440950,894.036583,832.512890,776.869871,721.226851,665.583832,609.940812,554.297793,498.458043,442.421562,386.385082,330.348601,274.312121,218.275640,174.402617,142.693050,110.983483,79.273917,47.564350,15.854783,0.000000,0.000000,0.000000,0.000000,0.000000,0.000000,0.000000,0.000000,0.000000,0.000000,0.000000,0.000000,0.000000,0.000000,0.000000,0.000000,0.000000,0.000000,0.000000,0.000000,0.000000,0.000000,0.000000,0.000000,0.000000,0.000000,0.000000,0.000000,0.000000,0.000000,0.000000,0.000000,0.000000,0.000000,0.000000,0.000000
0.000000,0.000000,0.000000,0.000000,0.000000,0.000000,0.000000,0.000000,0.000000,0.000000,0.000000,0.000000,0.000000,0.000000,0.000000,0.000000,0.000000,0.000000,0.000000,0.000000,0.000000,0.000000,0.000000,0.000000,0.000000,0.000000,0.000000,0.000000,0.000000,0.000000,0.000000,0.000000,0.000000,0.000000,0.000000,0.000000,14.471535,43.414604,72.357674,101.300743,130.243812,159.186882,201.190851,256.255721,311.320590,366.385460,421.450329,476.515199,535.586117,598.663083,661.740050,724.817017,787.893983,850.970950,912.637321,972.893096,1033.148871,1093.404646,1153.660421,1213.916196,1250.460047,1263.291975,1276.123903,1288.955831,1301.787758,1314.619686,1324.910900,1332.661400,1340.411900,1348.162400,1355.912900,1363.663400,1359.975707,1344.849821,1329.723935,1314.598049,1299.472162,1284.346276,1271.594376,1261.216462,1250.838549,1240.460635,1230.082721,1219.704807,1198.241806,1165.693717,1133.145628,1100.597539,1068.049450,1035.501361,989.897436,931.237675,872.577914,813.918153,755.258392,696.598631,632.290582,562.334246,492.377910,422.421574,352.465238,282.508901,226.903172,185.648050,144.392928,103.137806,61.882683,20.627561,0.000000,0.000000,0.000000,0.000000,0.000000,0.000000,0.000000,0.000000,0.000000,0.000000,0.000000,0.000000,0.000000,0.000000,0.000000,0.000000,0.000000,0.000000,0.000000,0.000000,0.000000,0.000000,0.000000,0.000000,0.000000,0.000000,0.000000,0.000000,0.000000,0.000000,0.000000,0.000000,0.000000,0.000000,0.000000,0.000000
0.000000,0.000000,0.000000,0.000000,0.000000,0.000000,0.000000,0.000000,0.000000,0.000000,0.000000,0.000000,0.000000,0.000000,0.000000,0.000000,0.000000,0.000000,0.000000,0.000000,0.000000,0.000000,0.000000,0.000000,0.000000,0.000000,0.000000,0.000000,0.000000,0.000000,0.000000,0.000000,0.000000,0.000000,0.000000,0.000000,19.249672,57.749017,96.248361,134.747706,173.247050,211.746394,266.060978,336.190800,406.320622,476.450444,546.580267,616.710089,675.707172,723.571517,771.435861,819.300206,867.164550,915.028894,964.803465,1016.488263,1068.173060,1119.857857,1171.542654,1223.227451,1257.358035,1273.934404,1290.510774,1307.087143,1323.663513,1340.239882,1354.473586,1366.364625,1378.255664,1390.146703,1402.037742,1413.928781,1394.960136,1345.131808,1295.303481,1245.475153,1195.646825,1145.818497,1125.308456,1134.116700,1142.924944,1151.733189,1160.541433,1169.349678,1143.841158,1084.015875,1024.190592,964.365308,904.540025,844.714742,785.065112,725.591138,666.117163,606.643187,547.169212,487.695238,434.620101,387.943804,341.267507,294.591210,247.914913,201.238615,163.075428,133.425350,103.775272,74.125194,44.475117,14.825039,0.000000,0.000000,0.000000,0.000000,0.000000,0.000000,0.000000,0.000000,0.000000,0.000000,0.000000,0.000000,0.000000,0.000000,0.000000,0.000000,0.000000,0.000000,0.000000,0.000000,0.000000,0.000000,0.000000,0.000000,0.000000,0.000000,0.000000,0.000000,0.000000,0.000000,0.000000,0.000000,0.000000,0.000000,0.000000,0.000000
0.000000,0.000000,0.000000,0.000000,0.000000,0.000000,0.000000,0.000000,0.000000,0.000000,0.000000,0.000000,0.000000,0.000000,0.000000,0.000000,0.000000,0.000000,0.000000,0.000000,0.000000,0.000000,0.000000,0.000000,0.000000,0.000000,0.000000,0.000000,0.000000,0.000000,0.000000,0.000000,0.000000,0.000000,0.000000,0.000000,16.370064,49.110192,81.850319,114.590447,147.330575,180.070703,224.788424,281.483738,338.179051,394.874365,451.569679,508.264993,570.664649,638.768646,706.872643,774.976640,843.080637,911.184635,968.147539,1013.969350,1059.791161,1105.612972,1151.434783,1197.256594,1227.068857,1240.871571,1254.674285,1268.476999,1282.279712,1296.082426,1311.724972,1329.207350,1346.689728,1364.172106,1381.654483,1399.136861,1390.591656,1356.018867,1321.446078,1286.873289,1252.300500,1217.727711,1174.386232,1122.276063,1070.165893,1018.055724,965.945554,913.835385,880.871254,867.053162,853.235071,839.416979,825.598887,811.780796,774.629092,714.143775,653.658458,593.173142,532.687825,472.202508,418.191051,370.653454,323.115857,275.578260,228.040663,180.503065,143.673078,117.550700,91.428322,65.305944,39.183567,13.061189,0.000000,0.000000,0.000000,0.000000,0.000000,0.000000,0.000000,0.000000,0.000000,0.000000,0.000000,0.000000,0.000000,0.000000,0.000000,0.000000,0.000000,0.000000,0.000000,0.000000,0.000000,0.000000,0.000000,0.000000,0.000000,0.000000,0.000000,0.000000,0.000000,0.000000,0.000000,0.000000,0.000000,0.000000,0.000000,0.000000
0.000000,0.000000,0.000000,0.000000,0.000000,0.000000,0.000000,0.000000,0.000000,0.000000,0.000000,0.000000,0.000000,0.000000,0.000000,0.000000,0.000000,0.000000,0.000000,0.000000,0.000000,0.000000,0.000000,0.000000,0.000000,0.000000,0.000000,0.000000,0.000000,0.000000,0.000000,0.000000,0.000000,0.000000,0.000000,0.000000,13.871711,41.615133,69.358556,97.101978,124.845400,152.588822,196.004819,255.093392,314.181964,373.270536,432.359108,491.447681,552.294643,614.899996,677.505349,740.110701,802.716054,865.321407,921.001983,969.757783,1018.513583,1067.269383,1116.025183,1164.780983,1200.456672,1223.052250,1245.647828,1268.243406,1290.838983,1313.434561,1321.685010,1315.590329,1309.495649,1303.400968,1297.306288,1291.211607,1274.471726,1247.086646,1219.701565,1192.316485,1164.931404,1137.546324,1109.403590,1080.503204,1051.602818,1022.702432,993.802046,964.901660,924.484967,872.551967,820.618967,768.685967,716.752967,664.819967,616.971610,573.207896,529.444182,485.680468,441.916754,398.153040,356.209890,316.087304,275.964718,235.842132,195.719546,155.596960,124.241028,101.651750,79.062472,56.473194,33.883917,11.294639,0.000000,0.000000,0.000000,0.000000,0.000000,0.000000,0.000000,0.000000,0.000000,0.000000,0.000000,0.000000,0.000000,0.000000,0.000000,0.000000,0.000000,0.000000,0.000000,0.000000,0.000000,0.000000,0.000000,0.000000,0.000000,0.000000,0.000000,0.000000,0.000000,0.000000,0.000000,0.000000,0.000000,0.000000,0.000000,0.000000
0.000000,0.000000,0.000000,0.000000,0.000000,0.000000,0.000000,0.000000,0.000000,0.000000,0.000000,0.000000,0.000000,0.000000,0.000000,0.000000,0.000000,0.000000,0.000000,0.000000,0.000000,0.000000,0.000000,0.000000,0.000000,0.000000,0.000000,0.000000,0.000000,0.000000,0.000000,0.000000,0.000000,0.000000,0.000000,0.000000,13.488861,40.466583,67.444306,94.422028,121.399750,148.377472,193.913167,258.006833,322.100500,386.194167,450.287833,514.381500,575.490344,633.614367,691.738389,749.862411,807.986433,866.110456,925.795767,987.042367,1048.288967,1109.535567,1170.782167,1232.028767,1274.678426,1298.731146,1322.783865,1346.836585,1370.889304,1394.942024,1418.473299,1441.483129,1464.492960,1487.502790,1510.512621,1533.522451,1510.965804,1442.842679,1374.719554,1306.596429,1238.473304,1170.350179,1125.563242,1104.112492,1082.661742,1061.210992,1039.760242,1018.309492,979.225790,922.509138,865.792485,809.075832,752.359179,695.642526,649.003674,612.442621,575.881568,539.320515,502.759462,466.198410,423.687594,375.227017,326.766439,278.305861,229.845283,181.384706,144.058215,117.865813,91.673410,65.481007,39.288604,13.096201,0.000000,0.000000,0.000000,0.000000,0.000000,0.000000,0.000000,0.000000,0.000000,0.000000,0.000000,0.000000,0.000000,0.000000,0.000000,0.000000,0.000000,0.000000,0.000000,0.000000,0.000000,0.000000,0.000000,0.000000,0.000000,0.000000,0.000000,0.000000,0.000000,0.000000,0.000000,0.000000,0.000000,0.000000,0.000000,0.000000
0.000000,0.000000,0.000000,0.000000,0.000000,0.000000,0.000000,0.000000,0.000000,0.000000,0.000000,0.000000,0.000000,0.000000,0.000000,0.000000,0.000000,0.000000,0.000000,0.000000,0.000000,0.000000,0.000000,0.000000,0.000000,0.000000,0.000000,0.000000,0.000000,0.000000,0.000000,0.000000,0.000000,0.000000,0.000000,0.000000,15.195943,45.587829,75.979715,106.371601,136.763487,167.155374,219.679736,294.336575,368.993414,443.650253,518.307092,592.963931,660.771113,721.728637,782.686162,843.643688,904.601213,965.558737,1019.672917,1066.943750,1114.214583,1161.485417,1208.756250,1256.027083,1293.666667,1321.675000,1349.683333,1377.691667,1405.700000,1433.708333,1457.348438,1476.620312,1495.892187,1515.164062,1534.435938,1553.707812,1556.635839,1543.220017,1529.804194,1516.388372,1502.972550,1489.556728,1473.616103,1455.150675,1436.685247,1418.219819,1399.754392,1381.288964,1342.660937,1283.870312,1225.079688,1166.289062,1107.498438,1048.707813,989.037056,928.486167,867.935278,807.384389,746.833500,686.282611,619.976938,547.916479,475.856021,403.795563,331.735104,259.674646,205.007382,167.733313,130.459243,93.185174,55.911104,18.637035,0.000000,0.000000,0.000000,0.000000,0.000000,0.000000,0.000000,0.000000,0.000000,0.000000,0.000000,0.000000,0.000000,0.000000,0.000000,0.000000,0.000000,0.000000,0.000000,0.000000,0.000000,0.000000,0.000000,0.000000,0.000000,0.000000,0.000000,0.000000,0.000000,0.000000,0.000000,0.000000,0.000000,0.000000,0.000000,0.000000
0.000000,0.000000,0.000000,0.000000,0.000000,0.000000,0.000000,0.000000,0.000000,0.000000,0.000000,0.000000,0.000000,0.000000,0.000000,0.000000,0.000000,0.000000,0.000000,0.000000,0.000000,0.000000,0.000000,0.000000,0.000000,0.000000,0.000000,0.000000,0.000000,0.000000,0.000000,0.000000,0.000000,0.000000,0.000000,0.000000,15.257143,45.771429,76.285715,106.800001,137.314288,167.828574,217.128478,285.214000,353.299522,421.385044,489.470567,557.556089,622.126726,683.182479,744.238232,805.293985,866.349738,927.405490,976.809518,1014.561821,1052.314124,1090.066426,1127.818729,1165.571032,1193.079949,1210.345479,1227.611010,1244.876540,1262.142071,1279.407601,1288.836361,1290.428350,1292.020339,1293.612328,1295.204317,1296.796306,1281.308136,1248.739808,1216.171481,1183.603153,1151.034825,1118.466497,1087.549033,1058.282433,1029.015833,999.749233,970.482633,941.216033,902.615010,854.679562,806.744115,758.808668,710.873221,662.937774,617.193240,573.639621,530.086001,486.532382,442.978762,399.425143,355.633714,311.604475,267.575236,223.545997,179.516758,135.487519,104.016825,85.104675,66.192525,47.280375,28.368225,9.456075,0.000000,0.000000,0.000000,0.000000,0.000000,0.000000,0.000000,0.000000,0.000000,0.000000,0.000000,0.000000,0.000000,0.000000,0.000000,0.000000,0.000000,0.000000,0.000000,0.000000,0.000000,0.000000,0.000000,0.000000,0.000000,0.000000,0.000000,0.000000,0.000000,0.000000,0.000000,0.000000,0.000000,0.000000,0.000000,0.000000
0.000000,0.000000,0.000000,0.000000,0.000000,0.000000,0.000000,0.000000,0.000000,0.000000,0.000000,0.000000,0.000000,0.000000,0.000000,0.000000,0.000000,0.000000,0.000000,0.000000,0.000000,0.000000,0.000000,0.000000,0.000000,0.000000,0.000000,0.000000,0.000000,0.000000,0.000000,0.000000,0.000000,0.000000,0.000000,0.000000,13.456151,40.368454,67.280757,94.193060,121.105362,148.017665,190.274457,247.875738,305.477018,363.078299,420.679579,478.280860,537.808339,599.262017,660.715694,722.169372,783.623050,845.076728,900.065490,948.589337,997.113185,1045.637032,1094.160879,1142.684726,1185.326090,1222.084971,1258.843851,1295.602732,1332.361612,1369.120493,1392.489608,1402.468958,1412.448308,1422.427658,1432.407008,1442.386358,1433.169683,1404.756983,1376.344283,1347.931583,1319.518883,1291.106183,1257.736935,1219.411137,1181.085340,1142.759543,1104.433746,1066.107949,1009.123160,933.479379,857.835599,782.191818,706.548038,630.904257,575.321811,539.800700,504.279589,468.758478,433.237367,397.716256,358.857499,316.661096,274.464693,232.268290,190.071888,147.875485,116.212510,95.082962,73.953415,52.823868,31.694321,10.564774,0.000000,0.000000,0.000000,0.000000,0.000000,0.000000,0.000000,0.000000,0.000000,0.000000,0.000000,0.000000,0.000000,0.000000,0.000000,0.000000,0.000000,0.000000,0.000000,0.000000,0.000000,0.000000,0.000000,0.000000,0.000000,0.000000,0.000000,0.000000,0.000000,0.000000,0.000000,0.000000,0.000000,0.000000,0.000000,0.000000
0.000000,0.000000,0.000000,0.000000,0.000000,0.000000,0.000000,0.000000,0.000000,0.000000,0.000000,0.000000,0.000000,0.000000,0.000000,0.000000,0.000000,0.000000,0.000000,0.000000,0.000000,0.000000,0.000000,0.000000,0.000000,0.000000,0.000000,0.000000,0.000000,0.000000,0.000000,0.000000,0.000000,0.000000,0.000000,0.000000,12.207635,36.622904,61.038174,85.453443,109.868713,134.283982,170.749462,219.265154,267.780846,316.296537,364.812229,413.327921,462.036164,510.936958,559.837753,608.738547,657.639342,706.540136,750.909999,790.748929,830.587860,870.426790,910.265721,950.104651,988.986556,1026.911433,1064.836311,1102.761189,1140.686067,1178.610944,1216.720078,1255.013467,1293.306856,1331.600244,1369.893633,1408.187022,1417.966453,1399.231925,1380.497397,1361.762869,1343.028342,1324.293814,1279.662254,1209.133663,1138.605071,1068.076479,997.547887,927.019296,875.864357,844.083071,812.301785,780.520499,748.739213,716.957926,674.854215,622.428079,570.001943,517.575807,465.149671,412.723535,362.314646,313.923004,265.531362,217.139721,168.748079,120.356437,88.147232,72.120463,56.093693,40.066924,24.040154,8.013385,0.000000,0.000000,0.000000,0.000000,0.000000,0.000000,0.000000,0.000000,0.000000,0.000000,0.000000,0.000000,0.000000,0.000000,0.000000,0.000000,0.000000,0.000000,0.000000,0.000000,0.000000,0.000000,0.000000,0.000000,0.000000,0.000000,0.000000,0.000000,0.000000,0.000000,0.000000,0.000000,0.000000,0.000000,0.000000,0.000000
0.000000,0.000000,0.000000,0.000000,0.000000,0.000000,0.000000,0.000000,0.000000,0.000000,0.000000,0.000000,0.000000,0.000000,0.000000,0.000000,0.000000,0.000000,0.000000,0.000000,0.000000,0.000000,0.000000,0.000000,0.000000,0.000000,0.000000,0.000000,0.000000,0.000000,0.000000,0.000000,0.000000,0.000000,0.000000,0.000000,10.529183,31.587550,52.645917,73.704283,94.762650,115.821017,157.645874,220.237221,282.828568,345.419915,408.011262,470.602610,533.972846,598.121971,662.271096,726.420221,790.569346,854.718471,902.748546,934.659571,966.570596,998.481621,1030.392646,1062.303671,1100.179844,1144.021167,1187.862489,1231.703811,1275.545133,1319.386456,1336.288150,1326.250217,1316.212283,1306.174350,1296.136417,1286.098483,1268.418735,1243.097171,1217.775607,1192.454043,1167.132479,1141.810915,1111.201100,1075.303033,1039.404967,1003.506900,967.608833,931.710767,897.231099,864.169829,831.108560,798.047290,764.986021,731.924751,686.421253,628.475525,570.529797,512.584069,454.638342,396.692614,347.750439,307.811817,267.873194,227.934572,187.995950,148.057328,117.414015,96.066012,74.718010,53.370007,32.022004,10.674001,0.000000,0.000000,0.000000,0.000000,0.000000,0.000000,0.000000,0.000000,0.000000,0.000000,0.000000,0.000000,0.000000,0.000000,0.000000,0.000000,0.000000,0.000000,0.000000,0.000000,0.000000,0.000000,0.000000,0.000000,0.000000,0.000000,0.000000,0.000000,0.000000,0.000000,0.000000,0.000000,0.000000,0.000000,0.000000,0.000000
0.000000,0.000000,0.000000,0.000000,0.000000,0.000000,0.000000,0.000000,0.000000,0.000000,0.000000,0.000000,0.000000,0.000000,0.000000,0.000000,0.000000,0.000000,0.000000,0.000000,0.000000,0.000000,0.000000,0.000000,0.000000,0.000000,0.000000,0.000000,0.000000,0.000000,0.000000,0.000000,0.000000,0.000000,0.000000,0.000000,10.512014,31.536042,52.560069,73.584097,94.608125,115.632153,154.402076,210.917896,267.433715,323.949535,380.465354,436.981174,484.487533,522.984433,561.481333,599.978233,638.475133,676.972033,723.525333,778.135033,832.744733,887.354433,941.964133,996.573833,1050.988544,1105.208267,1159.427989,1213.647711,1267.867433,1322.087156,1354.862763,1366.194254,1377.525746,1388.857238,1400.188729,1411.520221,1412.505103,1403.143375,1393.781647,1384.419919,1375.058192,1365.696464,1337.964393,1291.861979,1245.759565,1199.657151,1153.554737,1107.452324,1062.272207,1018.014387,973.756568,929.498749,885.240929,840.983110,787.898125,725.985975,664.073825,602.161675,540.249525,478.337375,421.852672,370.795417,319.738161,268.680906,217.623650,166.566394,129.284619,105.778325,82.272031,58.765736,35.259442,11.753147,0.000000,0.000000,0.000000,0.000000,0.000000,0.000000,0.000000,0.000000,0.000000,0.000000,0.000000,0.000000,0.000000,0.000000,0.000000,0.000000,0.000000,0.000000,0.000000,0.000000,0.000000,0.000000,0.000000,0.000000,0.000000,0.000000,0.000000,0.000000,0.000000,0.000000,0.000000,0.000000,0.000000,0.000000,0.000000,0.000000
0.000000,0.000000,0.000000,0.000000,0.000000,0.000000,0.000000,0.000000,0.000000,0.000000,0.000000,0.000000,0.000000,0.000000,0.000000,0.000000,0.000000,0.000000,0.000000,0.000000,0.000000,0.000000,0.000000,0.000000,0.000000,0.000000,0.000000,0.000000,0.000000,0.000000,0.000000,0.000000,0.000000,0.000000,0.000000,0.000000,9.046207,27.138621,45.231035,63.323449,81.415863,99.508276,133.133508,182.291558,231.449608,280.607658,329.765708,378.923758,420.665606,454.991250,489.316894,523.642539,557.968183,592.293828,626.295813,659.974137,693.652462,727.330788,761.009113,794.687437,825.793263,854.326588,882.859912,911.393238,939.926562,968.459887,975.542356,961.173967,946.805578,932.437189,918.068800,903.700411,902.269415,913.775813,925.282210,936.788607,948.295004,959.801401,961.692532,953.968396,946.244260,938.520124,930.795988,923.071851,905.023843,876.651963,848.280082,819.908201,791.536321,763.164440,732.996558,701.032675,669.068792,637.104908,605.141025,573.177142,524.028272,457.694417,391.360561,325.026706,258.692850,192.358994,145.926061,119.394050,92.862039,66.330028,39.798017,13.266006,0.000000,0.000000,0.000000,0.000000,0.000000,0.000000,0.000000,0.000000,0.000000,0.000000,0.000000,0.000000,0.000000,0.000000,0.000000,0.000000,0.000000,0.000000,0.000000,0.000000,0.000000,0.000000,0.000000,0.000000,0.000000,0.000000,0.000000,0.000000,0.000000,0.000000,0.000000,0.000000,0.000000,0.000000,0.000000,0.000000
0.000000,0.000000,0.000000,0.000000,0.000000,0.000000,0.000000,0.000000,0.000000,0.000000,0.000000,0.000000,0.000000,0.000000,0.000000,0.000000,0.000000,0.000000,0.000000,0.000000,0.000000,0.000000,0.000000,0.000000,0.000000,0.000000,0.000000,0.000000,0.000000,0.000000,0.000000,0.000000,0.000000,0.000000,0.000000,0.000000,10.678025,32.034075,53.390125,74.746175,96.102225,117.458275,156.077646,211.960338,267.843029,323.725721,379.608413,435.491104,492.429347,550.423142,608.416936,666.410731,724.404525,782.398319,823.895369,848.895675,873.895981,898.896286,923.896592,948.896897,979.085596,1014.462688,1049.839779,1085.216871,1120.593962,1155.971054,1185.639989,1209.600767,1233.561544,1257.522322,1281.483100,1305.443878,1322.775704,1333.478579,1344.181454,1354.884329,1365.587204,1376.290079,1372.326912,1353.697704,1335.068496,1316.439288,1297.810079,1279.180871,1239.376497,1178.396958,1117.417419,1056.437881,995.458342,934.478803,869.737071,801.233146,732.729221,664.225296,595.721371,527.217446,461.881076,399.712263,337.543449,275.374635,213.205821,151.037007,109.956550,89.964450,69.972350,49.980250,29.988150,9.996050,0.000000,0.000000,0.000000,0.000000,0.000000,0.000000,0.000000,0.000000,0.000000,0.000000,0.000000,0.000000,0.000000,0.000000,0.000000,0.000000,0.000000,0.000000,0.000000,0.000000,0.000000,0.000000,0.000000,0.000000,0.000000,0.000000,0.000000,0.000000,0.000000,0.000000,0.000000,0.000000,0.000000,0.000000,0.000000,0.000000
0.000000,0.000000,0.000000,0.000000,0.000000,0.000000,0.000000,0.000000,0.000000,0.000000,0.000000,0.000000,0.000000,0.000000,0.000000,0.000000,0.000000,0.000000,0.000000,0.000000,0.000000,0.000000,0.000000,0.000000,0.000000,0.000000,0.000000,0.000000,0.000000,0.000000,0.000000,0.000000,0.000000,0.000000,0.000000,0.000000,10.692787,32.078363,53.463938,74.849512,96.235088,117.620663,158.915515,220.119646,281.323776,342.527907,403.732037,464.936168,514.908276,553.648363,592.388449,631.128535,669.868621,708.608707,737.159247,755.520242,773.881236,792.242231,810.603225,828.964219,860.990849,906.683112,952.375376,998.067640,1043.759904,1089.452168,1118.242422,1130.130667,1142.018911,1153.907156,1165.795400,1177.683644,1179.394544,1170.928100,1162.461656,1153.995211,1145.528767,1137.062322,1127.537451,1116.954154,1106.370857,1095.787560,1085.204263,1074.620965,1045.628006,998.225383,950.822761,903.420139,856.017517,808.614894,758.152415,704.630079,651.107743,597.585407,544.063071,490.540735,436.945210,383.276496,329.607782,275.939068,222.270354,168.601640,129.953343,106.325463,82.697582,59.069701,35.441821,11.813940,0.000000,0.000000,0.000000,0.000000,0.000000,0.000000,0.000000,0.000000,0.000000,0.000000,0.000000,0.000000,0.000000,0.000000,0.000000,0.000000,0.000000,0.000000,0.000000,0.000000,0.000000,0.000000,0.000000,0.000000,0.000000,0.000000,0.000000,0.000000,0.000000,0.000000,0.000000,0.000000,0.000000,0.000000,0.000000,0.000000
0.000000,0.000000,0.000000,0.000000,0.000000,0.000000,0.000000,0.000000,0.000000,0.000000,0.000000,0.000000,0.000000,0.000000,0.000000,0.000000,0.000000,0.000000,0.000000,0.000000,0.000000,0.000000,0.000000,0.000000,0.000000,0.000000,0.000000,0.000000,0.000000,0.000000,0.000000,0.000000,0.000000,0.000000,0.000000,0.000000,9.493353,28.480058,47.466764,66.453469,85.440175,104.426881,138.036300,186.268433,234.500567,282.732700,330.964833,379.196967,423.185653,462.930892,502.676131,542.421369,582.166608,621.911847,666.386540,715.590688,764.794835,813.998982,863.203129,912.407276,946.579567,965.720000,984.860433,1004.000867,1023.141300,1042.281733,1065.582006,1093.042117,1120.502228,1147.962339,1175.422450,1202.882561,1218.174778,1221.299100,1224.423422,1227.547744,1230.672067,1233.796389,1221.346532,1193.322496,1165.298460,1137.274424,1109.250387,1081.226351,1047.429233,1007.859033,968.288833,928.718633,889.148433,849.578233,800.909675,743.142758,685.375842,627.608925,569.842008,512.075092,454.851297,398.170625,341.489953,284.809281,228.128608,171.447936,131.181967,107.330700,83.479433,59.628167,35.776900,11.925633,0.000000,0.000000,0.000000,0.000000,0.000000,0.000000,0.000000,0.000000,0.000000,0.000000,0.000000,0.000000,0.000000,0.000000,0.000000,0.000000,0.000000,0.000000,0.000000,0.000000,0.000000,0.000000,0.000000,0.000000,0.000000,0.000000,0.000000,0.000000,0.000000,0.000000,0.000000,0.000000,0.000000,0.000000,0.000000,0.000000
0.000000,0.000000,0.000000,0.000000,0.000000,0.000000,0.000000,0.000000,0.000000,0.000000,0.000000,0.000000,0.000000,0.000000,0.000000,0.000000,0.000000,0.000000,0.000000,0.000000,0.000000,0.000000,0.000000,0.000000,0.000000,0.000000,0.000000,0.000000,0.000000,0.000000,0.000000,0.000000,0.000000,0.000000,0.000000,0.000000,9.484317,28.452950,47.421583,66.390217,85.358850,104.327483,137.778933,185.713200,233.647467,281.581733,329.516000,377.450267,439.217094,514.816483,590.415872,666.015261,741.614650,817.214039,875.570546,916.684171,957.797796,998.911421,1040.025046,1081.138671,1129.112006,1183.945050,1238.778094,1293.611139,1348.444183,1403.277228,1433.926233,1440.391200,1446.856167,1453.321133,1459.786100,1466.251067,1459.296379,1438.922037,1418.547696,1398.173354,1377.799012,1357.424671,1326.947642,1286.367925,1245.788208,1205.208492,1164.628775,1124.049058,1083.515271,1043.027412,1002.539554,962.051696,921.563837,881.075979,823.924072,750.108117,676.292161,602.476206,528.660250,454.844294,392.830557,342.619038,292.407518,242.195999,191.984479,141.772960,106.944933,87.500400,68.055867,48.611333,29.166800,9.722267,0.000000,0.000000,0.000000,0.000000,0.000000,0.000000,0.000000,0.000000,0.000000,0.000000,0.000000,0.000000,0.000000,0.000000,0.000000,0.000000,0.000000,0.000000,0.000000,0.000000,0.000000,0.000000,0.000000,0.000000,0.000000,0.000000,0.000000,0.000000,0.000000,0.000000,0.000000,0.000000,0.000000,0.000000,0.000000,0.000000
0.000000,0.000000,0.000000,0.000000,0.000000,0.000000,0.000000,0.000000,0.000000,0.000000,0.000000,0.000000,0.000000,0.000000,0.000000,0.000000,0.000000,0.000000,0.000000,0.000000,0.000000,0.000000,0.000000,0.000000,0.000000,0.000000,0.000000,0.000000,0.000000,0.000000,0.000000,0.000000,0.000000,0.000000,0.000000,0.000000,8.276737,24.830213,41.383688,57.937162,74.490638,91.044113,122.520821,168.920762,215.320704,261.720646,308.120587,354.520529,403.305763,454.476287,505.646812,556.817338,607.987863,659.158387,717.077564,781.745392,846.413219,911.081047,975.748875,1040.416703,1098.634651,1150.402721,1202.170790,1253.938860,1305.706929,1357.474999,1392.671338,1411.295946,1429.920554,1448.545163,1467.169771,1485.794379,1480.688396,1451.851821,1423.015246,1394.178671,1365.342096,1336.505521,1312.907568,1294.548237,1276.188907,1257.829576,1239.470246,1221.110915,1188.647396,1142.079687,1095.511979,1048.944271,1002.376562,955.808854,898.543971,830.581912,762.619854,694.657796,626.695737,558.733679,491.885418,426.150954,360.416490,294.682026,228.947562,163.213099,119.483711,97.759400,76.035089,54.310778,32.586467,10.862156,0.000000,0.000000,0.000000,0.000000,0.000000,0.000000,0.000000,0.000000,0.000000,0.000000,0.000000,0.000000,0.000000,0.000000,0.000000,0.000000,0.000000,0.000000,0.000000,0.000000,0.000000,0.000000,0.000000,0.000000,0.000000,0.000000,0.000000,0.000000,0.000000,0.000000,0.000000,0.000000,0.000000,0.000000,0.000000,0.000000
0.000000,0.000000,0.000000,0.000000,0.000000,0.000000,0.000000,0.000000,0.000000,0.000000,0.000000,0.000000,0.000000,0.000000,0.000000,0.000000,0.000000,0.000000,0.000000,0.000000,0.000000,0.000000,0.000000,0.000000,0.000000,0.000000,0.000000,0.000000,0.000000,0.000000,0.000000,0.000000,0.000000,0.000000,0.000000,0.000000,8.014729,24.044188,40.073646,56.103104,72.132563,88.162021,121.456942,172.017325,222.577708,273.138092,323.698475,374.258858,425.894892,478.606575,531.318258,584.029942,636.741625,689.453308,743.234735,798.085904,852.937074,907.788243,962.639413,1017.490582,1057.895781,1083.855008,1109.814236,1135.773464,1161.732692,1187.691919,1194.959846,1183.536471,1172.113096,1160.689721,1149.266346,1137.842971,1135.040522,1140.859000,1146.677478,1152.495956,1158.314433,1164.132911,1146.275576,1104.742429,1063.209282,1021.676135,980.142988,938.609840,894.394593,847.497246,800.599899,753.702551,706.805204,659.907857,619.262140,584.868054,550.473968,516.079882,481.685796,447.291710,404.723517,353.981217,303.238917,252.496617,201.754317,151.012017,115.170794,94.230650,73.290506,52.350361,31.410217,10.470072,0.000000,0.000000,0.000000,0.000000,0.000000,0.000000,0.000000,0.000000,0.000000,0.000000,0.000000,0.000000,0.000000,0.000000,0.000000,0.000000,0.000000,0.000000,0.000000,0.000000,0.000000,0.000000,0.000000,0.000000,0.000000,0.000000,0.000000,0.000000,0.000000,0.000000,0.000000,0.000000,0.000000,0.000000,0.000000,0.000000
0.000000,0.000000,0.000000,0.000000,0.000000,0.000000,0.000000,0.000000,0.000000,0.000000,0.000000,0.000000,0.000000,0.000000,0.000000,0.000000,0.000000,0.000000,0.000000,0.000000,0.000000,0.000000,0.000000,0.000000,0.000000,0.000000,0.000000,0.000000,0.000000,0.000000,0.000000,0.000000,0.000000,0.000000,0.000000,0.000000,8.090387,24.271162,40.451938,56.632712,72.813487,88.994263,121.493897,170.312392,219.130886,267.949381,316.767875,365.586369,419.892314,479.685708,539.479103,599.272497,659.065892,718.859286,785.607847,859.311575,933.015303,1006.719031,1080.422758,1154.126486,1208.186925,1242.604075,1277.021225,1311.438375,1345.855525,1380.272675,1404.053125,1417.196875,1430.340625,1443.484375,1456.628125,1469.771875,1463.913021,1439.051563,1414.190104,1389.328646,1364.467188,1339.605729,1310.709375,1277.778125,1244.846875,1211.915625,1178.984375,1146.053125,1110.670833,1072.837500,1035.004167,997.170833,959.337500,921.504167,873.096382,814.114146,755.131910,696.149674,637.167437,578.185201,511.030814,435.704275,360.377736,285.051197,209.724658,134.398119,88.673613,72.551137,56.428662,40.306188,24.183712,8.061237,0.000000,0.000000,0.000000,0.000000,0.000000,0.000000,0.000000,0.000000,0.000000,0.000000,0.000000,0.000000,0.000000,0.000000,0.000000,0.000000,0.000000,0.000000,0.000000,0.000000,0.000000,0.000000,0.000000,0.000000,0.000000,0.000000,0.000000,0.000000,0.000000,0.000000,0.000000,0.000000,0.000000,0.000000,0.000000,0.000000
0.000000,0.000000,0.000000,0.000000,0.000000,0.000000,0.000000,0.000000,0.000000,0.000000,0.000000,0.000000,0.000000,0.000000,0.000000,0.000000,0.000000,0.000000,0.000000,0.000000,0.000000,0.000000,0.000000,0.000000,0.000000,0.000000,0.000000,0.000000,0.000000,0.000000,0.000000,0.000000,0.000000,0.000000,0.000000,0.000000,7.553347,22.660042,37.766736,52.873431,67.980125,83.086819,120.686378,180.778800,240.871222,300.963644,361.056067,421.148489,476.432463,526.907987,577.383512,627.859038,678.334562,728.810087,781.301042,835.807425,890.313808,944.820192,999.326575,1053.832958,1089.866912,1107.428437,1124.989962,1142.551488,1160.113012,1177.674537,1192.767153,1205.390858,1218.014564,1230.638269,1243.261975,1255.885681,1246.667336,1215.606942,1184.546547,1153.486153,1122.425758,1091.365364,1060.515112,1029.875004,999.234896,968.594787,937.954679,907.314571,865.140476,811.432396,757.724315,704.016235,650.308154,596.600074,549.846453,510.047292,470.248131,430.448969,390.649808,350.850647,309.637350,267.009917,224.382483,181.755050,139.127617,96.500183,68.920928,56.389850,43.858772,31.327694,18.796617,6.265539,0.000000,0.000000,0.000000,0.000000,0.000000,0.000000,0.000000,0.000000,0.000000,0.000000,0.000000,0.000000,0.000000,0.000000,0.000000,0.000000,0.000000,0.000000,0.000000,0.000000,0.000000,0.000000,0.000000,0.000000,0.000000,0.000000,0.000000,0.000000,0.000000,0.000000,0.000000,0.000000,0.000000,0.000000,0.000000,0.000000
0.000000,0.000000,0.000000,0.000000,0.000000,0.000000,0.000000,0.000000,0.000000,0.000000,0.000000,0.000000,0.000000,0.000000,0.000000,0.000000,0.000000,0.000000,0.000000,0.000000,0.000000,0.000000,0.000000,0.000000,0.000000,0.000000,0.000000,0.000000,0.000000,0.000000,0.000000,0.000000,0.000000,0.000000,0.000000,0.000000,8.363006,25.089017,41.815028,58.541039,75.267050,91.993061,128.322397,184.255058,240.187719,296.120381,352.053042,407.985703,467.488217,530.560583,593.632950,656.705317,719.777683,782.850050,834.037561,873.340217,912.642872,951.945528,991.248183,1030.550839,1074.319365,1122.553762,1170.788160,1219.022557,1267.256954,1315.491351,1337.170389,1332.294067,1327.417744,1322.541422,1317.665100,1312.788778,1303.479906,1289.738483,1275.997061,1262.255639,1248.514217,1234.772794,1208.390797,1169.368225,1130.345653,1091.323081,1052.300508,1013.277936,970.665572,924.463417,878.261261,832.059106,785.856950,739.654794,690.232453,637.589925,584.947397,532.304869,479.662342,427.019814,375.470539,325.014517,274.558494,224.102472,173.646450,123.190428,89.798882,73.471812,57.144743,40.817674,24.490604,8.163535,0.000000,0.000000,0.000000,0.000000,0.000000,0.000000,0.000000,0.000000,0.000000,0.000000,0.000000,0.000000,0.000000,0.000000,0.000000,0.000000,0.000000,0.000000,0.000000,0.000000,0.000000,0.000000,0.000000,0.000000,0.000000,0.000000,0.000000,0.000000,0.000000,0.000000,0.000000,0.000000,0.000000,0.000000,0.000000,0.000000
0.000000,0.000000,0.000000,0.000000,0.000000,0.000000,0.000000,0.000000,0.000000,0.000000,0.000000,0.000000,0.000000,0.000000,0.000000,0.000000,0.000000,0.000000,0.000000,0.000000,0.000000,0.000000,0.000000,0.000000,0.000000,0.000000,0.000000,0.000000,0.000000,0.000000,0.000000,0.000000,0.000000,0.000000,0.000000,0.000000,7.290228,21.870683,36.451139,51.031594,65.612050,80.192506,117.854210,178.597162,239.340115,300.083068,360.826021,421.568974,481.781338,541.463112,601.144887,660.826663,720.508438,780.190212,828.372308,865.054725,901.737142,938.419558,975.101975,1011.784392,1056.980160,1110.689279,1164.398399,1218.107518,1271.816638,1325.525757,1358.774711,1371.563500,1384.352289,1397.141078,1409.929867,1422.718656,1413.301367,1381.678000,1350.054633,1318.431267,1286.807900,1255.184533,1210.887471,1153.916713,1096.945954,1039.975196,983.004437,926.033679,875.298031,830.797492,786.296953,741.796414,697.295875,652.795336,607.962289,562.796733,517.631178,472.465622,427.300067,382.134511,335.487168,287.358037,239.228907,191.099776,142.970646,94.841515,64.878871,53.082712,41.286554,29.490396,17.694238,5.898079,0.000000,0.000000,0.000000,0.000000,0.000000,0.000000,0.000000,0.000000,0.000000,0.000000,0.000000,0.000000,0.000000,0.000000,0.000000,0.000000,0.000000,0.000000,0.000000,0.000000,0.000000,0.000000,0.000000,0.000000,0.000000,0.000000,0.000000,0.000000,0.000000,0.000000,0.000000,0.000000,0.000000,0.000000,0.000000,0.000000
0.000000,0.000000,0.000000,0.000000,0.000000,0.000000,0.000000,0.000000,0.000000,0.000000,0.000000,0.000000,0.000000,0.000000,0.000000,0.000000,0.000000,0.000000,0.000000,0.000000,0.000000,0.000000,0.000000,0.000000,0.000000,0.000000,0.000000,0.000000,0.000000,0.000000,0.000000,0.000000,0.000000,0.000000,0.000000,0.000000,7.344899,22.034696,36.724493,51.414290,66.104088,80.793885,116.986882,174.683079,232.379276,290.075474,347.771671,405.467868,462.263649,518.159012,574.054376,629.949740,685.845104,741.740468,781.934883,806.428350,830.921817,855.415283,879.908750,904.402217,933.752600,967.959900,1002.167200,1036.374500,1070.581800,1104.789100,1111.885276,1091.870329,1071.855382,1051.840435,1031.825488,1011.810540,1006.657189,1016.365433,1026.073678,1035.781922,1045.490167,1055.198411,1051.911479,1035.629371,1019.347263,1003.065154,986.783046,970.500938,943.906556,906.999900,870.093244,833.186589,796.279933,759.373278,707.792894,641.538783,575.284672,509.030561,442.776450,376.522339,321.825514,278.685975,235.546436,192.406897,149.267358,106.127819,77.511546,63.418537,49.325529,35.232521,21.139513,7.046504,0.000000,0.000000,0.000000,0.000000,0.000000,0.000000,0.000000,0.000000,0.000000,0.000000,0.000000,0.000000,0.000000,0.000000,0.000000,0.000000,0.000000,0.000000,0.000000,0.000000,0.000000,0.000000,0.000000,0.000000,0.000000,0.000000,0.000000,0.000000,0.000000,0.000000,0.000000,0.000000,0.000000,0.000000,0.000000,0.000000
0.000000,0.000000,0.000000,0.000000,0.000000,0.000000,0.000000,0.000000,0.000000,0.000000,0.000000,0.000000,0.000000,0.000000,0.000000,0.000000,0.000000,0.000000,0.000000,0.000000,0.000000,0.000000,0.000000,0.000000,0.000000,0.000000,0.000000,0.000000,0.000000,0.000000,0.000000,0.000000,0.000000,0.000000,0.000000,0.000000,7.164436,21.493308,35.822181,50.151053,64.479925,78.808797,112.834975,166.558458,220.281942,274.005425,327.728908,381.452392,439.358603,501.447542,563.536481,625.625419,687.714358,749.803297,793.521190,818.868037,844.214885,869.561732,894.908579,920.255426,953.110565,993.473996,1033.837426,1074.200857,1114.564288,1154.927718,1190.710650,1221.913083,1253.115517,1284.317950,1315.520383,1346.722817,1358.740467,1351.573333,1344.406200,1337.239067,1330.071933,1322.904800,1297.631171,1254.251046,1210.870921,1167.490796,1124.110671,1080.730546,1039.705033,1001.034133,962.363233,923.692333,885.021433,846.350533,795.301108,731.873158,668.445208,605.017258,541.589308,478.161358,416.722957,357.274104,297.825251,238.376399,178.927546,119.478693,82.274744,67.315700,52.356656,37.397611,22.438567,7.479522,0.000000,0.000000,0.000000,0.000000,0.000000,0.000000,0.000000,0.000000,0.000000,0.000000,0.000000,0.000000,0.000000,0.000000,0.000000,0.000000,0.000000,0.000000,0.000000,0.000000,0.000000,0.000000,0.000000,0.000000,0.000000,0.000000,0.000000,0.000000,0.000000,0.000000,0.000000,0.000000,0.000000,0.000000,0.000000,0.000000
0.000000,0.000000,0.000000,0.000000,0.000000,0.000000,0.000000,0.000000,0.000000,0.000000,0.000000,0.000000,0.000000,0.000000,0.000000,0.000000,0.000000,0.000000,0.000000,0.000000,0.000000,0.000000,0.000000,0.000000,0.000000,0.000000,0.000000,0.000000,0.000000,0.000000,0.000000,0.000000,0.000000,0.000000,0.000000,0.000000,6.652346,19.957038,33.261729,46.566421,59.871113,73.175804,109.261021,168.126763,226.992504,285.858246,344.723988,403.589729,459.756990,513.225771,566.694551,620.163332,673.632113,727.100893,770.167769,802.832742,835.497714,868.162686,900.827658,933.492631,960.975617,983.276617,1005.577617,1027.878617,1050.179617,1072.480617,1079.275478,1070.564200,1061.852922,1053.141644,1044.430367,1035.719089,1024.487436,1010.735408,996.983381,983.231353,969.479325,955.727297,942.831489,930.791900,918.752311,906.712722,894.673133,882.633544,855.655151,813.737954,771.820757,729.903560,687.986362,646.069165,596.070540,537.990487,479.910435,421.830382,363.750329,305.670276,259.002390,223.746671,188.490951,153.235232,117.979513,82.723793,59.671272,48.821950,37.972628,27.123306,16.273983,5.424661,0.000000,0.000000,0.000000,0.000000,0.000000,0.000000,0.000000,0.000000,0.000000,0.000000,0.000000,0.000000,0.000000,0.000000,0.000000,0.000000,0.000000,0.000000,0.000000,0.000000,0.000000,0.000000,0.000000,0.000000,0.000000,0.000000,0.000000,0.000000,0.000000,0.000000,0.000000,0.000000,0.000000,0.000000,0.000000,0.000000
0.000000,0.000000,0.000000,0.000000,0.000000,0.000000,0.000000,0.000000,0.000000,0.000000,0.000000,0.000000,0.000000,0.000000,0.000000,0.000000,0.000000,0.000000,0.000000,0.000000,0.000000,0.000000,0.000000,0.000000,0.000000,0.000000,0.000000,0.000000,0.000000,0.000000,0.000000,0.000000,0.000000,0.000000,0.000000,0.000000,5.793165,17.379496,28.965826,40.552157,52.138487,63.724818,93.560822,141.646500,189.732178,237.817856,285.903533,333.989211,389.688008,452.999925,516.311842,579.623758,642.935675,706.247592,757.264600,795.986700,834.708800,873.430900,912.153000,950.875100,981.865317,1005.123650,1028.381983,1051.640317,1074.898650,1098.156983,1119.030533,1137.519300,1156.008067,1174.496833,1192.985600,1211.474367,1209.821853,1188.028058,1166.234264,1144.440469,1122.646675,1100.852881,1083.669547,1071.096675,1058.523803,1045.950931,1033.378058,1020.805186,1000.651192,972.916075,945.180958,917.445842,889.710725,861.975608,812.638310,741.698829,670.759349,599.819868,528.880387,457.940907,394.717169,339.209175,283.701181,228.193186,172.685192,117.177197,81.971267,67.067400,52.163533,37.259667,22.355800,7.451933,0.000000,0.000000,0.000000,0.000000,0.000000,0.000000,0.000000,0.000000,0.000000,0.000000,0.000000,0.000000,0.000000,0.000000,0.000000,0.000000,0.000000,0.000000,0.000000,0.000000,0.000000,0.000000,0.000000,0.000000,0.000000,0.000000,0.000000,0.000000,0.000000,0.000000,0.000000,0.000000,0.000000,0.000000,0.000000,0.000000
0.000000,0.000000,0.000000,0.000000,0.000000,0.000000,0.000000,0.000000,0.000000,0.000000,0.000000,0.000000,0.000000,0.000000,0.000000,0.000000,0.000000,0.000000,0.000000,0.000000,0.000000,0.000000,0.000000,0.000000,0.000000,0.000000,0.000000,0.000000,0.000000,0.000000,0.000000,0.000000,0.000000,0.000000,0.000000,0.000000,4.832715,14.498146,24.163576,33.829007,43.494437,53.159868,81.875289,129.640700,177.406111,225.171522,272.936933,320.702344,370.311867,421.765500,473.219133,524.672767,576.126400,627.580033,674.744961,717.621183,760.497406,803.373628,846.249850,889.126072,927.743015,962.100679,996.458343,1030.816007,1065.173671,1099.531335,1133.784071,1167.931879,1202.079687,1236.227496,1270.375304,1304.523112,1322.061849,1322.991512,1323.921176,1324.850840,1325.780504,1326.710168,1306.590260,1265.420779,1224.251299,1183.081818,1141.912337,1100.742857,1059.354157,1017.746238,976.138318,934.530399,892.922479,851.314560,803.310433,748.910100,694.509767,640.109433,585.709100,531.308767,468.903444,398.493133,328.082822,257.672511,187.262200,116.851889,74.842839,61.235050,47.627261,34.019472,20.411683,6.803894,0.000000,0.000000,0.000000,0.000000,0.000000,0.000000,0.000000,0.000000,0.000000,0.000000,0.000000,0.000000,0.000000,0.000000,0.000000,0.000000,0.000000,0.000000,0.000000,0.000000,0.000000,0.000000,0.000000,0.000000,0.000000,0.000000,0.000000,0.000000,0.000000,0.000000,0.000000,0.000000,0.000000,0.000000,0.000000,0.000000
0.000000,0.000000,0.000000,0.000000,0.000000,0.000000,0.000000,0.000000,0.000000,0.000000,0.000000,0.000000,0.000000,0.000000,0.000000,0.000000,0.000000,0.000000,0.000000,0.000000,0.000000,0.000000,0.000000,0.000000,0.000000,0.000000,0.000000,0.000000,0.000000,0.000000,0.000000,0.000000,0.000000,0.000000,0.000000,0.000000,5.668483,17.005450,28.342417,39.679383,51.016350,62.353317,93.654836,144.920908,196.186981,247.453053,298.719125,349.985197,397.240319,440.484492,483.728664,526.972836,570.217008,613.461181,652.657239,687.805183,722.953128,758.101072,793.249017,828.396961,857.618354,880.913196,904.208037,927.502879,950.797721,974.092562,1005.543406,1045.150250,1084.757094,1124.363939,1163.970783,1203.577628,1215.383543,1199.388529,1183.393515,1167.398501,1151.403487,1135.408474,1114.100965,1087.480963,1060.860960,1034.240957,1007.620954,981.000951,955.939181,932.435642,908.932103,885.428564,861.925025,838.421486,792.076572,722.890283,653.703994,584.517706,515.331417,446.145128,382.900269,325.596842,268.293414,210.989986,153.686558,96.383131,62.087132,50.798563,39.509993,28.221424,16.932854,5.644285,0.000000,0.000000,0.000000,0.000000,0.000000,0.000000,0.000000,0.000000,0.000000,0.000000,0.000000,0.000000,0.000000,0.000000,0.000000,0.000000,0.000000,0.000000,0.000000,0.000000,0.000000,0.000000,0.000000,0.000000,0.000000,0.000000,0.000000,0.000000,0.000000,0.000000,0.000000,0.000000,0.000000,0.000000,0.000000,0.000000
0.000000,0.000000,0.000000,0.000000,0.000000,0.000000,0.000000,0.000000,0.000000,0.000000,0.000000,0.000000,0.000000,0.000000,0.000000,0.000000,0.000000,0.000000,0.000000,0.000000,0.000000,0.000000,0.000000,0.000000,0.000000,0.000000,0.000000,0.000000,0.000000,0.000000,0.000000,0.000000,0.000000,0.000000,0.000000,0.000000,5.400090,16.200271,27.000451,37.800632,48.600812,59.400993,90.737087,142.609096,194.481104,246.353112,298.225121,350.097129,405.127949,463.317579,521.507210,579.696840,637.886471,696.076101,742.643200,777.587767,812.532333,847.476900,882.421467,917.366033,952.908840,989.049887,1025.190935,1061.331982,1097.473029,1133.614076,1155.208912,1162.257537,1169.306163,1176.354788,1183.403413,1190.452037,1185.622317,1168.914250,1152.206183,1135.498117,1118.790050,1102.081983,1076.920721,1043.306263,1009.691804,976.077346,942.462887,908.848429,874.454447,839.280942,804.107436,768.933931,733.760425,698.586919,660.299419,618.897925,577.496431,536.094936,494.693442,453.291947,403.538090,345.431871,287.325651,229.219432,171.113213,113.006993,76.957726,62.965412,48.973099,34.980785,20.988471,6.996157,0.000000,0.000000,0.000000,0.000000,0.000000,0.000000,0.000000,0.000000,0.000000,0.000000,0.000000,0.000000,0.000000,0.000000,0.000000,0.000000,0.000000,0.000000,0.000000,0.000000,0.000000,0.000000,0.000000,0.000000,0.000000,0.000000,0.000000,0.000000,0.000000,0.000000,0.000000,0.000000,0.000000,0.000000,0.000000,0.000000
0.000000,0.000000,0.000000,0.000000,0.000000,0.000000,0.000000,0.000000,0.000000,0.000000,0.000000,0.000000,0.000000,0.000000,0.000000,0.000000,0.000000,0.000000,0.000000,0.000000,0.000000,0.000000,0.000000,0.000000,0.000000,0.000000,0.000000,0.000000,0.000000,0.000000,0.000000,0.000000,0.000000,0.000000,0.000000,0.000000,4.420478,13.261433,22.102389,30.943344,39.784300,48.625256,77.237321,125.620496,174.003671,222.386846,270.770021,319.153196,372.678928,431.347217,490.015506,548.683794,607.352083,666.020372,726.099764,787.590258,849.080753,910.571247,972.061742,1033.552236,1077.298772,1103.301350,1129.303928,1155.306506,1181.309083,1207.311661,1216.849492,1209.922575,1202.995658,1196.068742,1189.141825,1182.214908,1175.099911,1167.796833,1160.493756,1153.190678,1145.887600,1138.584522,1115.782786,1077.482392,1039.181997,1000.881603,962.581208,924.280814,877.888031,823.402858,768.917686,714.432514,659.947342,605.462169,554.450033,506.910933,459.371833,411.832733,364.293633,316.754533,272.757360,232.302113,191.846865,151.391618,110.936371,70.481124,46.065708,37.690125,29.314542,20.938958,12.563375,4.187792,0.000000,0.000000,0.000000,0.000000,0.000000,0.000000,0.000000,0.000000,0.000000,0.000000,0.000000,0.000000,0.000000,0.000000,0.000000,0.000000,0.000000,0.000000,0.000000,0.000000,0.000000,0.000000,0.000000,0.000000,0.000000,0.000000,0.000000,0.000000,0.000000,0.000000,0.000000,0.000000,0.000000,0.000000,0.000000,0.000000
0.000000,0.000000,0.000000,0.000000,0.000000,0.000000,0.000000,0.000000,0.000000,0.000000,0.000000,0.000000,0.000000,0.000000,0.000000,0.000000,0.000000,0.000000,0.000000,0.000000,0.000000,0.000000,0.000000,0.000000,0.000000,0.000000,0.000000,0.000000,0.000000,0.000000,0.000000,0.000000,0.000000,0.000000,0.000000,0.000000,4.065415,12.196246,20.327076,28.457907,36.588738,44.719568,72.962185,121.316588,169.670990,218.025393,266.379796,314.734199,361.271585,405.991954,450.712324,495.432693,540.153063,584.873432,622.717697,653.685858,684.654019,715.622181,746.590342,777.558503,817.142063,865.341021,913.539979,961.738938,1009.937896,1058.136854,1089.248703,1103.273442,1117.298181,1131.322919,1145.347658,1159.372397,1158.202989,1141.839433,1125.475878,1109.112322,1092.748767,1076.385211,1062.388032,1050.757229,1039.126426,1027.495624,1015.864821,1004.234018,968.190485,907.734221,847.277957,786.821693,726.365429,665.909165,609.846643,558.177863,506.509082,454.840301,403.171521,351.502740,303.203392,258.273475,213.343558,168.413642,123.483725,78.553808,51.414779,42.066637,32.718496,23.370354,14.022213,4.674071,0.000000,0.000000,0.000000,0.000000,0.000000,0.000000,0.000000,0.000000,0.000000,0.000000,0.000000,0.000000,0.000000,0.000000,0.000000,0.000000,0.000000,0.000000,0.000000,0.000000,0.000000,0.000000,0.000000,0.000000,0.000000,0.000000,0.000000,0.000000,0.000000,0.000000,0.000000,0.000000,0.000000,0.000000,0.000000,0.000000
0.000000,0.000000,0.000000,0.000000,0.000000,0.000000,0.000000,0.000000,0.000000,0.000000,0.000000,0.000000,0.000000,0.000000,0.000000,0.000000,0.000000,0.000000,0.000000,0.000000,0.000000,0.000000,0.000000,0.000000,0.000000,0.000000,0.000000,0.000000,0.000000,0.000000,0.000000,0.000000,0.000000,0.000000,0.000000,0.000000,4.457301,13.371904,22.286507,31.201110,40.115713,49.030315,81.496708,137.514892,193.533075,249.551258,305.569442,361.587625,414.032806,462.904983,511.777161,560.649339,609.521517,658.393694,706.399842,753.539958,800.680075,847.820192,894.960308,942.100425,987.347517,1030.701583,1074.055650,1117.409717,1160.763783,1204.117850,1222.211937,1215.046046,1207.880154,1200.714262,1193.548371,1186.382479,1174.349057,1157.448104,1140.547151,1123.646199,1106.745246,1089.844293,1070.774699,1049.536462,1028.298226,1007.059990,985.821754,964.583518,931.702646,887.179137,842.655629,798.132121,753.608613,709.085104,664.021412,618.417537,572.813663,527.209787,481.605912,436.002038,383.556339,324.268817,264.981294,205.693772,146.406250,87.118728,52.685386,43.106225,33.527064,23.947903,14.368742,4.789581,0.000000,0.000000,0.000000,0.000000,0.000000,0.000000,0.000000,0.000000,0.000000,0.000000,0.000000,0.000000,0.000000,0.000000,0.000000,0.000000,0.000000,0.000000,0.000000,0.000000,0.000000,0.000000,0.000000,0.000000,0.000000,0.000000,0.000000,0.000000,0.000000,0.000000,0.000000,0.000000,0.000000,0.000000,0.000000,0.000000
0.000000,0.000000,0.000000,0.000000,0.000000,0.000000,0.000000,0.000000,0.000000,0.000000,0.000000,0.000000,0.000000,0.000000,0.000000,0.000000,0.000000,0.000000,0.000000,0.000000,0.000000,0.000000,0.000000,0.000000,0.000000,0.000000,0.000000,0.000000,0.000000,0.000000,0.000000,0.000000,0.000000,0.000000,0.000000,0.000000,4.490511,13.471533,22.452556,31.433578,40.414600,49.395622,78.546836,127.868242,177.189647,226.511053,275.832458,325.153864,375.704744,427.485100,479.265456,531.045811,582.826167,634.606522,676.752357,709.263671,741.774985,774.286299,806.797613,839.308926,878.348651,923.916787,969.484924,1015.053060,1060.621196,1106.189332,1142.376521,1169.182762,1195.989004,1222.795246,1249.601488,1276.407729,1286.672922,1280.397067,1274.121211,1267.845356,1261.569500,1255.293644,1240.105761,1216.005850,1191.905939,1167.806028,1143.706117,1119.606206,1083.302083,1034.793750,986.285417,937.777083,889.268750,840.760417,786.761979,727.273438,667.784896,608.296354,548.807813,489.319271,426.019176,358.907529,291.795882,224.684235,157.572587,90.460940,52.163024,42.678838,33.194651,23.710465,14.226279,4.742093,0.000000,0.000000,0.000000,0.000000,0.000000,0.000000,0.000000,0.000000,0.000000,0.000000,0.000000,0.000000,0.000000,0.000000,0.000000,0.000000,0.000000,0.000000,0.000000,0.000000,0.000000,0.000000,0.000000,0.000000,0.000000,0.000000,0.000000,0.000000,0.000000,0.000000,0.000000,0.000000,0.000000,0.000000,0.000000,0.000000
0.000000,0.000000,0.000000,0.000000,0.000000,0.000000,0.000000,0.000000,0.000000,0.000000,0.000000,0.000000,0.000000,0.000000,0.000000,0.000000,0.000000,0.000000,0.000000,0.000000,0.000000,0.000000,0.000000,0.000000,0.000000,0.000000,0.000000,0.000000,0.000000,0.000000,0.000000,0.000000,0.000000,0.000000,0.000000,0.000000,3.813096,11.439287,19.065479,26.691671,34.317862,41.944054,73.589185,129.253254,184.917324,240.581393,296.245462,351.909532,412.198946,477.113704,542.028462,606.943221,671.857979,736.772737,790.927986,834.323725,877.719464,921.115203,964.510942,1007.906681,1031.132139,1034.187317,1037.242494,1040.297672,1043.352850,1046.408028,1057.908806,1077.855183,1097.801561,1117.747939,1137.694317,1157.640694,1169.903244,1174.481967,1179.060689,1183.639411,1188.218133,1192.796856,1176.972936,1140.746375,1104.519814,1068.293253,1032.066692,995.840131,950.706014,896.664342,842.622669,788.580997,734.539325,680.497653,630.151496,583.500854,536.850213,490.199571,443.548929,396.898288,346.145450,291.290417,236.435383,181.580350,126.725317,71.870283,40.739203,33.332075,25.924947,18.517819,11.110692,3.703564,0.000000,0.000000,0.000000,0.000000,0.000000,0.000000,0.000000,0.000000,0.000000,0.000000,0.000000,0.000000,0.000000,0.000000,0.000000,0.000000,0.000000,0.000000,0.000000,0.000000,0.000000,0.000000,0.000000,0.000000,0.000000,0.000000,0.000000,0.000000,0.000000,0.000000,0.000000,0.000000,0.000000,0.000000,0.000000,0.000000
0.000000,0.000000,0.000000,0.000000,0.000000,0.000000,0.000000,0.000000,0.000000,0.000000,0.000000,0.000000,0.000000,0.000000,0.000000,0.000000,0.000000,0.000000,0.000000,0.000000,0.000000,0.000000,0.000000,0.000000,0.000000,0.000000,0.000000,0.000000,0.000000,0.000000,0.000000,0.000000,0.000000,0.000000,0.000000,0.000000,3.423797,10.271392,17.118986,23.966581,30.814175,37.661769,65.515100,114.374167,163.233233,212.092300,260.951367,309.810433,352.696342,389.609092,426.521842,463.434592,500.347342,537.260092,573.313279,608.506904,643.700529,678.894154,714.087779,749.281404,783.844425,817.776842,851.709258,885.641675,919.574092,953.506508,979.291556,996.929233,1014.566911,1032.204589,1049.842267,1067.479944,1072.066136,1063.600842,1055.135547,1046.670253,1038.204958,1029.739664,1016.913887,999.727629,982.541371,965.355112,948.168854,930.982596,896.359292,844.298942,792.238592,740.178242,688.117892,636.057542,587.029115,541.032613,495.036110,449.039607,403.043104,357.046601,309.152668,259.361304,209.569940,159.778576,109.987212,60.195849,32.358486,26.475125,20.591764,14.708403,8.825042,2.941681,0.000000,0.000000,0.000000,0.000000,0.000000,0.000000,0.000000,0.000000,0.000000,0.000000,0.000000,0.000000,0.000000,0.000000,0.000000,0.000000,0.000000,0.000000,0.000000,0.000000,0.000000,0.000000,0.000000,0.000000,0.000000,0.000000,0.000000,0.000000,0.000000,0.000000,0.000000,0.000000,0.000000,0.000000,0.000000,0.000000
0.000000,0.000000,0.000000,0.000000,0.000000,0.000000,0.000000,0.000000,0.000000,0.000000,0.000000,0.000000,0.000000,0.000000,0.000000,0.000000,0.000000,0.000000,0.000000,0.000000,0.000000,0.000000,0.000000,0.000000,0.000000,0.000000,0.000000,0.000000,0.000000,0.000000,0.000000,0.000000,0.000000,0.000000,0.000000,0.000000,3.897793,11.693379,19.488965,27.284551,35.080137,42.875724,76.981836,137.398475,197.815114,258.231753,318.648392,379.065031,427.810000,464.883300,501.956600,539.029900,576.103200,613.176500,655.021574,701.638421,748.255268,794.872115,841.488962,888.105810,917.961711,931.056667,944.151622,957.246578,970.341533,983.436489,1009.799772,1049.431383,1089.062994,1128.694606,1168.326217,1207.957828,1227.707600,1227.575533,1227.443467,1227.311400,1227.179333,1227.047267,1207.897840,1169.731054,1131.564268,1093.397482,1055.230696,1017.063910,975.880456,931.680333,887.480211,843.280089,799.079967,754.879844,705.394239,650.623150,595.852061,541.080972,486.309883,431.538794,374.937675,316.506525,258.075375,199.644225,141.213075,82.781925,49.102488,40.174762,31.247037,22.319313,13.391587,4.463862,0.000000,0.000000,0.000000,0.000000,0.000000,0.000000,0.000000,0.000000,0.000000,0.000000,0.000000,0.000000,0.000000,0.000000,0.000000,0.000000,0.000000,0.000000,0.000000,0.000000,0.000000,0.000000,0.000000,0.000000,0.000000,0.000000,0.000000,0.000000,0.000000,0.000000,0.000000,0.000000,0.000000,0.000000,0.000000,0.000000
0.000000,0.000000,0.000000,0.000000,0.000000,0.000000,0.000000,0.000000,0.000000,0.000000,0.000000,0.000000,0.000000,0.000000,0.000000,0.000000,0.000000,0.000000,0.000000,0.000000,0.000000,0.000000,0.000000,0.000000,0.000000,0.000000,0.000000,0.000000,0.000000,0.000000,0.000000,0.000000,0.000000,0.000000,0.000000,0.000000,2.552999,7.658996,12.764993,17.870990,22.976987,28.082985,57.233318,110.427988,163.622657,216.817326,270.011996,323.206665,373.689558,421.460675,469.231792,517.002908,564.774025,612.545142,666.319808,726.098025,785.876242,845.654458,905.432675,965.210892,1014.361904,1052.885713,1091.409521,1129.933329,1168.457137,1206.980946,1236.896050,1258.202450,1279.508850,1300.815250,1322.121650,1343.428050,1346.085760,1330.094779,1314.103799,1298.112818,1282.121838,1266.130857,1245.587107,1220.490588,1195.394068,1170.297549,1145.201029,1120.104510,1081.448342,1029.232525,977.016708,924.800892,872.585075,820.369258,759.279181,689.314842,619.350503,549.386164,479.421825,409.457486,346.018753,289.105625,232.192497,175.279369,118.366242,61.453114,30.246838,24.747412,19.247987,13.748563,8.249137,2.749712,0.000000,0.000000,0.000000,0.000000,0.000000,0.000000,0.000000,0.000000,0.000000,0.000000,0.000000,0.000000,0.000000,0.000000,0.000000,0.000000,0.000000,0.000000,0.000000,0.000000,0.000000,0.000000,0.000000,0.000000,0.000000,0.000000,0.000000,0.000000,0.000000,0.000000,0.000000,0.000000,0.000000,0.000000,0.000000,0.000000
0.000000,0.000000,0.000000,0.000000,0.000000,0.000000,0.000000,0.000000,0.000000,0.000000,0.000000,0.000000,0.000000,0.000000,0.000000,0.000000,0.000000,0.000000,0.000000,0.000000,0.000000,0.000000,0.000000,0.000000,0.000000,0.000000,0.000000,0.000000,0.000000,0.000000,0.000000,0.000000,0.000000,0.000000,0.000000,0.000000,3.284064,9.852192,16.420319,22.988447,29.556575,36.124703,69.583061,129.931650,190.280239,250.628828,310.977417,371.326006,432.657336,494.971408,557.285481,619.599553,681.913625,744.227697,793.628193,830.115113,866.602032,903.088951,939.575871,976.062790,1009.212732,1039.025696,1068.838660,1098.651624,1128.464587,1158.277551,1175.707743,1180.755162,1185.802582,1190.850001,1195.897421,1200.944840,1193.832964,1174.561792,1155.290619,1136.019447,1116.748275,1097.477103,1072.517033,1041.868067,1011.219100,980.570133,949.921167,919.272200,874.358172,815.179083,755.999994,696.820906,637.641817,578.462728,532.065954,498.451496,464.837038,431.222579,397.608121,363.993663,320.866117,268.225483,215.584850,162.944217,110.303583,57.662950,28.730747,23.506975,18.283203,13.059431,7.835658,2.611886,0.000000,0.000000,0.000000,0.000000,0.000000,0.000000,0.000000,0.000000,0.000000,0.000000,0.000000,0.000000,0.000000,0.000000,0.000000,0.000000,0.000000,0.000000,0.000000,0.000000,0.000000,0.000000,0.000000,0.000000,0.000000,0.000000,0.000000,0.000000,0.000000,0.000000,0.000000,0.000000,0.000000,0.000000,0.000000,0.000000
0.000000,0.000000,0.000000,0.000000,0.000000,0.000000,0.000000,0.000000,0.000000,0.000000,0.000000,0.000000,0.000000,0.000000,0.000000,0.000000,0.000000,0.000000,0.000000,0.000000,0.000000,0.000000,0.000000,0.000000,0.000000,0.000000,0.000000,0.000000,0.000000,0.000000,0.000000,0.000000,0.000000,0.000000,0.000000,0.000000,2.898136,8.694408,14.490681,20.286953,26.083225,31.879497,59.180396,107.985921,156.791446,205.596971,254.402496,303.208021,356.334696,413.782521,471.230346,528.678171,586.125996,643.573821,699.131776,752.799863,806.467949,860.136035,913.804121,967.472207,1004.102832,1023.695996,1043.289160,1062.882324,1082.475487,1102.068651,1119.886700,1135.929633,1151.972567,1168.015500,1184.058433,1200.101367,1208.683818,1209.805788,1210.927757,1212.049726,1213.171696,1214.293665,1192.700046,1148.390838,1104.081629,1059.772421,1015.463212,971.154004,925.161237,877.484913,829.808588,782.132262,734.455938,686.779613,642.618451,601.972454,561.326457,520.680460,480.034463,439.388465,387.679693,324.908146,262.136599,199.365051,136.593504,73.821957,38.899835,31.827138,24.754440,17.681743,10.609046,3.536349,0.000000,0.000000,0.000000,0.000000,0.000000,0.000000,0.000000,0.000000,0.000000,0.000000,0.000000,0.000000,0.000000,0.000000,0.000000,0.000000,0.000000,0.000000,0.000000,0.000000,0.000000,0.000000,0.000000,0.000000,0.000000,0.000000,0.000000,0.000000,0.000000,0.000000,0.000000,0.000000,0.000000,0.000000,0.000000,0.000000
0.000000,0.000000,0.000000,0.000000,0.000000,0.000000,0.000000,0.000000,0.000000,0.000000,0.000000,0.000000,0.000000,0.000000,0.000000,0.000000,0.000000,0.000000,0.000000,0.000000,0.000000,0.000000,0.000000,0.000000,0.000000,0.000000,0.000000,0.000000,0.000000,0.000000,0.000000,0.000000,0.000000,0.000000,0.000000,0.000000,2.687667,8.063000,13.438333,18.813667,24.189000,29.564333,57.029032,106.583096,156.137160,205.691224,255.245288,304.799351,360.066118,421.045587,482.025057,543.004526,603.983996,664.963465,720.357621,770.166462,819.975304,869.784146,919.592987,969.401829,1011.222396,1045.054688,1078.886979,1112.719271,1146.551563,1180.383854,1191.114332,1178.742996,1166.371660,1154.000324,1141.628987,1129.257651,1128.905129,1140.571421,1152.237712,1163.904004,1175.570296,1187.236587,1171.121500,1127.225033,1083.328567,1039.432100,995.535633,951.639167,912.149853,877.067692,841.985531,806.903369,771.821208,736.739047,694.069957,643.813937,593.557918,543.301899,493.045879,442.789860,385.437696,320.989388,256.541079,192.092771,127.644462,63.196154,28.391000,23.229000,18.067000,12.905000,7.743000,2.581000,0.000000,0.000000,0.000000,0.000000,0.000000,0.000000,0.000000,0.000000,0.000000,0.000000,0.000000,0.000000,0.000000,0.000000,0.000000,0.000000,0.000000,0.000000,0.000000,0.000000,0.000000,0.000000,0.000000,0.000000,0.000000,0.000000,0.000000,0.000000,0.000000,0.000000,0.000000,0.000000,0.000000,0.000000,0.000000,0.000000
0.000000,0.000000,0.000000,0.000000,0.000000,0.000000,0.000000,0.000000,0.000000,0.000000,0.000000,0.000000,0.000000,0.000000,0.000000,0.000000,0.000000,0.000000,0.000000,0.000000,0.000000,0.000000,0.000000,0.000000,0.000000,0.000000,0.000000,0.000000,0.000000,0.000000,0.000000,0.000000,0.000000,0.000000,0.000000,0.000000,2.270306,6.810917,11.351528,15.892139,20.432750,24.973361,52.868489,104.118133,155.367778,206.617422,257.867067,309.116711,360.369372,411.625050,462.880728,514.136406,565.392083,616.647761,671.611488,730.283262,788.955037,847.626813,906.298587,964.970362,1004.265011,1024.182533,1044.100056,1064.017578,1083.935100,1103.852622,1119.101024,1129.680304,1140.259585,1150.838865,1161.418146,1171.997426,1178.693704,1181.506979,1184.320254,1187.133529,1189.946804,1192.760079,1182.350725,1158.718742,1135.086758,1111.454775,1087.822792,1064.190808,1023.444760,965.584646,907.724532,849.864418,792.004304,734.144190,677.139360,620.989813,564.840265,508.690718,452.541171,396.391624,339.829435,282.854604,225.879774,168.904943,111.930113,54.955282,24.262211,19.850900,15.439589,11.028278,6.616967,2.205656,0.000000,0.000000,0.000000,0.000000,0.000000,0.000000,0.000000,0.000000,0.000000,0.000000,0.000000,0.000000,0.000000,0.000000,0.000000,0.000000,0.000000,0.000000,0.000000,0.000000,0.000000,0.000000,0.000000,0.000000,0.000000,0.000000,0.000000,0.000000,0.000000,0.000000,0.000000,0.000000,0.000000,0.000000,0.000000,0.000000
0.000000,0.000000,0.000000,0.000000,0.000000,0.000000,0.000000,0.000000,0.000000,0.000000,0.000000,0.000000,0.000000,0.000000,0.000000,0.000000,0.000000,0.000000,0.000000,0.000000,0.000000,0.000000,0.000000,0.000000,0.000000,0.000000,0.000000,0.000000,0.000000,0.000000,0.000000,0.000000,0.000000,0.000000,0.000000,0.000000,1.709410,5.128229,8.547049,11.965868,15.384688,18.803507,43.972274,90.890987,137.809701,184.728415,231.647129,278.565843,321.674019,360.971658,400.269297,439.566936,478.864575,518.162214,557.900586,598.079692,638.258797,678.437903,718.617008,758.796114,793.380860,822.371246,851.361632,880.352018,909.342404,938.332790,960.588093,976.108313,991.628532,1007.148751,1022.668971,1038.189190,1037.783974,1021.453321,1005.122668,988.792015,972.461363,956.130710,939.458610,922.445062,905.431515,888.417968,871.404421,854.390874,831.018136,801.286208,771.554281,741.822353,712.090425,682.358497,640.965847,587.912475,534.859103,481.805731,428.752358,375.698986,322.180444,268.196733,214.213022,160.229311,106.245600,52.261889,23.164197,18.952525,14.740853,10.529181,6.317508,2.105836,0.000000,0.000000,0.000000,0.000000,0.000000,0.000000,0.000000,0.000000,0.000000,0.000000,0.000000,0.000000,0.000000,0.000000,0.000000,0.000000,0.000000,0.000000,0.000000,0.000000,0.000000,0.000000,0.000000,0.000000,0.000000,0.000000,0.000000,0.000000,0.000000,0.000000,0.000000,0.000000,0.000000,0.000000,0.000000,0.000000
0.000000,0.000000,0.000000,0.000000,0.000000,0.000000,0.000000,0.000000,0.000000,0.000000,0.000000,0.000000,0.000000,0.000000,0.000000,0.000000,0.000000,0.000000,0.000000,0.000000,0.000000,0.000000,0.000000,0.000000,0.000000,0.000000,0.000000,0.000000,0.000000,0.000000,0.000000,0.000000,0.000000,0.000000,0.000000,0.000000,1.961656,5.884967,9.808278,13.731589,17.654900,21.578211,50.570508,104.631792,158.693075,212.754358,266.815642,320.876925,373.885775,425.842192,477.798608,529.755025,581.711442,633.667858,681.708067,725.832067,769.956067,814.080067,858.204067,902.328067,936.786028,961.577950,986.369872,1011.161794,1035.953717,1060.745639,1085.470362,1110.127888,1134.785412,1159.442937,1184.100462,1208.757987,1219.271187,1215.640062,1212.008938,1208.377813,1204.746688,1201.115562,1181.403108,1145.609325,1109.815542,1074.021758,1038.227975,1002.434192,964.021253,922.989158,881.957064,840.924969,799.892875,758.860781,709.417768,651.563837,593.709907,535.855976,478.002046,420.148115,360.593239,299.337417,238.081594,176.825772,115.569950,54.314128,21.712365,17.764663,13.816960,9.869257,5.921554,1.973851,0.000000,0.000000,0.000000,0.000000,0.000000,0.000000,0.000000,0.000000,0.000000,0.000000,0.000000,0.000000,0.000000,0.000000,0.000000,0.000000,0.000000,0.000000,0.000000,0.000000,0.000000,0.000000,0.000000,0.000000,0.000000,0.000000,0.000000,0.000000,0.000000,0.000000,0.000000,0.000000,0.000000,0.000000,0.000000,0.000000
0.000000,0.000000,0.000000,0.000000,0.000000,0.000000,0.000000,0.000000,0.000000,0.000000,0.000000,0.000000,0.000000,0.000000,0.000000,0.000000,0.000000,0.000000,0.000000,0.000000,0.000000,0.000000,0.000000,0.000000,0.000000,0.000000,0.000000,0.000000,0.000000,0.000000,0.000000,0.000000,0.000000,0.000000,0.000000,0.000000,1.766662,5.299988,8.833313,12.366637,15.899963,19.433288,49.461940,105.985921,162.509901,219.033882,275.557862,332.081843,384.678810,433.348763,482.018715,530.688668,579.358621,628.028574,680.858775,737.849225,794.839675,851.830125,908.820575,965.811025,1011.222396,1045.054688,1078.886979,1112.719271,1146.551563,1180.383854,1203.170833,1214.912500,1226.654167,1238.395833,1250.137500,1261.879167,1262.045833,1250.637500,1239.229167,1227.820833,1216.412500,1205.004167,1183.131560,1150.794679,1118.457799,1086.120918,1053.784038,1021.447157,979.578929,928.179354,876.779779,825.380204,773.980629,722.581054,666.689471,606.305879,545.922288,485.538696,425.155104,364.771513,308.412758,256.078842,203.744925,151.411008,99.077092,46.743175,18.861532,15.432162,12.002793,8.573424,5.144054,1.714685,0.000000,0.000000,0.000000,0.000000,0.000000,0.000000,0.000000,0.000000,0.000000,0.000000,0.000000,0.000000,0.000000,0.000000,0.000000,0.000000,0.000000,0.000000,0.000000,0.000000,0.000000,0.000000,0.000000,0.000000,0.000000,0.000000,0.000000,0.000000,0.000000,0.000000,0.000000,0.000000,0.000000,0.000000,0.000000,0.000000
0.000000,0.000000,0.000000,0.000000,0.000000,0.000000,0.000000,0.000000,0.000000,0.000000,0.000000,0.000000,0.000000,0.000000,0.000000,0.000000,0.000000,0.000000,0.000000,0.000000,0.000000,0.000000,0.000000,0.000000,0.000000,0.000000,0.000000,0.000000,0.000000,0.000000,0.000000,0.000000,0.000000,0.000000,0.000000,0.000000,1.492907,4.478721,7.464535,10.450349,13.436163,16.421976,40.529608,85.759058,130.988508,176.217958,221.447408,266.676858,307.945408,345.253058,382.560708,419.868358,457.176008,494.483658,536.102779,582.033371,627.963962,673.894554,719.825146,765.755738,802.395232,829.743629,857.092026,884.440424,911.788821,939.137218,949.432029,942.673254,935.914479,929.155704,922.396929,915.638154,912.333022,912.481533,912.630044,912.778556,912.927067,913.075578,901.024985,876.775287,852.525590,828.275893,804.026196,779.776499,747.808940,708.123521,668.438101,628.752682,589.067263,549.381843,503.767125,452.223108,400.679092,349.135075,297.591058,246.047042,203.198368,169.045038,134.891707,100.738376,66.585046,32.431715,14.075463,11.516287,8.957112,6.397938,3.838763,1.279587,0.000000,0.000000,0.000000,0.000000,0.000000,0.000000,0.000000,0.000000,0.000000,0.000000,0.000000,0.000000,0.000000,0.000000,0.000000,0.000000,0.000000,0.000000,0.000000,0.000000,0.000000,0.000000,0.000000,0.000000,0.000000,0.000000,0.000000,0.000000,0.000000,0.000000,0.000000,0.000000,0.000000,0.000000,0.000000,0.000000
0.000000,0.000000,0.000000,0.000000,0.000000,0.000000,0.000000,0.000000,0.000000,0.000000,0.000000,0.000000,0.000000,0.000000,0.000000,0.000000,0.000000,0.000000,0.000000,0.000000,0.000000,0.000000,0.000000,0.000000,0.000000,0.000000,0.000000,0.000000,0.000000,0.000000,0.000000,0.000000,0.000000,0.000000,0.000000,0.000000,1.332676,3.998029,6.663382,9.328735,11.994087,14.659440,43.185400,97.571967,151.958533,206.345100,260.731667,315.118233,368.048486,419.522425,470.996364,522.470303,573.944242,625.418181,675.707725,724.812875,773.918025,823.023175,872.128325,921.233475,955.507471,974.950312,994.393154,1013.835996,1033.278838,1052.721679,1054.861885,1039.699454,1024.537024,1009.374593,994.212162,979.049732,975.041399,982.187162,989.332926,996.478690,1003.624454,1010.770218,994.578186,955.048358,915.518531,875.988703,836.458875,796.929047,759.571622,724.386600,689.201578,654.016556,618.831533,583.646511,548.231482,512.586446,476.941410,441.296374,405.651337,370.006301,324.747889,269.876100,215.004311,160.132522,105.260733,50.388944,21.040296,17.214787,13.389279,9.563771,5.738263,1.912754,0.000000,0.000000,0.000000,0.000000,0.000000,0.000000,0.000000,0.000000,0.000000,0.000000,0.000000,0.000000,0.000000,0.000000,0.000000,0.000000,0.000000,0.000000,0.000000,0.000000,0.000000,0.000000,0.000000,0.000000,0.000000,0.000000,0.000000,0.000000,0.000000,0.000000,0.000000,0.000000,0.000000,0.000000,0.000000,0.000000
0.000000,0.000000,0.000000,0.000000,0.000000,0.000000,0.000000,0.000000,0.000000,0.000000,0.000000,0.000000,0.000000,0.000000,0.000000,0.000000,0.000000,0.000000,0.000000,0.000000,0.000000,0.000000,0.000000,0.000000,0.000000,0.000000,0.000000,0.000000,0.000000,0.000000,0.000000,0.000000,0.000000,0.000000,0.000000,0.000000,1.363651,4.090954,6.818257,9.545560,12.272863,15.000165,44.309346,100.200404,156.091463,211.982521,267.873579,323.764638,382.280674,443.421687,504.562701,565.703715,626.844729,687.985743,736.599482,772.685946,808.772410,844.858874,880.945337,917.031801,939.175371,947.376046,955.576721,963.777396,971.978071,980.178746,998.502842,1026.950358,1055.397875,1083.845392,1112.292908,1140.740425,1151.443919,1144.403392,1137.362864,1130.322336,1123.281808,1116.241281,1090.331214,1045.551608,1000.772003,955.992397,911.212792,866.433186,828.827935,798.397038,767.966140,737.535243,707.104346,676.673449,633.041526,576.208579,519.375632,462.542685,405.709738,348.876790,295.016428,244.128650,193.240872,142.353094,91.465317,40.577539,13.872513,11.350238,8.827962,6.305688,3.783412,1.261137,0.000000,0.000000,0.000000,0.000000,0.000000,0.000000,0.000000,0.000000,0.000000,0.000000,0.000000,0.000000,0.000000,0.000000,0.000000,0.000000,0.000000,0.000000,0.000000,0.000000,0.000000,0.000000,0.000000,0.000000,0.000000,0.000000,0.000000,0.000000,0.000000,0.000000,0.000000,0.000000,0.000000,0.000000,0.000000,0.000000
0.000000,0.000000,0.000000,0.000000,0.000000,0.000000,0.000000,0.000000,0.000000,0.000000,0.000000,0.000000,0.000000,0.000000,0.000000,0.000000,0.000000,0.000000,0.000000,0.000000,0.000000,0.000000,0.000000,0.000000,0.000000,0.000000,0.000000,0.000000,0.000000,0.000000,0.000000,0.000000,0.000000,0.000000,0.000000,0.000000,1.021253,3.063758,5.106264,7.148769,9.191275,11.233781,34.638903,79.406642,124.174381,168.942119,213.709858,258.477597,306.963093,359.166346,411.369599,463.572851,515.776104,567.979357,615.887431,659.500325,703.113219,746.726114,790.339008,833.951903,867.271833,890.298800,913.325767,936.352733,959.379700,982.406667,1005.944303,1029.992608,1054.040914,1078.089219,1102.137525,1126.185831,1143.214740,1153.224254,1163.233768,1173.243282,1183.252796,1193.262310,1178.675540,1139.492487,1100.309435,1061.126382,1021.943329,982.760276,936.888253,884.327258,831.766264,779.205269,726.644275,674.083281,623.225993,574.072413,524.918832,475.765251,426.611671,377.458090,324.585315,267.993346,211.401376,154.809407,98.217438,41.625468,12.218693,9.997113,7.775532,5.553951,3.332371,1.110790,0.000000,0.000000,0.000000,0.000000,0.000000,0.000000,0.000000,0.000000,0.000000,0.000000,0.000000,0.000000,0.000000,0.000000,0.000000,0.000000,0.000000,0.000000,0.000000,0.000000,0.000000,0.000000,0.000000,0.000000,0.000000,0.000000,0.000000,0.000000,0.000000,0.000000,0.000000,0.000000,0.000000,0.000000,0.000000,0.000000
0.000000,0.000000,0.000000,0.000000,0.000000,0.000000,0.000000,0.000000,0.000000,0.000000,0.000000,0.000000,0.000000,0.000000,0.000000,0.000000,0.000000,0.000000,0.000000,0.000000,0.000000,0.000000,0.000000,0.000000,0.000000,0.000000,0.000000,0.000000,0.000000,0.000000,0.000000,0.000000,0.000000,0.000000,0.000000,0.000000,0.946847,2.840542,4.734236,6.627931,8.521625,10.415319,31.737294,72.487550,113.237806,153.988061,194.738317,235.488572,278.279540,323.111221,367.942901,412.774582,457.606262,502.437943,540.623732,572.163629,603.703526,635.243424,666.783321,698.323218,719.666938,730.814479,741.962021,753.109563,764.257104,775.404646,774.473417,761.463417,748.453417,735.443417,722.433417,709.423417,708.507304,719.685079,730.862854,742.040629,753.218404,764.396179,765.901586,757.734625,749.567664,741.400703,733.233742,725.066781,707.299444,679.931733,652.564022,625.196311,597.828600,570.460889,534.408393,489.671112,444.933832,400.196551,355.459271,310.721990,265.294890,219.177971,173.061051,126.944132,80.827213,34.710293,10.680847,8.738875,6.796903,4.854931,2.912958,0.970986,0.000000,0.000000,0.000000,0.000000,0.000000,0.000000,0.000000,0.000000,0.000000,0.000000,0.000000,0.000000,0.000000,0.000000,0.000000,0.000000,0.000000,0.000000,0.000000,0.000000,0.000000,0.000000,0.000000,0.000000,0.000000,0.000000,0.000000,0.000000,0.000000,0.000000,0.000000,0.000000,0.000000,0.000000,0.000000,0.000000
0.000000,0.000000,0.000000,0.000000,0.000000,0.000000,0.000000,0.000000,0.000000,0.000000,0.000000,0.000000,0.000000,0.000000,0.000000,0.000000,0.000000,0.000000,0.000000,0.000000,0.000000,0.000000,0.000000,0.000000,0.000000,0.000000,0.000000,0.000000,0.000000,0.000000,0.000000,0.000000,0.000000,0.000000,0.000000,0.000000,0.992214,2.976642,4.961069,6.945497,8.929925,10.914353,39.134108,93.589192,148.044275,202.499358,256.954442,311.409525,364.054608,414.889692,465.724775,516.559858,567.394942,618.230025,660.049751,692.854121,725.658490,758.462860,791.267229,824.071599,845.658781,856.028775,866.398769,876.768764,887.138758,897.508753,907.692756,917.690767,927.688778,937.686789,947.684800,957.682811,962.218699,961.292463,960.366226,959.439990,958.513754,957.587518,954.246921,948.491962,942.737004,936.982046,931.227088,925.472129,902.191496,861.385188,820.578879,779.772571,738.966263,698.159954,650.294469,595.369808,540.445147,485.520486,430.595825,375.671164,319.993711,263.563467,207.133222,150.702978,94.272733,37.842489,8.825086,7.220525,5.615964,4.011403,2.406842,0.802281,0.000000,0.000000,0.000000,0.000000,0.000000,0.000000,0.000000,0.000000,0.000000,0.000000,0.000000,0.000000,0.000000,0.000000,0.000000,0.000000,0.000000,0.000000,0.000000,0.000000,0.000000,0.000000,0.000000,0.000000,0.000000,0.000000,0.000000,0.000000,0.000000,0.000000,0.000000,0.000000,0.000000,0.000000,0.000000,0.000000
0.000000,0.000000,0.000000,0.000000,0.000000,0.000000,0.000000,0.000000,0.000000,0.000000,0.000000,0.000000,0.000000,0.000000,0.000000,0.000000,0.000000,0.000000,0.000000,0.000000,0.000000,0.000000,0.000000,0.000000,0.000000,0.000000,0.000000,0.000000,0.000000,0.000000,0.000000,0.000000,0.000000,0.000000,0.000000,0.000000,0.619133,1.857400,3.095667,4.333933,5.572200,6.810467,28.174707,69.664921,111.155135,152.645349,194.135563,235.625776,277.682601,320.306038,362.929474,405.552910,448.176346,490.799782,534.697356,579.869067,625.040778,670.212489,715.384200,760.555911,806.887451,854.378821,901.870190,949.361560,996.852929,1044.344299,1064.852017,1058.376083,1051.900150,1045.424217,1038.948283,1032.472350,1018.929149,998.318679,977.708210,957.097740,936.487271,915.876801,890.492906,860.335583,830.178261,800.020939,769.863617,739.706294,706.073794,668.966117,631.858439,594.750761,557.643083,520.535406,483.871026,447.649946,411.428865,375.207785,338.986704,302.765624,261.703604,215.800646,169.897687,123.994729,78.091771,32.188812,8.467556,6.928000,5.388444,3.848889,2.309333,0.769778,0.000000,0.000000,0.000000,0.000000,0.000000,0.000000,0.000000,0.000000,0.000000,0.000000,0.000000,0.000000,0.000000,0.000000,0.000000,0.000000,0.000000,0.000000,0.000000,0.000000,0.000000,0.000000,0.000000,0.000000,0.000000,0.000000,0.000000,0.000000,0.000000,0.000000,0.000000,0.000000,0.000000,0.000000,0.000000,0.000000
0.000000,0.000000,0.000000,0.000000,0.000000,0.000000,0.000000,0.000000,0.000000,0.000000,0.000000,0.000000,0.000000,0.000000,0.000000,0.000000,0.000000,0.000000,0.000000,0.000000,0.000000,0.000000,0.000000,0.000000,0.000000,0.000000,0.000000,0.000000,0.000000,0.000000,0.000000,0.000000,0.000000,0.000000,0.000000,0.000000,0.631497,1.894492,3.157486,4.420481,5.683475,6.946469,30.562862,76.532654,122.502446,168.472237,214.442029,260.411821,307.966868,357.107171,406.247474,455.387776,504.528079,553.668382,588.774721,609.847096,630.919471,651.991846,673.064221,694.136596,711.187075,724.215658,737.244242,750.272825,763.301408,776.329992,786.736215,794.520079,802.303943,810.087807,817.871671,825.655535,829.487929,829.368854,829.249779,829.130704,829.011629,828.892554,821.077558,805.566642,790.055725,774.544808,759.033892,743.522975,717.056186,679.633525,642.210864,604.788203,567.365542,529.942881,491.722907,452.705621,413.688335,374.671049,335.653763,296.636476,254.668299,209.749229,164.830160,119.911090,74.992021,30.072951,6.978965,5.710063,4.441160,3.172257,1.903354,0.634451,0.000000,0.000000,0.000000,0.000000,0.000000,0.000000,0.000000,0.000000,0.000000,0.000000,0.000000,0.000000,0.000000,0.000000,0.000000,0.000000,0.000000,0.000000,0.000000,0.000000,0.000000,0.000000,0.000000,0.000000,0.000000,0.000000,0.000000,0.000000,0.000000,0.000000,0.000000,0.000000,0.000000,0.000000,0.000000,0.000000
0.000000,0.000000,0.000000,0.000000,0.000000,0.000000,0.000000,0.000000,0.000000,0.000000,0.000000,0.000000,0.000000,0.000000,0.000000,0.000000,0.000000,0.000000,0.000000,0.000000,0.000000,0.000000,0.000000,0.000000,0.000000,0.000000,0.000000,0.000000,0.000000,0.000000,0.000000,0.000000,0.000000,0.000000,0.000000,0.000000,0.477136,1.431408,2.385681,3.339953,4.294225,5.248497,26.854204,69.111346,111.368488,153.625629,195.882771,238.139913,288.100025,345.763108,403.426192,461.089275,518.752358,576.415442,628.063744,673.697267,719.330789,764.964311,810.597833,856.231356,904.275357,954.729838,1005.184318,1055.638799,1106.093279,1156.547760,1177.814590,1169.893771,1161.972951,1154.052132,1146.131312,1138.210493,1132.897163,1130.191321,1127.485479,1124.779638,1122.073796,1119.367954,1103.262739,1073.758150,1044.253561,1014.748972,985.244383,955.739794,920.441146,879.348437,838.255729,797.163021,756.070312,714.977604,663.972131,603.053892,542.135653,481.217414,420.299175,359.380936,302.017644,248.209300,194.400956,140.592611,86.784267,32.975922,5.565771,4.553813,3.541854,2.529896,1.517937,0.505979,0.000000,0.000000,0.000000,0.000000,0.000000,0.000000,0.000000,0.000000,0.000000,0.000000,0.000000,0.000000,0.000000,0.000000,0.000000,0.000000,0.000000,0.000000,0.000000,0.000000,0.000000,0.000000,0.000000,0.000000,0.000000,0.000000,0.000000,0.000000,0.000000,0.000000,0.000000,0.000000,0.000000,0.000000,0.000000,0.000000
0.000000,0.000000,0.000000,0.000000,0.000000,0.000000,0.000000,0.000000,0.000000,0.000000,0.000000,0.000000,0.000000,0.000000,0.000000,0.000000,0.000000,0.000000,0.000000,0.000000,0.000000,0.000000,0.000000,0.000000,0.000000,0.000000,0.000000,0.000000,0.000000,0.000000,0.000000,0.000000,0.000000,0.000000,0.000000,0.000000,0.340828,1.022483,1.704139,2.385794,3.067450,3.749106,27.293265,73.699929,120.106593,166.513257,212.919921,259.326585,306.964928,355.834950,404.704972,453.574994,502.445017,551.315039,603.270814,658.312342,713.353869,768.395397,823.436925,878.478453,919.221340,945.665588,972.109835,998.554082,1024.998329,1051.442576,1062.406278,1057.889433,1053.372589,1048.855744,1044.338900,1039.822056,1025.671074,1001.885954,978.100835,954.315715,930.530596,906.745476,871.471799,824.709563,777.947326,731.185090,684.422854,637.660618,593.045439,550.577317,508.109194,465.641072,423.172950,380.704828,345.136932,316.469263,287.801593,259.133924,230.466254,201.798585,172.096104,141.358813,110.621521,79.884229,49.146938,18.409646,2.787583,2.280750,1.773917,1.267083,0.760250,0.253417,0.000000,0.000000,0.000000,0.000000,0.000000,0.000000,0.000000,0.000000,0.000000,0.000000,0.000000,0.000000,0.000000,0.000000,0.000000,0.000000,0.000000,0.000000,0.000000,0.000000,0.000000,0.000000,0.000000,0.000000,0.000000,0.000000,0.000000,0.000000,0.000000,0.000000,0.000000,0.000000,0.000000,0.000000,0.000000,0.000000
0.000000,0.000000,0.000000,0.000000,0.000000,0.000000,0.000000,0.000000,0.000000,0.000000,0.000000,0.000000,0.000000,0.000000,0.000000,0.000000,0.000000,0.000000,0.000000,0.000000,0.000000,0.000000,0.000000,0.000000,0.000000,0.000000,0.000000,0.000000,0.000000,0.000000,0.000000,0.000000,0.000000,0.000000,0.000000,0.000000,0.256437,0.769312,1.282188,1.795062,2.307937,2.820813,23.828171,65.330012,106.831854,148.333696,189.835537,231.337379,276.551175,325.476925,374.402675,423.328425,472.254175,521.179925,565.938101,606.528704,647.119307,687.709910,728.300512,768.891115,796.597578,811.419900,826.242222,841.064544,855.886867,870.709189,895.436282,930.068146,964.700010,999.331874,1033.963737,1068.595601,1076.273371,1056.997046,1037.720721,1018.444396,999.168071,979.891746,952.817399,917.945029,883.072660,848.200290,813.327921,778.455551,746.134756,716.365533,686.596311,656.827089,627.057867,597.288644,561.265344,518.987967,476.710589,434.433211,392.155833,349.878456,301.687317,247.582417,193.477517,139.372617,85.267717,31.162817,3.767836,3.082775,2.397714,1.712653,1.027592,0.342531,0.000000,0.000000,0.000000,0.000000,0.000000,0.000000,0.000000,0.000000,0.000000,0.000000,0.000000,0.000000,0.000000,0.000000,0.000000,0.000000,0.000000,0.000000,0.000000,0.000000,0.000000,0.000000,0.000000,0.000000,0.000000,0.000000,0.000000,0.000000,0.000000,0.000000,0.000000,0.000000,0.000000,0.000000,0.000000,0.000000
0.000000,0.000000,0.000000,0.000000,0.000000,0.000000,0.000000,0.000000,0.000000,0.000000,0.000000,0.000000,0.000000,0.000000,0.000000,0.000000,0.000000,0.000000,0.000000,0.000000,0.000000,0.000000,0.000000,0.000000,0.000000,0.000000,0.000000,0.000000,0.000000,0.000000,0.000000,0.000000,0.000000,0.000000,0.000000,0.000000,0.202939,0.608817,1.014694,1.420572,1.826450,2.232328,22.999322,64.127433,105.255544,146.383656,187.511767,228.639878,271.110971,314.925046,358.739121,402.553196,446.367271,490.181346,526.541735,555.448437,584.355140,613.261843,642.168546,671.075249,702.879685,737.581854,772.284024,806.986193,841.688363,876.390532,895.987976,900.480696,904.973415,909.466135,913.958854,918.451574,920.720789,920.766500,920.812211,920.857922,920.903633,920.949344,911.224547,891.729242,872.233936,852.738631,833.243325,813.748019,781.142682,735.427312,689.711943,643.996574,598.281204,552.565835,506.224411,459.256933,412.289456,365.321978,318.354500,271.387022,227.467194,186.595017,145.722839,104.850661,63.978483,23.106306,2.447699,2.002663,1.557626,1.112590,0.667554,0.222518,0.000000,0.000000,0.000000,0.000000,0.000000,0.000000,0.000000,0.000000,0.000000,0.000000,0.000000,0.000000,0.000000,0.000000,0.000000,0.000000,0.000000,0.000000,0.000000,0.000000,0.000000,0.000000,0.000000,0.000000,0.000000,0.000000,0.000000,0.000000,0.000000,0.000000,0.000000,0.000000,0.000000,0.000000,0.000000,0.000000
0.000000,0.000000,0.000000,0.000000,0.000000,0.000000,0.000000,0.000000,0.000000,0.000000,0.000000,0.000000,0.000000,0.000000,0.000000,0.000000,0.000000,0.000000,0.000000,0.000000,0.000000,0.000000,0.000000,0.000000,0.000000,0.000000,0.000000,0.000000,0.000000,0.000000,0.000000,0.000000,0.000000,0.000000,0.000000,0.000000,0.188668,0.566004,0.943340,1.320676,1.698012,2.075349,26.305011,74.387000,122.468989,170.550978,218.632967,266.714956,316.353994,367.550083,418.746172,469.942261,521.138350,572.334439,608.921703,630.900142,652.878581,674.857019,696.835458,718.813897,734.219783,743.053117,751.886450,760.719783,769.553117,778.386450,795.459756,820.773033,846.086311,871.399589,896.712867,922.026144,924.370035,903.744538,883.119040,862.493543,841.868046,821.242549,801.142461,781.567783,761.993106,742.418428,722.843750,703.269072,673.118654,632.392496,591.666338,550.940179,510.214021,469.487863,431.524006,396.322450,361.120894,325.919339,290.717783,255.516228,218.237875,178.882725,139.527575,100.172425,60.817275,21.462125,1.635838,1.338412,1.040987,0.743563,0.446138,0.148712,0.000000,0.000000,0.000000,0.000000,0.000000,0.000000,0.000000,0.000000,0.000000,0.000000,0.000000,0.000000,0.000000,0.000000,0.000000,0.000000,0.000000,0.000000,0.000000,0.000000,0.000000,0.000000,0.000000,0.000000,0.000000,0.000000,0.000000,0.000000,0.000000,0.000000,0.000000,0.000000,0.000000,0.000000,0.000000,0.000000
0.000000,0.000000,0.000000,0.000000,0.000000,0.000000,0.000000,0.000000,0.000000,0.000000,0.000000,0.000000,0.000000,0.000000,0.000000,0.000000,0.000000,0.000000,0.000000,0.000000,0.000000,0.000000,0.000000,0.000000,0.000000,0.000000,0.000000,0.000000,0.000000,0.000000,0.000000,0.000000,0.000000,0.000000,0.000000,0.000000,0.117206,0.351617,0.586028,0.820439,1.054850,1.289261,25.120379,72.548204,119.976029,167.403854,214.831679,262.259504,305.545665,344.690162,383.834660,422.979157,462.123654,501.268151,534.506472,561.838617,589.170761,616.502906,643.835050,671.167194,689.954213,700.196104,710.437996,720.679888,730.921779,741.163671,758.400293,782.631646,806.862999,831.094351,855.325704,879.557057,887.128199,878.039129,868.950060,859.860990,850.771921,841.682851,832.164685,822.217421,812.270157,802.322893,792.375629,782.428365,757.302754,716.998796,676.694838,636.390879,596.086921,555.782963,516.835619,479.244892,441.654164,404.063436,366.472708,328.881981,284.360088,232.907029,181.453971,130.000913,78.547854,27.094796,1.254244,1.026200,0.798156,0.570111,0.342067,0.114022,0.000000,0.000000,0.000000,0.000000,0.000000,0.000000,0.000000,0.000000,0.000000,0.000000,0.000000,0.000000,0.000000,0.000000,0.000000,0.000000,0.000000,0.000000,0.000000,0.000000,0.000000,0.000000,0.000000,0.000000,0.000000,0.000000,0.000000,0.000000,0.000000,0.000000,0.000000,0.000000,0.000000,0.000000,0.000000,0.000000
0.000000,0.000000,0.000000,0.000000,0.000000,0.000000,0.000000,0.000000,0.000000,0.000000,0.000000,0.000000,0.000000,0.000000,0.000000,0.000000,0.000000,0.000000,0.000000,0.000000,0.000000,0.000000,0.000000,0.000000,0.000000,0.000000,0.000000,0.000000,0.000000,0.000000,0.000000,0.000000,0.000000,0.000000,0.000000,0.000000,0.061674,0.185021,0.308368,0.431715,0.555063,0.678410,20.356642,59.589758,98.822875,138.055992,177.289108,216.522225,260.188115,308.286779,356.385443,404.484107,452.582771,500.681435,542.032889,576.637133,611.241378,645.845622,680.449867,715.054111,739.100193,752.588112,766.076032,779.563951,793.051871,806.539790,820.847310,835.974429,851.101549,866.228668,881.355788,896.482907,905.354569,907.970775,910.586981,913.203186,915.819392,918.435597,907.291108,882.385925,857.480742,832.575558,807.670375,782.765192,750.705415,711.491046,672.276676,633.062307,593.847938,554.633568,516.185883,478.504883,440.823883,403.142883,365.461883,327.780883,283.272028,231.935317,180.598606,129.261894,77.925183,26.588472,0.843440,0.690088,0.536735,0.383382,0.230029,0.076676,0.000000,0.000000,0.000000,0.000000,0.000000,0.000000,0.000000,0.000000,0.000000,0.000000,0.000000,0.000000,0.000000,0.000000,0.000000,0.000000,0.000000,0.000000,0.000000,0.000000,0.000000,0.000000,0.000000,0.000000,0.000000,0.000000,0.000000,0.000000,0.000000,0.000000,0.000000,0.000000,0.000000,0.000000,0.000000,0.000000
0.000000,0.000000,0.000000,0.000000,0.000000,0.000000,0.000000,0.000000,0.000000,0.000000,0.000000,0.000000,0.000000,0.000000,0.000000,0.000000,0.000000,0.000000,0.000000,0.000000,0.000000,0.000000,0.000000,0.000000,0.000000,0.000000,0.000000,0.000000,0.000000,0.000000,0.000000,0.000000,0.000000,0.000000,0.000000,0.000000,0.027258,0.081775,0.136292,0.190808,0.245325,0.299842,25.587757,76.109071,126.630385,177.151699,227.673013,278.194326,333.691547,394.164675,454.637803,515.110931,575.584058,636.057186,685.517188,723.964063,762.410937,800.857813,839.304688,877.751562,911.689583,941.118750,970.547917,999.977083,1029.406250,1058.835417,1076.688542,1082.965625,1089.242708,1095.519792,1101.796875,1108.073958,1094.699149,1061.672446,1028.645743,995.619040,962.592337,929.565635,898.960781,870.777775,842.594769,814.411764,786.228758,758.045753,722.042979,678.220438,634.397896,590.575354,546.752813,502.930271,456.193925,406.543775,356.893625,307.243475,257.593325,207.943175,167.879619,137.402658,106.925697,76.448736,45.971775,15.494814,0.234972,0.192250,0.149528,0.106806,0.064083,0.021361,0.000000,0.000000,0.000000,0.000000,0.000000,0.000000,0.000000,0.000000,0.000000,0.000000,0.000000,0.000000,0.000000,0.000000,0.000000,0.000000,0.000000,0.000000,0.000000,0.000000,0.000000,0.000000,0.000000,0.000000,0.000000,0.000000,0.000000,0.000000,0.000000,0.000000,0.000000,0.000000,0.000000,0.000000,0.000000,0.000000
0.000000,0.000000,0.000000,0.000000,0.000000,0.000000,0.000000,0.000000,0.000000,0.000000,0.000000,0.000000,0.000000,0.000000,0.000000,0.000000,0.000000,0.000000,0.000000,0.000000,0.000000,0.000000,0.000000,0.000000,0.000000,0.000000,0.000000,0.000000,0.000000,0.000000,0.000000,0.000000,0.000000,0.000000,0.000000,0.000000,0.000000,0.000000,0.000000,0.000000,0.000000,0.000000,22.828914,68.486742,114.144569,159.802397,205.460225,251.118053,296.456365,341.475162,386.493960,431.512757,476.531554,521.550351,563.748563,603.126188,642.503812,681.881438,721.259062,760.636687,794.428824,822.635471,850.842118,879.048765,907.255413,935.462060,940.554681,922.533275,904.511869,886.490464,868.469058,850.447653,844.382224,850.272771,856.163318,862.053865,867.944412,873.834960,868.456113,851.807871,835.159629,818.511387,801.863146,785.214904,755.453469,712.578842,669.704214,626.829586,583.954958,541.080331,498.298669,455.609975,412.921281,370.232586,327.543892,284.855197,241.551613,197.633138,153.714662,109.796188,65.877712,21.959237,0.000000,0.000000,0.000000,0.000000,0.000000,0.000000,0.000000,0.000000,0.000000,0.000000,0.000000,0.000000,0.000000,0.000000,0.000000,0.000000,0.000000,0.000000,0.000000,0.000000,0.000000,0.000000,0.000000,0.000000,0.000000,0.000000,0.000000,0.000000,0.000000,0.000000,0.000000,0.000000,0.000000,0.000000,0.000000,0.000000,0.000000,0.000000,0.000000,0.000000,0.000000,0.000000
0.000000,0.000000,0.000000,0.000000,0.000000,0.000000,0.000000,0.000000,0.000000,0.000000,0.000000,0.000000,0.000000,0.000000,0.000000,0.000000,0.000000,0.000000,0.000000,0.000000,0.000000,0.000000,0.000000,0.000000,0.000000,0.000000,0.000000,0.000000,0.000000,0.000000,0.000000,0.000000,0.000000,0.000000,0.000000,0.000000,0.000000,0.000000,0.000000,0.000000,0.000000,0.000000,21.408517,64.225550,107.042583,149.859617,192.676650,235.493683,284.099142,338.493025,392.886908,447.280792,501.674675,556.068558,592.546663,611.108987,629.671312,648.233638,666.795962,685.358287,711.279907,744.560821,777.841735,811.122649,844.403563,877.684476,894.006885,893.370788,892.734690,892.098593,891.462496,890.826399,882.649522,866.931867,851.214211,835.496556,819.778900,804.061244,801.983978,813.547100,825.110222,836.673344,848.236467,859.799589,846.321783,807.803050,769.284317,730.765583,692.246850,653.728117,608.235896,555.770188,503.304479,450.838771,398.373063,345.907354,293.034958,239.755875,186.476792,133.197708,79.918625,26.639542,0.000000,0.000000,0.000000,0.000000,0.000000,0.000000,0.000000,0.000000,0.000000,0.000000,0.000000,0.000000,0.000000,0.000000,0.000000,0.000000,0.000000,0.000000,0.000000,0.000000,0.000000,0.000000,0.000000,0.000000,0.000000,0.000000,0.000000,0.000000,0.000000,0.000000,0.000000,0.000000,0.000000,0.000000,0.000000,0.000000,0.000000,0.000000,0.000000,0.000000,0.000000,0.000000
0.000000,0.000000,0.000000,0.000000,0.000000,0.000000,0.000000,0.000000,0.000000,0.000000,0.000000,0.000000,0.000000,0.000000,0.000000,0.000000,0.000000,0.000000,0.000000,0.000000,0.000000,0.000000,0.000000,0.000000,0.000000,0.000000,0.000000,0.000000,0.000000,0.000000,0.000000,0.000000,0.000000,0.000000,0.000000,0.000000,0.000000,0.000000,0.000000,0.000000,0.000000,0.000000,19.297368,57.892104,96.486840,135.081576,173.676312,212.271049,252.592113,294.639504,336.686896,378.734288,420.781679,462.829071,499.141018,529.717521,560.294024,590.870526,621.447029,652.023532,680.294972,706.261350,732.227728,758.194106,784.160483,810.126861,834.826367,858.259000,881.691633,905.124267,928.556900,951.989533,955.589839,939.357817,923.125794,906.893772,890.661750,874.429728,859.798674,846.768588,833.738501,820.708415,807.678329,794.648243,775.327829,749.717088,724.106346,698.495604,672.884863,647.274121,608.583167,556.812000,505.040833,453.269667,401.498500,349.727333,296.854938,242.881313,188.907687,134.934063,80.960438,26.986812,0.000000,0.000000,0.000000,0.000000,0.000000,0.000000,0.000000,0.000000,0.000000,0.000000,0.000000,0.000000,0.000000,0.000000,0.000000,0.000000,0.000000,0.000000,0.000000,0.000000,0.000000,0.000000,0.000000,0.000000,0.000000,0.000000,0.000000,0.000000,0.000000,0.000000,0.000000,0.000000,0.000000,0.000000,0.000000,0.000000,0.000000,0.000000,0.000000,0.000000,0.000000,0.000000
0.000000,0.000000,0.000000,0.000000,0.000000,0.000000,0.000000,0.000000,0.000000,0.000000,0.000000,0.000000,0.000000,0.000000,0.000000,0.000000,0.000000,0.000000,0.000000,0.000000,0.000000,0.000000,0.000000,0.000000,0.000000,0.000000,0.000000,0.000000,0.000000,0.000000,0.000000,0.000000,0.000000,0.000000,0.000000,0.000000,0.000000,0.000000,0.000000,0.000000,0.000000,0.000000,23.467139,70.401417,117.335694,164.269972,211.204250,258.138528,310.332278,367.785500,425.238722,482.691944,540.145167,597.598389,644.800521,681.751562,718.702604,755.653646,792.604688,829.555729,864.377850,897.071050,929.764250,962.457450,995.150650,1027.843850,1045.682000,1048.665100,1051.648200,1054.631300,1057.614400,1060.597500,1059.832671,1055.319913,1050.807154,1046.294396,1041.781637,1037.268879,1019.269847,987.784542,956.299236,924.813931,893.328625,861.843319,823.460162,778.179154,732.898146,687.617137,642.336129,597.055121,547.285249,493.026513,438.767776,384.509040,330.250304,275.991568,228.123683,186.646650,145.169617,103.692583,62.215550,20.738517,0.000000,0.000000,0.000000,0.000000,0.000000,0.000000,0.000000,0.000000,0.000000,0.000000,0.000000,0.000000,0.000000,0.000000,0.000000,0.000000,0.000000,0.000000,0.000000,0.000000,0.000000,0.000000,0.000000,0.000000,0.000000,0.000000,0.000000,0.000000,0.000000,0.000000,0.000000,0.000000,0.000000,0.000000,0.000000,0.000000,0.000000,0.000000,0.000000,0.000000,0.000000,0.000000
0.000000,0.000000,0.000000,0.000000,0.000000,0.000000,0.000000,0.000000,0.000000,0.000000,0.000000,0.000000,0.000000,0.000000,0.000000,0.000000,0.000000,0.000000,0.000000,0.000000,0.000000,0.000000,0.000000,0.000000,0.000000,0.000000,0.000000,0.000000,0.000000,0.000000,0.000000,0.000000,0.000000,0.000000,0.000000,0.000000,0.000000,0.000000,0.000000,0.000000,0.000000,0.000000,22.033286,66.099858,110.166431,154.233003,198.299575,242.366147,293.767571,352.503846,411.240121,469.976396,528.712671,587.448946,635.436249,672.674579,709.912910,747.151240,784.389571,821.627901,859.688978,898.572800,937.456622,976.340444,1015.224267,1054.108089,1070.485867,1064.357600,1058.229333,1052.101067,1045.972800,1039.844533,1036.633075,1036.338425,1036.043775,1035.749125,1035.454475,1035.159825,1019.655208,988.940625,958.226042,927.511458,896.796875,866.082292,829.072400,785.767200,742.462000,699.156800,655.851600,612.546400,564.084669,510.466408,456.848147,403.229886,349.611625,295.993364,246.752214,201.888175,157.024136,112.160097,67.296058,22.432019,0.000000,0.000000,0.000000,0.000000,0.000000,0.000000,0.000000,0.000000,0.000000,0.000000,0.000000,0.000000,0.000000,0.000000,0.000000,0.000000,0.000000,0.000000,0.000000,0.000000,0.000000,0.000000,0.000000,0.000000,0.000000,0.000000,0.000000,0.000000,0.000000,0.000000,0.000000,0.000000,0.000000,0.000000,0.000000,0.000000,0.000000,0.000000,0.000000,0.000000,0.000000,0.000000
0.000000,0.000000,0.000000,0.000000,0.000000,0.000000,0.000000,0.000000,0.000000,0.000000,0.000000,0.000000,0.000000,0.000000,0.000000,0.000000,0.000000,0.000000,0.000000,0.000000,0.000000,0.000000,0.000000,0.000000,0.000000,0.000000,0.000000,0.000000,0.000000,0.000000,0.000000,0.000000,0.000000,0.000000,0.000000,0.000000,0.000000,0.000000,0.000000,0.000000,0.000000,0.000000,19.825586,59.476758,99.127931,138.779103,178.430275,218.081447,260.135165,304.591429,349.047693,393.503957,437.960221,482.416485,522.739040,558.927887,595.116735,631.305582,667.494429,703.683276,737.284435,768.297904,799.311374,830.324843,861.338313,892.351782,915.465133,930.678367,945.891600,961.104833,976.318067,991.531300,992.263286,978.514025,964.764764,951.015503,937.266242,923.516981,901.703362,871.825388,841.947413,812.069437,782.191462,752.313488,716.948407,676.096221,635.244035,594.391849,553.539662,512.687476,471.431833,429.772733,388.113633,346.454533,304.795433,263.136333,222.114551,181.730087,141.345624,100.961160,60.576696,20.192232,0.000000,0.000000,0.000000,0.000000,0.000000,0.000000,0.000000,0.000000,0.000000,0.000000,0.000000,0.000000,0.000000,0.000000,0.000000,0.000000,0.000000,0.000000,0.000000,0.000000,0.000000,0.000000,0.000000,0.000000,0.000000,0.000000,0.000000,0.000000,0.000000,0.000000,0.000000,0.000000,0.000000,0.000000,0.000000,0.000000,0.000000,0.000000,0.000000,0.000000,0.000000,0.000000
0.000000,0.000000,0.000000,0.000000,0.000000,0.000000,0.000000,0.000000,0.000000,0.000000,0.000000,0.000000,0.000000,0.000000,0.000000,0.000000,0.000000,0.000000,0.000000,0.000000,0.000000,0.000000,0.000000,0.000000,0.000000,0.000000,0.000000,0.000000,0.000000,0.000000,0.000000,0.000000,0.000000,0.000000,0.000000,0.000000,0.000000,0.000000,0.000000,0.000000,0.000000,0.000000,20.313468,60.940404,101.567340,142.194276,182.821213,223.448149,266.388614,311.642608,356.896603,402.150597,447.404592,492.658586,531.838279,564.943671,598.049062,631.154454,664.259846,697.365237,715.135889,717.571800,720.007711,722.443622,724.879533,727.315444,743.456133,773.301600,803.147067,832.992533,862.838000,892.683467,903.383614,894.938442,886.493269,878.048097,869.602925,861.157753,854.973558,851.050342,847.127125,843.203908,839.280692,835.357475,811.190839,766.780783,722.370728,677.960672,633.550617,589.140561,541.321015,490.091979,438.862943,387.633907,336.404871,285.175835,237.931207,194.670987,151.410768,108.150549,64.890329,21.630110,0.000000,0.000000,0.000000,0.000000,0.000000,0.000000,0.000000,0.000000,0.000000,0.000000,0.000000,0.000000,0.000000,0.000000,0.000000,0.000000,0.000000,0.000000,0.000000,0.000000,0.000000,0.000000,0.000000,0.000000,0.000000,0.000000,0.000000,0.000000,0.000000,0.000000,0.000000,0.000000,0.000000,0.000000,0.000000,0.000000,0.000000,0.000000,0.000000,0.000000,0.000000,0.000000
0.000000,0.000000,0.000000,0.000000,0.000000,0.000000,0.000000,0.000000,0.000000,0.000000,0.000000,0.000000,0.000000,0.000000,0.000000,0.000000,0.000000,0.000000,0.000000,0.000000,0.000000,0.000000,0.000000,0.000000,0.000000,0.000000,0.000000,0.000000,0.000000,0.000000,0.000000,0.000000,0.000000,0.000000,0.000000,0.000000,0.000000,0.000000,0.000000,0.000000,0.000000,0.000000,22.025614,66.076842,110.128069,154.179297,198.230525,242.281753,286.314885,330.329921,374.344957,418.359993,462.375029,506.390065,542.588478,570.970267,599.352056,627.733844,656.115633,684.497422,721.626660,767.503346,813.380032,859.256718,905.133404,951.010090,984.171481,1004.617575,1025.063669,1045.509764,1065.955858,1086.401953,1091.490625,1081.221875,1070.953125,1060.684375,1050.415625,1040.146875,1019.655208,988.940625,958.226042,927.511458,896.796875,866.082292,831.898958,794.246875,756.594792,718.942708,681.290625,643.638542,596.413021,539.614062,482.815104,426.016146,369.217187,312.418229,260.350521,213.014062,165.677604,118.341146,71.004688,23.668229,0.000000,0.000000,0.000000,0.000000,0.000000,0.000000,0.000000,0.000000,0.000000,0.000000,0.000000,0.000000,0.000000,0.000000,0.000000,0.000000,0.000000,0.000000,0.000000,0.000000,0.000000,0.000000,0.000000,0.000000,0.000000,0.000000,0.000000,0.000000,0.000000,0.000000,0.000000,0.000000,0.000000,0.000000,0.000000,0.000000,0.000000,0.000000,0.000000,0.000000,0.000000,0.000000
0.000000,0.000000,0.000000,0.000000,0.000000,0.000000,0.000000,0.000000,0.000000,0.000000,0.000000,0.000000,0.000000,0.000000,0.000000,0.000000,0.000000,0.000000,0.000000,0.000000,0.000000,0.000000,0.000000,0.000000,0.000000,0.000000,0.000000,0.000000,0.000000,0.000000,0.000000,0.000000,0.000000,0.000000,0.000000,0.000000,0.000000,0.000000,0.000000,0.000000,0.000000,0.000000,19.157001,57.471004,95.785007,134.099010,172.413013,210.727015,254.966340,305.130988,355.295635,405.460282,455.624929,505.789576,556.577888,607.989862,659.401837,710.813813,762.225788,813.637762,854.464104,884.704813,914.945521,945.186229,975.426938,1005.667646,1027.107750,1039.747250,1052.386750,1065.026250,1077.665750,1090.305250,1091.490625,1081.221875,1070.953125,1060.684375,1050.415625,1040.146875,1017.439144,982.292433,947.145722,911.999011,876.852300,841.705589,797.509685,744.264587,691.019490,637.774393,584.529296,531.284199,484.108903,443.003408,401.897914,360.792419,319.686925,278.581431,236.526293,193.521513,150.516732,107.511951,64.507171,21.502390,0.000000,0.000000,0.000000,0.000000,0.000000,0.000000,0.000000,0.000000,0.000000,0.000000,0.000000,0.000000,0.000000,0.000000,0.000000,0.000000,0.000000,0.000000,0.000000,0.000000,0.000000,0.000000,0.000000,0.000000,0.000000,0.000000,0.000000,0.000000,0.000000,0.000000,0.000000,0.000000,0.000000,0.000000,0.000000,0.000000,0.000000,0.000000,0.000000,0.000000,0.000000,0.000000
0.000000,0.000000,0.000000,0.000000,0.000000,0.000000,0.000000,0.000000,0.000000,0.000000,0.000000,0.000000,0.000000,0.000000,0.000000,0.000000,0.000000,0.000000,0.000000,0.000000,0.000000,0.000000,0.000000,0.000000,0.000000,0.000000,0.000000,0.000000,0.000000,0.000000,0.000000,0.000000,0.000000,0.000000,0.000000,0.000000,0.000000,0.000000,0.000000,0.000000,0.000000,0.000000,18.825994,56.477983,94.129972,131.781961,169.433950,207.085939,248.811586,294.610892,340.410197,386.209503,432.008808,477.808114,520.896214,561.273108,601.650003,642.026897,682.403792,722.780686,764.731185,808.255288,851.779390,895.303493,938.827596,982.351699,1005.189094,1007.339783,1009.490472,1011.641161,1013.791850,1015.942539,1013.510643,1006.496162,999.481682,992.467201,985.452721,978.438240,950.077740,900.371221,850.664701,800.958182,751.251662,701.545143,663.522307,637.183154,610.844001,584.504849,558.165696,531.826543,494.733651,446.887021,399.040390,351.193760,303.347129,255.500499,212.279085,173.682887,135.086690,96.490493,57.894296,19.298099,0.000000,0.000000,0.000000,0.000000,0.000000,0.000000,0.000000,0.000000,0.000000,0.000000,0.000000,0.000000,0.000000,0.000000,0.000000,0.000000,0.000000,0.000000,0.000000,0.000000,0.000000,0.000000,0.000000,0.000000,0.000000,0.000000,0.000000,0.000000,0.000000,0.000000,0.000000,0.000000,0.000000,0.000000,0.000000,0.000000,0.000000,0.000000,0.000000,0.000000,0.000000,0.000000
0.000000,0.000000,0.000000,0.000000,0.000000,0.000000,0.000000,0.000000,0.000000,0.000000,0.000000,0.000000,0.000000,0.000000,0.000000,0.000000,0.000000,0.000000,0.000000,0.000000,0.000000,0.000000,0.000000,0.000000,0.000000,0.000000,0.000000,0.000000,0.000000,0.000000,0.000000,0.000000,0.000000,0.000000,0.000000,0.000000,0.000000,0.000000,0.000000,0.000000,0.000000,0.000000,21.861006,65.583017,109.305028,153.027039,196.749050,240.471061,285.214882,330.980513,376.746143,422.511774,468.277404,514.043035,555.461678,592.533333,629.604989,666.676644,703.748300,740.819956,766.469292,780.696308,794.923325,809.150342,823.377358,837.604375,852.153518,867.024788,881.896057,896.767326,911.638596,926.509865,935.690893,939.181679,942.672465,946.163251,949.654037,953.144824,943.562135,920.905971,898.249807,875.593643,852.937479,830.281315,797.148668,753.539537,709.930407,666.321276,622.712146,579.103015,531.010435,478.434404,425.858374,373.282343,320.706313,268.130282,221.688744,181.381700,141.074656,100.767611,60.460567,20.153522,0.000000,0.000000,0.000000,0.000000,0.000000,0.000000,0.000000,0.000000,0.000000,0.000000,0.000000,0.000000,0.000000,0.000000,0.000000,0.000000,0.000000,0.000000,0.000000,0.000000,0.000000,0.000000,0.000000,0.000000,0.000000,0.000000,0.000000,0.000000,0.000000,0.000000,0.000000,0.000000,0.000000,0.000000,0.000000,0.000000,0.000000,0.000000,0.000000,0.000000,0.000000,0.000000
0.000000,0.000000,0.000000,0.000000,0.000000,0.000000,0.000000,0.000000,0.000000,0.000000,0.000000,0.000000,0.000000,0.000000,0.000000,0.000000,0.000000,0.000000,0.000000,0.000000,0.000000,0.000000,0.000000,0.000000,0.000000,0.000000,0.000000,0.000000,0.000000,0.000000,0.000000,0.000000,0.000000,0.000000,0.000000,0.000000,0.000000,0.000000,0.000000,0.000000,0.000000,0.000000,19.053910,57.161729,95.269549,133.377368,171.485188,209.593007,253.595028,303.491250,353.387472,403.283694,453.179917,503.076139,547.566574,586.651221,625.735868,664.820515,703.905162,742.989810,783.062489,824.123200,865.183911,906.244622,947.305333,988.366044,1016.207117,1030.828550,1045.449983,1060.071417,1074.692850,1089.314283,1088.553851,1072.411554,1056.269257,1040.126960,1023.984663,1007.842365,983.115765,949.804863,916.493960,883.183057,849.872154,816.561251,780.140093,740.608679,701.077265,661.545851,622.014437,582.483024,536.308910,483.492096,430.675282,377.858468,325.041654,272.224840,225.331731,184.362325,143.392919,102.423514,61.454108,20.484703,0.000000,0.000000,0.000000,0.000000,0.000000,0.000000,0.000000,0.000000,0.000000,0.000000,0.000000,0.000000,0.000000,0.000000,0.000000,0.000000,0.000000,0.000000,0.000000,0.000000,0.000000,0.000000,0.000000,0.000000,0.000000,0.000000,0.000000,0.000000,0.000000,0.000000,0.000000,0.000000,0.000000,0.000000,0.000000,0.000000,0.000000,0.000000,0.000000,0.000000,0.000000,0.000000
0.000000,0.000000,0.000000,0.000000,0.000000,0.000000,0.000000,0.000000,0.000000,0.000000,0.000000,0.000000,0.000000,0.000000,0.000000,0.000000,0.000000,0.000000,0.000000,0.000000,0.000000,0.000000,0.000000,0.000000,0.000000,0.000000,0.000000,0.000000,0.000000,0.000000,0.000000,0.000000,0.000000,0.000000,0.000000,0.000000,0.000000,0.000000,0.000000,0.000000,0.000000,0.000000,20.505114,61.515342,102.525569,143.535797,184.546025,225.556253,267.006818,308.897721,350.788624,392.679526,434.570429,476.461332,515.196274,550.775254,586.354235,621.933215,657.512196,693.091176,722.710324,746.369637,770.028951,793.688265,817.347579,841.006893,857.898632,868.022796,878.146960,888.271124,898.395287,908.519451,919.063343,930.026963,940.990582,951.954201,962.917821,973.881440,967.449628,943.622383,919.795139,895.967894,872.140650,848.313406,810.877725,759.833608,708.789492,657.745375,606.701258,555.657142,509.625389,468.606000,427.586611,386.567222,345.547833,304.528444,260.350521,213.014062,165.677604,118.341146,71.004688,23.668229,0.000000,0.000000,0.000000,0.000000,0.000000,0.000000,0.000000,0.000000,0.000000,0.000000,0.000000,0.000000,0.000000,0.000000,0.000000,0.000000,0.000000,0.000000,0.000000,0.000000,0.000000,0.000000,0.000000,0.000000,0.000000,0.000000,0.000000,0.000000,0.000000,0.000000,0.000000,0.000000,0.000000,0.000000,0.000000,0.000000,0.000000,0.000000,0.000000,0.000000,0.000000,0.000000
0.000000,0.000000,0.000000,0.000000,0.000000,0.000000,0.000000,0.000000,0.000000,0.000000,0.000000,0.000000,0.000000,0.000000,0.000000,0.000000,0.000000,0.000000,0.000000,0.000000,0.000000,0.000000,0.000000,0.000000,0.000000,0.000000,0.000000,0.000000,0.000000,0.000000,0.000000,0.000000,0.000000,0.000000,0.000000,0.000000,0.000000,0.000000,0.000000,0.000000,0.000000,0.000000,22.105932,66.317796,110.529660,154.741524,198.953387,243.165251,286.546292,329.096508,371.646725,414.196942,456.747158,499.297375,535.146426,564.294313,593.442199,622.590085,651.737971,680.885857,720.744149,771.312846,821.881543,872.450240,923.018937,973.587635,1007.018068,1023.310237,1039.602407,1055.894576,1072.186746,1088.478915,1083.912264,1058.486792,1033.061319,1007.635847,982.210375,956.784903,925.061886,887.041325,849.020764,811.000203,772.979642,734.959081,703.750512,679.353937,654.957363,630.560787,606.164212,581.767638,540.397369,482.053408,423.709447,365.365486,307.021525,248.677564,201.213451,164.629188,128.044924,91.460660,54.876396,18.292132,0.000000,0.000000,0.000000,0.000000,0.000000,0.000000,0.000000,0.000000,0.000000,0.000000,0.000000,0.000000,0.000000,0.000000,0.000000,0.000000,0.000000,0.000000,0.000000,0.000000,0.000000,0.000000,0.000000,0.000000,0.000000,0.000000,0.000000,0.000000,0.000000,0.000000,0.000000,0.000000,0.000000,0.000000,0.000000,0.000000,0.000000,0.000000,0.000000,0.000000,0.000000,0.000000
0.000000,0.000000,0.000000,0.000000,0.000000,0.000000,0.000000,0.000000,0.000000,0.000000,0.000000,0.000000,0.000000,0.000000,0.000000,0.000000,0.000000,0.000000,0.000000,0.000000,0.000000,0.000000,0.000000,0.000000,0.000000,0.000000,0.000000,0.000000,0.000000,0.000000,0.000000,0.000000,0.000000,0.000000,0.000000,0.000000,0.000000,0.000000,0.000000,0.000000,0.000000,0.000000,22.181742,66.545225,110.908708,155.272192,199.635675,243.999158,293.806868,349.058804,404.310740,459.562676,514.814612,570.066549,616.605029,654.430054,692.255079,730.080104,767.905129,805.730154,840.796758,873.104942,905.413125,937.721308,970.029492,1002.337675,1023.378429,1033.151754,1042.925079,1052.698404,1062.471729,1072.245054,1072.934803,1064.540975,1056.147147,1047.753319,1039.359492,1030.965664,1011.916146,982.210938,952.505729,922.800521,893.095313,863.390104,829.893750,792.606250,755.318750,718.031250,680.743750,643.456250,596.104822,538.689467,481.274111,423.858756,366.443400,309.028044,256.960336,210.240275,163.520214,116.800153,70.080092,23.360031,0.000000,0.000000,0.000000,0.000000,0.000000,0.000000,0.000000,0.000000,0.000000,0.000000,0.000000,0.000000,0.000000,0.000000,0.000000,0.000000,0.000000,0.000000,0.000000,0.000000,0.000000,0.000000,0.000000,0.000000,0.000000,0.000000,0.000000,0.000000,0.000000,0.000000,0.000000,0.000000,0.000000,0.000000,0.000000,0.000000,0.000000,0.000000,0.000000,0.000000,0.000000,0.000000
0.000000,0.000000,0.000000,0.000000,0.000000,0.000000,0.000000,0.000000,0.000000,0.000000,0.000000,0.000000,0.000000,0.000000,0.000000,0.000000,0.000000,0.000000,0.000000,0.000000,0.000000,0.000000,0.000000,0.000000,0.000000,0.000000,0.000000,0.000000,0.000000,0.000000,0.000000,0.000000,0.000000,0.000000,0.000000,0.000000,0.000000,0.000000,0.000000,0.000000,0.000000,0.000000,22.198014,66.594042,110.990069,155.386097,199.782125,244.178153,291.433922,341.549433,391.664944,441.780456,491.895967,542.011478,588.035644,629.968467,671.901289,713.834111,755.766933,797.699756,838.547111,878.309000,918.070889,957.832778,997.594667,1037.356556,1057.667172,1058.526517,1059.385861,1060.245206,1061.104550,1061.963894,1050.544111,1026.845200,1003.146289,979.447378,955.748467,932.049556,907.045583,880.736550,854.427517,828.118483,801.809450,775.500417,743.948029,707.152287,670.356546,633.560804,596.765062,559.969321,516.938683,467.673150,418.407617,369.142083,319.876550,270.611017,225.480063,184.483688,143.487312,102.490938,61.494562,20.498187,0.000000,0.000000,0.000000,0.000000,0.000000,0.000000,0.000000,0.000000,0.000000,0.000000,0.000000,0.000000,0.000000,0.000000,0.000000,0.000000,0.000000,0.000000,0.000000,0.000000,0.000000,0.000000,0.000000,0.000000,0.000000,0.000000,0.000000,0.000000,0.000000,0.000000,0.000000,0.000000,0.000000,0.000000,0.000000,0.000000,0.000000,0.000000,0.000000,0.000000,0.000000,0.000000
0.000000,0.000000,0.000000,0.000000,0.000000,0.000000,0.000000,0.000000,0.000000,0.000000,0.000000,0.000000,0.000000,0.000000,0.000000,0.000000,0.000000,0.000000,0.000000,0.000000,0.000000,0.000000,0.000000,0.000000,0.000000,0.000000,0.000000,0.000000,0.000000,0.000000,0.000000,0.000000,0.000000,0.000000,0.000000,0.000000,0.000000,0.000000,0.000000,0.000000,0.000000,0.000000,23.334375,70.003125,116.671875,163.340625,210.009375,256.678125,306.921304,360.738912,414.556521,468.374129,522.191737,576.009346,616.038747,642.279942,668.521136,694.762331,721.003525,747.244719,776.683067,809.318567,841.954067,874.589567,907.225067,939.860567,963.567078,978.344600,993.122122,1007.899644,1022.677167,1037.454689,1027.021415,991.377346,955.733276,920.089207,884.445137,848.801068,816.705621,788.158796,759.611971,731.065146,702.518321,673.971496,653.300962,640.506721,627.712479,614.918237,602.123996,589.329754,555.271539,499.949350,444.627161,389.304972,333.982783,278.660594,230.082875,188.249625,146.416375,104.583125,62.749875,20.916625,0.000000,0.000000,0.000000,0.000000,0.000000,0.000000,0.000000,0.000000,0.000000,0.000000,0.000000,0.000000,0.000000,0.000000,0.000000,0.000000,0.000000,0.000000,0.000000,0.000000,0.000000,0.000000,0.000000,0.000000,0.000000,0.000000,0.000000,0.000000,0.000000,0.000000,0.000000,0.000000,0.000000,0.000000,0.000000,0.000000,0.000000,0.000000,0.000000,0.000000,0.000000,0.000000
0.000000,0.000000,0.000000,0.000000,0.000000,0.000000,0.000000,0.000000,0.000000,0.000000,0.000000,0.000000,0.000000,0.000000,0.000000,0.000000,0.000000,0.000000,0.000000,0.000000,0.000000,0.000000,0.000000,0.000000,0.000000,0.000000,0.000000,0.000000,0.000000,0.000000,0.000000,0.000000,0.000000,0.000000,0.000000,0.000000,0.000000,0.000000,0.000000,0.000000,0.000000,0.000000,18.603776,55.811329,93.018882,130.226435,167.433988,204.641540,252.056294,309.678250,367.300206,424.922161,482.544117,540.166072,588.456700,627.416000,666.375300,705.334600,744.293900,783.253200,816.883769,845.185608,873.487447,901.789286,930.091125,958.392964,980.193975,995.494158,1010.794342,1026.094525,1041.394708,1056.694892,1051.915154,1027.055496,1002.195838,977.336179,952.476521,927.616863,900.765940,871.923754,843.081568,814.239382,785.397196,756.555010,728.604847,701.546708,674.488569,647.430431,620.372292,593.314153,554.426856,503.710400,452.993944,402.277489,351.561033,300.844578,252.529154,206.614763,160.700371,114.785979,68.871587,22.957196,0.000000,0.000000,0.000000,0.000000,0.000000,0.000000,0.000000,0.000000,0.000000,0.000000,0.000000,0.000000,0.000000,0.000000,0.000000,0.000000,0.000000,0.000000,0.000000,0.000000,0.000000,0.000000,0.000000,0.000000,0.000000,0.000000,0.000000,0.000000,0.000000,0.000000,0.000000,0.000000,0.000000,0.000000,0.000000,0.000000,0.000000,0.000000,0.000000,0.000000,0.000000,0.000000
0.000000,0.000000,0.000000,0.000000,0.000000,0.000000,0.000000,0.000000,0.000000,0.000000,0.000000,0.000000,0.000000,0.000000,0.000000,0.000000,0.000000,0.000000,0.000000,0.000000,0.000000,0.000000,0.000000,0.000000,0.000000,0.000000,0.000000,0.000000,0.000000,0.000000,0.000000,0.000000,0.000000,0.000000,0.000000,0.000000,0.000000,0.000000,0.000000,0.000000,0.000000,0.000000,23.334375,70.003125,116.671875,163.340625,210.009375,256.678125,308.470313,365.385938,422.301562,479.217188,536.132812,593.048437,639.659375,675.965625,712.271875,748.578125,784.884375,821.190625,857.501563,893.817187,930.132812,966.448438,1002.764063,1039.079687,1049.093406,1032.805217,1016.517028,1000.228839,983.940650,967.652461,955.920111,948.743600,941.567089,934.390578,927.214067,920.037556,910.440331,898.422392,886.404453,874.386514,862.368575,850.350636,820.956082,774.184912,727.413743,680.642574,633.871404,587.100235,536.405532,481.787296,427.169060,372.550824,317.932588,263.314351,216.338131,177.003925,137.669719,98.335514,59.001308,19.667103,0.000000,0.000000,0.000000,0.000000,0.000000,0.000000,0.000000,0.000000,0.000000,0.000000,0.000000,0.000000,0.000000,0.000000,0.000000,0.000000,0.000000,0.000000,0.000000,0.000000,0.000000,0.000000,0.000000,0.000000,0.000000,0.000000,0.000000,0.000000,0.000000,0.000000,0.000000,0.000000,0.000000,0.000000,0.000000,0.000000,0.000000,0.000000,0.000000,0.000000,0.000000,0.000000
0.000000,0.000000,0.000000,0.000000,0.000000,0.000000,0.000000,0.000000,0.000000,0.000000,0.000000,0.000000,0.000000,0.000000,0.000000,0.000000,0.000000,0.000000,0.000000,0.000000,0.000000,0.000000,0.000000,0.000000,0.000000,0.000000,0.000000,0.000000,0.000000,0.000000,0.000000,0.000000,0.000000,0.000000,0.000000,0.000000,0.000000,0.000000,0.000000,0.000000,0.000000,0.000000,21.391125,64.173375,106.955625,149.737875,192.520125,235.302375,282.052944,332.771833,383.490722,434.209611,484.928500,535.647389,584.201576,630.591063,676.980549,723.370035,769.759521,816.149007,853.604522,882.126067,910.647611,939.169156,967.690700,996.212244,1010.121682,1009.419013,1008.716343,1008.013674,1007.311004,1006.608335,999.961865,987.371596,974.781326,962.191057,949.600788,937.010518,917.285082,890.424479,863.563876,836.703274,809.842671,782.982068,752.066687,717.096529,682.126371,647.156212,612.186054,577.215896,530.517197,472.089958,413.662719,355.235481,296.808242,238.381003,191.736768,156.875538,122.014307,87.153076,52.291846,17.430615,0.000000,0.000000,0.000000,0.000000,0.000000,0.000000,0.000000,0.000000,0.000000,0.000000,0.000000,0.000000,0.000000,0.000000,0.000000,0.000000,0.000000,0.000000,0.000000,0.000000,0.000000,0.000000,0.000000,0.000000,0.000000,0.000000,0.000000,0.000000,0.000000,0.000000,0.000000,0.000000,0.000000,0.000000,0.000000,0.000000,0.000000,0.000000,0.000000,0.000000,0.000000,0.000000
0.000000,0.000000,0.000000,0.000000,0.000000,0.000000,0.000000,0.000000,0.000000,0.000000,0.000000,0.000000,0.000000,0.000000,0.000000,0.000000,0.000000,0.000000,0.000000,0.000000,0.000000,0.000000,0.000000,0.000000,0.000000,0.000000,0.000000,0.000000,0.000000,0.000000,0.000000,0.000000,0.000000,0.000000,0.000000,0.000000,0.010118,0.030354,0.050590,0.070826,0.091063,0.111299,22.580433,67.498467,112.416500,157.334533,202.252567,247.170600,291.046128,333.879150,376.712172,419.545194,462.378217,505.211239,541.474572,571.168217,600.861861,630.555506,660.249150,689.942794,714.192599,732.998562,751.804526,770.610490,789.416454,808.222418,821.718754,829.905462,838.092171,846.278879,854.465587,862.652296,872.998990,885.505671,898.012351,910.519032,923.025712,935.532393,932.688444,914.493867,896.299289,878.104711,859.910133,841.715556,810.567753,766.466725,722.365697,678.264669,634.163642,590.062614,543.890258,495.646575,447.402892,399.159208,350.915525,302.671842,255.347396,208.942188,162.536979,116.131771,69.726562,23.321354,0.108854,0.089063,0.069271,0.049479,0.029687,0.009896,0.000000,0.000000,0.000000,0.000000,0.000000,0.000000,0.000000,0.000000,0.000000,0.000000,0.000000,0.000000,0.000000,0.000000,0.000000,0.000000,0.000000,0.000000,0.000000,0.000000,0.000000,0.000000,0.000000,0.000000,0.000000,0.000000,0.000000,0.000000,0.000000,0.000000,0.000000,0.000000,0.000000,0.000000,0.000000,0.000000
