588.288267,601.588117,621.093333,585.105183,583.760417,631.168333,650.053417,652.806267,636.213333,588.835600,615.776883,677.455000,635.111833,640.824917,705.770000,684.995917,666.149083,683.698333,681.009617,688.960433,696.530000,658.895183,651.791600,683.218333,687.310383,694.834467,710.040000,702.870367,710.309500,723.650000,701.370133,717.020550,742.765000,691.439500,749.688883,894.896667,906.816517,886.148833,899.970000,907.900117,907.400167,905.605000,908.213633,918.334033,912.666667,888.236917,1014.019383,1219.333333,1244.915783,1204.281833,1202.688333,1226.950067,1212.585500,1179.548333,1203.646033,1204.925217,1183.221667,1216.192017,1218.862600,1183.243333,1187.586900,1182.718400,1164.361667,1183.161700,1198.998833,1189.196667,1173.824500,1178.194583,1188.195000,1161.839883,1108.082283,1078.548333,1113.530917,1097.545233,1047.328333,1091.322033,1124.613150,1113.726667,1131.827133,1152.669417,1139.130000,1091.087533,1089.978833,1128.995000,1122.801950,1103.896883,1091.496667,1066.427117,1032.764233,1025.781667,1076.596967,1103.814283,1082.268333,1062.508600,1059.018833,1067.375000,1074.162000,1066.576433,1048.691667,1039.485883,1049.990617,1064.843333,1054.197217,1028.245567,1031.998333,1077.417783,960.671817,754.908333,748.422133,774.003433,744.868333,745.077500,751.812600,747.695000,745.288217,739.970583,731.198333,724.662750,716.772417,719.331667,747.212400,758.617667,749.966667,755.848917,754.819333,747.251667,758.038367,765.947350,770.150000,775.619133,688.664083,560.500000,550.959800,578.488667,586.895000,593.587983,564.344667,548.331667,629.042533,647.270000,587.523333,592.265150,616.185683,616.116667
603.758483,603.793517,618.038333,625.087100,614.150633,607.356667,634.883000,642.520433,630.630000,651.230817,661.373300,647.795000,644.231683,655.281017,675.996667,694.163667,677.905433,653.240000,678.053833,690.079867,676.853333,689.784017,713.883517,721.830000,704.193083,700.331500,712.316667,703.172533,678.231417,671.825000,710.492550,721.751433,691.521667,688.389100,773.621433,901.931667,956.466850,949.231517,922.943333,910.262433,913.933417,923.480000,929.222783,944.993883,927.776667,846.990900,956.259117,1200.958333,1253.269983,1208.971083,1192.770000,1225.261567,1238.373317,1215.875000,1201.276150,1185.647083,1170.520000,1174.658617,1188.169850,1191.850000,1175.575850,1171.465100,1185.923333,1193.133600,1184.027467,1164.741667,1150.872600,1153.142100,1175.575000,1204.039533,1176.912283,1104.646667,1064.255250,1063.223583,1086.180000,1112.902633,1123.376500,1129.381667,1153.917817,1141.849517,1103.691667,1109.136267,1124.213233,1128.121667,1130.920067,1108.578017,1086.621667,1116.564900,1124.204817,1103.523333,1114.423050,1085.055667,1036.798333,1067.711717,1079.099700,1048.373333,1051.221833,1052.036200,1039.880000,1046.081283,1055.923967,1052.958333,1035.954750,1022.849300,1030.871667,1045.998867,958.230750,804.215000,743.786800,747.932667,755.225000,738.877783,741.031750,753.781667,727.568017,712.162117,727.623333,743.263317,747.327950,751.543333,770.476917,760.100100,720.576667,704.129300,733.005083,774.711667,772.266667,756.428967,764.811667,792.158633,731.394717,615.911667,591.588100,594.776100,587.871667,596.283233,579.707333,553.935000,579.734383,606.823250,616.826667,628.288167,571.367000,486.520000
492.391817,493.435033,459.418333,454.177567,439.955683,430.626667,483.780183,521.841833,509.470000,487.256867,490.109217,507.868333,500.103950,476.754583,466.683333,492.215383,526.834350,549.000000,557.789167,565.096283,571.103333,562.646750,534.034933,525.856667,578.390717,561.904433,490.930000,512.496817,557.143833,556.925000,521.739400,537.393783,601.308333,622.283183,583.895300,542.796667,570.208333,586.610050,560.983333,545.681000,577.028317,631.201667,649.177033,650.826217,652.321667,649.545117,653.053467,670.930000,691.054383,651.016950,587.370000,614.941000,714.122383,792.256667,765.209633,731.929700,749.373333,778.888933,756.368967,708.915000,725.853300,760.257283,758.835000,714.956033,691.028683,707.953333,729.419950,726.042133,715.375000,738.627700,754.785617,734.403333,693.573517,695.923067,722.005000,692.800850,666.407800,668.125000,666.738217,675.476067,674.615000,631.491783,635.463650,682.511667,677.346300,655.435683,648.668333,650.144450,648.443850,633.456667,608.356217,618.068350,643.488333,622.691300,616.664617,636.200000,625.325350,588.859733,567.710000,590.693600,564.255267,499.423333,499.082483,496.134167,474.536667,488.479867,495.123867,476.505000,461.311100,463.118467,468.313333,451.994967,434.913267,434.820000,448.214650,447.519817,451.266667,498.039533,503.747917,466.343333,466.890167,468.334150,461.033333,477.627150,488.686200,483.950000,479.347683,456.582067,441.126667,475.717217,466.864233,413.573333,408.958650,416.079400,410.343333,409.157950,413.068333,421.906667,436.459733,445.818150,448.156667,452.063150,459.186133,460.590000
449.465717,459.697950,474.466667,443.806700,426.704583,456.285000,501.783633,496.286367,462.868333,484.043683,490.673433,473.233333,493.594717,507.418100,502.920000,514.736183,523.482800,520.010000,518.650300,529.079283,537.138333,523.458533,533.919600,550.936667,513.828517,504.936383,536.675000,540.034933,544.753433,565.403333,577.490367,565.630533,546.526667,552.181500,559.370817,553.650000,546.932167,562.709733,576.711667,548.618917,569.984983,639.370000,658.528617,646.802000,625.808333,599.185683,609.626883,640.181667,630.283150,621.309400,624.728333,619.678433,675.151250,758.565000,757.991300,739.253700,734.876667,716.060367,722.680550,756.808333,771.017833,745.589833,721.198333,752.939350,747.582817,697.030000,691.240367,720.948217,744.290000,731.810917,726.631450,725.738333,689.417467,684.419217,710.950000,699.342967,674.871567,664.035000,673.610117,721.993450,747.593333,664.761417,617.458083,653.910000,681.398283,662.256050,634.236667,658.780833,656.906117,620.450000,620.897633,624.038817,614.765000,619.899250,645.696800,658.473333,619.462550,602.717283,620.095000,604.401667,537.809450,471.908333,479.198700,494.389067,482.665000,471.033000,471.017300,475.868333,475.794217,500.555750,521.475000,475.420300,432.612583,434.993333,461.890750,491.377733,495.470000,460.398883,451.647167,478.923333,489.279933,481.708100,467.453333,460.996050,493.027217,530.593333,507.241983,490.186733,508.113333,514.898550,460.377800,395.195000,419.848567,435.641767,417.346667,431.332533,417.680617,393.491667,442.731883,480.424250,456.148333,416.657933,477.812367,599.250000
624.852250,622.420733,635.443333,633.603833,620.468417,616.591667,637.848433,652.151133,642.988333,623.889600,617.566633,640.078333,685.192000,695.578333,680.666667,701.011033,706.622550,680.653333,663.011300,672.565650,688.965000,678.718383,686.209067,714.193333,713.831100,677.774200,655.948333,708.127833,751.508200,733.755000,681.128033,664.099783,679.895000,682.947417,782.128050,928.518333,942.412650,906.986850,899.603333,912.965267,899.528050,883.955000,930.590700,941.668850,891.833333,879.601033,1032.832033,1239.386667,1245.833050,1210.173417,1220.001667,1210.085933,1205.796300,1212.056667,1202.364067,1202.537183,1204.353333,1173.752400,1161.139950,1178.261667,1187.062100,1190.923917,1191.610000,1179.966833,1155.100800,1149.213333,1195.399467,1210.877767,1177.130000,1153.867000,1139.922267,1129.113333,1120.144967,1088.328883,1048.151667,1048.080817,1090.689050,1138.535000,1143.065717,1123.236517,1110.130000,1121.402217,1141.514217,1153.041667,1144.389250,1104.313817,1077.733333,1120.933417,1118.176033,1071.113333,1091.405333,1092.204483,1060.693333,1077.209300,1095.223717,1085.613333,1066.409517,1042.937817,1032.183333,1051.410150,1059.646467,1051.516667,1057.137733,1050.057350,1051.860000,1086.962467,954.933617,734.041667,723.141417,767.941117,754.365000,726.719667,731.692967,760.566667,762.694383,737.842583,722.391667,750.841317,759.404233,725.275000,693.437950,713.240683,753.588333,738.777267,734.145700,755.566667,752.254033,748.364233,767.810000,788.700517,694.524333,548.088333,539.548417,563.055950,564.338333,589.835800,582.066183,557.335000,592.123983,604.057117,586.616667,614.903067,627.329550,608.251667
607.394467,611.227383,608.893333,609.807833,625.636017,638.516667,623.810333,644.556650,678.868333,643.459333,632.878083,667.408333,672.910000,675.226317,682.696667,669.324283,647.298333,644.795000,679.221167,703.074400,698.150000,690.063933,696.336300,708.828333,707.199633,713.095200,719.228333,695.806417,680.281917,694.141667,720.006267,719.737700,692.556667,687.010083,774.337483,897.250000,917.234000,902.854167,908.235000,918.297767,912.737783,890.471667,871.713267,880.035517,878.361667,835.285167,971.260917,1208.476667,1231.470633,1212.502533,1238.088333,1217.732767,1196.888283,1197.903333,1193.668183,1195.689217,1198.065000,1180.513317,1174.068433,1176.946667,1161.910800,1179.679967,1209.151667,1178.281817,1173.334667,1203.130000,1187.244083,1159.105900,1152.441667,1162.221917,1148.125033,1104.071667,1065.663383,1062.051750,1070.073333,1045.130667,1053.863433,1101.235000,1122.691117,1134.216017,1137.848333,1114.697650,1100.489333,1100.700000,1091.149983,1103.459567,1121.646667,1093.243583,1066.248717,1074.700000,1100.118083,1077.670217,1037.870000,1069.489400,1074.287617,1041.336667,1058.416583,1070.290800,1054.923333,1050.653967,1055.683550,1060.166667,1056.331550,1035.306517,1025.566667,1047.066617,945.476617,759.211667,698.379333,715.224800,746.936667,775.451500,756.728150,709.556667,703.255733,729.386200,752.848333,748.127183,751.642700,764.941667,751.544417,724.683400,713.010000,735.145117,760.826717,769.981667,763.457117,737.862783,730.051667,771.521717,715.615400,585.931667,559.695950,570.960400,566.341667,563.517433,562.230717,573.143333,607.960217,619.982433,601.480000,586.980033,567.111617,567.968333
623.501833,618.497300,571.006667,613.186467,654.096983,654.025000,661.071683,641.862300,604.890000,605.504867,632.825150,660.403333,670.695017,674.461800,677.030000,672.162950,657.879117,645.550000,649.478117,648.517250,645.171667,661.451817,668.780233,670.450000,695.564000,699.698800,681.878333,689.503333,714.235467,734.078333,731.411717,703.378800,675.931667,696.562200,794.075767,893.795000,883.362000,887.009050,933.886667,930.098850,909.120317,899.486667,896.711800,915.654467,919.041667,876.827500,1002.106233,1220.590000,1228.927750,1194.317100,1214.555000,1214.197883,1188.903883,1167.408333,1179.104950,1203.501950,1214.273333,1199.390900,1176.683300,1166.701667,1175.967983,1175.119117,1161.426667,1162.999883,1187.187217,1192.688333,1136.926150,1137.625483,1196.938333,1194.391267,1143.571433,1095.033333,1087.547883,1105.855667,1122.326667,1122.778783,1139.409617,1152.570000,1115.922583,1123.626917,1158.555000,1110.637683,1080.805617,1095.353333,1081.871617,1086.011450,1113.015000,1113.839217,1106.258050,1093.508333,1059.991450,1041.485250,1055.505000,1085.297567,1103.687167,1099.818333,1082.979933,1068.919733,1079.406667,1118.105267,1102.608600,1037.871667,1013.456967,1022.723883,1058.555000,1095.134600,946.997767,712.173333,694.202767,732.089600,729.981667,750.153950,751.137317,733.793333,747.687933,757.611733,742.763333,717.865667,694.687883,694.003333,729.172717,746.296733,741.883333,756.475233,741.141300,708.505000,724.161200,731.140800,736.515000,786.326467,711.901450,559.291667,555.719550,581.270183,562.811667,551.376383,549.131483,557.961667,583.529933,594.665250,591.556667,602.164333,604.489583,605.035000
634.113783,652.534883,626.171667,566.106017,567.172950,619.816667,621.444133,597.452000,602.711667,655.658067,651.804417,620.580000,684.215833,687.627900,629.663333,667.849100,699.576450,678.028333,667.976467,686.308033,712.835000,717.496317,724.364467,740.106667,741.628250,713.599733,688.808333,715.763267,726.019383,700.733333,688.213483,688.127267,690.031667,705.622683,815.772883,943.601667,920.955483,905.845750,939.458333,911.017867,898.115417,915.050000,897.451317,911.331133,936.436667,903.034150,1009.965733,1208.551667,1233.375483,1209.520467,1215.386667,1200.413250,1188.214933,1197.475000,1214.188117,1196.638767,1156.681667,1150.668900,1171.604233,1185.761667,1168.004583,1165.836283,1184.941667,1183.301383,1168.470833,1161.708333,1174.020450,1174.230317,1152.891667,1134.051517,1144.215833,1156.016667,1116.182633,1081.727483,1077.850000,1079.312250,1097.671733,1122.901667,1126.468733,1130.179517,1136.848333,1123.798983,1094.385100,1065.666667,1056.872767,1068.354383,1091.980000,1114.057433,1114.463217,1095.641667,1078.749783,1063.418250,1047.333333,1038.755717,1069.799567,1095.815000,1037.401867,1001.925150,1031.023333,1058.207967,1041.335083,1026.271667,1086.120700,1088.567167,1039.153333,1050.873267,921.036550,704.968333,688.514100,730.187567,730.135000,728.833800,720.368150,709.360000,715.754267,725.899450,725.338333,716.570800,735.690067,763.056667,741.106283,715.346150,725.730000,765.658750,773.943700,756.203333,767.843183,748.181983,724.393333,771.781733,699.648167,533.883333,506.914117,542.782517,553.753333,537.294683,553.908917,588.045000,568.982767,565.684300,594.741667,602.706867,607.574700,610.640000
593.632900,599.524683,627.298333,633.511450,642.202750,659.138333,662.834550,664.929333,661.286667,640.289817,654.339583,684.501667,661.426667,659.608033,678.331667,646.887317,657.093133,705.880000,694.448000,684.303450,692.598333,672.861950,665.670617,684.343333,696.568533,688.258783,670.758333,670.351133,691.058033,714.826667,719.936417,732.013100,717.786667,643.659967,742.217667,945.838333,940.929367,891.926417,900.018333,898.199067,893.230283,898.180000,911.796717,931.438267,934.590000,921.208217,1047.362817,1224.165000,1196.549817,1170.867817,1228.675000,1241.785250,1216.321883,1199.018333,1218.178433,1214.467717,1186.623333,1191.427133,1199.181350,1190.851667,1180.839550,1183.656017,1191.125000,1182.624383,1176.152433,1176.961667,1173.909600,1179.779733,1189.015000,1179.150950,1157.697383,1124.468333,1078.765817,1075.693233,1093.740000,1065.109400,1092.336133,1151.803333,1113.531800,1094.290183,1121.305000,1105.880733,1104.102550,1121.031667,1099.152817,1083.632283,1086.721667,1075.593000,1073.968817,1088.996667,1097.428067,1081.275500,1055.521667,1055.420717,1071.904400,1080.670000,1065.925467,1059.246017,1060.520000,1042.220100,1039.163717,1050.480000,1040.658217,1040.820467,1057.898333,1043.883350,905.034433,726.786667,708.261350,746.740967,753.703333,738.395867,732.554917,735.888333,724.525433,725.222133,740.720000,744.248733,738.934167,727.781667,712.618033,720.474733,737.265000,724.851200,735.811683,775.178333,786.898250,756.126717,737.280000,781.515883,706.294833,544.431667,521.874817,544.565067,552.136667,584.822133,618.685117,618.870000,577.999567,569.487350,607.231667,624.539483,555.952417,451.630000
431.890350,442.577217,444.430000,450.369900,444.661717,442.505000,474.387517,480.729517,465.505000,491.044350,509.291083,493.096667,469.220267,479.666750,511.361667,511.330783,500.006733,508.103333,541.663017,545.490683,508.355000,478.148400,499.498850,546.195000,544.994550,512.732033,505.651667,561.809817,586.961350,566.513333,573.441267,580.806867,568.023333,550.046667,552.387483,572.473333,582.712117,577.278233,564.990000,562.392000,580.932183,618.685000,659.979817,682.777517,677.335000,652.847383,638.085783,640.346667,646.063817,662.070467,677.378333,675.016900,703.692683,755.258333,769.423100,770.071733,771.910000,764.413667,759.538667,758.753333,752.604417,752.670083,751.461667,729.214883,713.818333,716.546667,720.758683,714.021450,700.871667,696.478067,696.229483,692.591667,684.947183,690.172500,697.653333,683.002600,690.939817,711.860000,687.642167,653.048333,647.355000,672.225317,661.027667,625.155000,642.418217,677.282333,676.631667,627.203667,622.183017,649.935000,616.155450,614.914317,648.813333,625.810733,629.774467,664.181667,639.102183,593.829983,583.751667,614.286850,568.991933,474.433333,474.086733,489.873983,476.030000,469.913933,481.696683,485.053333,448.637667,432.740633,449.578333,454.038567,456.294817,467.475000,483.537467,494.609700,495.090000,484.694317,462.937567,448.383333,462.085600,461.135867,448.235000,466.796683,477.627333,460.780000,442.338650,467.104750,513.695000,512.229433,479.748200,438.370000,398.585050,392.152767,412.705000,419.444800,409.387033,411.810000,451.766967,452.411500,409.550000,397.408217,410.574467,426.705000
435.762617,458.708917,478.845000,456.740600,441.470717,458.508333,485.103400,492.043567,483.646667,490.317600,507.943983,516.238333,501.445867,502.261317,517.291667,510.494567,517.744817,534.320000,521.954200,540.283367,570.053333,529.700783,500.602133,517.603333,534.565450,535.608750,526.231667,523.008217,534.437600,543.876667,531.265683,551.047400,590.963333,578.849283,544.825150,536.186667,568.410950,571.302483,550.245000,577.156983,605.141683,616.255000,638.289000,645.069733,641.191667,658.694900,661.880933,646.385000,645.578633,649.158233,645.078333,638.135417,659.955550,710.393333,752.206350,755.453033,742.485000,761.345567,765.044317,736.538333,709.766633,704.423733,709.903333,702.464000,708.848333,733.458333,745.753367,719.119200,689.763333,719.133550,728.053767,697.653333,688.754767,696.788767,708.483333,715.627517,697.067250,665.160000,656.518617,658.250767,663.911667,679.720533,686.390500,675.165000,654.099283,630.311150,617.040000,626.517700,641.020600,640.981667,625.633150,642.906900,670.301667,637.497433,609.502967,604.688333,580.868467,576.857467,600.463333,605.962817,546.015483,462.335000,452.277133,481.165300,501.741667,495.536617,473.969450,463.661667,480.842867,471.951617,448.641667,472.588017,478.332000,453.786667,454.011683,460.032500,470.670000,502.248333,495.726217,455.171667,447.720283,463.756450,483.090000,496.243733,498.802750,493.971667,488.987617,482.129667,486.341667,508.493700,468.559683,385.181667,369.364517,417.617817,459.385000,427.798950,414.070833,432.206667,411.160733,404.949533,425.953333,438.436583,506.284250,612.803333
657.947850,635.253517,603.766667,627.082450,627.709600,594.961667,601.436617,642.139717,677.345000,667.381017,630.051567,607.501667,630.075683,644.906867,652.311667,698.763717,721.791250,694.593333,658.603733,669.475550,698.501667,668.207733,651.303550,676.958333,700.036600,706.653633,698.223333,685.606683,689.733967,702.540000,700.457967,720.063350,731.121667,681.130533,745.891900,900.108333,931.677133,914.046033,914.288333,916.493583,896.898900,868.116667,871.585817,912.107783,936.376667,904.257733,1008.982533,1196.361667,1208.712183,1191.969333,1223.630000,1229.377683,1217.624217,1199.943333,1174.813600,1164.684817,1168.180000,1164.135800,1170.700700,1178.091667,1158.191300,1158.844450,1177.721667,1165.192433,1158.161050,1156.905000,1130.825167,1156.143383,1205.091667,1163.378583,1094.483633,1073.428333,1114.437400,1129.871883,1096.811667,1074.624100,1091.085600,1130.705000,1149.282683,1127.418000,1100.086667,1119.546600,1119.602550,1086.116667,1073.502483,1081.374133,1089.715000,1080.129700,1060.766667,1045.285000,1043.300700,1053.069150,1072.055000,1092.181683,1077.899533,1051.335000,1070.064400,1078.087533,1056.068333,1043.193167,1049.120500,1062.970000,1066.037733,1058.605600,1058.201667,1061.679850,943.069850,757.698333,704.820033,714.414333,727.978333,756.314917,764.587033,746.798333,733.568583,736.206200,733.320000,698.284000,690.175817,720.726667,740.902917,735.990850,725.305000,740.112650,760.958400,760.510000,731.480633,724.090617,748.871667,755.891833,675.156683,563.140000,553.711783,570.616767,571.246667,585.113067,582.445967,579.248333,616.808683,598.435583,553.850000,606.161150,614.535733,571.486667
610.803767,632.670900,606.701667,603.750717,583.709850,573.708333,646.242017,676.397833,642.493333,642.438117,640.800150,632.168333,653.386533,653.681650,640.238333,672.084017,696.002667,691.088333,687.962467,679.288500,669.358333,677.682317,697.268150,709.425000,698.676517,681.708117,682.618333,710.366717,718.999633,715.301667,745.599783,751.267233,708.426667,671.501367,753.041733,892.835000,910.318883,886.667450,894.718333,919.263883,900.683317,871.073333,919.084883,954.770600,913.743333,849.291167,984.072450,1218.105000,1218.086050,1166.010133,1189.760000,1231.173200,1238.007717,1214.970000,1210.551917,1232.922550,1238.443333,1181.696783,1168.624567,1205.021667,1195.739017,1192.114433,1204.206667,1181.929267,1152.198317,1159.666667,1213.548650,1198.477850,1141.490000,1171.762417,1142.583950,1055.448333,1066.109667,1076.801100,1055.298333,1073.550450,1096.577467,1099.870000,1102.535917,1140.231433,1176.416667,1137.577100,1102.210017,1102.928333,1096.791850,1078.419800,1072.920000,1103.895433,1111.250483,1081.801667,1060.849500,1055.455700,1063.703333,1076.757900,1056.124767,1031.558333,1070.288517,1090.712283,1063.718333,1040.954617,1034.217800,1027.008333,1002.051550,1006.028400,1049.523333,1070.284517,934.623850,737.380000,722.373867,752.292317,732.480000,705.107383,696.572867,716.303333,750.362600,741.249500,710.681667,734.508883,748.771833,735.413333,740.672250,742.077500,732.735000,730.580500,720.499917,729.843333,795.826517,798.665800,759.016667,796.310217,717.710617,560.483333,567.442483,572.872017,530.071667,567.148567,615.533950,607.811667,556.584617,576.448617,649.358333,644.187083,606.267900,593.746667
616.329317,624.607200,611.875000,614.587317,615.115733,621.575000,657.885833,656.104867,626.758333,649.608883,676.265683,679.713333,680.635483,673.199350,663.005000,666.990850,673.349817,675.293333,680.173667,700.903250,720.631667,708.869717,702.765550,714.098333,713.770283,682.005200,655.350000,692.960617,732.473050,729.270000,698.789583,698.164950,711.000000,687.603567,768.574200,910.935000,915.556017,883.101150,904.085000,960.764667,958.223683,902.991667,893.736217,917.865483,917.598333,879.356233,1014.996400,1237.838333,1234.059383,1191.773033,1205.806667,1186.841400,1194.868817,1220.631667,1185.168017,1163.113417,1185.046667,1204.327317,1201.269917,1191.505000,1203.140283,1204.981983,1183.060000,1162.281200,1189.586117,1224.651667,1180.362967,1147.801417,1165.723333,1174.100667,1114.324117,1042.908333,1070.629000,1077.162367,1033.998333,1035.982617,1068.399367,1095.825000,1099.787683,1095.695117,1094.435000,1097.483617,1118.365167,1130.555000,1095.336333,1093.303917,1127.745000,1118.917167,1085.236550,1067.123333,1082.844817,1079.803150,1053.101667,1047.295733,1044.638183,1042.838333,1059.854217,1068.614017,1052.676667,1024.307600,1019.891067,1041.595000,1055.639633,1046.197850,1041.893333,1061.643533,939.371183,733.543333,690.573100,727.059367,749.498333,747.167600,738.684383,738.683333,745.571967,736.581383,724.121667,741.265933,744.845350,729.913333,736.291517,752.392583,762.758333,761.322817,742.159667,722.798333,730.693583,740.313717,744.896667,745.935600,656.731867,547.596667,583.100767,596.516633,548.203333,567.595533,614.113433,629.958333,604.627517,602.784617,626.461667,618.906633,610.801300,612.148333
603.439767,618.056283,639.720000,616.257083,602.709183,621.710000,641.151267,649.754000,645.868333,635.846333,641.682550,659.406667,661.585600,646.966100,636.961667,652.305083,650.748150,640.506667,672.966083,707.838450,708.006667,678.317217,680.656283,710.346667,705.145633,693.180467,692.333333,691.561867,698.377700,710.780000,718.730217,735.653483,724.770000,657.209250,745.738783,924.716667,909.315583,885.559633,929.893333,923.581017,890.513400,875.885000,895.741900,916.915333,889.863333,824.326500,966.807850,1227.460000,1251.287567,1197.786333,1194.071667,1205.355933,1211.069100,1205.756667,1196.861250,1203.066350,1214.561667,1205.786167,1210.330850,1217.020000,1182.636400,1171.416567,1184.780000,1160.784033,1143.338150,1157.088333,1178.502867,1179.895317,1171.248333,1179.642467,1151.989683,1110.693333,1131.404850,1123.843867,1066.400000,1037.025717,1065.387567,1129.005000,1169.439617,1143.249700,1088.835000,1091.831800,1117.190083,1122.241667,1101.220233,1099.582167,1112.595000,1095.659667,1092.311017,1092.626667,1045.096933,1032.035433,1066.576667,1075.907767,1057.796983,1039.768333,1049.137000,1068.773100,1076.770000,1066.233400,1063.082917,1069.183333,1060.487167,1039.398183,1046.026667,1091.865167,965.681283,734.790000,694.860750,722.492067,717.263333,707.648100,711.460750,730.223333,749.222200,739.830033,722.305000,743.129267,748.234033,736.861667,764.507683,796.399983,792.800000,752.672867,751.173183,774.223333,742.546750,742.849117,778.748333,752.323383,664.300050,580.536667,573.771217,589.658933,581.566667,551.247550,533.168933,542.606667,565.742800,581.153333,589.548333,603.820450,593.106833,571.600000
587.824517,604.471200,604.431667,606.838317,607.912183,625.785000,675.895033,657.823183,608.623333,658.573850,653.843250,594.715000,640.467517,683.961583,674.128333,672.485267,689.023683,692.278333,654.262367,663.990550,710.125000,692.475117,671.699017,673.915000,666.295033,682.261217,711.598333,706.858117,712.765700,728.548333,708.351983,700.016833,711.215000,714.580883,793.541900,912.858333,939.965033,937.574917,934.436667,899.218633,894.340067,926.343333,937.807667,934.898167,905.743333,854.956300,978.532867,1206.390000,1254.066750,1231.028000,1216.941667,1186.427800,1214.336683,1253.973333,1185.540833,1178.767100,1243.773333,1219.655800,1190.838483,1191.163333,1163.601867,1144.007817,1157.193333,1183.883917,1173.856967,1145.016667,1159.366350,1157.241167,1134.840000,1149.000033,1152.701150,1118.183333,1071.983733,1069.393450,1088.026667,1060.691050,1072.760917,1120.393333,1113.107833,1122.470133,1158.520000,1153.826483,1142.377233,1128.050000,1084.177667,1083.056817,1102.641667,1050.755633,1028.342483,1068.151667,1095.032000,1075.581100,1037.993333,1039.250350,1053.432783,1065.438333,1081.327100,1066.168200,1036.321667,1048.894683,1076.254633,1065.191667,996.282050,993.485800,1066.273333,1079.537983,930.262833,727.420000,697.970617,735.994950,750.678333,748.722200,726.163150,708.585000,734.039567,758.700267,752.558333,728.093150,727.087017,751.950000,763.312133,741.804433,715.708333,733.768117,759.197800,760.278333,739.490533,727.846600,749.146667,779.767183,674.220850,521.391667,564.433617,614.143500,581.770000,567.621000,581.696833,592.141667,573.250467,588.037350,637.553333,645.615400,567.760167,444.338333
376.212767,399.617100,468.995000,492.849583,457.382733,420.545000,451.533983,463.215750,445.460000,470.911267,480.510583,467.706667,486.576217,490.080117,478.511667,500.557433,507.277717,494.093333,509.247133,534.389450,543.326667,530.689450,534.372067,562.975000,583.489383,559.682200,527.635000,560.401500,591.144650,584.233333,566.735700,549.160483,549.713333,579.443033,574.360300,539.856667,544.466583,557.581983,554.680000,550.862033,589.088117,644.433333,646.672483,640.148383,647.943333,651.020683,663.353967,675.901667,660.731750,640.667000,629.210000,629.671733,689.761533,771.381667,776.356683,752.948117,744.758333,751.219617,764.012167,763.881667,738.605717,738.653633,755.591667,734.144067,726.691800,729.281667,686.293200,668.103400,695.398333,716.447417,718.837100,712.876667,709.388083,676.289533,639.133333,659.592400,673.461417,666.363333,681.524683,668.041967,633.781667,642.391967,650.251067,641.053333,641.731167,633.992717,633.485000,672.498400,671.635633,639.973333,661.048533,653.466033,603.078333,584.658867,589.795767,592.443333,580.463817,578.859833,598.746667,613.064467,541.205650,440.846667,454.980300,468.482083,443.018333,453.554000,459.008400,449.048333,458.557967,459.553817,443.691667,436.729300,455.296767,481.145000,480.786650,486.392367,496.986667,480.120833,474.528183,478.511667,451.872333,434.001233,450.720000,484.629683,485.178033,468.471667,490.488967,474.670917,453.020000,525.582633,506.175300,400.655000,403.771200,411.259717,379.353333,385.047100,433.851950,469.208333,433.622550,430.481717,464.910000,442.936117,426.655983,442.283333
449.571133,448.001067,444.823333,449.548383,489.418900,520.558333,467.772850,428.375133,439.760000,454.178750,495.405933,528.826667,486.707417,472.831133,506.048333,505.282700,502.446050,514.661667,517.651867,500.365183,479.045000,487.680583,535.137717,575.800000,547.896433,514.735000,524.208333,563.814867,571.799450,553.678333,566.902950,563.510550,539.043333,542.881367,557.494000,562.578333,554.884283,540.659683,533.310000,548.369117,589.513667,643.960000,682.588550,667.558700,623.980000,619.194800,630.403333,631.066667,621.855683,632.136417,650.410000,642.721250,672.617267,738.235000,764.677750,747.335167,726.920000,743.893950,734.561383,697.233333,698.817267,727.021883,743.678333,719.666083,682.637300,677.935000,723.669983,721.353217,681.975000,711.065817,740.728600,728.251667,701.168167,686.569850,684.368333,677.297533,683.160267,696.516667,688.018767,662.407183,645.260000,661.378767,685.010417,686.560000,655.964800,624.868617,619.105000,637.169400,635.285783,616.748333,622.827383,619.624433,616.818333,657.844350,672.523283,638.101667,604.547817,604.689867,622.075000,605.476583,543.111400,477.196667,467.593617,472.054133,466.275000,464.951300,463.743733,470.835000,496.256283,489.358850,451.943333,439.570567,450.856450,452.885000,423.352450,442.892367,488.086667,456.323017,442.859967,475.016667,480.756300,465.905600,455.836667,470.403717,510.705250,536.986667,502.388983,473.460750,479.856667,485.793083,458.647300,420.560000,426.246200,448.353550,453.036667,429.555067,401.056433,396.830000,427.982933,443.688333,425.770000,417.643483,509.399217,637.318333
636.864467,596.674067,594.173333,620.663100,630.525600,622.498333,633.733883,644.992700,643.575000,639.210717,645.660050,658.831667,664.102667,677.425467,681.605000,644.083417,631.682183,664.775000,695.783900,693.570767,660.893333,632.557800,652.209083,688.810000,670.337400,663.419867,686.095000,687.298133,675.918733,676.333333,702.388750,727.385600,711.538333,656.885550,733.054700,889.400000,901.975933,895.457450,925.471667,916.392533,901.958717,900.415000,892.180733,883.570567,862.018333,838.132833,1002.904400,1235.603333,1207.692650,1173.921667,1222.968333,1190.559917,1159.656533,1182.210000,1213.381683,1208.656533,1177.831667,1172.440433,1196.809300,1209.690000,1168.781750,1156.025017,1186.883333,1198.551017,1204.877350,1197.265000,1152.528917,1154.477400,1191.281667,1166.733400,1135.052750,1110.438333,1056.875950,1048.531500,1076.891667,1063.031550,1085.152567,1134.655000,1119.790733,1120.486833,1148.475000,1131.471567,1109.122917,1103.395000,1095.233050,1088.714200,1085.511667,1083.773000,1100.352817,1111.390000,1072.628933,1038.092683,1039.190000,1059.063283,1078.463783,1076.686667,1046.673550,1039.050017,1063.580000,1076.019683,1040.467800,996.121667,1017.101333,1032.179600,1037.263333,1072.781700,953.708800,745.130000,720.432683,760.355050,749.335000,700.102517,711.279033,758.325000,725.903867,704.766500,733.326667,753.285817,742.271500,711.541667,696.469283,731.817267,781.210000,766.461367,724.680933,714.076667,754.864450,755.121000,727.350000,756.184867,695.160550,562.806667,542.352683,580.600783,600.741667,582.956333,580.790433,602.935000,606.347133,592.057383,570.415000,554.352350,574.243167,609.115000
606.220800,606.269717,619.885000,618.213783,629.059217,656.551667,668.986750,646.828333,614.585000,620.721750,647.776167,674.281667,690.503133,682.934683,659.686667,647.116317,652.996600,662.730000,656.107033,658.468233,663.470000,642.294283,646.361567,681.238333,699.787017,708.744550,709.343333,691.814833,680.442133,691.051667,716.658617,728.586367,711.326667,690.448950,774.039017,904.405000,909.121333,896.489200,929.721667,957.114617,939.448917,907.663333,928.230317,947.876300,907.896667,834.091900,972.002650,1226.696667,1242.536983,1193.383633,1203.100000,1217.665050,1218.796700,1208.856667,1197.717633,1187.037267,1184.730000,1197.494200,1195.314867,1180.250000,1183.514617,1188.648867,1191.221667,1202.502783,1200.303167,1184.410000,1177.507150,1171.893950,1162.518333,1152.417750,1135.117700,1111.985000,1093.193917,1082.312600,1069.918333,1050.296783,1073.770900,1120.635000,1115.041200,1092.081000,1089.638333,1110.487833,1121.580567,1107.225000,1079.258200,1055.711117,1060.323333,1099.304867,1095.843233,1063.348333,1084.880533,1083.151300,1056.875000,1080.799883,1070.316600,1030.436667,1056.158533,1082.153367,1063.501667,1025.728817,1025.421483,1057.856667,1062.691617,1032.842300,1024.420000,1070.940900,936.162867,705.773333,714.520150,745.486800,706.425000,726.789517,758.009917,764.103333,761.539450,737.861700,703.876667,695.552050,723.057800,748.263333,722.811083,719.364283,747.890000,746.028683,734.747550,734.190000,739.030783,734.416783,740.190000,772.345317,693.957450,551.961667,542.783983,574.999483,577.578333,569.100017,548.637383,538.178333,567.413483,584.297817,579.453333,593.518083,613.740433,618.251667
602.376267,607.725067,624.240000,604.169933,598.600950,612.668333,605.379800,632.393300,677.451667,660.315200,630.423600,628.888333,649.263767,663.228567,662.536667,659.748450,650.855667,639.828333,643.492467,678.106683,704.888333,670.243500,674.588800,725.561667,730.530217,720.859767,704.410000,658.819033,660.075933,705.180000,716.442417,730.761917,736.808333,700.088867,792.663450,946.075000,909.115433,862.959933,903.015000,942.139500,951.555333,924.146667,875.283733,884.966317,919.820000,893.437083,1010.453767,1214.495000,1222.684050,1180.179633,1189.531667,1205.233800,1204.075833,1200.066667,1216.569617,1198.140600,1151.591667,1149.355533,1195.466117,1236.535000,1211.338617,1181.945550,1172.498333,1154.155583,1160.093117,1176.603333,1152.573567,1137.109767,1142.421667,1127.282867,1088.138483,1050.588333,1046.440633,1056.827283,1065.556667,1072.836617,1082.075400,1093.260000,1102.435500,1105.693100,1090.355000,1053.085567,1059.245733,1101.101667,1106.186733,1102.689200,1102.236667,1084.124867,1068.304267,1065.180000,1068.259867,1083.231850,1097.568333,1085.385783,1053.665717,1026.015000,1026.828350,1050.295900,1067.846667,1051.119183,1031.779483,1027.298333,1027.061067,1026.239083,1036.668333,1051.701833,940.871183,763.063333,720.123483,709.926033,690.565000,722.316650,724.619850,693.353333,707.167083,725.170717,722.321667,718.580450,724.989567,726.550000,702.743167,701.484917,727.295000,736.756867,737.544717,746.076667,762.940267,747.740600,730.746667,766.149917,691.481183,541.315000,525.765450,553.448850,562.521667,579.878217,560.885183,538.775000,591.665433,597.351033,561.285000,607.758683,627.260917,587.800000
574.184850,586.279833,591.928333,573.072417,600.266567,655.790000,649.001833,636.525683,640.766667,628.515000,630.770350,642.420000,627.658817,636.342633,662.871667,650.847317,647.690567,663.996667,664.113000,679.353117,700.010000,682.918283,681.773717,703.455000,702.473267,708.587400,726.080000,720.170000,682.400817,663.175000,724.454317,770.844567,747.530000,701.532967,757.638200,885.283333,925.794717,903.482600,886.123333,911.368167,916.356917,886.530000,877.559450,927.696000,960.415000,883.468217,963.193383,1170.620000,1202.534250,1195.846733,1230.213333,1234.798550,1222.172133,1210.666667,1201.276367,1193.655150,1190.031667,1193.184583,1197.552500,1203.488333,1211.438950,1192.110867,1154.216667,1140.671117,1148.865617,1159.441667,1156.466583,1156.256850,1162.096667,1155.075950,1114.259967,1067.578333,1067.819633,1073.070600,1072.143333,1095.141717,1118.589783,1128.133333,1126.126367,1091.826267,1056.533333,1081.643967,1118.182183,1123.686667,1100.380850,1088.119467,1087.471667,1068.484933,1069.857983,1090.915000,1088.918217,1080.421017,1080.718333,1083.310100,1063.326750,1036.463333,1044.944000,1058.572083,1059.411667,1057.930050,1055.022883,1054.685000,1060.060733,1049.665883,1043.528333,1060.221167,933.764717,729.056667,694.807567,711.456450,715.328333,758.711550,759.070517,719.930000,729.965850,736.064000,723.603333,734.962583,741.547883,744.580000,772.766383,774.075633,740.696667,721.092000,728.390883,750.691667,764.771283,765.185667,776.786667,810.872733,731.281417,580.315000,552.190750,588.020550,601.568333,570.314800,569.307467,604.078333,606.803100,589.593350,572.278333,563.016100,575.190883,594.895000
593.685483,598.467867,616.445000,627.122717,634.095100,634.921667,624.780217,636.647950,658.760000,648.773250,655.751450,670.443333,632.643433,602.653133,609.663333,629.572633,671.507433,704.763333,680.131467,666.231333,683.508333,688.093583,690.742100,698.758333,698.971450,670.872383,653.753333,708.379667,740.045950,714.380000,692.297083,713.202267,738.225000,707.820033,758.379067,881.198333,921.362633,916.552150,908.458333,896.708650,896.673417,902.750000,897.382900,913.511817,920.490000,878.525450,1001.963250,1222.821667,1241.458367,1210.331500,1215.295000,1189.128183,1182.948483,1208.468333,1218.992067,1217.510600,1204.246667,1176.857800,1182.923200,1198.563333,1153.895750,1127.342450,1141.075000,1139.179583,1130.569833,1145.175000,1193.918933,1200.967483,1167.836667,1163.317167,1133.116533,1085.326667,1093.174850,1114.816517,1109.601667,1080.587683,1079.365800,1116.921667,1149.925783,1130.591150,1083.608333,1079.779133,1084.620917,1089.648333,1117.090183,1103.887700,1063.785000,1076.423100,1092.673317,1086.483333,1079.794650,1062.608317,1050.401667,1072.003750,1076.140367,1055.116667,1053.566817,1069.015067,1074.955000,1053.250517,1061.362067,1082.838333,1045.317667,1021.482167,1051.548333,1076.301183,930.628583,715.751667,709.970733,740.357133,714.046667,712.460300,729.440533,725.778333,680.516167,677.221833,723.566667,744.285100,740.811433,733.528333,736.007433,740.546633,747.221667,762.486217,766.894267,755.175000,742.839650,744.662517,759.325000,760.327383,687.977033,583.908333,562.413950,590.987517,607.863333,582.060350,568.104883,572.223333,553.691833,559.625967,598.741667,616.164867,551.638217,446.161667
409.142667,417.194033,442.203333,476.711833,480.132217,463.121667,473.898067,474.139217,462.925000,479.934167,490.704867,492.618333,515.756683,519.706333,510.430000,535.996083,556.417383,549.156667,530.509267,511.543300,504.665000,515.503550,512.611150,509.311667,544.403483,547.026983,526.215000,558.536333,564.097767,536.440000,549.292300,546.329117,531.453333,565.248217,564.572883,534.938333,564.395583,573.261867,542.495000,543.572350,592.132400,640.958333,629.203250,628.823583,661.566667,674.045450,649.760317,620.716667,629.962817,615.696467,590.071667,632.689683,692.351867,724.388333,732.812017,752.802800,776.196667,760.632500,729.494267,717.786667,737.981067,737.157150,720.078333,739.662900,748.169017,731.260000,720.426817,694.973750,666.800000,676.456567,694.626833,689.976667,664.961450,688.356450,731.461667,698.325000,674.636567,681.971667,657.508850,641.753433,652.365000,662.560733,667.200400,663.315000,649.260067,642.588333,637.215000,615.522650,623.863950,638.146667,591.026500,583.426750,629.025000,636.545817,615.845850,600.768333,606.703017,589.463983,565.675000,583.189633,521.219467,423.765000,461.176600,486.106067,452.080000,456.416433,445.597317,424.866667,460.648233,474.807533,457.390000,474.199267,475.719083,456.475000,462.327483,451.240367,424.001667,428.910217,443.146033,454.618333,473.004417,478.761017,458.985000,428.785117,453.381050,499.568333,473.231933,474.030000,520.118333,516.305017,441.848483,368.615000,394.987083,438.549667,447.161667,441.299867,427.188233,414.800000,412.735900,394.088717,381.785000,426.411483,457.474967,452.753333
454.325433,446.672683,443.306667,476.986917,484.268150,468.208333,490.438967,487.211317,464.605000,494.272400,505.689450,487.836667,501.905767,514.926933,507.543333,497.959350,501.061350,514.058333,521.051133,519.495950,512.110000,505.448933,513.343933,526.136667,520.929733,521.747150,535.505000,545.026700,552.625067,552.055000,534.588867,534.881867,560.185000,579.532400,564.938700,540.621667,556.127667,561.104333,546.345000,560.012867,610.911483,649.165000,618.775800,625.518017,675.815000,669.216100,637.920333,622.816667,631.483333,643.007750,645.426667,646.268017,666.791383,706.765000,739.586100,734.576133,715.031667,734.752283,752.320167,739.661667,714.337283,722.370450,746.538333,728.001700,718.374450,732.361667,728.226967,701.087950,689.133333,728.547250,720.831517,667.601667,668.419600,680.371017,676.510000,677.271350,680.720850,686.815000,695.403017,676.331333,653.053333,677.313217,673.831383,639.510000,644.247417,635.030417,607.601667,613.257850,606.509333,597.115000,638.644467,643.535267,600.660000,588.206817,591.816217,586.258333,568.987983,572.338200,595.245000,594.591117,530.751400,452.616667,453.516267,459.755583,444.763333,453.237100,457.292550,448.408333,450.583333,463.706333,476.473333,480.710650,497.480917,503.941667,455.071217,419.245850,426.625000,446.060050,469.338317,486.743333,486.357933,478.869167,469.453333,460.229800,483.403433,517.750000,503.434450,470.010167,459.461667,482.571883,471.318350,421.191667,397.857750,414.090250,441.196667,436.917383,413.867233,394.648333,393.712067,408.615667,423.241667,429.674317,486.569533,573.393333
603.023650,604.172133,600.020000,587.610667,599.488683,629.233333,636.372683,636.045733,632.606667,614.547067,607.037850,627.841667,668.841900,687.655083,675.128333,656.592300,630.045150,613.083333,637.382317,683.004400,708.306667,685.791700,675.725667,695.690000,705.811183,696.424317,692.350000,720.473350,715.434400,688.285000,713.524883,724.197400,703.271667,715.368483,801.955650,901.856667,907.483783,904.330750,915.741667,886.954617,892.032683,932.753333,935.490050,943.740400,937.551667,876.648483,998.156000,1225.533333,1229.630633,1197.549317,1233.440000,1244.210600,1214.253967,1184.278333,1201.982733,1208.067317,1191.406667,1196.461583,1191.303833,1180.540000,1200.126483,1190.020567,1166.573333,1200.313917,1181.736100,1121.483333,1144.071233,1168.547783,1154.453333,1141.969983,1120.419633,1095.363333,1091.486567,1090.794333,1081.500000,1072.346250,1083.639250,1099.221667,1085.074750,1089.396500,1113.151667,1106.492333,1088.835150,1089.551667,1116.537817,1125.698950,1093.433333,1040.677567,1029.645617,1058.098333,1068.181267,1075.885833,1086.578333,1082.206100,1070.532150,1063.246667,1063.269117,1051.457650,1039.591667,1057.709267,1065.173250,1046.735000,1028.783867,1030.122033,1060.156667,1084.849017,937.724683,721.058333,718.975217,745.873917,722.771667,753.041700,764.241300,733.616667,717.077250,702.528417,703.256667,746.090417,743.806183,706.101667,726.963350,738.081267,724.620000,741.700400,745.290833,728.128333,729.159583,723.836700,718.568333,734.987283,672.703533,563.028333,547.613400,561.891117,563.823333,577.003867,584.855317,577.926667,570.031850,593.202600,619.438333,592.381433,594.399967,620.368333
586.155467,577.790333,603.500000,585.131083,582.222800,609.213333,617.188133,626.034933,645.681667,658.208983,647.789533,628.665000,630.610883,630.711517,640.896667,692.922533,708.564433,674.206667,653.143550,646.159017,646.291667,657.837100,692.540850,718.940000,693.530017,699.328817,733.101667,711.962500,703.719650,719.375000,701.705867,700.199317,712.085000,695.875867,766.949267,893.813333,920.150417,932.402850,947.928333,898.447950,893.831967,939.296667,929.696200,916.974417,902.505000,857.604400,984.280317,1200.350000,1201.374617,1157.160983,1173.176667,1182.897817,1178.739650,1175.158333,1185.616217,1198.763850,1201.163333,1188.148333,1173.271500,1170.543333,1184.933617,1201.474117,1200.718333,1171.446417,1133.534417,1115.466667,1135.270317,1165.736267,1167.198333,1118.394533,1074.152250,1060.961667,1057.700100,1043.598517,1028.458333,1042.797250,1079.608283,1109.805000,1103.427450,1076.765117,1063.883333,1088.029400,1106.860617,1106.895000,1112.292050,1116.539217,1106.371667,1082.567117,1092.418133,1103.823333,1042.477333,1023.091717,1067.690000,1084.706817,1090.286717,1090.293333,1063.443783,1034.141850,1021.421667,1023.723417,1026.275767,1017.918333,1001.426400,1007.327217,1048.165000,1080.876200,951.095700,744.011667,712.998600,722.897383,700.996667,709.923700,706.778017,692.911667,717.985567,737.715117,740.405000,754.761583,746.292767,725.078333,737.451333,733.855917,710.243333,714.182317,720.708833,722.270000,737.501467,746.193333,755.820000,778.410133,701.567667,575.596667,573.897133,590.928550,575.820000,581.400883,572.058817,554.951667,580.094817,606.034117,617.445000,632.423083,607.870400,576.445000
615.966800,624.340567,586.356667,592.108883,622.370167,650.731667,670.959183,671.689167,653.825000,637.404817,660.180867,680.511667,625.282017,622.536200,677.978333,672.338900,675.807417,697.623333,672.524567,673.526867,704.695000,691.761350,665.065050,659.711667,683.013933,720.711867,740.981667,716.533167,686.937967,687.093333,721.844450,761.218183,750.506667,673.652367,722.733867,879.676667,927.195783,899.728250,877.065000,895.528967,902.530750,894.465000,917.914233,936.956400,910.040000,862.312233,1006.630183,1239.100000,1224.018683,1145.111650,1152.630000,1211.826600,1222.633033,1192.608333,1211.115750,1210.813850,1187.463333,1207.710317,1210.846483,1184.743333,1182.390167,1191.570267,1195.408333,1190.001567,1173.919633,1163.023333,1173.493617,1159.398183,1146.665000,1195.219967,1160.230567,1061.823333,1070.579450,1094.775350,1073.026667,1047.865817,1079.855800,1132.156667,1113.442900,1112.590017,1146.816667,1142.713533,1132.984633,1118.208333,1068.193767,1064.206233,1096.350000,1073.439233,1054.481183,1060.398333,1049.178467,1034.880817,1046.813333,1092.998250,1098.408517,1049.935000,1010.196350,1012.255833,1041.551667,1053.273967,1039.717967,1020.808333,1022.747567,1027.269350,1052.643333,1105.770450,972.284733,737.080000,717.055500,745.029050,717.848333,706.214533,719.587517,730.801667,712.795633,713.055433,733.653333,732.365083,744.047867,760.288333,737.198683,737.791750,757.181667,728.387683,714.013883,734.775000,742.928167,720.653067,713.508333,765.717700,706.832467,561.211667,529.415633,526.122867,520.053333,571.862900,601.116900,585.400000,582.324633,591.018667,599.713333,603.792400,607.483650,601.133333
576.434150,590.666400,627.616667,614.521200,609.262783,625.580000,619.441967,624.514217,639.970000,627.138317,613.966550,620.858333,641.887483,664.737283,669.565000,648.141633,659.460633,687.556667,661.065917,650.169083,666.081667,652.070883,658.016600,692.431667,706.581383,699.278800,688.020000,689.986050,697.144017,699.526667,697.786183,714.960467,726.175000,700.342950,784.259983,917.046667,881.484117,838.583833,879.600000,931.236650,933.087017,891.700000,868.384583,892.573717,909.346667,866.193483,1005.707817,1250.218333,1257.792117,1200.842483,1200.463333,1208.541133,1234.912217,1255.851667,1222.287100,1182.743450,1180.975000,1213.616767,1211.368583,1172.046667,1159.306750,1167.137083,1172.761667,1165.261917,1172.996917,1191.341667,1183.654133,1156.957450,1143.046667,1162.911550,1144.775750,1084.466667,1050.525067,1039.333467,1045.468333,1075.592583,1115.683500,1144.085000,1144.527950,1130.980217,1115.868333,1100.302483,1077.514150,1058.993333,1064.186583,1065.480383,1060.255000,1072.267200,1083.345383,1075.486667,1052.675483,1059.443300,1078.138333,1049.711067,1034.616533,1039.831667,1016.074733,1021.147833,1038.801667,996.599583,998.103500,1050.031667,1048.802450,1017.459783,1011.806667,1039.190300,927.100883,734.188333,702.880983,712.863417,700.671667,722.265100,713.540067,681.786667,706.105100,742.097450,747.895000,722.834900,692.713833,684.581667,707.224417,718.416717,711.353333,718.373733,735.493417,739.345000,713.989967,710.230267,748.611667,788.030983,735.096733,622.926667,578.940917,554.847300,532.778333,550.914633,569.947700,572.285000,575.515533,571.277483,567.273333,584.014000,601.515917,596.748333
567.504183,563.338400,596.260000,630.605900,642.741883,637.476667,637.885917,640.874350,643.085000,645.809183,643.330583,642.145000,654.602783,660.884533,645.618333,621.095633,654.394833,705.795000,670.556533,658.830500,688.785000,671.023050,669.915383,696.961667,693.058833,687.135083,702.200000,720.711067,683.784933,638.025000,689.591650,726.156767,700.051667,689.592117,787.426617,920.071667,918.815050,901.382233,917.695000,902.097033,889.534917,893.001667,885.937850,877.479100,869.798333,875.693300,1007.040633,1193.538333,1232.124067,1213.440000,1218.071667,1234.398583,1226.951150,1199.348333,1189.145650,1193.211250,1197.758333,1194.967133,1199.640317,1204.038333,1185.081433,1169.788883,1167.713333,1162.791100,1157.663350,1159.196667,1168.012117,1164.218250,1153.165000,1157.209467,1146.586600,1107.570000,1065.619517,1080.665717,1114.846667,1074.494983,1061.840933,1110.291667,1144.237117,1129.933633,1092.765000,1088.830967,1107.465400,1115.898333,1091.790967,1072.656133,1078.241667,1092.667833,1089.936867,1070.676667,1058.310167,1052.679150,1056.930000,1071.390800,1050.957550,1027.931667,1073.918917,1069.603083,1013.788333,1025.899000,1044.027300,1038.648333,1044.867867,1040.432850,1040.536667,1063.125683,939.025483,736.266667,712.451350,750.376100,753.501667,740.734683,723.136467,716.288333,734.472200,756.289583,765.151667,759.833733,745.373850,729.753333,721.901033,727.663050,734.913333,726.814667,733.993633,743.843333,712.936683,694.146883,729.263333,791.740717,734.206383,594.361667,559.271583,558.172050,550.566667,569.383517,557.263967,532.431667,572.192917,597.645050,588.568333,593.477250,545.489500,460.810000
441.021267,475.925067,498.793333,454.374417,437.537067,463.683333,456.199817,439.061767,450.436667,495.685983,501.788633,464.193333,450.886117,467.773750,492.791667,502.582267,513.800900,536.043333,557.118417,548.105967,513.915000,492.839050,504.454500,541.295000,571.682400,557.533133,519.693333,516.016900,513.536617,508.398333,535.235467,572.697150,584.615000,551.962150,523.818050,533.573333,570.794967,583.117983,564.710000,561.136467,595.345733,647.963333,672.248317,657.653600,636.653333,651.266150,650.690567,635.806667,655.819867,655.325067,622.695000,615.841400,683.433850,771.665000,771.734400,749.104400,738.360000,714.608217,714.830733,738.741667,742.722767,724.698683,707.376667,713.173350,710.108567,697.931667,706.139850,703.183267,684.596667,678.298833,671.821683,675.393333,709.230500,704.497667,661.830000,655.251683,683.180017,706.701667,688.413217,665.197717,660.398333,664.178417,663.655900,656.055000,647.344717,636.774900,629.821667,631.709283,616.724667,600.400000,624.160483,638.907633,621.865000,597.306367,579.438867,572.606667,577.424900,604.989383,627.858333,596.412467,536.751883,482.966667,456.475700,471.225850,485.745000,444.627067,445.326783,485.156667,462.880733,435.397750,421.940000,392.335617,427.238267,488.765000,450.814767,417.537217,431.478333,435.221800,452.265183,473.776667,460.114983,461.392900,492.771667,511.109917,475.537867,427.241667,453.349367,502.792367,521.806667,497.975967,453.041750,410.926667,387.200783,387.292350,397.643333,395.984033,391.068033,395.111667,408.871483,407.064400,401.201667,425.747583,436.389900,423.960000
422.030367,415.407317,410.716667,430.294800,424.410583,406.051667,436.750183,451.797683,446.080000,471.766333,448.025967,397.403333,434.090633,490.560917,503.220000,474.072817,461.384400,476.941667,483.399550,486.601917,498.848333,518.309733,509.133467,483.616667,491.186800,504.645283,505.578333,503.230967,502.846983,499.641667,488.783583,498.518750,529.223333,547.410317,531.227400,510.983333,535.187183,533.999350,504.520000,519.553683,566.415000,608.791667,617.214050,595.396467,579.536667,609.000367,640.236683,633.941667,590.910650,568.558167,574.228333,577.852317,649.080033,737.126667,711.253417,698.361700,736.386667,733.212567,697.122367,678.588333,711.432200,706.707050,666.993333,678.720433,678.130500,652.925000,657.694350,656.101717,654.535000,692.208550,680.149483,640.033333,676.841383,663.093800,594.021667,601.114167,633.335367,638.681667,619.374233,606.504400,607.013333,606.318333,624.927217,641.645000,612.723383,603.267750,610.811667,571.623083,554.594200,578.923333,593.822000,603.370033,608.655000,596.788650,570.110950,548.750000,554.082400,559.036067,563.106667,580.286300,532.818017,446.780000,433.543517,439.780800,436.136667,445.995167,439.892633,428.470000,454.184550,472.265317,454.168333,418.376183,414.082233,432.138333,424.014367,442.412467,483.746667,481.184467,444.765933,418.095000,436.740517,452.697850,449.968333,455.066700,454.012367,459.405000,497.420767,503.283133,477.556667,479.135950,450.204100,392.085000,371.769817,363.578217,359.156667,382.050717,417.168417,431.796667,406.464950,400.959867,409.945000,387.236700,454.710150,580.823333
598.664050,581.734483,584.593333,586.102867,587.196867,596.073333,612.054817,598.324300,572.233333,591.652733,624.295700,628.665000,599.074117,611.860583,647.138333,618.535233,632.842517,682.741667,650.291267,625.283700,648.826667,667.236967,658.555500,637.655000,636.654583,645.906667,652.965000,656.255483,665.387333,681.033333,691.020767,679.223117,647.946667,633.494700,723.782050,855.533333,867.249517,855.281517,873.501667,876.012367,853.849883,832.265000,845.035800,865.419067,862.976667,851.213300,963.056333,1143.636667,1189.957767,1173.555200,1167.535000,1171.492467,1169.539583,1159.696667,1155.844850,1166.113167,1171.270000,1143.429783,1121.518583,1126.981667,1143.243583,1140.956750,1120.825000,1112.394950,1127.657267,1140.545000,1114.694117,1103.529783,1132.041667,1160.929567,1105.140117,1014.603333,1029.258467,1068.513600,1060.230000,1017.619333,1029.466717,1087.325000,1097.386883,1085.051100,1084.263333,1095.665317,1079.525800,1048.861667,1057.320733,1072.055767,1068.778333,1055.774167,1047.252617,1038.280000,1015.970417,1014.623167,1031.761667,1031.363650,1036.534400,1043.151667,1023.527950,1022.914733,1037.415000,1017.653300,1001.746700,1004.998333,1004.362300,1005.376900,1026.918333,1050.860150,902.103067,680.376667,682.612833,745.416917,755.276667,754.605517,737.466000,720.628333,734.143017,718.803033,688.355000,714.805933,724.814517,705.315000,714.353850,707.176050,689.720000,715.115017,719.234350,695.330000,701.571667,707.702467,707.686667,718.290750,663.706500,566.751667,536.421667,538.939817,541.596667,546.550667,543.940700,541.541667,556.746533,562.428533,548.458333,537.147917,563.825450,591.376667
553.212650,559.531067,609.620000,592.417633,575.312233,583.560000,575.248733,590.353433,615.863333,596.385650,600.710500,638.318333,646.818083,640.075217,630.405000,614.535533,612.543983,633.125000,664.077950,680.128567,668.353333,641.080850,647.112600,679.903333,689.475783,706.407400,716.175000,670.234700,643.910150,657.010000,657.916767,657.127633,658.715000,664.176733,749.926267,864.996667,873.569083,879.880200,913.726667,899.870817,884.948583,896.640000,912.462717,913.321333,889.683333,868.610567,980.710933,1150.231667,1159.644333,1145.717267,1171.835000,1162.568983,1144.548767,1155.211667,1194.745400,1185.646017,1150.568333,1182.031100,1180.332300,1131.176667,1127.215350,1150.472633,1169.385000,1169.221017,1141.532233,1105.536667,1098.605233,1124.667817,1156.568333,1151.074133,1092.858533,1029.860000,1033.503950,1047.289250,1034.298333,1016.969633,1042.711350,1079.746667,1054.431317,1058.881850,1086.861667,1043.830533,1038.302650,1080.176667,1067.198117,1049.502583,1055.555000,1060.243483,1068.983533,1075.656667,1060.608417,1030.159250,1014.540000,1037.479567,1032.157233,1005.666667,1029.396450,1047.808183,1037.545000,1031.340850,1026.805983,1021.575000,1021.238633,1025.372883,1037.356667,1038.989733,913.523117,733.638333,707.641933,734.177900,731.001667,713.854433,695.139533,690.790000,712.666200,735.184317,738.115000,722.653433,715.243850,717.828333,711.653983,716.388133,729.601667,724.163000,703.159333,697.483333,731.944633,732.446483,714.175000,748.850633,687.308283,548.895000,517.519567,538.265117,559.610000,583.596017,567.921283,542.620000,577.015733,567.569700,515.616667,533.149783,579.526700,592.203333
556.102533,568.149933,610.063333,573.896833,559.650783,596.971667,610.038433,597.453300,592.480000,622.075783,632.097250,613.961667,613.206533,627.647833,637.600000,630.263833,637.284600,644.943333,612.778483,615.059883,654.976667,657.882200,638.830067,625.123333,628.373617,642.633533,659.786667,671.102817,658.523033,636.051667,641.589183,669.955450,682.286667,655.364000,711.067150,834.398333,879.794417,872.190300,861.956667,868.580367,866.212783,859.360000,877.247933,883.737017,863.890000,861.253800,991.689533,1169.748333,1181.757250,1169.123433,1184.541667,1144.405267,1133.903183,1156.058333,1130.239800,1140.740300,1181.886667,1159.428617,1150.399717,1168.078333,1143.425017,1109.082283,1097.481667,1107.111033,1109.699267,1110.193333,1136.168517,1149.004417,1132.753333,1107.655450,1080.110333,1053.438333,1034.954500,1042.792467,1054.721667,1033.392700,1048.996567,1103.001667,1119.737450,1099.625500,1070.535000,1058.672000,1054.247167,1041.390000,1018.036000,1022.668367,1042.865000,1028.281500,1019.087383,1037.036667,1059.950450,1058.392200,1038.341667,1032.305933,1032.268600,1030.043333,1028.113200,1029.810550,1030.188333,1022.171967,1022.586733,1029.268333,1021.503633,1005.173450,1005.900000,1024.791600,923.155483,743.896667,685.406717,702.891000,725.315000,726.267933,710.400200,696.953333,703.715433,714.081033,710.660000,696.993133,724.377317,755.985000,703.861550,670.445817,693.016667,710.277483,721.333600,725.171667,711.818733,701.010100,712.483333,733.620633,660.712267,547.221667,560.195417,605.248267,604.528333,572.156150,552.778500,554.701667,550.794967,544.332983,545.571667,556.716450,554.132333,553.001667
591.575233,621.049067,609.786667,574.010750,561.926350,589.706667,626.433083,615.207383,584.323333,613.655450,628.501667,607.960000,611.240650,642.932517,663.771667,634.623983,628.992833,645.016667,614.882450,617.164067,650.170000,634.085367,644.098883,692.703333,707.607300,688.731717,663.711667,660.575833,674.304067,680.251667,660.859550,668.482750,693.400000,684.558983,738.092867,846.645000,891.819517,876.812750,861.843333,894.121333,875.496500,829.675000,880.127550,919.768767,879.355000,825.860517,967.091433,1200.306667,1204.078417,1152.688667,1159.536667,1161.798200,1146.984683,1136.320000,1152.860200,1153.796867,1148.618333,1182.001667,1169.206367,1122.435000,1142.073000,1164.109667,1152.393333,1137.197883,1132.366383,1133.566667,1124.438650,1095.545933,1081.630000,1119.267500,1090.810750,1013.368333,1022.440817,1036.849067,1029.936667,1056.702983,1059.701183,1028.135000,1020.200950,1063.262850,1110.323333,1087.305950,1070.811200,1078.473333,1054.668133,1037.925950,1040.271667,1031.385333,1016.036200,1008.621667,1017.904350,1029.202217,1028.140000,1015.653050,1026.571667,1043.546667,1017.905233,1014.098333,1036.256667,1024.757417,1019.538683,1029.695000,1020.599333,1009.552717,1026.433333,1055.622100,917.602817,709.923333,720.336883,737.199717,691.011667,721.935483,732.915667,702.950000,716.287567,727.472850,716.508333,713.560650,712.408033,710.095000,713.587017,717.442650,712.383333,697.453933,705.099967,724.643333,714.378283,712.602567,737.073333,749.339767,658.040183,529.491667,531.531467,561.168233,557.530000,559.917217,562.059817,557.308333,551.163967,548.762233,554.891667,567.941167,563.161250,554.965000
582.986817,609.204250,603.918333,579.407317,598.618267,638.718333,614.968833,585.410900,596.071667,630.746033,623.389400,585.663333,591.271700,605.293850,603.935000,606.161200,641.834000,673.026667,633.072750,615.736350,643.438333,651.509417,672.696983,694.660000,661.174583,621.930033,625.250000,669.397800,671.776917,641.351667,663.661783,686.604683,665.695000,629.302500,714.711067,869.933333,897.428117,877.565133,872.205000,860.836733,854.218500,856.273333,859.366533,870.300383,856.125000,804.736883,945.268567,1197.210000,1228.480017,1176.521967,1165.760000,1179.127067,1173.572550,1148.741667,1139.054383,1129.009833,1131.868333,1173.768283,1170.690450,1133.306667,1153.024833,1157.656117,1128.701667,1125.800200,1138.299383,1157.585000,1181.492083,1155.365567,1110.693333,1129.137850,1102.486400,1042.238333,1071.790567,1093.731317,1060.471667,1031.208100,1060.956883,1115.498333,1108.627000,1092.002867,1101.343333,1114.018100,1083.250533,1042.886667,1066.792500,1051.192183,998.406667,1018.924367,1052.939583,1061.226667,1061.507867,1041.477183,1013.638333,1012.097800,1025.606250,1039.158333,1045.810800,1039.648900,1027.753333,1024.869000,1025.465717,1027.243333,1032.446633,1029.110667,1032.790000,1047.863383,920.947167,722.760000,696.574450,725.380983,713.951667,688.792300,701.276067,738.116667,736.827867,715.831367,697.405000,685.978933,683.232383,692.540000,714.083767,727.542433,731.253333,736.314500,712.833033,693.211667,739.115100,744.754783,714.520000,743.875417,690.755567,568.928333,547.769800,555.691550,553.678333,576.541733,576.818750,558.428333,571.318467,561.838617,546.841667,586.387050,534.075483,407.770000
386.251117,425.266117,446.935000,419.253167,393.485200,392.016667,396.331617,420.483667,452.355000,456.816450,446.046183,442.723333,460.243033,481.986417,490.356667,480.254200,469.792800,465.806667,464.892133,488.784733,521.213333,516.048333,486.528500,481.441667,533.012750,532.865850,485.661667,500.840300,516.835883,507.606667,511.096267,503.649250,492.766667,511.777533,510.894267,494.306667,515.179600,524.361250,512.136667,524.819133,568.266733,610.308333,610.292783,600.397950,585.395000,547.181583,555.443517,602.918333,611.126650,611.963150,612.373333,592.430450,633.566967,713.663333,720.257417,695.748083,684.135000,687.516100,695.251333,710.315000,739.082967,738.080183,697.700000,654.775467,643.937483,655.145000,651.068817,657.966233,679.740000,687.205933,674.113383,648.560000,632.200850,663.791667,686.808333,609.026967,584.995917,643.478333,658.924383,642.361500,630.661667,638.503133,634.874017,613.785000,599.453417,591.997067,594.176667,609.926767,612.940617,599.545000,588.440800,568.441467,561.296667,600.742050,609.549700,574.576667,561.705683,582.740700,610.216667,597.858017,525.768083,441.878333,424.845917,433.689983,426.550000,404.771267,420.260033,458.443333,450.433233,424.765167,424.081667,461.055167,476.030200,461.773333,461.837817,444.279450,423.101667,450.125167,468.845600,458.363333,451.956033,447.025400,455.010000,491.070150,494.065917,465.961667,468.996583,478.271850,480.823333,483.969633,441.146917,371.280000,353.106100,385.883817,416.993333,393.172567,379.798667,396.275000,400.137467,404.317133,412.805000,411.117867,405.013433,397.431667
390.291917,411.734600,445.435000,443.078367,431.732717,432.926667,439.266733,429.063267,413.838333,427.441067,447.628767,452.433333,441.737983,442.208750,445.480000,423.899517,435.508733,482.345000,502.159000,487.748317,461.468333,454.346667,471.573583,494.305000,498.943700,510.637933,524.013333,508.028817,498.672717,505.825000,505.415350,509.955283,519.606667,518.488567,513.828167,505.075000,488.337233,498.570250,512.995000,479.436300,493.522967,574.751667,640.140033,653.806867,631.883333,618.535600,613.951917,602.970000,578.471233,578.667300,595.023333,587.394300,617.612883,681.031667,701.375000,686.928217,682.260000,719.071633,725.202950,695.855000,695.128700,691.072350,678.455000,686.250600,675.977333,654.730000,667.155333,659.747917,637.431667,659.714950,672.493933,653.516667,635.435183,625.825483,625.451667,635.983617,660.681867,668.725000,625.606550,615.168883,641.478333,626.863883,603.928283,594.340000,587.817817,602.967717,617.181667,587.938600,584.075583,600.916667,571.266783,579.627633,617.938333,587.584600,551.586000,556.163333,582.630417,589.486283,580.218333,585.415400,547.335400,464.160000,406.424850,416.730833,458.736667,454.257750,440.473883,446.801667,460.529467,451.817517,428.876667,429.843933,445.258650,462.048333,472.795683,459.453167,440.868333,454.370167,455.314817,439.468333,447.727883,457.888833,470.626667,501.959350,477.106533,415.323333,417.666633,445.503617,464.306667,470.898250,429.866467,379.795000,400.174283,408.448067,378.815000,370.399217,388.381133,401.688333,381.356650,389.258633,411.271667,382.975050,426.723900,535.145000
568.854050,568.456517,575.898333,588.487650,606.699767,616.108333,599.094850,588.706783,600.265000,615.167983,603.808517,588.761667,619.715633,639.194200,625.440000,614.615683,621.144100,631.025000,623.490317,637.002400,659.620000,639.324750,623.951317,649.185000,691.289867,648.066483,577.690000,639.497650,686.841617,669.000000,675.738600,664.394167,630.120000,637.719600,734.431467,852.993333,868.959300,862.169717,868.836667,847.951867,832.115467,848.026667,888.395917,912.390467,893.455000,863.808950,988.588683,1178.273333,1168.835200,1139.211400,1164.535000,1142.522167,1129.052867,1153.833333,1179.402800,1173.834200,1147.663333,1140.930867,1150.251617,1158.186667,1151.484150,1143.874783,1138.073333,1128.671083,1146.362833,1172.603333,1153.085467,1123.250450,1117.740000,1133.517800,1115.354817,1063.553333,1033.434733,1026.801667,1023.893333,1013.823633,1046.841050,1095.370000,1075.996067,1051.725367,1055.356667,1057.018683,1048.317233,1045.430000,1065.537317,1059.564567,1042.723333,1073.302533,1063.356667,1016.416667,1027.130267,1041.772800,1033.251667,1032.702900,1043.238350,1051.810000,1042.311917,1020.267350,999.176667,989.459350,980.493217,983.451667,1016.508033,1021.387600,1008.801667,1023.136050,902.293717,713.720000,707.648717,743.606050,732.225000,722.813433,712.903850,709.561667,728.323550,725.108483,710.756667,736.287883,737.041400,708.871667,711.987583,705.939283,686.588333,697.169283,720.632817,726.303333,702.320000,700.878083,729.221667,732.181167,653.725783,552.628333,549.101833,556.125050,533.753333,528.562967,533.351567,542.396667,558.965833,559.770817,550.748333,561.924883,576.065350,575.986667
563.265650,563.916233,574.693333,566.969183,551.802817,557.008333,598.451200,620.728833,603.145000,578.733917,583.096050,606.886667,612.221883,624.997483,639.808333,624.656383,628.794133,646.326667,622.197517,606.252083,621.005000,639.428150,653.935583,663.496667,669.562033,678.828317,692.673333,702.403933,687.366967,666.105000,678.375917,682.348867,660.888333,655.942183,755.688000,880.025000,855.184433,841.189150,881.508333,862.662800,847.340733,855.113333,840.439083,850.829817,866.838333,839.525167,953.827700,1159.040000,1200.721967,1184.353550,1181.183333,1152.938767,1131.424583,1129.695000,1130.328983,1143.483750,1159.266667,1150.290367,1128.906200,1124.158333,1151.969950,1153.523700,1132.531667,1147.366750,1152.780917,1142.198333,1153.722850,1144.684617,1105.883333,1074.466867,1055.504800,1046.785000,1044.598400,1035.186233,1031.386667,1061.619200,1100.400450,1114.545000,1090.495783,1067.113683,1057.166667,1042.496067,1037.007767,1045.975000,1055.953650,1048.125683,1029.378333,1026.245633,1036.212133,1044.815000,1040.438833,1039.223033,1037.126667,1013.673050,990.844117,990.900000,1013.441483,1012.718117,994.235000,1005.320350,1012.412800,1000.258333,991.222300,1000.650200,1027.330000,1033.910267,905.383433,721.675000,693.386083,703.189517,688.778333,707.617483,738.951333,743.571667,705.755617,690.155400,712.548333,727.700450,722.740567,708.405000,704.043450,704.849450,709.533333,721.363267,723.930583,717.723333,719.974867,727.701333,743.825000,761.367750,694.944017,575.931667,531.493033,527.838067,531.823333,546.627033,552.353500,549.671667,558.920183,572.263883,582.330000,590.086050,598.041450,594.950000
568.862250,559.303333,574.816667,583.328983,567.772683,548.378333,561.499967,577.444217,588.581667,613.445717,621.390400,612.870000,620.422817,630.389583,634.330000,638.155683,636.710367,633.806667,638.662633,635.706550,632.403333,648.982017,642.107650,616.851667,624.892200,646.734450,664.406667,677.732600,678.108650,665.908333,652.628533,648.332400,646.410000,643.750800,711.145700,827.528333,885.228800,874.139033,853.753333,887.766900,886.256067,847.063333,863.088650,900.888950,895.056667,839.022567,943.488217,1154.285000,1194.481750,1167.500550,1154.711667,1131.942400,1133.350500,1161.501667,1177.498867,1167.725533,1151.098333,1155.964733,1147.875217,1127.466667,1131.446367,1137.655567,1134.231667,1131.960617,1130.061400,1127.643333,1124.329867,1110.601417,1098.563333,1109.684850,1108.571767,1078.535000,1042.144050,1043.297033,1063.305000,1046.622950,1056.467533,1094.760000,1089.693100,1042.885567,1007.796667,1037.849683,1060.312217,1059.118333,1083.395450,1091.115983,1069.275000,1051.596883,1047.319717,1052.950000,1055.542483,1031.012667,1010.520000,1046.295633,1047.975217,1001.920000,985.676083,990.240667,1000.968333,1015.573450,1013.682533,1002.483333,1009.426883,1015.255817,1018.918333,1017.965667,893.010117,713.465000,687.889317,712.781217,714.058333,718.823000,720.186983,715.386667,713.815967,718.124183,727.808333,738.140133,733.737683,719.121667,716.590017,728.631100,736.321667,720.988150,726.682117,742.348333,716.461633,715.735700,751.990000,752.000767,649.419150,519.626667,516.443817,554.266750,557.093333,532.844483,537.936133,566.135000,560.161883,553.033250,567.188333,585.244267,569.082433,537.103333
545.492267,558.267183,561.525000,575.133217,573.126833,569.095000,601.101500,603.201583,577.413333,588.919033,581.716367,565.905000,608.064050,616.699950,590.710000,619.512200,634.607383,615.735000,616.931033,632.897983,645.020000,643.038033,640.021750,652.126667,681.511750,687.808100,678.798333,697.626200,696.588883,666.591667,651.697833,659.777717,667.048333,655.622100,713.242250,825.831667,880.404183,882.151650,865.826667,860.745017,878.351483,886.828333,849.890750,861.814100,894.961667,850.591933,950.265033,1151.670000,1173.108917,1151.161700,1176.696667,1193.603033,1175.620583,1138.616667,1125.825333,1155.580200,1183.203333,1145.326550,1125.003033,1139.816667,1127.790817,1117.795683,1124.098333,1125.280417,1111.918550,1099.923333,1114.208550,1128.786983,1121.490000,1094.005533,1074.797767,1064.448333,1040.089150,1021.878167,1024.200000,1043.670500,1072.848967,1089.523333,1071.050350,1048.245950,1052.061667,1082.291950,1072.147817,1041.066667,1069.797500,1078.264333,1054.928333,1066.184500,1054.535317,1018.145000,1014.995500,995.417833,983.035000,1047.399467,1046.046233,985.893333,1015.489717,1040.841367,1017.240000,1001.690517,1008.653067,1023.285000,1021.800233,1014.480483,1022.705000,1033.913600,901.821500,710.351667,706.232267,740.091483,727.598333,728.365117,712.617450,687.666667,703.219000,733.729867,739.586667,708.318200,710.129167,739.881667,725.255967,707.029783,710.195000,718.149667,727.919633,730.065000,716.277400,722.550500,757.426667,775.857933,680.567300,533.851667,507.642817,527.234567,537.366667,555.735383,561.431767,558.461667,572.850617,578.371867,571.338333,571.593550,552.097900,541.143333
591.852917,594.081650,559.901667,606.238700,621.205283,590.286667,611.736717,614.355667,596.035000,629.438150,638.206050,611.711667,617.514083,621.189600,611.681667,614.635217,604.816167,597.138333,633.645167,654.640183,651.986667,672.828017,677.358783,654.546667,639.961550,648.783800,659.893333,642.026850,643.295267,672.676667,686.958850,672.599600,650.931667,667.248867,751.743867,845.846667,852.158683,852.517850,878.490000,881.460433,875.520500,877.405000,885.647767,882.844767,859.443333,845.266283,970.247117,1146.545000,1143.482233,1121.340367,1149.983333,1141.541917,1137.708367,1150.900000,1146.270550,1152.886733,1169.148333,1161.781717,1158.209350,1156.191667,1130.063700,1137.723733,1163.800000,1133.968083,1113.389000,1127.135000,1133.891467,1130.516317,1117.840000,1093.046533,1064.533817,1047.578333,1051.747617,1049.090950,1032.638333,1022.795317,1027.512300,1043.556667,1060.862450,1073.015400,1075.611667,1067.106933,1053.257433,1039.626667,1030.969017,1036.354633,1055.153333,1068.933983,1035.146333,993.585000,1025.372567,1030.018317,999.400000,1025.448350,1048.083883,1030.140000,1002.568817,1015.365217,1039.075000,1002.412383,995.473567,1027.073333,1012.977667,986.311917,996.671667,1032.651600,909.058067,701.133333,682.796967,714.781950,710.691667,721.213350,710.542067,692.090000,722.544617,744.429850,741.635000,750.788217,739.006067,708.685000,703.448733,717.802900,726.840000,713.168967,713.606367,732.096667,734.132900,718.644333,722.046667,762.715317,683.262167,529.181667,514.492533,543.688367,553.306667,575.060750,574.945000,550.016667,539.220650,553.426500,579.433333,580.881217,500.454267,403.531667
417.900883,417.401167,379.981667,408.866367,435.715917,423.448333,407.801933,410.541583,421.036667,414.073917,417.037833,440.301667,464.702700,475.639950,478.863333,490.212850,491.782417,488.786667,505.239817,514.780150,511.870000,512.938750,489.683350,458.390000,468.911350,482.870483,486.490000,502.963083,514.696167,503.071667,470.472800,462.900617,500.378333,555.189850,559.767250,528.040000,534.709817,535.678750,509.290000,494.350667,553.560250,632.241667,610.364050,591.951050,611.141667,604.598200,623.551983,646.596667,598.718717,593.395267,615.055000,550.427233,591.923250,720.988333,714.158317,680.556650,699.280000,728.789100,714.023800,679.948333,697.563633,697.767233,672.313333,682.314317,682.153400,666.230000,676.010233,672.942650,660.593333,679.516700,670.076700,622.485000,599.286783,645.828350,707.041667,677.834233,631.400767,623.965000,638.967800,622.691500,595.030000,620.530100,618.371350,581.388333,584.836533,592.467600,593.843333,614.119217,604.438683,570.368333,567.801800,561.906083,541.761667,536.507717,546.097800,567.041667,591.981300,583.420917,560.601667,570.515650,520.908783,443.895000,468.500700,478.380383,442.496667,448.320500,465.328000,468.365000,465.131683,449.853917,438.136667,453.689383,454.762067,444.793333,462.860083,447.782733,415.231667,444.802767,465.086983,449.226667,443.341450,451.631483,464.423333,470.573133,463.577700,452.105000,454.068583,468.258817,484.651667,483.341183,424.447350,354.901667,367.507133,376.470200,363.345000,391.352233,401.932133,386.145000,396.821717,409.948850,411.015000,412.514550,416.391117,418.260000
411.771200,397.008650,394.685000,427.107450,449.080467,445.015000,439.801417,433.879950,430.063333,434.001733,428.316267,426.491667,459.228317,481.296683,475.555000,468.109383,467.860000,472.013333,471.114167,457.681183,450.710000,477.295267,495.213800,488.260000,478.954317,470.547567,469.023333,484.491733,510.684150,519.701667,491.832150,504.736467,543.135000,518.606883,515.077617,547.316667,541.657800,523.392633,511.186667,503.772933,546.260617,596.811667,567.247283,572.440383,615.683333,585.983217,564.924850,592.981667,618.729817,591.123317,545.745000,573.031983,641.173517,697.558333,712.986333,708.607033,706.906667,710.091283,686.606383,660.915000,689.858533,705.517900,677.856667,643.887733,629.184617,643.913333,677.797133,687.857283,667.326667,650.399833,656.785133,672.460000,667.054817,662.032583,663.211667,651.568583,625.410083,610.090000,632.746017,640.916300,626.863333,632.214867,637.320833,623.385000,594.250983,575.780067,576.460000,585.366800,603.954900,620.096667,614.350500,604.590000,592.425000,565.653550,558.060067,572.433333,575.270417,560.128867,553.403333,578.093267,546.543033,464.476667,431.719683,439.415300,455.001667,455.941517,441.607200,439.695000,474.113083,466.852317,424.111667,432.071583,458.102183,461.856667,437.350583,422.432917,446.523333,500.363950,501.206433,454.801667,446.432783,454.124000,456.538333,458.379967,454.968750,460.658333,492.470083,494.876500,474.915000,485.439517,444.342833,360.810000,342.571917,386.643350,433.410000,422.819083,401.509300,401.700000,412.844383,419.050567,406.718333,385.335067,438.704833,547.641667
596.977050,575.902050,550.000000,593.443800,622.769083,602.651667,579.727767,575.664033,594.433333,621.692950,614.398150,582.196667,579.604350,601.521867,625.548333,633.840350,633.134800,622.356667,599.725133,613.504600,655.560000,663.773150,637.420150,616.223333,642.438417,672.309967,667.835000,637.302317,658.284500,693.600000,638.307817,634.390733,679.321667,646.372167,728.900167,887.173333,871.435667,844.627417,876.443333,870.093333,860.346050,870.573333,878.867817,869.051317,847.691667,855.937383,982.224350,1148.583333,1173.644100,1168.386017,1181.418333,1152.960717,1136.158600,1141.785000,1129.314700,1138.309667,1156.896667,1129.339917,1110.607317,1119.440000,1122.384683,1134.285283,1143.841667,1121.050417,1114.050550,1128.118333,1116.482600,1077.037167,1054.785000,1095.237200,1109.249300,1071.943333,1044.457300,1038.408133,1044.800000,1051.853483,1064.876450,1084.725000,1098.865567,1078.868533,1048.248333,1063.188700,1088.198100,1085.486667,1050.238783,1023.248933,1025.741667,1044.595550,1053.174567,1042.560000,1026.409100,1024.211483,1023.951667,1000.349383,1002.930800,1030.325000,1030.559400,1027.513033,1028.956667,1017.996417,1020.626133,1032.690000,1020.049000,994.763950,1005.265000,1062.089817,941.986300,709.775000,671.755950,717.534000,731.983333,716.194867,720.511067,747.306667,751.746900,736.683950,716.213333,704.218183,717.457117,737.288333,725.098400,706.172833,705.105000,718.676033,703.943367,682.595000,714.807550,722.453600,711.156667,748.108383,680.738217,540.068333,524.046033,543.510250,538.648333,544.964550,563.482700,569.456667,542.225100,538.575150,568.195000,582.553800,568.171767,552.440000
571.951333,577.458650,562.886667,571.890883,587.911333,596.085000,595.877083,576.092150,565.593333,605.470900,618.793333,606.316667,640.977417,657.159850,630.433333,608.127167,615.144750,637.163333,640.123033,640.862917,640.968333,626.737467,634.246750,657.095000,655.569283,674.095067,698.011667,662.763233,624.879767,620.988333,636.641367,656.926450,657.985000,641.245433,736.780817,877.876667,858.078717,821.295267,844.895000,866.393817,889.025867,900.965000,874.580500,849.779017,836.176667,830.459383,957.556950,1143.050000,1164.782600,1132.360167,1126.621667,1122.682150,1128.907467,1143.306667,1146.027017,1126.651417,1104.250000,1111.759850,1130.493767,1140.966667,1137.320117,1119.667950,1114.091667,1144.607350,1133.625333,1093.910000,1116.217933,1141.773767,1132.363333,1104.482500,1058.090017,1022.475000,1036.955267,1046.874450,1027.691667,1006.990683,1004.910433,1038.958333,1100.162400,1081.833100,1023.300000,1064.567217,1074.545250,1034.373333,1056.559750,1056.875850,1020.206667,1025.782283,1049.714600,1056.650000,1036.791700,1019.045433,1019.518333,1029.167333,1028.452383,1015.785000,1008.152667,1014.711850,1023.971667,1016.717817,1015.479867,1025.493333,1025.792600,1004.447383,1000.051667,1035.725350,896.821167,671.880000,680.002917,720.525950,700.498333,727.358417,746.944683,739.961667,748.876583,752.457483,733.990000,704.308600,697.590417,715.906667,729.194833,729.947767,722.643333,714.204933,698.794867,694.245000,724.451300,733.720467,733.853333,770.188150,683.016517,523.238333,517.614833,550.723317,548.493333,553.632583,557.856300,562.403333,582.041917,592.058767,584.748333,576.071317,568.377717,566.653333
575.057800,570.496900,554.790000,556.316233,581.237450,600.921667,582.434167,587.243233,610.946667,592.187300,596.565150,622.813333,602.847933,596.441417,622.568333,633.073550,608.713233,583.893333,611.905533,641.250733,641.668333,634.277217,651.542217,673.136667,651.507867,647.071383,667.486667,662.430483,668.197567,678.415000,650.991517,656.639783,677.983333,642.974667,717.458500,867.540000,877.589283,842.852467,844.126667,860.936633,850.466800,825.118333,837.453017,861.788317,855.495000,823.518750,935.669533,1121.933333,1135.197933,1135.382283,1191.765000,1201.030600,1153.717867,1117.993333,1167.809083,1197.045900,1164.343333,1129.402350,1114.056250,1113.071667,1112.615800,1128.359000,1146.045000,1132.029100,1123.006367,1127.333333,1117.512967,1107.690233,1116.443333,1139.162617,1109.065283,1049.286667,1051.364633,1061.278200,1041.868333,1020.906600,1062.915817,1119.698333,1079.520017,1055.789283,1084.113333,1092.093650,1113.353333,1126.813333,1068.753300,1030.855917,1035.041667,1021.484650,1037.498983,1068.266667,1042.908150,1023.420467,1029.573333,1020.802267,1019.506267,1031.736667,1036.815950,1038.543967,1039.893333,1038.207400,1037.033000,1029.871667,1008.552367,1003.807417,1030.918333,1050.409617,916.390850,715.851667,695.923933,715.130283,705.900000,736.653200,729.655067,694.110000,720.545933,727.913933,697.486667,698.273100,723.657067,742.506667,733.042033,727.094850,734.715000,733.535950,713.811083,700.080000,723.586167,723.563867,710.370000,736.514417,656.221000,522.275000,542.356717,555.902483,509.098333,514.707483,546.507467,561.821667,551.619683,556.888100,573.111667,557.248000,541.767050,544.480000
550.650217,552.227683,547.543333,545.307867,575.805383,615.261667,608.596133,609.593567,619.721667,592.522567,605.259283,645.938333,623.917467,613.891817,634.513333,631.593050,650.451850,672.321667,631.150783,626.038750,663.721667,649.556767,620.842083,624.151667,660.116317,651.513567,619.418333,659.871383,701.792917,698.188333,674.231217,671.871267,662.085000,603.182500,687.127683,860.333333,869.796967,874.073000,912.443333,862.126417,846.783950,887.030000,876.677933,866.871033,858.613333,820.276117,941.125450,1152.526667,1176.428017,1147.293750,1162.230000,1178.425833,1170.678467,1154.348333,1162.928600,1165.627950,1149.385000,1136.582683,1152.142450,1164.041667,1120.937700,1117.286017,1154.178333,1137.322667,1110.808617,1112.648333,1132.392167,1135.828683,1121.028333,1111.181267,1081.312417,1048.451667,1057.913383,1053.132450,1015.808333,993.031633,1032.315850,1093.911667,1093.003833,1105.586750,1122.020000,1055.512683,1012.708433,1033.493333,1053.464767,1057.208750,1045.246667,1023.186583,1007.264950,1014.376667,1044.249200,1039.523433,1012.630000,1027.396133,1021.663500,1005.198333,1047.013817,1042.388533,993.441667,1010.164283,1031.237250,1016.508333,994.022567,1000.150933,1030.998333,1027.469817,885.656467,706.596667,709.454117,731.593733,705.321667,718.757917,716.226850,694.836667,716.974150,743.956883,738.611667,708.257967,722.613667,764.940000,749.844033,722.350850,716.406667,722.016550,732.501833,739.665000,737.728933,741.382583,757.351667,764.846483,690.806600,570.891667,528.469800,550.794617,581.263333,575.257417,568.078850,570.050000,555.548383,536.037167,547.596667,609.144017,617.417783,572.158333
573.014233,586.315733,586.526667,589.836317,606.754717,626.546667,624.699667,599.970833,579.085000,591.258383,590.560967,572.066667,578.164300,600.192967,611.915000,599.719217,613.669267,641.316667,617.404133,578.919217,579.568333,637.950067,674.769050,670.948333,672.924550,653.734383,632.816667,664.268583,681.353350,660.561667,647.028350,662.090317,680.661667,671.337333,729.944117,845.205000,893.361850,860.606633,818.671667,851.940783,874.024917,862.308333,879.897667,904.276250,886.666667,831.873000,957.868800,1174.941667,1167.252883,1146.979367,1199.420000,1188.389000,1142.255667,1112.880000,1122.861617,1158.960533,1177.730000,1141.611467,1119.148867,1129.648333,1131.254867,1139.786733,1148.113333,1127.955133,1117.044650,1119.943333,1106.498967,1106.452700,1128.056667,1143.012150,1126.073117,1080.561667,1036.408783,1018.672867,1011.875000,986.745383,1010.461933,1073.243333,1089.127500,1073.163617,1060.738333,1069.414317,1070.860017,1054.428333,1035.296283,1016.489650,1018.598333,1058.005933,1055.516017,1020.001667,1036.229633,1046.790133,1026.336667,1011.314117,1009.482883,1009.566667,998.348300,997.997800,1010.410000,1014.445483,1013.946317,1022.553333,1044.111883,1033.930617,1016.445000,1037.106367,913.432417,705.108333,678.480600,730.412983,754.215000,741.347367,707.961583,687.675000,706.617550,714.504800,704.520000,713.537700,705.447367,695.173333,735.196500,752.048717,724.306667,706.229617,716.706333,744.455000,758.213483,731.430367,707.781667,743.050900,676.956683,540.311667,534.493533,564.098467,557.488333,544.890133,559.318700,587.391667,584.465083,564.584667,552.066667,549.424350,496.023633,416.400000
400.728283,401.096050,401.421667,434.370617,459.074000,445.625000,409.217000,420.255150,452.495000,419.607967,428.702583,483.720000,477.809483,468.490050,478.481667,469.347283,466.309517,466.040000,441.687483,449.795283,482.098333,474.750650,482.343100,502.230000,478.459000,487.547700,515.575000,474.559633,471.593750,509.905000,487.193850,489.995683,538.610000,555.749767,535.038000,505.196667,497.164750,488.173200,483.913333,518.196217,569.451000,610.831667,629.124883,629.777467,628.713333,635.725683,614.970783,576.720000,571.664000,582.161417,580.775000,568.147067,620.242900,710.836667,730.800133,721.160267,716.895000,710.797117,706.351433,704.873333,698.180183,664.130350,638.315000,680.715750,707.903083,683.700000,652.632850,645.606767,659.070000,666.120883,666.795500,663.958333,654.638983,630.775317,612.636667,628.838733,626.121733,598.005000,595.793750,630.029317,663.551667,646.728583,624.942333,618.403333,603.692750,580.880400,572.086667,596.776550,604.290700,595.483333,613.056733,594.631417,550.705000,560.289117,578.871867,576.681667,566.585483,546.662817,545.698333,588.215450,550.020583,451.111667,437.461567,436.656367,427.331667,464.749800,483.496100,463.935000,454.536950,465.957100,459.541667,399.175783,406.978267,464.155000,434.959000,432.464483,475.426667,461.436017,435.296600,430.846667,434.761200,442.776617,445.943333,437.840000,450.195117,480.113333,489.039467,473.433667,454.460000,454.738850,442.447583,408.103333,376.634383,365.659067,379.810000,407.269367,415.373600,409.841667,420.835867,405.754217,379.876667,407.397767,442.990717,436.380000
384.471133,375.211033,414.585000,428.071833,435.495967,447.453333,446.854317,441.141217,431.126667,415.979700,437.757417,479.285000,476.247583,455.282900,446.511667,455.231483,468.029533,477.965000,488.125733,497.834817,501.678333,495.652183,495.236733,501.305000,498.561817,485.538633,474.085000,478.004267,481.419883,485.785000,506.730217,518.258317,508.373333,494.202850,508.181933,530.305000,512.220417,512.171550,524.523333,494.103517,525.293867,607.135000,615.176533,593.766383,581.976667,572.968083,572.779433,585.628333,605.110517,605.649817,579.463333,552.107967,588.410600,672.003333,715.090433,708.518000,693.241667,712.201533,702.823883,674.915000,702.320183,721.999467,710.378333,702.150133,668.398700,618.581667,609.129783,661.067233,719.820000,699.408350,651.489467,633.180000,653.000067,647.311000,614.868333,612.335467,609.439367,595.691667,597.334733,617.108583,632.540000,618.752650,614.426567,621.596667,607.555267,608.903250,619.011667,592.631233,572.349500,572.696667,569.351867,582.986317,592.453333,555.331567,553.414433,582.328333,556.504067,534.267283,552.916667,577.485567,523.500417,439.740000,458.637850,473.381600,454.270000,478.114950,496.020167,478.533333,447.741850,422.163633,415.308333,429.167150,435.339883,432.483333,443.840150,453.757733,464.346667,488.945500,477.911817,446.928333,460.345600,456.036067,438.476667,472.636433,473.948650,432.416667,429.134633,457.295483,484.798333,484.130283,454.800733,411.415000,378.094817,381.282983,391.621667,359.153500,370.964467,418.970000,405.230783,389.182750,393.558333,392.205550,467.007367,583.628333
608.872350,588.707067,576.610000,578.883167,570.346533,558.483333,576.206883,598.714833,608.863333,609.925333,597.546050,583.813333,591.577767,612.188667,625.190000,614.145017,594.037683,597.771667,644.112133,658.912283,629.688333,615.518450,621.437833,631.530000,630.713333,633.107100,656.426667,695.349850,673.200400,625.046667,666.470050,719.056683,702.670000,633.258250,705.640000,870.586667,880.652500,843.453400,844.556667,856.490083,856.428883,843.973333,836.895383,844.687350,853.540000,857.875617,961.719850,1129.078333,1201.499717,1200.748067,1182.655000,1175.594767,1151.520800,1116.075000,1110.348367,1126.658083,1145.525000,1152.409700,1149.271183,1151.793333,1171.080350,1164.083850,1133.435000,1126.108650,1129.556733,1124.710000,1107.909100,1100.465450,1115.658333,1137.603017,1095.504733,1019.726667,1013.773217,1018.214617,1009.425000,1026.598083,1049.963883,1065.786667,1077.133733,1069.021217,1050.323333,1049.649133,1060.072950,1064.566667,1050.440150,1026.281733,1013.038333,1028.442617,1049.733533,1054.858333,1040.187933,1031.297983,1041.513333,1055.866200,1028.027600,996.873333,1042.722967,1046.973233,991.055000,979.257483,1004.024817,1025.035000,1014.407317,1005.528383,1022.343333,1034.067100,901.216833,708.843333,697.607700,731.145733,718.850000,706.447150,712.656683,719.685000,701.405183,708.115467,741.028333,747.817867,735.954167,727.288333,733.297000,730.813617,723.795000,732.616567,704.957350,677.026667,735.880333,751.409733,716.393333,739.576250,688.869550,568.378333,534.102650,556.318733,560.023333,509.729850,508.663567,557.518333,558.964650,568.342183,591.283333,571.462283,559.268933,564.983333
549.816600,548.113733,575.163333,603.795200,592.363533,564.750000,585.456217,608.405300,601.283333,578.449650,571.261483,591.113333,619.262333,613.933783,585.245000,584.230883,597.074133,616.613333,645.958150,638.495033,607.516667,615.646033,633.847883,641.275000,645.802083,643.040467,635.416667,633.778167,641.436233,653.035000,657.117967,645.152250,624.038333,624.940250,712.382583,841.301667,884.856383,860.948317,842.751667,885.354450,904.247933,868.981667,832.454033,822.767767,824.930000,823.740233,937.960950,1118.350000,1175.132517,1161.962217,1150.040000,1156.749217,1166.736150,1166.503333,1156.909183,1156.309133,1147.161667,1101.217533,1102.891300,1147.573333,1147.144350,1146.944333,1158.070000,1139.597167,1117.401767,1118.453333,1142.908050,1150.421000,1120.235000,1067.066817,1028.275300,1021.053333,1032.737900,1034.177567,1013.485000,991.203683,1028.442150,1088.500000,1073.138350,1063.848950,1074.756667,1039.455167,1020.238817,1042.123333,1061.984700,1049.154467,1027.148333,1045.532050,1058.887983,1042.770000,1016.972483,997.476167,1005.725000,1047.522967,1043.191783,999.311667,998.833483,1002.002750,997.086667,1016.461983,1030.825333,1026.840000,1022.059267,1029.186567,1054.116667,1065.441883,915.606533,703.008333,690.589200,709.005650,688.703333,725.358550,737.014400,708.075000,709.561417,708.831117,696.475000,701.527700,706.321150,705.768333,716.434650,741.316650,758.451667,742.256000,735.191450,736.730000,708.310600,698.367883,736.505000,784.069483,704.115917,557.610000,546.220650,552.951183,529.908333,548.773733,557.881117,545.673333,557.862067,579.137583,585.736667,569.130533,551.187500,558.070000
592.119633,578.300417,536.463333,560.693767,588.706167,596.935000,619.136883,605.799350,570.181667,578.377100,574.213033,566.261667,619.415167,643.704000,618.961667,615.633267,628.579450,638.781667,639.056800,643.713450,650.393333,640.343900,617.859333,610.026667,639.653933,648.376583,627.928333,626.598733,637.087667,648.600000,658.618017,653.857717,637.223333,643.806283,753.761383,883.701667,861.271833,847.623067,884.103333,857.788567,853.877317,891.421667,896.286817,891.185783,875.928333,846.949100,968.231633,1159.638333,1162.710617,1143.079667,1175.633333,1166.919667,1147.755683,1136.031667,1117.218483,1129.083033,1159.505000,1153.850317,1139.873050,1134.038333,1128.184217,1143.778900,1160.118333,1133.018733,1120.894633,1134.775000,1125.074900,1095.303667,1090.668333,1139.240333,1099.821100,1010.056667,1044.167767,1045.929367,981.485000,984.397950,1029.432383,1076.136667,1108.550600,1103.349217,1074.263333,1060.001150,1043.965983,1030.570000,1043.995067,1048.025283,1027.048333,1004.870750,1016.270100,1045.091667,1038.850233,1012.957517,1002.778333,1028.689567,1043.698600,1032.976667,1026.108967,1033.122133,1033.943333,1004.448633,999.657867,1018.753333,1006.012450,989.144350,1005.550000,1039.277350,921.218250,722.933333,698.455183,722.377283,707.340000,699.002700,728.574150,762.010000,735.895017,707.456033,708.775000,718.070517,722.397700,721.293333,719.921017,708.552283,701.616667,723.657483,730.488100,723.310000,743.649083,745.937283,733.146667,741.514400,664.791217,553.045000,569.456867,567.489917,519.101667,541.705017,547.927567,523.501667,550.036250,588.161217,599.266667,581.198750,548.658167,534.071667
562.241767,574.829300,556.915000,550.093383,564.049350,587.648333,602.296783,608.325283,615.948333,627.943967,600.966750,564.266667,595.260283,630.147400,633.575000,629.430700,620.543017,619.331667,642.922683,665.373617,658.286667,617.665467,600.778583,625.288333,657.094550,674.842800,671.856667,655.451033,644.790167,649.140000,663.686350,677.670750,665.603333,626.772000,703.144933,845.653333,857.718617,853.800733,884.395000,881.324483,876.159450,871.666667,840.227450,849.059000,877.698333,860.017667,981.546933,1180.941667,1188.652217,1140.358333,1139.335000,1157.207167,1186.540783,1204.385000,1180.054333,1140.757133,1123.781667,1144.204000,1149.484300,1131.200000,1131.800117,1151.963367,1149.975000,1091.077833,1086.812917,1134.238333,1120.198667,1094.541917,1109.760000,1151.551617,1105.086317,1002.858333,996.540033,1028.487767,1033.488333,1016.359750,1068.259283,1137.935000,1079.903667,1020.139783,1028.175000,1050.816017,1050.237533,1035.981667,1042.026800,1034.399667,1026.783333,1065.697717,1072.842083,1034.933333,1016.636183,1007.318033,991.581667,976.384617,995.324483,1036.643333,1049.440850,1033.584233,1000.830000,969.616683,987.305250,1033.555000,1034.322933,1001.715100,996.775000,1043.928483,929.410050,711.448333,680.073533,729.071800,737.925000,697.272617,685.068900,715.878333,730.820733,715.576633,698.635000,719.315300,738.994767,738.030000,731.535583,719.011733,708.466667,714.954233,730.032650,731.821667,708.144283,712.543800,751.675000,764.734850,680.074067,546.528333,500.365200,536.086583,577.421667,551.303117,529.936467,543.011667,552.257983,563.463133,573.186667,565.768750,560.170800,562.535000
558.255000,538.206300,532.406667,579.661133,607.629517,603.115000,617.430067,613.208183,590.281667,591.993367,595.350717,581.415000,562.515533,586.832117,619.830000,582.624750,578.439067,614.478333,597.808267,600.830483,640.998333,654.405483,643.392033,634.533333,648.636933,658.171983,649.073333,634.459017,632.668100,639.853333,639.307767,653.490100,664.050000,642.132200,711.906883,845.781667,879.093550,859.657583,855.233333,879.231433,872.486033,843.211667,857.157400,871.265717,850.811667,828.885833,952.951300,1148.170000,1178.612683,1159.863100,1159.446667,1133.459183,1142.636700,1175.348333,1154.224467,1136.219550,1146.423333,1151.159400,1148.010650,1146.368333,1153.195750,1153.024317,1132.231667,1096.400467,1094.886217,1117.675000,1108.132317,1101.670400,1103.066667,1080.169650,1068.024850,1056.280000,1006.322200,1011.236450,1051.223333,1016.858633,1019.646550,1078.518333,1096.252750,1105.581233,1102.906667,1046.330217,1018.409550,1038.698333,1048.556433,1055.350633,1066.078333,1068.553983,1046.945683,1017.236667,1018.205500,1048.778867,1076.775000,1064.797100,1036.912100,1013.941667,1001.748717,1019.468883,1038.550000,1007.174500,982.661267,989.808333,998.630133,1002.474567,1023.861667,1059.441100,925.495350,707.285000,695.134500,748.492350,755.435000,740.760383,717.325683,702.053333,711.317233,725.507367,728.590000,720.341600,712.811317,714.123333,722.619100,725.652783,724.461667,730.459483,730.438833,725.136667,729.929283,738.163683,749.733333,755.215683,666.094300,539.495000,532.568817,545.602767,532.013333,543.830967,552.780883,552.360000,564.171500,552.542117,533.630000,550.197833,492.614517,387.311667
383.008800,420.200117,435.373333,424.375483,419.249100,429.715000,437.238750,434.261617,432.468333,446.552933,440.745783,415.223333,412.197183,445.444900,484.326667,476.898017,434.275067,410.730000,454.150133,482.780983,469.628333,464.225983,472.369067,488.388333,502.476283,488.944150,472.668333,504.777650,526.143450,515.320000,507.117900,498.949400,500.051667,524.483583,521.298733,498.143333,512.881317,525.553867,508.336667,483.791017,521.501917,591.893333,596.017300,596.112717,619.748333,624.175167,592.365717,566.156667,600.459433,601.481400,560.156667,566.795917,619.013333,682.543333,723.796900,740.914017,730.566667,693.433617,681.138150,689.728333,673.231250,686.969667,714.913333,681.955250,662.256033,674.160000,665.149000,673.430550,700.871667,701.222367,676.468517,652.130000,649.098017,629.215667,601.491667,617.183683,648.634617,654.048333,619.451783,613.027367,631.261667,609.734767,605.304983,620.653333,599.480450,588.773217,597.861667,586.789550,575.045283,573.063333,568.375033,556.103450,549.741667,565.085117,564.561067,547.768333,549.591733,545.782317,553.366667,603.530067,565.814017,454.956667,425.546367,447.232917,454.565000,423.318000,435.762967,471.176667,431.337417,419.780217,452.145000,440.055317,434.794083,448.955000,440.992917,450.288017,467.235000,442.421567,442.955250,465.231667,443.152700,457.343800,495.463333,461.664083,444.586250,477.938333,499.246017,474.409717,449.073333,490.205067,471.671150,393.330000,382.060600,376.384067,351.685000,354.826450,375.540800,398.836667,418.640933,423.107467,411.671667,398.629067,405.143083,426.388333
433.338683,412.275150,395.728333,427.990050,435.882833,406.610000,401.391500,416.749250,433.846667,438.522800,428.706217,419.345000,431.155033,451.680033,456.028333,429.795517,414.308967,415.505000,406.605317,424.372550,452.096667,434.626367,438.731067,473.336667,473.881667,439.259950,408.818333,425.142467,450.404117,450.785000,426.858533,417.847417,439.926667,472.208867,477.575767,466.393333,478.091400,467.044883,443.858333,469.145967,493.837467,497.461667,509.006450,527.328550,532.780000,514.422100,533.071833,565.933333,532.071600,519.463550,541.283333,534.671533,597.390783,690.393333,666.107183,648.905667,673.530000,651.598450,637.340800,649.450000,642.874050,610.868083,591.503333,629.147883,658.258483,645.775000,621.303917,621.995250,646.065000,657.610067,645.356383,615.506667,587.554233,588.911300,609.478333,611.712700,605.230350,599.191667,590.983200,581.628217,573.673333,567.639983,555.042100,547.721667,567.102983,583.733583,580.995000,569.879950,567.828100,575.583333,577.185517,563.226267,555.075000,580.745967,582.635967,562.631667,576.385183,573.129733,551.238333,556.886667,525.633967,471.943333,477.269417,466.331067,434.940000,452.454383,441.845567,407.821667,438.465650,478.939800,478.608333,442.099583,427.574900,448.346667,465.791817,465.648617,462.843333,478.946833,474.613800,448.630000,443.839967,463.601150,471.355000,430.955967,421.720850,460.935000,486.654983,485.546700,472.035000,465.733450,449.336233,413.030000,372.363567,373.693717,400.161667,388.868350,374.165900,380.996667,398.676133,411.980333,404.205000,381.192883,435.545117,537.605000
560.246983,559.304450,569.980000,569.772067,575.859450,586.213333,581.115633,587.514767,597.160000,574.687150,562.618783,568.065000,560.243000,575.921567,612.770000,622.579050,600.974133,577.100000,586.679350,604.761617,608.493333,598.110017,595.463350,611.381667,633.510050,624.183733,596.073333,599.609567,611.269683,609.901667,601.409533,611.870200,623.673333,607.873367,676.100750,792.278333,799.882317,789.258417,803.416667,793.541733,786.566933,801.763333,827.004517,835.985467,802.151667,750.041700,881.874117,1109.036667,1127.469833,1103.664483,1131.328333,1132.580883,1118.976583,1112.228333,1115.686867,1116.662450,1100.318333,1065.539300,1056.757517,1072.521667,1070.245950,1070.327333,1075.725000,1065.089917,1054.703983,1061.840000,1080.314817,1050.098167,1007.516667,1048.101300,1070.131500,1031.001667,990.465933,978.076917,989.465000,1002.317100,1022.656017,1051.163333,1072.860233,1062.964833,1040.610000,1049.824983,1051.437567,1033.113333,1026.997850,1048.709550,1066.838333,1033.697650,1003.778733,1007.835000,1023.404850,1016.405150,1001.518333,1020.097150,1019.079550,998.606667,1010.210183,1005.044883,988.758333,1014.573033,1009.421967,985.163333,1025.510100,1038.323900,1028.536667,1069.623550,954.752400,742.421667,719.697083,746.774400,726.913333,711.005550,724.557617,740.111667,712.958667,705.793867,733.193333,744.110200,727.832150,706.630000,710.720767,715.154733,711.193333,715.142333,722.736367,729.535000,736.606567,745.897817,760.511667,763.318167,660.177167,517.425000,510.357867,536.011267,530.438333,529.744783,529.120017,537.448333,571.626750,582.939650,571.786667,583.635017,583.356533,567.568333
570.779783,570.491900,572.391667,599.008233,573.947200,526.953333,566.444233,595.521183,586.528333,606.877467,618.648050,612.166667,616.155833,592.642700,563.831667,593.260583,604.179467,580.408333,585.222583,613.378583,633.075000,620.001417,611.347867,615.790000,607.180700,595.358100,584.853333,573.445083,588.677333,611.755000,597.067900,602.859183,607.956667,553.475717,639.712950,817.728333,826.307717,808.154717,833.608333,822.237000,796.962617,790.383333,807.896767,819.170850,799.980000,775.328850,896.514383,1089.873333,1115.431650,1087.936800,1088.128333,1082.116583,1078.585683,1077.055000,1069.634483,1099.544600,1131.986667,1088.834083,1076.706467,1111.543333,1103.972417,1092.203383,1087.808333,1060.692683,1051.971250,1068.533333,1076.430067,1087.490683,1088.715000,1049.025350,1010.605717,992.488333,979.275883,983.708133,988.861667,967.962633,998.279400,1065.506667,1068.110383,1027.755333,1001.470000,1027.199967,1055.370750,1057.283333,1049.156133,1054.201067,1062.535000,1045.192917,1032.802917,1035.500000,1032.885183,1025.544200,1020.703333,1022.641583,1020.877450,1024.758333,1050.244233,1048.528567,1020.396667,1014.134583,1005.870600,998.638333,1019.914483,1016.482800,1010.395000,1049.190817,914.354300,678.451667,657.239333,710.828583,722.423333,717.314267,724.173933,744.018333,751.774433,727.887150,701.376667,718.145233,708.504950,675.275000,692.882050,716.961950,728.281667,752.302133,770.034567,763.721667,738.934467,740.538550,773.405000,783.644533,687.896667,552.211667,536.868050,558.153083,561.241667,570.173400,559.911583,534.766667,530.248450,536.946633,551.361667,577.925083,584.190017,570.018333
567.849533,573.645083,576.046667,571.417317,577.151750,597.216667,612.730950,590.965433,561.885000,592.056333,632.140200,637.010000,605.961533,578.913933,573.478333,577.763700,589.593700,594.973333,583.485400,612.714883,650.290000,605.820783,580.440617,613.425000,641.194100,634.252283,614.745000,626.519483,634.137333,616.273333,590.739183,592.151217,609.735000,612.740367,681.618250,794.305000,833.958067,826.890600,810.446667,794.487933,783.887550,786.135000,806.577400,827.321183,816.236667,779.580883,898.128733,1110.285000,1154.294567,1109.157283,1074.591667,1074.120833,1096.456617,1111.308333,1094.532517,1088.407783,1098.751667,1093.824867,1101.932567,1110.570000,1079.430000,1077.843167,1094.540000,1050.202250,1024.085783,1051.008333,1081.796467,1075.296183,1058.863333,1085.794117,1057.660600,991.760000,1006.656533,1013.563633,985.910000,991.779000,1015.635600,1037.073333,1052.383733,1055.686000,1046.185000,1031.296817,1027.179367,1033.283333,1034.463150,1032.320717,1028.700000,1025.508217,1040.047117,1060.171667,1051.250250,1022.910367,1015.351667,1056.789617,1056.201117,1012.256667,1011.731483,1016.956750,1003.146667,989.098883,986.462733,999.040000,1020.231167,1025.685800,1023.153333,1019.161500,880.354317,686.186667,671.876717,708.795300,707.248333,703.878367,709.744617,718.213333,716.606083,707.914117,710.301667,736.472800,735.667817,708.631667,708.324533,726.598367,739.356667,732.948917,733.739633,744.238333,741.369400,735.021483,740.806667,749.462017,670.404000,543.380000,513.397200,544.385717,562.460000,530.441600,518.377417,550.973333,584.121717,588.463283,580.375000,596.455650,592.039717,567.170000
568.543167,569.111267,557.965000,557.933550,583.818833,606.990000,584.345850,575.605567,588.136667,572.196217,561.928133,574.571667,588.221433,581.127533,572.448333,598.862083,608.310033,593.393333,600.621133,622.352200,622.388333,576.706067,563.439550,603.128333,638.269350,634.292917,607.408333,601.880083,599.160300,598.368333,619.315217,630.305800,612.505000,595.968483,693.091233,836.620000,836.664967,806.849833,808.628333,794.933317,802.638100,823.733333,810.716050,822.521283,836.598333,794.379533,912.946217,1124.071667,1126.043967,1095.361583,1115.546667,1091.643983,1077.437967,1096.005000,1107.032267,1098.383833,1080.490000,1075.396800,1091.770017,1115.561667,1118.217100,1091.354817,1063.096667,1075.370300,1100.595883,1099.503333,1059.691267,1048.612833,1073.993333,1073.641333,1027.115733,991.633333,1039.711267,1046.593750,994.608333,994.282217,1039.227767,1065.023333,1021.868917,1020.364950,1065.903333,1055.917717,1035.768233,1028.763333,1010.887100,1009.368133,1019.610000,1011.950967,1033.836250,1065.075000,1035.493150,1020.359967,1035.216667,1021.217200,1008.284117,1006.828333,996.681417,1004.382817,1021.861667,1009.487667,988.398317,994.903333,1037.920550,1025.788367,997.638333,1050.928067,912.427383,663.518333,679.609400,728.647633,704.428333,729.422217,717.005550,679.746667,726.450500,739.530717,701.188333,714.732183,737.861867,742.345000,745.120500,736.341600,729.811667,749.579917,740.576933,709.031667,718.721183,739.421200,750.121667,745.424117,654.281433,533.140000,525.044967,546.582917,552.746667,574.176333,561.398067,528.533333,544.335467,559.865250,553.191667,554.821783,574.365833,588.235000
566.944033,563.723467,582.805000,577.244500,573.828350,584.888333,591.043483,581.546567,567.736667,571.713650,581.020850,588.746667,595.625283,577.914750,563.315000,602.452450,611.389717,576.725000,569.550283,580.515433,597.806667,619.986433,614.628950,602.805000,633.996117,630.420617,593.145000,603.594400,621.149033,616.168333,604.336283,610.228417,624.891667,628.549500,693.372333,780.958333,776.093583,785.495767,822.520000,798.282717,809.890333,858.716667,839.799500,796.357867,764.685000,763.020133,908.813233,1099.521667,1095.976400,1083.165133,1115.441667,1072.723000,1085.735183,1147.646667,1109.238083,1059.337050,1058.360000,1074.828950,1072.142267,1055.361667,1058.437400,1063.878750,1059.505000,1051.587633,1045.802067,1050.211667,1068.293150,1075.693800,1074.843333,1083.284067,1048.185817,995.588333,1009.729700,1023.507817,1003.791667,986.552483,991.958683,1018.800000,1046.546583,1046.139850,1037.561667,1063.396567,1057.202433,1027.610000,1049.098950,1052.469100,1033.483333,1056.493433,1056.071167,1022.381667,1015.068967,1016.353517,1017.658333,1031.052333,1034.329650,1025.838333,1026.023233,1026.464217,1023.401667,1023.968750,1029.288400,1021.090000,984.319750,984.856700,1041.620000,1081.819483,947.264433,729.508333,692.718733,715.970400,712.560000,718.236933,724.889483,716.335000,691.019067,686.682300,710.495000,729.759950,715.990133,694.406667,716.698067,734.006617,727.120000,726.804600,741.565350,756.600000,748.495917,728.133617,719.708333,725.374633,648.179767,531.695000,526.322967,552.287217,559.153333,574.057767,580.858967,580.148333,588.811633,577.130750,556.378333,561.193450,513.485583,434.373333
428.669217,427.897333,405.985000,407.274800,410.805683,413.868333,434.707783,435.445083,413.818333,407.953333,417.298917,429.395000,429.820933,404.802117,380.090000,398.660167,417.205500,420.570000,434.046900,444.766867,444.705000,442.025000,448.919650,456.131667,444.301400,441.274267,451.503333,451.676000,448.969833,453.983333,466.723633,464.241517,441.673333,420.270467,428.511683,447.815000,434.967867,439.277550,456.756667,441.605100,482.293117,558.066667,552.605083,537.922600,544.846667,530.486550,515.525550,515.948333,527.316000,548.584833,551.836667,516.643167,556.682550,644.433333,636.023200,617.965083,637.418333,648.204333,628.190500,605.668333,627.164467,641.304833,627.791667,615.241033,604.669450,609.046667,638.935433,622.363317,579.535000,601.870800,617.478817,601.678333,605.317783,623.900517,630.451667,605.431833,587.967950,592.833333,600.821533,612.600400,620.033333,605.939417,574.831317,560.918333,598.090250,624.800700,607.940000,569.644117,542.389600,551.575000,593.265517,587.485217,547.966667,565.347050,589.728167,587.668333,576.564033,565.853867,562.436667,560.969650,511.358217,450.956667,466.687250,455.605933,412.060000,434.111533,454.967150,448.120000,452.774850,441.007100,422.631667,440.914850,453.543233,449.770000,456.534733,440.249700,420.080000,450.173850,455.137000,426.955000,433.302117,444.185083,441.610000,443.867900,463.297067,487.375000,489.191533,476.497150,474.373333,495.981667,476.711567,413.433333,375.167917,392.603217,420.656667,385.058150,353.019250,360.596667,381.436600,407.808100,421.301667,403.428467,397.515367,413.378333
419.428750,414.952133,405.818333,398.370467,406.331817,417.765000,407.816867,408.157733,421.443333,421.033433,434.935600,460.696667,461.581683,442.650333,431.765000,451.084767,454.906233,435.176667,429.883383,441.706883,452.961667,446.223050,447.377517,459.528333,459.536650,454.061917,453.983333,463.006850,470.806433,469.471667,459.462867,450.935300,450.665000,454.742100,441.290133,425.486667,444.623000,460.399283,458.036667,463.259683,491.023567,523.900000,530.234950,536.818983,550.493333,548.834817,532.333283,517.693333,521.788550,522.905600,515.726667,523.960617,579.515450,641.105000,631.618767,626.585950,652.033333,657.596183,641.694683,625.178333,630.237283,647.140833,652.593333,631.537867,621.958567,633.178333,637.468367,627.382433,613.806667,615.050017,627.586633,634.908333,620.250100,595.708883,588.808333,616.510750,623.885817,603.301667,596.989900,586.856817,576.891667,593.324883,601.705900,594.853333,594.186633,567.274833,539.850000,574.614200,597.234217,577.288333,560.142350,576.102950,597.178333,570.075150,552.107967,564.000000,569.598667,565.415683,575.845000,610.934933,555.311050,443.465000,431.452700,440.179883,427.941667,436.831833,452.025867,456.355000,449.311883,444.565267,445.235000,443.753067,445.106333,446.298333,439.982700,445.326783,461.221667,464.627900,453.456300,443.846667,452.876317,452.180683,437.965000,434.919250,437.928833,446.210000,465.170650,477.502567,488.075000,507.115167,460.129367,383.276667,392.383167,398.764100,383.640000,413.318783,409.591667,372.198333,383.592533,397.581283,384.405000,375.279867,440.508550,537.613333
548.746333,539.569133,554.110000,571.147300,583.672750,584.593333,571.850633,578.942783,599.143333,592.901783,584.963317,592.653333,606.859200,609.327267,590.585000,562.030717,572.195500,607.296667,607.574500,612.584983,626.321667,612.514517,615.401950,628.490000,599.191633,574.763433,584.736667,612.998450,635.182400,635.208333,614.627783,604.026367,595.508333,571.829800,651.750267,780.831667,777.086367,771.826183,810.860000,805.579167,792.402083,801.150000,819.075150,822.304983,794.501667,768.207417,918.212600,1141.900000,1142.687583,1091.654733,1099.958333,1105.649383,1077.874033,1050.480000,1080.194183,1098.754383,1080.681667,1069.743417,1086.418317,1105.035000,1085.378483,1083.751717,1105.070000,1092.897533,1050.382450,1023.318333,1055.955567,1081.734700,1074.855000,1067.345050,1048.276217,1012.361667,976.106300,972.137883,980.105000,957.097917,991.005800,1060.761667,1051.750867,1040.149917,1057.213333,1052.864383,1029.181500,1019.316667,1047.894183,1042.112517,1011.193333,1034.529283,1049.360900,1034.250000,1031.315117,1026.206583,1022.065000,1039.189617,1038.694717,1012.931667,999.537283,1028.645600,1057.835000,1017.084050,1001.646117,1034.965000,1042.475267,1014.845517,998.385000,1021.814250,904.065017,704.406667,680.128700,713.857283,729.410000,764.311783,762.362067,727.998333,724.963833,714.851633,700.423333,723.160450,713.770317,686.741667,726.322200,750.865617,725.725000,702.439017,716.145000,744.131667,733.714567,721.953550,736.788333,755.585217,688.260067,571.520000,538.810650,539.853367,534.301667,534.298400,532.749517,529.808333,535.608383,549.331450,564.511667,572.631000,568.790683,566.028333
581.444183,582.351583,568.180000,572.834367,589.362567,605.563333,612.558650,594.701333,574.750000,591.598250,591.634200,579.276667,610.467900,624.088450,602.520000,589.784717,582.162500,571.123333,563.122117,589.947283,624.438333,604.764867,588.222900,594.940000,593.059200,610.859450,633.441667,614.313100,612.735767,631.050000,614.655517,613.403933,617.311667,581.059400,655.080067,803.311667,824.132650,795.433850,781.140000,770.396833,795.526583,821.546667,785.224233,816.264600,860.148333,759.627933,857.577450,1117.650000,1139.789800,1088.403800,1093.421667,1109.092733,1112.377650,1105.720000,1098.883117,1062.903483,1032.918333,1078.961767,1118.137883,1105.743333,1076.735783,1073.271900,1081.751667,1057.425333,1054.741317,1084.558333,1100.393933,1101.567133,1079.516667,1024.993183,1002.886467,1018.031667,1015.358267,1013.876233,1017.005000,1007.347917,1021.649317,1053.660000,1057.469283,1054.962667,1058.080000,1050.747567,1016.862317,984.836667,1000.254667,1003.810450,984.683333,993.885383,1028.280600,1054.345000,1038.407200,1009.585967,996.525000,1005.212233,1017.013067,1021.106667,1018.977000,1006.697400,990.871667,989.318833,1015.135267,1047.236667,1045.686133,1026.742483,1024.138333,1035.222283,910.461567,711.761667,670.695850,707.661667,729.016667,721.117917,722.437517,739.218333,740.845517,728.182183,728.621667,763.877667,764.153350,725.161667,708.504400,687.887233,679.978333,729.654217,737.099633,704.708333,732.573067,758.406683,751.705000,737.968517,674.447367,576.898333,524.567133,542.761633,588.606667,589.275883,566.874917,551.915000,555.995617,577.523283,583.941667,543.890217,537.780417,574.881667
585.119767,578.253183,576.968333,584.492383,562.363200,544.993333,602.261700,619.568450,582.851667,590.039150,599.243983,589.218333,588.585900,596.226717,594.490000,572.106100,574.330733,595.495000,584.703650,569.684500,574.245000,589.782333,578.397800,567.426667,617.807600,640.055183,604.698333,575.776050,594.735633,628.660000,612.118117,615.355733,633.906667,604.934017,660.599867,777.901667,791.650667,784.137917,805.305000,816.224817,809.218450,804.343333,827.578650,852.833067,833.950000,772.794650,876.781733,1088.598333,1128.117150,1085.369800,1070.323333,1099.306133,1120.594483,1116.040000,1111.083400,1106.498050,1096.005000,1076.535600,1059.744267,1072.961667,1128.578300,1135.961550,1085.615000,1057.621617,1062.045550,1084.775000,1103.369517,1086.454717,1055.083333,1058.856433,1046.187233,1008.293333,990.258317,979.042167,974.028333,992.356083,1012.318450,1024.208333,1036.977650,1046.032717,1040.470000,1019.326633,1028.954050,1055.341667,1036.362217,1005.236667,995.573333,1011.942817,1039.368267,1049.826667,1026.308200,1026.054450,1045.240000,1024.464267,999.776217,1006.041667,1039.339017,1046.539617,1013.816667,980.809950,992.761017,1027.741667,1020.095050,1000.740800,1013.345000,1044.537133,914.661283,704.761667,691.668983,733.182317,724.035000,702.482300,699.268867,706.436667,698.320033,716.186867,746.486667,730.828033,716.760200,723.323333,721.277350,711.310250,700.161667,693.769750,702.549133,726.875000,754.048767,764.582350,755.191667,727.100583,633.732833,536.530000,554.799700,565.641000,543.080000,572.838383,559.002817,512.781667,545.941583,560.824000,529.558333,525.059933,529.466717,533.558333
553.604317,577.197900,587.873333,578.078417,561.707183,550.473333,547.572650,552.572650,573.946667,613.951400,614.905183,591.623333,612.122800,610.825700,577.708333,576.751583,607.591733,636.845000,628.745733,601.842267,589.763333,610.195700,614.284417,594.156667,588.217517,590.277533,601.076667,627.110017,625.857750,606.260000,617.797567,618.896583,600.475000,610.372800,695.597350,795.640000,794.839117,780.142583,809.566667,850.976317,838.765600,793.318333,800.547633,834.281200,831.968333,783.058883,899.663733,1116.111667,1141.637950,1112.440500,1120.988333,1118.127483,1104.638217,1092.915000,1088.557833,1081.155667,1077.126667,1089.985600,1081.075833,1058.930000,1070.941567,1080.282417,1077.965000,1088.764600,1076.832533,1049.001667,1053.709350,1072.816100,1083.050000,1075.925833,1053.332333,1015.988333,973.970567,984.848433,1016.686667,987.967750,1016.209750,1080.843333,1040.145433,1016.975450,1051.210000,1055.155600,1035.645250,1024.513333,1037.655233,1031.024883,1005.815000,1009.213350,1031.240667,1040.963333,1016.469300,994.404717,991.293333,993.621350,1006.215200,1020.190000,1016.898100,1012.535750,1013.533333,1011.739550,1014.677283,1017.445000,1007.159850,1004.639750,1026.418333,1045.363633,921.826317,728.865000,697.355167,730.689000,739.460000,727.687867,706.687633,699.043333,722.128783,732.829350,722.028333,720.498117,722.398383,729.718333,750.831633,751.373600,727.481667,711.356083,713.456267,727.548333,735.612850,717.891817,704.133333,731.827783,678.283750,565.346667,545.889200,559.752983,568.368333,594.365200,599.693283,576.796667,560.564667,568.045017,575.248333,547.075500,544.999100,581.043333
602.858567,597.552383,585.701667,594.460550,588.294000,565.100000,558.813050,551.484250,543.346667,558.909733,592.139867,609.288333,580.774933,569.404483,588.198333,594.182783,610.475200,624.856667,596.055733,575.065883,587.061667,605.204667,594.906433,575.840000,597.330633,607.637217,596.178333,605.073350,619.583900,621.178333,608.721433,604.597817,604.311667,600.513967,696.463650,829.376667,821.303217,802.829300,824.200000,806.845133,792.795700,797.590000,795.148183,822.285150,836.178333,779.809883,905.095683,1125.995000,1090.968700,1039.091633,1080.181667,1085.141233,1091.962883,1111.010000,1100.220383,1095.572683,1102.465000,1091.441133,1094.962417,1111.135000,1102.533617,1089.891067,1079.660000,1061.000950,1068.991750,1095.730000,1091.587200,1060.051300,1038.760000,1059.624900,1054.273217,1013.100000,995.519500,1000.594483,1007.240000,1001.201183,1010.678750,1042.475000,1070.475667,1067.198750,1052.215000,1066.148600,1049.996217,1017.791667,1042.522000,1044.189517,1018.273333,1042.451600,1066.334217,1059.830000,1043.820433,1029.000467,1028.238333,1044.137383,1021.024750,980.018333,998.977617,1019.858650,1013.390000,1008.617083,1013.045550,1032.748333,1061.288450,1029.623100,990.538333,1043.430550,940.593417,723.270000,697.400217,725.866750,718.191667,725.710050,723.051117,714.820000,735.840850,741.294250,738.493333,774.722700,771.791833,734.261667,743.318267,731.625450,699.228333,721.313517,752.005733,747.478333,712.177433,706.631617,734.430000,731.774900,652.230183,557.768333,562.166750,577.599433,563.605000,562.525500,554.386783,549.693333,581.403533,587.569883,569.745000,578.292617,515.012950,406.718333
392.504350,410.598000,403.346667,382.310017,406.862533,445.016667,406.775233,377.033583,397.623333,428.131117,450.904250,456.743333,441.746467,416.259283,399.751667,410.310117,438.082767,464.443333,471.003167,448.388733,415.671667,408.538150,424.429950,450.658333,470.478367,454.835850,435.050000,470.920733,486.224850,457.511667,437.820200,436.006033,443.458333,452.252833,477.197367,496.715000,470.170250,446.749917,442.716667,436.326633,473.645383,537.875000,554.707500,540.934417,523.865000,516.963567,529.503817,538.590000,512.522200,506.457333,529.546667,543.894467,592.289367,661.498333,680.953000,658.732750,628.576667,617.051833,603.344683,598.350000,632.475383,643.344700,626.921667,635.424900,621.604983,593.720000,613.942783,636.881050,632.095000,614.654950,609.553400,617.163333,617.647333,616.422967,615.848333,608.229350,585.540717,567.408333,582.757233,589.861183,589.613333,620.941900,635.184350,620.543333,614.031450,610.528233,601.486667,590.484017,596.680667,600.395000,564.917000,552.628883,573.708333,578.321233,584.581550,587.708333,563.750533,571.301217,605.680000,592.327417,517.146433,440.108333,444.178750,474.020917,480.548333,464.414783,457.629867,459.740000,445.420050,446.841467,456.320000,432.747850,418.002533,429.991667,442.217017,433.718050,428.493333,467.273817,488.356967,470.940000,454.864167,454.112717,463.895000,470.181850,468.265117,455.480000,435.433433,436.839800,457.485000,461.455650,428.567600,381.356667,366.352200,372.875117,383.090000,389.330233,393.950650,392.993333,383.900000,401.975967,431.240000,416.862833,391.249333,391.821667
424.228800,439.385683,432.028333,437.511950,426.848783,409.651667,427.976517,434.945483,419.048333,416.166833,419.513450,424.598333,436.338433,443.838400,454.385000,479.896283,465.518500,426.858333,434.483600,432.618883,410.411667,417.708500,437.549233,441.650000,423.396183,434.663583,467.513333,460.635600,436.497817,434.468333,469.676800,482.461983,456.441667,433.626733,440.304517,461.696667,462.638850,470.067733,477.435000,456.001517,480.779733,536.591667,530.853017,524.504917,537.741667,526.872467,513.612867,521.105000,545.720217,542.662383,518.008333,526.009500,568.891383,617.913333,640.022700,652.712150,655.263333,630.122400,615.011083,626.976667,645.225800,638.818933,617.400000,617.707017,615.614267,610.175000,623.050267,613.351033,580.478333,572.886667,607.455500,638.636667,602.757100,575.813983,589.946667,605.451300,612.776567,612.008333,604.659900,593.142733,582.263333,580.184067,598.319267,616.213333,596.964050,567.882900,558.240000,574.065633,587.578200,593.031667,604.490600,595.683500,569.516667,560.795433,573.337333,598.150000,615.186300,582.430417,537.495000,556.098050,532.547117,461.528333,449.059583,461.196717,458.676667,440.931517,435.760100,448.583333,461.599383,479.498750,487.426667,461.617083,442.849883,448.223333,457.385250,460.772233,456.470000,446.185167,429.128117,428.073333,465.699833,471.898133,456.483333,494.007383,508.649033,482.126667,475.859100,485.528983,501.583333,513.125683,459.921933,384.421667,393.439183,396.173383,377.105000,409.496883,421.929100,396.276667,390.114567,400.505500,410.356667,420.236017,488.565550,576.621667
578.930017,565.832750,572.536667,569.136617,584.253733,609.945000,604.614983,598.533483,598.691667,581.819750,569.958233,576.126667,590.479117,595.751850,591.526667,591.493950,592.598850,603.448333,631.631083,620.412483,586.761667,604.185633,615.506383,598.313333,589.555300,590.265183,599.820000,615.788317,598.878450,561.318333,560.710317,591.772600,608.091667,586.013050,680.595983,834.973333,827.276500,795.996700,810.083333,800.194833,792.228217,805.468333,825.198383,830.063117,809.680000,793.591450,911.539883,1081.898333,1084.285900,1079.655417,1126.963333,1120.520033,1094.032200,1079.015000,1071.367200,1080.460600,1096.455000,1094.980067,1085.639183,1087.881667,1106.907100,1090.315783,1057.705000,1081.019600,1098.672367,1076.460000,1044.530233,1041.822433,1069.066667,1086.199150,1051.992783,995.808333,992.674367,1018.764617,1030.276667,1008.608167,1010.755267,1040.780000,1049.338033,1058.700000,1067.681667,1051.089467,1052.977283,1060.003333,1019.640667,1017.953000,1054.738333,1043.160083,1033.515650,1036.973333,1016.808067,1038.661600,1079.441667,1044.130217,1007.139983,1007.911667,1012.666117,1009.680433,1006.243333,1016.282167,1029.554150,1025.333333,994.254600,987.498500,1023.543333,1049.465350,928.574383,738.046667,706.205450,732.987317,728.125000,705.177250,711.900600,729.930000,697.386417,670.656600,686.218333,722.367817,728.354867,704.540000,696.881800,702.508000,706.971667,705.311467,723.028933,738.490000,706.185267,700.293467,739.985000,756.137383,674.488167,554.735000,537.660833,554.437433,556.713333,561.738950,553.302000,541.295000,556.599333,573.864650,575.195000,569.355067,582.009167,594.068333
565.994683,566.956583,592.641667,568.567500,542.499017,551.928333,583.942833,593.867083,576.618333,568.963867,585.704817,611.141667,614.325633,601.411067,591.121667,597.300150,602.568350,590.835000,567.450617,583.186983,612.611667,585.503017,596.140150,640.310000,614.621350,578.999433,583.763333,615.787817,618.749400,586.581667,570.019950,601.479900,626.573333,575.937500,634.793717,785.503333,812.484067,776.334933,772.036667,824.517150,834.343367,795.210000,799.351567,836.658567,840.856667,783.592617,890.025433,1106.721667,1138.994950,1091.888133,1073.470000,1082.263617,1083.204100,1077.696667,1097.954333,1124.467750,1126.356667,1089.891400,1060.233317,1062.001667,1080.975817,1089.313517,1073.626667,1049.865217,1076.514233,1110.400000,1055.131233,1042.506900,1095.570000,1098.029250,1045.638583,992.233333,993.888733,1004.663550,997.448333,992.125533,1016.016883,1053.591667,1061.639267,1061.748217,1061.075000,1046.964933,1049.559617,1054.760000,1020.914833,1013.563283,1040.845000,1042.925017,1027.326117,1020.201667,1034.040767,1026.087400,1004.583333,1020.487033,1037.921917,1034.353333,1025.531933,1035.603250,1051.870000,1036.762467,1007.432867,995.538333,1015.330117,1013.829933,1012.188333,1053.436933,920.335667,692.816667,686.736267,718.505500,698.985000,723.352867,734.124383,707.760000,688.408650,691.796600,704.853333,708.867850,742.119350,767.836667,712.596883,706.856517,759.606667,749.889100,728.167833,733.780000,744.050233,715.826617,692.928333,744.828800,689.164017,540.096667,505.899400,531.883933,553.098333,561.121250,541.856600,514.625000,522.065733,557.387467,582.863333,564.607683,554.065533,560.840000
551.052000,567.041783,594.700000,570.937750,540.177917,543.310000,576.254317,583.387367,572.481667,596.733050,591.731050,564.171667,588.360650,606.462267,589.950000,571.433433,572.913967,583.028333,577.107000,594.066150,615.106667,581.696567,568.346433,597.366667,616.854550,623.158717,625.865000,629.026233,614.964867,590.295000,585.818150,608.061133,608.988333,551.001800,619.084067,785.060000,823.632983,795.649733,775.045000,771.796300,785.436600,807.983333,824.865983,818.308300,788.655000,776.294150,897.652917,1090.256667,1153.574567,1125.297717,1096.425000,1119.873733,1132.843733,1110.308333,1084.869233,1054.482667,1036.898333,1060.048867,1077.978433,1074.323333,1074.786550,1079.710550,1080.576667,1070.371783,1056.356850,1056.078333,1082.201233,1102.231683,1098.425000,1077.296250,1038.815500,1000.720000,989.337467,987.111133,977.018333,964.168933,992.358017,1047.620000,1065.825433,1051.694083,1034.530000,1038.448467,1041.254933,1031.276667,1022.003483,1036.958517,1058.050000,1041.634817,1016.368333,1006.388333,1011.017233,1022.794483,1036.935000,1047.709167,1031.175250,1005.115000,1013.620333,1022.469850,1016.796667,1014.336267,1006.524050,1001.858333,1018.469650,1019.692400,1022.250000,1051.643083,913.673050,690.668333,682.511983,737.234800,738.616667,720.608517,708.020750,713.190000,732.595750,734.983883,719.520000,712.973750,704.446300,694.900000,699.713200,705.850233,708.246667,714.090233,718.504600,717.505000,710.935200,698.647350,703.155000,735.183283,675.727600,560.568333,552.052300,572.389233,560.518333,539.003700,547.207383,573.081667,565.914400,539.635283,532.388333,567.475450,582.355767,568.811667
571.867983,549.654500,519.613333,548.417133,574.915433,567.290000,554.952533,562.008583,576.993333,572.525183,589.141750,624.316667,627.286100,597.118617,571.745000,593.022600,617.278700,618.408333,609.647700,604.288317,606.638333,608.423033,587.524367,569.053333,599.733433,613.968400,599.731667,607.991367,614.071783,600.785000,582.243783,586.476683,597.410000,589.909050,682.612717,823.445000,828.742833,810.844550,813.640000,773.973583,773.707833,802.831667,770.377400,773.672783,804.938333,776.485283,881.927317,1080.061667,1114.945283,1093.473883,1091.041667,1072.175117,1059.030033,1061.523333,1067.261717,1085.674800,1108.276667,1110.794183,1100.361900,1088.561667,1079.835733,1065.539750,1052.283333,1054.738967,1047.954733,1043.856667,1078.163633,1096.857617,1092.151667,1101.137383,1067.764883,1004.551667,991.964383,1011.812217,1020.168333,993.349467,986.722067,1026.721667,1080.827750,1079.776300,1043.591667,1052.455900,1039.769617,999.998333,1002.399217,1021.202217,1032.010000,1037.826250,1045.521767,1042.766667,1015.456550,1018.265367,1040.440000,1020.072383,1017.819083,1030.873333,997.112867,992.541150,1022.453333,1013.900750,1004.128233,1014.350000,1022.366650,1013.344600,1021.023333,1064.772767,936.444000,709.916667,684.699650,712.737333,702.885000,715.375050,727.214233,724.405000,719.564800,705.783100,689.216667,689.287650,704.979883,722.931667,726.768550,716.635700,706.693333,713.046200,720.876833,719.620000,713.361283,716.181050,738.916667,764.051733,690.500033,564.925000,542.408417,541.960367,525.845000,540.365300,553.214750,550.716667,553.433833,560.806017,558.016667,536.713900,545.168167,568.418333
549.844817,570.313500,613.851667,579.456167,550.444917,571.156667,601.589050,611.483750,598.216667,583.935950,590.995050,598.443333,565.983617,546.120767,565.713333,597.926567,600.954467,587.131667,605.210300,621.892383,620.168333,616.623083,612.463750,603.930000,589.794950,581.464050,585.585000,599.729650,616.739317,625.595000,619.496850,617.844400,607.115000,576.306633,671.463117,827.015000,817.519967,776.803983,783.958333,787.816800,803.245550,813.388333,781.562683,785.560767,804.533333,763.026000,864.506133,1067.598333,1109.674767,1101.100017,1114.545000,1108.296000,1117.588917,1126.301667,1082.366733,1072.739867,1095.141667,1066.560583,1074.321683,1116.238333,1096.332600,1074.212867,1078.935000,1075.705883,1058.722667,1046.650000,1060.340600,1065.639550,1060.016667,1070.671267,1063.270267,1028.053333,993.135267,975.871650,980.610000,1001.046567,1028.059133,1058.563333,1085.103600,1059.805250,1006.550000,1004.830800,1029.630217,1046.670000,1047.247050,1052.485333,1058.798333,1043.236883,1031.685767,1026.106667,1006.560983,1009.113150,1031.280000,1032.562017,1031.022933,1033.361667,1025.562383,1016.959867,1019.825000,1034.915817,1031.699833,1017.031667,1023.882817,1012.502233,1004.280000,1035.573600,899.024450,682.353333,697.997283,740.237783,709.241667,714.422817,745.041067,763.206667,746.718033,714.260300,699.463333,721.811400,728.491350,726.368333,764.336517,753.943817,702.561667,709.374483,719.835983,709.541667,715.044683,736.450600,758.933333,754.375467,666.937533,553.156667,538.901467,553.328500,542.640000,524.022100,526.969567,549.400000,559.401350,543.627933,544.621667,600.679333,540.978183,400.166667
393.237950,427.636550,429.213333,419.692650,411.539083,408.691667,411.313533,424.311733,438.350000,435.501000,425.371933,423.615000,436.575100,439.043617,435.255000,453.354150,468.578933,459.193333,430.986183,430.517100,453.470000,452.932717,453.220250,453.235000,428.820933,435.381000,463.113333,446.172067,434.329667,450.043333,462.989467,461.149433,455.611667,465.754333,473.187183,465.435000,449.486600,446.888800,458.038333,469.327600,506.936800,546.521667,534.457067,538.644933,559.820000,533.348017,522.188217,535.916667,524.658133,541.635250,563.515000,518.448067,544.441917,623.923333,604.130300,619.249083,672.398333,624.744867,584.906533,608.338333,638.836233,643.922583,626.650000,617.277350,639.303083,660.851667,629.135767,617.374783,643.581667,651.127117,634.884917,623.885000,642.617067,621.140183,579.773333,610.197200,636.742633,621.795000,602.765667,592.016300,581.766667,563.981483,578.742483,614.280000,614.797250,603.338850,597.348333,591.219583,590.513300,588.061667,571.542017,569.676767,586.136667,592.350883,574.274467,557.043333,575.710350,568.759850,550.283333,585.823650,553.657617,454.121667,419.166150,428.213650,441.678333,445.540083,444.053150,445.288333,452.260517,450.487700,435.710000,423.579800,448.087833,480.578333,457.118300,438.226500,454.326667,477.253633,492.040217,482.551667,446.725550,454.943217,494.825000,483.526817,458.333717,448.371667,445.592217,450.552867,468.723333,491.015217,446.197217,370.431667,379.848650,420.187483,428.688333,397.257817,390.760933,402.993333,376.560617,398.493550,445.205000,402.790617,380.820017,408.431667
405.052033,400.884283,408.343333,404.733200,412.861067,420.898333,393.567717,385.409283,417.058333,451.036083,447.038683,413.598333,397.092933,399.829983,417.476667,445.246950,457.858483,447.048333,429.536383,431.430133,441.045000,424.520883,417.172633,433.298333,449.007833,444.267900,437.160000,461.747483,471.812517,461.856667,470.321983,468.615267,455.668333,462.311433,468.041950,459.475000,448.183333,461.366850,474.776667,445.221333,468.301683,539.323333,552.407400,538.006567,531.953333,534.000450,522.335533,515.158333,547.978517,549.271950,511.556667,512.250100,598.210950,694.516667,672.414733,635.606600,638.420000,638.495217,640.550783,637.385000,613.717300,617.869200,631.945000,591.683450,573.011733,598.766667,614.286250,611.410017,601.981667,604.098933,629.152617,638.498333,581.468233,548.025417,564.088333,572.825250,584.256850,601.680000,609.239483,612.012850,607.156667,589.796317,597.654900,611.618333,576.088950,556.943033,580.001667,603.431500,600.578733,575.056667,553.762100,552.944367,562.693333,561.960633,576.081250,598.445000,590.878383,564.416967,549.201667,559.632950,526.626383,468.536667,472.363750,469.902017,437.863333,425.166400,430.016300,439.246667,446.455883,461.840683,465.588333,430.260117,429.980583,462.933333,453.218050,433.968233,433.533333,444.877650,452.485167,448.636667,438.810583,442.031750,457.063333,462.794100,453.480217,443.221667,452.771667,467.087317,474.833333,472.490600,438.285800,386.675000,364.400883,382.178067,408.526667,399.384933,389.557217,393.956667,397.648083,423.272233,437.318333,394.275483,453.752617,581.236667
575.101917,544.591233,561.320000,584.534733,596.359650,589.481667,569.517267,576.910267,599.181667,584.842733,570.859683,574.478333,578.052950,593.256550,613.191667,613.560100,605.285067,593.713333,579.894533,603.095767,637.678333,614.310450,585.520567,592.968333,623.994417,620.794033,594.700000,608.783250,615.975083,603.368333,609.326017,626.213367,616.508333,571.050650,653.818450,819.535000,848.183650,827.283883,823.005000,811.138117,808.323283,804.198333,774.096083,784.396400,810.218333,783.297567,905.048767,1114.266667,1127.276867,1088.413067,1086.478333,1068.277283,1074.177800,1098.430000,1087.814617,1082.264050,1093.236667,1091.089433,1090.665150,1089.110000,1067.092267,1055.466550,1064.186667,1074.029650,1083.377333,1077.881667,1045.234883,1047.448233,1077.696667,1062.666733,1013.696567,968.160000,959.620650,988.727600,1001.605000,949.257100,977.703183,1065.675000,1045.066900,1021.122550,1044.705000,1054.299000,1040.141667,1026.698333,1041.884967,1049.511033,1037.013333,1026.826833,1021.697317,1014.670000,1003.129950,1016.822850,1039.956667,1025.663300,1015.400317,1026.165000,1032.057833,1024.983000,1021.493333,1037.471283,1012.087800,971.791667,1007.384317,1044.357183,1055.966667,1064.877883,940.290000,738.588333,675.382600,698.666917,724.920000,724.838067,732.091517,741.436667,717.343367,716.628717,740.795000,735.610267,736.837450,734.006667,686.221183,701.768583,756.223333,720.428700,721.107583,762.190000,718.063650,693.991233,729.591667,744.420583,683.365383,586.466667,550.273083,548.797450,551.743333,554.249033,545.071183,534.320000,542.983583,544.374100,540.770000,559.497617,565.963933,565.425000
591.217483,571.041250,523.058333,541.656350,559.716233,548.740000,550.377550,565.459700,577.911667,575.765850,584.849067,597.085000,581.828583,588.206233,603.500000,569.016000,566.195433,598.231667,588.743283,595.903133,624.310000,613.400917,594.344433,588.291667,587.038517,599.345933,608.923333,588.205267,581.105100,602.306667,623.729650,635.476350,622.201667,590.612183,668.709933,810.910000,833.338767,811.717083,812.560000,822.390650,814.806567,798.700000,805.154417,804.225600,772.051667,743.921567,891.159833,1110.515000,1108.698117,1057.867750,1072.810000,1097.291683,1101.139250,1100.068333,1126.511733,1132.516117,1105.506667,1082.203600,1072.547267,1069.728333,1066.343683,1087.641217,1104.875000,1061.487033,1035.083300,1054.938333,1072.954300,1063.773383,1054.198333,1084.748433,1073.448300,1018.956667,1003.684500,999.573617,985.126667,977.447233,1004.031117,1040.280000,1033.663967,1033.997933,1045.808333,1026.159300,1024.873300,1041.178333,1025.021267,1024.260617,1038.293333,1020.045150,1027.514967,1053.026667,1027.474217,1004.522700,1012.121667,1023.608967,1024.156650,1015.501667,1011.104517,1018.797650,1030.721667,1028.121167,1006.400533,991.388333,1015.781400,1035.484533,1047.198333,1062.289583,922.314083,714.050000,705.085233,740.109483,719.021667,697.408117,696.429800,709.411667,715.836167,709.938100,699.306667,697.710500,705.330033,709.586667,698.388350,697.390183,713.788333,728.947017,733.146800,725.005000,712.204950,714.526733,732.691667,735.645133,658.564867,548.083333,527.897867,552.652283,563.118333,545.941567,549.741583,576.960000,578.525383,546.869583,534.966667,599.875117,623.231050,583.518333
573.987267,582.306383,575.961667,549.063833,566.304533,599.418333,557.915567,539.538867,577.950000,605.150550,597.875933,589.895000,623.787417,605.467700,555.276667,588.097833,606.587233,593.688333,624.361417,608.156600,558.596667,587.713183,618.544383,620.935000,635.669550,609.112517,565.203333,588.401217,600.617183,579.773333,585.905800,615.427567,625.175000,593.886717,668.217217,807.755000,820.030750,815.183300,837.431667,818.905683,815.933983,830.790000,808.464567,807.291133,817.505000,790.500617,899.235500,1086.040000,1103.927433,1089.350333,1103.841667,1075.279250,1087.063917,1136.140000,1124.439067,1082.372500,1063.336667,1090.632733,1111.262317,1097.575000,1075.101050,1100.751450,1145.218333,1122.053917,1087.878300,1075.111667,1060.780317,1045.086383,1052.221667,1091.902050,1053.329733,965.820000,974.377583,1008.024050,1008.061667,991.083183,999.809550,1027.321667,1029.649200,1034.241467,1039.960000,1018.325867,1016.583900,1030.420000,1011.401217,1015.045983,1041.728333,1032.322433,1016.181950,1019.038333,1033.114217,1025.342400,1006.141667,1017.743650,1032.958350,1038.306667,1043.448217,1026.562150,1012.353333,1048.075250,1056.471317,1025.670000,1018.166400,1008.244850,1010.298333,1044.842033,917.967450,700.005000,674.572783,710.481217,710.385000,711.077183,721.141817,727.463333,718.098200,734.968233,760.530000,734.412800,714.386150,723.658333,729.859350,736.824233,733.605000,703.536517,702.273550,735.546667,752.247233,747.386067,736.901667,726.196017,649.610233,552.730000,554.481867,556.731433,542.045000,584.216233,582.901967,540.430000,564.112333,593.003083,582.081667,552.105300,546.123600,558.243333
548.146750,551.006617,570.165000,569.587900,560.689683,562.118333,577.882200,576.553833,571.460000,603.033033,609.428050,582.821667,579.598533,592.167350,594.000000,570.857183,564.120050,588.566667,615.669200,608.332233,585.376667,598.972017,606.614933,595.741667,599.738517,618.313383,630.441667,615.267317,598.472533,594.676667,597.271050,605.749383,614.766667,627.430200,702.143583,798.065000,805.977517,792.444833,794.425000,785.496050,783.221867,778.980000,749.877183,763.145983,799.546667,792.598733,912.088483,1104.695000,1126.991967,1102.246850,1103.136667,1082.224567,1089.391733,1115.403333,1096.951500,1091.269750,1110.700000,1104.834917,1077.220450,1070.851667,1118.398467,1116.698600,1064.246667,1058.923433,1055.700200,1043.076667,1059.739317,1065.104483,1065.768333,1101.169833,1077.111850,1003.835000,991.842133,1000.340717,995.198333,990.877150,1010.451883,1039.106667,1039.796367,1043.000850,1057.590000,1058.441983,1041.031167,1025.980000,1038.247733,1043.223967,1022.328333,993.182617,991.675333,1012.613333,1019.420683,1029.582900,1037.465000,1017.347867,1009.762700,1027.886667,1045.564850,1056.416567,1055.026667,1036.748167,1017.686300,1015.065000,1029.800750,1017.636600,1004.570000,1037.422317,932.642067,728.950000,669.021050,690.791883,709.558333,708.479050,714.137100,728.981667,728.864267,720.561550,715.438333,718.621133,724.739683,734.320000,748.785200,740.912850,714.748333,703.873117,706.092917,713.708333,721.258817,718.314967,727.836667,762.295800,665.733900,517.653333,561.933083,598.749550,555.200000,557.165317,564.274733,542.395000,516.516617,542.207967,588.248333,570.254017,562.268800,578.023333
557.359767,545.994517,563.116667,577.097683,570.829167,562.580000,585.513450,608.674700,605.570000,580.677617,576.829433,596.103333,603.484267,614.718950,628.766667,624.082633,616.014200,602.016667,569.329800,570.671667,597.163333,590.057083,600.498967,623.701667,601.021817,592.366550,617.835000,635.465267,636.727400,626.546667,612.975950,599.286367,587.576667,592.706133,674.824433,780.981667,788.881967,791.487100,822.181667,818.984633,796.919000,778.578333,773.700150,790.274250,788.463333,746.242067,886.892067,1129.946667,1151.535633,1108.560467,1100.061667,1070.426150,1070.042300,1094.310000,1081.709967,1074.625850,1088.203333,1091.168917,1083.618883,1085.965000,1111.301083,1099.904567,1063.988333,1078.769250,1111.098867,1115.643333,1082.353117,1075.365550,1100.788333,1098.391767,1050.094233,992.208333,981.392000,985.142067,982.960000,987.774133,1006.570750,1031.291667,1045.970350,1055.544767,1066.463333,1076.083933,1062.445767,1035.248333,1029.859867,1038.446567,1040.006667,1023.860850,1026.282750,1045.143333,1039.967500,1017.931200,1007.441667,1028.232100,1032.934300,1017.915000,1023.081633,1022.109733,1017.668333,1040.120950,1048.008733,1033.053333,1026.940250,1016.327083,1014.550000,1027.673417,891.272533,684.765000,671.137083,706.917183,698.998333,699.598283,720.887667,744.680000,741.675783,713.741983,694.775000,721.338017,746.287000,741.278333,720.594783,708.272683,712.441667,722.804667,727.488550,725.986667,726.706517,728.329467,746.833333,783.086383,707.088883,560.440000,526.869333,543.497233,551.913333,559.946417,567.261417,578.838333,597.235467,585.622000,559.276667,561.593233,506.252783,410.571667
386.829767,383.367650,378.551667,404.408217,420.097317,423.715000,448.281550,438.729533,408.645000,431.335367,456.028883,451.893333,439.669900,437.628917,442.085000,435.613233,428.851750,438.615000,467.619417,469.039783,442.366667,433.771967,441.344250,449.355000,445.937850,439.090567,437.468333,441.830933,439.184883,425.510000,414.035367,435.123017,468.521667,462.578950,456.742083,460.636667,447.645133,455.590333,462.100000,414.032733,435.397367,528.513333,564.333317,555.490017,548.680000,569.985650,577.710267,556.940000,535.758717,537.714800,544.793333,526.684950,559.066200,639.138333,679.857817,679.274083,667.610000,671.773700,667.889183,652.095000,645.754067,640.524983,635.495000,636.524017,617.685050,590.066667,595.282283,616.666417,625.666667,607.957383,592.205217,590.490000,590.325783,590.120150,590.311667,589.856217,585.790717,575.645000,564.043417,578.021600,601.990000,593.211217,591.287200,612.813333,624.474567,574.861000,523.676667,581.196650,606.790683,564.678333,557.022250,563.786550,564.286667,565.051317,555.491533,544.380000,552.328400,553.338083,554.855000,579.178550,532.781767,433.805000,404.244367,418.261483,439.538333,459.121633,465.988467,461.711667,458.464300,456.795783,446.476667,419.763433,408.404000,423.290000,445.741183,462.337283,467.943333,465.856683,465.718600,459.161667,435.615250,449.855850,483.873333,459.882800,417.979950,420.246667,486.581817,508.032217,480.415000,488.950017,436.330083,346.991667,357.802467,384.293150,386.203333,404.973183,405.423217,381.561667,372.400650,397.305300,428.451667,420.225750,420.065867,437.191667
431.609283,413.869950,399.601667,397.588967,420.336017,438.880000,412.338950,417.198567,448.146667,425.153367,412.273700,431.846667,438.716967,433.568733,428.540000,433.044933,448.211067,452.956667,426.213450,424.220833,446.895000,437.968400,419.381683,421.110000,447.735200,454.249733,442.055000,455.111633,473.580217,475.706667,459.948683,446.191100,443.600000,442.802133,425.587433,409.555000,431.735183,456.830567,461.111667,459.237900,495.940783,549.878333,552.978750,541.758267,544.705000,553.846433,555.673367,544.440000,526.048600,517.168417,519.481667,526.921517,570.115100,628.988333,644.037100,637.139067,624.578333,604.692500,608.374267,628.178333,625.539417,623.103633,627.828333,621.964150,614.758933,618.038333,632.602950,634.241200,615.691667,595.268183,599.057667,611.308333,593.552517,588.466383,611.650000,629.734333,607.392967,567.511667,570.078117,591.232400,595.713333,571.089950,554.439017,572.041667,611.156433,600.104000,564.438333,594.279250,596.823733,561.330000,572.126050,580.717767,571.726667,581.369783,583.226850,578.516667,593.292117,580.242500,552.206667,563.372833,523.851717,452.981667,465.042117,474.194950,447.113333,436.185500,422.378917,420.081667,465.830950,479.331567,447.236667,436.362967,446.854483,452.101667,434.819233,447.129600,468.076667,429.738050,432.413133,482.245000,481.226600,462.156800,459.740000,470.210950,466.844433,456.300000,469.473733,480.318883,475.203333,462.986667,435.128633,399.800000,382.856083,394.253150,412.366667,404.569750,401.596100,402.196667,378.148833,382.057550,401.423333,383.044200,446.151633,569.365000
597.564917,577.509033,566.978333,573.750500,572.818483,561.645000,559.196050,551.187683,550.566667,587.868783,621.950733,626.691667,612.273367,599.603483,585.986667,560.115300,576.046833,616.695000,606.210767,583.664483,592.603333,633.516983,639.459083,616.176667,627.866433,619.075217,586.546667,588.854967,600.934133,607.730000,622.592983,643.986150,639.773333,593.674200,649.810417,784.956667,823.356683,808.078600,793.495000,787.103700,791.692033,810.528333,836.852950,822.042667,772.403333,768.045033,913.265967,1103.873333,1116.670683,1099.894400,1118.870000,1095.921600,1089.897533,1105.985000,1088.928250,1096.473617,1119.500000,1090.412700,1087.509067,1121.280000,1120.412833,1106.404117,1095.106667,1078.521217,1072.351600,1078.018333,1077.054617,1055.457767,1042.840000,1078.035583,1072.846367,1024.510000,1014.646850,995.315550,965.451667,984.937850,1034.982600,1071.220000,1061.980300,1044.892083,1039.271667,1032.032183,1023.721133,1029.581667,1059.569550,1061.610083,1029.405000,1007.988000,1001.990200,1002.640000,1003.092900,1013.698650,1025.840000,1022.489183,1042.713933,1061.600000,1016.316217,1000.000100,1022.546667,1004.670283,999.506050,1021.048333,1021.445983,1001.473667,1011.576667,1067.857833,920.641683,672.296667,692.768917,757.673933,738.020000,727.014817,714.421000,708.540000,738.401300,731.879483,692.505000,697.973150,717.861683,718.020000,698.877717,699.441283,720.763333,725.265533,710.824083,699.695000,714.963067,725.080967,731.021667,746.167500,657.414917,529.933333,552.971500,578.178400,545.616667,542.686183,547.051483,539.285000,534.246617,553.178500,579.820000,576.600050,574.188667,586.783333
595.938717,589.218917,573.043333,567.658717,579.623850,587.355000,563.024233,550.076817,567.141667,591.584917,607.625317,608.200000,596.974150,593.194100,592.715000,576.982350,576.648383,589.156667,582.288067,586.320383,600.116667,589.340350,576.274250,580.778333,595.926800,579.337083,554.696667,589.511583,629.208900,625.008333,585.268483,592.980900,626.818333,605.587267,687.230500,825.228333,803.224117,779.313417,813.061667,802.378733,777.492517,774.121667,792.833350,812.012933,793.338333,741.062233,861.031950,1076.126667,1089.743483,1054.023750,1070.886667,1086.758767,1090.522100,1086.548333,1082.294733,1084.982167,1093.205000,1096.941850,1086.775100,1074.713333,1082.939617,1090.633867,1089.311667,1087.874100,1073.119533,1063.198333,1090.916050,1102.005500,1084.676667,1074.293550,1039.191750,997.795000,1005.285250,997.232250,959.960000,950.680450,983.394183,1033.905000,1059.417233,1050.205233,1038.541667,1062.575400,1054.382783,1014.276667,1010.977700,1008.910150,1003.626667,1027.568183,1031.335000,1026.270000,1066.320500,1055.209383,1011.283333,1049.315300,1063.250383,1021.743333,1002.688117,995.980633,1000.851667,1032.769783,1043.444950,1023.176667,1008.905800,1005.393783,1027.236667,1059.850817,912.594200,682.556667,676.047450,716.867250,695.931667,683.089900,697.085667,712.656667,697.194033,702.057367,728.240000,724.984800,719.640500,723.331667,718.860700,720.454017,717.828333,692.188350,716.157817,758.136667,716.038933,708.782500,757.075000,749.338817,666.506183,564.491667,523.606500,522.093800,533.916667,550.576717,547.870800,526.873333,517.977583,548.409067,583.525000,559.990733,540.116800,559.175000
588.946633,586.314283,564.065000,573.578933,586.035867,582.526667,576.800917,589.051367,600.826667,577.458533,576.055433,608.190000,625.958750,620.022083,609.505000,620.204883,632.762583,625.866667,599.160183,595.595050,614.971667,613.954917,592.940933,581.541667,606.191133,613.041850,600.655000,619.098783,635.326033,629.976667,620.301300,627.332517,636.198333,624.252333,677.883067,781.065000,818.986850,802.239083,779.890000,790.544633,808.888133,810.048333,793.627983,788.412150,767.140000,707.786983,844.961533,1092.438333,1109.935367,1074.783500,1095.375000,1098.157783,1091.459500,1091.216667,1097.810733,1109.047617,1106.226667,1076.707400,1091.027300,1122.926667,1075.897183,1039.263117,1053.553333,1070.319117,1071.823833,1058.888333,1046.291217,1063.181400,1092.443333,1080.540933,1028.452300,978.623333,978.656700,989.410017,990.668333,998.086583,1007.586550,1019.746667,1041.000717,1061.228217,1070.213333,1064.530883,1051.173967,1036.736667,1026.368100,1030.724833,1049.485000,1066.232033,1052.121267,1029.925000,1046.000000,1027.761967,987.691667,1015.066233,1047.353800,1042.095000,1021.356033,1025.481700,1038.401667,1010.400217,995.786350,1013.495000,1023.853250,1003.787733,1000.083333,1056.084983,955.564033,741.828333,689.315900,701.185000,692.885000,687.266033,701.074567,726.258333,737.783933,731.775683,727.363333,741.368267,716.483800,690.410000,755.053000,772.036450,721.971667,723.194000,735.904967,728.918333,718.217733,709.049717,725.758333,772.080283,691.069817,537.358333,530.662450,549.381417,527.470000,526.308183,542.511033,558.336667,563.507283,563.490050,557.186667,541.281133,544.068750,570.601667
594.044850,586.889883,563.475000,564.844417,572.889367,570.383333,560.808933,564.853783,581.905000,588.491217,573.252050,570.138333,617.276867,608.620783,564.025000,604.987250,617.018467,585.670000,612.545467,624.530767,602.260000,604.888283,610.400683,610.111667,621.603050,629.545050,629.711667,632.904783,631.673150,624.885000,623.539767,640.936533,649.260000,621.798750,693.031167,822.181667,825.583233,806.582450,818.588333,808.007383,788.800783,777.393333,777.082167,799.734400,812.385000,787.111000,893.016250,1082.018333,1121.690933,1105.317883,1102.286667,1085.776650,1075.863867,1075.938333,1067.994150,1066.097950,1075.756667,1088.337767,1105.296050,1108.796667,1076.225800,1052.220117,1061.556667,1086.399283,1088.276400,1073.141667,1078.672067,1074.403533,1050.496667,1031.462450,1025.942117,1027.500000,1022.404050,1010.478400,994.678333,979.860683,979.660367,1002.408333,1039.965983,1050.793167,1041.193333,1054.717950,1060.636367,1035.683333,998.137700,1020.690283,1072.095000,1048.226467,1018.839100,1016.750000,1009.223967,1025.272283,1045.913333,1019.261783,1015.093883,1042.571667,1040.056233,1028.602600,1027.113333,1027.994150,1014.176633,993.265000,990.042767,992.340217,1011.375000,1046.638750,931.212767,733.148333,703.619950,724.502633,717.550000,722.820367,714.474950,691.276667,686.720083,702.813767,729.495000,750.566067,742.021000,718.968333,725.165117,754.156450,770.465000,742.550567,716.796150,716.011667,721.094667,719.443850,728.576667,757.704300,680.026750,545.726667,541.392717,559.364517,536.685000,521.480733,523.898117,544.068333,573.609917,569.883650,550.215000,570.284167,569.039083,546.505000
567.406117,592.733900,591.263333,573.358967,574.473517,581.280000,553.914350,560.617867,596.541667,587.068150,579.154450,600.761667,625.592917,615.092717,591.608333,610.436483,609.040083,586.145000,602.841367,607.137617,589.060000,594.822767,610.571183,614.611667,603.571317,612.865233,627.295000,599.931967,594.214267,619.841667,625.512333,640.585533,640.415000,585.099767,661.008633,816.190000,804.422700,777.046033,801.200000,793.578433,811.494283,836.816667,787.785733,771.814367,787.453333,754.971200,894.343917,1121.435000,1107.709017,1059.547533,1080.950000,1068.220267,1047.298200,1061.785000,1115.668183,1128.266883,1094.223333,1081.276217,1066.479267,1051.526667,1067.658517,1073.157683,1060.745000,1064.696133,1072.810800,1063.873333,1037.867683,1061.953267,1109.253333,1084.331967,1056.258400,1035.488333,974.785667,991.773300,1059.788333,1032.238467,1022.736133,1063.716667,1064.800733,1037.187650,1012.768333,1010.814083,1025.317783,1041.066667,1044.720200,1041.992583,1037.555000,1032.239900,1034.190050,1037.705000,1030.057817,1032.162683,1046.388333,1049.835417,1028.607600,1006.870000,1023.109550,1033.271783,1022.815000,1020.349733,1024.897333,1026.515000,1018.116700,1008.657483,1024.040000,1056.836150,927.555433,708.523333,671.923650,713.557450,724.666667,705.967283,721.157517,762.171667,758.518450,734.956617,718.095000,710.874617,712.754533,712.065000,699.859083,717.065333,747.676667,732.044033,712.335333,718.370000,735.840367,730.818767,724.536667,751.298517,669.615567,531.726667,539.410433,547.744517,515.091667,547.349083,574.310450,572.368333,586.735500,571.645133,564.583333,633.111933,552.374517,372.358333
381.495617,432.315667,419.560000,394.600050,411.527583,439.201667,403.735500,392.483750,429.121667,446.321217,433.329533,415.786667,425.781300,438.167267,444.098333,453.716267,432.587633,399.296667,410.898983,423.061717,427.436667,459.370483,482.357300,476.051667,456.578250,446.225150,457.168333,480.500917,470.844583,437.020000,434.579800,453.096900,461.868333,441.499450,428.441067,433.691667,436.418700,445.388100,457.453333,464.773950,515.379633,572.841667,546.782217,521.090700,521.751667,499.430317,509.965683,550.830000,555.623250,544.234067,527.870000,504.425083,539.078700,617.601667,652.857600,651.986567,637.995000,622.665767,608.416950,606.186667,626.090633,633.619017,622.195000,615.755083,604.772683,600.828333,627.640200,640.131917,627.335000,622.261617,627.205150,633.916667,633.526033,624.066683,610.055000,599.992850,598.845033,598.088333,583.783150,570.106167,568.731667,579.384700,592.716667,598.256667,588.917700,567.487917,550.553333,556.339133,565.062050,565.441667,563.722967,563.767283,569.390000,583.014267,598.155550,598.323333,570.618967,546.908917,554.745000,580.590617,516.939100,415.376667,437.047533,458.698533,443.838333,473.948250,468.137633,421.475000,421.453450,451.920417,467.043333,440.115950,427.986467,444.141667,448.381267,442.603417,433.981667,430.624300,465.021600,503.503333,476.210850,454.134133,460.476667,451.874650,452.098017,462.340000,456.752617,460.804450,475.866667,470.646000,433.801350,385.170000,362.744433,373.120583,394.326667,397.858100,408.582150,414.015000,379.947617,383.889733,416.833333,395.484000,394.417333,414.911667
385.513433,394.193483,438.953333,424.156950,401.542200,406.761667,423.808317,447.006217,462.315000,452.194350,431.224500,420.826667,434.086767,455.669633,455.318333,416.550217,405.839617,431.670000,439.228783,435.395500,434.508333,441.779083,460.424533,474.793333,462.825200,449.770900,451.996667,462.701183,466.281300,449.900000,418.377700,424.893783,459.046667,456.524633,439.267767,438.366667,461.877267,479.556667,471.430000,450.941683,482.034650,541.201667,537.312150,507.306917,501.483333,531.528717,536.800150,508.750000,496.662650,501.248100,508.945000,519.122867,583.419133,655.276667,629.601217,607.381417,631.445000,643.782083,627.873917,606.631667,613.709867,616.242517,606.730000,610.573133,615.865733,607.758333,586.003050,580.124383,598.791667,618.976750,606.693033,592.410000,634.825850,643.281333,608.931667,612.023750,612.364283,600.858333,615.749600,635.327250,640.286667,628.684367,597.258850,577.831667,608.703333,616.003883,596.590000,617.763717,633.802367,611.405000,569.709633,567.345150,599.685000,606.687983,596.674100,580.916667,560.199900,552.308717,561.586667,566.214783,515.364033,447.100000,455.447267,477.447083,477.733333,479.234167,467.939550,452.991667,461.314617,460.234267,442.885000,437.525700,447.810883,452.296667,430.068267,433.352533,465.551667,475.671367,464.514800,449.526667,446.056900,449.718000,461.430000,483.917733,487.707383,473.383333,468.839183,459.726333,452.665000,467.468467,452.153567,409.890000,395.702400,380.729000,371.340000,403.583800,408.362950,384.851667,402.503917,431.772633,431.376667,402.161367,450.313117,550.855000
566.375967,537.869933,524.580000,544.666267,565.616283,572.915000,578.853600,581.783767,582.221667,587.331183,605.749567,619.445000,598.795067,574.900417,576.116667,600.317483,599.423050,584.260000,607.173867,609.451250,586.748333,597.019483,616.491767,616.031667,597.374567,617.506650,649.321667,614.214183,612.101967,643.053333,609.391083,598.906517,616.193333,589.325883,655.462517,789.445000,812.320900,791.059417,787.836667,796.390100,810.750733,813.453333,792.539933,803.120583,820.350000,791.011967,920.359867,1127.211667,1106.091783,1053.474933,1082.616667,1109.253633,1109.827217,1089.115000,1064.298333,1058.124417,1077.483333,1105.291600,1099.528850,1067.616667,1058.445550,1065.057217,1071.095000,1068.631267,1062.791417,1062.618333,1070.879967,1064.183650,1053.165000,1066.666050,1047.800383,1003.133333,996.392317,981.692450,954.390000,963.409333,993.841950,1019.110000,1028.155083,1049.320850,1064.745000,1030.818717,1020.788750,1043.048333,1031.835167,1003.605783,998.910000,1037.627067,1050.317633,1021.531667,1004.062633,1016.649250,1031.308333,1009.282883,1013.986583,1038.983333,1016.225850,1010.365350,1027.701667,1009.356950,1002.917283,1012.163333,994.647767,1005.100633,1039.935000,1015.332450,867.098983,695.321667,682.891767,714.661850,703.391667,678.975817,717.392917,772.531667,726.014883,694.308433,718.471667,726.108800,731.685667,736.243333,720.414750,726.511317,739.665000,707.978200,717.453733,753.146667,714.000867,695.008600,741.415000,780.915250,681.927217,524.333333,524.486617,550.611100,534.250000,537.686417,536.861650,530.001667,546.971067,563.378083,572.318333,585.777650,568.092467,539.538333
559.725433,575.396500,563.163333,552.367650,548.485983,563.045000,602.004683,602.189750,569.066667,572.430900,595.253650,600.536667,573.218433,571.892000,597.043333,595.543617,603.075550,617.078333,597.116617,593.533267,614.701667,615.898217,601.781967,599.643333,627.765933,633.133267,612.988333,613.384200,605.080033,589.875000,604.989200,626.936367,617.891667,578.169017,645.791067,782.311667,805.365433,796.167417,807.105000,804.263900,796.418783,798.061667,809.877167,802.592233,766.518333,743.356117,863.002700,1064.855000,1138.118650,1119.105383,1082.335000,1067.865183,1080.790517,1101.418333,1104.156267,1104.045333,1101.615000,1084.582750,1086.301383,1094.603333,1065.957083,1057.008017,1077.825000,1078.434750,1058.781383,1056.850000,1099.609133,1077.909567,1008.003333,1014.975433,1024.664267,1007.636667,1010.141633,998.698867,980.766667,1000.064800,1001.546567,993.601667,1039.759783,1071.959017,1058.400000,1035.811817,1032.839917,1037.760000,1018.585367,1010.511667,1018.608333,1012.976500,1012.030483,1020.560000,1020.508283,1007.945117,996.875000,1004.878500,1008.571933,1001.268333,998.945483,1000.388850,1011.630000,1033.926450,1006.941183,965.590000,1004.286400,1018.900417,1004.403333,1034.588317,913.126300,702.293333,685.534533,726.005400,718.513333,700.050000,711.981417,725.670000,681.951183,672.674817,712.216667,722.232550,716.850467,720.571667,735.019250,727.981400,695.338333,670.412983,688.543867,735.841667,754.672583,713.906000,684.090000,751.588783,701.457083,548.810000,531.627833,558.311700,557.628333,558.316817,564.276567,567.056667,562.353767,579.626317,594.833333,555.985017,543.200900,577.636667
597.926850,584.455883,555.105000,546.440400,564.535067,583.230000,570.979583,569.618667,585.823333,587.217983,598.071567,606.593333,574.812150,560.547433,583.916667,605.609033,599.110167,579.950000,587.149083,601.705400,604.740000,595.434167,584.935650,585.350000,601.540350,617.451600,624.965000,625.795367,609.742600,593.785000,607.248583,609.636317,587.986667,584.693967,675.834483,798.796667,809.449367,817.666933,853.796667,833.098533,788.536500,772.605000,806.086250,830.566183,806.923333,767.487300,864.491467,1051.331667,1116.537983,1101.213283,1077.866667,1075.710817,1087.456117,1090.160000,1070.490850,1077.937750,1104.108333,1091.238417,1076.672783,1075.611667,1066.961617,1069.704883,1075.251667,1055.236017,1052.077567,1068.803333,1064.993650,1055.757767,1054.436667,1050.559167,1007.292950,966.893333,1006.944283,1011.121283,967.778333,984.424133,1029.610817,1053.776667,1041.593233,1038.818317,1047.755000,1029.934367,1016.652267,1028.915000,1051.563500,1041.039583,1009.941667,1013.762200,1028.809650,1034.055000,1031.777933,1025.156033,1023.341667,1032.533533,1025.015683,1008.178333,1015.699417,1014.245083,1008.775000,1035.189933,1034.859117,1011.555000,1027.348333,1034.402467,1035.720000,1060.385050,937.330383,731.145000,699.624033,731.979117,732.523333,719.960600,726.700517,735.675000,705.515433,700.537233,723.826667,717.114217,726.182800,746.505000,724.744367,718.161417,736.578333,730.986933,720.195600,726.926667,749.987000,750.468333,735.865000,735.002817,647.597200,528.833333,547.078317,576.229000,556.443333,553.652617,569.024150,584.536667,585.459867,575.919317,563.425000,556.391600,570.658017,588.081667
574.703683,573.997533,587.503333,572.788633,557.006500,556.593333,563.875633,588.291233,607.198333,585.335850,580.125017,592.108333,567.760400,556.574817,577.391667,597.908433,610.406817,613.600000,607.186550,596.265167,589.158333,594.389067,613.189817,631.005000,628.953317,625.794283,630.848333,633.960367,623.458767,596.038333,565.932667,579.701733,608.131667,589.223500,655.834100,784.565000,809.024067,809.734867,825.011667,811.416283,819.181733,829.338333,775.137500,766.477567,790.376667,752.890533,890.816617,1122.831667,1107.445383,1062.068467,1097.028333,1100.724700,1078.575333,1063.376667,1071.204217,1071.381383,1057.640000,1053.994967,1061.191433,1068.763333,1066.282000,1063.061817,1064.355000,1067.297067,1072.472883,1074.718333,1067.023833,1061.556700,1068.875000,1081.093450,1046.280633,988.446667,988.298267,1006.958250,1001.025000,971.881917,990.355817,1044.450000,1050.137583,1033.852933,1028.015000,1035.109433,1030.383900,1018.505000,1027.918867,1039.185100,1041.191667,1040.719717,1033.579167,1018.015000,1002.628650,1014.107450,1044.498333,1056.957917,1055.061167,1043.128333,1025.194800,1039.661733,1050.570000,988.022150,972.227600,1026.758333,1051.682467,1035.181167,1030.485000,1066.766417,927.295233,698.270000,701.245567,748.710483,725.416667,704.786233,700.680117,707.923333,718.141833,718.528183,711.723333,712.044300,714.992017,725.335000,749.655250,747.725467,725.465000,729.580150,738.792750,734.338333,719.861983,707.956467,710.920000,722.719800,677.405867,588.858333,546.007900,557.792700,588.016667,587.660733,554.032617,524.530000,543.209617,569.446800,578.821667,581.736167,577.267850,564.213333
548.984450,555.180417,578.443333,591.001650,599.245517,594.136667,561.551600,560.971433,594.416667,604.383950,599.381433,595.941667,596.280467,584.094350,572.395000,589.812350,594.739183,588.168333,609.674417,614.129550,604.981667,627.565050,617.328417,577.828333,583.086200,604.761150,614.946667,616.897217,628.795183,640.843333,628.002983,626.662100,614.666667,555.349233,637.819217,809.406667,815.132983,780.971833,795.570000,815.996767,817.528717,806.801667,809.017050,820.933100,798.986667,734.950417,875.986067,1131.166667,1142.534950,1085.071133,1086.396667,1096.855300,1098.483600,1100.288333,1115.725750,1110.158417,1085.961667,1080.440133,1074.932367,1063.766667,1064.858283,1079.957017,1096.805000,1097.104833,1077.897733,1059.318333,1064.095783,1052.062233,1042.990000,1088.481483,1071.155817,994.256667,980.704167,980.369350,967.715000,977.353000,1005.759200,1036.355000,1051.833917,1044.090000,1032.185000,1044.379950,1047.881450,1028.435000,1007.461633,1011.108200,1028.228333,1025.701333,1032.882850,1049.041667,1040.457683,1025.122800,1015.556667,1009.334317,1019.028483,1041.785000,1056.422233,1047.025567,1022.878333,1011.568733,1018.643783,1030.505000,1025.318933,1003.124050,999.403333,1028.745967,915.618050,727.151667,716.361733,726.480533,694.950000,715.700800,714.825333,701.620000,759.613167,766.966917,711.650000,707.554650,723.730150,728.863333,726.072333,707.211283,696.145000,728.019400,745.039533,731.678333,725.637900,716.082717,727.253333,781.665233,714.258217,564.220000,544.491250,561.107367,548.833333,540.432283,528.952883,523.150000,546.331983,573.454433,583.683333,565.812750,484.847900,392.315000
390.548100,416.852367,419.540000,405.006583,398.013933,408.275000,428.406733,457.563333,467.205000,425.011600,398.472867,407.106667,409.136817,410.012600,414.273333,414.541833,410.303083,412.986667,436.032050,460.811983,465.478333,447.848950,461.190650,490.931667,470.643183,450.618350,455.770000,460.045967,455.922183,453.763333,466.772017,470.304417,461.766667,463.561533,471.730417,481.145000,490.805883,493.330200,483.653333,469.087533,488.152417,532.751667,551.805717,540.064383,510.400000,487.052817,511.858383,548.940000,522.662167,520.668683,538.951667,499.892967,554.416033,672.941667,664.910817,645.581667,657.355000,627.731633,627.889233,664.666667,661.899583,620.338317,588.761667,616.436583,645.558483,629.805000,581.435050,587.467733,631.526667,614.717700,592.293133,604.101667,626.135450,604.219967,571.681667,608.385917,609.147333,570.133333,590.345583,590.708083,564.250000,587.825117,603.602400,588.151667,576.889667,564.162067,556.670000,570.413933,567.290733,546.395000,546.757817,562.954783,571.553333,556.457867,554.049900,563.690000,552.014917,554.000417,585.743333,612.479267,548.453767,441.011667,430.873283,453.430133,458.271667,460.240950,466.202167,469.380000,456.273750,430.780433,416.535000,440.154517,478.914883,493.153333,463.097683,462.036083,490.015000,476.451417,452.843800,440.345000,429.343967,433.754967,448.136667,447.977317,435.483033,429.585000,449.625733,477.386750,481.713333,444.349433,410.388617,395.313333,382.976183,409.298433,447.341667,423.693750,383.428133,376.453333,410.683067,430.889133,419.456667,408.330900,413.991250,420.316667
400.666283,396.867917,421.471667,442.218617,435.859633,414.421667,408.782467,397.325333,393.721667,432.610400,441.436083,411.570000,406.706333,415.589433,425.496667,437.020017,432.419133,423.363333,438.826600,442.807250,441.390000,471.831800,465.467783,422.355000,414.573133,420.534600,431.313333,459.439133,457.639033,429.258333,428.985267,452.378450,465.980000,444.211033,443.554933,461.755000,440.777233,415.878217,418.831667,446.810150,470.867950,491.646667,529.009100,539.065850,521.075000,518.486000,514.983217,510.195000,525.493733,543.076433,535.080000,502.443750,553.404400,650.335000,643.345500,619.523050,619.741667,602.218900,620.070800,662.686667,654.932183,618.023433,596.430000,610.689900,597.292750,572.880000,614.798633,642.493817,622.478333,603.083300,608.264467,631.473333,645.967500,638.898033,621.180000,614.940850,608.117417,604.715000,619.488617,613.266617,588.166667,585.334283,583.263217,576.323333,583.731983,595.810500,601.893333,600.220150,597.572317,586.468333,559.078967,568.119367,605.003333,604.425050,580.647767,568.205000,583.943633,579.477300,573.326667,615.665767,560.264517,434.363333,420.855517,435.948517,432.428333,454.074167,485.718733,494.115000,459.812433,425.947917,421.183333,437.460317,441.790983,426.411667,414.930533,430.289533,457.341667,457.915867,451.357667,455.690000,468.699650,472.746933,470.603333,476.153933,454.357883,425.520000,448.595183,468.640267,466.758333,471.564633,443.810150,398.271667,393.079667,376.991433,362.728333,413.563717,432.010300,402.528333,405.740467,415.305000,399.208333,373.200050,446.493700,571.720000
583.495567,559.535550,557.170000,558.717367,577.130433,591.688333,565.316850,560.955050,586.111667,587.988417,593.740183,596.575000,564.483117,578.631983,629.676667,619.984517,576.423233,558.626667,596.662483,605.918783,584.615000,605.806967,600.261500,561.696667,562.470583,590.612767,614.396667,612.421383,595.513633,596.490000,635.802250,632.786867,576.486667,554.325667,659.019067,808.855000,818.990350,786.598483,783.991667,792.386117,816.274550,833.366667,808.934167,789.920383,769.856667,727.540383,864.597717,1097.123333,1115.652517,1069.875633,1072.785000,1088.687767,1107.593133,1115.355000,1098.544950,1093.671817,1102.538333,1092.573950,1082.050150,1080.483333,1076.934400,1067.510250,1071.383333,1104.223050,1088.247250,1031.518333,1026.245583,1062.855633,1091.136667,1066.367733,1020.902183,987.183333,976.494333,991.944183,1015.170000,1020.937817,1033.370017,1049.950000,1041.480817,1028.328983,1032.518333,1053.044300,1044.535733,1020.943333,1039.534033,1052.299217,1043.801667,1046.936417,1049.735533,1038.798333,1014.971800,994.128100,990.990000,1008.688300,1024.160817,1030.850000,1036.487633,1016.479600,995.168333,1024.124283,1038.170883,1020.221667,1016.551950,1016.700517,1027.948333,1048.915633,923.805900,716.205000,666.755833,694.338100,711.800000,711.912733,698.804650,693.578333,718.664433,742.431200,732.318333,689.531417,694.416833,735.131667,723.496483,710.705600,724.483333,739.042333,752.282200,758.775000,747.677883,726.659783,720.791667,738.554750,678.103950,562.161667,524.301383,533.623717,545.461667,550.323450,561.779800,563.755000,528.211183,516.715150,547.213333,573.707850,562.320650,534.546667
542.294083,554.886483,570.840000,611.858217,596.795517,555.300000,597.416567,612.867517,578.800000,583.931233,589.854683,584.921667,601.345633,608.100000,598.565000,601.105933,619.537900,628.771667,600.278117,579.220550,588.076667,606.744867,611.579450,609.375000,621.256700,605.470667,578.955000,605.070467,635.771900,637.726667,623.137500,611.700667,599.353333,587.212583,688.553283,836.016667,830.973283,781.205000,775.473333,801.196883,832.140850,840.658333,815.318517,802.784683,794.420000,765.331500,891.492950,1095.848333,1106.568583,1080.701767,1101.918333,1094.595850,1080.770750,1087.965000,1111.990583,1108.403050,1086.210000,1095.617883,1100.556100,1089.816667,1088.136350,1077.005500,1060.343333,1065.032850,1075.064817,1069.848333,1043.019783,1018.777900,1022.123333,1051.745750,1033.233067,989.401667,1013.507100,1023.173733,989.366667,976.160250,1022.236467,1073.261667,1035.954383,999.743850,1013.373333,1039.670900,1048.570150,1048.001667,1066.325667,1073.858433,1055.190000,1026.628783,1013.815433,1025.013333,1045.202567,1045.142217,1023.031667,1006.885633,1019.177233,1042.586667,1036.073850,1015.730917,1006.340000,1016.903800,1019.060533,1014.026667,1025.322450,1014.066550,1011.708333,1061.151883,922.960667,679.126667,670.299750,709.966133,704.265000,744.029183,749.028317,712.308333,714.356867,714.245000,708.555000,738.599000,750.610167,727.130000,706.523350,706.418500,723.180000,736.331700,721.690817,700.098333,714.389383,716.074133,720.296667,771.280133,693.820900,532.855000,523.002833,558.644633,555.958333,539.818500,530.156333,540.606667,569.312417,570.765217,554.676667,571.208900,571.178967,552.958333
565.573917,570.341567,554.420000,546.268717,545.479333,549.031667,560.411133,587.216583,607.233333,589.787417,589.788667,599.220000,562.906883,569.706000,609.281667,581.437950,566.769967,594.971667,610.008900,603.470133,583.455000,565.609067,579.417317,607.448333,598.461583,567.844200,559.896667,601.593800,608.510167,575.513333,581.449483,611.649483,619.083333,589.360867,660.654017,799.820000,825.561467,799.604650,789.360000,799.278100,811.563133,805.673333,777.071717,773.516400,787.953333,788.818983,907.445700,1077.448333,1084.490067,1071.597633,1101.348333,1092.594950,1077.317200,1080.136667,1087.972383,1087.314983,1070.496667,1043.590283,1043.519533,1070.118333,1085.360800,1079.553083,1068.890000,1075.267850,1071.957183,1061.368333,1070.007517,1057.680283,1033.160000,1044.276650,1033.969133,992.806667,975.727933,994.963417,1008.756667,973.259400,999.054667,1072.845000,1065.682417,1035.351483,1031.545000,1040.984083,1027.705600,1017.583333,1063.952250,1068.136783,1022.171667,1014.232750,1002.699650,990.146667,1028.927517,1060.699367,1054.343333,1034.324750,1023.670067,1027.335000,1032.962717,1027.771917,1008.898333,990.772133,1014.387667,1052.816667,1034.841550,1008.738050,1026.810000,1067.553467,934.853133,706.946667,674.259550,710.863567,713.990000,708.504350,706.830617,716.361667,736.959933,741.975933,736.215000,748.322150,751.075200,727.521667,693.442717,694.391867,725.245000,736.876267,735.511600,740.933333,756.013750,724.844933,694.915000,755.690883,704.910683,554.551667,526.598683,534.029933,519.483333,526.431600,559.911850,581.183333,548.018833,532.441433,552.573333,556.579133,544.601767,542.211667
568.400250,572.737983,555.255000,567.468750,594.996167,604.333333,578.767483,573.526150,597.663333,609.713433,621.213967,620.420000,582.293283,573.867417,601.228333,603.960217,592.790583,589.220000,599.698733,603.168550,593.003333,587.920100,620.016583,653.895000,620.815183,597.149100,606.508333,601.414217,607.144683,619.466667,605.579267,609.500683,611.766667,568.423650,657.637750,822.531667,817.075583,795.945450,820.736667,797.334750,790.619417,816.216667,813.978667,785.868683,763.166667,790.790800,912.114883,1057.393333,1092.515067,1074.273367,1062.818333,1066.883100,1072.388250,1069.813333,1061.909350,1061.358533,1080.691667,1114.292733,1098.439567,1054.410000,1067.767233,1085.967217,1083.336667,1085.735200,1076.486983,1057.101667,1049.644200,1041.805150,1044.855000,1075.298283,1046.373867,976.860000,978.283267,1007.706533,1013.861667,995.185000,1017.787367,1068.465000,1064.938717,1032.246700,1025.163333,1069.891917,1075.944200,1037.515000,1034.772117,1038.151267,1032.213333,1036.960100,1043.519167,1048.983333,1057.137567,1045.828733,1029.713333,1044.378583,1038.844833,1019.346667,1043.306667,1057.833017,1033.151667,997.078883,998.586900,1024.653333,1017.961717,1009.472100,1020.750000,1018.159300,885.720500,707.343333,696.871483,714.892167,701.716667,733.188867,748.786450,727.818333,715.430550,716.765800,722.313333,722.453433,721.779950,714.170000,692.249983,698.114350,723.195000,717.039433,712.901983,731.460000,753.119917,737.621083,722.373333,764.957817,686.416200,534.880000,546.478433,569.093883,538.901667,549.690550,572.847233,574.028333,555.114283,553.371767,575.000000,590.819183,589.069600,573.336667
558.477317,561.118667,573.243333,573.337800,584.050617,599.818333,590.284283,582.764367,590.718333,599.137950,594.807667,584.161667,586.410517,596.002200,593.608333,570.532033,585.842517,618.426667,590.823683,584.165967,610.293333,601.689667,609.526567,626.563333,590.864450,574.989250,597.423333,604.856750,610.160450,612.975000,596.406217,597.747217,607.333333,593.330700,670.209867,798.836667,811.298067,784.945400,791.883333,824.354600,832.437333,816.551667,822.073783,833.500767,815.155000,775.428733,902.465150,1117.586667,1137.923717,1104.113917,1108.048333,1098.777717,1085.583050,1080.708333,1082.704633,1090.162300,1090.118333,1069.521133,1060.155417,1067.148333,1067.245567,1074.531483,1087.438333,1087.578550,1089.461150,1083.308333,1045.267367,1024.226917,1039.401667,1059.131533,1043.626583,1008.240000,1001.383500,980.501067,956.601667,990.764733,1038.339633,1066.191667,1075.606083,1052.219317,1019.353333,1024.116850,1041.405233,1044.330000,1031.204167,1032.387733,1044.345000,1033.625583,1014.045033,1012.380000,1037.413917,1027.465483,999.968333,1030.125267,1041.953900,1027.378333,1051.116250,1046.288467,1009.588333,1009.901450,1016.197850,1014.515000,1023.271500,1019.761833,1012.126667,1012.520883,893.041933,724.406667,719.645517,732.313617,697.195000,697.057983,713.101883,725.943333,738.619100,737.774133,723.865000,715.911917,732.562133,750.876667,729.921867,719.361983,732.926667,733.917100,720.467317,709.063333,717.845700,735.971900,753.876667,753.285000,653.770050,522.496667,519.209250,527.449467,504.990000,527.243733,561.101567,572.451667,560.126133,543.878933,549.175000,572.836167,502.389267,389.536667
404.568367,431.856217,413.306667,406.885633,410.844700,418.945000,431.574450,429.262367,413.610000,409.614917,429.762450,450.605000,437.231550,436.534050,461.323333,476.487183,474.752733,455.831667,428.725767,438.680083,466.508333,450.598050,450.044767,473.451667,467.730100,457.707450,460.715000,465.394500,457.989400,444.423333,443.610850,446.965183,448.556667,451.304933,454.306383,450.760000,436.443917,435.337533,445.456667,445.546350,467.432967,508.716667,529.157750,528.923983,526.256667,534.494650,520.488667,505.453333,541.854017,547.660583,515.078333,526.027267,585.255467,638.588333,628.957333,636.597700,665.795000,642.480367,619.624833,630.056667,650.442850,647.128317,626.461667,622.596700,614.427500,601.173333,605.064633,603.396450,594.321667,599.519050,605.530733,604.486667,603.068883,606.578000,604.455000,583.520767,579.425750,592.431667,587.975483,581.825283,570.345000,538.382850,550.301900,589.020000,573.782450,571.950050,599.863333,599.281000,571.242433,554.015000,582.840850,598.145383,584.585000,583.115583,587.343950,581.388333,560.225117,548.684917,552.018333,546.228817,500.792200,438.968333,421.750517,440.064533,454.773333,435.786683,434.041550,454.406667,453.965300,462.192533,475.260000,457.289633,450.198950,458.310000,445.735400,444.191450,456.805000,451.842017,442.015450,437.936667,437.978667,446.127617,460.785000,470.835733,457.268467,435.911667,440.192000,430.294567,422.935000,468.300050,456.086683,385.286667,368.189717,371.241983,366.941667,368.166100,373.224417,389.300000,420.821483,412.650250,373.285000,368.581933,380.502300,400.191667
433.790483,426.815667,388.615000,388.294767,416.156200,429.903333,399.439867,388.302850,409.355000,415.748683,418.393417,437.531667,473.653900,474.798667,441.211667,424.390633,420.410817,424.185000,436.918417,433.414950,428.816667,459.397683,461.739717,440.775000,459.027500,439.924350,400.773333,439.401183,461.890550,436.953333,429.513250,441.475867,459.935000,471.353983,452.889867,422.791667,430.448017,474.142867,495.831667,444.053717,457.815033,538.390000,549.319750,543.257067,548.416667,535.472667,537.545683,549.051667,532.553967,539.973700,561.116667,539.227200,565.497917,631.455000,633.791783,636.147183,652.686667,631.300700,622.686267,636.450000,629.526500,618.345417,610.825000,598.194850,600.001000,610.136667,603.088850,605.793600,615.095000,603.231350,615.072883,641.055000,624.889217,613.172883,622.046667,620.263850,614.209317,603.395000,578.443917,561.608033,573.143333,607.375150,599.500983,566.481667,585.213500,590.447350,567.928333,573.728833,594.869250,600.160000,575.724883,573.865500,594.870000,588.663433,576.408167,562.763333,532.781383,530.896533,560.916667,572.276250,523.061317,435.951667,388.224250,424.214583,486.943333,471.729767,449.089700,452.478333,445.656900,440.213400,440.166667,436.074367,445.223450,466.133333,475.268650,464.326967,446.263333,441.554483,433.585700,430.178333,454.756983,460.346417,445.188333,452.403133,453.655267,442.696667,446.358683,461.054950,471.690000,461.300617,421.306633,391.273333,422.137867,430.470683,394.113333,373.932950,380.707300,395.320000,391.493483,379.266333,370.318333,380.374867,466.359317,571.520000
567.670367,534.389150,542.500000,583.287867,582.567867,551.616667,570.234450,590.135567,584.686667,577.979283,577.624500,581.065000,585.403817,606.158983,617.763333,579.155633,566.241733,592.495000,596.854500,588.653800,591.823333,614.965833,623.270850,612.953333,611.553583,605.625433,594.906667,600.271633,629.828217,648.390000,614.003150,611.389283,629.618333,592.007650,659.017000,804.250000,826.641967,812.121533,818.346667,809.526550,787.453867,774.045000,789.025250,805.898150,807.831667,822.586483,961.181050,1132.003333,1115.453650,1066.035583,1079.795000,1102.274750,1096.849533,1080.790000,1098.965400,1116.818400,1105.403333,1070.627667,1052.105850,1058.151667,1063.654817,1067.481950,1072.781667,1079.087350,1080.513883,1080.306667,1084.988833,1074.036650,1058.460000,1066.328817,1043.753283,994.226667,981.883700,999.700550,1009.621667,987.929617,1012.529750,1067.276667,1055.629967,1034.749650,1031.248333,1017.847483,1030.165683,1059.230000,1054.688033,1043.633400,1041.600000,1035.584617,1025.049850,1018.485000,1023.089667,1019.768517,1008.178333,1007.266267,1011.617600,1009.998333,999.769867,1008.487417,1026.045000,1010.056250,970.747950,952.923333,991.647517,1004.537317,998.153333,1032.277200,918.785150,710.055000,671.664900,710.443617,721.458333,697.110900,691.458183,713.300000,721.544900,714.680033,702.480000,695.716883,704.951067,712.055000,690.333517,690.305417,713.336667,712.609217,720.857650,727.878333,691.553467,691.961833,738.618333,744.737017,651.287750,537.251667,545.157700,558.142383,534.816667,545.852417,546.363333,533.828333,554.966783,564.661983,549.815000,547.416083,570.301550,592.730000
577.063183,564.053883,575.130000,591.809833,593.964983,581.905000,575.726650,591.451617,608.548333,589.109200,565.722833,560.780000,568.292033,581.696667,596.961667,609.723850,606.154600,599.878333,618.784933,630.141700,624.346667,619.826350,595.367950,580.941667,627.740567,632.002383,592.101667,609.981917,637.782183,637.010000,624.074467,638.272767,650.890000,612.227483,671.649783,805.871667,833.832783,831.828750,842.311667,825.133567,810.556767,808.163333,799.124067,806.099933,807.520000,778.173650,886.819700,1086.931667,1142.900383,1117.766633,1094.150000,1089.448700,1092.107200,1083.415000,1057.654550,1060.798750,1094.956667,1112.569250,1096.430950,1079.775000,1109.508667,1121.493533,1095.331667,1071.768883,1049.364350,1040.410000,1067.840533,1097.594533,1097.336667,1061.290317,1023.677417,1000.468333,980.977433,960.748950,950.010000,968.601083,1021.988483,1076.423333,1083.306967,1074.867000,1065.300000,1040.172467,1023.809567,1022.653333,1023.083333,1041.364667,1059.380000,1038.990650,1028.275817,1044.036667,1053.869483,1043.121817,1033.713333,1055.425933,1047.103600,1011.150000,1013.143367,1026.201450,1031.330000,1037.014783,1034.623150,1028.706667,1031.224383,1015.099833,1002.321667,1021.363400,903.380533,721.245000,726.772700,731.472767,676.903333,697.780000,731.127783,730.228333,715.056600,698.877350,690.916667,695.457383,703.922767,715.295000,733.593817,741.016950,738.136667,740.064383,726.338667,714.290000,742.131917,747.834133,735.180000,753.285717,676.336250,545.338333,539.979600,554.619567,550.643333,593.046967,603.178233,570.438333,563.780183,551.095183,537.023333,562.703833,566.361300,545.841667
559.833867,568.779050,565.773333,584.021000,586.834117,572.305000,576.648533,578.560833,577.293333,594.820033,603.553017,599.813333,604.267383,590.434117,570.368333,587.533367,609.168017,606.685000,584.706250,583.640967,609.365000,627.744233,618.916300,599.748333,605.614800,615.706800,606.955000,582.594933,598.705617,638.040000,627.590167,613.950083,607.025000,586.065833,668.955883,806.376667,815.732300,787.281067,780.611667,770.305367,792.058167,823.036667,798.032233,778.364850,774.826667,761.986600,889.675567,1084.501667,1099.800883,1062.085450,1068.155000,1090.927883,1111.712317,1117.798333,1105.648117,1097.318067,1096.370000,1088.106000,1083.821150,1091.775000,1102.815683,1080.652367,1056.906667,1099.196333,1124.228283,1088.930000,1035.954550,1031.979633,1062.233333,1051.397933,1026.813700,1007.861667,986.956633,985.466333,998.635000,1003.429700,1035.095017,1062.355000,1017.176450,1004.704150,1046.063333,1057.490450,1048.071467,1041.680000,1043.666100,1027.176917,1015.578333,1055.692100,1060.738017,1028.658333,1044.979417,1071.690817,1065.323333,1025.525433,1013.752033,1021.481667,987.962633,980.275300,1012.308333,1026.268750,1021.838800,1010.841667,1003.113633,1012.610617,1040.065000,1048.296183,915.139650,713.805000,664.916517,713.646000,750.786667,719.175067,698.628633,717.941667,727.441433,706.131333,691.445000,733.311867,736.162483,699.966667,715.391167,710.913950,684.298333,709.552283,724.208450,714.611667,730.833750,743.595400,756.476667,785.416100,691.905950,539.551667,543.878317,569.799383,550.410000,552.967033,549.890467,544.145000,572.169900,582.859900,560.376667,545.390883,571.018450,610.580000
606.040083,600.405317,602.941667,584.154583,594.396383,621.973333,599.750367,568.211183,566.795000,595.691767,615.072050,610.640000,600.829983,593.577967,581.658333,558.619083,567.033750,601.158333,610.266683,606.127617,607.555000,617.588400,614.686017,606.125000,620.419517,632.347383,620.308333,590.408450,587.476117,612.430000,623.187933,619.363250,613.961667,628.869583,707.778833,804.468333,817.247750,801.512983,798.630000,796.885833,790.111617,784.651667,795.341017,826.382750,822.895000,751.088033,869.194700,1108.883333,1126.620850,1072.388217,1077.523333,1112.542983,1095.451483,1048.636667,1071.418683,1109.277783,1114.406667,1093.172450,1081.344817,1087.153333,1088.717667,1081.661367,1075.955000,1081.268367,1069.894367,1054.710000,1076.001650,1086.163067,1074.330000,1071.580317,1042.132500,988.171667,960.818100,983.272400,1018.155000,1006.538367,1011.651567,1045.478333,1054.829133,1054.263583,1052.870000,1042.211717,1036.361317,1040.583333,1046.537533,1049.973383,1041.968333,1021.086017,1035.400150,1057.655000,1015.991117,1005.212617,1026.085000,991.029350,999.117083,1046.343333,1024.446100,1008.876333,1026.646667,1026.148183,1024.550917,1037.975000,1056.000500,1042.448367,1027.741667,1052.202150,918.651167,693.328333,664.252800,716.961700,741.440000,736.345650,702.150033,675.416667,700.335917,707.959650,684.465000,686.383783,715.817950,746.913333,748.369450,721.742733,698.145000,709.669717,710.608100,704.860000,736.950983,741.545967,734.391667,779.314083,706.730500,549.320000,522.777383,532.847417,524.293333,542.618250,560.145283,561.270000,559.662850,559.110700,554.533333,543.029333,552.813833,579.210000
583.891583,558.788683,547.151667,595.652400,597.985367,558.605000,584.699833,600.703200,579.946667,578.348467,596.942000,614.856667,612.845733,605.848067,598.973333,586.783383,593.495717,606.150000,588.411683,587.075100,612.138333,622.920117,609.221033,589.943333,592.400033,595.073200,584.448333,572.497700,588.865833,610.201667,587.969283,596.571950,626.253333,606.053617,672.869833,802.511667,822.010500,815.946700,830.498333,820.620783,797.196733,791.673333,821.002967,825.037183,783.148333,758.036467,898.695417,1111.271667,1136.888450,1105.069233,1095.128333,1064.576350,1079.363883,1116.436667,1083.186317,1074.275833,1105.666667,1096.117000,1081.018633,1085.183333,1089.975817,1069.594517,1044.528333,1060.443033,1075.222533,1070.483333,1068.181983,1067.011633,1063.480000,1056.506733,1038.188467,1000.720000,954.281700,968.646583,1015.796667,998.731783,991.460333,1026.943333,1057.113133,1051.601317,1023.241667,1011.957700,1014.713350,1018.535000,1017.397000,1027.116267,1044.470000,1046.630400,1030.907017,1013.773333,1016.797300,1026.922133,1032.271667,1033.337250,1039.048633,1035.873333,1005.829783,1007.372717,1036.088333,1028.197883,1010.630367,1015.266667,1040.259283,1027.922733,1010.563333,1051.629017,939.011517,728.716667,709.042900,750.513883,743.535000,714.680350,719.483917,738.550000,706.795967,695.555483,722.736667,731.651750,720.829650,702.015000,689.434983,711.148750,745.501667,736.655317,704.983000,694.843333,731.721283,752.154717,760.010000,794.099433,687.193700,506.840000,506.178200,539.105517,526.555000,537.035400,550.600033,551.883333,552.438950,557.167067,567.235000,569.562750,505.892150,415.615000
402.628000,397.651750,389.411667,433.188600,445.027050,407.976667,394.143533,418.458217,443.130000,419.689533,403.480250,415.746667,425.357667,432.914167,433.655000,418.532333,415.611817,426.493333,426.656417,429.837683,440.356667,444.131550,432.506033,433.141667,478.096233,482.804033,442.038333,436.041433,451.644350,456.133333,437.065983,440.342917,464.410000,462.406117,452.957650,443.836667,426.643933,437.476067,468.156667,475.263183,494.492700,520.271667,508.171650,502.901833,524.508333,546.118033,544.744017,523.076667,505.855500,507.889933,509.460000,489.385400,541.033317,633.516667,636.581350,630.770150,644.161667,622.130217,604.653817,611.765000,623.011650,634.475300,632.980000,605.617117,594.080150,608.411667,618.649517,617.182000,615.068333,626.365117,628.219183,621.070000,623.728750,600.474750,561.078333,558.679950,582.219833,609.643333,624.838350,613.690800,586.705000,571.835983,570.302900,580.636667,597.325250,584.567817,565.565000,598.042117,614.608217,590.195000,568.070933,566.999800,587.048333,608.708583,585.086300,551.218333,585.571717,591.640017,562.406667,577.597350,534.361367,448.441667,451.088483,475.989617,479.761667,484.082250,475.343200,453.771667,437.357033,422.305033,423.078333,459.420400,478.661317,462.253333,444.356250,457.533717,477.158333,451.463983,441.575300,459.761667,460.433717,474.581683,490.208333,459.891867,443.239750,454.128333,447.896750,438.361717,452.565000,489.223233,449.641383,372.205000,391.374083,387.898300,350.898333,392.393417,426.062933,413.180000,401.807433,391.981767,397.011667,432.248783,420.799233,377.376667
393.666050,412.597117,411.308333,426.378567,442.199100,445.096667,437.779267,425.506133,417.406667,422.635483,436.355750,439.526667,416.542133,406.609117,426.353333,452.364367,448.882350,427.240000,432.129500,443.401900,443.268333,434.210600,423.079217,412.050000,405.347450,434.484517,466.560000,434.773583,418.193083,448.410000,472.959450,445.781017,408.030000,444.729267,480.945817,476.080000,460.884583,449.685683,433.116667,406.383733,452.098283,540.180000,553.000200,557.051267,559.818333,503.452450,489.079933,527.661667,530.489167,531.486217,528.225000,491.870600,552.416917,667.755000,659.949217,650.705717,672.890000,634.774700,606.835383,616.083333,616.707683,614.548117,619.715000,629.497050,628.996783,617.653333,611.909367,625.774317,642.063333,627.067233,602.049033,590.635000,599.355700,613.257717,613.136667,590.656050,576.103450,589.330000,620.397733,623.030233,598.768333,592.205517,594.021267,594.455000,595.848450,594.260150,582.948333,562.993683,568.847033,592.406667,590.287933,580.997467,585.318333,601.840717,596.906350,563.075000,528.534333,526.032583,556.438333,578.058650,515.659550,425.346667,440.862617,455.208933,440.163333,469.188000,465.310350,421.588333,417.681433,443.218267,470.836667,484.133233,483.549267,470.865000,450.513200,447.442633,462.461667,468.762300,448.294183,431.536667,464.161800,472.625700,446.035000,448.485683,471.794000,479.668333,447.672217,432.243600,450.728333,464.596600,450.239483,406.273333,359.517883,373.947067,425.005000,424.006217,413.704033,413.196667,397.456200,393.499133,400.998333,402.174333,467.566967,557.803333
555.666067,557.401300,601.906667,623.606200,590.853517,553.273333,585.881950,585.316733,545.691667,561.951600,565.369100,545.623333,567.249150,592.268567,593.338333,582.396450,578.232533,583.045000,584.427417,583.799083,601.500000,651.121250,661.722933,621.495000,590.756617,594.772617,607.081667,585.102850,586.483583,612.293333,604.363650,593.594950,580.145000,552.611683,657.492317,819.525000,805.672167,789.113817,820.283333,775.645650,740.678967,768.571667,819.248500,830.268383,792.116667,771.981083,903.605017,1109.046667,1159.678683,1131.655533,1106.065000,1089.290400,1083.751733,1087.085000,1089.288933,1070.075550,1048.653333,1066.454000,1087.214900,1088.531667,1080.252150,1066.688633,1060.185000,1070.201317,1058.001400,1029.210000,1029.132217,1037.077033,1046.013333,1063.536867,1036.485917,983.885000,981.176767,981.073017,960.408333,953.676850,999.734750,1065.148333,1069.764617,1037.547350,1017.550000,1035.137217,1031.369350,1005.751667,1014.288983,1023.018633,1021.060000,1033.221183,1042.258533,1042.283333,1044.792083,1041.832183,1032.246667,1025.174800,1023.071433,1020.810000,1012.515900,1011.720783,1020.501667,1029.025133,1044.275883,1054.431667,1038.135000,1027.025250,1029.230000,1005.281717,880.320033,728.565000,709.919917,703.880283,676.136667,709.208433,725.227733,704.826667,707.675067,710.061400,707.301667,723.339967,733.863117,727.791667,719.139067,718.609750,720.166667,709.890517,704.181233,711.778333,724.249767,727.394800,734.618333,753.258900,660.434883,517.866667,524.166267,561.112433,553.966667,544.604483,541.392183,551.081667,576.582167,575.077333,542.155000,522.904167,557.306917,605.921667
588.279417,567.402917,579.526667,597.362783,595.453750,591.921667,618.782017,599.361267,552.950000,582.789183,634.480833,634.928333,568.851617,557.131967,599.120000,586.338850,594.870867,624.768333,595.663467,595.302983,624.866667,596.451700,581.708700,603.876667,611.392883,611.740517,613.145000,609.299983,596.478600,587.370000,598.688167,601.823800,579.458333,561.620300,666.948383,817.438333,805.344267,770.988100,781.536667,771.766800,792.894017,829.296667,806.929117,803.197917,802.831667,740.299317,858.298833,1086.891667,1097.723583,1082.555333,1122.176667,1100.278183,1088.592783,1100.425000,1071.769783,1058.654533,1073.958333,1072.175233,1070.111717,1066.236667,1040.362883,1034.620500,1061.855000,1087.342667,1070.504583,1048.031667,1093.321567,1118.338717,1100.418333,1094.679967,1046.206883,989.293333,1019.743000,1014.709367,951.860000,942.246317,1002.345483,1072.733333,1076.317883,1064.974650,1066.173333,1057.609800,1046.180200,1034.961667,1024.154850,1046.445250,1074.521667,1045.518317,1024.260583,1038.201667,1049.086617,1037.429083,1021.558333,1032.113800,1022.782800,1000.963333,1018.267800,1013.919717,988.558333,1006.685067,1028.547383,1023.083333,1000.202500,990.076933,1013.055000,1040.935500,920.574350,724.128333,692.370717,719.698083,717.271667,705.209950,712.982617,730.891667,720.487183,690.375250,677.498333,710.364867,722.812017,706.293333,712.711883,712.067750,701.778333,717.142317,749.317167,766.210000,741.134933,714.861217,724.931667,758.395350,689.846600,562.696667,550.323067,563.569000,546.361667,536.479583,542.804333,548.015000,533.903083,546.605567,567.028333,533.465983,534.442800,574.523333
568.325050,558.175033,570.681667,582.449733,568.191967,551.765000,579.228400,592.322717,578.581667,583.041067,591.915167,594.566667,594.625750,579.744117,568.631667,594.690550,611.119783,597.526667,579.349167,576.985783,586.841667,591.710900,607.280200,622.715000,608.360217,597.640467,603.908333,608.515500,609.525250,605.241667,594.774300,596.326300,599.500000,590.501083,668.365283,795.278333,820.108717,798.162133,792.836667,810.652733,813.778017,795.155000,785.651533,800.178033,799.151667,755.517333,877.778650,1098.328333,1123.679067,1092.082600,1095.458333,1086.707633,1092.404067,1112.108333,1109.870067,1096.241867,1091.200000,1103.027900,1105.309250,1090.051667,1073.280367,1059.118867,1055.331667,1068.194733,1071.648233,1060.445000,1053.967850,1054.139467,1056.163333,1053.441217,1040.259033,1009.961667,970.329383,986.634750,1025.085000,990.971017,993.333533,1048.013333,1055.875800,1038.518900,1028.778333,1033.996383,1042.032083,1043.340000,1035.100067,1013.679250,1003.541667,1035.605833,1055.612733,1045.146667,1035.831600,1030.047250,1031.228333,1043.296867,1037.731717,1014.138333,1004.359333,1022.272600,1041.185000,1020.624083,1005.561800,1013.573333,1015.715867,995.560400,985.526667,1009.896967,892.580717,700.308333,691.118567,721.961650,712.848333,723.868883,712.868350,693.668333,727.514600,736.482167,711.693333,721.502733,726.662167,716.575000,726.013400,744.401517,748.991667,727.210017,707.222250,709.105000,724.555300,708.664333,694.193333,740.323667,676.755283,532.401667,518.724317,551.159017,557.596667,553.955583,550.671883,546.158333,534.553650,531.120833,545.918333,569.397700,559.345433,542.728333
583.319850,588.892417,556.873333,573.540100,567.594650,541.570000,574.543933,597.084067,590.158333,601.873233,596.297117,573.730000,579.029967,602.618033,625.180000,631.287900,604.904883,573.038333,581.829817,583.781000,571.386667,587.513050,620.175017,624.230000,571.053733,566.990200,614.110000,611.169867,594.540450,590.638333,585.741733,588.186300,591.960000,592.968683,670.646183,797.948333,851.754367,835.761317,804.718333,810.102217,819.912417,812.811667,800.372350,797.274283,781.950000,747.728033,880.257900,1095.960000,1108.315700,1081.359883,1100.978333,1086.770750,1068.853500,1074.025000,1091.345167,1092.871533,1083.705000,1090.921867,1083.942767,1066.611667,1075.716833,1084.144200,1077.676667,1072.224833,1085.007917,1098.041667,1076.412583,1057.128200,1068.465000,1096.670767,1072.626017,1012.740000,1000.591000,994.432950,972.220000,967.042917,1020.072417,1083.236667,1061.344183,1030.109900,1032.203333,1036.117400,1022.459633,1015.431667,1052.474867,1068.112983,1039.201667,1008.145550,1004.254417,1023.243333,1035.861233,1031.948633,1021.970000,1023.861117,1024.183983,1020.721667,1024.043583,1020.084583,1014.826667,1028.034200,1030.567400,1017.956667,1015.547250,1019.884017,1035.525000,1047.288317,909.794517,700.880000,666.331117,704.176383,718.011667,707.614400,677.601367,664.386667,707.859700,738.425450,730.530000,723.505600,728.807583,741.425000,746.838317,728.832400,705.096667,713.936150,739.650550,763.206667,773.484583,751.107883,726.145000,736.027150,651.003750,523.420000,544.552450,570.802000,536.946667,523.974633,538.819717,553.416667,541.538833,540.945183,558.298333,567.975650,601.083567,631.865000
597.864883,572.699817,587.520000,600.538483,588.849250,570.305000,577.634933,565.731067,547.306667,579.412933,590.230933,576.043333,603.646333,620.011150,604.995000,591.935267,573.762783,566.466667,599.787733,625.171700,623.018333,620.751033,636.453783,643.606667,603.198317,589.482733,621.420000,637.485983,594.635417,549.556667,599.512817,632.145367,591.773333,549.896500,637.138200,790.051667,809.084667,777.580067,778.023333,806.135783,809.004650,789.951667,799.820467,810.103333,791.878333,770.362350,895.203150,1086.243333,1099.976883,1075.594683,1099.005000,1113.892500,1103.494500,1089.010000,1102.708333,1116.403550,1106.611667,1079.210450,1074.624200,1085.340000,1068.145967,1060.167417,1067.413333,1056.809233,1045.807067,1055.513333,1081.849417,1062.398867,1016.193333,1020.922817,1009.731333,981.650000,1005.582667,1020.473383,996.705000,972.125600,991.506267,1039.398333,1055.798583,1047.615467,1043.420000,1061.751600,1065.815467,1046.766667,1032.239483,1028.345533,1032.653333,1041.893700,1058.828683,1055.238333,1004.385800,1008.930383,1053.766667,1025.621550,1014.752117,1034.658333,1007.095467,999.987833,1027.656667,1033.513417,1041.982500,1062.055000,1072.708017,1079.499550,1091.988333,1094.555150,990.907533,843.158333,821.913117,823.092900,797.231667,794.524950,767.329517,744.528333,802.804617,808.823783,762.851667,796.197617,819.614817,781.940000,734.396733,752.375467,819.331667,847.743533,852.377467,840.026667,798.670900,777.395417,793.565000,803.688017,717.612950,599.151667,606.233450,619.483417,599.831667,627.703417,657.122200,640.675000,586.454333,591.556100,645.158333,630.995250,533.247433,429.648333
419.853917,426.704500,408.933333,398.468933,396.806133,399.621667,406.956500,424.929800,446.036667,450.700683,432.682283,415.781667,431.014750,434.469217,417.066667,416.096217,437.669800,451.835000,424.737150,414.827950,440.293333,461.168533,460.283400,445.328333,440.214183,458.580750,481.645000,475.121733,460.587450,457.120000,464.924167,475.591967,472.385000,446.015883,440.085283,457.715000,462.666417,474.060533,473.555000,431.370500,471.211833,565.875000,560.379667,543.213333,556.003333,546.728317,527.581167,517.895000,518.870583,502.025600,485.413333,522.088883,589.391033,637.321667,631.129133,625.659767,637.896667,633.322850,613.487150,604.890000,632.628517,656.379317,648.436667,621.800467,631.737767,652.915000,607.049833,564.857933,576.258333,621.074617,637.651650,616.611667,601.841950,601.999717,609.500000,611.245567,599.659067,581.250000,573.087050,583.355867,604.473333,616.109600,602.057750,580.801667,586.170967,582.012383,575.390000,603.585483,586.174000,543.413333,576.868033,595.534267,579.995000,600.020450,600.985250,575.895000,576.606200,573.479333,591.743333,672.879200,630.802650,492.778333,481.223417,517.837367,513.951667,471.990817,482.257083,534.955000,532.415883,509.122750,496.521667,488.308850,477.707000,478.551667,507.366800,513.515867,505.933333,539.060167,546.415550,507.565000,477.365633,500.200650,544.941667,542.384267,554.934250,581.593333,549.443133,487.211767,471.346667,542.755767,525.743900,429.506667,437.227117,474.128467,470.886667,439.335283,424.019283,439.763333,458.099983,430.021817,397.928333,450.217550,479.850150,446.015000
412.480800,396.885133,406.906667,436.643600,419.312383,383.001667,423.965633,473.351467,481.856667,465.284650,450.548483,440.145000,418.868817,405.826817,407.923333,411.730933,407.541967,404.065000,418.124717,430.864700,434.185000,439.555400,456.046900,464.340000,439.128100,437.874517,457.771667,441.545367,436.274017,451.258333,445.858917,437.986000,444.393333,461.121833,468.093117,457.541667,440.056983,434.044883,437.883333,438.849450,465.485733,521.653333,571.393017,564.161850,531.453333,548.239550,528.154117,478.418333,502.237550,548.480150,552.446667,508.617883,534.952033,615.053333,619.280550,620.630283,651.080000,661.586183,652.832433,635.478333,619.390883,623.832317,639.345000,634.563933,614.969233,596.645000,592.907683,601.682650,614.380000,622.868417,630.770517,628.650000,604.555383,597.771450,596.660000,558.437483,565.929183,610.250000,598.840350,595.749417,615.618333,604.211250,589.877900,586.433333,578.302633,576.543550,588.251667,603.698633,592.533167,578.560000,613.358533,626.418733,597.371667,578.773750,588.382083,606.025000,599.561200,600.369733,611.825000,598.048650,544.840283,487.221667,484.030267,515.981233,541.126667,527.072350,490.290300,460.068333,464.408050,520.223267,558.331667,492.537000,491.830900,561.788333,540.965317,508.323533,513.626667,525.430067,552.776483,572.508333,544.130500,527.622517,528.941667,500.235833,493.973367,522.371667,542.315450,554.217950,570.901667,588.915333,540.922017,443.880000,396.811200,423.118683,463.153333,434.198500,409.882617,422.465000,434.253517,450.654317,450.323333,413.977917,475.038217,596.028333
600.146333,586.259717,610.645000,623.103383,604.600633,586.653333,612.925833,613.578483,579.595000,574.405600,592.196183,599.555000,572.627983,560.450467,572.440000,573.317783,579.883467,601.990000,625.073350,621.080533,599.023333,592.965583,578.838550,574.506667,620.369050,624.761167,585.920000,590.524367,588.761300,584.328333,631.363367,635.458017,592.773333,605.647617,684.582150,774.530000,804.133133,800.850567,802.795000,823.138533,833.883717,810.111667,760.860800,771.568667,796.841667,736.155367,849.849100,1086.185000,1110.290867,1064.087383,1066.926667,1089.913733,1097.572117,1090.431667,1095.448817,1101.657550,1100.750000,1095.649250,1084.731950,1080.333333,1095.223400,1085.724783,1056.333333,1056.611417,1067.418583,1070.898333,1070.249833,1075.832350,1088.680000,1090.314950,1032.002433,952.458333,949.662400,980.393067,995.205000,990.447667,1021.360750,1070.863333,1064.688550,1044.859033,1042.116667,1045.349983,1042.145633,1040.423333,1056.052217,1057.404533,1035.421667,1017.081033,1032.562900,1060.611667,1050.328067,1037.775283,1038.436667,1036.168500,1057.470300,1085.145000,1072.937517,1074.402483,1094.183333,1081.204967,1058.504867,1048.501667,1051.723750,1061.317183,1076.010000,1076.621117,952.846850,784.166667,770.888650,756.159717,721.181667,801.409550,839.330283,800.645000,804.160083,789.827200,756.366667,776.038117,795.312350,790.135000,787.767100,774.157950,764.273333,794.106667,824.837133,825.386667,802.760783,805.873683,828.280000,808.025483,726.116333,639.408333,628.246433,614.111067,585.806667,604.842400,597.541317,568.665000,596.753150,606.302333,584.910000,595.002050,590.517200,579.750000
620.769100,643.264183,611.168333,564.513367,573.874200,605.976667,564.315433,538.114250,565.731667,591.650650,581.760200,573.245000,626.334067,639.469783,594.658333,575.603500,574.525667,573.486667,571.995533,582.077733,597.338333,599.723717,608.671833,620.180000,608.179667,590.010700,582.343333,590.332517,619.128800,640.276667,618.137700,618.843400,633.320000,601.511067,654.842683,776.693333,805.501167,786.195117,775.158333,778.356683,771.237950,763.408333,789.742017,821.221367,819.843333,793.944083,896.890383,1077.995000,1119.699567,1094.797383,1081.166667,1084.479300,1101.312017,1107.596667,1079.214317,1066.127367,1085.093333,1102.559733,1093.347083,1077.510000,1095.339067,1100.148950,1076.746667,1060.369667,1071.428800,1086.643333,1066.897683,1064.555067,1092.460000,1100.708067,1043.498183,963.518333,957.704867,993.135750,1008.913333,980.442633,1000.828200,1061.936667,1061.732167,1043.488083,1054.291667,1090.395933,1084.018433,1031.518333,1001.914133,1032.223150,1070.305000,1033.882117,1034.443167,1077.918333,1060.728033,1056.089000,1076.326667,1054.542367,1032.218183,1036.063333,1047.639183,1042.199317,1042.058333,1083.531033,1072.436067,1021.643333,1039.535683,1060.800883,1090.541667,1163.111700,990.568883,708.583333,762.684333,832.727167,781.651667,793.030250,815.627783,801.136667,770.172767,754.738200,764.293333,779.421233,766.837883,757.891667,809.243383,813.573167,760.188333,749.406767,772.625767,804.046667,825.107233,803.056683,771.645000,785.234800,709.873967,589.760000,610.324067,626.063950,591.221667,603.739467,600.679333,571.571667,581.044833,615.048817,634.583333,612.921100,587.859517,578.643333
572.494917,568.146017,582.998333,628.471733,634.352283,599.425000,591.571417,597.275733,593.586667,578.024500,580.582483,597.835000,598.132983,601.353450,613.280000,613.293383,586.905900,567.488333,603.982667,626.761800,609.815000,594.611400,596.985150,614.261667,634.298667,651.970967,657.901667,642.245583,617.908217,605.908333,619.150800,629.364950,614.180000,590.826167,662.962283,794.238333,832.380117,806.844017,786.913333,807.684783,801.089567,765.756667,771.931683,805.915267,814.283333,781.909600,903.590217,1104.648333,1105.430033,1085.133500,1117.510000,1093.919850,1068.280917,1076.661667,1089.295333,1060.694383,1029.286667,1073.981967,1092.811950,1071.805000,1092.573833,1086.898383,1050.595000,1056.102983,1072.019617,1074.933333,1074.868600,1075.431817,1082.123333,1092.935250,1063.399650,1009.115000,992.690517,984.109783,980.118333,1009.062433,1025.762417,1031.006667,1062.987717,1054.354483,1012.271667,1016.250317,1030.626183,1033.020000,1039.897017,1050.027467,1050.660000,1030.969517,1013.963583,1022.865000,1056.341750,1052.251517,1027.663333,1056.710650,1068.317733,1041.056667,1026.794300,1023.440183,1032.890000,1064.413983,1084.350283,1077.573333,1058.625950,1043.550367,1064.661667,1116.059800,988.878383,759.603333,731.137083,773.647550,797.575000,836.305100,812.360500,754.478333,779.162083,814.269167,800.363333,756.381733,764.235250,805.153333,783.569833,757.287300,767.965000,797.165267,810.265117,795.871667,775.406417,791.883983,824.955000,806.452267,750.392833,682.506667,625.291717,623.513333,656.005000,653.193450,636.741133,616.560000,581.345183,573.503100,585.420000,571.133383,582.695883,607.825000
579.996983,570.409350,606.606667,639.601767,632.554233,598.131667,581.615500,576.990850,579.898333,595.353817,606.296017,597.820000,574.410733,583.696933,614.505000,609.213650,600.745750,607.358333,610.399617,597.108167,585.341667,602.524717,602.392100,587.165000,604.350633,615.755800,607.750000,605.078000,600.152017,601.178333,626.443967,638.476233,619.260000,600.682750,672.835717,786.545000,796.844367,785.617833,807.511667,830.338567,819.476400,794.155000,805.662700,820.219550,799.855000,766.523300,897.887867,1107.045000,1115.118433,1080.738900,1097.705000,1100.171700,1093.623917,1097.353333,1115.360467,1115.856267,1091.571667,1070.100200,1082.307517,1101.018333,1074.854400,1084.203033,1120.406667,1092.022200,1063.830900,1069.368333,1075.298150,1068.252200,1060.165000,1064.038767,1023.437050,964.073333,975.052683,1001.970483,994.860000,964.201400,991.371283,1055.656667,1054.996517,1037.304183,1042.256667,1055.296233,1036.098367,1006.811667,1031.131467,1066.336050,1064.801667,1024.789333,1032.922300,1075.705000,1056.284067,1029.572033,1029.400000,1033.250483,1034.834233,1036.446667,1044.931617,1069.054067,1099.470000,1108.163550,1069.735350,1030.541667,1066.668800,1094.269550,1096.510000,1112.138133,983.763717,791.285000,788.836933,788.174917,730.805000,750.356483,778.409833,772.485000,767.365017,788.381800,812.301667,794.141850,780.980617,791.640000,801.566667,818.626400,833.011667,819.173717,794.048283,786.876667,812.521617,824.870883,810.748333,789.119533,718.610683,630.376667,611.183917,619.077583,610.930000,588.237717,599.828733,631.818333,619.233333,588.494467,566.276667,560.021900,591.122917,622.020000
593.613300,604.786200,643.428333,599.639017,571.764217,591.151667,589.103767,578.811250,576.711667,579.225617,577.536200,575.883333,585.963883,593.599983,599.520000,613.502317,598.544217,577.175000,608.623100,617.326883,590.370000,590.627633,596.697500,589.350000,575.456033,568.321533,565.993333,561.837583,594.005383,646.156667,656.346750,642.463950,615.145000,584.457200,661.688717,796.383333,811.569900,771.838750,763.160000,804.813483,817.466833,785.665000,772.768450,802.094917,817.981667,770.207283,886.571450,1106.780000,1124.322600,1075.294283,1075.791667,1103.499467,1121.652083,1110.613333,1080.911733,1083.303133,1101.495000,1071.068767,1041.040150,1052.415000,1094.696150,1103.559267,1077.425000,1074.444800,1088.347317,1091.938333,1069.332167,1063.174167,1070.721667,1045.209350,1003.943867,978.741667,986.067383,991.074583,978.473333,969.818750,1002.183467,1061.098333,1087.153483,1063.523767,1032.090000,1050.366200,1052.399367,1027.721667,1031.870783,1038.674367,1040.650000,1055.541900,1044.742900,1024.065000,1047.542050,1050.328300,1028.616667,1045.942750,1070.573533,1078.378333,1072.917800,1040.569967,1002.928333,1006.308667,1036.892333,1075.535000,1098.536783,1031.699833,977.103333,1095.775783,1048.585750,826.451667,763.461483,745.538983,719.565000,765.690817,790.359983,775.165000,792.454417,798.306117,782.875000,784.895517,782.189267,796.830000,869.334900,879.771567,816.040000,784.847350,775.043700,774.831667,791.761650,791.913867,797.503333,847.834500,792.391683,641.080000,569.455650,580.665367,619.440000,630.615533,612.117833,588.596667,584.655017,574.079400,577.038333,625.915217,574.662800,451.278333
433.216983,424.788533,401.461667,441.695017,472.078483,461.403333,449.180933,431.980050,419.465000,432.802317,441.431433,428.460000,408.670800,414.335217,442.556667,459.198617,462.113450,456.895000,447.136850,431.642067,418.551667,422.662100,442.650950,458.755000,450.723800,451.395750,458.261667,437.949867,426.718133,432.641667,430.754017,446.339367,470.275000,461.560167,440.945767,430.531667,435.527417,451.406100,457.300000,438.584467,457.876633,506.280000,513.597667,525.110367,542.358333,518.048433,501.579417,512.415000,519.901150,513.248650,502.445000,512.862133,568.041267,633.106667,642.728983,638.780333,641.598333,631.449150,623.608683,629.355000,641.218150,631.666717,608.733333,611.390417,639.518667,657.366667,628.609783,613.072400,621.700000,610.733400,608.651617,623.560000,626.371117,598.104750,566.598333,578.431067,582.172217,557.401667,543.553617,590.783667,644.035000,598.120883,570.584400,602.503333,613.374567,573.004367,540.910000,598.994783,622.604683,584.128333,576.937833,581.513050,576.415000,574.701100,612.095717,649.380000,610.736700,590.118450,609.951667,598.698050,568.089100,545.661667,542.994833,533.956250,506.316667,474.174367,463.196800,485.926667,524.802717,509.691233,466.641667,488.171933,500.313617,483.013333,496.610817,534.870867,546.473333,493.669750,495.354933,547.091667,530.474517,518.461733,544.045000,560.791983,562.778817,551.068333,528.763167,522.473950,538.545000,549.054533,498.167667,423.375000,420.816600,424.660450,406.968333,406.485833,411.745533,420.495000,440.442150,430.976183,393.911667,374.880633,375.692467,384.845000
391.130867,392.225917,403.691667,436.626117,426.132117,389.186667,409.492350,435.516283,427.255000,402.519900,420.129433,447.230000,401.043150,397.755650,445.411667,434.224967,416.617783,431.281667,457.591883,462.890683,437.418333,403.191633,405.860867,444.153333,468.954567,452.126783,419.815000,426.436000,446.303317,448.051667,429.961567,445.961300,485.978333,485.872533,474.442833,463.911667,440.443550,445.588233,465.896667,453.382067,492.860667,561.743333,543.808900,510.891583,517.720000,546.827833,556.219467,533.948333,504.344367,493.583450,495.578333,494.750200,561.056033,653.391667,647.878650,618.093833,628.170000,663.427050,641.008400,598.303333,646.457800,652.973983,601.306667,609.719617,625.400733,622.431667,628.250650,600.897950,563.686667,586.024483,592.559533,573.213333,593.961983,616.709317,604.181667,563.035717,559.850783,586.335000,576.782617,589.849417,621.598333,602.454517,577.049833,576.116667,585.929333,589.494717,583.110000,574.647800,564.487617,567.411667,594.956050,584.824683,566.553333,624.711150,630.078200,579.835000,601.094267,621.426550,629.711667,676.646233,617.205900,478.001667,446.062800,465.563850,479.168333,489.314533,491.481683,490.158333,497.170983,508.241217,520.618333,533.860250,534.164017,507.115000,460.400067,474.136833,537.051667,554.045733,532.884133,514.890000,528.843917,529.361300,510.716667,517.154833,557.576933,582.913333,538.324667,533.566733,576.675000,562.776117,508.643667,455.620000,433.566083,454.050700,477.693333,451.301550,447.984617,475.541667,471.085667,474.472033,459.103333,374.023350,429.687900,584.691667
580.249467,553.668983,577.766667,582.669417,593.471617,608.055000,592.729633,595.596367,615.675000,603.064733,591.114933,600.580000,615.578217,612.110300,603.541667,619.098717,599.723567,562.715000,588.416283,616.579167,611.146667,598.129533,607.996200,623.640000,603.906583,600.586450,621.750000,622.257567,613.869483,618.846667,641.801633,636.887100,597.330000,576.143533,653.024617,779.523333,817.802033,807.941633,801.135000,805.790150,799.704483,779.736667,771.428517,805.751417,824.213333,760.491267,862.852417,1090.385000,1135.028750,1091.060900,1058.345000,1043.186033,1070.824967,1103.303333,1069.764350,1040.710750,1051.423333,1069.441800,1077.398417,1080.121667,1089.251400,1075.035167,1040.853333,1029.216850,1062.015383,1099.881667,1080.699867,1070.105267,1081.168333,1060.148067,1025.864867,1001.463333,995.231733,1013.107067,1016.658333,965.260583,977.868433,1045.138333,1038.973917,1027.297150,1045.295000,1052.999083,1044.356250,1026.441667,1014.661050,1039.893233,1070.283333,1040.531767,1014.727817,1020.050000,1024.307833,1036.730967,1053.531667,1058.088183,1076.673083,1093.410000,1062.594300,1030.065733,1026.608333,1040.606550,1046.632683,1054.523333,1089.883967,1092.654800,1081.836667,1110.258733,977.630950,764.128333,769.825133,805.576417,797.258333,852.816833,851.668883,787.580000,791.743100,846.952383,860.895000,768.907150,750.937783,812.830000,791.480317,784.361267,814.265000,796.146583,780.306467,785.040000,775.873417,775.677317,794.991667,803.199233,720.505517,587.575000,543.775017,590.831967,634.456667,578.938500,556.609083,601.143333,617.205667,617.621550,618.720000,615.832567,620.120217,619.693333
591.694167,576.421033,582.186667,581.326850,592.941550,611.370000,604.317650,581.639567,581.521667,629.434833,635.192217,587.585000,567.915583,593.283683,620.020000,594.683117,594.491017,630.290000,632.812683,610.088767,583.560000,568.151750,579.528933,605.908333,616.871900,617.780917,611.373333,596.430650,601.373500,616.093333,603.616917,600.821267,596.011667,561.228150,661.505333,835.446667,840.193333,802.624333,806.276667,806.534533,801.297233,798.660000,802.926483,810.156433,793.661667,755.640217,882.937550,1096.401667,1114.693267,1089.626517,1110.813333,1111.435650,1094.767967,1086.233333,1099.164133,1090.611267,1070.353333,1087.701900,1086.521867,1068.508333,1089.395900,1085.496167,1056.150000,1069.203317,1092.568433,1098.153333,1086.825933,1057.078750,1047.996667,1095.002700,1061.643150,969.023333,977.956017,1007.953200,1002.618333,995.112550,1026.854600,1061.398333,1025.565917,1010.417967,1040.991667,1050.974083,1040.698417,1033.878333,1046.443383,1043.896217,1043.695000,1086.981983,1059.167383,988.550000,1021.146817,1049.303417,1026.960000,1017.101317,1012.003500,1011.851667,1031.971167,1042.317100,1046.628333,1074.326583,1079.152233,1070.021667,1099.181167,1098.753717,1082.375000,1109.316583,985.921833,772.136667,747.895717,804.680200,821.380000,784.614167,757.655983,772.083333,805.333100,819.364533,807.393333,788.073567,746.273183,721.065000,771.942567,793.378250,761.238333,758.422300,800.484283,836.768333,799.829900,746.132750,740.640000,786.067617,737.076683,614.311667,586.221133,603.212567,598.083333,563.648150,571.574817,605.796667,582.995983,574.639417,594.630000,581.709550,562.417650,556.750000
556.837100,561.412367,566.796667,570.552383,591.074300,613.650000,601.138083,579.290117,570.786667,578.000100,598.136283,609.185000,587.445550,573.343367,585.891667,603.563317,595.191233,571.965000,575.034350,588.568933,595.441667,591.933800,575.433883,571.148333,611.001167,644.583367,635.885000,597.736300,593.496200,614.918333,598.680833,593.187083,598.996667,585.720500,694.637900,853.181667,831.984600,796.296733,817.013333,799.938617,772.986550,776.583333,816.149333,839.172733,811.233333,766.032133,869.103383,1062.900000,1115.852650,1117.937450,1126.250000,1101.871933,1084.195267,1089.320000,1092.699500,1084.401483,1072.728333,1074.518533,1084.459250,1093.556667,1095.874217,1090.107500,1086.325000,1092.393550,1069.570450,1038.885000,1059.818167,1063.625200,1042.336667,1056.198067,1065.554317,1043.676667,1007.061167,987.636333,981.040000,965.219700,1001.584433,1066.800000,1067.241617,1050.006817,1046.318333,1040.466783,1037.422183,1037.093333,1034.230717,1044.856833,1060.530000,1052.328467,1029.379767,1018.978333,1038.663817,1036.586033,1010.195000,1008.622417,1021.459667,1038.376667,1060.640317,1073.782717,1074.368333,1071.738167,1065.889033,1056.683333,1048.562267,1054.805017,1090.753333,1132.160650,1008.795600,784.318333,714.627350,744.485283,771.023333,752.106550,752.905033,793.735000,825.969117,813.035900,780.538333,789.889850,812.781650,810.185000,776.112383,782.428517,808.751667,770.829433,769.334783,818.460000,824.083250,795.048367,778.103333,793.122867,717.760650,576.815000,531.543317,558.176783,593.931667,600.448867,598.919483,599.248333,592.276467,595.413717,599.686667,577.359100,557.532233,552.971667
550.784617,558.312450,570.640000,571.858450,572.040083,572.845000,566.350533,566.090483,577.058333,590.735600,600.789200,600.491667,588.818083,590.489133,603.783333,601.350900,585.329117,575.558333,590.494367,604.443050,609.405000,622.555883,645.409033,652.610000,616.147617,586.049200,589.415000,610.215250,630.517050,629.546667,600.169300,597.511583,609.685000,589.885867,672.197867,811.638333,816.099433,799.924533,823.873333,829.671100,813.527333,785.303333,759.672067,772.917483,790.656667,764.240267,879.181717,1082.066667,1114.101217,1083.054650,1074.756667,1065.959983,1064.130967,1076.326667,1095.955767,1100.465683,1089.455000,1083.929150,1086.061700,1086.090000,1075.802933,1079.280650,1090.451667,1078.895533,1068.881467,1073.336667,1081.056633,1085.890850,1079.586667,1055.679300,1029.096050,1012.421667,1006.737767,998.597233,983.781667,975.284833,1001.447417,1039.748333,1037.412800,1036.541200,1050.255000,1050.134767,1053.249750,1053.656667,1028.583567,1024.903050,1040.803333,1030.319967,1034.252417,1057.931667,1058.222933,1031.300150,1020.466667,1070.022183,1087.053533,1068.308333,1094.539283,1089.836333,1046.615000,1036.551267,1017.293533,1016.030000,1101.815433,1123.591783,1087.853333,1120.874400,990.516133,762.870000,761.824017,792.224050,763.710000,782.397950,789.041083,773.730000,788.822183,767.369933,721.660000,742.793617,797.002433,823.008333,791.317417,776.410000,799.228333,809.574100,792.093450,775.066667,797.702950,809.656300,804.433333,809.873350,731.990883,611.835000,595.658850,591.424450,577.278333,620.114300,621.881033,587.483333,615.236683,601.762350,555.826667,595.965383,627.582250,602.601667
571.073750,567.346783,580.381667,573.560000,568.027733,570.245000,565.067833,568.005983,575.010000,570.106400,596.328667,632.423333,608.940650,579.109667,584.445000,613.973400,622.065817,606.583333,604.611800,604.179300,597.731667,593.661100,594.670367,591.063333,574.908550,585.900167,617.028333,619.423567,610.659717,602.040000,591.127867,610.906783,618.658333,558.155100,643.922617,829.851667,841.678933,803.285617,799.310000,788.041733,790.166667,802.621667,796.372783,799.699517,799.828333,775.695483,884.669533,1062.453333,1071.655600,1044.067100,1070.418333,1104.431150,1099.611800,1071.535000,1075.140900,1081.650000,1070.651667,1055.109633,1059.793383,1070.430000,1054.523567,1069.426083,1106.265000,1096.850800,1089.161217,1089.710000,1056.961917,1040.537500,1054.720000,1059.838517,1037.250150,1001.460000,985.326267,986.077717,990.201667,989.188850,1000.022333,1031.055000,1067.201567,1062.816183,1035.566667,1045.165050,1039.645083,1013.416667,1018.988783,1041.379700,1057.183333,1056.840650,1048.817783,1039.841667,1033.350317,1042.584817,1046.536667,1013.697633,1013.719900,1052.951667,1071.025667,1094.252317,1115.780000,1091.580817,1051.366967,1025.880000,1026.397350,1057.152583,1092.078333,1072.798300,933.564767,764.355000,740.112267,752.088217,742.926667,762.401117,792.933917,805.621667,785.599033,747.404033,729.945000,761.538733,764.600283,745.093333,779.714433,791.426817,758.710000,744.454583,767.490817,810.435000,836.526517,829.614967,813.215000,813.216300,735.193000,617.448333,605.767683,626.307683,620.871667,600.375583,564.172633,539.215000,563.351967,594.438833,605.400000,595.352517,529.866617,441.453333
414.310817,436.105517,460.126667,447.909767,430.048100,418.636667,402.186383,415.788467,448.606667,448.853950,432.479900,425.563333,436.360100,433.659783,423.285000,436.679733,424.221950,400.130000,427.975583,434.462250,406.795000,410.863867,443.741383,462.313333,428.973367,412.603817,434.606667,451.756883,459.635250,462.975000,465.555367,471.887967,465.860000,432.474867,440.092733,478.073333,463.603633,424.723983,401.688333,413.607917,460.621017,520.106667,557.198217,561.775283,551.388333,551.604167,536.893467,513.666667,518.404700,528.720850,521.605000,507.126833,563.392700,650.388333,647.602400,646.676267,663.245000,624.289950,618.984333,657.820000,655.263750,624.553533,609.876667,636.970017,641.577167,617.218333,619.738083,633.389867,633.385000,614.963883,611.957050,609.213333,566.435050,571.034150,611.201667,587.674783,574.579133,600.703333,617.175600,624.054267,612.835000,573.851067,575.563300,606.888333,590.753517,580.193183,589.118333,573.799833,550.650333,545.926667,569.468500,590.004517,579.585000,544.565717,568.434433,618.318333,583.956850,580.843367,630.563333,625.920150,554.373317,484.286667,496.998233,508.262950,501.195000,529.705100,500.733533,449.486667,508.491850,542.148100,515.018333,523.742033,520.404450,492.558333,488.189533,503.052150,516.521667,508.422750,472.461000,452.036667,504.511267,560.416550,566.113333,527.511400,495.677617,512.840000,577.144483,594.065083,565.681667,572.458000,535.386967,453.201667,418.655400,424.764733,435.340000,427.528067,441.183417,475.003333,479.643000,443.556583,422.171667,478.621267,486.369633,432.473333
427.691783,433.365183,424.211667,418.222417,398.426567,383.621667,414.291717,439.823300,443.233333,450.878400,437.242783,417.115000,434.992533,441.393283,425.886667,427.948350,434.576000,429.228333,415.657850,434.974083,475.630000,481.126933,462.642283,447.836667,452.920800,453.914183,442.843333,436.481317,445.700150,463.291667,469.363083,459.160567,445.593333,448.576733,460.787733,457.328333,425.130917,436.176317,476.153333,463.431250,473.217983,517.225000,528.034500,535.135050,544.838333,531.242967,531.361100,543.538333,529.430133,521.715800,527.535000,526.688917,562.288817,627.031667,656.595350,627.907033,584.195000,594.389367,611.432567,609.333333,608.590733,613.018900,622.515000,633.502883,627.137517,623.250000,657.059700,659.419217,627.655000,626.654667,621.651383,602.696667,600.537617,606.212000,612.233333,621.744583,631.778567,619.856667,572.174183,575.424167,614.036667,588.925567,573.181350,591.225000,588.099867,564.444167,550.441667,574.627450,601.341900,599.055000,570.044150,567.310633,584.653333,569.364317,566.901167,592.391667,610.701150,609.794767,618.480000,663.048033,628.906367,525.225000,481.708083,474.467833,478.601667,494.705017,473.025550,446.293333,498.513533,541.480217,549.491667,572.582917,542.170817,469.415000,453.718383,503.774783,572.381667,593.334617,554.606700,507.413333,523.963650,563.841983,575.798333,545.119517,528.895000,536.275000,527.449067,527.706967,537.670000,525.108633,493.377933,462.605000,450.320183,435.804083,429.851667,465.185783,498.543133,488.495000,436.475583,425.206383,443.056667,418.279767,486.334550,606.163333
589.533383,570.764267,606.948333,616.037633,600.621683,578.166667,560.977883,571.601533,605.740000,630.410067,618.018683,591.853333,604.858650,631.966233,632.471667,592.988067,587.625717,618.120000,614.856967,599.067033,602.966667,633.446450,648.813400,633.571667,612.997900,620.200567,634.148333,607.418133,605.604067,629.253333,613.490333,604.374683,607.891667,596.756483,677.584367,800.571667,797.236933,781.056767,803.121667,803.044400,811.781367,824.813333,803.298483,806.158367,823.566667,809.045267,931.803383,1118.231667,1108.107533,1076.846333,1107.381667,1104.240417,1077.076300,1066.348333,1094.042767,1102.532833,1091.063333,1108.593850,1099.522800,1067.230000,1075.088400,1084.393233,1071.208333,1055.037967,1062.774933,1089.890000,1099.853817,1062.592750,1022.623333,1050.920917,1040.568900,992.605000,1013.159167,1020.315167,985.521667,973.886017,1014.056650,1059.548333,1037.484533,1024.960433,1045.091667,1043.314917,1023.570267,1016.285000,1046.664200,1076.220983,1063.846667,1009.014817,1013.217900,1052.511667,1013.665917,1021.350733,1076.381667,1046.069883,1000.858517,1000.373333,1031.002800,1043.042617,1031.328333,1036.736067,1070.999483,1095.898333,1059.415467,1021.469200,1042.515000,1101.749167,980.372417,760.851667,752.837033,782.380917,766.973333,794.314517,774.954683,726.628333,764.253917,782.014200,751.868333,756.751050,784.441767,787.116667,742.903950,767.495950,838.570000,814.943900,767.753950,770.293333,819.532417,823.938567,795.878333,812.994433,723.837617,581.775000,607.605983,645.481867,612.996667,581.967467,560.500217,570.668333,631.965350,632.852600,573.433333,565.406200,588.518233,603.018333
594.692317,589.858283,595.371667,593.303500,584.328383,574.575000,567.809733,557.506450,559.035000,594.517583,617.127867,606.663333,588.945400,595.124433,606.080000,578.589100,574.150667,605.006667,619.552017,614.827200,601.716667,590.924133,588.917283,598.288333,613.157700,606.888067,590.916667,600.965283,599.221433,580.436667,582.254083,606.948217,619.085000,595.037817,662.850717,789.405000,807.856100,808.379217,819.225000,777.423233,764.154717,796.868333,809.684017,806.761500,779.810000,737.806633,869.412850,1097.425000,1133.614717,1085.868567,1066.770000,1080.697633,1091.964233,1095.756667,1110.295517,1090.054933,1050.130000,1054.853950,1060.175567,1054.230000,1066.908017,1058.079233,1048.416667,1093.834433,1082.708700,1028.461667,1058.600567,1089.794517,1075.486667,1054.039550,1038.307667,1036.606667,1047.973350,1025.760650,975.521667,957.302017,992.233183,1039.275000,1036.779400,1044.005483,1068.283333,1057.088667,1047.229617,1049.895000,1041.350767,1050.991350,1062.291667,1028.706150,1018.952200,1049.100000,1066.761550,1073.116050,1059.121667,1013.400700,1008.972467,1041.938333,1041.011333,1054.877400,1080.938333,1060.820267,1040.368550,1044.426667,1049.814917,1035.445350,1034.455000,1077.699283,986.526200,809.595000,779.592750,753.461650,701.195000,745.476767,784.900217,782.930000,798.824700,786.157883,760.571667,787.659917,779.086833,735.320000,758.990500,845.566850,900.336667,827.865033,770.906550,776.770000,769.147700,795.701100,839.830000,808.917400,697.272633,593.325000,601.945400,613.993600,591.478333,593.090983,566.958833,533.376667,574.329783,616.738433,614.086667,591.476467,592.205367,606.331667
589.681300,586.562633,599.878333,587.332817,580.679983,590.591667,592.860667,585.145183,575.203333,572.954183,579.848517,587.225000,585.759800,593.946867,607.115000,601.439367,596.113333,594.225000,581.666417,582.842050,598.626667,603.509650,600.285917,599.668333,607.798283,610.954617,597.705000,573.013550,576.072000,601.780000,605.442100,594.806017,585.545000,597.351867,683.874817,789.401667,792.940467,780.071217,799.226667,814.651983,814.380050,797.791667,777.252950,795.415867,811.195000,763.568483,862.879117,1071.376667,1121.246233,1089.347367,1078.146667,1105.167283,1107.909283,1085.856667,1096.619050,1106.518150,1088.961667,1059.075800,1072.100217,1112.076667,1105.294333,1070.635333,1052.191667,1074.721250,1083.861667,1071.601667,1076.390017,1061.024467,1038.840000,1060.229050,1047.823900,998.881667,988.508800,976.822867,961.300000,986.962333,1021.457383,1048.340000,1076.760167,1076.049567,1045.283333,1021.928783,1034.681050,1064.853333,1064.588567,1048.173350,1042.100000,1053.705117,1032.881883,1003.738333,1037.690417,1046.854333,1030.025000,1069.567250,1077.134867,1032.141667,1009.587167,1019.003700,1041.958333,1051.874800,1033.178533,1020.873333,1061.030017,1059.844800,1040.736667,1094.466933,986.782183,775.393333,769.315283,792.746083,761.870000,778.724083,819.699433,831.573333,793.012450,788.764467,822.356667,814.638883,786.458583,783.223333,822.520783,821.828183,780.056667,778.736383,803.495467,801.086667,740.849750,732.105783,799.031667,841.165600,749.302967,610.175000,617.405017,614.485550,571.313333,614.375583,637.730450,602.515000,582.224167,589.071433,607.870000,615.613750,601.747250,582.033333
579.675833,558.688467,545.360000,598.732050,606.086133,559.561667,563.674700,579.828783,576.880000,571.292433,588.377117,606.736667,582.461517,572.374783,592.418333,606.535983,634.405133,649.845000,601.429017,574.396700,587.700000,583.528050,598.323167,621.035000,595.774300,573.968750,589.251667,622.890667,630.323300,605.756667,586.387300,600.223867,621.673333,611.960083,675.619100,789.490000,814.267967,800.445750,803.410000,822.054133,809.811500,779.273333,788.145033,796.146867,776.403333,765.508267,889.560183,1076.120000,1112.076350,1098.527683,1102.513333,1088.780333,1072.534800,1071.276667,1083.194833,1077.393150,1057.198333,1056.657633,1067.605167,1079.326667,1088.296667,1086.969483,1090.875000,1118.118417,1104.365800,1054.363333,1040.033100,1043.441617,1051.936667,1067.929767,1042.798717,997.796667,1003.566550,1000.248667,979.446667,997.167900,1028.115200,1050.365000,1062.035700,1044.833433,1020.568333,1033.025067,1038.416483,1026.093333,1029.102517,1033.921250,1031.248333,1026.981867,1022.079833,1019.705000,1022.874683,1021.119317,1036.461667,1091.533783,1075.205867,1011.240000,1034.842967,1056.919583,1040.241667,1040.453517,1046.799217,1060.203333,1091.379267,1076.935217,1041.265000,1053.887867,949.909900,769.230000,740.040300,787.825217,813.868333,791.255600,761.173117,745.388333,738.334917,766.095550,808.460000,811.004333,799.708433,795.366667,791.248517,775.462767,766.798333,797.131167,825.764533,834.983333,836.793417,800.223750,774.811667,828.110433,746.793100,562.291667,536.460500,591.497950,620.406667,600.204117,602.882800,625.218333,599.833500,592.580617,626.345000,652.068417,643.517133,607.856667
574.758750,556.362867,555.920000,567.812150,569.418633,571.030000,599.214583,600.582333,578.535000,589.374250,594.793300,589.975000,607.903667,603.890233,583.276667,595.582633,590.432350,576.793333,612.384567,614.644817,580.195000,590.575150,608.288450,611.131667,613.860883,596.165650,582.391667,615.757550,604.922817,553.456667,560.141017,589.463083,603.276667,611.776550,684.086117,790.013333,820.432883,804.606633,792.921667,809.803983,834.528683,830.906667,784.793733,782.032150,807.343333,786.290417,899.792133,1105.700000,1153.527917,1110.190583,1070.100000,1066.437217,1105.074300,1129.478333,1075.017783,1062.362167,1099.111667,1079.728150,1080.946450,1108.041667,1081.589100,1056.104417,1066.163333,1087.539567,1082.099167,1062.950000,1074.807283,1075.004817,1058.923333,1060.915900,1033.170517,995.235000,1016.323350,1014.800450,978.396667,982.588100,1020.899050,1048.555000,1030.572350,1033.460350,1054.525000,1028.728650,1017.491200,1041.986667,1058.135933,1053.176150,1039.421667,1037.769617,1038.090033,1032.085000,1023.988667,1028.061783,1037.678333,1035.069483,1048.760767,1067.285000,1047.952183,1028.515933,1022.953333,1013.488083,1030.531017,1057.273333,1042.542700,1034.605483,1058.851667,1070.939350,951.177367,789.243333,806.716783,848.776700,816.168333,763.094450,746.398767,764.683333,772.898000,779.277700,782.685000,770.478050,774.814633,783.050000,758.348817,785.753383,835.903333,792.772700,769.487400,798.226667,791.496167,744.198483,713.346667,747.626767,710.774383,607.670000,585.587400,611.374667,634.016667,633.574917,599.005883,562.498333,572.696750,581.417900,576.593333,581.500133,523.074450,425.911667
402.406483,426.927783,447.686667,438.156233,432.498683,443.920000,450.903417,438.000000,411.488333,396.947683,415.871467,442.328333,430.443117,435.791500,459.821667,446.350067,427.514183,432.415000,457.694783,475.021183,470.051667,451.048500,436.411717,435.715000,444.412133,446.793283,441.531667,442.188950,452.895050,457.496667,437.849100,436.381217,455.985000,457.037483,448.984450,445.666667,451.370700,465.197750,465.266667,438.295533,478.049017,558.155000,553.468550,529.303117,533.916667,549.135967,556.789633,552.615000,543.861017,531.354167,519.875000,524.647350,577.039667,648.443333,666.810867,643.023383,629.455000,666.716967,672.772967,640.185000,638.372083,625.373033,601.068333,615.547617,637.697700,645.915000,644.857417,623.091667,592.546667,585.507600,603.938433,622.326667,612.013050,607.982350,612.778333,597.047317,595.821717,608.585000,598.359083,589.942367,599.265000,609.834283,578.821517,543.823333,585.085233,611.108367,591.240000,584.032817,586.509167,592.568333,602.467933,590.331117,570.775000,585.679900,599.240000,600.321667,611.636367,614.114533,607.025000,602.341050,550.162850,485.010000,495.168033,488.795867,456.400000,483.653667,524.748333,539.943333,530.882233,504.724700,500.951667,551.053833,537.000267,484.621667,531.149417,541.147800,492.780000,504.303983,522.032950,509.176667,493.322200,509.745917,544.661667,551.314067,551.105733,556.106667,547.689533,496.418100,467.830000,545.495283,510.171883,397.515000,456.466417,474.863067,404.405000,420.100733,461.724050,467.825000,444.474733,423.651267,411.116667,392.677133,400.216500,427.405000
432.409633,430.881950,434.225000,435.215833,429.475650,428.735000,445.239400,435.551150,410.578333,426.272717,446.606600,447.743333,442.800983,448.121617,461.276667,462.689517,442.195550,421.258333,431.827633,433.721700,418.021667,419.755250,449.847133,480.156667,467.145817,435.639717,427.345000,461.240450,471.016683,445.428333,435.476183,436.107800,438.383333,443.347350,448.168350,450.008333,446.112617,430.571667,415.873333,429.024933,476.490400,517.771667,504.405300,517.262217,550.228333,522.589817,528.355017,570.441667,552.341633,522.131450,518.625000,537.013867,583.838517,628.510000,625.328867,627.062683,642.860000,630.987333,619.545567,623.911667,631.651917,642.077183,640.448333,612.089117,608.801750,629.196667,621.887417,614.132033,622.325000,629.651217,613.530950,593.460000,610.014667,617.664633,600.358333,589.426100,598.404233,603.916667,576.921433,588.384367,622.670000,591.893950,563.354117,561.620000,550.091933,574.825733,619.611667,609.714933,571.453917,552.748333,576.227917,584.644383,567.908333,569.660617,580.276900,578.936667,559.785233,563.209200,591.230000,596.327233,535.976217,451.053333,439.115383,496.001733,545.191667,508.630500,481.735500,500.781667,509.522583,495.148167,489.993333,527.501200,518.928617,481.026667,519.170650,551.711267,542.010000,533.693417,519.381033,500.575000,498.777767,523.452350,548.871667,538.611200,538.541850,555.398333,552.179900,555.678100,574.956667,575.960817,495.233967,392.668333,401.970383,435.050933,443.290000,459.036017,455.217883,436.798333,441.987217,451.033233,448.283333,446.247350,490.414617,561.278333
588.908667,592.799017,592.658333,585.241633,568.162417,560.050000,584.754583,606.077433,601.333333,582.191600,580.874517,592.128333,582.317467,572.754317,582.626667,605.234917,598.583033,579.073333,600.404583,601.119083,577.368333,589.462400,607.484317,616.203333,627.441550,611.108817,587.136667,608.448350,619.372283,607.320000,613.915667,615.389733,601.801667,604.759050,692.715833,817.425000,844.464700,797.987667,765.566667,812.210450,828.860850,794.080000,791.959167,803.615267,793.030000,771.336333,887.301883,1079.161667,1117.863083,1081.763233,1065.891667,1090.346633,1126.781700,1130.863333,1082.823900,1073.942067,1098.536667,1068.829283,1063.215617,1100.103333,1111.641467,1096.860517,1079.598333,1080.927633,1083.725433,1076.933333,1067.468400,1070.454500,1081.620000,1077.353667,1042.710150,986.201667,943.940483,973.539900,1031.516667,1013.601650,993.876033,1013.276667,1038.353000,1054.061850,1059.010000,1059.200683,1057.171750,1047.083333,1025.810450,1028.037800,1035.753333,1003.800700,1021.093633,1067.965000,1033.992417,1011.363017,1019.393333,988.173800,986.898900,1021.741667,1025.024133,1027.874083,1030.815000,1008.235183,1048.679883,1113.240000,1071.448267,1047.325483,1099.810000,1136.614383,994.516450,773.063333,747.338983,784.620233,791.061667,801.764717,793.770817,767.553333,754.061950,749.090650,763.141667,808.188933,810.811517,777.093333,784.220750,791.784567,784.850000,798.991233,845.382100,871.656667,810.481100,758.865383,785.405000,848.022367,755.469000,576.233333,572.368783,602.686617,593.331667,611.803800,609.092100,588.625000,603.720083,579.020067,532.816667,561.790600,574.269117,544.515000
544.169900,575.447517,592.896667,554.772300,545.383267,567.738333,549.581983,565.141283,612.951667,609.855200,598.041350,604.483333,606.413867,575.822333,541.115000,561.674350,593.561050,602.395000,593.833067,588.592050,587.671667,578.041983,581.280167,591.016667,581.151900,591.417867,617.975000,615.769350,615.047000,629.601667,639.293467,632.370100,607.678333,590.342800,671.274600,800.851667,823.557950,786.524900,758.796667,766.905483,789.667833,804.286667,804.508500,808.621450,802.033333,774.538500,878.541300,1067.280000,1123.804033,1108.393883,1085.060000,1058.355467,1065.262250,1092.166667,1082.966217,1049.744367,1029.808333,1048.449017,1055.647667,1047.355000,1065.240083,1076.519567,1078.948333,1102.841117,1111.342417,1096.845000,1086.299233,1060.792817,1040.911667,1064.383417,1037.691100,972.538333,977.832200,999.035167,987.706667,961.107650,999.641867,1068.403333,1050.631267,1020.998517,1026.170000,1038.692600,1044.022733,1035.721667,1016.192717,1006.160400,1009.610000,1013.714317,1022.922450,1033.166667,1032.653667,1030.312383,1025.510000,1011.453900,1014.622733,1032.825000,1036.899533,1037.678600,1039.688333,1035.206583,1034.170700,1046.601667,1071.717733,1085.117750,1091.408333,1093.659800,960.044183,768.035000,749.482917,785.645300,793.368333,806.284067,821.491650,824.933333,805.112933,764.733750,741.750000,772.489933,765.897150,732.825000,771.278533,796.259333,784.895000,796.314350,784.230850,765.400000,804.083100,799.519883,775.793333,836.898800,753.804667,569.576667,570.927917,599.149550,579.311667,603.088600,633.337517,621.383333,566.096750,559.607783,592.300000,569.564867,553.094067,577.420000
606.733483,597.009533,564.960000,565.423217,560.093767,544.528333,556.867867,575.387200,588.150000,599.447350,579.621400,551.780000,574.678783,605.187850,611.595000,604.952633,614.871083,624.248333,594.665650,601.223333,634.888333,614.087750,614.171100,632.438333,592.173967,588.916050,631.161667,627.686850,612.082367,606.721667,598.235217,603.757233,603.383333,574.229183,652.541383,797.913333,821.685600,805.484533,800.086667,774.248900,769.381717,789.565000,797.790217,816.123283,814.245000,760.934900,877.153467,1099.196667,1127.550950,1105.576050,1115.855000,1093.683883,1083.749683,1097.271667,1096.022083,1093.969867,1096.440000,1089.264100,1070.600033,1059.450000,1077.905967,1091.829100,1086.430000,1076.322600,1060.071767,1048.616667,1057.661583,1056.919033,1049.261667,1062.610550,1048.766683,1009.511667,997.592150,992.531733,975.948333,961.912433,1005.070083,1065.803333,1046.968367,1033.724100,1060.240000,1072.948750,1059.174000,1040.248333,1045.556250,1046.998167,1028.200000,1004.076150,1007.097717,1023.495000,1009.262567,999.304233,1014.456667,1037.515750,1038.614617,1033.081667,1058.281083,1051.701717,1014.423333,1010.695850,1004.080700,999.763333,1040.702333,1054.283017,1039.145000,1048.177050,956.980950,806.986667,777.041283,757.629567,724.155000,764.956533,788.184167,777.871667,805.229533,804.248867,782.496667,814.752200,813.432350,778.931667,803.006600,826.738917,819.275000,809.310817,795.620617,780.515000,774.545633,774.925550,791.696667,817.951683,723.540017,568.566667,562.497250,628.795733,651.970000,595.485983,590.712717,628.008333,577.040317,549.443083,590.126667,624.365267,617.455433,584.213333
570.965617,595.800383,625.998333,609.919750,591.493117,591.993333,592.320567,598.686633,595.108333,559.210900,555.586133,588.403333,596.953650,590.248767,579.711667,568.971650,591.531567,628.188333,620.497867,594.267217,592.885000,631.104167,630.104550,587.635000,577.860850,582.355767,590.506667,612.584800,615.983633,598.458333,593.538917,610.386217,612.153333,572.930300,656.574633,805.898333,789.639417,749.158617,768.008333,788.443117,802.861000,810.103333,808.932633,825.847133,824.198333,768.194150,889.647283,1112.988333,1116.158217,1081.773817,1104.745000,1091.685467,1067.091467,1066.325000,1091.146583,1095.602717,1083.235000,1095.560400,1084.944517,1065.390000,1099.058633,1106.769183,1073.391667,1063.799617,1062.688050,1058.026667,1058.257283,1056.775850,1060.076667,1075.811183,1051.433433,1003.031667,999.977000,992.316083,968.295000,974.312067,1012.547583,1050.215000,1050.474283,1050.359633,1048.068333,1011.000283,1009.351833,1042.886667,1039.128483,1022.632683,1019.046667,1024.254000,1013.647950,995.245000,1002.398500,1020.614900,1039.480000,1056.181200,1036.051767,1017.076667,1070.874283,1086.084867,1033.773333,1004.691500,1047.687783,1099.091667,1054.420667,1041.661533,1093.726667,1094.725600,957.811717,765.833333,705.891383,739.480617,777.591667,767.904133,770.377400,786.038333,758.195733,744.550183,777.561667,824.951350,819.327217,791.308333,825.782533,807.717200,747.328333,773.919183,793.203217,781.456667,805.209517,784.886400,750.260000,802.181250,749.071267,606.696667,590.619017,593.956183,577.676667,611.127250,597.738283,552.835000,592.075917,617.431200,592.595000,583.440633,596.649867,611.250000
606.136067,604.507900,607.643333,595.128733,590.711000,593.715000,581.764250,586.562450,598.703333,576.530600,566.871250,579.866667,579.002467,578.142350,589.770000,609.852317,626.730867,625.455000,601.255017,593.891033,600.120000,583.212933,586.110350,604.083333,591.373533,606.613933,639.300000,618.253083,609.617450,625.768333,613.537300,611.277383,614.733333,593.713083,671.230367,806.386667,822.565800,806.924200,798.016667,754.899133,778.416800,839.733333,806.977867,794.000200,800.700000,740.229433,869.092483,1110.833333,1112.911950,1089.191150,1121.281667,1073.046633,1045.721183,1076.845000,1094.926650,1096.350833,1086.895000,1070.319150,1075.832833,1086.133333,1057.064917,1045.847333,1064.985000,1070.369767,1073.183217,1080.428333,1080.595150,1064.639283,1056.376667,1081.293667,1049.558417,982.080000,990.956933,997.710650,973.763333,973.708617,989.486133,1018.823333,1066.918833,1081.211533,1051.690000,1023.649167,1032.547850,1062.700000,1065.725817,1054.094633,1042.291667,1035.030267,1050.823250,1066.025000,1036.933050,1019.505567,1023.486667,1014.260450,1060.187367,1117.126667,1067.173200,1045.941533,1082.133333,1071.946917,1065.457267,1075.926667,1059.709250,1052.972783,1084.613333,1118.577683,984.410500,776.441667,776.049517,827.792733,829.731667,823.209850,764.516400,717.470000,802.437300,851.675600,809.778333,785.456567,799.275883,815.395000,793.404917,799.203633,817.861667,772.007400,760.130550,802.826667,814.951667,782.939733,766.198333,812.661217,723.573233,558.980000,585.443083,620.442817,572.880000,542.411133,560.684200,591.040000,575.843850,567.377667,593.763333,615.393017,537.384283,409.325000
385.734650,412.258567,432.046667,437.710900,415.790800,394.070000,415.696367,415.849417,390.630000,401.654183,420.607033,431.360000,444.915383,439.897117,424.198333,431.198550,445.359100,442.090000,417.835617,435.206967,491.461667,514.556067,484.197000,428.800000,400.576300,406.728700,426.796667,436.086033,455.132967,471.656667,448.478000,424.537167,424.391667,439.330900,462.644933,476.560000,462.661133,446.438850,435.476667,425.721133,477.781150,558.466667,562.657167,537.193250,535.115000,557.159600,532.090900,489.968333,532.638917,576.358917,557.110000,505.029933,549.016500,656.618333,667.817633,649.786067,643.496667,621.013317,616.462750,625.148333,610.674633,627.060383,663.145000,648.532950,627.452033,628.301667,633.979433,628.021567,613.353333,606.116050,600.882100,597.693333,603.959533,612.546150,618.325000,619.523500,606.092667,596.740000,620.327817,625.287600,596.606667,574.637250,590.958900,623.820000,619.019767,594.162150,575.235000,575.491633,597.299683,630.471667,650.276000,616.908433,562.526667,562.311250,564.543467,564.408333,606.760350,621.430400,602.725000,609.439933,585.199517,518.655000,469.787000,481.334167,519.380000,507.088600,480.566300,471.541667,476.812083,487.141733,494.305000,496.414233,507.223933,519.261667,511.228250,505.752283,508.955000,506.760400,514.013950,522.368333,508.424967,509.322167,528.270000,532.519767,541.211100,544.288333,511.267633,497.965100,517.895000,525.098967,495.189167,457.105000,460.646683,453.633817,437.190000,462.147467,464.766667,439.746667,441.005300,412.128650,372.941667,405.115067,423.500617,412.736667
432.809467,401.553783,359.920000,436.177583,476.127817,431.130000,407.037150,415.659717,436.763333,447.458550,441.084067,427.236667,421.062083,412.896583,421.083333,470.366067,478.424817,442.816667,443.540567,462.636983,464.561667,439.981767,448.525267,485.950000,486.274917,460.736150,442.736667,453.641350,460.789450,463.851667,485.998867,465.306117,416.841667,423.420800,445.559700,452.993333,458.182333,478.978150,488.728333,451.329617,468.220650,533.220000,537.715183,530.236150,528.470000,500.168250,496.827250,516.801667,507.212450,506.840500,512.958333,492.674967,546.265183,645.030000,651.485250,640.724683,646.996667,629.636517,628.690067,642.608333,628.341567,625.502817,635.145000,619.050633,619.056233,640.131667,640.510050,622.205967,611.875000,628.200383,609.924450,571.263333,590.582800,622.299967,631.168333,623.617700,603.861367,588.170000,598.688300,628.028833,644.898333,619.640317,592.823033,580.926667,564.851067,551.013417,564.981667,615.215717,599.435550,545.428333,576.267683,572.570150,533.401667,582.463167,623.619800,613.410000,601.570617,574.927983,566.443333,617.542667,562.627867,442.665000,466.899100,489.217900,444.266667,425.666817,470.131317,529.085000,523.208500,522.374117,532.240000,495.336300,504.478300,548.043333,520.540550,508.398850,530.663333,518.330333,515.477467,539.553333,551.280350,513.260133,481.248333,545.323833,571.760850,532.983333,530.920017,535.097383,526.308333,516.770550,463.592467,396.706667,399.537050,422.617500,418.233333,390.376117,402.592233,452.266667,471.235767,452.167300,413.040000,399.490750,521.790483,698.518333
718.926883,681.878350,673.108333,683.152650,693.088100,684.746667,656.152283,658.038833,671.080000,634.890600,650.684917,701.221667,666.547817,648.886967,669.995000,649.281883,644.078350,662.031667,647.299500,630.978633,625.601667,612.756767,613.623183,623.491667,615.621000,618.246583,631.585000,624.994450,612.459583,606.285000,605.795683,610.944367,607.116667,593.300550,674.744850,809.848333,836.477733,803.062617,775.641667,775.427767,792.092567,807.955000,812.214050,819.289850,809.133333,771.317483,884.353500,1086.828333,1122.034700,1097.254233,1094.216667,1085.698600,1086.349833,1096.366667,1094.366433,1078.733833,1078.876667,1121.079883,1121.079650,1083.048333,1093.963867,1108.921117,1101.598333,1094.945133,1097.207700,1101.973333,1096.478833,1084.021883,1068.693333,1054.711083,1058.781683,1069.723333,1053.422533,1009.579667,977.438333,1003.144600,1039.213200,1054.303333,1055.182233,1042.288283,1032.233333,1047.829917,1065.543300,1087.060000,1132.529067,1150.809967,1138.331667,1138.678633,1123.389133,1102.731667,1122.946267,1145.912367,1148.483333,1141.337783,1124.442633,1112.198333,1123.759950,1129.145433,1129.196667,1153.414200,1173.249117,1156.956667,1106.298550,1105.728150,1165.481667,1190.603033,1054.138450,843.525000,790.967317,825.314500,864.710000,895.416850,906.478050,899.733333,891.449350,902.038083,903.093333,853.790300,856.241483,906.845000,902.000900,901.856600,912.576667,879.036417,881.858867,922.563333,917.088750,894.721950,897.636667,918.175733,826.157517,688.085000,706.649967,728.525650,685.316667,659.394233,633.294517,626.960000,689.500450,733.322683,723.393333,703.652750,684.668833,679.115000
695.792783,685.482583,654.975000,659.798233,669.463933,667.513333,668.215550,664.347950,661.956667,674.229283,669.048550,654.913333,669.283633,660.346867,632.786667,642.941067,639.598967,620.760000,637.329600,646.231817,631.855000,620.119500,597.600667,580.245000,604.572467,632.051250,645.016667,656.485967,643.664967,613.713333,605.746250,627.003250,623.780000,558.541650,653.168750,843.875000,831.948717,775.995467,785.053333,807.019467,816.796500,810.375000,798.544667,799.250417,785.018333,739.941017,868.150883,1099.255000,1138.816300,1110.451333,1109.880000,1103.412150,1084.665017,1073.763333,1091.080500,1088.066533,1063.011667,1064.861917,1087.461233,1095.571667,1060.797667,1038.780150,1066.891667,1124.839950,1124.423283,1074.605000,1070.461867,1096.798917,1112.118333,1088.625000,1043.566083,1012.030000,1017.373500,1012.154033,989.401667,993.285867,1038.019850,1094.798333,1114.577450,1107.212400,1104.390000,1125.660950,1118.154967,1079.458333,1066.187000,1094.656017,1127.650000,1110.896367,1091.076600,1103.701667,1135.837717,1131.748633,1104.201667,1117.809950,1131.719500,1131.165000,1143.466083,1152.248617,1158.101667,1179.240333,1191.407750,1180.210000,1155.702433,1142.149217,1157.735000,1179.454867,1067.145900,878.670000,830.483933,866.166900,894.690000,879.600967,856.905983,848.128333,850.817900,891.651850,918.906667,853.449333,842.361317,901.546667,902.753567,892.530667,888.538333,856.246133,848.304733,878.478333,904.987833,910.494317,898.188333,873.318400,798.541250,720.133333,727.465067,711.427733,667.401667,694.276267,691.335267,664.210000,717.420150,726.562133,675.218333,673.838300,675.768750,666.935000
686.723167,695.491367,675.903333,653.404883,651.523967,657.420000,644.158117,665.922633,702.575000,676.923967,659.301200,661.640000,630.237867,629.806533,657.120000,643.176150,646.228517,665.536667,638.726117,621.565550,634.716667,638.713967,618.006950,604.996667,639.234133,629.911800,590.753333,621.880383,624.798067,588.360000,607.761800,649.348500,642.070000,574.687000,673.947383,864.483333,836.267950,777.853733,792.671667,795.833450,802.377633,814.671667,808.189583,808.420483,798.791667,758.850550,860.798600,1056.080000,1104.790083,1077.147467,1065.118333,1085.249450,1089.973750,1075.105000,1081.879900,1098.666033,1111.210000,1112.694383,1083.367500,1052.228333,1073.816183,1098.643417,1101.658333,1099.068083,1070.615150,1044.631667,1077.106000,1104.423050,1096.971667,1080.961967,1048.963250,1012.955000,1004.138317,1015.706583,1013.403333,980.264867,1030.777983,1124.625000,1101.564533,1067.820817,1078.103333,1078.757683,1064.532817,1068.081667,1115.474550,1114.622933,1082.426667,1125.545633,1158.507450,1137.646667,1108.550733,1106.812033,1129.356667,1146.072283,1158.596817,1159.840000,1137.851800,1127.777500,1138.631667,1146.907983,1151.226600,1152.558333,1152.611967,1169.605267,1206.800000,1223.295917,1088.451450,886.350000,851.473617,876.944567,878.190000,877.572533,883.679267,888.536667,877.271733,856.268317,865.430000,931.770467,925.738733,844.266667,821.188183,871.519583,917.415000,871.777683,849.739717,878.788333,876.577100,875.308383,900.468333,922.386417,845.433983,720.566667,700.457083,698.279000,663.540000,639.570983,651.707250,690.025000,716.557800,702.034300,668.188333,668.718400,690.943283,700.103333
676.604267,678.185150,710.778333,717.493617,677.920967,649.628333,708.454417,736.656817,695.626667,662.396267,662.494800,685.326667,702.026350,697.975900,661.661667,598.818683,583.163450,618.895000,639.939733,645.044833,646.215000,647.259617,636.075050,625.621667,642.453967,652.984567,641.925000,631.244833,654.319917,678.438333,643.859350,649.712383,669.703333,598.005500,659.206700,820.313333,813.544017,791.126750,812.221667,780.621483,780.559083,820.640000,818.893567,819.197133,814.785000,772.710133,876.378367,1074.201667,1113.869017,1095.150233,1094.726667,1084.284333,1072.706933,1079.375000,1106.302567,1090.605317,1051.746667,1073.451383,1104.078667,1099.725000,1070.048000,1065.466950,1081.625000,1069.731017,1060.535100,1089.170000,1147.136950,1123.964450,1059.208333,1095.862600,1096.622350,1018.671667,968.306017,980.064433,1017.750000,1020.952567,1033.594200,1065.178333,1075.804633,1072.100133,1070.615000,1086.938450,1138.863500,1165.776667,1093.409417,1097.933883,1171.636667,1134.823117,1102.984650,1123.800000,1128.393017,1154.900717,1177.031667,1119.660233,1079.088450,1097.526667,1125.109850,1135.890883,1118.871667,1087.294117,1114.519367,1168.978333,1146.597817,1129.534200,1173.955000,1222.154217,1071.872350,837.841667,846.186350,871.666200,828.101667,854.448000,872.252883,862.711667,887.673683,869.264133,829.881667,873.398167,890.001667,860.291667,876.280633,896.717933,900.368333,907.945667,890.920250,868.660000,894.434800,916.302350,910.581667,888.003750,782.306417,650.470000,637.594233,671.988400,697.245000,720.138150,718.308133,714.848333,752.244850,741.717367,680.103333,659.936200,679.909617,701.815000
691.590300,678.980633,679.868333,679.052017,658.169383,629.850000,632.212217,677.246617,718.403333,692.007767,669.046583,675.296667,670.252383,665.036000,661.508333,648.275017,651.697233,676.220000,693.619433,673.358667,628.571667,606.878250,617.324617,638.123333,636.764533,620.665433,607.135000,609.106617,623.349200,644.126667,664.347667,665.852983,638.713333,607.375300,681.457550,803.451667,801.376000,792.094733,819.838333,811.653267,810.497667,821.455000,803.301417,799.931250,797.166667,760.218017,878.731150,1091.448333,1123.532567,1074.175467,1066.075000,1117.131883,1125.276617,1088.511667,1096.163333,1089.723400,1061.090000,1069.167883,1086.846733,1089.560000,1080.396250,1072.355200,1066.608333,1057.527800,1066.876850,1088.486667,1090.845867,1081.095283,1082.941667,1107.611117,1093.534317,1033.746667,987.457417,985.588533,1017.460000,1044.145933,1050.333517,1065.193333,1121.502400,1119.695233,1064.786667,1065.027600,1090.861567,1112.970000,1134.883750,1146.416283,1127.055000,1071.353317,1056.330967,1093.395000,1116.708900,1099.584667,1092.503333,1163.142050,1188.124850,1129.733333,1077.539017,1090.422400,1144.243333,1163.587483,1162.754317,1163.715000,1166.395267,1147.747017,1145.895000,1197.936750,1085.051633,868.873333,847.139017,887.342683,882.400000,865.127083,878.641983,917.131667,931.782800,903.517350,860.430000,853.368167,868.282317,893.800000,926.477383,920.335817,888.580000,891.104633,895.710050,875.150000,840.886817,841.724867,878.463333,892.480117,820.614600,714.038333,691.766700,688.869083,685.048333,721.446933,721.970000,683.306667,679.491550,683.822883,695.461667,731.205983,676.988850,551.671667
503.287367,530.327600,561.248333,531.359933,522.194117,550.008333,546.546967,514.505733,482.968333,482.226650,515.710200,543.968333,514.312250,464.465483,433.248333,434.949133,471.658317,504.411667,482.729183,460.644000,463.990000,466.841700,456.350583,449.090000,468.139050,463.562983,438.936667,449.580000,470.273217,469.776667,446.368933,453.457883,482.626667,472.824467,452.682283,438.703333,421.376600,426.629033,443.808333,441.398483,482.975700,548.053333,548.147000,551.885717,571.590000,549.498450,531.881083,529.496667,508.469283,504.564683,522.741667,535.757983,580.176167,640.550000,655.157417,649.756433,640.735000,619.629417,605.880883,611.248333,629.720683,644.453167,640.745000,615.303683,591.548983,595.640000,630.224583,623.720050,583.061667,587.042950,614.394333,632.211667,627.560567,610.690833,622.401667,691.103517,702.198467,646.001667,630.020150,665.250200,702.366667,681.914017,641.920550,632.098333,668.584967,688.041850,665.411667,636.971283,649.628567,691.366667,704.178900,690.351983,678.655000,692.599800,694.050517,682.551667,692.898333,690.950283,690.798333,735.283967,723.450750,640.471667,581.238967,585.809533,622.456667,624.918083,614.691100,613.116667,617.405650,619.559167,620.365000,625.551917,622.205250,614.265000,620.689333,633.695767,631.340000,598.831667,577.334783,585.281667,608.364600,646.664683,662.168333,609.289233,576.935150,606.190000,650.322800,642.945083,603.793333,606.409100,583.698783,539.375000,549.197517,552.064167,514.535000,474.851933,501.189833,564.265000,564.744600,538.852450,529.595000,538.492133,517.526417,483.966667
503.929567,531.265500,531.463333,515.767017,514.534833,524.120000,512.838283,490.283983,478.523333,493.442533,519.207183,530.295000,508.454917,471.731350,453.071667,470.133650,460.305533,434.766667,462.726367,474.253800,464.373333,494.048383,489.950000,458.745000,480.892267,478.305967,445.586667,457.857183,461.468583,448.266667,464.714683,463.712133,458.296667,507.545083,521.731917,478.273333,449.287867,462.460667,483.968333,461.711933,463.776933,504.966667,531.245550,547.978383,559.891667,556.622583,534.427067,521.788333,549.580833,541.310250,498.763333,507.942517,569.026500,640.063333,669.431350,646.725783,613.746667,627.801967,643.790217,642.946667,646.697683,630.079450,611.318333,635.685783,639.211533,621.730000,641.575933,629.230850,596.861667,629.850517,652.316883,649.236667,675.110100,657.951183,610.056667,620.045667,618.677367,609.043333,660.992283,665.658867,618.201667,629.583300,674.888400,709.195000,711.411600,693.306717,674.265000,667.058150,660.302950,649.941667,648.611333,680.002450,718.378333,709.308283,691.042833,709.260000,763.468767,741.017533,666.485000,669.278833,644.706467,585.820000,598.847283,614.225800,604.113333,610.751917,608.721400,591.608333,584.866917,594.053517,623.036667,664.788867,657.733567,613.125000,603.849883,605.020983,605.738333,621.729183,620.416367,618.423333,659.941083,658.243483,621.750000,641.225733,628.236633,576.215000,577.940067,611.445233,628.801667,602.605100,569.559450,549.058333,530.280300,514.881700,511.878333,527.818800,543.645417,528.380000,476.235300,496.578300,556.661667,528.829050,578.613917,695.881667
695.639100,689.914117,710.288333,674.511150,669.080250,693.483333,655.022733,613.570783,614.031667,642.453017,667.601350,653.318333,595.384083,614.223383,681.128333,651.221283,630.141583,650.896667,637.112850,621.823783,620.545000,610.727333,603.074350,617.101667,654.656833,650.622383,606.500000,589.248167,594.240067,598.695000,592.325167,609.272067,628.600000,607.284533,670.129750,790.671667,808.371383,798.241833,806.266667,798.538633,782.114333,782.860000,814.644467,816.154467,778.270000,774.672733,916.392367,1105.291667,1116.456967,1082.481483,1084.873333,1077.620067,1074.801433,1078.816667,1074.057650,1084.140300,1100.941667,1089.244783,1072.246833,1073.813333,1093.751533,1095.245600,1078.646667,1076.640650,1068.633683,1066.588333,1102.773533,1108.787550,1073.330000,1051.497467,1033.868283,1016.940000,1017.144650,1037.280467,1041.495000,998.124867,1025.268833,1120.658333,1152.177800,1104.187700,1062.305000,1119.978600,1129.225067,1081.953333,1110.543867,1112.108917,1080.661667,1119.898733,1145.184583,1128.671667,1131.767400,1149.953650,1149.260000,1109.152783,1105.985867,1147.180000,1165.343767,1166.032700,1152.595000,1121.785233,1126.349700,1153.400000,1142.737967,1160.697750,1221.880000,1244.149550,1104.904817,888.466667,821.749750,840.183233,862.925000,872.986850,873.313150,880.658333,908.965467,924.199983,906.803333,872.152283,866.972067,897.875000,922.546717,896.507133,841.438333,830.087533,873.068800,926.641667,926.268067,878.758833,858.383333,919.362850,852.230050,683.963333,662.427600,709.897683,720.766667,675.191300,664.384100,701.560000,713.797350,704.154733,695.366667,701.070383,701.300650,687.920000
671.416150,656.410167,657.788333,687.611550,701.211733,693.955000,698.427483,681.461617,655.593333,667.076567,650.600033,615.075000,635.131817,640.829050,610.621667,601.369600,637.851950,667.075000,618.886833,621.550833,667.221667,629.919417,647.492717,709.493333,658.903800,612.260383,634.443333,665.872933,642.861200,594.086667,606.175067,631.027817,624.068333,603.908817,681.105783,807.873333,817.100917,785.095900,784.641667,808.036267,795.082050,763.723333,789.219000,815.822333,796.866667,764.040017,879.671200,1077.295000,1114.996917,1089.173417,1096.616667,1130.812150,1124.101683,1082.831667,1076.897333,1078.954217,1079.618333,1096.987200,1089.026967,1064.323333,1074.589200,1081.316400,1063.228333,1040.616900,1037.387917,1064.125000,1102.875917,1082.208967,1043.556667,1089.737383,1074.124867,998.890000,1015.900033,1031.022283,1008.910000,1012.773367,1013.003950,1033.691667,1126.482483,1149.128750,1112.165000,1158.530217,1159.735417,1085.925000,1052.214150,1076.760350,1106.245000,1080.765433,1089.920583,1131.671667,1115.570417,1111.371033,1134.606667,1128.231267,1125.189700,1125.743333,1101.506317,1128.740483,1180.933333,1153.515333,1142.368817,1168.940000,1160.495733,1168.860117,1218.871667,1248.577383,1099.139017,866.698333,825.793800,856.050017,864.716667,880.930650,903.218033,909.621667,884.057983,876.772650,891.058333,884.006633,880.867267,886.398333,883.531833,916.527833,947.790000,893.654800,869.810067,887.833333,849.849600,835.923600,873.726667,887.815317,791.782367,660.641667,662.331250,688.944333,670.403333,647.393817,666.027483,697.586667,674.190767,667.820217,707.573333,744.240550,733.182717,702.660000
715.645383,695.656050,650.271667,665.598800,667.977717,655.070000,693.083567,679.238883,629.730000,667.300883,695.550900,663.561667,625.134800,640.973583,686.758333,677.469250,628.488083,597.041667,624.809483,632.459667,610.175000,623.740700,642.466717,630.461667,588.733133,582.445317,615.771667,634.778583,657.849000,665.521667,617.271917,609.343317,635.210000,609.221467,670.130817,799.560000,824.380133,808.181300,802.078333,790.211550,784.197467,787.758333,791.180783,792.566217,775.076667,751.011233,902.807533,1121.960000,1103.054750,1075.510633,1128.685000,1122.064183,1102.197067,1092.675000,1063.519967,1058.866533,1080.806667,1082.527783,1067.347283,1057.853333,1071.947267,1085.556500,1087.448333,1088.002517,1089.856083,1079.975000,1050.054067,1060.485733,1095.006667,1073.057950,1031.128950,997.711667,972.710800,991.438583,1020.856667,993.228167,1006.236050,1056.933333,1042.058283,1025.610600,1050.565000,1090.117350,1098.816867,1091.616667,1117.888033,1111.524433,1074.226667,1079.791133,1101.834317,1110.008333,1103.110067,1106.393250,1116.930000,1113.056700,1133.677783,1171.823333,1172.198850,1133.475400,1106.716667,1142.085650,1139.402967,1100.770000,1125.160150,1142.655783,1148.001667,1182.325817,1052.545600,823.505000,782.936067,842.675317,890.706667,897.877517,873.309233,863.738333,907.199517,898.219800,848.060000,871.954550,893.219200,874.183333,862.385050,888.674500,914.435000,878.647967,881.908350,928.035000,914.274450,863.625417,843.330000,886.215150,850.587900,739.848333,696.497867,668.403317,651.638333,700.560783,712.943717,683.763333,705.958200,717.945700,694.805000,681.056000,690.655417,703.671667
692.033450,694.297133,710.725000,700.116233,676.077117,660.580000,667.951450,703.479967,719.633333,661.352183,640.388483,683.670000,703.792933,667.108383,617.316667,625.316050,624.486867,598.363333,597.004650,597.424333,596.933333,617.377400,622.800183,608.775000,606.496283,605.128167,608.813333,634.191583,645.601700,632.583333,620.823367,624.560667,614.028333,568.490700,654.361533,815.573333,820.060967,803.129400,824.176667,805.853317,802.889583,818.818333,798.374550,791.902750,795.841667,777.002867,896.731183,1093.475000,1123.975883,1102.115650,1103.848333,1089.673900,1078.239383,1084.546667,1101.636133,1113.500250,1109.983333,1092.377400,1075.901183,1073.016667,1082.412283,1074.650667,1067.065000,1098.649200,1085.745100,1041.811667,1064.817650,1081.776033,1077.636667,1103.140667,1069.837117,989.606667,976.328883,1007.274617,1033.195000,1034.138717,1066.427183,1105.290000,1067.663550,1034.488750,1059.168333,1113.518917,1125.519100,1102.838333,1110.160200,1085.545017,1044.978333,1078.262050,1130.159517,1152.803333,1149.713117,1149.557717,1163.525000,1176.020150,1159.299267,1125.588333,1118.170050,1133.186983,1146.311667,1135.707250,1122.625367,1145.223333,1216.398117,1230.044633,1191.565000,1185.548283,1059.695283,866.215000,836.963167,866.118383,871.293333,875.593900,881.239100,888.900000,898.747200,890.951400,876.253333,882.832917,869.271433,847.786667,870.726717,870.046767,855.935000,900.884167,897.168950,850.711667,877.668233,900.174700,895.903333,907.900767,825.861267,689.785000,670.051750,702.167633,725.308333,733.315367,685.340967,634.491667,683.062650,721.644850,697.826667,666.900600,668.469450,685.350000
671.221967,668.045950,700.768333,737.348050,683.963250,603.808333,652.723933,677.302883,633.085000,630.411250,646.986333,642.490000,614.885650,640.458117,678.225000,617.901467,609.748600,668.676667,659.649217,651.590117,670.865000,664.967800,648.096467,632.138333,612.461350,598.286417,597.378333,607.004117,604.316350,591.495000,593.534583,605.783083,595.205000,556.717000,666.376500,844.608333,822.702750,772.165733,799.865000,836.183950,820.863950,772.773333,768.712000,815.001183,834.025000,766.767400,873.459650,1105.100000,1136.338717,1090.169417,1084.870000,1108.307083,1113.216183,1094.366667,1087.502517,1093.929483,1096.866667,1082.646383,1083.628517,1094.683333,1080.994683,1082.352533,1088.883333,1054.268250,1056.946467,1096.311667,1088.648633,1061.165017,1056.188333,1081.691650,1067.615050,1016.961667,1000.279800,990.628717,981.348333,1003.952700,1058.338033,1098.671667,1080.021850,1103.298600,1145.850000,1092.062300,1087.305267,1141.493333,1119.236983,1109.058000,1150.080000,1181.259217,1172.478950,1129.678333,1087.125667,1081.854817,1106.143333,1118.506017,1123.399383,1146.251667,1193.463667,1166.494533,1102.655000,1138.370333,1163.665100,1139.043333,1138.338750,1154.118033,1176.770000,1186.229217,1053.066850,868.121667,870.508417,908.192483,888.841667,870.527617,871.427417,883.023333,886.494783,881.459400,867.913333,849.131333,857.059383,884.801667,889.731233,871.181150,854.340000,867.636733,893.063150,901.735000,881.052550,877.545950,897.408333,890.381183,804.792967,679.208333,623.955133,672.015400,734.511667,685.565117,650.792783,668.843333,658.070083,657.761667,700.063333,747.846883,653.778067,487.796667
477.882417,511.637050,503.748333,483.620433,478.609383,481.328333,466.442983,466.992033,492.033333,513.933583,514.839533,497.941667,480.148517,461.249100,452.281667,468.479450,480.539117,484.226667,496.070083,473.606450,438.076667,457.047867,470.828817,451.703333,434.444667,443.572183,464.236667,462.299517,468.512717,477.240000,451.576233,439.137183,453.866667,463.866950,473.981150,466.278333,418.911917,419.065450,454.616667,436.091633,465.293900,533.968333,522.424983,498.914100,502.810000,503.639650,502.304983,515.655000,551.656450,556.521150,524.103333,511.369917,570.984917,660.325000,676.433800,648.516067,626.718333,633.518833,635.104583,626.448333,632.941833,632.339000,625.126667,634.945467,638.879100,630.986667,631.101500,645.110300,651.395000,627.566683,638.339017,665.546667,628.843367,613.988133,639.505000,636.500083,624.686033,615.756667,604.640350,640.754200,697.338333,687.016650,640.383633,615.326667,643.664567,668.084867,663.200000,653.035517,643.092417,645.328333,671.652633,688.624683,687.176667,689.026250,695.493483,698.201667,689.548300,681.749917,689.940000,709.207183,667.769150,590.268333,583.018417,626.431400,665.738333,657.507467,614.165667,577.146667,583.879417,597.531300,603.906667,619.033217,616.282100,601.580000,610.935567,626.495467,628.011667,615.374567,620.619967,633.528333,613.813017,599.919783,612.810000,637.937617,668.180833,666.348333,598.023167,564.453600,592.133333,605.206233,558.282917,500.361667,522.497067,545.516100,534.085000,527.184683,512.812517,490.371667,485.694417,526.383033,560.568333,507.431233,483.163900,523.468333
548.703450,541.293667,522.570000,524.149050,531.559433,531.976667,523.552150,496.381767,476.660000,498.569483,481.074833,447.430000,496.979000,506.717683,463.768333,476.900567,477.214800,451.123333,461.251683,471.097250,470.230000,487.250333,499.447950,480.966667,434.778950,433.708900,466.648333,453.474383,440.203300,438.790000,417.089833,429.800600,472.260000,478.585033,464.905467,461.480000,477.307283,468.102433,436.948333,436.239500,472.398083,521.851667,549.116883,543.515483,525.958333,528.835300,531.054967,529.051667,539.273400,535.285317,519.505000,526.735167,561.152150,607.360000,642.085117,656.567450,648.443333,623.843133,611.495717,627.306667,656.821200,641.913417,604.626667,621.984133,630.568883,603.153333,580.304000,583.463633,603.286667,612.758467,614.835450,615.588333,616.714983,620.865917,626.920000,630.157117,628.076300,627.228333,636.223800,639.159683,637.945000,648.877317,651.049750,645.258333,651.889467,646.356083,632.016667,641.654800,667.387083,685.323333,674.755333,649.844417,645.338333,685.060433,705.470667,702.335000,722.198433,695.821283,665.308333,735.250900,707.831117,589.726667,590.479400,609.885750,589.960000,581.526417,580.348317,582.901667,595.598967,602.281150,603.485000,613.566117,613.669067,611.975000,634.496400,638.461450,614.413333,594.940683,578.521333,584.490000,634.988583,648.498967,628.433333,655.414967,676.388833,653.128333,602.334933,561.798683,557.096667,582.313417,576.770300,544.573333,543.549800,536.361650,531.698333,578.827317,608.987817,577.205000,508.079667,484.264983,511.990000,532.210917,582.970217,654.896667
684.074717,678.882200,661.076667,645.535583,640.802200,636.080000,615.070683,609.343067,630.963333,657.953250,660.127867,635.396667,614.581200,637.515917,667.651667,627.217733,584.197183,584.788333,611.446150,629.418617,632.870000,638.756783,626.750783,608.290000,619.682900,631.840950,619.403333,588.541483,586.682917,608.918333,606.274100,601.540750,597.945000,589.420233,677.317833,804.340000,800.888933,785.738267,812.521667,816.273883,813.253283,807.780000,785.092950,785.860883,788.908333,756.859383,878.242350,1089.831667,1118.825467,1084.872167,1083.826667,1089.363517,1088.545333,1093.630000,1120.705500,1121.784567,1089.268333,1065.955917,1068.650750,1082.943333,1081.799117,1083.116500,1095.051667,1106.643950,1114.815950,1104.803333,1064.434167,1045.262183,1064.693333,1084.330467,1048.183950,1003.183333,1044.587333,1042.331800,1000.428333,1052.839867,1092.827200,1083.583333,1094.532367,1093.800683,1082.558333,1099.501633,1097.134133,1073.683333,1080.773617,1111.128633,1124.486667,1087.582333,1062.330083,1069.558333,1075.876567,1090.595150,1118.093333,1144.350117,1148.227767,1134.251667,1130.208483,1146.806817,1165.823333,1160.074333,1162.155367,1178.220000,1181.715183,1181.776317,1194.578333,1202.733983,1073.910633,873.246667,820.398133,851.181833,892.038333,924.845650,900.458217,840.963333,823.915950,831.365417,852.346667,890.796500,887.101600,851.705000,857.813133,884.664533,890.456667,856.615200,840.933867,853.195000,854.317433,876.071517,924.110000,944.577567,832.856000,676.856667,680.762183,702.491800,683.443333,703.052617,707.306217,688.281667,695.956367,689.513350,672.630000,691.369217,692.211950,669.330000
675.528833,704.239400,720.251667,693.215167,663.201317,665.680000,697.563017,694.594200,660.858333,657.325167,642.384267,625.881667,661.017400,667.096167,637.376667,642.105350,630.177233,606.290000,627.262233,614.800317,586.146667,631.720850,622.323617,571.888333,623.187100,644.003417,602.540000,602.222733,604.746017,598.398333,617.368233,625.643633,610.796667,613.778650,714.501900,838.146667,820.663833,790.644617,803.935000,793.028700,786.028950,795.340000,796.603817,783.421283,756.841667,748.541583,891.822583,1098.248333,1126.037300,1102.553617,1115.035000,1123.892133,1122.479317,1107.915000,1079.980167,1071.334667,1086.563333,1099.613200,1106.898483,1101.233333,1078.171483,1079.884433,1096.473333,1078.354283,1069.942700,1081.093333,1076.091000,1071.283400,1080.635000,1094.761100,1077.822617,1050.421667,1065.449183,1057.706750,1028.908333,1048.401983,1069.883767,1069.725000,1069.075100,1058.970767,1054.140000,1080.466600,1084.938683,1078.046667,1117.716000,1121.959483,1078.673333,1063.043750,1076.301950,1100.140000,1122.375550,1153.445700,1176.793333,1157.618900,1119.121517,1107.940000,1148.591800,1148.462283,1114.750000,1141.225567,1155.718767,1146.261667,1172.286717,1170.675950,1143.838333,1145.204417,1051.610817,888.278333,825.337300,838.863400,870.560000,884.479767,870.305717,853.706667,873.447017,901.808417,897.831667,850.321533,847.672867,897.611667,917.534183,887.720417,853.108333,874.731517,890.278767,883.028333,896.710733,909.953083,904.528333,874.058283,782.074950,665.908333,617.408600,621.034400,649.425000,687.884200,709.564033,704.610000,682.452283,649.815117,634.838333,663.869817,670.562133,649.988333
660.901283,678.527967,681.601667,680.195633,705.114883,715.903333,646.241883,623.289483,647.481667,603.751850,610.524750,659.533333,621.824500,625.113867,668.181667,622.313783,620.921450,671.103333,640.606667,611.562900,627.086667,641.439633,633.577950,615.340000,612.696050,606.557617,590.940000,584.360350,603.588767,638.478333,655.761700,635.935667,595.276667,586.270083,672.796817,802.061667,842.448417,823.123633,800.555000,802.965617,803.847500,795.720000,796.726150,796.949500,771.405000,735.766083,884.194667,1115.901667,1119.138050,1086.782617,1110.403333,1089.093767,1073.990933,1091.721667,1105.367750,1086.382217,1061.465000,1083.914700,1105.448117,1092.313333,1061.786150,1069.701150,1100.551667,1088.549517,1085.401233,1092.926667,1061.688900,1054.270700,1081.721667,1085.012133,1048.070000,1002.836667,997.388150,1000.297567,994.438333,998.089733,1030.632983,1060.901667,1039.827650,1044.651000,1096.983333,1132.401867,1097.483600,1035.751667,1046.319900,1079.280950,1081.546667,1050.101433,1039.195233,1057.210000,1070.239467,1110.732450,1144.505000,1101.391717,1096.211617,1140.690000,1137.926817,1152.536050,1176.698333,1135.040717,1133.226600,1173.260000,1147.827667,1111.476983,1125.035000,1169.632883,1063.247433,862.976667,825.100583,885.794450,926.151667,890.974767,863.527967,863.310000,843.115883,875.291950,928.328333,891.038167,867.079983,884.855000,875.044983,894.874917,935.010000,916.404017,878.540583,865.675000,886.385383,911.049483,916.386667,891.314467,813.759700,718.841667,679.201433,677.884233,692.246667,710.079583,694.704333,677.696667,724.969283,745.922783,709.895000,676.689783,667.338717,667.108333
652.878183,664.524100,681.665000,641.858133,616.241233,635.233333,658.672017,664.339233,645.838333,619.503917,645.663633,684.388333,636.846150,607.988833,637.455000,657.974383,645.710617,615.095000,598.333750,594.462750,598.545000,607.290767,606.309467,595.143333,588.672800,595.752450,615.711667,637.752667,642.789233,629.815000,618.397683,628.201850,634.656667,607.029883,658.911533,776.911667,825.011117,829.502350,828.351667,826.172283,817.221800,799.231667,781.570900,794.592133,813.186667,801.657183,912.898183,1083.015000,1080.233117,1052.352100,1078.423333,1090.933700,1100.872200,1107.985000,1092.316183,1083.960300,1081.850000,1061.633950,1077.897617,1113.021667,1092.926800,1083.317400,1093.311667,1063.429917,1028.931867,1025.665000,1052.121667,1056.993133,1048.736667,1076.480250,1068.721267,1025.191667,1023.222733,1042.114317,1042.430000,1013.593400,1027.887183,1064.413333,1037.827450,1053.442533,1109.971667,1093.328983,1058.119300,1053.371667,1073.344950,1091.835783,1096.011667,1091.428050,1085.644800,1091.626667,1113.599500,1104.389083,1094.000000,1153.973883,1168.787017,1137.276667,1168.478600,1169.766950,1133.111667,1149.019133,1158.687567,1149.053333,1162.647600,1132.224167,1101.326667,1164.485733,1079.374533,878.473333,850.618650,874.327650,868.521667,878.291933,868.327617,843.091667,850.588717,867.620983,865.866667,845.078583,860.208833,895.906667,885.864400,891.252950,903.256667,849.925883,814.081183,831.716667,860.298667,889.664983,916.165000,918.053250,817.969267,675.518333,647.260433,676.395717,700.906667,711.125950,707.703817,694.145000,678.073317,678.936583,688.100000,678.716750,674.158533,686.768333
699.008000,672.935800,643.651667,681.564050,691.922717,654.458333,644.487033,653.164433,649.390000,619.812533,618.884767,651.321667,666.891750,662.523267,652.071667,648.709900,645.594950,638.370000,630.096850,623.117100,614.046667,600.221450,601.950550,605.346667,579.933800,585.214183,620.228333,625.956967,641.485467,657.640000,623.219083,609.628683,626.693333,627.350750,702.335233,822.488333,850.016017,831.578750,805.685000,769.032800,771.458450,796.801667,781.813350,789.678917,806.990000,779.764617,913.059200,1136.890000,1151.366500,1095.069833,1085.828333,1106.773900,1137.664433,1134.758333,1067.235017,1046.348717,1079.721667,1070.865067,1061.943583,1072.945000,1076.783667,1089.903600,1102.376667,1082.947483,1065.353567,1070.825000,1088.108717,1093.642233,1082.375000,1066.168283,1039.852183,1002.788333,969.357983,975.322950,1002.408333,997.912050,1006.456900,1049.931667,1100.833517,1126.577683,1130.628333,1140.090233,1131.441767,1113.405000,1120.534600,1111.978700,1083.981667,1080.212633,1106.836267,1127.696667,1102.842483,1102.328300,1130.583333,1124.574233,1123.025033,1138.331667,1137.848150,1120.829417,1115.331667,1146.473283,1150.624067,1132.426667,1150.518683,1124.432133,1111.838333,1221.203800,1093.119683,808.783333,832.119650,930.440383,927.840000,883.039283,844.466417,844.866667,893.677033,948.805017,948.241667,866.614300,845.733617,888.201667,866.110433,849.642400,864.900000,866.461233,900.792150,938.628333,894.621783,854.747067,872.588333,902.394683,815.040883,659.241667,621.684733,651.049933,668.008333,648.505750,651.908117,689.593333,710.688350,690.831200,649.963333,629.877833,612.660233,578.230000
524.788983,471.627200,457.371667,500.410900,488.851267,448.938333,510.620517,542.549800,513.511667,517.263017,483.910550,432.875000,464.042233,476.587600,447.513333,453.336433,453.556850,439.493333,449.004450,457.531817,456.221667,462.078783,467.799367,465.098333,454.873050,452.045650,454.160000,445.271233,437.866283,431.025000,416.126133,433.662983,467.100000,455.778417,439.074533,445.413333,461.521217,455.862517,429.941667,424.749150,485.937700,558.140000,537.357683,526.635133,555.866667,554.421217,551.582917,555.221667,538.460250,524.891000,513.623333,493.722217,557.347967,658.410000,645.589917,601.086700,591.646667,607.844683,637.491850,654.120000,633.865167,619.101317,626.668333,635.780917,643.660533,641.111667,621.604183,631.776033,662.848333,657.005900,635.563000,638.995000,676.523950,645.477533,588.316667,649.151717,692.732183,657.856667,619.532200,613.080917,631.520000,645.653717,659.507583,661.776667,636.298150,639.435100,656.336667,622.624517,628.746300,679.738333,681.858167,647.266450,629.810000,667.509383,683.772383,664.988333,667.221000,661.073967,662.768333,716.067950,708.781450,621.816667,554.871117,549.084950,575.451667,573.509167,571.889017,593.106667,620.866317,602.966117,556.003333,550.009483,560.074467,562.871667,568.164517,609.450900,636.115000,569.485117,568.207317,635.175000,615.381100,582.795317,586.935000,601.994900,635.273950,660.295000,631.968967,601.056967,606.211667,632.417133,600.850083,523.925000,494.714050,501.985100,512.193333,510.165450,531.322233,552.141667,516.137750,515.504183,552.695000,539.459217,531.788000,538.491667
514.663967,533.348650,566.910000,510.587683,470.042867,480.563333,478.329933,497.638117,527.363333,510.807617,492.340983,499.103333,512.066900,502.183583,473.125000,458.319983,470.097450,489.373333,486.698233,491.838800,496.251667,463.383000,454.717650,477.031667,474.319700,458.158500,446.218333,443.478550,450.386750,455.386667,444.119633,434.478500,440.358333,457.510683,459.673667,456.940000,481.455067,488.705167,460.670000,434.435617,477.960817,550.711667,542.386150,522.932467,529.141667,526.621050,514.596050,510.393333,527.003283,526.832033,506.265000,505.166233,548.323167,608.436667,630.983517,641.603050,637.433333,597.059767,614.657450,666.690000,637.684017,626.916267,650.318333,621.125583,594.260150,613.201667,657.602767,650.106717,607.626667,617.523783,620.718883,605.180000,622.590250,642.039200,654.760000,676.650733,652.098800,614.668333,651.744717,643.769233,598.215000,641.537017,663.039700,643.641667,674.648417,682.538017,667.898333,704.508550,697.074767,646.613333,652.705583,654.056633,645.916667,689.502583,719.543367,702.905000,672.380967,663.452433,673.670000,663.962333,603.648850,540.050000,555.834533,577.104133,580.711667,608.201350,600.725483,558.251667,545.747133,549.500533,557.131667,576.138567,605.760800,642.120000,667.490700,617.790567,548.913333,582.087567,581.777783,531.603333,558.039433,620.867533,660.021667,646.970750,585.612150,526.720000,535.785100,581.517150,618.915000,619.241283,576.779467,528.280000,526.873733,544.741083,552.865000,546.839850,541.792900,531.731667,499.822717,486.829050,498.216667,504.095167,532.219017,606.023333
706.992150,731.408917,679.238333,652.777717,664.126417,691.225000,704.261567,684.926883,653.395000,647.994900,639.683000,627.411667,636.860033,623.459583,610.165000,662.318633,677.873433,634.585000,611.352717,602.487467,607.061667,631.243483,606.076867,569.023333,621.316950,625.283850,564.015000,562.406450,586.687667,597.738333,597.651950,606.542017,612.831667,600.878967,674.417633,795.663333,812.547050,799.488100,812.198333,827.369067,816.692417,801.856667,827.966267,834.549867,787.640000,742.226017,881.433233,1103.950000,1111.197633,1070.610950,1077.291667,1062.525933,1068.738583,1103.865000,1116.288250,1076.903583,1035.101667,1069.147767,1088.981850,1071.230000,1078.580867,1081.277733,1060.413333,1037.800183,1054.467983,1087.546667,1073.878100,1060.251483,1072.295000,1083.868317,1061.397233,1016.528333,1000.073400,1030.513067,1052.993333,1001.064183,1012.476150,1086.160000,1081.634800,1060.124367,1067.711667,1081.705217,1076.988417,1074.700000,1112.215283,1112.191017,1077.453333,1090.059600,1112.632633,1100.946667,1055.511767,1055.224883,1113.936667,1161.888933,1136.662933,1075.675000,1079.468817,1113.573183,1126.161667,1102.864983,1105.954467,1140.981667,1157.001150,1178.271800,1213.193333,1211.555767,1042.254000,817.700000,801.889667,821.181217,804.143333,847.816333,869.804867,848.181667,850.617683,872.454717,890.125000,888.671450,885.105750,880.553333,860.840517,845.656400,853.428333,882.439600,892.553633,884.135000,889.167700,870.027467,859.853333,912.783583,825.928133,645.868333,634.313067,662.020650,665.841667,711.398533,715.698217,680.740000,692.064567,678.919667,654.775000,705.081117,711.288850,655.081667
643.987950,677.281567,697.628333,653.163783,621.552117,626.243333,619.274950,613.950983,624.056667,641.499883,635.047817,595.331667,555.593150,602.389050,670.953333,612.336117,589.250217,639.365000,640.080717,642.812800,654.430000,623.410750,621.050567,640.600000,608.253917,614.407033,642.846667,589.930717,588.935483,633.418333,587.666450,591.570283,636.513333,584.727600,646.643900,811.770000,837.876583,794.763017,775.245000,797.390317,815.275283,799.320000,765.316317,778.838633,805.976667,775.159983,895.588933,1108.536667,1124.831983,1084.418317,1090.551667,1103.913767,1106.386700,1103.076667,1108.395383,1109.384483,1099.976667,1086.854250,1072.564383,1070.235000,1089.530350,1081.875883,1045.120000,1030.743867,1058.100783,1087.525000,1063.373317,1062.463800,1084.005000,1052.309217,1032.947850,1030.956667,988.406200,978.972867,1000.496667,982.963933,1017.555917,1086.615000,1077.562417,1092.975733,1142.183333,1125.805200,1101.583600,1104.350000,1114.015417,1143.750517,1162.041667,1117.984850,1093.728917,1109.995000,1111.520667,1118.163450,1122.515000,1090.364650,1067.169017,1084.793333,1132.096583,1163.709000,1164.613333,1152.572950,1123.733667,1100.340000,1118.517217,1143.985650,1164.963333,1176.165517,1047.040233,855.135000,831.808633,869.082850,882.078333,886.066200,857.160850,817.751667,827.268467,864.069350,882.966667,861.224033,871.794867,904.456667,879.159717,861.770983,881.093333,897.901283,899.949233,887.365000,869.687017,873.608917,901.441667,910.778033,803.484300,665.086667,687.383000,706.970967,670.153333,682.124567,684.847033,665.848333,678.634717,688.067050,675.765000,661.395567,656.773417,660.666667
661.424083,649.403950,640.753333,659.342617,661.829583,646.308333,657.058400,688.303200,704.426667,679.286350,686.331233,709.591667,660.579633,615.075867,607.983333,605.682817,630.437633,654.760000,623.919867,626.829533,654.035000,609.128183,582.534933,592.338333,568.850817,569.841067,604.376667,616.507167,617.147633,620.686667,626.952900,633.283533,617.835000,581.321967,677.867300,834.480000,815.411517,787.582417,817.046667,805.356750,809.276667,822.053333,777.893633,785.147400,815.680000,755.309533,853.844700,1078.773333,1125.312933,1096.090183,1091.720000,1099.460600,1087.172683,1066.271667,1078.642017,1100.098450,1110.428333,1109.776933,1096.327000,1082.135000,1085.062617,1088.491900,1082.500000,1074.927567,1081.756233,1097.818333,1098.654233,1075.940967,1054.008333,1063.283983,1048.623367,1012.781667,1016.658550,1035.248733,1019.733333,955.051500,960.299183,1035.128333,1064.160983,1081.297767,1100.306667,1090.130483,1076.036233,1077.325000,1090.037483,1100.635383,1108.791667,1118.836233,1095.617233,1071.403333,1117.778967,1157.432983,1158.723333,1158.645617,1136.256583,1111.796667,1136.262000,1159.090050,1144.058333,1104.366883,1087.422983,1101.493333,1117.795817,1147.255833,1186.371667,1192.736450,1075.327000,902.128333,847.715733,833.800833,815.533333,830.148267,850.417233,862.005000,877.303883,894.832283,899.815000,873.552400,821.572283,799.866667,863.465267,893.040067,877.690000,914.264067,925.603783,903.240000,918.726300,912.318200,883.008333,879.351100,786.343533,662.008333,687.849183,689.930533,639.155000,678.605783,701.769583,671.836667,670.751950,713.816400,732.775000,655.227067,644.188800,702.500000
674.973117,648.448750,662.120000,662.149717,663.439633,667.040000,650.955233,630.037467,629.291667,655.815817,646.718950,612.261667,621.701350,621.272633,607.610000,634.015567,654.047133,645.285000,631.897300,624.432867,617.540000,602.033317,599.804950,609.276667,609.280767,623.320267,630.543333,587.108150,576.072533,607.958333,611.595150,606.832800,598.528333,582.770250,667.839283,800.888333,809.058367,792.793300,807.761667,808.237617,802.632283,790.866667,763.140500,760.938250,770.781667,761.281600,889.714517,1091.683333,1123.052367,1094.277717,1098.136667,1115.573600,1118.498950,1103.711667,1092.182750,1096.607017,1100.461667,1076.180283,1058.091267,1064.795000,1078.416467,1063.953633,1045.883333,1075.626817,1064.784567,1027.150000,1065.600667,1092.281250,1068.205000,1041.197100,1014.565167,990.803333,978.606400,966.711950,957.256667,976.115317,1064.738467,1147.190000,1098.858317,1075.967083,1106.715000,1076.379200,1089.032667,1128.771667,1067.480767,1030.392950,1087.916667,1174.443133,1167.557633,1087.620000,1069.867633,1087.796250,1103.980000,1114.078700,1120.840583,1120.320000,1109.689200,1121.091317,1150.176667,1156.437733,1136.612117,1110.395000,1106.782583,1137.921033,1178.351667,1164.317983,1019.829750,847.441667,844.618000,870.622600,859.995000,881.215517,893.393533,875.093333,852.254917,844.828350,843.673333,828.736600,841.998100,883.205000,903.655883,893.718233,870.308333,858.107583,849.242183,849.350000,870.120133,864.136117,859.986667,917.991500,871.662583,732.373333,684.365867,665.570517,651.398333,689.589083,713.607600,695.461667,670.353633,653.524200,658.456667,687.129583,683.474967,665.673333
699.700317,693.488767,650.810000,666.760333,661.829800,634.076667,661.766417,659.107417,634.106667,677.801750,675.591033,616.590000,608.239800,607.868400,603.558333,631.888300,645.783117,630.571667,619.282700,618.721000,613.153333,586.815900,582.963800,604.958333,613.442150,616.648433,616.981667,604.092083,589.489567,580.370000,579.510450,608.910850,626.718333,581.530033,647.482600,798.030000,824.605933,816.604833,821.275000,795.419533,806.920250,838.568333,804.696817,796.073217,802.655000,750.025717,873.872033,1100.101667,1099.920283,1070.834850,1106.535000,1099.979900,1096.787133,1113.170000,1106.846250,1083.219250,1079.898333,1120.934450,1104.816600,1051.400000,1080.645050,1105.401683,1084.105000,1066.389017,1069.518250,1079.053333,1069.337683,1059.172233,1061.300000,1066.163017,1046.548767,1013.570000,1003.855033,988.103600,970.093333,987.866717,1017.648650,1047.718333,1081.852783,1077.293217,1063.651667,1114.407900,1145.665667,1133.480000,1131.470117,1105.632817,1067.391667,1076.898467,1115.061650,1132.628333,1104.794750,1135.111900,1181.060000,1104.762617,1089.046883,1150.225000,1118.948400,1074.336050,1081.005000,1117.870833,1140.843217,1155.436667,1192.187417,1170.157867,1125.005000,1154.934117,1043.195683,836.220000,819.713583,867.985183,874.920000,859.703133,839.088967,854.521667,931.270050,931.602033,868.696667,887.267267,895.767717,864.825000,864.064700,867.481317,863.925000,870.325217,857.852917,840.396667,865.222083,896.468450,916.891667,925.514450,833.448550,688.975000,651.567717,686.992517,707.798333,663.999600,661.602633,708.810000,703.715633,653.186333,635.261667,703.532150,656.940717,527.245000
545.166233,558.032517,508.018333,495.885467,483.397683,451.948333,436.625550,458.915333,483.075000,454.557317,451.977850,486.645000,489.685433,475.659800,468.150000,470.639850,459.763700,445.320000,457.018633,448.350017,423.198333,436.157083,464.974383,464.190000,414.775850,411.122350,457.121667,466.429783,465.276500,463.043333,438.119283,428.233550,443.640000,456.246433,456.127200,444.598333,430.866967,429.826033,435.868333,435.709317,469.937567,528.465000,552.490733,545.733383,524.400000,501.819333,494.667267,508.305000,531.160850,533.446217,497.778333,449.105300,505.907517,616.785000,610.770483,604.199400,633.976667,620.078000,624.175000,651.805000,638.951200,615.152250,606.991667,610.849350,612.525533,612.778333,618.463800,594.723433,566.645000,596.547750,616.920333,606.728333,611.861350,627.174850,636.385000,625.566683,583.049850,561.415000,627.796333,658.916783,624.933333,615.009000,627.349467,635.110000,628.120933,661.062017,694.146667,636.150917,624.991883,678.330000,673.195750,638.721900,634.665000,679.716050,672.482650,634.416667,680.878400,698.565733,668.955000,682.693033,657.931667,588.911667,560.478717,538.893750,518.565000,538.306600,577.529150,587.885000,544.291917,556.557283,604.476667,566.097517,561.040883,613.933333,622.408167,603.971500,587.160000,583.001350,612.586683,641.488333,609.418150,582.740300,592.951667,607.594233,607.165850,578.253333,532.924217,569.991950,656.825000,647.872617,559.789517,484.431667,500.505383,507.967367,491.831667,526.402350,528.435317,504.005000,540.437967,536.109550,490.456667,508.359817,521.040167,493.930000
469.686167,480.600183,505.943333,500.465117,515.212233,538.343333,504.274417,478.961867,482.198333,472.825467,483.199617,502.986667,482.789317,462.731800,460.071667,449.710850,422.501950,411.596667,457.083150,479.723083,464.551667,470.531167,475.665567,468.890000,463.226633,441.348933,426.686667,466.149583,506.962550,497.851667,439.556533,427.675217,459.171667,447.886783,458.409300,481.278333,437.388617,416.592317,443.565000,456.352267,479.253250,516.986667,537.738833,534.114000,532.503333,562.192500,558.863433,518.386667,504.476300,516.041517,520.653333,497.216383,522.532683,600.266667,649.387700,643.361950,620.513333,641.463117,657.745900,646.785000,636.655683,641.824450,641.590000,610.578183,624.193983,664.376667,638.143467,623.968617,633.768333,603.252617,601.781150,632.218333,625.104750,623.354000,634.711667,616.509600,582.752283,581.376667,645.681467,678.571850,649.948333,621.291400,620.008767,637.040000,641.678600,625.348033,614.900000,646.205367,674.285683,667.221667,637.505833,637.909183,663.070000,663.314100,679.746800,701.771667,675.435483,670.123450,700.371667,702.464100,648.026900,571.100000,542.351533,566.624883,590.150000,551.814850,524.178733,539.135000,560.212250,575.501567,576.840000,563.600217,575.664017,606.475000,608.621983,596.745767,580.416667,559.135617,574.280550,617.251667,628.010283,586.295133,546.448333,584.861017,614.686500,610.733333,624.470933,605.582117,573.668333,600.908983,589.901200,538.603333,542.289800,534.086500,492.768333,478.371417,521.171217,552.978333,484.439250,490.405467,553.825000,500.028567,545.746733,691.983333
705.119900,674.350933,673.251667,676.745633,665.301300,643.553333,635.236167,651.919400,660.226667,625.011083,661.781800,721.061667,640.791433,610.571700,672.543333,674.664283,637.697767,607.986667,602.337617,601.262783,597.340000,599.628983,600.309617,606.695000,633.074850,645.020133,634.531667,624.728400,608.847783,593.736667,598.541800,606.029017,599.761667,593.445517,674.111017,793.930000,807.388533,787.180150,785.708333,786.899833,805.182500,825.050000,812.589033,810.930550,816.240000,801.092583,900.269383,1061.708333,1085.186867,1083.807617,1102.705000,1076.508217,1087.212167,1122.445000,1084.919017,1064.348367,1091.551667,1102.072050,1080.515733,1064.556667,1095.867150,1079.757883,1026.810000,1042.552817,1057.639733,1060.221667,1103.926700,1099.617067,1065.486667,1103.635200,1083.490083,1003.851667,1004.661467,1035.691033,1037.273333,1007.759283,1013.443150,1059.821667,1083.933883,1060.774183,1030.700000,1058.825567,1091.255933,1090.616667,1069.792817,1054.202883,1049.250000,1047.441617,1077.900883,1126.016667,1136.659850,1106.897800,1086.566667,1126.324017,1129.702000,1102.520000,1145.554050,1184.435767,1168.273333,1122.579767,1101.162967,1115.405000,1132.441200,1138.591967,1152.765000,1173.289283,1021.381500,797.280000,806.988350,891.510600,916.203333,896.106450,867.853517,860.385000,875.495450,856.290750,819.265000,839.181967,873.678250,884.951667,875.478650,868.378917,863.465000,846.270017,854.909233,880.841667,876.168800,874.708200,901.885000,931.108800,852.891533,701.975000,634.266050,632.828133,658.860000,684.610833,640.240717,589.156667,662.364000,694.133517,646.960000,646.482767,657.498867,660.153333
676.164683,665.012767,630.686667,626.876917,661.031883,677.605000,615.636300,589.892917,630.218333,654.034100,647.449833,631.618333,633.688767,638.787017,616.521667,561.935233,583.826450,653.358333,632.286683,604.717683,609.055000,600.705100,612.583300,630.673333,602.581833,589.415517,618.618333,651.578450,639.454200,597.020000,588.118983,609.805483,616.028333,580.401833,648.716550,799.868333,850.655283,811.132867,759.370000,764.616917,792.613200,813.066667,825.082667,824.708833,795.525000,754.391200,883.152250,1094.963333,1104.329767,1064.303483,1079.521667,1101.151617,1112.367517,1107.290000,1085.340467,1062.351483,1055.748333,1073.812000,1097.965267,1096.796667,1053.847350,1034.206150,1058.543333,1087.020450,1097.843300,1087.798333,1068.949333,1060.151567,1061.528333,1057.807117,1051.988517,1022.846667,955.076233,965.370900,1027.336667,1004.255200,1016.072717,1074.508333,1062.452833,1041.766867,1051.711667,1067.710500,1086.117100,1092.250000,1069.884883,1062.916117,1088.933333,1120.091050,1115.321133,1086.025000,1080.984367,1079.669400,1099.193333,1170.923017,1169.113500,1114.430000,1147.086083,1147.415867,1090.770000,1083.983233,1111.923283,1132.436667,1121.921817,1109.811300,1134.888333,1180.915933,1042.679983,825.013333,847.214483,870.144533,799.943333,793.804617,855.767517,900.308333,849.312350,839.394783,895.126667,902.289317,857.742467,815.611667,830.748300,852.838867,864.323333,888.217417,876.164950,845.945000,868.537433,892.067533,898.166667,902.471483,804.311783,661.378333,652.645550,692.979333,705.853333,699.723617,713.221950,724.703333,677.504367,639.641733,639.196667,651.038883,720.134583,809.125000
819.910617,810.285283,794.000000,732.457483,709.331267,730.036667,721.385600,731.635883,769.140000,783.461833,775.354883,769.445000,781.297667,753.494567,710.710000,733.709000,731.803200,706.626667,749.529000,770.017783,731.981667,696.518033,705.759250,740.413333,742.284700,720.147300,707.088333,726.920550,739.979667,723.916667,693.765700,679.573533,681.193333,684.999067,753.050450,859.260000,894.808500,852.105333,804.760000,841.223367,891.946267,881.036667,809.749883,841.328733,915.955000,841.557183,929.806550,1166.376667,1200.824900,1151.888750,1131.893333,1127.565850,1137.860233,1161.571667,1185.938283,1173.178750,1140.488333,1146.325467,1169.939100,1180.588333,1167.618267,1157.675400,1161.511667,1172.044033,1208.277567,1227.976667,1165.528867,1128.846917,1153.458333,1170.643967,1161.387433,1134.775000,1113.081283,1112.565650,1120.918333,1114.630083,1131.019467,1177.343333,1217.035700,1222.153883,1205.110000,1205.675883,1221.644800,1225.700000,1198.193883,1202.658267,1225.711667,1198.127950,1213.217617,1279.930000,1301.625200,1265.148250,1215.060000,1207.236933,1204.027417,1213.316667,1271.631833,1261.061283,1211.491667,1266.475117,1284.036433,1241.891667,1261.801717,1274.269217,1275.478333,1313.723933,1196.388317,967.788333,892.343700,922.986817,973.235000,1000.173600,971.576950,933.906667,966.839267,982.084067,963.810000,982.505800,995.106633,982.005000,974.516567,993.212183,1010.185000,979.696267,962.910967,989.066667,1020.481350,993.870200,964.753333,1027.240733,947.212600,762.775000,760.121333,802.266867,803.616667,813.050233,778.128700,736.561667,788.623117,821.373533,792.925000,775.326200,792.083017,814.165000
794.764000,770.307850,759.026667,747.377600,751.103100,762.661667,756.480267,757.741450,775.710000,792.270050,795.914533,784.855000,765.979750,749.335350,733.035000,709.394117,697.375600,706.535000,723.438767,710.918667,703.150000,764.375067,777.453917,732.526667,737.511033,758.647400,750.178333,707.580017,688.423000,710.750000,734.497600,709.590183,659.353333,669.432117,769.381133,879.301667,875.041083,831.791217,828.920000,872.740300,869.598667,825.478333,839.762600,888.104600,894.058333,834.019517,957.078433,1173.866667,1137.771517,1087.774967,1121.905000,1107.491267,1147.575400,1207.395000,1136.592917,1112.523233,1176.790000,1191.817367,1181.330750,1178.140000,1181.381483,1189.353300,1182.948333,1145.439350,1136.238933,1151.138333,1136.473567,1166.739450,1226.121667,1208.730350,1141.596283,1090.565000,1102.175117,1130.068483,1133.086667,1114.937467,1140.490900,1189.018333,1176.312917,1163.463067,1178.513333,1189.689400,1206.694033,1224.465000,1223.222933,1226.145033,1226.248333,1195.602050,1184.067017,1189.668333,1171.583750,1213.763400,1277.840000,1233.102917,1191.903483,1220.765000,1271.514917,1274.291150,1244.580000,1260.278633,1291.455317,1299.596667,1277.677867,1265.401800,1273.293333,1254.925633,1108.188933,934.423333,952.251183,989.821200,959.395000,940.011567,941.947000,969.651667,1022.016383,1025.565517,966.496667,915.372317,961.838917,1046.386667,1019.818983,981.648517,985.410000,985.400167,978.515733,978.121667,988.891633,966.426567,948.138333,995.111433,902.251417,752.915000,836.000583,855.890450,763.648333,807.398117,844.057083,797.740000,754.167583,764.813383,797.101667,777.134700,758.200783,779.978333
825.304467,837.330283,813.881667,799.094950,768.570850,738.688333,757.173567,766.348450,765.085000,799.223333,774.891167,712.450000,736.711817,791.802283,816.681667,799.584333,759.438283,727.375000,724.803800,716.456467,702.045000,715.335383,730.553200,730.640000,721.325717,703.221900,682.100000,673.701567,703.612367,726.621667,673.379283,663.637383,704.271667,701.450933,791.426133,921.408333,883.805800,837.054667,850.050000,835.487050,815.350333,817.786667,843.583433,875.849683,871.730000,830.405717,988.767083,1242.145000,1231.301083,1172.057850,1165.278333,1101.872333,1079.959567,1126.941667,1162.202167,1174.615483,1169.876667,1152.178917,1128.132683,1120.973333,1151.577833,1169.458417,1153.123333,1129.056933,1126.591767,1152.421667,1183.816000,1175.256233,1157.058333,1196.516633,1189.705467,1125.243333,1101.982333,1114.505900,1124.521667,1106.258600,1103.280867,1131.150000,1160.511200,1165.847567,1166.868333,1204.942750,1235.383783,1245.540000,1262.173033,1255.309233,1219.676667,1188.786283,1191.575200,1214.725000,1220.014633,1230.713800,1249.251667,1247.855850,1225.436383,1207.270000,1221.013050,1228.902200,1227.440000,1249.450033,1271.067817,1284.618333,1300.178933,1279.243117,1263.805000,1315.468833,1216.779100,1008.113333,961.802633,970.359117,983.483333,1056.938717,1055.966517,984.011667,979.606250,975.605567,945.976667,944.254850,963.648867,975.963333,964.008267,973.368950,1011.273333,1029.850183,982.374867,939.171667,1016.639833,1059.088233,1029.916667,1024.692317,924.258200,784.998333,805.165000,832.583667,790.303333,756.840267,768.929683,801.850000,800.610183,785.265067,780.303333,778.258267,709.014917,616.638333
617.420300,604.677617,570.015000,613.955633,654.745417,651.520000,640.037417,611.776900,589.426667,610.120817,600.722350,572.335000,605.613333,615.398917,590.305000,603.642100,604.743467,580.483333,571.302233,554.695300,538.273333,557.881900,576.806217,561.905000,518.925150,516.369150,549.608333,549.744683,542.937533,530.756667,492.730617,511.595000,561.356667,531.904733,512.258917,536.045000,543.759800,530.452217,515.633333,523.688833,559.513400,614.356667,656.898800,606.761567,520.521667,545.063000,595.823300,615.693333,627.434883,625.841350,605.968333,585.447133,634.038817,713.106667,711.286167,707.246967,728.070000,716.975483,684.088183,671.573333,709.119550,723.724467,708.895000,720.441917,699.015167,668.678333,716.193850,732.314983,695.641667,694.463067,705.168683,713.683333,734.011117,738.014067,724.171667,724.714233,754.279950,771.096667,719.687183,691.871200,719.485000,744.714317,741.806150,720.593333,716.358283,757.511767,809.765000,808.059800,803.899967,807.566667,779.106233,760.007267,773.348333,797.750467,794.563217,774.808333,780.227617,765.392883,757.396667,819.678017,791.502800,683.636667,677.805400,726.266483,744.955000,704.285550,693.286033,714.843333,688.487083,660.817167,674.101667,722.037483,754.933683,744.988333,705.238550,680.868233,681.333333,687.145250,732.822117,779.208333,744.581833,722.579200,738.230000,727.708517,723.410533,737.603333,740.126217,715.186833,704.773333,754.043467,715.400183,604.570000,595.329250,645.985050,675.500000,648.898283,643.423267,659.231667,627.697433,620.480533,645.195000,635.035183,624.563117,628.446667
627.145000,646.866817,662.796667,623.074017,614.084283,633.331667,598.540900,598.445783,620.035000,559.856717,530.342600,567.536667,593.940100,604.489417,585.496667,525.292967,527.231767,592.056667,610.627067,563.292900,507.160000,519.074950,545.595567,556.843333,572.435267,583.306733,577.301667,554.753833,545.870200,559.220000,573.669367,566.659200,542.208333,525.084733,516.713950,515.138333,522.381717,544.084033,556.495000,526.698650,504.552483,524.086667,574.221517,611.918050,610.836667,579.020783,562.855017,571.311667,572.743917,560.569850,549.060000,566.639767,638.736617,714.201667,705.859300,682.332600,688.706667,702.420117,686.806883,675.261667,727.823867,727.040133,680.746667,711.721200,726.746683,715.358333,759.422583,761.982000,724.266667,743.223633,728.426133,709.946667,804.829317,814.102367,726.773333,733.387733,759.553517,758.795000,766.931433,762.501500,753.253333,771.459150,771.821150,751.056667,752.467467,758.816317,753.301667,743.108417,763.813400,799.873333,798.374633,787.280167,774.460000,748.392750,778.098850,823.710000,776.253200,761.830000,821.063333,853.963283,786.855933,692.738333,717.186067,747.022783,714.293333,669.096550,683.636867,734.640000,731.265967,709.840300,701.036667,697.363067,693.074800,688.986667,687.729800,677.724683,673.825000,703.274500,724.708917,725.375000,728.092833,715.708083,708.461667,741.976533,727.623500,677.156667,690.795333,699.831683,707.960000,773.463450,720.832250,592.120000,614.160450,650.414667,621.876667,595.810317,615.808950,648.336667,628.176417,636.094833,665.396667,637.686633,678.265750,773.813333
778.316733,773.801100,790.833333,774.215917,765.618933,778.961667,780.078200,756.669517,736.078333,754.028367,749.624300,733.438333,768.245283,749.376367,704.683333,764.430517,775.428567,708.280000,691.141083,697.434517,691.226667,681.868183,728.679133,784.410000,739.423667,704.211167,727.635000,744.802167,711.272583,671.245000,705.448850,717.027833,682.315000,685.902983,767.926633,875.611667,907.846400,891.222367,864.255000,845.360183,855.018167,889.815000,920.468450,913.808017,859.293333,807.669700,947.634917,1186.698333,1222.712783,1171.909933,1152.210000,1165.495400,1175.881767,1159.580000,1127.984100,1146.370333,1170.913333,1103.593117,1109.513667,1204.978333,1229.779917,1182.815850,1137.945000,1166.182467,1198.527733,1189.961667,1160.497117,1151.561500,1179.025000,1214.107600,1176.138200,1100.906667,1104.892983,1114.634800,1091.986667,1083.595667,1134.386533,1196.761667,1177.574117,1161.597117,1175.635000,1167.772333,1181.670433,1209.876667,1196.815183,1196.169800,1225.463333,1242.686983,1225.847317,1178.923333,1138.751933,1185.500783,1249.485000,1189.308267,1205.840167,1297.473333,1254.837967,1191.725800,1191.803333,1221.594400,1237.483983,1240.775000,1259.774850,1250.403067,1249.843333,1314.969183,1198.423617,950.730000,896.845817,961.161433,1005.621667,976.086533,980.378633,1020.111667,990.900567,947.902933,955.411667,1013.400967,1001.901183,951.055000,1003.617733,1039.904317,1010.960000,992.586367,1004.615833,1011.956667,971.610517,962.093183,990.195000,976.313767,907.406383,833.265000,818.100083,806.957250,792.770000,816.612267,803.512800,741.700000,707.176717,750.244317,810.941667,782.795533,777.369950,798.705000
746.160100,745.486967,809.350000,819.323867,815.879883,820.618333,800.076283,745.175367,715.455000,777.044383,784.148050,745.335000,801.822917,802.417433,727.438333,719.576283,744.774517,753.950000,741.075083,744.275833,759.353333,740.775117,691.308117,661.910000,704.599017,737.116267,725.451667,712.851750,721.171750,729.986667,704.521283,693.665917,698.246667,683.348517,742.120317,853.118333,887.817450,877.596900,866.915000,866.177683,864.553433,866.826667,888.043200,901.957800,874.296667,821.068483,936.220067,1159.923333,1224.108483,1216.079467,1210.916667,1188.070700,1161.812317,1155.401667,1173.388233,1153.537767,1121.800000,1162.507950,1179.492783,1154.221667,1160.691583,1151.231167,1134.386667,1169.844767,1174.767100,1141.166667,1145.901617,1161.085417,1169.493333,1179.940233,1156.064767,1117.030000,1125.689633,1151.109917,1147.213333,1109.644250,1156.705417,1253.870000,1241.542383,1191.002333,1178.003333,1203.417267,1194.095250,1160.553333,1180.307750,1195.581233,1180.920000,1172.016383,1180.033883,1207.865000,1246.583783,1248.383550,1219.331667,1210.965683,1203.835467,1192.965000,1201.916483,1235.341983,1261.306667,1242.279950,1240.949683,1268.305000,1270.411650,1243.361850,1226.686667,1240.879083,1121.893583,931.171667,912.585983,956.662517,970.378333,967.743717,960.226617,967.243333,996.487883,975.260733,937.343333,988.302883,1019.572000,992.086667,975.716500,978.373417,991.671667,1003.880083,989.691017,966.846667,977.967250,982.625150,992.836667,1039.843250,949.224083,774.213333,765.426350,845.115717,887.555000,836.920267,766.557700,743.235000,773.111650,777.941683,753.845000,768.043367,792.606500,788.846667
753.406267,763.310900,810.033333,806.327717,772.047283,754.926667,780.384200,788.227200,775.193333,790.826933,785.751300,757.410000,752.191067,725.878200,685.038333,697.190483,772.969217,822.145000,738.351883,685.581017,705.105000,689.380083,695.611233,710.771667,658.159083,653.350850,699.690000,691.014467,722.046750,773.383333,721.467150,684.393850,700.926667,702.798067,755.225250,851.950000,898.782233,877.864900,847.346667,879.549817,885.401833,846.891667,841.359967,877.247167,894.128333,845.881083,932.070767,1114.863333,1150.392683,1160.924417,1198.806667,1184.399483,1166.632950,1172.905000,1176.536867,1158.341217,1143.878333,1174.678783,1190.610883,1185.675000,1204.247767,1177.006300,1115.520000,1110.459450,1129.524000,1140.541667,1148.887200,1179.247750,1202.898333,1158.181417,1083.726383,1054.478333,1114.304683,1146.191150,1126.115000,1141.239650,1189.255967,1223.478333,1198.804083,1157.964533,1150.631667,1189.131467,1201.219767,1181.031667,1191.835517,1223.989433,1248.068333,1242.887433,1222.678633,1212.186667,1224.330250,1220.409933,1201.000000,1206.509067,1227.796833,1240.483333,1231.433317,1238.942217,1253.593333,1229.413717,1214.881600,1244.010000,1293.242617,1271.203183,1240.185000,1320.640367,1204.962283,933.926667,886.022017,964.181783,1008.101667,966.438350,972.719067,1017.890000,968.716250,941.491833,974.213333,985.897833,989.304133,991.970000,982.379633,991.945767,1023.168333,1037.064683,992.568217,938.111667,967.610033,1002.637233,1012.925000,1026.283600,941.618183,799.555000,761.729150,776.388717,791.591667,806.064717,802.570100,797.436667,817.783183,786.886417,730.191667,756.251750,794.227550,780.961667
730.085333,740.490917,792.473333,774.035467,757.689833,781.645000,804.812600,798.210183,769.626667,755.505250,773.230117,782.751667,731.153867,717.308250,742.583333,719.630067,743.062567,789.195000,730.177217,677.639050,691.041667,719.133967,724.775933,710.638333,705.328367,701.807950,700.501667,708.757250,696.958333,680.193333,702.215417,707.903100,684.761667,685.142767,746.120733,834.201667,872.430733,873.747583,868.123333,873.562050,884.452550,879.866667,848.814633,853.210117,864.700000,821.599783,947.081250,1168.056667,1168.853500,1128.820283,1143.363333,1128.124733,1124.222850,1150.465000,1167.225167,1129.466467,1089.111667,1140.039133,1160.315750,1135.730000,1165.255950,1156.139450,1114.265000,1147.156600,1179.089450,1169.466667,1155.048150,1151.779567,1170.423333,1206.413550,1194.269200,1146.750000,1136.095433,1103.347650,1064.965000,1106.810067,1158.233450,1172.928333,1171.409267,1181.631250,1206.281667,1219.942817,1193.731617,1172.965000,1227.728967,1235.186533,1185.075000,1189.948400,1209.301817,1212.211667,1213.463850,1212.301167,1205.985000,1202.852283,1241.717500,1277.391667,1230.042550,1238.819967,1297.780000,1263.320450,1238.237150,1244.615000,1201.300650,1188.843467,1252.131667,1319.494450,1179.826917,954.356667,983.093750,1027.915833,977.126667,959.388833,965.270283,957.110000,929.680267,963.943333,1019.496667,976.516350,961.304550,994.293333,971.973583,966.471000,993.650000,991.103333,989.359617,995.858333,984.719767,984.926383,1002.433333,993.686800,874.489933,740.538333,783.977967,832.135000,799.985000,767.044783,747.719800,749.006667,779.110783,808.327900,812.928333,791.386750,767.679333,748.550000
733.771717,782.955500,833.881667,759.862200,716.455917,747.686667,741.509200,697.395583,676.173333,730.416283,759.452467,751.413333,780.378233,760.636650,707.556667,732.083900,761.056150,748.553333,725.690750,730.218667,751.365000,736.581000,667.242933,615.585000,679.917783,740.867883,745.383333,743.742750,715.746867,685.188333,705.436817,700.878450,665.363333,680.871750,768.982667,859.616667,856.028383,851.969417,885.676667,901.030617,881.817033,856.140000,867.392550,887.822183,882.831667,863.247050,966.428267,1135.253333,1160.555883,1125.083617,1098.933333,1078.738083,1115.572533,1180.571667,1179.318100,1133.881233,1110.658333,1153.502917,1165.398017,1149.863333,1192.123283,1169.126383,1098.671667,1127.472867,1146.625717,1126.228333,1151.585933,1190.028683,1208.950000,1205.938750,1175.598767,1130.486667,1101.876633,1117.278950,1146.888333,1133.620633,1133.021400,1163.056667,1180.302867,1163.184583,1141.591667,1161.830900,1159.635300,1153.045000,1220.134883,1243.556683,1197.628333,1177.540583,1194.458383,1223.921667,1233.840533,1215.828000,1212.565000,1271.988133,1288.827000,1250.165000,1243.949133,1239.614667,1235.466667,1263.233767,1253.879950,1233.010000,1291.628283,1307.748317,1272.543333,1275.629433,1142.834067,936.265000,920.565450,960.242350,953.045000,938.711383,974.388100,1027.370000,1012.269500,999.347950,997.976667,953.706633,954.068217,986.163333,955.792950,982.906917,1042.923333,990.640500,986.277550,1032.020000,971.207217,949.774150,1001.991667,1000.392450,932.014517,855.711667,835.748567,799.116433,762.995000,814.462650,827.591083,786.368333,793.523183,774.218450,735.626667,755.584033,691.822217,574.918333
587.598950,610.419350,590.390000,596.529433,609.111783,614.063333,619.530717,606.494800,586.553333,592.506200,593.159750,589.246667,610.288000,610.314150,585.676667,578.726867,570.279817,556.133333,560.364717,593.795350,613.696667,563.209267,525.004700,536.995000,560.286383,570.117217,559.633333,538.229933,526.167283,542.640000,582.326600,561.750867,500.226667,502.276133,525.710517,526.976667,508.915700,511.041150,529.856667,530.989933,560.504133,613.216667,627.981833,608.109350,587.755000,594.848117,579.843800,546.460000,554.066800,592.492800,610.368333,574.944333,611.942550,703.510000,703.189117,680.485050,683.550000,693.377583,728.855633,753.005000,705.305250,689.768483,714.288333,687.193933,667.429533,683.886667,701.897633,709.932833,714.021667,724.462583,725.736433,722.158333,734.091867,741.065483,725.978333,697.636300,709.163983,737.496667,710.956167,707.499617,743.870000,754.803033,745.340333,739.510000,752.630417,764.291117,753.628333,723.900417,736.801583,774.738333,766.180417,792.373383,821.570000,741.007667,713.575950,764.435000,760.790550,767.488967,814.568333,840.503283,769.431033,656.763333,641.162000,661.494350,669.783333,681.225783,704.224500,717.770000,692.067883,668.647167,671.823333,689.398250,705.219417,719.273333,737.081383,722.241500,693.521667,711.472600,740.967367,734.315000,678.198033,645.506900,662.978333,697.499633,745.264633,774.410000,745.112800,726.635517,734.436667,714.725400,663.908933,621.565000,630.992083,634.509483,618.045000,623.625533,640.885800,644.045000,619.880283,609.517267,619.633333,623.071217,646.616100,664.425000
621.623367,608.760150,639.326667,638.012983,628.748383,612.861667,570.669450,586.876617,631.273333,590.619367,578.897983,612.806667,593.527583,579.472967,595.063333,596.792167,571.216800,552.680000,584.550833,592.431733,560.973333,544.241833,520.941900,510.690000,556.892083,561.199633,525.773333,544.935517,540.054233,498.315000,496.267317,525.429267,548.978333,540.322333,534.923950,530.633333,498.085600,506.790683,537.180000,508.301583,542.431650,614.486667,572.127717,545.063567,584.975000,610.635267,612.290167,603.751667,603.778383,632.124183,649.026667,599.224850,598.260333,666.591667,708.855950,720.430967,726.950000,745.824450,739.792567,712.706667,706.829483,700.479350,696.545000,724.581183,756.867267,766.778333,749.415717,722.990550,703.850000,696.101917,685.826867,678.828333,693.405000,703.170817,714.098333,750.093083,737.010150,698.513333,733.655217,756.623667,743.028333,755.417167,769.305267,763.730000,746.425133,733.692833,736.751667,756.237767,778.221400,785.781667,771.259667,761.008383,773.050000,798.354517,790.035500,761.148333,770.238650,782.605133,777.590000,760.939050,696.411067,647.478333,715.474900,721.521950,662.456667,706.207233,724.587933,682.421667,680.799350,688.997267,689.663333,702.854567,707.003817,703.775000,716.059733,716.713833,704.846667,707.565333,708.658617,708.913333,725.168350,726.990483,707.091667,692.013200,700.986250,716.143333,702.782200,696.712450,713.471667,731.155417,731.440200,702.221667,649.847000,631.284650,634.836667,602.219983,608.432767,638.695000,605.250033,617.040450,666.105000,639.680317,667.626317,761.811667
793.046550,788.328100,780.928333,770.439267,760.684250,755.346667,756.381933,764.089300,754.183333,708.720367,725.042483,774.128333,729.926650,694.975567,714.776667,729.069867,719.023183,698.056667,694.055600,709.698400,727.888333,726.576150,716.727367,714.018333,719.389217,692.867950,658.888333,684.897000,714.026633,703.200000,665.233050,650.684017,649.033333,624.468950,710.508967,866.625000,898.158217,860.512400,828.288333,827.969150,873.369483,906.991667,849.580083,804.462833,808.206667,823.780250,962.557200,1150.178333,1172.768333,1148.913700,1151.201667,1140.598317,1154.537167,1174.653333,1141.924200,1135.255150,1157.731667,1136.299667,1134.133500,1163.735000,1167.028583,1148.075683,1142.041667,1174.517967,1178.359200,1155.436667,1171.460683,1180.578817,1165.535000,1159.359433,1165.381733,1159.816667,1115.651633,1068.339483,1049.671667,1070.909417,1136.438950,1187.653333,1154.291750,1158.136383,1203.671667,1176.732733,1149.374633,1171.066667,1212.207550,1214.081167,1186.728333,1192.379733,1203.128767,1216.085000,1252.045917,1237.713583,1181.818333,1177.266500,1227.314433,1265.708333,1225.158233,1212.602750,1257.221667,1280.989933,1265.314783,1229.835000,1211.350317,1226.487533,1271.186667,1297.055467,1152.267350,938.878333,934.083383,1002.521983,1020.383333,991.039317,955.294350,956.218333,1006.792533,1026.448467,993.433333,965.340283,985.301917,1017.153333,984.896233,950.061633,958.055000,994.746333,1014.843650,1003.631667,983.201883,971.258700,974.858333,975.139300,892.822567,786.250000,793.917967,773.854683,726.461667,790.132383,807.369733,744.806667,734.095867,765.751650,806.626667,833.525583,810.707850,766.243333
767.481500,773.080250,772.595000,794.448850,790.674733,770.235000,784.287350,752.564683,708.675000,766.481400,778.772000,717.983333,707.426550,727.921050,726.373333,683.979817,698.050783,758.248333,757.381700,744.897183,754.193333,761.088033,739.636417,703.336667,691.262550,688.710883,689.013333,697.595517,683.354533,668.090000,704.173000,720.167017,681.445000,644.199000,743.759783,898.913333,883.023217,824.826217,825.140000,857.939417,869.728583,858.241667,865.502400,883.249833,883.230000,867.212000,973.915067,1141.285000,1150.319600,1091.542917,1066.636667,1094.430317,1138.488033,1170.106667,1184.552183,1189.383433,1185.631667,1169.973567,1158.769217,1164.578333,1186.620083,1205.826050,1193.595000,1142.653167,1145.593833,1190.950000,1176.844433,1153.861900,1161.445000,1179.066233,1152.484483,1098.346667,1087.156633,1090.831367,1079.066667,1060.782050,1103.536267,1173.448333,1168.698267,1174.317083,1214.863333,1224.898583,1212.817583,1206.395000,1220.256367,1219.445333,1200.615000,1198.172600,1220.660717,1249.808333,1253.812117,1227.869633,1212.241667,1254.213117,1280.314133,1266.720000,1255.592400,1234.338833,1228.343333,1276.959350,1272.296083,1229.815000,1267.066667,1274.110400,1244.245000,1267.837800,1186.855417,1025.988333,983.213100,968.626633,940.208333,957.925517,999.246933,1015.106667,977.221617,955.702700,977.280000,1004.834683,1018.331783,1010.976667,989.988467,984.155583,991.191667,985.091550,988.990500,1004.790000,1007.128567,997.589967,992.193333,990.807250,906.075883,780.796667,761.187633,799.943133,821.391667,794.901150,780.223033,790.528333,783.704150,771.342367,758.488333,739.723483,748.744883,784.893333
802.999200,761.855067,725.296667,793.264250,804.725200,734.043333,719.062600,744.675700,760.753333,742.170700,739.352167,759.300000,763.508883,777.663450,780.980000,724.773383,697.185550,721.913333,741.386167,767.838517,774.930000,717.190583,695.152417,711.098333,673.935183,656.980850,694.350000,729.712867,678.786833,602.486667,647.556200,702.977167,684.186667,631.337317,703.554167,869.020000,926.703117,879.109717,821.243333,842.232283,856.080850,850.243333,891.788600,899.603583,845.410000,815.804383,978.279167,1203.091667,1174.644750,1091.554217,1097.960000,1144.722883,1158.517300,1128.088333,1105.578850,1129.551650,1168.470000,1152.846183,1124.301083,1130.180000,1172.894583,1171.089817,1133.198333,1146.044833,1169.724117,1168.255000,1147.979683,1136.716617,1155.066667,1188.714117,1139.632917,1053.441667,1074.965383,1094.182250,1073.881667,1091.963500,1133.996567,1173.393333,1195.312417,1184.013467,1166.683333,1193.424333,1233.425067,1248.346667,1225.546700,1201.184283,1194.408333,1199.157967,1223.207533,1241.956667,1219.144100,1213.134167,1230.301667,1222.801300,1227.912717,1255.726667,1265.639067,1215.786267,1162.283333,1203.183517,1219.732433,1184.556667,1191.385950,1231.922383,1275.038333,1278.602083,1148.015900,973.571667,960.579750,987.765850,976.406667,967.900950,977.778350,994.081667,993.172633,983.298950,982.876667,997.301567,975.639550,936.481667,950.009383,961.178217,949.365000,949.544117,953.208317,956.528333,969.620750,993.096983,1021.236667,1027.976050,928.203167,786.320000,760.255333,732.691083,688.233333,736.965600,802.814317,808.951667,754.760833,747.562883,780.500000,751.668883,737.233417,761.400000
763.440333,736.394283,720.313333,754.068733,747.408633,704.106667,716.162850,725.530800,719.470000,747.304883,771.749567,777.705000,786.681800,787.878217,768.943333,733.452683,717.788333,702.385000,642.049767,639.700367,707.085000,743.703683,718.932417,695.271667,753.583450,759.193767,704.128333,711.062633,704.897217,677.945000,706.192367,727.118450,692.253333,641.546550,755.472600,948.393333,939.190800,862.102717,833.305000,840.793517,860.466250,862.071667,835.130000,860.414250,908.731667,887.395200,969.114967,1122.798333,1132.896650,1125.602450,1158.970000,1155.797917,1124.711167,1111.528333,1145.181967,1136.880917,1102.171667,1143.427083,1177.937983,1150.388333,1096.358950,1109.068250,1172.283333,1181.864300,1172.450517,1175.303333,1179.260433,1162.845400,1140.685000,1148.056117,1151.681550,1142.563333,1137.380650,1092.434517,1045.513333,1089.944750,1155.258083,1179.281667,1167.050633,1186.212867,1206.803333,1148.420050,1168.932783,1240.556667,1183.147900,1180.589767,1228.803333,1149.238617,1176.746333,1301.706667,1271.572133,1255.555333,1300.268333,1272.210083,1241.504617,1251.875000,1272.245600,1290.745917,1277.928333,1214.580433,1209.182667,1259.725000,1259.073133,1249.017550,1281.586667,1329.814150,1180.669333,931.410000,917.324633,1003.753633,1023.181667,947.696483,943.752833,1001.331667,958.260750,933.324950,963.320000,960.795833,958.558017,986.478333,1029.750267,1035.730250,990.158333,929.837550,903.979033,918.921667,940.201517,952.551617,959.603333,964.169817,914.941167,827.653333,786.994033,826.026850,861.043333,779.006050,751.704200,800.923333,779.882617,753.642700,768.478333,791.712550,775.216400,749.628333
784.590367,784.239850,741.055000,749.134050,786.653483,802.805000,771.752400,757.992717,761.440000,729.372000,740.844817,765.968333,697.488400,681.350017,729.555000,708.840817,695.206133,706.938333,681.747933,680.465650,718.195000,741.749200,736.712133,721.290000,721.567567,708.962850,689.226667,704.352383,746.689883,758.221667,687.140617,650.025350,665.805000,661.638200,749.716950,896.343333,924.132733,857.022750,801.325000,845.466317,890.570250,879.235000,848.339483,853.360517,862.265000,823.389017,954.744233,1166.426667,1133.589567,1085.458300,1132.210000,1154.355133,1159.618100,1169.328333,1179.527850,1170.624717,1147.071667,1132.737167,1119.512617,1119.340000,1153.574350,1169.884250,1144.056667,1102.802750,1087.639050,1109.475000,1142.610300,1152.602600,1160.568333,1203.053517,1157.478567,1057.580000,1069.907800,1108.728433,1099.853333,1064.877283,1095.762017,1172.555000,1184.880183,1173.729383,1183.241667,1208.284950,1195.237200,1173.391667,1221.214333,1240.718683,1212.080000,1210.436367,1200.147900,1176.361667,1180.887467,1203.256850,1228.771667,1243.238167,1201.348367,1160.431667,1228.731833,1282.127983,1275.033333,1277.876417,1275.248067,1261.981667,1253.932767,1221.891900,1209.481667,1268.386100,1160.723700,940.250000,913.688983,947.068833,957.328333,991.366233,962.616467,910.306667,965.560433,990.855617,954.163333,959.160783,958.524783,953.303333,997.469000,1009.541067,986.970000,1004.094733,992.916000,965.878333,1003.766183,998.991133,963.508333,999.037567,908.704017,738.758333,750.693083,795.979767,790.441667,799.934167,810.117567,810.975000,808.468417,771.960950,762.875000,854.164950,776.453167,572.456667
563.689867,599.823100,593.328333,612.497200,611.922083,597.680000,625.131600,623.168583,583.076667,570.729583,571.629767,571.155000,577.152000,601.193167,607.656667,553.486633,550.227750,583.835000,535.627367,520.643200,559.423333,551.572867,530.030667,520.106667,514.578067,543.359500,569.165000,520.379683,491.092783,508.570000,509.633200,505.189283,514.021667,535.551833,540.744850,530.365000,530.761283,524.091367,494.765000,459.744967,505.307267,596.520000,606.249400,589.652250,593.370000,609.140700,630.817950,637.346667,609.686050,598.113100,603.653333,589.015417,625.634950,698.316667,712.078250,708.863267,718.075000,719.839033,692.041933,675.098333,724.214017,711.888000,654.643333,694.015600,716.423033,687.686667,692.123050,707.478000,695.636667,654.803817,673.573967,740.713333,751.541933,717.335450,692.925000,716.885717,714.510767,688.008333,711.218583,726.451467,720.806667,738.331267,738.469700,725.283333,749.151883,779.826033,780.556667,748.145217,751.658433,778.473333,752.815000,740.963133,760.956667,768.325783,803.842383,836.818333,784.833867,730.506150,733.958333,769.094283,731.073367,655.361667,674.931200,682.028517,651.996667,673.225100,707.571950,715.413333,696.364667,678.920900,673.425000,667.991900,662.353033,669.351667,703.112150,742.357850,738.775000,665.590383,647.725667,694.025000,696.599783,694.785450,706.250000,697.748350,674.126200,674.781667,726.877467,718.533733,670.586667,704.876600,685.350217,615.923333,643.298150,665.513700,637.543333,624.651700,646.015683,667.341667,639.748617,616.319133,627.260000,646.120217,619.058167,576.655000
598.949850,606.055300,594.891667,632.798233,605.947283,542.820000,592.553217,636.729283,610.878333,570.477300,556.870517,554.856667,531.019317,577.977300,644.078333,583.136600,565.780000,606.188333,552.166817,529.336500,575.151667,587.425850,548.510850,513.136667,548.931250,580.290000,565.940000,536.718900,527.736683,541.725000,554.983267,567.633033,560.461667,507.924417,460.521767,460.268333,501.107100,501.433933,488.995000,561.235917,590.205600,561.568333,585.631233,590.298800,558.535000,558.650650,589.465767,615.265000,603.223850,594.198383,601.538333,606.366950,642.464067,692.496667,698.406400,696.984250,717.965000,743.727067,698.964600,626.693333,652.854183,707.681917,720.625000,690.390433,690.153367,715.953333,699.114867,690.654967,720.715000,758.432583,741.270233,712.191667,760.746683,723.174633,638.366667,711.781233,755.997583,703.795000,678.521133,681.601083,709.508333,765.572867,773.297167,740.405000,751.478283,781.094850,786.661667,756.243417,751.148467,771.853333,764.168200,768.411517,783.591667,763.622333,743.749950,745.928333,759.226633,778.098600,787.980000,769.439333,727.166550,686.206667,678.171467,703.106700,730.115000,721.274567,701.541633,698.053333,710.342317,686.697317,654.046667,690.513983,717.176667,691.488333,655.404683,678.046333,737.135000,741.669133,714.975117,706.161667,735.647550,729.125033,692.280000,702.252317,710.593517,707.458333,729.695233,720.683733,697.765000,731.733350,720.465000,647.475000,605.862967,606.447617,619.103333,609.042517,597.383583,591.436667,582.165350,604.408033,642.611667,653.786750,724.670433,811.343333
772.434717,726.470450,736.776667,753.687283,763.768683,770.985000,774.732817,732.226650,682.998333,716.660500,754.421767,743.338333,706.540333,693.881883,722.640000,764.361617,764.617833,729.895000,713.592383,691.340100,676.003333,710.777650,732.949550,707.828333,666.996683,682.224950,735.048333,732.942883,686.601983,650.653333,669.938333,683.797133,645.551667,586.368467,674.685567,841.416667,846.586950,843.731167,893.846667,896.024933,875.710017,855.391667,832.654417,847.963117,857.533333,801.379183,919.679833,1152.893333,1178.285450,1118.828983,1104.635000,1138.871967,1153.673967,1134.296667,1124.415817,1123.141633,1129.251667,1143.988350,1134.644200,1116.528333,1137.539833,1151.722733,1141.590000,1136.131150,1140.045300,1151.908333,1169.480433,1185.644717,1203.293333,1215.513533,1138.122183,1024.141667,1029.461350,1096.006250,1136.756667,1121.933267,1140.203233,1185.710000,1165.689600,1133.908233,1154.210000,1225.785733,1210.389217,1152.155000,1221.617200,1239.486933,1171.235000,1170.319183,1204.798650,1217.211667,1195.169200,1208.493350,1246.001667,1227.429083,1200.120233,1215.763333,1268.188083,1241.975667,1165.280000,1184.173717,1236.530250,1261.011667,1252.311000,1213.410083,1217.393333,1316.034967,1219.818817,973.501667,922.640650,941.021483,926.056667,914.207900,913.680983,930.901667,967.619217,981.297417,963.346667,945.427650,939.791050,952.520000,979.377150,980.974217,974.048333,1009.522583,1018.708633,976.493333,935.755117,960.377417,1020.708333,1012.035767,913.941517,788.400000,733.516333,750.001567,794.518333,813.412317,789.785817,758.760000,769.086900,758.118017,738.585000,783.213883,795.388467,759.570000
756.572267,756.375033,744.621667,742.046417,732.553350,730.590000,767.687400,784.858683,748.256667,688.955133,699.585750,767.510000,788.031017,768.459150,739.080000,719.597533,712.506683,709.946667,701.917350,694.772167,708.530000,745.421617,706.120733,639.491667,690.673033,704.804517,669.453333,718.412133,703.129633,631.781667,672.180250,716.641017,696.471667,670.265150,754.905683,869.335000,825.124217,836.239217,916.278333,865.507283,835.547700,876.576667,874.014517,825.683550,781.540000,814.242567,990.668200,1172.978333,1140.948367,1142.704017,1222.130000,1179.617133,1129.689133,1129.495000,1122.579700,1151.449717,1183.053333,1133.038650,1112.519000,1131.113333,1097.933000,1118.496533,1178.888333,1154.680200,1153.352683,1186.546667,1157.354967,1152.145867,1184.681667,1171.755567,1123.405233,1087.451667,1100.008800,1101.125683,1083.393333,1098.605683,1128.876633,1145.323333,1141.901050,1170.695950,1203.683333,1159.984483,1122.006250,1133.188333,1158.696767,1174.276383,1167.466667,1146.593833,1166.661633,1216.376667,1227.885350,1217.324183,1193.751667,1154.897967,1164.804583,1211.121667,1210.587000,1170.665800,1150.485000,1200.536400,1229.474700,1213.066667,1215.745017,1244.744400,1283.960000,1294.843533,1187.450117,1012.385000,926.345217,899.447150,905.853333,954.174817,984.070817,980.146667,978.233550,968.911067,950.865000,942.632267,959.780483,972.798333,938.026333,928.404150,972.093333,1016.709267,990.782817,942.861667,987.269267,1011.888033,990.788333,994.132667,908.002033,757.236667,705.530850,727.392800,767.383333,792.619900,784.393950,762.261667,763.466367,758.489067,751.381667,776.976783,792.787567,785.118333
781.605067,781.023800,786.315000,803.624600,805.976967,796.975000,796.643733,740.634883,677.251667,728.361367,778.006817,754.230000,700.562383,697.789600,721.443333,680.179383,664.334300,709.128333,754.822983,769.958667,753.626667,727.167517,711.047350,715.685000,732.643450,719.085867,684.913333,681.723167,684.423517,681.201667,687.346033,693.733100,677.515000,643.444883,726.422250,882.681667,914.958717,857.487883,813.118333,850.547983,872.678867,842.848333,825.046200,872.446250,908.846667,833.166033,928.346350,1150.158333,1154.938983,1092.958600,1093.413333,1130.934100,1160.181817,1164.291667,1157.499033,1150.920767,1149.733333,1151.805033,1145.969950,1140.561667,1150.414750,1132.940783,1108.168333,1140.238867,1163.853133,1147.666667,1127.970833,1141.061650,1179.620000,1197.164700,1164.834717,1121.336667,1128.339917,1095.238483,1043.698333,1096.424750,1178.122750,1206.966667,1168.270767,1135.580417,1162.781667,1234.430317,1229.460533,1155.371667,1136.814217,1150.525900,1169.888333,1198.241367,1217.617133,1207.520000,1172.889683,1201.780400,1269.271667,1262.969000,1251.217667,1252.610000,1221.453050,1235.042050,1277.348333,1247.400583,1203.333717,1207.010000,1257.002183,1254.526700,1215.756667,1228.842117,1126.395333,950.736667,933.361933,966.831617,965.993333,954.130550,947.337967,941.523333,929.346000,955.764333,1000.976667,997.294733,994.721350,1008.540000,998.730133,965.140583,943.053333,966.053633,966.075500,943.596667,962.742883,968.899650,958.221667,972.225667,914.441400,801.426667,762.315417,782.568583,803.351667,782.667917,770.354750,782.368333,788.307300,798.442817,798.508333,761.468300,747.147417,760.391667
749.382283,742.458817,754.478333,763.875550,743.663633,729.368333,776.312817,772.163850,723.853333,746.540683,746.591650,708.438333,715.306517,720.402500,710.761667,722.191083,717.338550,705.661667,731.795600,722.414450,681.056667,688.583917,708.320650,706.751667,691.922867,700.587100,715.961667,689.781600,685.031850,697.893333,668.440867,686.330133,717.838333,650.747850,693.308233,843.645000,880.362383,868.110517,856.495000,824.656333,825.861367,862.981667,881.107900,873.449350,836.660000,802.873283,967.553617,1203.106667,1170.047300,1124.004900,1170.831667,1162.195450,1140.830567,1145.515000,1157.612233,1150.536683,1130.860000,1130.688300,1145.956117,1159.746667,1160.946150,1173.483133,1187.198333,1165.976050,1140.938050,1149.543333,1196.088900,1200.345583,1159.995000,1146.944800,1135.887600,1111.813333,1092.806683,1086.685583,1100.741667,1135.543167,1156.415233,1151.256667,1148.710233,1208.815700,1264.116667,1185.754550,1131.188500,1147.233333,1139.378517,1177.050300,1245.476667,1244.526650,1237.081050,1229.035000,1169.344733,1169.024950,1227.548333,1230.627567,1218.928500,1214.586667,1199.255267,1224.318283,1264.928333,1243.820450,1245.798150,1271.896667,1237.184050,1211.312300,1239.461667,1271.291267,1144.694700,951.055000,955.442517,1001.719617,983.043333,950.347350,952.461200,979.430000,980.474550,967.627233,969.380000,996.302467,990.225417,955.255000,953.606333,963.106600,962.866667,955.016417,941.964017,953.641667,1010.971050,995.929083,936.020000,961.503950,903.082867,780.543333,795.712283,820.931083,783.993333,749.112700,759.797450,775.460000,725.083933,719.418033,778.755000,808.555417,802.247750,783.708333
778.339300,788.918217,791.668333,762.959733,759.330300,773.261667,742.785350,722.484767,729.770000,728.364300,734.596283,742.303333,724.506017,714.818067,724.526667,729.405250,715.995583,704.088333,724.883000,736.942900,732.468333,739.796733,725.782600,697.703333,695.406217,668.058517,644.070000,704.354850,735.685233,710.935000,711.281583,709.595383,685.075000,672.656450,781.463867,930.073333,915.400717,875.619133,878.436667,862.277250,876.599167,906.616667,874.739100,825.696400,803.551667,833.186367,983.971967,1157.230000,1158.012717,1118.392600,1117.420000,1115.622467,1143.328233,1179.115000,1161.905350,1150.977133,1149.146667,1104.794883,1094.245883,1144.315000,1194.207467,1167.878583,1108.615000,1131.132000,1151.475033,1138.560000,1144.410567,1140.142367,1125.220000,1133.076933,1135.468500,1118.125000,1099.404683,1106.450750,1123.605000,1116.077800,1146.776867,1202.253333,1202.513583,1202.762450,1208.728333,1173.788100,1174.413350,1203.771667,1176.874417,1153.058000,1159.155000,1163.636867,1179.864300,1209.021667,1229.279650,1224.137967,1195.055000,1165.997667,1182.380683,1223.290000,1223.772617,1226.099133,1239.515000,1231.401467,1241.420283,1265.856667,1253.902717,1216.024217,1205.881667,1252.512467,1187.760417,1023.043333,947.490733,944.330050,941.336667,897.093017,894.517250,940.126667,957.701883,968.133000,973.475000,951.633850,957.359150,980.120000,954.529767,933.247650,943.781667,957.713083,947.216150,928.763333,945.028300,970.354783,984.765000,980.819433,912.286900,814.281667,783.722333,799.011567,795.676667,735.588533,728.828333,783.055000,795.688617,780.903783,767.051667,751.804067,680.871850,591.156667
585.671567,617.179933,629.340000,608.538000,592.000800,591.323333,585.664417,576.574900,573.198333,578.241650,564.524517,546.675000,566.577150,580.427533,578.853333,588.822900,561.295200,523.216667,554.105350,566.902667,558.681667,600.754267,563.868417,489.876667,550.378683,557.118983,495.905000,540.415467,557.999533,520.288333,534.833450,523.081367,480.411667,492.876633,520.579783,519.838333,490.906800,489.984433,504.648333,483.696317,540.836450,624.226667,561.324317,519.884117,581.471667,655.978683,664.271983,611.223333,566.793083,543.740083,536.478333,550.062267,638.359550,720.991667,655.307783,625.717833,677.355000,674.680467,648.599083,640.520000,655.268283,685.198717,712.026667,717.371183,713.296133,702.908333,682.714783,686.789750,698.420000,671.804917,681.518600,725.413333,723.065600,709.346583,714.603333,730.162650,730.351700,707.588333,682.591800,698.330917,732.310000,720.173583,710.479583,717.330000,709.171400,722.811233,747.655000,736.566850,752.553083,785.618333,759.799250,736.703600,732.196667,705.639100,711.446267,739.550000,725.407583,738.719567,783.215000,778.517283,712.180483,642.301667,646.369200,671.319967,669.691667,649.044717,676.907950,724.770000,700.314367,693.223167,721.501667,708.388217,671.402883,647.961667,660.639317,692.265883,709.381667,689.878100,680.612333,698.620000,714.620750,704.073017,677.565000,667.682733,662.381383,662.810000,686.617367,718.775433,740.365000,735.609733,685.419250,622.466667,607.737150,606.818733,604.605000,616.933117,610.951850,597.365000,617.725950,615.892833,595.688333,618.595550,638.466833,621.163333
580.621833,561.600167,568.825000,573.978483,603.158267,637.420000,624.923833,615.536950,608.461667,557.227367,535.836033,562.743333,580.889533,578.184200,577.481667,605.788867,617.725683,595.276667,564.004167,540.295100,523.163333,509.442717,541.746433,587.665000,561.600033,510.611250,490.913333,517.133467,539.506433,540.478333,540.390667,521.146300,502.743333,526.081900,526.057500,486.033333,464.470483,513.111883,564.855000,506.914933,499.909333,564.490000,561.589433,548.496467,562.325000,572.667200,566.298683,557.861667,572.076300,583.234200,561.790000,524.267933,622.935100,760.591667,686.661333,655.484400,714.218333,660.790500,634.265817,679.718333,688.733000,670.890150,668.606667,706.104183,731.931350,730.666667,732.266150,728.696167,709.800000,682.169283,684.931083,707.360000,703.556650,715.984400,752.148333,768.277933,748.030083,723.253333,740.174700,742.772533,718.188333,710.852133,717.782733,726.225000,732.330983,754.960717,783.020000,782.765833,771.209883,754.550000,731.393783,760.498667,800.718333,754.123500,748.700067,793.455000,770.186067,754.574350,777.730000,781.378850,732.522000,670.985000,669.675883,674.452667,654.826667,640.008500,669.738950,700.996667,654.479383,639.124900,681.106667,696.963933,687.629300,674.440000,675.112850,699.921800,723.561667,708.027650,697.158917,702.740000,696.955467,703.592833,724.830000,730.474033,703.371967,679.096667,710.819400,729.497767,719.488333,720.131283,658.964900,576.395000,594.501100,602.053650,586.786667,640.016067,639.914550,589.861667,618.471350,638.317450,596.413333,550.926917,633.369717,775.253333
772.883017,745.011900,754.726667,750.472700,772.784700,795.455000,751.688167,768.890133,828.335000,777.132400,705.283633,693.051667,729.088517,730.957550,710.915000,746.588183,736.862333,681.281667,685.341717,695.495750,695.068333,720.013600,708.351617,675.538333,700.889433,712.556567,702.448333,733.498550,745.044000,712.918333,680.759067,686.204900,693.736667,651.550767,715.957933,860.203333,891.482883,891.094000,893.265000,845.726150,819.115350,828.603333,821.172417,819.272667,825.365000,832.732683,948.664683,1114.788333,1145.395450,1120.868117,1122.690000,1152.531850,1165.258983,1155.018333,1153.907083,1146.012917,1129.080000,1121.450783,1119.285167,1119.011667,1122.066417,1125.558733,1126.625000,1129.310500,1157.482917,1169.211667,1103.110067,1094.692967,1142.070000,1111.823617,1088.929483,1098.318333,1077.940883,1080.858500,1104.190000,1091.435467,1110.823133,1153.328333,1140.762333,1150.245283,1172.550000,1123.811117,1120.624933,1183.396667,1212.228333,1216.026750,1215.166667,1215.204950,1230.681383,1251.933333,1248.280767,1212.690100,1170.733333,1164.429667,1194.874583,1227.430000,1220.836050,1206.853017,1205.240000,1209.022333,1225.519417,1245.378333,1241.246617,1199.437850,1185.870000,1258.369250,1156.150650,938.408333,934.865517,965.066050,934.341667,937.871967,959.781367,965.120000,945.324483,950.000950,973.853333,964.191033,953.803833,946.815000,919.108867,932.724600,978.920000,981.056900,961.525750,948.006667,946.520050,958.227583,979.376667,985.732467,893.488933,755.460000,728.096183,776.120833,805.683333,759.026283,752.044200,793.280000,779.694950,762.259850,761.193333,744.471300,752.187617,784.998333
792.789783,757.308350,713.316667,717.439683,737.526050,751.020000,760.147467,739.674267,714.568333,737.965583,749.430383,737.853333,749.542633,749.326050,731.973333,728.972300,716.403833,710.840000,750.689783,746.762117,683.678333,638.836900,634.757850,662.603333,693.365433,686.217733,665.403333,691.531900,702.776833,684.911667,686.325483,690.572683,676.011667,655.404083,724.709717,843.726667,872.744533,895.609600,923.378333,882.573367,876.480450,901.338333,850.233133,809.939733,817.606667,842.379550,971.658617,1126.975000,1124.864783,1137.403350,1186.676667,1125.145133,1083.681800,1101.136667,1087.990783,1094.506483,1120.283333,1106.972100,1110.752283,1141.658333,1152.533433,1168.420667,1188.048333,1175.978283,1141.778167,1126.860000,1165.908950,1189.313633,1169.316667,1140.126000,1111.754433,1099.695000,1115.088517,1105.637183,1073.171667,1073.358217,1097.269450,1131.726667,1170.967367,1188.978383,1171.725000,1135.792267,1147.165617,1184.870000,1166.127400,1154.244033,1177.543333,1198.383333,1205.671917,1196.655000,1176.927433,1180.407950,1214.865000,1246.293417,1211.845750,1163.921667,1216.317283,1246.483650,1217.951667,1213.421367,1209.140567,1219.156667,1278.651950,1253.750417,1206.286667,1303.878383,1204.777800,944.700000,921.619400,961.573183,940.746667,919.021667,897.806133,897.520000,944.477300,950.565667,918.190000,934.937733,953.399717,944.408333,934.395483,956.498850,988.625000,976.891017,963.967067,981.410000,1019.519533,1047.697717,1045.278333,1001.834617,892.745067,778.290000,760.415817,758.040617,751.591667,788.810150,761.625167,701.378333,755.911400,824.528667,826.188333,778.490333,754.816983,756.523333
733.519383,763.816150,814.406667,764.480400,712.860017,699.648333,678.096767,709.521283,761.328333,733.746117,740.096700,789.971667,770.442550,712.175900,690.041667,739.339250,719.930167,654.835000,703.631250,749.516900,735.258333,722.711350,725.521650,725.365000,699.688050,681.208850,677.396667,666.713683,667.334700,677.355000,674.583950,676.384900,686.240000,697.138000,753.035550,831.833333,856.376667,845.271333,835.801667,846.521367,847.549450,841.691667,860.454733,872.008300,845.755000,808.933567,936.710267,1141.151667,1146.857417,1119.721333,1148.320000,1152.922567,1143.602183,1138.800000,1140.303633,1147.556967,1149.265000,1138.684133,1164.513567,1196.483333,1151.509067,1103.953850,1098.760000,1111.525383,1120.426983,1121.901667,1127.415433,1140.708467,1153.166667,1151.073567,1140.814567,1123.920000,1098.309667,1086.218300,1088.430000,1088.749067,1112.458050,1169.145000,1226.225667,1194.770583,1128.418333,1173.188783,1223.917033,1218.960000,1199.163617,1183.816817,1200.025000,1257.405383,1245.284967,1187.333333,1212.275300,1216.710717,1172.691667,1169.170383,1218.682767,1248.353333,1180.213050,1166.914567,1230.950000,1249.573367,1268.223767,1263.263333,1162.860900,1145.543017,1234.163333,1252.317733,1113.039783,946.223333,967.012667,974.156133,909.485000,920.979300,983.649350,1017.563333,975.223500,968.292733,1002.340000,977.007550,949.229950,950.176667,950.532917,946.502800,957.025000,995.558650,994.709800,947.536667,916.687033,919.493267,953.673333,985.405467,893.272317,738.203333,717.735900,761.874667,792.775000,795.692983,764.957650,736.985000,762.150650,786.799350,778.566667,756.946367,755.930850,768.018333
753.784850,724.887283,715.190000,750.124967,786.766717,791.406667,762.018200,718.422150,702.400000,741.239517,742.794533,714.465000,746.743750,749.307750,702.800000,688.725300,720.206133,758.925000,752.780650,725.941783,703.723333,692.716567,697.402800,713.895000,728.953867,725.227083,710.115000,704.757583,684.636850,662.535000,679.603617,695.953783,684.345000,661.169383,681.657383,767.058333,874.023767,881.998200,831.136667,869.419833,865.847500,796.546667,786.782183,840.313450,867.680000,805.833083,922.411267,1148.158333,1139.552733,1123.742817,1174.603333,1136.049617,1127.403100,1181.056667,1192.116517,1145.015733,1096.990000,1121.136617,1160.892950,1167.345000,1142.528983,1128.099267,1134.525000,1135.985867,1124.970050,1119.275000,1142.549833,1161.666517,1150.883333,1118.602400,1119.186367,1140.885000,1120.198867,1094.887117,1101.615000,1140.206100,1173.097200,1175.183333,1154.799550,1164.850617,1197.053333,1194.513750,1192.447833,1208.396667,1217.420833,1193.228300,1168.590000,1200.144633,1209.192283,1195.638333,1234.211833,1250.774800,1228.031667,1222.212717,1205.283633,1191.685000,1228.747467,1241.507933,1226.088333,1250.910033,1266.911267,1258.053333,1254.661217,1222.657767,1207.133333,1265.492433,1139.560217,924.091667,977.148033,996.174650,910.830000,956.879150,993.465017,950.598333,912.993467,905.966150,928.020000,962.153350,971.532017,955.123333,946.691850,955.662183,963.673333,949.188583,959.551883,981.476667,953.808133,934.006350,958.878333,989.282583,896.696867,752.731667,762.066717,781.358833,745.313333,738.383517,771.983600,790.570000,734.854417,712.312750,743.251667,746.508300,749.834817,748.021667
704.149767,696.575300,734.520000,744.148667,715.144150,682.008333,693.085983,739.140667,761.416667,708.407733,691.147600,731.351667,750.191617,783.601667,797.390000,713.281183,670.189683,692.460000,676.814183,684.996067,722.568333,720.665117,708.217300,700.856667,687.042017,699.486517,727.536667,724.538567,717.583700,714.555000,696.131850,685.455517,677.691667,658.238783,722.744367,841.790000,873.913850,841.708317,810.468333,821.537233,823.470883,810.931667,826.659533,830.191000,798.181667,774.508333,906.454117,1122.106667,1181.092000,1145.622800,1109.501667,1106.183067,1115.528817,1123.175000,1129.890483,1123.404117,1112.198333,1119.475600,1130.955167,1134.338333,1127.765633,1106.370333,1103.356667,1157.077767,1175.536217,1144.181667,1136.345833,1137.121983,1155.740000,1208.782717,1162.343933,1065.961667,1104.827550,1128.393183,1081.635000,1071.209067,1120.675967,1179.991667,1179.423267,1170.926933,1171.858333,1151.349217,1145.950133,1164.041667,1174.827300,1174.098467,1171.951667,1184.920900,1224.397117,1248.730000,1199.560217,1155.804250,1172.218333,1229.900333,1254.880850,1236.926667,1226.582500,1211.823933,1203.628333,1231.411267,1243.160500,1229.188333,1233.311883,1260.597017,1298.688333,1303.208867,1141.468617,922.991667,911.798867,941.833917,936.716667,974.468333,957.639367,909.223333,957.067817,988.329617,963.116667,957.613400,972.301517,982.833333,971.404683,963.108933,971.988333,986.027550,977.832150,951.778333,939.218533,938.521150,953.368333,972.737400,880.616217,753.545000,787.468200,791.717450,740.053333,788.233550,776.472317,700.266667,721.019650,723.817233,711.233333,790.939500,748.107633,599.131667
588.390350,620.776633,610.195000,578.834933,588.454267,613.146667,574.609117,565.313183,594.418333,580.572017,584.648867,613.730000,602.834550,562.240850,533.866667,550.433233,563.265567,564.640000,588.126783,589.285717,561.165000,546.389983,554.028167,556.765000,526.178917,534.285017,574.523333,566.777483,551.028850,561.648333,584.493117,561.894683,503.495000,480.058383,494.839583,514.070000,503.829217,504.056967,512.011667,491.588633,513.748633,565.061667,561.299267,576.723267,598.093333,540.000483,534.531100,604.741667,633.962083,606.899617,558.773333,541.961383,581.605267,640.091667,651.985250,660.750000,679.250000,674.728417,665.043317,666.598333,678.407483,688.966967,685.196667,665.934650,671.717783,698.661667,702.610200,697.226917,701.268333,715.786950,712.696117,698.108333,707.616383,729.219500,738.168333,722.119483,718.182217,735.955000,747.316233,734.066500,710.258333,708.250650,716.988100,730.001667,755.061733,792.358533,806.136667,760.624683,750.108383,779.185000,761.474383,735.366450,734.905000,753.568283,770.705033,775.970000,772.587800,764.769617,766.825000,782.680567,739.499433,653.566667,626.595683,666.987100,728.240000,748.002150,722.896500,684.025000,671.672850,685.152267,711.030000,728.920233,702.709433,658.950000,664.463600,682.512350,687.366667,687.500733,678.501683,670.906667,685.863883,712.358467,725.083333,704.374850,676.419600,658.180000,651.201350,676.433883,715.796667,711.317250,626.624067,538.728333,572.416900,617.984950,605.951667,578.500883,618.559600,686.133333,654.471900,576.954467,533.426667,557.162117,578.379500,573.791667
581.078200,593.520283,589.921667,557.630300,527.502167,518.238333,532.278617,594.829200,636.258333,557.350000,534.021850,592.305000,586.278833,559.019017,550.790000,549.761067,546.203200,544.703333,556.834417,569.235867,561.661667,531.649700,544.973850,572.388333,520.698033,484.822667,507.278333,533.375400,524.452633,496.893333,499.982950,515.105683,511.020000,479.188133,478.901783,509.180000,511.935500,507.901150,505.156667,491.419033,503.528233,539.748333,559.345500,569.670217,572.215000,560.219483,565.287767,574.405000,549.536933,564.720200,597.420000,564.557200,629.681983,747.695000,701.550233,663.165017,677.626667,631.183267,671.507850,753.778333,677.254550,647.170100,706.038333,693.160933,696.671350,719.231667,665.490633,644.173383,672.733333,663.725850,681.766267,737.076667,757.193883,717.780967,673.715000,705.257850,733.556183,728.975000,735.437717,733.801550,724.478333,732.272617,735.517983,727.540000,723.123633,715.893883,717.495000,747.844250,767.538533,767.863333,769.030100,728.502600,693.576667,757.098167,777.853500,733.050000,738.745250,756.491933,764.088333,774.417350,718.925150,634.133333,637.311783,667.148933,676.860000,678.728883,678.999950,679.813333,684.197217,704.635950,714.775000,678.357183,679.137983,711.365000,686.135100,659.135200,662.930000,675.961000,701.272300,720.140000,703.826183,695.556967,704.138333,700.620267,712.937350,715.760000,658.214350,652.350467,688.851667,640.848100,561.859100,534.516667,587.196800,607.628067,568.698333,548.220733,561.979017,581.006667,572.256267,593.540767,623.160000,597.171183,680.487533,816.236667
765.833217,679.030600,684.823333,763.620950,791.216967,755.901667,747.959117,720.777683,692.511667,734.090700,732.558333,687.311667,710.592133,731.895050,715.061667,700.374450,705.246383,706.428333,674.166133,684.128783,730.875000,728.978217,703.853000,696.638333,719.336483,722.877850,706.583333,713.420283,708.819583,682.091667,661.912333,657.850867,657.806667,659.635200,758.489933,888.246667,871.878300,827.287550,843.748333,893.646850,902.719900,861.048333,825.178300,816.779050,818.361667,817.867767,934.548533,1118.838333,1176.313633,1141.043483,1107.475000,1135.224117,1145.213833,1132.295000,1162.479450,1156.572417,1102.523333,1081.171850,1122.787483,1162.538333,1112.342517,1107.956883,1150.946667,1115.869100,1125.192650,1178.096667,1144.407533,1120.636600,1139.901667,1130.754083,1092.813450,1063.891667,1078.863433,1086.912017,1069.961667,1064.739250,1107.181867,1175.421667,1205.996650,1197.247850,1166.780000,1139.190800,1151.592267,1182.490000,1175.554717,1179.014733,1201.881667,1200.167250,1181.984300,1168.393333,1173.597533,1187.539583,1193.091667,1182.352133,1186.420700,1201.578333,1199.303100,1226.220650,1258.105000,1221.789300,1204.346683,1231.301667,1239.892217,1225.853200,1229.036667,1266.584800,1163.312950,968.068333,918.935367,926.193533,927.735000,956.305017,975.706233,973.946667,976.170317,985.291433,996.783333,1006.647317,1017.587933,1009.731667,960.387817,930.276050,946.673333,979.075300,985.934083,965.260000,951.695783,959.403183,993.958333,1028.032117,925.581283,770.930000,794.614833,830.772800,811.973333,828.145617,802.830500,733.658333,712.771683,738.092750,766.290000,757.219550,747.521417,757.291667
768.236983,754.227317,733.988333,749.549350,753.145267,734.835000,730.156017,715.543667,700.103333,721.333967,739.156550,723.180000,683.317900,670.014017,692.470000,713.598133,715.584917,691.333333,652.789750,663.013167,713.315000,728.398233,705.250983,679.211667,691.787967,730.806850,748.746667,703.436717,658.526317,648.683333,653.783350,657.122233,640.928333,617.465750,718.839983,869.643333,852.558467,824.833017,862.471667,880.275633,860.141017,846.640000,884.803917,853.831933,776.145000,816.107367,963.112267,1113.150000,1152.325600,1117.908617,1090.120000,1122.082750,1143.649283,1137.260000,1147.921300,1140.316817,1131.845000,1172.341700,1153.702117,1090.415000,1111.823667,1157.623100,1174.916667,1169.234600,1153.781450,1152.363333,1182.474983,1201.077083,1193.850000,1181.902683,1153.387300,1113.913333,1091.315267,1096.147200,1101.085000,1074.811600,1098.014733,1163.603333,1180.968167,1187.465667,1195.836667,1181.016117,1194.565617,1224.053333,1205.298433,1198.667467,1214.661667,1201.448283,1184.394250,1182.761667,1193.054167,1224.149417,1247.068333,1219.880417,1210.019033,1226.541667,1218.616467,1236.250067,1258.146667,1210.908500,1197.692400,1255.988333,1312.168833,1297.017483,1265.911667,1307.656400,1173.576350,936.486667,934.885367,953.393900,911.433333,949.634567,986.129200,963.080000,912.997400,896.229117,917.286667,932.221767,949.602683,964.698333,955.549333,939.164050,930.001667,930.058817,941.466600,958.093333,965.882967,954.506733,953.010000,983.952650,901.197567,758.151667,765.944633,803.905667,799.226667,793.165133,753.483350,722.231667,782.632983,812.182550,774.606667,756.853000,781.759200,804.410000
766.091217,749.280533,771.808333,767.855650,739.751317,725.186667,752.016100,744.603083,709.125000,719.742283,697.551033,672.218333,749.136050,755.140817,687.781667,708.954317,680.061300,612.938333,672.119167,726.345117,710.716667,695.900883,720.106300,733.041667,660.518233,640.653783,697.930000,717.231583,695.671083,667.098333,659.567200,651.888100,639.960000,654.902883,745.736817,849.940000,843.390117,814.598167,821.490000,837.016350,835.452450,818.858333,812.882700,829.285367,826.786667,782.020383,924.181150,1177.683333,1214.053750,1160.951283,1123.841667,1085.498633,1095.054650,1129.370000,1110.109233,1096.579883,1110.973333,1118.062050,1140.297433,1153.313333,1111.694867,1126.348450,1174.566667,1121.974500,1076.103833,1094.810000,1127.766033,1141.559917,1140.315000,1147.919833,1140.053867,1103.443333,1053.467517,1025.782567,1048.808333,1118.697083,1154.428133,1140.140000,1131.765450,1135.930983,1164.136667,1219.028567,1201.799250,1135.251667,1145.074233,1181.062317,1176.013333,1125.296400,1152.188000,1229.431667,1206.167700,1162.450417,1159.453333,1176.358200,1180.544667,1176.420000,1192.004000,1195.957683,1201.905000,1249.053083,1244.527517,1210.000000,1250.178983,1219.594717,1149.480000,1205.973733,1146.292200,963.046667,908.692933,917.608083,923.571667,938.732033,957.990950,969.298333,958.719817,914.510017,889.160000,950.214683,977.349717,952.640000,969.427183,969.330433,933.460000,909.737950,898.566800,922.096667,996.918150,988.538000,932.251667,978.404733,919.428267,766.295000,757.574333,804.473800,811.950000,779.557400,765.990200,769.841667,744.770717,756.262067,796.026667,783.329900,756.149300,745.041667
742.067983,739.023450,746.596667,775.135667,763.847167,733.601667,761.029483,753.054933,706.535000,711.606133,701.675217,659.815000,645.076367,659.320983,692.698333,727.964533,708.440317,668.751667,701.797600,732.729067,734.043333,744.166750,708.622367,661.608333,697.921067,708.896317,663.961667,643.381900,649.905567,663.783333,670.061733,678.615567,680.355000,668.204283,736.650450,840.816667,838.161583,847.454800,869.048333,790.214067,777.885333,837.685000,809.931583,799.954133,826.473333,815.884067,935.030367,1140.821667,1195.347717,1165.974533,1143.296667,1145.265600,1126.759133,1100.093333,1122.141017,1139.575567,1114.753333,1069.606867,1082.963667,1127.096667,1105.361583,1120.515667,1187.546667,1204.977367,1162.573717,1104.838333,1092.163250,1125.755600,1165.601667,1155.454333,1082.192550,1027.883333,1092.687283,1121.243017,1088.660000,1117.542117,1143.207017,1139.351667,1150.385300,1155.735650,1153.026667,1166.121483,1181.974933,1172.028333,1128.928283,1147.598283,1209.038333,1202.099800,1200.701800,1222.658333,1207.331767,1193.690017,1196.455000,1193.053867,1210.573700,1236.340000,1228.126467,1232.889767,1240.243333,1192.848250,1162.871033,1174.766667,1180.473833,1168.156217,1190.811667,1279.395033,1174.984600,951.631667,953.433250,990.623817,966.100000,971.042150,933.482550,876.371667,904.771067,906.309717,873.806667,913.689733,946.938417,946.180000,961.013783,952.852717,929.246667,941.624117,943.371250,943.653333,994.596800,1002.034450,972.333333,991.293733,919.696917,770.793333,720.046150,750.657550,792.033333,786.336750,741.705350,711.501667,746.601433,776.188050,767.630000,758.734983,789.951217,823.766667
781.921300,732.176617,724.190000,747.584117,773.528083,765.193333,711.330250,712.688683,754.928333,729.724083,720.606250,752.796667,760.899833,748.334883,734.703333,727.005333,693.616383,660.518333,688.143050,708.866217,692.753333,671.532450,643.856250,645.875000,716.981933,729.899833,663.495000,625.448100,644.186600,698.928333,739.376683,711.656867,638.968333,617.988833,721.917100,863.948333,874.455650,860.226483,875.561667,872.800200,885.867317,887.070000,819.961500,835.719300,891.753333,824.878717,953.100233,1198.956667,1149.112850,1104.294083,1177.778333,1168.132667,1101.409533,1057.550000,1080.705050,1103.524617,1108.016667,1132.691283,1136.382533,1124.003333,1142.496933,1142.940300,1128.960000,1152.714633,1154.808450,1122.651667,1106.401450,1105.557117,1118.123333,1142.806767,1135.521367,1095.945000,1067.696050,1052.199883,1049.303333,1066.556300,1103.174133,1136.421667,1139.941317,1149.878800,1171.493333,1178.420433,1202.248917,1233.380000,1223.678233,1194.896067,1170.431667,1156.701000,1157.898233,1176.303333,1201.464317,1182.315483,1152.200000,1197.633483,1242.486817,1233.710000,1190.593600,1161.281583,1168.748333,1198.861233,1216.846983,1208.211667,1188.511350,1192.034017,1232.418333,1266.417833,1135.462167,925.216667,897.668483,934.641000,949.920000,969.949250,954.803333,914.853333,911.153067,934.268733,957.555000,962.032350,955.242617,962.781667,998.746650,989.891450,941.041667,929.459700,924.354350,919.871667,942.527250,939.560733,916.183333,923.882350,890.938883,831.903333,836.222033,825.643933,779.880000,761.870167,763.097733,764.185000,757.397783,749.239533,752.495000,762.427617,698.718467,592.863333
569.858667,605.078467,620.030000,565.221683,560.437717,612.631667,610.749750,590.774750,577.281667,554.071900,540.210617,538.266667,535.154617,555.590383,565.250000,506.763183,498.784117,548.018333,546.157383,547.607967,556.575000,517.627550,502.973900,521.553333,514.149150,529.662550,553.078333,513.805917,482.997233,477.981667,451.632017,456.427517,487.850000,484.709583,487.897117,501.110000,485.131933,481.317700,500.166667,514.673233,551.690283,585.888333,562.929533,571.646517,608.701667,581.747300,554.685567,575.661667,622.069250,617.069483,558.228333,528.335233,595.642100,686.130000,660.398383,660.094000,713.620000,706.229383,687.786333,686.238333,675.001733,668.606500,665.911667,653.204550,670.699917,716.771667,734.802567,675.569517,603.686667,640.972167,696.438300,713.128333,718.465067,722.956867,718.106667,695.611517,699.974033,716.473333,693.212683,713.429067,747.753333,685.056633,668.193850,729.365000,753.228817,737.620700,716.726667,721.031800,741.633150,757.786667,752.586400,732.461733,715.968333,723.873833,759.148200,784.738333,758.963633,758.845100,782.098333,747.075683,691.163550,660.035000,664.223100,666.125583,655.698333,658.954500,687.382800,716.968333,706.699900,673.654117,656.876667,681.224750,688.852883,657.071667,623.347283,638.865033,683.358333,683.676950,653.104183,647.801667,706.274267,720.265517,673.851667,658.646683,678.818183,701.460000,690.673667,654.922800,640.391667,685.007267,692.328200,636.110000,588.957517,599.254050,633.135000,615.176600,600.452267,598.746667,565.196250,548.696750,563.321667,571.659750,567.451067,566.103333
584.261117,592.363567,589.348333,601.110600,601.595333,574.085000,535.952700,545.423050,569.593333,527.392950,541.419450,603.820000,579.699767,551.800700,565.813333,578.382883,564.989833,533.083333,512.104383,513.186467,512.023333,481.657800,500.886900,540.140000,493.489183,482.951033,525.318333,513.234750,494.324700,483.893333,453.901400,487.613000,542.845000,490.084867,460.137467,499.053333,518.762417,501.508983,464.466667,444.658850,492.246017,580.436667,617.941917,578.416867,513.555000,509.072583,543.236550,570.191667,562.152467,548.579350,541.475000,538.801750,604.166633,701.443333,716.011933,684.229367,658.223333,658.352017,671.109483,679.333333,676.962117,682.998000,697.093333,698.491883,687.175433,671.088333,661.642433,672.542117,681.901667,659.327783,679.627667,723.443333,690.400683,638.319567,638.800000,704.167350,723.981767,692.723333,708.231450,741.114050,742.008333,695.577950,666.720083,681.636667,705.336667,695.434767,675.418333,707.101350,739.364683,739.201667,728.070183,753.363783,786.741667,755.595450,733.577317,752.796667,767.774183,742.060600,718.823333,764.570450,741.762400,655.611667,653.488400,675.720950,671.195000,655.205400,657.106900,669.231667,660.037250,660.132400,676.158333,682.163533,681.651183,687.110000,700.579033,680.402750,638.505000,635.489467,667.836233,697.568333,684.918267,653.519967,636.108333,649.623767,676.198683,702.848333,727.241767,735.861317,717.521667,673.638750,633.891017,611.471667,601.431617,618.144433,633.753333,602.265950,590.536017,605.681667,588.363683,565.904967,556.926667,565.230817,654.573983,764.660000
756.443450,728.739217,734.770000,736.635500,755.431417,762.933333,708.979867,709.377450,757.293333,730.252967,698.823217,697.573333,686.375433,671.169333,683.506667,739.727133,747.727350,701.923333,684.109333,672.141183,654.116667,654.215483,688.852817,722.378333,698.104717,672.057250,683.711667,713.918250,694.750083,651.886667,670.488000,658.351083,612.631667,640.132767,744.187300,840.895000,835.597033,825.031417,838.335000,817.869483,819.625633,845.000000,836.014667,830.928883,816.218333,765.654383,894.084100,1132.055000,1171.851400,1129.806633,1128.635000,1162.649150,1132.893983,1069.098333,1090.386650,1078.294867,1041.808333,1114.877517,1181.858333,1166.430000,1109.778350,1103.007917,1136.316667,1123.415867,1118.315483,1149.063333,1180.334433,1174.975533,1154.806667,1168.352883,1141.027967,1081.763333,1082.096333,1105.713867,1116.976667,1119.749450,1138.284950,1155.386667,1131.289267,1118.514733,1144.655000,1185.629583,1206.119700,1200.708333,1189.372533,1166.472300,1154.183333,1181.229600,1169.210000,1125.773333,1143.573533,1201.519600,1227.885000,1179.501483,1201.723133,1270.421667,1216.418800,1153.173633,1164.003333,1216.890800,1234.968083,1216.596667,1224.177817,1236.714600,1249.541667,1258.602133,1121.282683,921.176667,904.798117,932.264367,922.993333,933.713633,937.351333,930.503333,942.271700,947.777017,941.406667,943.271683,944.040167,943.701667,953.433467,961.860033,971.958333,993.538483,985.615300,953.078333,942.714200,935.714067,941.653333,971.168450,869.743367,721.346667,775.217867,830.027833,783.386667,739.371667,764.416267,802.455000,747.164550,727.034933,769.601667,774.294733,769.406367,766.840000
746.907383,761.147150,790.850000,763.655083,744.301450,770.746667,805.491233,763.638933,692.708333,721.491433,735.268933,687.086667,652.111317,670.101100,702.076667,676.963267,665.502250,692.286667,710.387983,715.918733,710.033333,689.206917,658.411167,641.201667,663.766267,697.662733,709.463333,686.630050,663.097933,646.161667,622.190417,641.809467,665.496667,614.651367,669.467233,816.303333,846.069767,806.140433,798.131667,863.951983,865.578367,801.905000,810.095167,854.112583,870.030000,855.111317,969.599017,1137.620000,1115.966817,1089.687983,1147.303333,1189.298150,1191.065833,1160.691667,1126.151583,1143.584750,1170.863333,1115.278333,1095.844250,1133.951667,1130.925333,1113.380900,1111.615000,1120.745783,1114.485400,1108.656667,1143.118767,1167.512367,1158.366667,1141.226183,1136.235483,1124.865000,1078.838333,1072.936833,1093.105000,1061.082983,1093.696583,1173.113333,1153.406667,1112.095333,1117.420000,1156.718200,1165.902950,1148.663333,1160.126867,1145.989450,1123.615000,1170.137250,1205.923383,1196.813333,1187.236450,1192.273633,1203.773333,1204.045767,1196.943283,1189.218333,1185.127183,1189.333000,1201.905000,1213.784467,1200.515467,1184.245000,1207.569717,1198.904933,1185.446667,1243.994450,1152.932917,948.856667,911.499133,958.331583,959.425000,882.814300,891.082500,968.446667,946.966750,948.239117,991.553333,963.866633,929.034133,940.396667,979.495167,971.876250,931.225000,940.201767,953.556867,944.043333,932.752817,929.731017,941.303333,952.597867,873.331783,771.566667,810.275733,831.729783,787.685000,784.585650,783.505450,759.618333,738.086633,733.483650,749.221667,774.960000,778.996483,767.725000
778.821033,800.821033,789.735000,717.864983,695.692100,730.806667,722.663900,688.845633,679.260000,715.863883,709.573233,677.560000,719.546283,734.796167,695.268333,677.321950,678.697567,696.766667,735.653867,746.538217,727.355000,717.863883,687.200467,653.435000,669.740067,664.934767,632.635000,642.027567,678.114183,704.421667,698.231217,687.729300,677.875000,662.515483,728.343600,837.941667,854.796050,834.158350,818.980000,803.692350,832.337550,876.318333,859.767367,855.949183,869.981667,852.471883,951.131600,1128.916667,1177.148433,1140.104350,1098.093333,1090.245350,1109.453800,1121.696667,1099.440567,1100.830300,1137.106667,1153.819717,1111.801567,1068.865000,1123.159600,1169.092967,1152.413333,1123.354117,1133.637750,1159.490000,1134.103000,1114.965200,1134.481667,1159.034033,1123.369417,1058.326667,1059.094967,1068.272617,1068.906667,1102.826483,1130.174400,1137.880000,1149.329333,1143.829967,1144.566667,1192.777067,1186.354683,1126.558333,1125.350800,1176.963867,1214.966667,1180.115583,1156.575700,1171.093333,1175.699500,1195.701150,1224.536667,1220.988483,1208.937883,1203.130000,1198.437133,1212.451883,1230.443333,1214.678650,1187.945017,1174.288333,1180.002367,1198.247383,1235.128333,1274.752617,1160.181950,954.491667,899.348967,931.323733,961.186667,964.025683,958.594183,963.195000,978.406550,978.700250,970.010000,981.018467,981.351183,958.006667,932.260117,930.620367,942.793333,937.206483,945.888583,964.876667,952.188883,923.572083,922.896667,963.310100,892.981150,754.818333,753.836133,802.346817,813.983333,787.406233,752.331183,729.663333,726.195667,753.072050,774.718333,738.690900,713.621567,722.476667
723.854517,723.872050,721.903333,716.068433,770.884083,821.198333,736.644067,701.829217,752.136667,738.127417,688.455267,657.590000,665.121750,677.942900,693.240000,733.280667,750.093917,731.781667,712.581517,695.214133,682.353333,681.556433,685.959533,679.363333,656.463850,674.135683,714.941667,703.687683,690.572650,684.131667,649.720333,669.247433,701.461667,638.486850,703.722617,871.308333,874.765400,816.272883,804.730000,839.885550,845.450467,820.733333,832.777267,846.159517,824.000000,789.219767,892.833033,1081.933333,1141.006233,1143.067183,1151.528333,1146.709067,1115.624150,1088.033333,1107.337133,1114.358667,1102.031667,1120.843650,1139.957650,1135.670000,1121.079433,1140.466800,1183.440000,1190.040633,1152.541433,1119.435000,1150.347333,1182.004550,1176.413333,1151.873733,1125.897333,1113.525000,1119.132533,1112.388267,1084.796667,1065.027150,1104.010233,1157.358333,1128.214017,1108.010800,1144.841667,1190.828200,1184.871667,1168.063333,1227.493033,1224.889800,1160.198333,1173.018983,1183.712400,1168.385000,1184.710183,1170.758633,1146.170000,1198.487900,1240.207683,1233.653333,1226.488967,1228.097817,1229.860000,1219.817983,1202.469217,1192.023333,1196.658883,1182.786783,1206.985000,1322.732517,1191.925500,911.895000,931.548350,982.971317,945.803333,970.902367,969.367267,922.815000,921.511650,953.068100,959.781667,900.420733,868.262250,897.598333,934.017650,941.770783,941.485000,974.295417,965.928067,933.841667,970.339333,987.539217,965.060000,960.777617,895.919283,789.031667,752.099917,742.573750,737.938333,759.962183,768.642950,744.433333,709.147067,701.443083,709.995000,694.973983,713.708833,757.128333
752.603967,736.968617,742.861667,764.069967,770.436567,753.895000,728.539983,688.302533,668.766667,716.896700,741.784917,722.215000,719.152933,706.473833,700.726667,740.864467,701.686300,612.273333,635.111933,686.497417,718.075000,756.102467,733.946350,671.375000,667.371517,694.838167,691.953333,627.993017,600.055833,634.476667,666.430483,677.323200,659.103333,632.566950,731.672967,872.905000,834.068033,810.522733,857.003333,837.661283,839.158500,869.470000,837.415317,800.639800,794.091667,812.143867,926.519433,1092.761667,1163.031483,1124.130783,1075.418333,1131.822083,1167.028850,1131.926667,1106.875167,1132.758467,1150.041667,1076.577467,1085.083883,1167.195000,1142.498967,1119.790100,1152.630000,1171.647033,1139.236117,1085.373333,1080.023267,1119.049750,1151.366667,1127.034100,1108.589917,1113.108333,1098.103300,1077.318500,1054.721667,1028.743500,1069.489967,1157.028333,1191.039267,1181.868383,1152.738333,1114.798317,1094.133917,1105.181667,1139.390317,1160.580867,1173.353333,1205.897133,1195.411300,1163.033333,1193.950383,1205.715117,1186.540000,1206.632350,1212.441550,1192.133333,1194.525017,1214.892600,1222.391667,1197.573900,1209.668767,1245.601667,1224.674967,1211.429167,1246.710000,1282.803633,1172.234867,967.613333,886.752017,910.521633,950.290000,939.945450,932.156233,952.283333,970.859533,968.419283,950.535000,940.640117,945.242800,949.801667,935.106783,928.887700,954.943333,1003.379717,998.112567,964.775000,993.465567,968.214700,912.085000,953.431717,887.785933,730.051667,711.483967,717.376167,711.133333,774.938650,800.439483,769.781667,767.179583,731.266083,700.528333,772.192217,739.719567,601.955000
570.403167,579.869483,584.175000,610.802200,618.702500,594.586667,571.802533,583.917083,601.540000,565.906750,546.792650,555.921667,541.996050,560.615300,592.536667,554.860883,517.257867,518.925000,531.143967,533.148867,521.658333,506.905883,495.199600,512.970000,573.069050,556.739700,488.820000,509.627517,520.366317,494.583333,508.353567,514.666917,503.806667,514.106350,500.757067,461.278333,447.027633,468.325883,504.595000,527.311083,554.349167,579.693333,576.529817,575.546367,573.380000,542.939500,552.419533,578.908333,531.463100,503.919300,524.851667,538.238617,595.776550,668.296667,659.160400,635.274817,644.016667,668.393900,680.803683,660.866667,617.678483,635.968083,694.813333,694.653700,713.135350,735.418333,665.289067,627.558917,664.981667,694.180483,684.063233,651.775000,641.609883,670.342767,712.151667,719.501233,699.527283,676.501667,670.980400,676.643950,687.400000,700.613050,700.311483,684.328333,669.888517,681.932700,724.605000,773.761800,784.763883,765.203333,760.487267,741.873467,730.176667,776.665983,784.842717,741.128333,732.244750,762.765117,795.350000,783.496850,725.263017,653.100000,613.040350,612.498500,630.630000,641.150817,666.729367,681.190000,634.712167,622.708000,656.463333,655.353700,653.307333,663.315000,657.003567,643.798550,634.686667,635.539183,663.883400,702.176667,707.026033,684.845850,675.433333,706.936633,685.634317,641.300000,693.196333,710.109067,685.750000,730.116050,673.658717,554.055000,589.541850,612.915900,564.255000,557.917083,579.562433,603.595000,622.985117,613.890033,586.225000,580.012067,601.672967,622.360000
605.153150,585.144017,581.665000,578.135083,553.222483,546.013333,606.965367,595.859833,523.493333,541.055433,568.061200,559.066667,554.179000,555.439333,561.853333,572.143317,556.309133,534.360000,552.775067,539.565300,500.393333,517.984500,552.314717,544.958333,482.093017,468.877983,513.903333,528.977767,540.802533,545.956667,506.232250,481.950800,484.791667,475.541533,502.550850,531.981667,478.935383,466.377950,500.675000,475.776150,507.577100,604.020000,638.707450,609.521900,556.740000,525.438750,540.093350,579.588333,592.712267,570.444350,542.788333,556.944750,615.159267,671.556667,670.115983,658.655667,668.725000,686.500100,688.526750,679.865000,680.791767,653.937000,622.233333,651.300200,679.935550,674.185000,660.368600,665.600050,689.386667,701.998950,668.875067,634.700000,677.318500,693.277867,685.100000,746.159550,734.463350,673.641667,732.191867,760.817700,694.108333,631.448383,662.000267,731.115000,706.106250,694.144950,733.595000,749.197567,732.934517,706.798333,697.064900,700.341483,711.868333,730.762633,747.380983,760.050000,766.124700,723.335700,697.113333,783.537383,745.313683,599.520000,606.913217,652.327700,645.676667,623.703550,636.348567,667.605000,660.196317,661.016200,690.555000,718.408883,723.821083,699.393333,660.463650,667.795800,700.795000,677.467350,639.475133,634.206667,672.742917,724.934700,731.895000,659.245100,638.780183,690.883333,708.136617,685.304800,661.246667,666.140133,632.979783,584.046667,612.617833,643.777050,625.138333,580.941883,574.894550,595.151667,577.242950,580.238650,587.283333,535.040117,593.647050,729.691667
731.261583,718.334833,748.356667,750.698167,735.291817,717.263333,701.150350,713.241433,735.208333,717.556567,686.687233,679.740000,710.663417,737.475283,742.628333,739.444583,713.582983,692.158333,718.781300,713.211633,685.113333,715.407617,691.979350,624.818333,643.179917,670.462867,664.833333,663.744900,669.468200,677.710000,682.920217,663.280733,628.380000,624.740350,700.505517,811.038333,846.809883,811.493267,774.138333,802.699617,821.037600,819.265000,858.194967,873.178933,822.243333,762.348833,908.840567,1136.636667,1098.771250,1064.099483,1134.038333,1141.002733,1139.037117,1136.198333,1079.111583,1081.366700,1135.670000,1120.822733,1110.352050,1119.816667,1088.611433,1081.118067,1099.606667,1084.167117,1099.285500,1125.940000,1079.688983,1070.842933,1119.703333,1132.421917,1117.546483,1090.823333,1058.495267,1064.877700,1080.575000,1041.086067,1067.413567,1148.863333,1151.242517,1157.224967,1189.680000,1183.636500,1183.486950,1188.825000,1154.657150,1147.219983,1168.568333,1156.415250,1159.409883,1189.416667,1202.887683,1197.381400,1195.145000,1210.957833,1180.818250,1154.158333,1236.541700,1237.099533,1166.010000,1216.255467,1216.919467,1161.575000,1217.752367,1225.871767,1193.726667,1266.206500,1148.722250,891.405000,870.177550,941.293917,976.198333,986.150817,945.202367,908.833333,970.187267,1009.727183,994.601667,998.504733,962.599450,901.903333,908.830100,951.638783,975.486667,952.415933,923.994617,915.050000,917.927633,931.298033,959.526667,985.520283,899.918800,764.248333,755.743533,746.112917,701.810000,726.487250,779.727933,787.021667,717.992600,697.226367,745.450000,768.262067,779.739083,794.530000
796.306950,759.269850,700.620000,675.496750,707.274883,736.393333,683.813650,683.225400,754.875000,777.544933,736.250850,697.028333,733.259267,742.614667,700.890000,686.608333,698.412250,707.505000,694.191117,696.769017,702.168333,664.310917,663.680383,696.076667,677.025050,666.080483,690.331667,708.213283,685.075417,645.453333,649.121417,670.240067,665.238333,634.525717,726.753467,888.726667,901.903717,839.493383,797.935000,804.489417,820.061667,812.988333,791.203383,821.514483,854.736667,803.285033,928.883367,1151.935000,1117.526500,1076.780650,1140.813333,1160.830183,1134.121067,1114.973333,1143.162800,1136.798400,1103.125000,1127.651000,1134.282983,1103.313333,1098.093233,1121.334367,1148.900000,1152.910567,1133.500533,1110.291667,1106.965350,1114.083100,1116.315000,1105.129100,1089.091683,1081.093333,1084.843833,1069.047133,1039.780000,1040.940417,1082.110200,1138.738333,1166.139300,1141.763667,1105.436667,1126.785233,1169.224867,1188.175000,1173.730233,1175.014400,1188.400000,1170.575567,1183.982700,1211.261667,1167.819283,1125.405683,1135.991667,1184.758500,1230.256017,1233.320000,1191.068283,1205.836567,1252.063333,1210.509200,1196.373850,1219.271667,1180.439550,1203.531083,1296.106667,1304.085100,1130.376533,909.646667,890.173483,919.407133,904.348333,901.145000,914.470317,944.448333,985.912500,975.694700,917.121667,888.278033,936.769800,985.995000,921.097783,925.910483,1008.045000,989.056667,950.790267,948.756667,948.808350,936.450767,939.016667,977.851483,915.498800,771.518333,715.298300,727.516900,749.038333,746.757283,751.721833,768.830000,764.837150,724.609917,691.400000,726.901750,756.713733,756.288333
765.047250,743.847867,710.708333,731.868517,757.378367,749.313333,718.185467,698.868350,693.736667,685.733583,727.732067,779.970000,743.003033,715.754617,733.075000,729.848167,701.398300,677.308333,689.968667,712.351567,722.791667,718.719650,693.336650,662.220000,655.037183,663.740350,683.228333,709.627983,696.388750,653.318333,641.904567,660.865717,673.736667,658.244567,716.832200,822.593333,838.443200,826.212383,824.001667,807.484150,802.247067,818.173333,838.993217,858.444617,840.778333,780.253500,904.225817,1130.858333,1138.404283,1107.696583,1142.961667,1159.868833,1145.987617,1130.858333,1145.351417,1141.427467,1112.150000,1101.823100,1115.020650,1136.250000,1145.374283,1141.252033,1121.235000,1089.050333,1095.938467,1127.128333,1120.803167,1134.445250,1157.088333,1112.660533,1059.005583,1038.906667,1047.238083,1083.795550,1105.603333,1066.636567,1079.872817,1139.510000,1128.232817,1115.177517,1136.526667,1154.170217,1158.592950,1159.911667,1167.298350,1142.610567,1099.986667,1104.579517,1165.999467,1218.911667,1178.874650,1123.870450,1114.801667,1149.828967,1208.203317,1234.690000,1183.569900,1162.868150,1184.791667,1162.934117,1151.593450,1169.020000,1174.388867,1180.993883,1207.551667,1231.844450,1113.866967,919.201667,877.899267,938.286517,979.091667,932.543483,923.540800,950.493333,903.877517,931.259100,1026.755000,1022.344600,977.971850,966.436667,989.033650,953.222350,879.818333,887.139833,938.629983,964.961667,934.530300,933.185700,993.023333,1038.983967,912.224167,722.558333,745.363200,775.041783,745.165000,786.203883,774.325433,711.023333,732.383383,750.736867,734.790000,744.108800,745.887883,725.606667
712.564817,738.194317,774.636667,762.162600,747.983617,738.531667,698.838717,696.497967,722.965000,701.749350,691.379083,710.071667,712.981517,703.483750,691.133333,681.958083,693.610483,722.301667,739.404350,716.592200,670.703333,652.995433,671.494017,685.906667,646.860717,614.906367,636.951667,695.271100,685.563517,615.198333,600.382900,658.178750,709.676667,671.858583,713.735367,830.745000,844.287017,825.230600,823.846667,814.265067,807.723550,811.501667,817.817450,815.016133,783.143333,738.877050,862.431483,1080.560000,1123.051833,1104.147467,1114.560000,1128.500817,1144.850067,1151.195000,1128.219867,1103.319033,1094.845000,1099.008333,1107.049583,1106.768333,1092.749717,1094.770767,1113.578333,1118.945000,1108.669700,1099.436667,1104.597050,1082.628500,1076.200000,1155.423050,1121.111117,1003.126667,1033.627100,1071.592700,1048.848333,1047.246367,1071.279167,1107.896667,1144.913167,1160.541617,1166.453333,1190.904533,1187.838367,1159.186667,1155.918850,1158.616067,1159.258333,1173.511933,1192.673567,1197.360000,1179.891333,1193.068167,1228.055000,1220.825067,1192.883417,1167.140000,1155.102600,1201.703733,1263.663333,1244.168417,1216.230550,1222.813333,1234.566933,1228.930350,1226.146667,1246.191717,1155.879117,990.330000,931.268983,922.033617,920.580000,941.985917,928.078800,897.655000,929.034250,957.207683,950.033333,940.805483,945.153983,964.693333,985.672217,970.388933,924.898333,903.514967,950.261133,998.146667,937.233700,909.867817,951.998333,946.597150,851.733217,746.113333,751.765383,768.641667,744.583333,726.400550,737.266750,759.475000,757.651383,759.066267,762.006667,740.162667,745.633467,776.266667
773.710217,751.765983,733.038333,729.634017,750.107000,761.861667,721.563817,700.507483,710.255000,697.155250,699.390450,718.948333,712.741467,697.559550,698.120000,719.680050,722.671217,706.588333,706.732733,702.358083,691.526667,696.099883,700.300750,693.438333,681.963733,680.079200,672.661667,640.449650,666.111800,723.575000,698.955283,661.813333,647.690000,636.353533,703.353083,799.673333,791.898433,799.815083,853.210000,854.863400,819.370583,792.608333,807.258883,836.363867,829.796667,785.936850,915.090600,1138.033333,1149.654917,1104.488183,1111.333333,1122.629367,1123.647317,1124.315000,1135.393000,1115.602300,1083.243333,1096.699833,1088.625233,1071.776667,1123.781217,1138.547250,1102.610000,1110.155933,1128.203333,1122.090000,1099.071200,1104.952233,1137.288333,1142.794217,1097.362583,1038.981667,1035.923667,1061.466017,1076.915000,1068.821867,1073.565017,1102.055000,1132.187500,1160.348033,1174.190000,1158.242483,1139.560400,1154.710000,1209.586983,1199.244883,1144.700000,1164.550150,1159.355217,1116.193333,1134.810733,1193.882883,1220.261667,1163.847917,1141.563567,1195.711667,1252.229033,1241.983300,1189.818333,1182.686733,1191.275217,1182.318333,1155.608333,1139.147467,1178.083333,1263.689733,1148.316283,936.026667,977.069817,978.168967,889.468333,952.565700,953.374217,873.380000,921.744950,969.283067,955.648333,955.753167,958.827883,949.011667,934.822350,947.783050,972.735000,964.294883,962.286000,963.936667,927.486300,910.324483,932.165000,943.774300,877.994850,781.680000,769.744833,762.656233,733.253333,734.644067,734.095967,726.331667,739.327533,736.814633,731.791667,764.192733,724.612117,611.951667
550.134617,574.151967,614.343333,568.252533,521.754567,523.946667,542.354800,558.222717,580.093333,617.306133,595.864167,539.695000,549.455350,560.445000,551.071667,565.914100,573.317650,569.460000,580.003250,560.306750,517.976667,516.723717,561.296500,595.695000,556.359317,526.492983,536.931667,538.621000,521.215533,486.081667,448.124883,468.013317,522.491667,523.882900,506.418283,494.560000,479.579000,483.829400,507.680000,527.017233,540.568050,551.533333,558.054283,545.891417,533.795000,558.816317,587.979217,594.035000,582.976167,595.760517,602.741667,547.653183,574.696583,665.321667,652.652333,627.023633,644.491667,666.249333,677.454450,663.455000,623.935133,638.844617,700.898333,719.023583,696.693767,666.473333,661.204433,695.318717,723.471667,683.807433,664.040950,678.633333,658.974333,647.102433,666.733333,690.954467,681.857517,660.436667,679.384483,677.962450,664.378333,709.475817,745.428267,729.843333,694.805933,719.965250,768.093333,728.262983,702.113900,731.638333,755.509167,756.679517,747.951667,748.746333,736.617500,718.418333,730.791433,769.141317,805.348333,798.428683,711.779967,617.770000,638.323167,667.686800,656.543333,655.628133,658.824250,669.313333,698.922450,697.711083,662.178333,646.980267,687.110667,728.350000,683.560300,661.980933,677.088333,644.181867,661.192033,696.646667,625.703183,644.391050,751.173333,736.800867,677.595833,667.878333,716.881217,725.008283,694.485000,706.853767,655.571367,574.043333,616.583200,671.940383,658.870000,602.594000,558.750850,553.480000,571.205650,575.409383,566.445000,572.261583,566.429300,555.981667
578.531667,604.805300,607.856667,585.368700,555.338383,542.610000,556.850733,542.850817,514.848333,540.403133,560.426800,547.376667,535.914983,550.830733,566.076667,533.480083,505.756533,532.656667,600.137983,563.778100,473.223333,518.144450,550.775250,515.266667,508.249050,521.394550,522.231667,501.271000,520.207383,556.056667,522.797067,489.025667,495.946667,512.790700,492.526250,451.678333,452.985100,476.778950,488.356667,479.934483,521.170600,586.520000,579.876050,576.145333,586.896667,552.468417,552.425950,582.926667,557.541000,533.986983,537.215000,541.054717,591.182200,657.900000,656.815467,657.396450,682.578333,685.842433,685.693500,688.561667,677.825650,661.834533,657.153333,674.403350,693.829367,688.178333,650.026683,646.859350,674.983333,665.808983,650.354267,675.943333,745.871850,733.578050,660.375000,668.797317,670.380667,631.828333,627.999183,701.858433,775.101667,723.119233,678.002317,695.913333,706.952183,702.839433,704.310000,731.586983,755.157100,745.103333,698.423417,669.411300,687.618333,736.315500,770.469750,763.093333,726.215400,725.704567,762.046667,765.861933,705.565117,627.480000,618.151833,654.187283,674.035000,637.783633,627.368750,654.396667,653.231517,651.177850,661.393333,667.233633,684.687883,690.050000,645.714050,646.060450,693.403333,692.634417,661.246600,644.391667,668.743133,695.783350,698.828333,682.580933,664.690083,662.148333,679.318100,686.616267,696.948333,736.739850,690.013400,569.771667,521.942700,561.221233,613.708333,596.356700,599.637717,626.728333,590.128517,561.050750,568.828333,581.163350,646.854050,736.280000
753.509083,734.864017,729.938333,752.038000,755.471233,739.248333,741.310933,721.531733,689.990000,699.951317,699.554867,692.395000,732.861383,751.781300,723.176667,689.900667,670.049267,672.091667,693.761983,702.224067,700.620000,715.609183,697.188433,658.450000,664.102233,657.846500,631.595000,636.584667,645.106900,637.125000,625.114000,636.347350,653.113333,643.219000,703.807250,823.036667,876.416683,857.941967,831.058333,861.114817,872.169867,847.650000,845.187133,840.111533,816.203333,804.548100,898.532683,1055.768333,1126.619333,1135.203617,1120.250000,1100.303267,1130.386033,1167.268333,1120.704900,1132.898033,1170.593333,1067.758850,1053.036467,1155.450000,1165.025233,1118.438450,1098.631667,1133.995250,1117.173683,1081.073333,1152.959817,1152.741900,1075.858333,1098.230483,1107.729150,1079.941667,1103.561217,1076.890733,1014.483333,1042.879550,1078.577133,1087.086667,1120.420550,1162.864850,1172.481667,1126.162750,1105.031400,1131.875000,1155.844850,1169.552450,1179.021667,1185.443433,1166.389683,1143.288333,1165.916133,1199.026417,1201.398333,1165.425733,1151.875783,1175.406667,1195.717350,1204.807333,1203.978333,1195.744383,1185.467717,1182.316667,1192.780400,1201.654183,1220.646667,1250.171433,1128.535417,938.831667,941.364583,971.350617,953.438333,973.593983,971.229167,927.641667,895.154700,887.551183,912.590000,963.934133,965.170783,920.130000,908.144117,919.960483,937.918333,956.983383,963.718617,950.228333,928.119917,952.077600,1002.920000,988.533733,868.192517,726.845000,709.181900,752.791667,776.963333,752.311917,715.740433,715.961667,768.549117,779.184417,743.095000,743.959767,752.879167,745.616667
730.497450,710.111117,694.091667,697.412017,720.363933,745.263333,745.287083,715.449950,691.893333,714.629133,702.268167,660.095000,673.726500,684.144633,678.903333,704.162867,707.709867,686.548333,690.947433,686.935100,655.840000,624.976433,652.924300,715.861667,726.939500,705.219267,669.481667,627.224717,646.453567,689.038333,651.703783,649.299333,680.543333,641.779517,697.019400,832.800000,858.921617,858.725600,881.116667,878.992450,844.540533,808.340000,812.672883,836.293333,825.793333,773.618233,903.144433,1122.591667,1108.455633,1089.844050,1148.010000,1129.561333,1099.883600,1112.396667,1144.550033,1151.363250,1129.858333,1114.639450,1103.787667,1097.523333,1107.189083,1140.080867,1170.580000,1156.654750,1117.790583,1090.925000,1099.609533,1108.852317,1112.103333,1127.230967,1101.403267,1054.920000,1064.701500,1071.847567,1046.623333,1028.505817,1072.728933,1133.198333,1111.949250,1115.371567,1156.155000,1139.940300,1124.831050,1138.293333,1147.123800,1155.808933,1154.910000,1129.584983,1136.897533,1184.716667,1219.318033,1211.875500,1175.283333,1152.987417,1169.361067,1192.215000,1168.790733,1166.068417,1198.843333,1212.945217,1209.344467,1209.733333,1221.881133,1180.369417,1151.926667,1245.694333,1157.873950,922.245000,891.393150,929.742933,922.285000,900.319750,889.872983,899.495000,923.161000,953.959500,968.276667,944.774583,934.888567,942.630000,928.424750,938.290833,966.048333,955.532117,945.722183,950.385000,941.955817,927.022383,926.051667,941.841167,892.283800,786.575000,722.202550,700.367283,716.721667,767.332517,775.645733,755.110000,784.628100,776.750617,722.563333,709.748717,727.319600,742.838333
737.292567,726.446167,718.215000,707.101400,700.125650,712.263333,745.521867,735.409567,690.676667,681.533367,667.094083,639.938333,643.739300,677.144133,715.650000,731.331233,726.950400,702.621667,662.235317,663.400817,705.388333,725.541450,702.812450,667.821667,673.176833,697.629150,703.246667,670.386850,641.815017,633.868333,631.395300,657.735567,664.938333,591.991833,639.122817,799.370000,854.027600,830.506550,809.988333,832.351417,820.292900,780.608333,798.427767,821.006867,802.875000,778.838233,919.834017,1133.995000,1144.365933,1111.100933,1124.881667,1115.264150,1094.950967,1090.856667,1110.935500,1122.980233,1116.260000,1107.921783,1101.056667,1097.688333,1099.815033,1099.259250,1110.133333,1145.878050,1123.770717,1072.848333,1109.314117,1157.097600,1166.936667,1158.646983,1124.152817,1076.823333,1054.860733,1076.517883,1103.485000,1082.803517,1102.605933,1165.620000,1180.122600,1160.933850,1136.821667,1123.045383,1135.860850,1168.015000,1191.495000,1191.731417,1176.765000,1170.424383,1182.928833,1202.338333,1204.544717,1191.391933,1181.230000,1186.526550,1161.437400,1147.223333,1222.433733,1218.104383,1141.040000,1170.184550,1222.045883,1237.503333,1237.563167,1197.508067,1175.413333,1239.218483,1132.373783,903.325000,876.403633,935.224350,949.030000,908.505133,886.822650,907.720000,929.613467,927.337683,923.171667,957.522300,975.848283,964.668333,956.841767,913.849933,876.881667,931.010617,950.879633,919.105000,939.795500,959.901933,965.306667,982.027267,886.685233,746.380000,758.513233,738.472583,667.545000,715.131467,753.632967,719.531667,688.230483,721.216150,768.603333,726.313167,694.080583,715.095000
733.230333,730.731583,722.526667,726.971583,693.220200,659.120000,714.270683,737.140633,706.918333,714.594150,685.875283,644.281667,697.445333,731.559383,699.786667,669.827883,670.327917,680.151667,661.211317,659.691317,685.586667,697.194400,678.297150,654.906667,666.242817,666.187733,648.908333,652.259250,643.175800,623.753333,639.114317,689.784683,709.498333,643.176767,688.692033,834.385000,861.260667,813.077217,770.470000,771.404750,809.115650,836.101667,806.670350,796.627783,790.918333,735.461867,887.209783,1147.000000,1136.248967,1087.412267,1115.108333,1104.179850,1116.781717,1146.340000,1110.447450,1083.782500,1092.545000,1094.776517,1127.623100,1149.681667,1079.581000,1064.775450,1117.280000,1106.602283,1103.057100,1135.756667,1149.010883,1124.467650,1109.055000,1157.000100,1139.285183,1044.955000,1004.271750,1050.789033,1108.593333,1077.121200,1083.295550,1133.385000,1109.159967,1102.959750,1143.166667,1161.134233,1172.413583,1171.046667,1135.346533,1150.344483,1196.008333,1167.879133,1147.847400,1155.653333,1133.222233,1147.534483,1196.853333,1203.369750,1188.527933,1171.831667,1156.583933,1188.754000,1234.440000,1207.023267,1169.827067,1166.265000,1178.549650,1179.894567,1192.678333,1236.134750,1126.258683,910.505000,847.453667,908.301400,976.261667,962.601517,939.243233,934.783333,915.740533,930.942050,961.731667,937.433267,930.972683,955.763333,948.659633,925.436400,913.413333,921.692667,925.015850,924.475000,939.690633,928.849183,921.058333,970.462017,897.238717,747.408333,755.047667,773.232950,736.653333,730.886417,727.291300,717.200000,730.068267,746.380683,746.483333,732.454117,739.846683,748.421667
702.979450,662.286767,662.333333,685.615633,709.555167,733.840000,761.491617,723.034883,667.726667,712.786317,708.928600,668.050000,744.305383,754.855783,685.596667,708.306300,722.452017,696.975000,710.372350,720.128850,702.010000,681.312267,679.283850,673.133333,631.240683,649.838950,704.226667,668.939183,625.636250,634.800000,671.941050,673.828950,626.808333,593.845433,700.610217,859.793333,850.090750,818.587600,832.155000,815.697933,821.314233,839.031667,803.478300,804.819533,836.168333,819.256583,926.050583,1115.056667,1147.950983,1105.953250,1079.696667,1076.402017,1066.557683,1076.633333,1151.874933,1163.151383,1117.753333,1147.089933,1160.943483,1120.730000,1091.528900,1114.155617,1158.186667,1153.141417,1124.338717,1124.676667,1173.689283,1153.327167,1083.526667,1095.196933,1080.817817,1038.226667,1077.004850,1091.890183,1049.888333,1037.547417,1103.551517,1176.871667,1141.106283,1126.650150,1165.658333,1164.688650,1168.846117,1177.670000,1145.246450,1164.830583,1208.145000,1158.752333,1166.833267,1231.535000,1192.713850,1128.027300,1115.598333,1155.339817,1182.963700,1188.318333,1209.164867,1200.784150,1186.171667,1228.883600,1207.184850,1153.608333,1221.400283,1249.849383,1212.965000,1222.621450,1094.642450,891.306667,891.132650,952.239783,960.178333,942.151383,944.780067,952.525000,916.648517,912.829267,937.798333,919.403000,946.557333,1002.136667,969.136567,918.537117,911.076667,934.992883,927.668750,898.863333,915.334883,936.753400,956.213333,990.560217,916.161517,778.688333,760.022050,769.944883,726.190000,657.372733,711.866833,820.245000,764.371033,710.768433,742.191667,757.243700,656.696750,530.150000
561.326050,574.978450,523.551667,536.492633,574.472417,579.375000,540.897217,532.685467,557.480000,547.409250,518.636217,510.313333,539.692900,536.569867,500.761667,501.184467,516.104117,512.510000,484.401450,481.314600,500.123333,495.799633,517.771300,558.413333,551.469283,521.565667,512.906667,540.554167,523.854367,465.271667,452.866783,487.628517,514.701667,481.883583,474.326933,501.415000,492.801550,497.407133,511.145000,482.608683,501.823650,571.316667,599.351150,609.749933,599.530000,540.134250,523.530200,549.545000,533.062483,536.731133,569.213333,571.731233,583.016767,625.326667,674.739383,692.261433,685.063333,690.465017,671.123200,630.251667,617.350217,628.407600,654.720000,685.285333,666.760533,631.118333,662.865733,677.839833,667.130000,703.166767,713.884683,681.658333,663.730467,650.563433,642.463333,658.582633,683.594917,700.738333,704.468700,703.866883,704.823333,705.600383,700.867417,681.326667,647.693433,650.477783,688.276667,705.343500,688.200333,681.455000,737.230867,755.963667,724.640000,726.584583,732.137233,718.665000,706.637900,738.526067,774.890000,730.787450,683.511467,665.836667,637.443333,609.905117,611.835000,652.510717,655.855800,626.098333,638.632267,649.741117,651.588333,679.260300,675.656600,633.178333,611.503200,642.908517,675.150000,630.598733,630.960417,698.660000,729.153233,711.069067,685.580000,697.413183,697.595600,670.100000,650.011483,649.584533,661.465000,664.229017,635.510150,603.438333,616.802183,608.896167,579.478333,594.370767,602.880933,587.865000,584.050617,579.846133,576.856667,587.555800,569.751883,553.033333
604.945417,608.980100,561.493333,576.325000,600.331000,590.501667,562.334683,549.408000,557.326667,564.813967,570.484067,573.810000,572.345983,573.062217,567.891667,541.764383,520.193100,512.483333,504.657667,495.342100,476.528333,446.718783,466.687717,520.110000,527.771833,527.796583,538.136667,532.349667,508.997983,484.475000,482.838600,512.926750,539.173333,508.940350,462.527167,448.276667,474.686533,458.380983,406.140000,412.375917,470.136283,543.955000,595.592917,586.417450,545.375000,543.249267,549.070283,540.305000,526.240450,505.873983,495.851667,521.336133,560.367767,606.680000,665.979150,684.441900,669.935000,678.305450,654.692650,626.703333,680.481033,698.939550,662.635000,667.708367,676.650817,678.048333,697.913967,672.427833,629.913333,662.161733,660.587083,620.981667,648.267283,665.368700,649.068333,659.836933,688.784117,712.173333,715.966100,710.276983,706.215000,705.809317,695.932200,685.793333,695.093267,684.346200,670.340000,711.008917,745.544367,730.426667,688.674767,712.112900,765.591667,730.693217,723.649617,764.476667,756.756600,760.594883,795.683333,798.652250,704.954300,587.435000,595.179433,638.974383,657.711667,670.026767,658.865067,644.296667,670.572233,691.829283,668.136667,610.611683,613.292667,668.526667,680.215583,684.465717,696.548333,684.899833,652.862167,643.440000,692.096817,689.973500,654.683333,703.551133,708.922683,655.748333,660.962817,670.768233,675.188333,714.175100,680.408717,582.456667,548.658000,571.718750,608.490000,623.198100,610.839700,579.518333,553.532133,594.703500,646.581667,600.399067,636.600983,738.640000
706.469850,681.159983,717.290000,721.974150,710.421850,703.641667,699.450383,695.745183,696.800000,707.406050,711.010900,708.330000,713.740983,706.491867,677.393333,643.653183,643.570600,672.258333,682.672467,654.422983,627.735000,660.337333,670.851183,646.375000,657.022367,689.161383,697.038333,651.237217,624.516083,638.980000,644.945017,613.319567,578.356667,616.644633,740.960167,862.833333,863.535833,837.389417,828.938333,799.545283,791.669017,822.338333,859.165583,861.496283,832.916667,831.043683,939.452900,1088.598333,1114.086117,1104.642383,1124.825000,1148.131583,1142.007867,1105.280000,1071.294817,1081.027233,1113.260000,1107.182167,1097.013983,1105.311667,1119.149267,1128.088633,1121.045000,1095.094083,1084.798400,1092.778333,1092.037333,1100.763867,1110.783333,1091.357617,1072.589333,1069.281667,1066.229800,1053.002733,1045.551667,1076.691300,1145.021217,1188.588333,1142.327900,1128.616383,1157.663333,1124.297650,1097.349917,1125.863333,1177.777250,1163.047633,1120.406667,1169.897883,1193.045167,1157.236667,1150.693683,1158.163433,1169.583333,1196.846700,1210.565467,1206.948333,1209.123617,1203.815883,1191.513333,1191.828683,1206.731317,1208.758333,1169.670183,1154.424367,1188.756667,1210.744150,1071.524100,886.076667,925.842383,960.794083,910.920000,921.493217,929.203867,914.030000,930.848400,942.381383,937.908333,943.092667,929.231700,917.413333,956.359983,955.783283,931.148333,980.859550,977.458850,899.621667,863.148333,876.236250,929.783333,988.016900,876.119850,686.023333,698.323667,749.050783,726.108333,690.919233,727.617850,786.651667,745.422100,731.764833,766.341667,734.742617,666.863567,617.315000
612.963967,623.327683,618.443333,592.614983,577.397717,591.465000,622.492367,624.651050,597.591667,582.686150,574.592833,575.131667,594.450267,600.045967,588.490000,587.446500,589.678533,590.776667,598.041583,616.695017,629.653333,611.068100,585.832583,573.225000,575.336767,598.373183,620.361667,607.041100,591.325083,593.405000,603.086233,608.089833,598.286667,586.572933,661.874267,779.666667,798.201800,792.901983,811.965000,823.958633,812.778467,791.601667,792.024050,819.145717,825.033333,778.980433,889.233700,1094.108333,1111.637100,1091.649700,1118.531667,1116.527317,1078.476350,1040.716667,1048.052550,1081.350400,1100.973333,1083.289950,1082.913117,1110.798333,1122.446817,1105.456667,1075.563333,1060.144500,1055.841817,1059.736667,1073.237767,1082.216417,1079.981667,1070.214333,1052.498433,1026.888333,996.618750,971.266633,964.260000,982.040133,995.887733,1011.928333,1057.358300,1072.407200,1052.216667,1049.021833,1037.386350,1028.230000,1060.341733,1061.793200,1030.011667,1035.397083,1051.009433,1056.301667,1059.665133,1058.698717,1062.925000,1083.476417,1080.490533,1056.936667,1056.118233,1060.821617,1063.718333,1074.322283,1068.686950,1052.401667,1053.305300,1039.013983,1041.508333,1096.964300,957.528650,725.438333,764.552483,811.412117,761.690000,775.684617,794.256750,801.186667,845.212583,835.580950,779.416667,782.303383,809.280633,813.328333,786.912650,779.886167,802.293333,815.545250,803.733300,795.283333,827.101017,822.499267,784.655000,782.786167,722.956233,637.680000,662.306817,675.911867,630.980000,599.713567,577.660383,580.441667,632.412367,635.656533,594.721667,605.191383,598.379567,588.251667
655.387650,655.049950,588.815000,603.864783,617.906117,584.096667,551.673333,570.823800,619.958333,627.718400,607.164767,584.433333,574.417933,581.525433,590.423333,582.588733,592.764767,604.820000,570.501183,565.968483,594.083333,583.960600,586.616800,603.921667,585.539200,591.733317,627.451667,632.171083,618.560567,610.771667,617.152683,614.819917,596.675000,594.324567,692.889300,825.148333,824.848667,787.686417,790.920000,816.362483,810.222067,783.641667,797.095500,817.467567,802.431667,766.137883,877.069567,1077.813333,1125.961383,1094.192967,1086.888333,1127.411217,1121.046117,1082.558333,1111.500933,1100.203633,1056.740000,1096.968950,1099.277133,1055.335000,1078.072950,1073.298550,1026.815000,1028.849283,1053.749650,1072.773333,1083.300517,1078.748050,1072.550000,1080.172000,1044.302933,987.743333,993.015667,991.602033,972.415000,998.150733,1042.051817,1065.443333,1053.343450,1038.276917,1036.075000,1036.119583,1035.969867,1040.083333,1053.045483,1061.953167,1053.233333,1027.848383,1027.842300,1058.813333,1083.151617,1078.600233,1061.066667,1069.518450,1098.299800,1093.588333,1016.421050,1023.666633,1090.350000,1041.903717,1022.279950,1077.236667,1098.558950,1084.221383,1074.865000,1083.837733,969.648567,799.510000,793.663150,802.586150,772.621667,801.434283,831.059500,835.020000,843.012133,822.675433,798.663333,832.378800,843.389050,816.585000,811.153033,781.526200,755.356667,809.516517,822.808417,785.975000,802.689150,784.879517,749.056667,792.513217,731.066967,595.458333,611.285317,642.989850,629.045000,643.069617,633.139867,599.875000,603.401283,601.951650,599.113333,634.119583,609.223200,562.636667
632.966500,682.823817,649.610000,608.231433,599.194433,613.043333,611.196267,597.410917,581.906667,570.366800,568.512950,580.808333,603.720467,608.582383,596.311667,594.752033,596.835550,604.528333,625.088900,616.696050,579.070000,560.265517,583.424867,614.650000,597.421900,582.845317,586.543333,579.314417,601.153667,635.821667,621.299067,606.464317,603.118333,591.737733,681.137900,811.953333,802.742017,781.078250,803.306667,797.999650,784.620867,789.061667,811.631733,822.910433,804.263333,784.234550,897.769667,1073.566667,1092.527350,1069.315800,1075.988333,1070.299133,1066.612667,1081.186667,1107.614150,1105.760650,1078.185000,1069.841883,1089.972417,1106.533333,1079.475633,1061.151100,1064.585000,1054.000883,1048.464817,1057.446667,1065.002350,1051.466600,1040.825000,1068.504283,1044.277517,979.135000,980.383200,1009.233833,1014.198333,988.054617,995.701283,1033.333333,1032.248683,1010.042833,1008.246667,1045.629600,1048.802417,1024.393333,1044.605917,1036.550750,1001.323333,1017.300433,1030.104250,1034.733333,1073.319550,1048.971133,1002.003333,1070.611600,1101.342700,1056.236667,1051.930433,1063.877050,1067.668333,1073.534267,1080.022183,1079.376667,1068.669100,1075.222350,1112.681667,1137.427383,976.638450,761.346667,806.884183,837.335500,771.730000,804.340683,848.968300,844.355000,825.904517,818.462300,803.611667,753.328917,754.309667,808.686667,822.398383,774.733450,742.345000,818.814050,861.690167,836.288333,838.446150,819.991450,795.275000,822.683750,746.504533,611.755000,628.007050,649.343033,613.983333,613.888583,651.577733,679.428333,650.554050,621.721600,614.770000,598.235750,572.347683,555.085000
561.720617,562.023350,558.501667,579.740367,584.205983,567.903333,570.609817,585.009483,592.110000,583.470233,587.701900,589.830000,554.469933,570.163700,624.971667,616.115817,602.333150,608.956667,599.628083,591.116517,590.568333,586.122583,584.481450,589.678333,598.497500,608.666617,610.471667,595.555867,590.900050,606.606667,626.416383,632.310817,617.400000,603.371900,675.000983,794.230000,827.514167,812.197183,805.338333,822.692183,815.977800,791.021667,801.750650,815.791683,794.028333,758.129500,896.417467,1118.136667,1127.476850,1083.144050,1089.351667,1089.608483,1072.143717,1060.118333,1083.363350,1111.957033,1124.200000,1117.452467,1074.624817,1041.065000,1086.885850,1120.066217,1099.125000,1071.994467,1074.428933,1078.466667,1034.827467,1041.701267,1100.428333,1103.469583,1047.012017,994.508333,1011.518717,1016.856300,988.976667,987.133833,1007.096517,1036.565000,1065.162167,1057.176083,1025.968333,1024.303717,1040.654867,1049.401667,1035.096167,1012.909650,1012.270000,1047.689950,1051.477217,1025.800000,1038.549550,1059.618933,1057.238333,1034.263800,1034.795083,1068.936667,1096.142850,1054.769200,999.511667,1045.076867,1068.925067,1052.465000,1089.324283,1072.085950,1033.371667,1097.265583,1003.203517,800.390000,810.374917,823.936683,768.016667,786.653250,803.524900,789.123333,795.925633,788.083167,782.966667,837.314667,864.288300,848.743333,852.517133,816.982833,773.365000,818.319100,832.233650,791.275000,784.314400,752.135450,728.716667,798.407767,735.145150,589.033333,637.513183,658.513683,574.755000,546.475117,588.308833,644.016667,649.384567,633.395117,631.073333,641.460350,594.404017,501.208333
448.364217,429.646683,432.326667,452.283950,450.625567,421.056667,398.368983,413.142417,435.016667,407.689383,404.792350,441.575000,455.740833,441.446433,420.721667,419.982317,432.351517,446.610000,456.271133,457.094217,440.773333,407.720517,408.836200,446.055000,468.190017,459.158350,435.910000,430.309650,439.427250,448.311667,442.965983,425.933433,414.608333,426.398050,437.496067,446.963333,475.518983,497.454800,477.216667,416.703883,450.315817,545.196667,530.328783,480.694833,471.741667,503.214500,526.895450,526.330000,525.703933,538.213717,543.950000,521.121250,554.077100,620.456667,610.465833,595.663167,621.346667,654.981967,647.758967,611.015000,602.706867,613.778200,621.433333,612.753817,599.525233,600.545000,621.455650,615.090850,596.528333,626.623833,649.446567,622.841667,565.473767,559.580667,600.490000,605.368883,587.506117,573.401667,572.447683,574.210317,582.316667,603.471683,585.283283,554.476667,587.199000,586.803767,546.978333,561.620067,589.065517,594.700000,589.103517,593.106550,610.133333,624.463517,622.578983,609.236667,603.149767,608.472517,617.721667,614.531167,579.555983,523.080000,481.088700,470.328250,482.048333,493.972883,510.496000,528.288333,532.569650,521.440700,501.531667,490.540317,526.524233,577.131667,564.592900,530.558000,531.901667,582.182233,588.758333,551.555000,554.846717,548.519017,538.538333,581.491283,578.517317,527.705000,529.046283,544.920217,547.686667,546.582367,516.967817,474.505000,469.197417,490.614433,496.740000,453.778567,422.393967,437.801667,476.206983,478.052067,451.006667,457.674567,477.816967,468.075000
412.335400,404.361750,442.131667,437.760583,448.497250,466.671667,423.794550,412.768017,441.506667,425.555817,413.644650,416.656667,399.222683,426.091650,474.168333,449.765450,427.700733,439.478333,440.676117,430.363633,429.478333,454.799083,467.763517,449.141667,419.770967,424.697717,447.578333,432.927017,433.894183,460.990000,467.584517,460.515767,458.091667,468.188283,468.645833,452.641667,437.326683,443.037733,457.868333,455.476650,480.119417,529.978333,550.112750,531.031517,511.693333,536.600717,531.643567,500.611667,521.246683,538.004833,522.670000,516.637833,586.408933,667.566667,629.786233,616.758133,650.896667,620.193317,632.383133,677.386667,628.121183,584.350700,600.961667,631.548083,639.979617,625.740000,614.846467,611.707917,612.436667,610.724083,601.360467,593.258333,600.309300,602.056867,592.350000,584.532583,577.898033,571.318333,572.007200,604.474350,636.238333,606.343000,581.689050,585.416667,576.640983,564.047750,571.345000,607.321117,616.950417,598.065000,600.520650,607.849517,606.841667,609.307717,641.672850,663.578333,611.584117,603.521000,638.385000,597.335967,546.421433,520.928333,496.105450,517.976867,554.408333,519.117017,492.884800,526.230000,583.567283,581.817283,530.350000,517.359867,531.976250,530.960000,487.414333,463.629567,497.828333,566.424550,588.417600,561.755000,554.923767,548.597983,527.660000,507.104383,512.314817,540.605000,563.411983,570.685833,569.743333,566.262067,513.892917,447.533333,454.554117,458.699617,433.631667,430.363433,442.402833,460.035000,478.690800,467.804350,437.326667,441.196000,516.746017,606.680000
608.675617,595.916217,590.068333,551.075000,571.296900,635.843333,629.015383,595.709083,580.856667,587.213933,614.050917,627.318333,588.298250,567.760167,585.470000,591.441483,572.967367,558.006667,583.194050,600.439283,596.958333,604.141183,604.062500,594.921667,598.175367,611.593033,617.496667,600.583550,590.647017,600.898333,618.311017,635.854183,628.213333,588.490500,654.557617,790.153333,811.921283,787.517650,786.116667,806.363867,820.042700,816.976667,811.644967,818.645500,800.565000,737.614467,870.841900,1125.650000,1164.848567,1120.326667,1103.406667,1090.968400,1089.383567,1094.625000,1086.269167,1057.194267,1039.240000,1072.985900,1095.269933,1084.698333,1079.214367,1081.814767,1087.763333,1090.826283,1073.666067,1059.245000,1082.007333,1056.366817,1012.365000,1061.397467,1063.868550,998.468333,988.530267,1006.762983,1017.115000,1016.986783,1014.027900,1019.323333,1038.375117,1050.662350,1055.530000,1067.387367,1057.358983,1030.905000,1026.444550,1032.883300,1036.195000,1036.931783,1052.465650,1065.361667,1037.615733,1003.370950,988.240000,995.042717,1040.712600,1084.716667,1062.007817,1050.417300,1067.900000,1056.470567,1038.536250,1036.623333,1045.837617,1038.885533,1054.405000,1126.981400,1007.268117,771.783333,756.603567,758.182583,721.928333,803.392950,853.521000,819.868333,801.069600,797.161450,799.990000,812.853467,812.696833,801.706667,804.499967,807.853717,801.618333,790.144267,784.286467,797.440000,829.275333,824.124533,798.518333,805.842733,713.120033,576.326667,594.869967,605.285467,563.893333,589.086967,599.939150,572.380000,574.096233,603.162383,627.185000,618.467283,613.476050,617.285000
600.684133,586.153667,577.031667,558.072950,567.848817,608.683333,634.813117,610.984233,564.761667,561.978083,583.189117,591.928333,573.715633,578.972167,600.716667,582.547783,563.290000,574.838333,607.610267,614.913967,600.801667,609.429850,608.715717,593.323333,593.671317,598.613550,614.926667,655.099000,644.451200,606.395000,636.386033,642.467167,603.046667,605.205167,692.650850,808.140000,839.155567,807.631733,777.376667,793.315917,799.136500,791.233333,818.719950,831.219600,798.721667,765.214767,876.006517,1067.128333,1114.682967,1088.979367,1080.105000,1106.392400,1125.950583,1114.621667,1085.603817,1071.189750,1070.550000,1057.693083,1054.815017,1066.230000,1071.028467,1068.965467,1069.733333,1078.128633,1064.065033,1044.450000,1068.003467,1089.711383,1087.595000,1076.355283,1031.893167,983.761667,996.292933,1019.272483,1014.431667,993.308433,999.332267,1033.463333,1055.206500,1058.227133,1045.915000,1027.893083,1034.041850,1050.703333,1035.569467,1024.407350,1034.200000,1047.197083,1061.472067,1066.045000,1049.044417,1046.450850,1053.433333,1034.078067,1036.527200,1055.430000,1037.884767,1038.375117,1076.151667,1111.053767,1118.013400,1101.903333,1085.293850,1062.045617,1073.305000,1143.719450,1029.447733,793.820000,761.153083,805.751950,813.208333,799.320983,788.509000,792.980000,806.148950,799.727183,777.066667,769.037817,769.309683,771.435000,779.316550,798.632317,806.595000,777.409583,784.202467,828.175000,834.208700,810.577133,805.300000,838.434550,757.919617,620.103333,636.776733,643.910050,584.296667,573.896717,606.864900,637.883333,629.763800,604.302950,582.851667,577.986650,624.183967,668.973333
619.148817,583.324417,594.341667,583.433467,581.846150,589.628333,570.370683,569.390317,588.466667,584.515683,591.084850,608.723333,602.184417,602.422833,610.223333,596.385267,598.516967,615.610000,608.006650,602.647883,594.611667,555.221233,553.533617,598.211667,625.933167,627.341983,617.440000,615.864317,620.628117,613.960000,587.970783,609.937200,642.271667,593.441617,640.207933,777.480000,809.525567,778.344950,768.993333,813.311383,812.729583,771.266667,791.281300,829.053717,813.880000,744.671567,840.530517,1052.546667,1102.756167,1084.559383,1092.723333,1117.205183,1111.559950,1083.725000,1083.659417,1081.757950,1075.700000,1092.141700,1085.303383,1061.408333,1073.393767,1080.650150,1067.298333,1061.276683,1069.895783,1087.373333,1096.713833,1068.353783,1030.876667,1041.310183,1029.738867,987.358333,978.307750,985.372800,991.590000,1001.694183,1020.114067,1036.595000,1035.733450,1037.729033,1042.755000,1030.343067,1013.715283,1012.925000,1034.505767,1041.070283,1041.493333,1076.122183,1085.235233,1050.031667,1017.006933,1025.466217,1064.231667,1081.397083,1056.282100,1029.390000,1062.846583,1096.514867,1099.355000,1095.218517,1086.588983,1070.871667,1049.440350,1036.501117,1064.513333,1127.492633,1019.953200,816.126667,808.066233,847.000633,827.805000,798.772533,790.667583,798.643333,797.678617,799.604767,815.685000,835.688517,808.256833,772.580000,818.735533,842.432950,802.523333,764.911983,770.135583,800.553333,805.864633,806.119533,807.865000,784.616900,707.612117,621.993333,609.435717,605.020683,592.518333,617.957933,634.349017,628.538333,627.442717,589.955383,544.935000,573.731817,618.845883,623.960000
587.494150,576.229467,601.855000,619.575267,643.718700,657.600000,623.778617,605.263033,625.528333,642.630267,616.558283,576.323333,589.803150,610.832133,604.438333,581.378933,572.357133,585.963333,602.646883,598.741717,591.458333,615.054933,609.514967,581.451667,596.609517,598.277400,581.006667,596.887167,599.613133,584.263333,594.247217,599.887367,579.041667,562.796917,678.582933,840.928333,827.117867,803.340317,833.098333,814.437667,791.358483,794.906667,805.736900,809.477467,790.510000,765.580050,882.433267,1078.473333,1125.678567,1103.556867,1096.751667,1107.074583,1104.344433,1088.971667,1088.430750,1088.256350,1083.370000,1085.521950,1092.124667,1085.286667,1055.711500,1069.676333,1103.433333,1069.055467,1053.064750,1072.748333,1059.345683,1053.567417,1067.420000,1062.608100,1030.089317,995.133333,990.868917,979.150900,966.623333,998.006200,1021.802950,1031.605000,1066.161200,1069.090733,1040.753333,1041.587083,1048.262950,1040.203333,1028.042933,1046.217533,1073.368333,1052.908917,1031.363717,1038.996667,1059.273483,1060.617550,1037.640000,1017.418683,1035.966033,1062.578333,1037.533000,1053.402067,1102.045000,1079.820133,1055.660367,1061.676667,1063.776600,1086.776150,1119.375000,1096.977433,955.614283,787.933333,764.016833,748.551533,720.026667,790.405850,843.232267,819.766667,779.182900,781.508700,815.761667,815.965933,777.681350,752.550000,797.916200,836.974783,821.740000,780.438800,790.287067,833.611667,820.244083,794.839817,814.643333,868.375467,772.899467,600.161667,609.440567,627.316933,577.863333,570.312783,616.932683,661.303333,635.572150,592.779517,571.740000,568.070967,583.690650,609.855000
623.361850,596.604733,557.986667,566.844033,580.551800,580.150000,588.984633,600.250617,593.386667,563.369700,584.470383,624.701667,581.767683,570.297733,614.628333,620.217600,600.093400,583.093333,582.364367,598.219850,609.355000,590.553700,574.077067,582.313333,608.535250,627.807683,621.613333,592.946117,586.004200,608.856667,627.330583,624.403433,607.615000,609.051033,676.128933,773.685000,809.855450,809.768133,806.113333,806.650617,809.741050,806.951667,794.766333,805.060950,809.273333,771.422917,889.386350,1105.870000,1146.999167,1124.790617,1129.005000,1128.701617,1101.103967,1077.648333,1105.637617,1097.969183,1057.231667,1072.340017,1085.119783,1067.736667,1056.558167,1069.403533,1085.445000,1070.627733,1068.310183,1079.945000,1064.809750,1058.263067,1076.291667,1086.826817,1027.043067,944.878333,959.512133,1004.980967,1012.860000,983.001667,1002.497650,1057.271667,1051.633533,1049.261017,1061.655000,1034.588567,1021.478567,1037.601667,1040.671917,1023.066883,1000.340000,997.162083,1018.714550,1046.418333,1051.001100,1036.124783,1031.183333,1063.735117,1086.852800,1080.921667,1067.969750,1052.472467,1042.478333,1049.240367,1062.712883,1061.885000,1038.350083,1052.619350,1098.576667,1085.754200,931.053183,761.255000,802.092550,855.727450,822.861667,790.266900,763.428350,754.155000,783.501900,796.386083,776.283333,764.789233,800.722500,839.405000,801.374583,790.959083,828.781667,830.108033,810.630467,804.291667,822.755450,824.307517,812.546667,813.639017,718.830383,591.475000,615.283067,637.665650,606.351667,614.773500,597.615133,563.490000,595.564500,616.680783,602.403333,596.910733,546.360733,458.290000
413.198517,433.463300,473.535000,463.047467,440.430467,433.241667,430.279450,420.660500,411.433333,417.276300,415.508100,415.570000,447.390767,459.206633,446.033333,453.287950,458.552417,449.023333,438.123650,434.397617,433.111667,428.528900,455.016033,490.766667,475.095117,454.930750,455.235000,455.259717,450.286883,450.751667,465.140000,454.240550,423.726667,421.463500,436.434967,443.495000,431.963417,441.400167,461.131667,448.536233,478.921250,534.930000,519.178083,502.176500,521.805000,540.876000,527.932483,503.371667,514.642667,521.180467,508.236667,509.692783,557.770833,621.880000,634.839300,629.207017,632.091667,639.363617,646.095600,645.166667,632.604317,625.654850,630.566667,638.835683,647.844767,647.158333,626.559950,613.103017,609.476667,595.773683,595.001650,599.343333,580.317500,590.717183,618.355000,599.080433,599.807067,627.390000,620.692900,618.853517,622.766667,590.340050,562.959783,559.445000,560.858967,572.829033,585.153333,579.333400,591.469367,625.230000,643.835633,635.118050,618.455000,621.194967,605.729017,579.266667,590.889967,613.070983,626.330000,627.247283,569.575950,496.873333,505.972017,508.374883,478.226667,484.396850,532.317567,564.681667,522.414517,515.558133,549.180000,524.013450,510.324883,527.926667,522.689150,520.774367,528.855000,521.311283,505.688300,496.765000,505.390383,532.300133,566.450000,583.222317,545.370783,517.071667,597.115983,614.648333,553.348333,558.277817,534.357117,476.643333,486.625033,485.795100,457.568333,465.407900,461.952567,447.705000,473.509900,486.888117,462.413333,427.054050,402.564583,411.435000
457.163333,461.065617,421.821667,414.393450,427.192267,427.580000,403.047517,411.181267,441.465000,427.559700,419.367617,430.803333,424.776917,422.598717,425.940000,413.871633,413.332267,427.483333,430.423667,424.634367,422.786667,431.521983,424.770633,418.280000,453.395333,476.107000,461.518333,440.421683,449.998517,474.720000,466.108400,457.055383,462.408333,461.258267,446.321700,431.048333,436.766600,449.046900,451.640000,444.758733,463.143017,502.340000,521.668033,525.931467,518.730000,499.356067,500.733250,529.231667,554.794450,544.060183,508.341667,500.567683,555.932433,619.601667,600.672100,598.759900,634.646667,630.832767,623.955567,627.431667,617.181283,628.999583,651.468333,632.740033,608.827183,604.550000,613.010067,634.286167,635.623333,584.638050,583.888267,625.706667,603.987117,591.908517,610.346667,602.545867,594.467067,597.441667,591.606517,578.517767,579.681667,610.779067,610.992050,581.753333,582.343583,579.853883,575.313333,603.337033,605.248533,586.910000,608.811700,600.385883,557.876667,559.152483,605.333983,653.358333,650.000233,599.062967,566.928333,615.033050,601.614117,534.143333,554.399983,546.232367,488.106667,487.492100,522.838183,542.808333,520.557450,507.915283,523.421667,534.595000,518.081367,489.001667,485.737467,497.759333,513.113333,525.988167,512.930683,504.331667,552.865517,571.306833,538.633333,524.101967,548.964417,579.390000,561.595700,529.405033,529.165000,569.372583,552.343717,487.318333,473.517800,442.276783,409.628333,465.325200,487.765633,444.631667,425.502817,432.752367,430.033333,399.465300,451.625633,575.266667
633.376950,605.072217,562.755000,591.832033,586.237767,545.071667,571.163267,573.434667,548.393333,585.839667,602.545017,579.833333,584.927317,592.511717,579.353333,556.894867,567.026550,600.173333,604.592100,594.798800,597.593333,619.030650,606.145467,588.020000,639.998283,643.030100,600.211667,631.080133,639.182050,596.815000,585.141583,619.639567,638.891667,584.946017,638.502417,776.056667,789.855633,786.875850,811.441667,793.802200,781.738700,782.730000,757.538050,761.041583,779.205000,764.665150,896.407400,1109.640000,1134.686750,1083.731533,1073.171667,1104.000533,1098.725000,1072.171667,1101.987250,1080.945567,1023.995000,1062.096067,1114.810167,1115.200000,1075.575217,1050.153300,1052.355000,1056.137683,1077.362250,1089.711667,1049.275650,1049.056700,1090.600000,1078.045717,1030.967250,998.543333,1008.678633,1009.227183,984.545000,974.820050,1014.586850,1069.220000,1064.760250,1037.611717,1034.215000,1067.653917,1092.137033,1078.846667,1041.101133,1031.695017,1042.378333,1023.395050,1036.592750,1066.886667,1038.887533,1051.296950,1085.395000,1030.080533,1043.031833,1120.783333,1095.286433,1056.210433,1059.406667,1066.763867,1067.933033,1072.166667,1088.384600,1081.059817,1073.895000,1103.066583,985.936250,783.871667,763.173417,816.250850,836.888333,821.125917,782.786433,768.991667,817.914300,818.488033,764.965000,764.296000,802.344733,831.931667,820.101217,794.781767,780.613333,786.888250,832.180483,859.826667,789.378267,750.522367,795.093333,834.077217,748.818000,614.598333,626.115700,661.152167,631.020000,574.225033,573.700867,619.323333,629.675417,646.112533,658.513333,609.038900,578.664950,603.946667
633.550333,590.909683,534.283333,594.068167,634.664800,599.501667,565.540650,555.554550,576.015000,618.707250,624.641183,599.936667,603.470750,596.632050,575.831667,579.830067,577.630367,562.048333,562.683767,587.572017,615.126667,612.698600,598.039050,592.013333,600.388200,608.098117,608.005000,606.358083,609.849317,602.548333,567.926100,573.169900,609.983333,618.095667,707.317183,833.898333,828.503867,802.950217,826.051667,849.542433,822.247200,775.095000,789.385600,822.359533,815.495000,777.979650,910.520733,1126.586667,1121.987200,1055.253300,1058.458333,1106.597767,1132.132550,1115.433333,1095.551300,1115.363667,1146.825000,1121.962800,1095.247300,1087.421667,1071.402300,1085.705583,1104.601667,1058.181533,1022.056583,1036.068333,1066.586150,1080.077417,1085.028333,1103.269817,1051.553583,963.433333,966.417083,992.462350,985.163333,963.432150,994.893467,1064.185000,1083.367467,1053.163133,1021.121667,1031.410217,1024.134917,1003.316667,1028.232983,1023.182167,985.840000,996.758067,1035.967483,1066.961667,1069.989983,1053.239900,1032.596667,1023.664467,1036.151017,1044.411667,1015.696217,1020.042233,1056.480000,1052.726033,1037.868600,1029.215000,1015.805867,1025.138500,1066.551667,1099.221650,1003.026500,833.575000,778.175733,773.426550,770.081667,787.102300,801.737517,811.310000,826.726750,792.842100,753.416667,809.429183,834.505100,799.558333,799.686933,806.854600,799.783333,794.942500,802.136217,814.131667,811.171600,785.039083,773.343333,805.453883,718.350117,566.078333,576.246783,615.031083,611.336667,626.120233,626.666633,604.061667,593.436833,608.753500,621.305000,590.253933,571.612667,601.006667
656.190967,666.733617,625.226667,588.630517,572.780950,575.756667,586.206300,582.921650,570.456667,576.182567,604.667917,621.295000,586.788567,572.675583,604.091667,633.280667,621.654217,599.900000,627.806350,622.096300,581.193333,590.394700,611.905150,625.641667,647.930367,644.148017,624.420000,633.311783,623.900750,591.361667,585.082283,607.623917,620.673333,597.042550,659.661667,783.415000,810.294933,792.089117,785.288333,791.643150,793.818950,786.670000,783.764000,805.624983,823.256667,804.793750,901.020100,1077.091667,1129.834983,1108.214650,1082.415000,1072.144033,1073.029683,1083.698333,1103.337350,1100.631883,1067.888333,1033.424550,1041.592333,1080.136667,1092.844500,1088.376950,1083.688333,1083.562417,1079.116967,1073.275000,1078.864933,1087.894000,1088.518333,1072.869950,1043.002217,1005.695000,976.170467,991.419667,1026.760000,1019.671550,1021.652050,1045.261667,1044.567083,1014.054950,997.208333,1041.659117,1062.939633,1031.275000,1000.774333,1006.645317,1035.393333,1043.538100,1039.132250,1030.886667,1024.698350,1062.322067,1110.963333,1087.056517,1037.884583,1028.898333,1079.520517,1092.013250,1055.490000,1053.406150,1082.053467,1099.978333,1074.036683,1060.877717,1090.513333,1117.105167,998.763233,805.846667,764.174867,783.349333,801.090000,838.197850,814.975233,767.133333,813.152517,841.571600,817.031667,815.306983,817.212617,803.113333,782.783667,783.340750,808.703333,832.657500,820.296283,798.323333,820.209533,799.193433,763.716667,818.014300,776.988083,639.271667,599.729217,609.726483,613.248333,612.617883,617.364967,619.021667,604.407817,615.014017,633.371667,605.494350,616.769900,653.885000
617.992083,599.791767,609.285000,569.972167,571.901150,618.455000,615.798233,598.211800,589.961667,576.077467,559.068550,558.715000,589.045200,594.727133,578.900000,596.097817,604.868033,589.563333,582.210067,601.256750,621.913333,603.318967,594.595200,602.158333,586.035967,581.074883,592.495000,590.585833,599.955517,609.933333,588.642950,610.992317,642.991667,594.752300,682.019183,849.975000,814.322667,757.753267,779.698333,794.999133,795.481050,794.493333,800.256033,800.624917,785.281667,779.657933,914.033517,1106.358333,1127.677033,1108.553767,1119.105000,1098.907350,1075.750383,1068.861667,1069.149883,1082.463083,1096.688333,1089.827933,1087.071683,1092.056667,1085.148183,1086.500800,1092.670000,1078.056283,1063.209433,1060.276667,1058.400033,1038.042300,1025.285000,1059.120683,1045.764133,990.566667,993.937167,1007.147433,989.293333,958.408783,978.049000,1032.606667,1045.982883,1057.549017,1075.390000,1060.943417,1033.563850,1026.248333,1052.875317,1059.647767,1038.735000,1031.202733,1023.515800,1017.111667,1030.591167,1035.690033,1031.603333,1048.184417,1078.779533,1081.015000,1025.534217,1032.527333,1097.018333,1094.312400,1069.724733,1056.538333,1042.445867,1056.588800,1105.263333,1129.518167,959.196867,726.126667,749.231383,790.703667,755.108333,781.359917,808.666217,804.941667,808.660467,813.411667,799.401667,760.728800,749.983567,786.001667,831.279033,820.692333,777.683333,784.420300,782.507233,774.785000,822.622417,837.487200,821.331667,846.197767,759.511983,604.750000,591.957450,591.309900,574.833333,646.893450,688.178050,643.846667,584.198217,585.716733,623.331667,609.142183,606.948883,628.653333
611.964567,562.934933,536.260000,580.878067,605.032000,585.333333,582.737167,581.439967,576.696667,584.666850,581.378067,573.610000,590.908383,592.107867,580.350000,599.827833,610.942450,592.253333,568.019167,583.070433,617.446667,609.420050,605.388867,616.040000,604.948550,599.337967,599.123333,579.793733,591.218483,620.678333,609.783533,637.329133,662.660000,580.778583,632.874550,806.708333,836.459183,804.828100,797.703333,807.993767,808.483833,790.678333,773.825467,793.334383,805.113333,755.913200,873.224517,1096.338333,1120.711733,1095.776017,1108.928333,1094.276650,1088.279467,1100.426667,1098.412867,1099.339200,1098.538333,1075.253800,1079.719550,1099.978333,1076.105867,1073.733917,1103.025000,1104.025850,1086.821800,1069.460000,1058.310417,1055.153733,1062.360000,1073.163350,1041.342533,992.080000,997.262217,994.009467,965.836667,965.753400,999.820500,1038.498333,1044.271217,1038.918233,1043.483333,1058.479783,1066.145367,1058.021667,1040.048133,1020.870800,1007.620000,1004.517900,1011.796750,1016.795000,1007.666567,1020.692933,1040.405000,1018.317850,1025.621450,1075.051667,1100.174617,1076.146000,1034.276667,1035.674117,1079.593567,1105.578333,1054.399350,1041.019933,1093.725000,1103.585750,946.808333,751.206667,782.564283,850.720783,824.573333,760.320350,755.288500,807.256667,825.890283,801.774117,787.465000,833.183133,824.834967,771.951667,798.139850,826.890800,824.901667,835.796733,832.684767,814.913333,811.664533,795.514583,808.676667,893.989417,779.204117,556.890000,603.388567,664.620850,609.615000,568.260850,570.601517,597.983333,614.145867,597.453167,590.768333,640.917883,578.928483,427.190000
391.696033,429.611750,448.525000,407.041467,401.573600,450.585000,474.346717,451.531650,427.705000,465.350917,493.114600,467.488333,415.873283,398.969067,419.916667,432.892050,455.089300,476.151667,459.432717,437.804783,429.925000,427.020850,437.574467,444.235000,421.989433,433.360417,476.355000,484.611500,479.549217,467.196667,433.457950,433.367050,459.360000,448.793400,438.000183,445.463333,452.751200,466.538383,474.306667,458.722717,482.730583,532.933333,528.433283,504.022350,499.683333,523.029233,551.371533,554.741667,521.568933,510.513967,523.443333,517.733400,564.768517,641.533333,642.568917,624.687783,622.261667,615.377783,623.100650,644.060000,648.761733,620.785383,593.356667,616.120783,624.282033,615.726667,646.306183,641.397133,603.231667,609.180367,599.794450,583.925000,630.406000,638.904733,597.086667,593.360100,595.259000,581.268333,571.977583,584.565600,603.646667,596.629050,585.802417,578.638333,561.919267,554.129000,557.673333,562.101050,599.750150,644.176667,629.307783,606.965950,600.621667,588.558200,600.682350,635.043333,652.244483,644.917417,618.353333,584.900833,566.769633,548.670000,497.223833,464.465800,480.770000,522.591667,528.328317,513.978333,545.188167,544.676517,512.941667,529.450050,535.487917,523.011667,540.754317,523.488167,486.315000,513.401767,530.329133,518.116667,529.220300,519.798667,491.966667,499.301433,517.942233,528.180000,538.055200,567.214400,587.366667,545.755817,492.029267,455.955000,431.467383,450.704117,496.576667,507.114717,478.935183,446.300000,445.090517,431.038633,402.378333,403.629017,414.793633,432.755000
468.635067,459.616467,412.738333,405.074817,437.817600,465.458333,441.815683,422.505483,431.343333,440.572200,446.052850,444.145000,431.248683,427.213967,438.210000,447.055350,424.552267,405.755000,454.339817,484.353017,463.705000,444.094183,443.652700,455.530000,460.055217,448.815717,421.383333,393.983533,424.813150,476.755000,451.581683,425.697533,430.816667,424.559433,424.894500,435.883333,438.682233,441.876900,441.646667,432.812767,478.325883,548.945000,545.820167,526.899267,533.111667,546.286783,542.928450,530.508333,535.288033,533.225900,514.883333,506.963250,565.830767,645.853333,642.308283,644.663333,658.083333,604.345950,600.651817,650.121667,637.577133,628.403383,646.790000,642.286583,619.008300,608.246667,629.731500,611.747667,574.871667,609.919367,632.360300,623.125000,641.810100,625.010217,581.813333,591.277650,597.873183,587.855000,602.249400,597.908467,579.438333,596.555350,603.404150,587.356667,586.457883,608.499033,621.128333,587.870617,579.161867,593.121667,563.185200,557.900133,595.823333,623.226850,636.122633,631.015000,603.830233,598.007317,630.871667,666.008983,611.262933,513.018333,512.720400,527.742667,506.883333,488.885883,513.134733,557.083333,555.875667,520.114517,485.603333,484.826733,513.826450,547.868333,553.661267,512.919017,475.413333,516.308917,558.506400,551.668333,522.554850,539.430500,572.088333,536.522033,556.507167,592.125000,483.017283,442.170300,500.535000,478.932033,463.037350,479.481667,457.876400,449.716767,463.653333,450.076350,424.927667,414.323333,424.692317,414.427583,388.511667,405.711100,501.209817,598.238333
574.645850,543.557467,567.578333,600.701317,605.843750,580.846667,555.201633,557.645967,583.555000,600.270400,595.171467,580.616667,582.064767,598.259567,605.588333,581.790167,570.271617,594.858333,633.848483,631.335250,596.843333,593.395567,604.332617,607.421667,601.318150,606.526150,624.251667,632.671617,617.377750,592.396667,590.081817,610.027033,624.616667,617.105317,682.609350,795.618333,825.081533,811.214333,798.520000,791.791083,796.715983,798.806667,778.816233,778.799833,787.450000,770.302200,866.563717,1046.483333,1119.983133,1107.782767,1075.840000,1064.850533,1055.468817,1054.256667,1087.433250,1099.862433,1089.683333,1105.894267,1106.977383,1080.223333,1058.801850,1050.187850,1050.191667,1054.099883,1072.432250,1089.120000,1075.386600,1071.245867,1084.856667,1081.196283,1050.791500,1007.643333,979.633400,982.577467,996.978333,994.110583,1032.241533,1088.148333,1072.527617,1043.637717,1041.316667,1048.202433,1045.018167,1037.406667,1045.434450,1048.985533,1045.726667,1054.536833,1066.484933,1059.555000,1021.972467,1003.794000,1015.351667,1023.559150,1041.706050,1073.980000,1097.092867,1066.975367,1023.540000,1053.971650,1082.761383,1083.500000,1099.996700,1096.690833,1079.951667,1074.902333,942.242417,765.678333,784.318400,810.136050,783.546667,826.691883,841.859400,805.331667,799.070917,802.868600,801.631667,806.413600,805.147200,795.771667,789.160617,784.107150,793.025000,827.011933,828.305183,805.368333,818.062467,802.646900,784.453333,838.315283,766.757150,604.351667,593.005583,605.103283,575.638333,578.733467,610.817683,624.383333,580.026633,557.920633,578.911667,586.252833,572.328267,579.620000
641.673300,618.867067,553.305000,620.976583,641.972367,577.945000,573.830650,579.470817,580.455000,620.419683,630.761733,602.610000,594.391867,581.123183,570.370000,601.064133,622.303200,610.548333,592.997700,596.827317,619.261667,629.947433,608.037733,586.566667,617.120367,624.668917,590.720000,573.236883,580.490900,596.028333,602.385750,621.127350,632.726667,605.962250,659.266467,779.465000,823.673150,808.171383,783.746667,784.262750,803.935317,814.675000,797.106117,811.646717,826.248333,776.468217,901.368233,1127.498333,1127.316600,1103.979000,1137.455000,1100.051367,1069.528183,1076.266667,1070.258833,1083.319750,1100.046667,1069.537667,1069.257900,1100.415000,1085.490950,1066.156967,1062.088333,1052.524433,1064.413533,1079.963333,1052.144133,1042.858500,1070.935000,1084.795000,1038.575017,970.496667,969.934067,1003.902183,1020.170000,996.534867,980.612983,1007.295000,1065.357800,1082.653917,1048.298333,1020.140283,1024.664417,1042.191667,1032.449217,1021.629217,1027.866667,1040.698800,1037.290400,1030.148333,1052.688083,1070.700200,1064.020000,1045.191233,1031.554583,1028.663333,1036.666167,1081.466517,1122.866667,1086.971583,1052.523267,1062.403333,1083.433683,1080.094033,1076.771667,1103.477217,986.407850,781.720000,742.589350,786.481967,800.420000,758.614933,752.818633,791.931667,794.676750,766.398300,755.220000,802.045817,841.982950,844.240000,832.338883,805.204367,782.843333,792.599200,783.813333,782.685000,856.138550,856.880050,800.075000,834.389167,784.770650,633.686667,558.498300,552.988817,566.568333,571.928617,613.980683,659.268333,626.777333,623.930350,650.800000,601.407550,563.134583,570.856667
570.184333,560.318183,564.766667,598.508917,606.510650,589.770000,597.353350,579.971667,552.680000,584.053350,601.861617,590.606667,604.563050,607.799550,594.986667,598.512400,587.279767,567.005000,578.479933,591.051967,586.850000,582.173583,602.753333,623.128333,595.523000,591.470933,616.071667,604.900767,600.415817,618.123333,625.227450,614.908133,592.946667,584.844067,666.913433,790.623333,818.569300,805.328917,798.700000,792.884750,792.525433,798.175000,802.713667,797.702983,776.751667,767.813700,914.973617,1116.843333,1110.831150,1078.283800,1105.995000,1100.013583,1077.070550,1071.261667,1091.955717,1101.971617,1097.403333,1104.648217,1094.529267,1075.993333,1087.848533,1081.408317,1056.018333,1062.823867,1078.949117,1078.426667,1059.522433,1051.782917,1071.920000,1100.672617,1061.925367,982.281667,969.259883,988.307533,993.071667,980.425767,1015.265200,1068.088333,1042.247217,1013.404183,1019.271667,1026.990233,1048.641633,1068.255000,1049.776750,1035.470983,1039.433333,1036.187900,1034.381267,1043.780000,1062.897517,1076.833617,1063.741667,1020.032933,1025.604950,1084.195000,1117.495200,1108.564017,1085.491667,1086.125883,1075.421433,1058.285000,1073.545517,1066.322517,1061.415000,1111.272333,981.072633,752.645000,764.329850,830.964500,834.416667,836.159650,810.417633,777.426667,799.098883,825.599667,817.816667,786.836350,784.219167,811.911667,827.178117,843.567700,839.708333,784.895283,801.661800,869.216667,842.524383,804.595183,813.381667,829.869133,768.186500,639.243333,553.441567,582.678567,647.206667,596.699850,555.352283,569.350000,564.655867,576.501567,610.325000,617.067300,568.298083,524.601667
577.505700,614.622750,589.056667,563.848733,570.459667,590.393333,584.110500,588.797467,611.468333,614.778817,585.249733,563.521667,604.420933,632.330850,612.180000,583.483867,587.248800,615.366667,623.417317,616.760300,620.968333,646.989517,623.456250,574.731667,597.644567,617.393933,607.441667,616.870267,628.198450,623.380000,610.544067,630.326617,644.231667,589.406950,642.666500,787.081667,819.087300,803.974233,807.375000,822.635333,832.987617,827.931667,811.091833,808.239850,799.846667,767.632383,888.047150,1085.018333,1091.575833,1074.890333,1101.938333,1072.499800,1061.629033,1096.776667,1118.970383,1100.562100,1068.411667,1072.279717,1073.631800,1072.506667,1105.157783,1111.255550,1077.370000,1055.135433,1067.728100,1088.435000,1074.987583,1086.850867,1118.606667,1096.861567,1039.904750,1000.671667,1015.324033,1014.223450,996.883333,1027.108017,1046.281267,1039.086667,1047.119717,1041.677550,1018.460000,1007.780333,1007.471317,1012.920000,1022.343483,1021.580117,1013.325000,1013.639033,1013.050050,1020.040000,1052.986700,1072.990667,1057.693333,1028.371500,1051.349417,1090.730000,1051.126250,1044.817600,1079.388333,1052.174300,1046.040067,1080.535000,1084.126867,1067.177600,1072.945000,1103.120500,962.970250,741.403333,743.594117,814.588867,824.075000,791.946517,764.830483,776.976667,819.409350,787.704983,724.668333,776.519967,825.117217,810.971667,792.511900,792.380983,801.013333,794.242483,777.470983,774.880000,805.528667,825.473850,821.980000,807.412983,712.643833,593.758333,588.555067,584.184717,561.053333,607.794967,621.986633,591.008333,602.601067,593.391467,566.133333,595.449433,623.800583,607.415000
565.232383,571.178500,621.546667,638.481717,612.333400,583.151667,598.494417,611.457550,599.143333,582.626217,567.812500,574.980000,618.775483,620.842533,576.820000,563.024850,587.755633,620.205000,623.331200,618.013933,611.125000,590.879017,584.242383,594.128333,596.784800,597.747717,603.935000,613.495133,615.757467,620.693333,640.281517,607.850767,537.588333,532.755583,644.383367,785.536667,806.300683,796.033900,814.023333,829.632050,819.149267,798.493333,807.156717,830.599383,823.303333,777.545867,891.100200,1096.095000,1112.967917,1077.545033,1081.205000,1076.368683,1066.731550,1070.131667,1091.730833,1089.766550,1065.456667,1062.597750,1076.324950,1085.690000,1077.203650,1078.759633,1089.483333,1080.049417,1063.473100,1053.348333,1051.969017,1058.081467,1067.518333,1068.412300,1029.561100,980.903333,990.616583,1017.025517,1012.915000,975.662100,985.503367,1031.288333,1027.441700,1034.402933,1066.220000,1067.964033,1045.453167,1024.183333,1025.511650,1039.607750,1040.468333,1012.867983,1014.645917,1044.781667,1042.772817,1019.207400,1006.675000,1027.599433,1051.146333,1054.206667,1041.778783,1045.538033,1070.745000,1086.994950,1056.290883,1022.350000,1062.089333,1059.947500,1027.131667,1069.605200,982.345467,780.981667,712.034200,745.232383,799.760000,830.998367,849.888117,848.705000,805.315267,767.184850,753.658333,747.611067,767.594533,797.178333,796.189733,804.282083,817.285000,795.516000,809.932717,860.115000,867.811817,842.481850,817.888333,804.806650,722.661067,598.251667,552.251983,560.836617,583.513333,606.919867,641.013283,663.933333,638.794550,616.267217,623.506667,630.680617,567.761067,457.416667
402.885833,418.669933,449.390000,424.702167,397.912350,390.481667,376.383750,389.813317,414.635000,400.597300,420.409533,466.840000,454.407983,428.313950,423.228333,431.271200,450.890750,456.026667,420.922117,422.291617,447.703333,412.354800,398.138683,437.795000,473.866167,459.795950,428.496667,454.169950,476.163933,465.570000,454.471150,453.360033,457.475000,454.255283,437.530817,427.273333,450.265750,464.444550,448.581667,429.866550,471.169217,536.326667,527.524683,525.768283,550.925000,540.825400,531.348867,540.863333,545.260300,525.174600,504.996667,534.569200,596.703000,646.506667,645.736283,624.011567,613.173333,622.185583,628.634867,618.123333,598.760700,603.723333,622.748333,614.774417,611.549517,615.093333,598.637717,610.718300,640.880000,626.166900,605.092017,598.590000,589.103867,580.554850,587.680000,618.307750,634.147450,616.611667,583.473517,570.987100,578.481667,574.989500,572.480817,578.650000,584.962383,580.524667,570.066667,572.328583,596.814950,625.385000,622.876950,587.898950,555.396667,565.453317,571.206300,571.508333,608.246683,627.267950,614.318333,604.320617,571.919500,513.128333,462.658433,458.871050,482.673333,474.443300,445.108183,442.806667,499.082583,509.535833,476.256667,500.659033,522.067617,514.040000,516.435700,528.776850,531.920000,515.823017,533.746067,562.176667,523.291700,489.461333,496.610000,509.717167,511.242933,516.376667,545.014767,530.991550,505.726667,561.862850,566.380633,489.133333,439.496967,441.054083,460.450000,450.665583,442.949267,443.641667,427.573350,421.661683,437.801667,456.561883,449.061100,423.240000
414.543283,414.002417,425.095000,456.930300,449.665367,426.680000,466.613717,471.755000,424.493333,409.872050,422.463100,435.011667,432.748300,440.243583,447.988333,422.991250,412.058867,440.633333,481.694767,469.516833,419.175000,414.454350,452.455683,474.711667,431.264250,431.369417,477.618333,464.051300,435.975717,436.056667,456.780350,460.561550,456.310000,480.700300,471.639417,441.280000,464.188183,470.854550,454.186667,483.274733,533.868533,558.376667,532.556033,517.855217,520.905000,498.250900,507.415400,550.176667,563.017117,548.285700,519.876667,498.574367,550.904283,638.826667,647.605183,619.040700,614.090000,649.532433,654.284650,622.696667,620.954567,652.435417,669.931667,626.830700,609.901500,632.795000,629.838033,641.642383,650.946667,596.471483,577.900150,612.371667,618.410067,614.013017,621.326667,633.008683,614.459150,578.615000,575.919550,590.434333,589.633333,561.496033,569.561883,604.076667,593.404117,584.577850,598.201667,608.250850,628.646183,638.850000,602.647700,596.050200,601.765000,538.836467,550.217450,634.620000,642.904100,637.129350,652.011667,643.595700,585.213983,513.200000,491.515567,467.805383,457.043333,521.619217,533.231333,492.686667,526.445933,556.264367,543.393333,533.383767,537.765333,542.343333,529.654800,531.966867,548.630000,545.386917,535.051033,528.883333,527.688617,543.749567,547.333333,496.128117,473.978733,513.160000,559.988517,555.374367,531.008333,559.786317,522.465400,430.393333,419.465850,410.955567,400.080000,459.539817,461.831533,413.643333,449.923167,480.650500,463.516667,459.790133,517.308317,593.798333
598.818333,588.508300,586.223333,564.165700,568.266050,592.146667,578.881300,554.998783,559.433333,601.253133,611.286067,597.511667,628.752967,634.825150,602.078333,589.060300,575.500800,561.031667,574.333067,598.153150,611.518333,608.351083,608.188967,610.983333,601.869717,608.184617,619.531667,599.800533,600.942800,621.175000,607.439383,603.469767,604.140000,576.464850,661.075500,803.205000,797.481933,786.568817,820.651667,805.842767,797.214583,815.883333,820.298067,810.332183,781.163333,749.445000,869.593150,1067.511667,1097.417650,1074.038583,1085.671667,1101.350433,1092.722300,1075.973333,1088.990950,1089.164850,1081.253333,1110.978750,1119.023367,1086.098333,1058.850800,1076.607650,1109.676667,1093.884083,1089.354117,1106.458333,1092.160917,1065.205750,1044.516667,1029.770533,1018.260083,1005.953333,989.466200,972.020433,964.855000,980.224717,1008.868583,1032.506667,1034.812783,1021.973717,1015.333333,1032.030300,1036.412350,1024.763333,1028.391850,1038.208967,1044.913333,1050.438817,1059.382383,1060.025000,1038.598833,1037.489850,1042.290000,1003.498283,1009.819367,1060.311667,1061.888783,1050.896783,1054.173333,1057.605967,1056.451067,1053.560000,1055.252183,1063.606450,1102.285000,1159.154150,1005.103100,743.051667,724.068667,755.567917,728.800000,733.504667,757.890433,773.790000,775.985483,802.432800,839.201667,831.104117,807.060917,793.263333,787.321967,772.074217,767.273333,804.545150,806.625350,781.921667,807.660383,790.235017,756.898333,816.856850,761.453550,609.551667,601.848217,635.363300,612.831667,550.867317,537.402683,584.125000,620.251917,618.825783,600.821667,608.727583,627.383417,629.481667
603.919233,591.922133,605.691667,616.461550,601.448767,574.916667,573.587017,584.065700,589.210000,582.440200,563.749283,557.068333,589.002933,609.500700,599.766667,588.525817,591.754517,618.130000,655.855133,630.566017,568.541667,573.481283,596.459033,610.001667,632.514583,625.238367,599.661667,609.233750,616.347833,603.928333,596.740050,609.266433,616.631667,597.406583,680.262350,829.141667,862.960583,829.395233,795.891667,785.481900,801.046517,816.215000,799.716667,796.226700,800.315000,786.296000,912.721833,1107.620000,1121.004767,1093.164933,1104.438333,1095.819117,1091.209433,1091.801667,1069.308017,1056.974900,1073.223333,1098.800450,1089.178200,1052.936667,1043.934317,1060.550350,1081.315000,1086.211083,1082.283700,1081.881667,1088.316400,1076.587933,1054.590000,1049.623317,1010.951933,962.415000,983.528750,1001.687183,979.451667,959.748667,1005.275267,1074.940000,1066.260067,1058.211433,1070.806667,1046.004600,1032.519517,1036.715000,1018.758250,1031.361783,1072.308333,1077.450817,1050.893267,1028.780000,1046.182350,1077.482850,1082.838333,1046.810417,1043.085800,1074.611667,1073.707217,1061.060933,1054.226667,1047.989533,1050.837000,1069.996667,1095.792383,1075.259117,1045.446667,1073.771917,960.072383,756.545000,736.519600,782.040217,801.868333,822.758450,831.858067,819.986667,798.738983,800.682950,813.330000,793.265283,772.595933,772.976667,786.312683,805.178417,825.641667,838.953717,808.514433,768.208333,788.163450,780.354400,770.936667,849.469433,758.195633,545.571667,536.440067,589.142600,598.476667,608.300500,627.728150,625.588333,573.578850,568.558167,607.205000,597.610500,615.372600,658.026667
636.661733,600.286633,591.758333,604.884300,606.971817,600.908333,613.364333,601.883483,568.083333,560.251283,566.511233,568.681667,566.108800,588.003783,612.083333,588.522017,588.547750,618.601667,613.505200,602.910600,607.596667,614.564483,611.201767,607.348333,621.379883,620.354050,614.708333,646.743150,662.836167,640.041667,610.881250,606.300417,603.128333,569.195767,639.360317,776.075000,792.622483,761.960667,764.651667,805.038800,824.321833,817.588333,826.343200,805.149917,764.808333,788.770283,930.273317,1099.876667,1133.802983,1105.370450,1089.565000,1093.257083,1089.330983,1091.726667,1133.924300,1136.368733,1091.170000,1070.388467,1065.128383,1069.915000,1091.307767,1087.514467,1062.793333,1062.587483,1064.795717,1060.696667,1065.051333,1064.382867,1071.130000,1101.488050,1060.396067,983.308333,1002.550017,1009.177783,969.363333,968.932450,1021.381400,1069.615000,1043.076750,1018.104450,1034.000000,1056.661167,1057.000333,1038.748333,1032.279717,1049.995233,1064.063333,1035.384017,1018.829267,1034.960000,1049.066217,1039.552450,1021.181667,1027.251500,1036.613567,1040.905000,1050.272217,1043.627683,1031.435000,1047.190567,1059.529683,1057.335000,1057.141083,1041.174717,1043.603333,1096.532467,994.006483,785.618333,747.925667,804.306017,829.483333,780.675150,766.847733,802.905000,800.626833,784.182350,779.573333,781.742333,774.491750,790.501667,864.744483,846.278133,772.556667,827.044100,845.467700,801.068333,829.501917,815.644750,754.358333,757.626083,712.541567,614.626667,583.249567,570.129850,557.626667,580.799233,590.933983,584.811667,605.609550,615.556517,612.441667,628.619783,611.992950,566.753333
556.079867,567.607150,583.036667,593.052800,571.743733,550.626667,585.129933,584.949017,548.740000,565.992617,587.825483,588.148333,592.974383,601.389983,599.103333,579.727867,589.268917,613.386667,594.693583,593.850283,615.455000,603.289583,600.626533,613.481667,605.825467,622.089450,643.980000,605.525333,580.688717,600.011667,619.913083,618.089600,589.206667,564.371133,667.308783,816.471667,798.512750,776.992283,804.346667,774.145017,770.384800,800.896667,782.525617,769.086133,774.485000,776.594167,901.210467,1082.691667,1107.254267,1080.790783,1083.335000,1090.441367,1092.845717,1084.255000,1068.102733,1090.959083,1123.131667,1088.032067,1065.546717,1079.720000,1074.623500,1057.742133,1045.146667,1045.757583,1071.430583,1095.031667,1072.550067,1049.816500,1052.076667,1058.479067,1039.741067,1011.030000,1013.624033,1011.084933,996.171667,1001.338817,1021.695300,1051.645000,1082.047400,1057.341017,1011.311667,1036.327767,1058.609967,1046.711667,1040.053233,1023.505683,1010.680000,1032.451300,1020.005883,981.480000,998.984133,1041.530617,1057.770000,1027.363517,1014.769183,1035.105000,1044.355900,1043.022133,1027.305000,991.930483,987.735567,1016.190000,1027.531867,1022.107817,1030.398333,1053.807383,921.944150,697.550000,638.678917,681.280333,716.671667,701.716850,696.401850,709.998333,696.801833,693.447133,711.943333,725.257600,734.023917,738.306667,733.240783,725.771600,715.858333,700.309700,701.923033,715.618333,712.982417,709.900350,726.698333,748.687833,658.269817,519.191667,525.218800,566.749133,559.528333,531.400967,541.123833,571.555000,554.359883,543.702183,564.068333,583.330200,588.414900,587.163333
591.476983,570.261917,542.275000,561.017533,578.186367,571.600000,569.238667,589.267183,612.706667,602.611083,585.861850,588.226667,611.510533,631.774783,626.235000,594.453583,592.394750,612.890000,597.783467,590.908683,601.721667,595.982917,604.866400,615.240000,583.610783,585.751533,623.333333,618.875233,595.846467,585.673333,594.404150,600.796850,588.418333,578.494350,687.252200,828.911667,792.688867,760.861250,801.380000,805.385000,813.764550,832.356667,816.254783,812.957800,802.448333,746.040350,879.077483,1118.388333,1126.574433,1091.185400,1102.016667,1060.260850,1041.650250,1075.525000,1108.466867,1126.124767,1118.998333,1079.865267,1034.792500,1028.295000,1083.688100,1104.087500,1072.591667,1063.403900,1074.648217,1085.905000,1084.868500,1084.313300,1088.956667,1084.184000,1038.148767,979.916667,976.831083,990.598217,990.030000,984.125367,1003.679517,1038.326667,1047.599533,1053.756633,1054.213333,1026.748667,1030.855167,1058.825000,1042.499900,1022.253267,1021.383333,1024.463850,1040.346667,1049.686667,1019.732317,1000.618617,1005.826667,1002.624400,1003.342117,1006.833333,998.920817,1012.460117,1038.820000,1029.947383,995.273450,983.673333,1033.008717,1045.182750,1025.121667,1045.881817,917.997333,705.283333,684.440750,709.578617,697.295000,712.098183,724.754167,709.136667,678.975950,690.239900,730.193333,731.667917,723.696550,717.780000,698.622667,710.135633,733.971667,707.143100,694.772267,716.723333,726.951500,728.160383,732.320000,730.312450,650.095583,547.500000,559.287800,577.153117,554.038333,549.286367,552.457133,556.741667,567.794400,554.204233,539.731667,568.192683,513.276433,396.278333
374.851917,391.776917,404.281667,427.673367,430.295633,408.435000,396.790783,419.669033,447.806667,428.297150,413.140833,421.420000,420.248833,408.438783,410.880000,447.415867,451.542467,422.185000,424.912050,443.302100,445.598333,423.699783,435.785133,468.681667,454.510450,453.964767,469.410000,441.577567,427.155017,438.808333,431.708767,426.077633,435.730000,450.967500,462.099167,462.708333,452.571367,443.689467,439.938333,444.269350,496.340767,549.780000,514.413683,500.023967,527.238333,511.694867,506.676067,529.465000,535.997433,525.205633,520.785000,546.092200,571.860400,592.496667,626.563600,643.205933,641.121667,647.807500,638.457183,614.716667,607.749750,607.775467,616.080000,641.942600,642.110750,616.093333,609.610067,627.676367,641.445000,618.645267,603.391400,609.101667,608.667267,612.308200,623.160000,624.884650,593.748783,564.245000,594.685933,603.737283,579.746667,588.127883,584.770067,570.225000,591.903783,595.209683,575.600000,586.553450,608.997417,623.188333,624.253100,595.414933,558.535000,558.374250,565.156867,555.581667,539.730650,556.255183,589.471667,577.366717,518.595517,454.995000,437.508467,444.621317,447.431667,435.865000,429.961700,432.515000,428.447933,429.167533,438.085000,446.480250,456.175667,460.803333,452.382333,458.355183,467.756667,444.299300,436.825533,445.028333,424.338833,433.471933,478.583333,498.675650,481.780000,451.835000,442.469767,436.536150,439.943333,465.917983,419.992350,340.620000,365.088400,390.548350,377.241667,388.002767,398.032667,394.305000,396.397500,413.283650,432.531667,431.161667,417.444033,406.910000
409.794867,418.270800,422.421667,419.379017,423.642150,427.953333,411.603367,403.114650,415.113333,429.824633,423.226017,401.735000,397.542467,418.253050,443.941667,444.181017,430.707767,426.796667,443.261617,440.404517,420.368333,425.634433,442.408150,448.618333,440.578650,459.368433,484.183333,456.565733,454.722617,483.950000,471.897150,463.923333,462.723333,429.315683,445.710350,501.820000,498.430267,470.990700,457.458333,462.865083,490.048933,529.353333,561.183283,575.692533,572.193333,556.578867,535.188783,525.035000,539.534867,537.040233,503.981667,478.892250,535.427350,631.800000,646.550883,631.872967,623.183333,608.097417,626.112283,659.673333,647.292850,632.286083,633.560000,626.351883,616.660683,616.375000,626.064800,613.202450,598.788333,631.537300,629.019983,591.463333,598.792467,589.758533,569.321667,608.218183,632.763700,613.696667,595.700450,592.065917,594.991667,593.076733,608.042917,627.578333,610.702917,572.076083,552.383333,580.680800,595.719900,577.511667,564.071117,568.940350,584.430000,588.919933,564.775483,542.543333,565.930283,549.561900,520.540000,578.560017,544.244650,430.895000,438.457233,462.672150,442.851667,428.853500,423.096783,425.585000,441.524700,454.706550,464.686667,479.528267,459.632033,427.453333,446.624583,452.754300,441.515000,469.806350,472.020283,444.760000,454.093783,469.865850,467.566667,454.914483,445.566467,453.473333,480.022883,482.590783,471.853333,487.971167,438.964950,360.636667,386.702967,402.949683,379.330000,398.383483,405.080200,394.475000,418.762233,418.190333,392.950000,415.665383,491.532917,570.106667
589.088000,588.068183,588.523333,578.543183,586.927233,613.165000,622.333983,602.797333,573.053333,566.557633,580.681150,594.050000,586.309583,578.309283,584.970000,602.904083,620.497117,616.833333,583.309833,586.215250,618.348333,608.388817,595.831367,605.965000,620.344450,618.518533,608.146667,616.258250,634.492467,638.298333,612.737450,606.025017,604.215000,565.712950,640.080450,789.883333,814.768400,800.934017,810.043333,812.547383,808.850717,802.286667,795.869467,811.190467,812.533333,767.954133,893.352500,1119.151667,1139.317133,1088.463517,1078.793333,1086.887033,1092.965433,1091.698333,1089.662433,1092.092917,1085.346667,1054.666033,1051.822233,1085.010000,1107.481367,1095.847250,1067.030000,1059.429583,1062.903017,1072.505000,1090.124683,1076.823733,1043.650000,1036.115133,1000.467167,958.290000,988.952917,1004.163600,974.041667,960.724317,987.171600,1031.143333,1049.553517,1052.173933,1041.338333,1010.203333,997.922233,1023.256667,1064.860217,1072.197267,1050.463333,1044.795517,1013.350950,981.840000,1024.863567,1056.652617,1041.718333,1026.028717,1016.360767,1018.415000,1036.825267,1035.243067,1016.678333,1016.410933,1002.549050,984.835000,1006.864783,1015.707200,1023.541667,1066.698417,933.899233,700.198333,675.060567,715.234383,709.011667,692.304183,695.652400,709.980000,703.548050,699.358417,707.795000,713.229717,704.124550,700.156667,730.419683,744.633083,730.523333,724.059800,722.259633,729.781667,756.760333,765.257267,752.911667,741.318750,662.081700,545.713333,510.992183,541.656217,577.876667,572.199467,558.733717,551.056667,534.406850,542.256033,564.281667,554.399183,547.167700,563.318333
586.251433,589.866383,577.715000,576.371433,578.336833,576.951667,571.875800,550.999750,539.540000,576.492433,597.850917,590.310000,601.427883,615.251017,613.043333,596.857650,594.618683,605.943333,605.366183,604.619100,603.196667,589.877650,596.014817,613.093333,601.322900,596.648050,605.111667,596.989483,595.789933,609.963333,622.142517,627.092183,617.601667,601.715150,663.809983,771.125000,800.020183,805.574883,823.388333,827.156467,806.978300,789.303333,810.253317,820.393700,791.046667,763.390967,878.022833,1071.523333,1124.329783,1102.705133,1073.850000,1042.242200,1050.595867,1084.036667,1083.614433,1084.051350,1102.730000,1116.156833,1104.965100,1087.986667,1099.518617,1091.654217,1058.736667,1048.400100,1067.578917,1088.533333,1079.541767,1085.328533,1105.245000,1088.438950,1042.723750,1002.571667,994.909633,974.585117,951.705000,982.018333,1012.823733,1022.505000,1038.296350,1047.892167,1052.935000,1066.507250,1052.576533,1031.991667,1059.716400,1054.326233,1010.278333,1010.159150,1045.411217,1067.673333,1037.988400,1015.436233,1020.473333,1018.107350,1005.478083,1004.458333,1035.077650,1048.104333,1025.240000,998.621517,1005.975783,1030.085000,1019.975400,1011.244633,1024.335000,1022.892833,901.233150,723.456667,678.222717,707.548250,734.171667,732.110533,704.025967,687.950000,724.449683,752.093017,744.018333,731.021100,731.912700,737.486667,727.948367,736.131183,752.493333,732.573817,713.863233,719.225000,731.758167,721.212717,717.993333,760.600883,677.961517,528.868333,549.668283,564.967317,518.138333,533.198583,560.135983,563.015000,564.149917,577.680000,593.265000,586.193833,562.056517,549.761667
574.480700,586.993200,577.836667,582.467100,583.205050,577.925000,586.806700,601.259500,603.650000,586.104667,583.717683,592.831667,578.210217,574.520450,593.011667,609.696267,624.611750,626.551667,600.122433,581.986100,576.091667,558.986500,577.578983,612.283333,593.361550,585.252950,605.656667,606.855867,603.463183,606.938333,612.451883,627.030800,626.800000,594.735983,667.917700,803.216667,810.246800,781.681217,784.621667,790.305117,782.491783,772.048333,783.143450,801.284483,795.075000,770.275767,896.828917,1103.803333,1131.509783,1088.723150,1077.416667,1091.628250,1102.977917,1107.195000,1117.779500,1107.267717,1090.528333,1108.359333,1098.113533,1070.511667,1098.199917,1106.318800,1073.808333,1057.230217,1056.763100,1062.511667,1070.434067,1079.574917,1085.005000,1074.207667,1025.783350,977.743333,993.513850,996.457133,978.810000,1008.953900,1043.344733,1049.458333,1038.221500,1032.931600,1040.613333,1046.974750,1029.821167,1003.121667,1005.256600,1020.733800,1024.913333,1010.320433,1016.278683,1027.470000,996.349567,1006.074667,1046.995000,1026.134017,1017.336600,1030.163333,1000.830583,997.499000,1027.285000,1025.267467,1017.688750,1019.885000,1014.660233,995.477467,1000.106667,1045.558883,916.179467,688.305000,671.717567,714.901333,714.708333,720.215850,720.285633,711.090000,707.250133,701.315233,701.768333,724.362950,729.145200,709.360000,699.322200,707.638633,723.893333,729.818233,724.372700,718.568333,724.683333,730.596950,740.431667,753.671650,669.378200,539.540000,529.380717,548.289150,538.555000,535.339083,549.507667,573.296667,585.501067,559.442117,521.958333,532.508233,562.698983,577.666667
569.621917,572.240233,573.443333,537.859383,554.606367,605.560000,579.661083,547.118400,558.780000,590.145767,583.902917,560.811667,591.442550,607.294417,592.458333,601.470050,617.991533,619.480000,605.097167,608.775650,624.973333,616.797083,612.233217,614.205000,597.584850,590.737350,600.650000,606.467867,615.858500,622.488333,609.829550,604.649967,599.228333,577.320300,661.735017,804.616667,821.667717,802.267950,809.308333,814.893050,816.565900,817.081667,816.920783,815.671233,797.671667,773.152883,904.234583,1120.863333,1164.673467,1103.248483,1042.098333,1026.683000,1047.993483,1074.951667,1077.775483,1067.904233,1071.386667,1100.717283,1100.636300,1073.630000,1075.878217,1080.825100,1072.580000,1066.991100,1076.783233,1081.755000,1054.203767,1059.435783,1091.856667,1074.497433,1023.308050,987.795000,1001.567800,1000.620817,967.550000,954.780733,1005.922367,1077.331667,1074.020517,1032.055800,1006.766667,1022.812167,1041.296433,1039.798333,1028.044850,1015.516783,1010.850000,1018.861967,1030.768117,1033.331667,1021.420183,1024.701267,1039.633333,1033.069750,1020.814967,1024.270000,1044.484733,1032.281483,989.011667,968.451500,981.596517,1017.865000,1049.810533,1027.812700,999.783333,1040.677667,936.218600,727.408333,689.242483,721.891133,720.938333,689.371017,685.780233,711.635000,715.358583,712.493417,719.888333,733.427067,731.477433,719.460000,724.193167,733.514683,735.216667,728.028767,714.601950,706.260000,715.346000,727.781767,739.011667,741.241817,655.505050,535.798333,530.636450,565.671350,573.061667,554.782583,535.723733,526.965000,525.792583,547.707433,568.480000,546.960917,548.273167,573.293333
559.415950,552.823833,571.086667,581.475417,577.831317,572.876667,583.220617,594.860667,592.788333,575.574483,568.346567,587.715000,623.719733,623.417150,590.880000,582.560550,594.127217,607.226667,608.209300,595.377417,588.328333,607.559217,606.545483,583.023333,583.923300,607.364283,622.251667,603.422583,610.559717,628.431667,586.870783,575.984367,608.696667,615.489017,665.798183,762.421667,820.165200,814.723117,786.895000,798.026000,799.734467,786.418333,803.278050,816.942517,801.078333,787.365233,918.280567,1103.828333,1100.255633,1079.628100,1124.310000,1140.572500,1117.388783,1089.945000,1098.171683,1108.733967,1098.598333,1077.347550,1068.457117,1074.125000,1078.383300,1089.341250,1098.790000,1086.145717,1070.981200,1065.701667,1064.458300,1058.794533,1053.173333,1053.192517,1018.610250,969.006667,970.136200,988.146933,995.626667,998.620350,1007.669300,1015.251667,1009.019717,1029.216367,1051.118333,1013.356283,1015.033617,1054.583333,1032.253700,1018.473100,1044.113333,1061.799783,1047.429417,1020.578333,1019.772300,1013.606550,999.166667,1005.914167,1008.885683,1005.098333,1017.007833,1025.553867,1026.268333,1030.080233,1010.574883,989.506667,1017.243800,1031.344267,1028.546667,1045.160133,934.359450,744.985000,695.118833,713.052200,718.136667,707.073567,718.426450,735.678333,709.641467,714.731417,743.470000,715.458933,707.824133,728.598333,708.926250,707.925650,741.451667,759.466050,754.479317,736.756667,720.580167,711.743117,726.421667,758.025017,668.905550,523.006667,532.630750,571.211117,553.835000,526.615783,540.692317,572.271667,554.527050,544.747700,567.611667,576.831667,505.860933,414.703333
431.869600,442.416467,408.948333,410.298383,431.298817,442.736667,433.688383,421.936817,421.318333,430.478183,432.409267,431.391667,443.978667,437.855233,421.823333,436.106167,435.212817,420.791667,440.028450,448.376533,440.068333,452.517650,448.589233,431.291667,441.017033,433.318083,421.453333,462.070033,472.155883,448.066667,465.145983,458.345483,423.750000,431.089867,455.344700,461.611667,444.003533,449.980200,467.185000,444.471133,462.924083,533.601667,576.861883,567.298467,527.966667,504.736933,499.772433,505.658333,517.699117,534.445833,538.146667,517.794250,552.948567,636.956667,675.753383,662.860250,639.123333,647.015200,641.187500,613.031667,604.455100,622.453800,638.946667,621.605817,621.292017,650.116667,663.107917,629.181000,587.458333,606.859733,615.116050,593.413333,595.326450,606.842100,613.613333,614.433717,592.583217,575.301667,607.701650,618.196417,594.985000,597.877383,615.175050,616.356667,588.018517,581.872850,593.023333,568.463367,552.120000,563.490000,577.942100,591.464900,589.210000,561.041200,576.877583,614.561667,581.845467,551.960350,566.868333,585.139483,532.597850,448.938333,449.185767,467.979017,468.068333,474.633183,466.040183,445.260000,442.698333,450.152283,452.920000,444.921433,439.539200,437.245000,430.367367,447.233617,471.268333,452.689367,424.369083,419.778333,442.028467,457.067567,459.006667,471.351517,486.020867,480.738333,447.417250,454.102983,492.748333,479.732650,412.001183,355.435000,386.266600,433.455917,441.276667,417.607400,411.301533,416.760000,392.043000,401.648033,431.153333,403.165133,407.681267,449.115000
434.578100,395.672783,380.536667,404.190800,415.619200,402.715000,400.985550,415.116250,434.461667,441.135933,418.436817,397.185000,426.913817,446.538100,438.015000,440.326983,437.166683,431.050000,443.201850,438.568750,426.786667,451.028067,455.597067,438.850000,454.100033,459.367967,446.138333,447.611600,433.757267,415.971667,440.861100,465.842467,458.740000,431.548667,436.408083,462.885000,453.029450,445.520833,452.253333,451.807333,492.549217,552.040000,550.039233,528.692617,523.281667,525.703633,509.969033,489.335000,503.244817,523.816267,531.186667,538.985350,589.978767,653.753333,649.645817,615.788283,599.280000,614.997800,635.954900,638.018333,621.897383,631.930817,645.636667,602.732900,596.705817,638.183333,641.403117,622.923050,609.598333,607.142683,603.823733,597.823333,598.421500,603.197850,613.000000,625.435000,602.633217,563.248333,569.190517,594.211450,604.433333,588.093667,561.521867,551.300000,573.122867,586.880800,568.700000,536.872333,553.254700,594.698333,578.393767,561.808233,562.558333,543.314133,548.075417,579.131667,587.266333,569.534100,553.115000,559.982517,524.092000,454.445000,434.006100,452.302467,467.563333,451.310467,452.527300,467.118333,446.509550,450.145767,470.950000,443.379167,440.889500,471.941667,470.277433,471.331450,478.841667,457.940350,450.026517,465.698333,475.789417,492.282217,496.548333,454.918367,435.691850,449.400000,445.993117,464.458950,487.255000,447.260650,395.538217,360.263333,332.619600,364.577583,422.006667,409.649900,391.902033,397.353333,389.536417,378.981000,386.063333,426.392017,505.164967,572.045000
559.647567,541.110917,553.900000,566.352083,557.624617,551.006667,579.189650,556.392667,514.336667,574.198617,629.272917,617.995000,584.463050,578.338400,600.511667,611.169367,604.244700,593.480000,593.790933,583.559733,579.873333,617.695683,616.827517,585.080000,605.975867,601.713517,569.863333,589.629383,602.537483,599.870000,629.561850,627.953200,585.400000,573.404533,652.447200,783.951667,854.263267,834.044517,785.881667,800.898850,809.215783,791.585000,799.253233,800.270567,773.425000,758.667900,898.980067,1102.313333,1115.173833,1073.797533,1073.621667,1079.983617,1100.848200,1125.785000,1122.225783,1092.260367,1065.168333,1071.808017,1078.438800,1076.875000,1088.919450,1089.987700,1072.485000,1056.098083,1053.044450,1064.108333,1079.611467,1085.625950,1081.210000,1073.883083,1050.364667,1018.006667,1001.653067,992.727800,986.628333,991.454683,1014.764383,1043.450000,1051.805883,1045.172183,1034.055000,1026.285567,1029.667083,1038.226667,1039.900333,1051.888983,1063.111667,1043.966533,1031.748200,1034.950000,1025.738017,1014.211417,1010.643333,1013.657033,1015.402417,1026.313333,1054.218683,1023.052333,965.298333,993.636650,1026.552100,1023.261667,1022.290383,1018.018250,1025.761667,1046.696700,907.295917,702.481667,716.347750,749.705383,706.221667,691.714550,711.749983,734.935000,733.610333,731.274383,732.975000,723.085883,727.083750,745.270000,747.238517,724.001367,696.571667,696.735400,703.735767,714.776667,742.486483,739.314333,723.633333,747.361300,680.606133,557.916667,553.321283,561.634433,542.405000,563.392867,579.962533,567.420000,552.200733,565.090033,592.111667,590.034933,579.048150,577.925000
583.450500,576.830067,565.283333,574.745650,587.416050,580.071667,550.679433,555.028533,581.816667,569.108417,574.975850,611.215000,621.217500,585.856483,550.955000,581.324367,602.647717,592.691667,598.601750,596.884733,584.413333,586.114383,584.386533,577.933333,586.306233,603.152733,619.113333,630.316367,639.245667,638.178333,616.012750,594.315333,583.978333,593.112433,688.234967,806.261667,803.575417,786.822367,807.305000,810.647800,798.058317,792.995000,812.230567,818.985767,793.936667,775.791900,901.044567,1087.711667,1104.981583,1089.855367,1110.095000,1097.078150,1089.910050,1107.115000,1120.774000,1115.542000,1104.646667,1110.411767,1094.705767,1065.640000,1073.744517,1093.328083,1093.175000,1068.815000,1063.391383,1074.103333,1060.502367,1060.144567,1081.348333,1084.322533,1037.808467,992.381667,1028.384783,1034.499083,984.945000,970.103500,1005.838717,1045.565000,1031.706133,1028.357100,1045.313333,1030.874917,1025.647317,1038.650000,1033.992067,1018.665900,1013.978333,1034.157717,1053.562433,1045.071667,1006.342817,996.517483,1009.375000,989.222200,1000.483883,1034.980000,1013.717850,986.767317,997.361667,1034.939650,1038.231367,1013.583333,1020.564217,1015.714967,1008.321667,1033.662633,925.128017,730.055000,682.180833,703.101067,711.345000,706.862800,703.174417,703.246667,704.628217,733.186067,768.135000,758.700850,747.243850,745.116667,726.319083,731.904033,750.495000,727.449417,711.897150,726.288333,738.682783,716.586650,706.416667,767.101783,706.178583,549.765000,527.228133,555.502367,555.330000,537.594433,532.371767,544.053333,552.864267,560.106900,562.378333,552.200400,546.117500,546.916667
545.441650,562.388000,583.366667,571.182833,566.494483,584.663333,598.101067,589.765933,578.270000,594.336483,590.568000,579.651667,618.376050,624.901517,592.300000,592.873817,578.083333,559.553333,602.561200,624.808150,600.906667,589.591067,605.439300,619.170000,592.865417,578.938450,601.826667,633.603083,641.876550,624.755000,610.239933,619.830083,630.868333,612.624883,664.422650,772.696667,814.692417,813.325317,806.086667,802.401300,794.180650,791.385000,814.298933,836.129500,824.968333,794.991633,905.527733,1088.323333,1107.253050,1101.939150,1128.213333,1100.516583,1086.479333,1108.645000,1115.067133,1098.204150,1082.746667,1095.527617,1093.807050,1077.045000,1085.359233,1084.576000,1074.490000,1088.628583,1085.516117,1069.433333,1085.216833,1082.877600,1063.478333,1074.600150,1052.120850,996.818333,979.462200,977.128883,964.310000,950.151400,990.759700,1058.535000,1064.035800,1049.527250,1051.360000,1061.266467,1053.594900,1033.811667,1029.018350,1014.789000,999.715000,1018.416417,1027.013917,1018.888333,1030.060233,1038.555400,1030.493333,1017.135150,1016.337517,1022.811667,1015.166617,1005.459550,1007.568333,1022.658517,1029.172117,1020.008333,1005.204167,984.606483,989.683333,1032.709367,924.829317,726.846667,701.705567,725.724300,713.765000,708.844650,713.145000,729.561667,757.219583,734.788383,685.928333,700.313483,732.328217,738.283333,721.944100,726.670067,741.118333,714.365917,692.195233,705.270000,736.322350,739.583350,735.923333,769.165083,692.217783,550.076667,548.968883,582.157967,566.445000,530.937783,532.876883,557.951667,545.355133,554.338850,590.761667,593.903367,573.977683,564.791667
583.617517,566.578433,536.975000,579.327967,598.375933,575.866667,586.901567,590.027350,571.896667,569.734700,587.818350,602.276667,587.827267,588.078433,606.480000,605.487883,612.084517,627.493333,620.460333,600.100767,590.306667,605.490183,607.814633,604.105000,632.063117,626.337333,597.998333,623.807633,635.541033,607.973333,588.993383,596.011367,605.310000,593.876183,664.656550,785.126667,808.009083,793.776850,799.465000,818.186667,817.920550,799.575000,792.923450,789.006533,772.065000,764.449817,915.459117,1127.075000,1131.365267,1088.844767,1089.080000,1068.197083,1069.732800,1090.243333,1077.531683,1083.932850,1103.445000,1073.409183,1043.949800,1053.365000,1087.088417,1086.200517,1055.468333,1053.771383,1060.551650,1066.683333,1081.717000,1064.445517,1028.181667,1027.808150,1017.382950,996.551667,1012.701750,1020.544650,1007.748333,1008.765817,1018.163200,1034.006667,1061.234800,1076.397083,1060.395000,1018.279083,1003.048617,1028.818333,1055.337117,1031.785867,994.413333,1027.847000,1056.710783,1034.951667,994.089417,991.687900,1022.056667,1026.583967,1010.764417,992.796667,987.157917,1007.973117,1028.606667,1005.165217,985.729800,999.416667,1024.605000,1010.899983,1004.706667,1070.090950,945.787650,700.625000,682.693883,715.927100,694.501667,697.423033,719.591617,729.221667,708.797950,708.671000,732.290000,733.536050,723.190400,716.775000,717.591083,720.744067,718.056667,706.519733,708.245900,730.398333,754.975517,750.738317,738.935000,754.252550,672.178450,539.330000,539.934800,567.238600,547.213333,515.444333,512.774950,534.431667,544.039333,559.864433,570.236667,543.800183,543.137867,570.206667
566.142233,565.107917,578.410000,580.600683,586.376400,597.920000,600.022450,599.651867,597.703333,588.666017,587.855800,592.428333,586.796617,596.677667,619.358333,621.768483,605.898517,592.728333,599.761317,593.655950,579.285000,594.998917,610.159767,604.395000,591.131217,604.304417,628.211667,614.521900,600.859683,615.928333,647.029217,642.538550,601.691667,587.655083,672.416317,795.168333,814.519633,800.504350,795.868333,777.942867,786.108050,812.980000,810.194400,814.883617,811.758333,772.739983,901.469367,1117.170000,1118.573933,1085.599267,1105.861667,1087.738833,1084.445717,1103.816667,1092.607050,1087.004017,1098.170000,1097.480833,1089.925000,1078.908333,1063.525317,1065.974467,1075.281667,1062.241950,1077.281183,1106.920000,1085.800200,1074.415450,1083.713333,1061.104383,1026.879800,1004.293333,996.533300,991.592200,983.715000,980.602017,1002.923733,1043.635000,1068.689050,1060.649383,1034.285000,1023.866483,1030.450850,1038.203333,1032.322683,1033.667383,1035.471667,1011.411350,1001.562117,1020.060000,1041.130583,1051.061717,1038.170000,1005.525100,1016.931417,1057.833333,1047.965683,1017.502967,1003.386667,1014.184000,1032.300000,1030.438333,996.769783,991.992833,1027.970000,1035.452183,898.536983,712.710000,702.834633,728.943233,714.800000,722.368183,737.220333,731.931667,702.954300,707.508067,740.095000,740.630583,739.909483,745.225000,728.276283,706.502750,705.001667,730.884750,738.911617,725.678333,727.903767,725.420583,731.725000,767.303817,695.333650,536.591667,467.790133,497.862500,553.508333,556.046550,554.563667,558.010000,528.326717,525.900167,556.766667,557.655367,508.878083,442.985000
414.407500,404.423317,402.566667,416.112867,417.198350,411.070000,427.786950,430.439283,422.903333,443.489967,439.684867,413.091667,421.991567,442.357950,447.565000,435.119850,423.109733,420.101667,424.922483,452.932400,470.565000,427.263550,412.518833,440.708333,439.486417,431.316950,437.683333,451.845633,458.434000,455.345000,452.321317,446.462017,443.573333,452.285533,446.229817,432.060000,442.420933,448.222867,448.156667,472.126400,500.810900,516.230000,517.351250,514.107017,511.793333,511.930200,528.371933,545.136667,529.664433,513.752000,515.458333,528.860717,570.924800,620.453333,632.507833,641.775633,651.553333,633.126467,633.847367,651.926667,639.905883,639.715250,651.678333,632.465383,620.859517,628.873333,630.416033,637.674933,642.270000,619.547250,601.201633,605.753333,617.688583,598.868383,576.646667,614.533300,640.483017,620.696667,593.210667,589.749983,594.170000,571.892900,591.444083,631.008333,595.863233,562.377000,565.760000,566.215867,564.340133,561.998333,555.201850,554.809583,557.451667,549.828233,550.411117,569.891667,591.645950,558.704217,523.130000,582.541917,552.509817,438.631667,432.998400,433.001817,412.340000,451.852267,455.745967,424.286667,451.346017,444.317667,414.418333,465.691883,473.257633,430.195000,457.183167,481.390650,460.118333,433.249583,446.080400,473.790000,450.992033,430.343867,448.445000,486.102317,489.105183,458.145000,445.871350,459.840917,487.958333,504.248683,461.417833,385.636667,358.238783,366.950650,388.496667,411.427383,419.534367,417.906667,425.878150,430.190033,431.028333,439.799517,427.246733,395.155000
382.072067,406.084367,440.555000,440.759950,443.656100,448.325000,418.707033,409.697617,422.596667,407.150783,411.491733,433.675000,421.694683,422.170500,434.328333,415.422567,440.492967,481.766667,435.843433,422.011633,456.510000,438.741550,437.021583,461.723333,446.587317,425.089717,423.661667,436.997817,464.073017,478.666667,452.900200,454.468967,477.173333,450.075000,432.292883,441.181667,436.401183,445.761733,458.161667,436.850450,464.081667,527.111667,525.663650,508.403850,507.711667,509.859133,534.115917,559.141667,538.064267,517.480550,516.603333,517.462400,555.671867,615.666667,633.932450,616.318350,600.493333,617.365317,618.698600,603.508333,620.665233,650.001350,659.961667,638.342317,622.361667,626.525000,632.084550,627.610133,611.748333,591.512517,575.863950,572.610000,583.633833,594.295233,607.575000,635.211633,638.710750,604.900000,560.344433,537.087767,545.511667,570.331950,585.030317,582.785000,578.027367,580.769933,590.455000,595.704633,580.160567,558.558333,564.719850,580.289283,583.211667,570.297683,572.945833,583.863333,566.956367,558.365517,578.953333,602.271050,552.896767,453.853333,411.081183,420.723483,445.633333,453.861167,452.251950,445.831667,433.688700,435.851150,441.681667,423.274083,425.014033,447.343333,444.684817,436.399900,444.315000,466.400033,465.183417,443.683333,442.022700,451.839483,448.948333,424.138467,436.644250,469.595000,448.182967,435.852217,463.275000,489.189917,461.193317,396.595000,369.015467,389.108033,423.283333,424.424333,402.166583,380.941667,380.843450,402.467400,420.290000,415.499483,474.585450,562.496667
554.652633,554.784217,589.501667,579.653350,564.850250,581.901667,618.568483,606.703700,563.433333,571.565150,583.531700,572.780000,564.719967,573.248500,595.466667,613.163967,602.293167,586.251667,608.940533,605.552683,581.556667,608.306217,631.027133,614.320000,583.906200,598.074733,632.115000,609.934517,607.588883,635.386667,624.226383,604.597217,590.131667,579.879317,677.546300,817.031667,815.930050,805.261967,834.423333,820.190650,795.776967,787.860000,788.969967,803.193267,802.470000,772.906867,887.052383,1091.206667,1139.242867,1105.285283,1077.473333,1072.935067,1098.847450,1112.720000,1064.294300,1057.902267,1098.470000,1088.126317,1069.912600,1073.135000,1078.471117,1074.640200,1066.816667,1067.476850,1063.617950,1055.583333,1056.658717,1053.765750,1057.510000,1084.897683,1061.234933,994.810000,974.819450,989.373350,1005.806667,1009.780667,1035.136200,1071.508333,1066.807367,1027.580717,993.461667,1006.495883,1046.863300,1072.740000,1055.609300,1042.969567,1042.691667,1026.020383,1047.846850,1078.745000,1031.620250,1007.082600,1037.426667,1051.826167,1033.934250,1012.863333,1025.777583,1023.003167,1005.536667,1021.743217,1021.933617,1006.950000,1026.171917,1024.085967,1016.700000,1049.336317,906.842033,685.031667,713.277900,758.614283,718.770000,722.473467,724.525767,719.128333,752.845517,743.210867,691.785000,690.819033,726.318450,754.331667,743.549033,720.980233,712.818333,723.195867,730.617700,728.645000,730.539817,742.807133,761.258333,760.164683,668.589717,537.953333,508.311017,540.653467,564.311667,545.198183,534.750967,548.673333,557.535250,577.187617,589.728333,558.935683,554.313950,586.045000
590.857117,558.382550,530.956667,559.453433,578.462250,576.765000,599.596450,587.392467,547.593333,554.070350,571.817867,580.668333,595.072817,597.188800,596.991667,620.403933,615.002633,584.030000,586.435467,602.139933,607.491667,601.280400,602.678000,605.730000,589.246783,589.090417,606.873333,608.317617,609.421283,604.398333,572.607767,570.476967,604.223333,631.468350,691.745100,774.240000,814.506900,819.677567,809.635000,796.755583,787.039667,783.378333,791.572217,831.710567,843.950000,772.047717,889.140133,1116.843333,1093.343383,1050.261417,1099.888333,1114.885467,1098.754617,1079.130000,1070.689050,1081.663383,1098.181667,1094.988633,1083.387267,1075.400000,1073.416167,1075.545033,1071.305000,1054.872667,1066.840767,1098.501667,1096.308550,1071.411217,1054.098333,1062.029467,1055.451300,1032.133333,1025.986900,1009.677550,980.751667,973.518033,1004.493000,1044.541667,1047.990150,1062.610633,1082.206667,1053.653900,1043.124933,1054.100000,1025.098383,1005.951550,1022.361667,1046.259217,1047.973700,1033.321667,1032.563750,1033.321000,1030.468333,1030.371867,1014.139833,1001.508333,1030.051117,1032.214700,1006.853333,1019.149200,1028.826233,1013.108333,993.701650,990.368133,1014.623333,1037.941317,911.765383,709.375000,671.172333,703.154733,719.608333,726.654250,720.301633,719.700000,748.179983,743.150500,715.530000,736.175733,738.768517,717.246667,734.216733,746.859533,737.173333,730.643483,719.108733,715.058333,741.650567,749.087883,735.260000,735.463233,674.994367,573.355000,538.060667,540.337500,547.515000,557.943333,567.717667,566.265000,549.048683,556.066300,578.376667,570.681000,579.283333,594.223333
558.738183,544.403083,570.310000,582.898550,579.746300,571.416667,565.066417,557.901050,561.141667,588.428650,599.164717,586.013333,581.499250,589.318250,599.351667,600.900250,604.543167,608.906667,599.559217,579.962650,575.680000,607.702283,612.581783,587.440000,590.030367,595.223233,603.400000,638.721450,635.852133,595.573333,591.635767,631.721550,662.521667,638.885867,711.380833,831.973333,800.260167,788.268883,833.685000,801.603433,782.105883,802.311667,796.339600,808.841467,812.915000,755.405717,864.640067,1085.285000,1116.604167,1090.427233,1105.968333,1118.545500,1089.755417,1057.725000,1092.181050,1101.001850,1069.913333,1076.148817,1088.205683,1084.733333,1081.186417,1085.247633,1092.818333,1094.284517,1094.997867,1089.890000,1071.255667,1075.392167,1092.661667,1073.315467,1035.053167,1002.170000,986.057200,989.198950,992.253333,974.913933,988.954600,1037.545000,1065.716200,1054.990950,1035.016667,1050.522967,1055.841567,1035.575000,1024.579683,1043.428333,1059.940000,1025.489617,1015.836850,1042.198333,1040.700317,1030.656667,1027.210000,1024.130917,1032.621083,1041.666667,1026.220100,1011.267650,1005.753333,998.483433,1010.881317,1022.430000,989.012267,971.633900,1009.841667,1057.837650,934.658817,722.701667,696.054683,715.986433,694.111667,686.602333,700.078867,714.830000,710.271367,709.913400,718.961667,718.685467,712.595783,713.161667,726.448450,722.638517,709.038333,721.673417,728.725683,721.736667,724.212333,725.460950,734.323333,755.252233,670.073417,535.486667,534.265683,537.789467,512.190000,551.210750,565.200567,544.460000,572.964150,600.912017,598.560000,587.392550,574.452667,568.623333
575.375567,564.504200,546.546667,562.837050,580.615383,585.186667,591.481683,586.227167,590.370000,631.987867,608.344750,551.431667,595.393017,617.843950,576.271667,558.896050,590.750650,617.585000,569.648550,557.030733,605.830000,630.199867,616.160017,594.638333,604.649683,616.496383,605.951667,582.212483,593.209250,622.515000,608.657633,601.890700,607.308333,595.014517,681.878750,820.240000,827.020850,782.695633,769.440000,789.247750,791.736050,776.116667,791.409000,835.688983,840.433333,764.549767,871.925233,1105.713333,1131.072533,1085.129833,1084.015000,1100.311667,1106.781683,1098.968333,1090.674750,1084.305167,1083.920000,1092.344150,1089.845950,1081.471667,1091.451717,1099.532500,1088.923333,1064.978567,1060.022783,1068.941667,1057.259983,1048.143017,1057.213333,1071.136300,1052.742933,1010.308333,991.039550,993.055217,997.288333,990.084467,995.593517,1018.995000,1039.014567,1042.976050,1032.870000,1024.170617,1036.124967,1058.205000,1055.135950,1016.851617,982.195000,1003.641233,1022.172850,1020.123333,1033.218750,1033.868933,1020.373333,1022.846550,1029.176583,1026.478333,1015.535417,1010.278533,1015.845000,1024.499150,1025.443817,1019.990000,1016.658333,1003.825133,1009.858333,1051.105533,929.755317,725.946667,731.018433,762.586167,730.571667,728.206800,726.423167,708.736667,702.240350,724.584183,752.083333,741.015783,720.182850,709.120000,701.186417,696.570383,703.306667,727.074583,741.641500,731.916667,709.596400,714.902917,752.056667,771.311517,685.387350,549.220000,516.862867,536.107333,541.973333,523.898167,525.052733,553.453333,575.318233,582.273117,573.420000,555.515917,561.382350,580.895000
572.317317,563.889583,570.138333,574.123017,561.061000,540.270000,538.638317,559.926567,589.065000,602.970000,598.575233,598.408333,625.049767,623.049767,598.110000,609.752317,611.839183,589.955000,580.517250,587.241150,606.548333,628.177450,611.973300,577.653333,589.098183,618.118717,629.358333,614.250617,603.572400,604.618333,599.794800,603.137100,605.996667,596.575200,667.652000,787.321667,819.144650,811.100517,810.673333,815.311183,815.495167,803.475000,782.699983,786.201967,779.405000,723.743367,848.453167,1083.761667,1109.622917,1065.699717,1066.590000,1082.924733,1086.692283,1077.603333,1077.295200,1091.199600,1104.240000,1096.572867,1092.398300,1091.130000,1068.820683,1050.857550,1049.831667,1055.848683,1070.319717,1078.355000,1060.818433,1056.975250,1069.835000,1058.764517,1014.666017,978.490000,999.337250,997.387200,971.398333,999.108733,1031.724283,1047.098333,1067.822567,1060.122583,1036.765000,1052.234367,1082.790967,1085.603333,1041.094633,1015.172933,1027.253333,1036.034250,1029.556483,1022.211667,1032.392567,1024.197250,1011.173333,1041.966433,1055.733667,1032.161667,1012.733350,1010.994267,1015.996667,1008.107117,999.815617,1008.318333,1032.904050,1019.736183,1003.408333,1047.606000,940.199000,729.063333,690.912400,703.914400,688.911667,695.297450,704.346350,711.186667,728.649050,713.950567,690.265000,725.802950,751.488583,741.186667,736.942417,740.377350,729.166667,688.858733,684.858433,721.625000,734.512517,709.061817,698.785000,750.006417,675.133950,522.566667,536.338700,570.220450,547.225000,540.824467,546.832750,555.950000,567.910417,556.068100,536.171667,546.101100,519.349367,448.233333
398.372100,386.136950,400.695000,418.249283,420.025850,412.933333,417.846917,415.530983,401.866667,396.965667,414.926900,438.721667,436.201683,431.167283,440.035000,453.972417,451.422050,441.945000,452.272567,444.316167,425.858333,442.271117,442.824767,428.103333,446.426650,437.279200,410.451667,440.669950,471.468533,468.690000,453.032950,440.158217,450.335000,492.781933,509.033133,479.556667,442.038217,436.729800,444.800000,421.529150,449.551000,518.060000,528.388833,531.159250,548.073333,546.453017,545.500767,553.060000,556.861133,563.008567,549.196667,498.975850,543.380000,644.635000,629.219033,599.750633,615.316667,631.266983,646.298250,647.791667,617.929533,608.655867,619.101667,601.678983,601.344733,627.313333,639.270800,637.319700,630.401667,625.815633,631.007200,631.531667,605.929150,590.795400,599.363333,608.353750,601.967217,590.731667,597.291967,597.662883,579.970000,559.962033,565.698567,581.383333,565.306383,556.850983,572.281667,583.933133,566.332900,547.181667,574.578117,574.542800,553.485000,588.783183,600.403317,573.198333,571.993883,562.861433,559.181667,603.015967,566.607083,462.886667,439.258400,447.718533,446.140000,445.550717,442.925517,438.528333,441.077150,462.010450,481.698333,464.891450,440.078550,441.753333,475.086317,473.309267,448.328333,471.432217,470.046650,443.566667,466.233683,478.791500,457.951667,445.431100,459.683267,486.965000,495.757633,486.211067,474.590000,471.214200,434.108883,379.816667,375.746833,405.419650,415.938333,376.631033,397.060183,456.075000,423.792517,394.208267,407.075000,408.221367,413.922450,413.780000
379.207317,386.220233,430.373333,430.155517,421.947750,420.615000,407.094317,431.538000,476.948333,469.232750,444.261033,426.133333,408.961617,424.997867,455.378333,441.940900,412.987583,402.905000,417.198033,413.718817,408.266667,451.099567,456.849133,425.325000,440.465917,446.689367,428.736667,434.165133,455.455367,464.650000,442.529133,427.091867,446.980000,490.665517,484.920783,434.060000,413.148833,410.540233,417.041667,445.422617,494.643633,536.011667,533.693567,517.928667,511.460000,513.707967,527.411900,545.030000,549.463933,532.103300,513.966667,533.190383,586.085700,640.731667,656.835333,631.955417,606.063333,627.248783,647.031967,637.671667,619.422467,621.855817,637.633333,633.587550,627.199833,626.243333,618.256433,601.947317,600.093333,632.108767,624.552400,587.498333,605.646067,635.595050,628.941667,584.934867,576.636833,604.080000,600.167133,592.257483,593.253333,581.024533,551.196067,540.490000,587.413233,597.698400,557.291667,545.426283,559.621033,583.851667,605.110017,592.309267,564.393333,571.351717,571.404150,558.530000,568.237933,567.453283,562.396667,580.993633,517.893717,422.071667,453.096700,468.019750,432.518333,454.759750,471.099133,453.165000,445.358750,460.493783,466.571667,426.646117,423.414767,463.048333,470.745933,472.950067,472.398333,441.441333,429.072900,445.586667,455.309300,470.929717,485.565000,471.299567,445.871267,451.683333,507.722367,495.669250,443.576667,486.199267,471.053883,383.751667,373.518517,398.216650,405.160000,391.094233,390.421050,410.425000,425.792333,425.398667,406.615000,387.795350,447.567900,555.540000
591.676050,573.465867,552.771667,563.879383,577.611000,579.706667,582.410083,581.646367,585.838333,607.774917,611.846700,591.080000,577.219517,591.633967,617.045000,614.472533,599.912150,589.138333,585.091767,595.947633,611.880000,612.226717,610.043667,608.655000,600.018683,602.856350,613.843333,610.190850,605.720833,594.395000,564.729667,594.403183,638.556667,588.179417,645.293700,796.433333,818.025933,818.335200,830.161667,772.996667,753.525800,785.548333,780.758383,802.576700,824.261667,772.566400,889.734183,1109.678333,1106.720467,1062.645233,1092.916667,1122.669633,1108.489783,1083.870000,1113.228133,1121.200367,1088.145000,1071.360667,1070.229700,1067.105000,1053.106467,1058.565267,1077.213333,1073.409350,1077.700633,1092.310000,1084.558283,1063.602550,1047.673333,1042.813550,1016.542667,987.960000,1007.490733,1009.429733,974.028333,956.424767,1004.542050,1070.010000,1055.533750,1038.657650,1048.530000,1039.893817,1039.947567,1038.968333,999.550250,993.850117,1032.390000,1051.085717,1046.170317,1033.963333,1029.630750,1027.738567,1019.998333,1004.997650,998.866017,1008.371667,1024.141650,1027.894333,1016.835000,1004.956867,1002.845683,1013.076667,1028.309533,1031.173967,1042.130000,1072.843233,951.081117,738.578333,690.947717,721.061050,727.725000,700.354217,689.445433,702.056667,701.543550,706.378233,712.431667,693.950683,685.486417,708.285000,744.380500,737.588233,701.615000,704.611883,717.574900,722.443333,729.866083,722.891500,722.023333,750.661167,674.170733,531.590000,508.652967,527.271117,533.941667,554.039517,558.789500,548.001667,552.874883,558.648550,562.695000,577.234100,578.942567,568.435000
571.722117,583.773250,585.253333,564.120917,559.856483,570.868333,559.574717,558.546350,573.666667,578.340700,593.515717,611.091667,598.737100,591.140400,600.251667,599.403800,569.901867,555.716667,613.506533,617.429133,570.151667,596.992033,619.097850,605.060000,607.423700,613.608800,609.210000,600.174350,609.443033,614.503333,574.849650,571.341967,606.790000,616.132767,691.891883,815.245000,853.877417,828.838583,791.786667,775.658350,776.245167,783.170000,791.441800,804.364983,800.175000,776.316600,902.461217,1094.770000,1090.391300,1086.558767,1141.200000,1113.478333,1092.624867,1109.138333,1097.905133,1085.924233,1084.530000,1077.049950,1092.673200,1124.365000,1126.663133,1094.148017,1060.081667,1063.784933,1059.007717,1040.640000,1051.016817,1071.679817,1086.360000,1089.615917,1049.898767,994.795000,990.398600,995.452550,988.045000,991.945550,1024.193367,1058.005000,1048.867700,1044.983650,1052.986667,1034.528883,1029.865317,1047.555000,1051.180917,1033.293617,1008.330000,1001.983033,1027.274517,1061.930000,1064.202250,1042.158433,1012.355000,990.426050,1003.223083,1026.860000,1009.718383,1000.975883,1015.715000,1019.812900,1021.368867,1028.576667,1033.930067,1014.368500,1006.056667,1042.591483,910.767783,686.163333,674.915100,709.506067,700.605000,725.748167,731.878183,716.845000,734.369233,723.274317,698.611667,739.629383,762.982650,739.026667,722.367983,722.116900,724.633333,713.669700,703.684950,713.050000,742.461417,740.980950,725.556667,744.445350,658.647333,520.756667,535.796683,568.392200,556.163333,568.996367,566.291233,554.205000,583.483883,582.959917,548.171667,548.749300,560.077200,566.455000
580.391183,593.009633,589.621667,566.185883,559.828700,576.748333,589.379817,599.459217,604.410000,596.899050,597.092783,590.358333,548.624583,552.475300,600.453333,610.708717,616.041767,623.725000,602.562517,587.501700,595.025000,608.326783,619.361817,610.721667,574.100933,580.886000,620.166667,611.153617,600.228100,604.905000,598.020867,616.924000,626.825000,571.725167,652.690200,820.326667,813.833583,781.693167,798.523333,788.218217,787.761667,804.506667,803.539950,816.820333,812.388333,752.413550,883.457700,1130.470000,1150.080833,1093.326300,1085.961667,1098.255967,1093.162200,1074.393333,1073.822550,1073.093767,1057.940000,1038.531717,1051.812200,1082.248333,1078.336783,1078.192700,1087.743333,1073.480417,1063.462250,1064.108333,1053.284350,1045.176617,1063.155000,1102.394183,1054.272367,960.388333,970.995467,973.709950,957.115000,1021.294683,1045.472917,1019.823333,1054.100267,1069.105250,1045.585000,1050.371567,1059.296867,1041.931667,1005.788783,1033.147450,1082.521667,1036.089467,1030.999383,1070.968333,1024.040800,1004.080383,1042.030000,1047.815183,1033.121933,1027.413333,1039.090267,1031.758233,1011.586667,1021.191783,1035.225950,1031.061667,1009.300383,983.196317,990.328333,1033.860483,908.669750,696.536667,694.936350,717.449767,684.296667,704.972150,723.872333,713.453333,710.241983,718.934017,721.683333,701.934950,701.142667,722.351667,726.853317,721.143917,722.930000,737.927100,729.306900,711.573333,733.169067,734.618467,723.660000,749.373233,658.252000,507.816667,524.148700,563.981933,554.220000,563.657967,568.629267,555.740000,544.454200,544.152983,545.543333,536.577017,554.300967,581.105000
560.559417,546.575333,557.725000,560.089383,563.367383,564.678333,549.941100,554.880967,579.565000,586.897067,584.169933,579.830000,572.930650,567.291400,577.985000,613.059567,615.828283,584.966667,575.795617,584.026967,599.486667,617.006083,613.741567,596.866667,601.388467,634.014500,660.801667,634.415783,586.570800,565.196667,595.191817,626.514967,625.546667,612.147933,673.825700,782.185000,816.775700,816.230450,805.660000,772.409467,768.572567,790.678333,786.015283,791.198467,794.873333,769.414450,893.557400,1104.003333,1134.198900,1079.238450,1060.568333,1101.384083,1106.502617,1075.740000,1093.674367,1092.952850,1067.838333,1084.918750,1098.480367,1084.500000,1070.872117,1087.449933,1113.733333,1100.517033,1082.997750,1074.510000,1057.689183,1064.109883,1085.161667,1072.470933,1030.999033,997.721667,1005.629117,1002.355267,981.855000,991.712650,1022.678817,1052.456667,1065.911417,1068.395833,1058.221667,1033.269683,1035.383867,1051.986667,1028.458317,1002.892333,1007.690000,1035.568200,1041.441550,1029.620000,1042.850667,1045.333583,1021.648333,999.026950,1010.213317,1032.901667,1014.314033,1001.626400,1020.285000,1043.204267,1025.816183,995.041667,1018.034900,1026.279433,1024.663333,1061.417633,939.913267,728.001667,709.054133,729.148567,707.160000,720.859900,741.859300,738.306667,713.190033,706.375283,721.025000,724.089533,720.049600,718.530000,721.942367,723.325183,725.235000,736.684200,745.584750,741.573333,728.418017,735.945400,756.095000,738.482717,645.210683,544.081667,551.699733,575.450750,559.041667,534.282650,525.524217,534.186667,544.229617,550.200933,552.128333,554.348350,567.116867,582.396667
578.755083,560.634217,550.075000,567.951383,587.627083,588.905000,577.020450,583.008350,594.483333,572.195617,565.169550,578.180000,569.842167,578.474633,592.241667,562.096283,568.500933,613.476667,617.133350,615.664750,615.010000,584.856350,587.977483,622.051667,617.017817,588.145050,576.656667,606.146750,617.963133,597.543333,586.569183,592.201350,595.586667,588.063733,662.058450,790.528333,837.392167,811.298950,785.776667,820.271650,815.617800,772.153333,789.646800,810.208417,790.538333,767.586067,868.350467,1041.523333,1099.139433,1103.626450,1095.421667,1054.311750,1059.480700,1098.645000,1081.089283,1067.944200,1079.761667,1073.046600,1066.369067,1070.521667,1073.118533,1066.631983,1065.218333,1084.969717,1072.375100,1035.220000,1038.924033,1063.964633,1073.226667,1046.693967,1013.434183,985.825000,959.208650,973.044600,1001.100000,979.268900,994.767617,1051.928333,1065.475983,1075.094000,1088.033333,1062.903400,1023.501633,1004.323333,1021.762200,1045.400217,1040.941667,1002.253950,1000.856950,1037.131667,1039.280200,1009.745033,995.296667,1037.730133,1063.207867,1045.248333,1026.635267,1020.591867,1021.281667,1016.484483,1011.459950,1009.163333,1006.475783,1003.964083,1021.603333,1055.600517,944.296717,733.313333,654.146800,693.016450,749.793333,737.455150,708.413550,698.910000,697.417350,705.837650,716.541667,715.617983,717.250367,729.508333,742.410633,728.658900,696.425000,688.410717,724.074467,754.078333,712.587600,711.663333,764.838333,760.324183,663.585567,546.981667,523.372700,527.061400,525.181667,547.028833,558.950900,557.786667,573.015283,578.039800,570.851667,569.114933,516.827583,433.381667
405.644383,413.945550,422.868333,418.518467,423.683567,431.168333,412.904167,411.046733,431.775000,436.585167,424.311433,408.786667,405.130217,413.157683,425.041667,431.138433,430.041833,432.860000,450.160533,450.486133,432.506667,428.662650,442.846400,456.818333,447.085633,427.687967,430.331667,469.933133,466.606050,427.056667,438.272033,468.134000,483.146667,481.281033,467.945167,450.440000,439.251300,454.268250,474.505000,462.430350,482.915350,528.976667,527.350700,528.256950,542.995000,527.870800,502.500900,498.966667,531.263417,558.608767,549.328333,515.534867,547.868800,629.106667,647.209533,620.100417,605.075000,637.989017,650.811933,636.133333,648.922533,649.495483,628.965000,622.357350,619.222800,608.960000,596.058183,597.315233,615.446667,633.968667,629.134650,607.788333,596.616583,574.941800,558.548333,586.268800,597.849933,583.923333,592.356083,596.999983,593.470000,605.585967,606.910683,588.495000,570.207250,564.826283,575.216667,593.844017,603.045450,588.188333,552.416550,545.384083,567.126667,569.191800,554.153550,543.410000,555.550000,576.609267,590.416667,583.322617,529.884433,449.036667,401.290667,420.630950,459.533333,435.823150,422.668467,453.710000,484.227100,475.356367,449.315000,460.592117,460.497533,435.738333,428.534083,454.328117,487.621667,483.532883,454.332683,436.301667,454.584750,455.412600,434.328333,440.465267,460.994650,472.585000,467.421600,474.981600,493.396667,484.662733,431.321617,382.186667,406.581250,417.812617,396.423333,402.852283,392.731050,367.843333,378.274650,376.564950,366.563333,401.080917,425.209300,411.918333
390.374200,390.443300,407.663333,412.725433,411.963483,408.713333,399.723567,403.442500,419.401667,428.760633,436.598167,442.870000,438.935333,427.781083,427.391667,453.264117,465.099717,454.386667,453.726883,475.374383,495.655000,475.393733,434.678800,406.880000,412.951583,432.290150,448.350000,455.889617,439.088167,422.786667,450.683467,470.601783,464.073333,462.658617,465.295583,459.446667,438.468183,428.348583,425.333333,411.296683,456.960433,533.060000,532.007917,520.317650,539.583333,559.660900,544.942183,512.021667,514.561883,542.437650,549.603333,512.221117,563.635617,666.891667,653.250583,657.256833,691.000000,633.004717,621.401500,668.966667,649.119850,642.423667,663.461667,635.978867,598.668667,592.598333,617.671517,622.665583,607.716667,617.244450,619.245283,602.568333,593.697267,605.858817,622.261667,613.150150,600.707217,592.350000,576.104983,573.204817,581.943333,579.439450,583.022650,591.208333,582.894650,574.472417,571.728333,566.326883,573.470067,587.918333,586.280067,578.242000,570.468333,557.733600,535.356917,539.146667,603.531833,603.995367,545.883333,551.045650,532.538567,471.243333,448.957567,462.764733,468.776667,431.085217,416.014450,435.973333,441.006700,448.698533,455.536667,435.962800,429.132750,433.311667,411.118033,410.030117,441.621667,461.557133,436.142150,409.443333,454.068117,465.195033,435.511667,460.218733,477.173783,459.373333,448.187000,453.992067,471.443333,482.678583,451.245317,402.615000,399.548800,391.203833,370.628333,384.065683,400.039400,403.033333,409.220717,416.415833,409.575000,390.981717,456.733367,567.745000
579.444667,557.425267,558.405000,573.398917,584.022800,587.831667,592.868433,580.604633,567.905000,592.217050,606.809233,598.218333,598.901833,606.109150,612.641667,617.200050,622.012517,624.531667,617.012300,594.414517,577.118333,592.594717,600.016517,588.205000,586.189317,595.619283,605.461667,607.208383,622.222067,644.880000,643.555350,620.699950,588.781667,576.241517,664.255300,794.990000,816.649100,806.369483,810.711667,798.711133,786.488300,786.020000,796.740400,832.422083,840.463333,776.969100,895.685783,1121.420000,1112.615000,1068.532233,1095.756667,1098.496450,1098.921517,1109.863333,1106.865033,1083.255050,1069.358333,1098.982800,1095.985800,1058.758333,1058.801617,1053.884850,1047.831667,1088.038300,1098.223717,1072.323333,1077.878850,1072.007667,1051.725000,1059.523817,1047.541917,995.338333,943.382700,967.165783,1023.785000,998.516517,990.468283,1034.248333,1060.173883,1059.277067,1050.048333,1050.688150,1036.273967,1014.416667,1020.820000,1031.080483,1033.950000,1037.176267,1012.685483,987.595000,1022.051683,1052.973683,1042.613333,1016.650500,1023.803417,1043.465000,1015.958017,1018.042300,1044.858333,1015.243817,1004.625217,1029.041667,1024.881567,1009.092750,1017.628333,1039.692067,899.845767,687.036667,683.738033,731.872100,728.911667,727.112800,722.651017,717.881667,727.950233,732.449800,736.370000,760.080650,750.931900,718.790000,728.483117,741.890467,735.340000,726.051783,729.405633,734.901667,717.949700,697.589800,706.741667,746.418567,687.743167,563.300000,539.461700,545.490567,530.998333,524.710833,543.282817,565.471667,553.098217,535.417250,541.986667,570.996117,566.543583,542.793333
567.117533,588.487983,579.528333,567.312717,578.141950,594.273333,575.422333,562.370633,576.003333,595.776783,599.015217,586.368333,581.022000,600.916317,622.768333,605.484350,593.306050,605.853333,619.016333,619.489717,600.765000,572.036367,587.214233,626.008333,613.024833,592.038633,597.106667,616.158700,616.568333,610.165000,634.638817,637.094400,599.996667,577.868617,671.217800,808.015000,805.306200,765.922867,773.475000,808.826950,815.509350,795.090000,799.623417,817.178000,807.153333,766.094883,874.414050,1074.478333,1116.134133,1109.876283,1126.773333,1118.620817,1091.351700,1074.676667,1090.426183,1095.925700,1081.318333,1078.252967,1087.993850,1098.080000,1094.142967,1077.160900,1066.018333,1079.270917,1080.346567,1069.258333,1078.227683,1068.754250,1041.625000,1038.133383,1032.685550,1009.146667,984.521400,997.740950,1016.025000,976.766833,997.798750,1064.343333,1043.702583,1039.361517,1070.375000,1051.614583,1057.885233,1089.875000,1063.837683,1019.803667,1000.890000,1010.964550,1015.232000,1010.905000,1026.553683,1050.311233,1049.460000,1006.029267,997.757200,1025.696667,1018.543600,1015.967150,1029.588333,1026.693533,1023.903783,1029.861667,1031.242483,1012.627067,1004.385000,1032.895967,935.280400,751.765000,700.577000,711.571083,715.631667,715.330233,698.322250,689.945000,727.085200,728.913017,699.910000,722.846233,736.079400,714.591667,699.104400,697.291050,707.066667,721.931067,721.960617,718.088333,736.576633,731.375683,710.561667,717.787850,655.800033,552.931667,545.594000,559.723233,550.178333,549.085800,563.229983,566.151667,529.359850,517.393633,554.353333,598.025317,599.899467,579.571667
593.889367,577.960817,553.163333,603.539283,601.625267,540.543333,543.810683,560.474183,561.371667,572.017217,569.107533,557.181667,569.816000,593.736700,606.846667,600.208417,602.186050,605.241667,579.011183,579.412483,612.176667,626.664367,634.274783,628.696667,591.310533,586.389283,609.861667,595.816750,586.404950,598.446667,607.332717,633.162933,642.155000,594.612550,677.085450,844.955000,855.326617,820.534867,820.366667,816.995583,800.710083,780.870000,775.687117,794.193367,799.995000,771.783550,906.071217,1122.738333,1122.881083,1053.169467,1049.536667,1099.013450,1101.633017,1062.578333,1073.959383,1077.223433,1058.880000,1069.155350,1078.268667,1070.873333,1062.882517,1054.138900,1047.616667,1050.062767,1053.885800,1064.240000,1086.000750,1061.663683,1017.781667,1034.097650,1010.815850,962.131667,1003.138633,1018.899900,977.821667,972.809183,1022.169133,1074.843333,1058.021350,1008.375633,988.191667,1027.377750,1040.412383,1024.141667,1048.504883,1036.693700,1003.185000,1044.231033,1070.730117,1044.116667,1015.405983,1000.487150,999.196667,1007.103717,1026.392933,1036.428333,1011.024333,997.654467,1009.876667,1014.471217,1002.490683,993.985000,1014.277933,1023.357517,1032.300000,1064.779600,937.816350,726.000000,706.083817,731.041350,714.513333,719.791400,729.924283,733.951667,742.569483,742.206733,730.841667,722.859133,726.197050,738.296667,747.738617,743.057333,727.538333,715.321767,706.306867,719.635000,768.213817,754.691967,702.451667,715.698583,639.349317,516.215000,555.342483,582.680733,538.350000,537.265567,544.573567,541.468333,552.952333,557.468733,555.918333,572.015050,582.876500,576.240000
564.751883,569.039250,587.486667,596.310500,580.401583,558.753333,569.170217,597.846867,613.798333,595.017667,570.586933,570.140000,597.059483,601.729750,588.581667,605.709417,609.971683,597.396667,606.836767,600.175300,578.503333,586.527200,607.157367,614.033333,598.396683,592.817800,599.890000,596.057733,611.723683,637.008333,628.342067,621.799683,618.203333,596.675300,665.015667,791.810000,823.328333,803.436433,801.603333,838.670917,847.200933,817.261667,803.054350,798.202033,781.846667,772.536550,927.353400,1143.318333,1139.789617,1095.452817,1108.460000,1101.516717,1088.878717,1085.351667,1083.678283,1086.202383,1092.750000,1095.220783,1076.814467,1069.930000,1115.974567,1095.005117,1025.575000,1046.457417,1065.213533,1054.763333,1077.115983,1056.279650,1020.863333,1073.716633,1061.924750,975.881667,967.632033,1001.597233,1014.566667,989.488317,1002.898567,1045.906667,1035.094250,1020.796283,1031.441667,1044.694433,1060.354050,1062.628333,1031.838750,1017.526767,1036.218333,1055.925583,1053.838183,1032.633333,1013.482367,1001.361083,1005.553333,1031.418683,1036.400450,1016.016667,1005.511417,999.586017,1008.335000,1046.433350,1046.634317,1013.663333,1018.578483,1028.753750,1028.800000,1019.537300,898.804383,740.450000,733.471967,727.459183,688.723333,729.575250,737.782933,694.028333,697.307917,716.412933,724.453333,728.118867,715.352183,693.190000,687.629433,702.788450,716.495000,705.729400,722.460600,750.323333,720.129833,697.631583,715.016667,729.213633,673.622683,578.423333,546.937350,566.869017,583.585000,557.201783,551.990750,565.180000,536.142117,540.644400,574.636667,553.596583,528.592850,533.936667
552.511450,569.603167,581.691667,590.532500,580.400350,565.386667,576.872067,580.575333,579.338333,608.084783,616.920533,591.413333,570.716117,577.919100,600.348333,606.881000,615.723467,626.986667,615.773400,581.658517,563.118333,601.502450,623.378583,606.031667,595.956700,597.181767,597.003333,585.608600,584.441733,594.166667,597.656800,619.066367,643.935000,639.455083,690.889683,787.536667,821.834233,803.616600,790.258333,824.432917,827.105450,786.961667,773.817217,787.776883,789.945000,771.574317,912.716083,1127.721667,1134.184800,1106.099917,1128.726667,1112.726417,1093.144633,1085.465000,1065.118117,1057.787967,1074.266667,1096.361067,1102.727367,1086.168333,1060.656883,1063.740033,1079.498333,1055.694400,1030.558950,1041.538333,1082.470450,1073.977517,1032.621667,1048.795050,1056.032000,1032.501667,1024.987250,1015.198283,987.600000,959.764817,996.937050,1064.131667,1057.859350,1044.944900,1059.095000,1064.726817,1056.815950,1039.048333,1019.045450,1018.075233,1033.656667,1040.002300,1027.803117,1016.550000,1031.035433,1023.020267,1000.575000,1018.485950,1022.435933,1006.796667,1020.432983,1025.319083,1012.856667,1015.993500,1025.976600,1025.121667,1003.860200,977.882883,993.216667,1058.544167,951.855867,731.303333,691.256050,723.661183,732.146667,733.448250,732.284250,719.030000,688.477800,690.133800,714.275000,702.752317,693.768333,704.540000,714.022200,730.285633,738.690000,717.208550,731.765733,768.703333,748.375917,732.266717,760.370000,789.099817,682.422417,516.361667,515.563133,565.533567,566.965000,536.354633,539.896217,579.208333,594.646333,585.522367,578.543333,584.404000,509.559383,395.708333
388.751883,409.679950,412.820000,428.974767,431.390367,421.150000,430.147283,441.403483,443.575000,443.545217,447.282850,448.725000,438.911367,442.295133,459.895000,465.065683,449.017950,427.128333,424.606300,429.366567,437.476667,454.562150,455.196983,439.513333,432.790550,427.603017,425.453333,436.520183,437.212767,427.541667,433.388550,454.511450,468.656667,453.521417,445.329433,454.513333,461.044500,482.921683,491.608333,444.533317,461.722150,540.258333,552.427950,527.471817,519.671667,548.305700,559.244017,539.260000,529.793717,552.407550,572.401667,544.945500,579.898133,658.860000,650.078167,633.611417,636.808333,608.915767,612.319217,637.188333,609.897633,603.897583,628.813333,620.542567,623.930650,644.173333,636.052383,623.219683,613.366667,592.462667,593.239600,613.848333,617.472017,613.397100,609.211667,600.293500,588.037467,573.481667,559.491933,563.481267,588.045000,614.683683,615.776850,592.373333,573.555367,576.459033,590.023333,586.098817,567.448433,539.721667,516.646950,559.638867,626.316667,607.686050,586.751717,590.260000,563.189383,543.777867,553.998333,564.636950,509.851350,432.463333,445.128117,473.836683,476.173333,478.839450,468.274233,453.340000,462.097767,467.232833,456.350000,443.999983,435.960917,434.670000,439.980700,445.261800,454.543333,474.382000,474.054383,452.218333,442.118267,458.724583,482.995000,480.226767,468.483933,464.303333,464.051050,445.549317,427.380000,442.793517,408.783117,349.068333,375.352683,409.850067,410.640000,413.182200,423.106350,428.378333,415.806483,403.695250,396.160000,385.181167,400.890117,438.380000
452.832067,421.595633,385.790000,409.154200,419.272800,407.061667,433.012817,446.947917,439.171667,447.221883,424.524617,390.666667,419.678300,453.889733,454.611667,438.481817,431.298883,445.581667,467.515617,441.940467,395.221667,409.632117,427.183750,419.776667,419.646317,435.842250,455.348333,455.905633,440.728167,425.636667,426.115850,432.584267,441.598333,456.864467,461.824800,457.931667,461.931550,459.643050,445.926667,438.466033,475.090017,529.513333,533.686367,526.611367,535.130000,548.308167,562.148633,559.226667,524.421950,511.236467,522.551667,521.075417,575.312467,660.408333,670.070150,652.060333,639.121667,619.766767,622.775900,636.526667,621.594350,628.121650,649.281667,627.058117,615.266983,626.013333,618.764133,622.605383,638.900000,631.371367,598.148317,577.206667,609.816583,630.221533,608.373333,582.287783,606.888583,646.528333,612.929300,580.596400,594.618333,624.222033,622.446550,599.923333,604.899767,595.425633,569.326667,567.203467,551.621583,529.603333,551.793517,585.454683,593.553333,568.311367,548.394767,548.916667,555.805683,576.732867,592.976667,565.879367,506.548017,453.883333,445.209317,452.549167,454.171667,449.978050,436.096017,421.995000,424.536917,432.297550,433.073333,429.172383,452.471767,481.411667,461.659717,448.210117,464.541667,475.229083,449.760567,415.728333,429.746950,442.546300,444.038333,469.645750,474.289217,449.800000,439.210483,458.084467,486.820000,483.943650,433.518783,380.155000,390.995350,410.257500,404.820000,394.459767,393.697683,394.375000,381.899233,395.555167,409.216667,372.292333,441.259750,563.531667
527.976167,524.956883,594.845000,582.978600,563.382517,575.630000,579.837950,594.043583,609.058333,589.887467,568.410433,573.808333,602.690083,604.095433,587.571667,607.007917,608.329033,586.875000,595.524867,609.855383,615.720000,623.085133,617.694233,604.543333,605.619883,608.943317,608.285000,606.837850,589.488850,584.410000,631.840200,633.471967,575.726667,561.166600,669.988600,808.118333,796.784650,780.074517,807.093333,788.855883,789.870350,817.488333,810.100400,815.991817,816.788333,765.990400,871.183483,1080.765000,1117.586983,1092.127783,1096.700000,1105.283983,1094.484967,1075.465000,1081.501800,1103.906550,1122.196667,1118.022967,1087.169850,1070.473333,1113.654717,1120.877350,1072.675000,1045.672000,1050.870117,1056.145000,1029.297400,1035.633100,1070.835000,1061.625483,1034.980200,1020.738333,1021.097033,1021.343433,1019.045000,1022.474633,1018.818150,1014.871667,1031.765933,1048.070467,1039.246667,1004.386700,1002.759267,1037.686667,1052.966367,1039.107617,1026.196667,1047.692683,1045.555267,1017.935000,1023.557267,1046.481733,1062.403333,1059.965600,1035.877250,1010.716667,1014.878317,1030.395733,1033.320000,1017.458600,1020.025933,1038.485000,1034.047583,1024.773017,1037.098333,1053.021950,914.798700,713.113333,709.483867,725.602433,698.126667,736.574300,736.613283,693.785000,713.871417,724.701117,709.180000,726.564917,738.695850,734.093333,739.935133,731.196483,709.248333,707.842917,729.670317,757.635000,764.045417,728.227183,701.461667,743.467217,678.988867,536.606667,529.258033,558.737067,555.826667,554.106117,558.996767,552.463333,518.805417,509.806600,532.773333,547.504717,568.104133,583.618333
566.304900,574.794633,605.451667,593.842717,568.365667,555.456667,558.941050,593.989767,619.876667,577.918183,568.053117,602.456667,593.746067,567.825550,563.211667,589.031267,606.610867,594.886667,570.093667,577.140883,598.756667,581.232483,596.516000,641.756667,636.770267,618.266750,615.716667,620.463900,622.075367,614.091667,598.118767,591.089933,592.878333,602.611950,693.559100,815.100000,826.685333,796.169217,788.478333,804.480050,816.115517,809.816667,795.077450,788.268700,785.201667,788.962850,910.904083,1084.416667,1114.466767,1108.044683,1128.141667,1127.253350,1103.712267,1086.308333,1102.818117,1108.458100,1088.645000,1072.326800,1068.214300,1074.313333,1083.143250,1086.384500,1090.535000,1107.489167,1112.135717,1099.361667,1088.784917,1081.462567,1077.403333,1075.562500,1056.386933,1026.728333,1014.635167,1009.041633,997.835000,987.475617,1019.050283,1065.453333,1055.175733,1042.965350,1044.831667,1025.357617,1025.251500,1042.400000,1033.433100,1037.999467,1060.463333,1061.372117,1052.043750,1037.286667,1011.636717,1005.916200,1016.426667,1011.159683,1018.265483,1039.513333,1044.476967,1041.009350,1034.556667,1021.454117,1011.415350,1019.326667,1044.727233,1024.396283,1002.113333,1057.218150,938.355400,717.353333,730.304067,754.192300,709.771667,742.465367,750.632200,711.926667,717.070933,733.718750,732.846667,723.838900,726.015600,738.126667,740.526567,730.574717,708.730000,686.643867,721.272433,765.598333,715.529667,693.887317,743.871667,772.655867,699.219883,571.035000,520.055633,521.056917,530.866667,536.083067,550.143467,561.080000,543.770900,545.364267,572.821667,582.589583,564.838250,549.925000
576.271700,592.385250,575.721667,555.463450,559.120733,579.111667,582.806117,574.145967,574.443333,599.320317,611.716000,595.146667,570.691000,572.463167,594.756667,601.387217,603.874550,598.476667,570.208100,567.342033,599.755000,626.021250,618.954750,587.110000,565.847400,570.579583,592.168333,605.482983,599.376183,591.105000,610.349600,637.414633,633.653333,594.623267,667.769983,804.848333,807.667600,805.431200,835.385000,804.494500,798.666200,826.821667,812.272133,824.692783,839.106667,779.368483,879.149467,1088.896667,1111.153633,1096.663283,1113.615000,1077.462400,1080.687417,1117.515000,1087.016267,1080.708783,1109.595000,1088.158333,1063.636550,1071.550000,1093.321617,1082.508950,1058.466667,1080.764150,1084.646750,1060.716667,1066.675250,1080.594517,1080.198333,1064.045267,1032.553367,999.835000,989.060300,1004.411400,1013.348333,982.230233,995.061917,1045.960000,1044.341833,1037.021200,1051.771667,1063.159233,1053.091567,1036.753333,1043.479833,1038.174417,1022.240000,1032.305067,1035.694050,1017.753333,1001.742233,1016.633533,1041.960000,1031.352267,1033.500433,1048.008333,1026.334550,1018.339950,1039.246667,1048.088183,1021.564283,992.351667,1014.707583,1028.970300,1022.896667,1022.291183,908.729517,741.010000,715.394467,726.957483,716.853333,726.398550,706.901567,682.741667,728.812383,740.454967,706.305000,720.127917,741.258967,740.328333,732.339533,723.744983,711.211667,692.180483,694.130800,715.570000,726.261250,727.766417,742.196667,768.103667,671.683750,528.735000,558.558850,591.790250,555.300000,542.724283,532.928583,529.703333,569.773167,600.259150,585.048333,544.078417,557.033367,596.673333
563.625950,550.218233,573.740000,557.890467,546.857167,563.215000,579.443100,580.820150,574.158333,576.678283,577.120333,577.086667,589.108550,590.296767,584.426667,596.803733,597.950450,591.206667,606.171350,593.562633,568.171667,597.055167,621.748167,611.791667,596.743933,603.442133,622.365000,621.505983,617.693717,611.111667,590.768267,612.902283,636.581667,577.502483,623.555667,769.943333,817.658517,833.974567,845.106667,804.052083,806.439617,836.305000,788.260950,785.072767,825.806667,801.070150,885.660250,1066.916667,1132.240883,1110.809000,1083.555000,1097.398617,1111.084000,1099.835000,1077.465517,1058.358767,1051.981667,1060.768250,1077.551317,1092.431667,1095.903433,1082.774850,1076.473333,1106.730417,1120.224783,1085.263333,1027.773283,1028.632967,1073.828333,1068.999117,1031.029233,1005.473333,1017.304817,1013.180700,981.458333,967.187917,995.366067,1046.148333,1069.040300,1049.101733,1015.668333,1017.095167,1038.134750,1050.636667,1038.950100,1023.497550,1024.628333,1043.495750,1042.668100,1020.248333,1010.129883,1009.386817,1013.226667,1020.392183,1013.882300,1005.671667,1021.534167,1013.574250,986.196667,996.521617,1028.158617,1044.378333,1024.290217,1013.356517,1034.438333,1046.180567,917.005250,716.900000,666.156367,694.483333,723.911667,740.628650,720.083767,687.491667,699.156500,724.100683,734.491667,732.064100,733.838667,742.575000,744.567967,732.302717,719.166667,722.567483,702.728350,682.045000,720.425100,727.162733,710.815000,753.130300,688.889767,546.781667,535.478700,559.821950,556.931667,560.946067,551.658867,535.831667,546.123033,552.997583,540.838333,528.042917,546.884600,576.385000
566.239750,570.801650,589.180000,566.753867,559.128733,582.973333,596.401683,592.846000,574.353333,551.708783,571.166450,612.690000,608.557133,598.748233,600.336667,593.306467,609.220183,631.681667,609.434567,594.408117,596.448333,578.818567,589.426283,624.313333,624.054233,602.414867,590.923333,606.908617,618.013417,618.721667,628.178850,609.554683,565.521667,557.356950,658.761917,803.018333,835.343867,817.590850,802.713333,790.446150,821.876100,851.730000,793.682983,778.843083,811.895000,791.883800,908.638983,1106.710000,1113.978900,1065.734933,1070.186667,1101.072500,1124.611917,1119.498333,1086.412500,1061.098617,1058.501667,1065.494267,1074.343017,1078.766667,1075.138067,1071.082583,1071.508333,1075.168717,1078.629933,1084.808333,1096.517467,1090.428333,1073.301667,1070.274867,1036.325350,979.816667,964.683000,990.606950,1012.750000,990.985583,1009.125183,1054.700000,1033.718333,1030.893617,1052.380000,1019.600317,1009.168450,1036.998333,1038.406467,1029.102233,1030.380000,1042.898283,1048.457200,1051.576667,1068.168200,1053.860450,1021.756667,1030.070117,1029.082100,1009.698333,1014.176800,1018.188000,1017.206667,1032.328667,1039.697617,1035.068333,1037.487850,1035.718067,1046.521667,1072.655233,930.812033,700.696667,666.378867,696.182750,698.546667,716.216117,739.408733,745.156667,724.236817,714.404683,725.711667,734.139067,737.096567,737.391667,737.896617,742.633767,740.453333,716.546300,702.177900,714.260000,736.834083,729.886783,721.836667,759.932600,681.701883,535.201667,539.941267,554.260333,528.110000,554.036500,560.802767,548.990000,588.514750,574.543783,518.550000,532.683683,494.793783,404.598333
397.970833,428.309517,441.623333,431.614750,420.923500,418.288333,416.512500,426.194283,434.500000,420.437333,438.776117,471.731667,446.746517,435.236133,451.173333,437.864150,431.713883,447.661667,457.464667,444.455133,422.380000,422.481317,437.381517,437.718333,406.152783,416.717117,456.000000,437.603267,421.885300,439.528333,458.815517,468.801767,465.705000,452.885550,455.407317,459.225000,431.561183,438.462617,472.593333,461.522867,463.579650,498.628333,524.238233,537.502583,540.680000,532.197733,517.373017,507.348333,512.104200,521.161217,526.990000,538.137617,591.535367,651.865000,643.156200,639.671200,658.888333,643.488067,616.886967,602.698333,604.233467,626.197150,638.991667,606.387333,600.908900,626.071667,615.489600,607.042150,609.880000,594.802250,599.875333,617.991667,601.094733,586.146083,595.550000,611.024883,599.433583,567.288333,556.876900,580.315767,609.293333,604.959767,612.844533,628.935000,602.092283,574.804767,571.875000,577.699550,582.792117,585.343333,586.501700,577.643083,573.701667,596.098600,591.058033,556.488333,548.022133,568.468283,592.060000,581.977050,518.237233,446.280000,440.469767,449.002733,441.075000,435.903717,439.718250,449.901667,458.165317,454.565900,450.950000,467.943917,474.041050,454.998333,431.338183,438.184817,461.666667,455.445217,450.934950,462.675000,469.377817,455.591517,443.875000,466.433733,454.324667,423.286667,458.437600,484.821583,474.415000,467.807783,430.604100,381.808333,382.364000,372.225567,344.851667,355.998967,374.022950,381.503333,391.686583,393.509683,393.041667,410.098167,425.547817,422.345000
403.677433,403.425733,419.518333,419.481533,421.882750,428.478333,422.059383,428.131950,446.328333,446.774550,429.667300,415.971667,425.437150,423.735200,412.158333,426.625750,445.336983,452.016667,451.939883,454.199183,459.573333,460.374667,452.108933,451.356667,475.079317,465.050567,434.961667,454.321900,456.314017,433.368333,447.267500,461.804600,458.800000,458.120883,457.492850,446.725000,424.928217,433.188350,458.440000,451.080317,470.688433,529.060000,568.744733,560.538000,530.235000,531.666067,543.398817,547.855000,548.930667,543.451633,521.261667,490.917167,548.912283,660.181667,683.996617,668.923300,656.908333,642.715450,652.922333,677.651667,674.707050,652.493950,628.001667,611.329417,602.969417,594.415000,580.166517,591.003467,613.653333,603.129250,598.053367,605.925000,596.869167,599.968683,614.500000,611.235617,624.662433,642.776667,616.547217,597.847617,604.255000,603.673600,605.135133,605.028333,588.144650,585.223717,593.038333,581.045417,589.414183,611.056667,595.113783,575.504567,565.116667,549.282367,570.911000,597.188333,549.584333,524.423317,557.155000,576.680717,513.416083,421.546667,427.605983,461.338367,464.361667,445.073800,428.789800,431.928333,451.696400,459.390533,446.760000,433.697350,443.710133,460.326667,446.809267,445.251933,461.968333,460.515350,456.393600,461.276667,469.830333,478.277367,480.633333,470.279400,449.976033,442.260000,465.139283,453.700283,431.251667,476.577683,461.589433,382.740000,369.883667,379.096583,376.915000,382.851883,404.054650,424.543333,420.846083,415.377367,400.493333,362.116300,419.427850,543.866667
577.278350,566.950500,562.311667,565.106350,589.352317,610.668333,584.581317,552.741033,541.701667,547.335867,588.202383,622.031667,580.751417,556.568633,588.335000,620.551183,600.515200,558.248333,574.972567,613.374683,619.695000,579.726700,576.562917,612.758333,611.956633,599.906300,604.328333,619.493000,607.455933,585.526667,610.289567,643.653050,631.560000,577.040767,664.994917,832.313333,824.779417,790.097650,816.245000,836.074067,817.521433,781.288333,778.105800,808.320017,820.231667,783.481267,894.838817,1085.876667,1084.776417,1084.484767,1140.478333,1110.321483,1084.037017,1105.430000,1121.857400,1123.503033,1112.078333,1094.583200,1098.617500,1111.880000,1091.338250,1051.670867,1031.943333,1062.003883,1097.924383,1098.793333,1067.692017,1091.346500,1139.138333,1092.554767,1030.005767,999.313333,979.384567,995.755333,1017.065000,982.572300,986.434517,1040.163333,1057.522483,1049.542883,1046.675000,1062.964933,1072.451733,1054.090000,1015.976000,1019.267400,1044.716667,1016.596217,1003.655983,1029.160000,1043.500033,1036.806683,1025.893333,1032.871867,1038.750733,1038.266667,1043.480817,1040.171633,1033.036667,1045.159200,1069.366233,1072.955000,1030.164683,1010.588150,1036.310000,1046.042067,938.405950,767.426667,699.768550,696.114717,709.818333,732.660967,728.424600,703.096667,698.707533,703.592233,714.301667,738.206467,739.305183,718.118333,712.694233,721.048217,737.271667,755.445583,745.173433,715.236667,708.463967,722.356800,741.775000,740.238867,654.774267,541.126667,531.623750,556.457833,559.235000,551.544650,554.325317,563.410000,558.528833,560.209867,561.050000,540.170050,570.432950,610.898333
548.744233,526.203717,567.350000,560.134717,576.832717,625.525000,626.038400,594.003117,562.448333,556.286050,596.312183,638.886667,609.678767,563.713050,546.915000,559.763250,589.240333,613.700000,613.802217,602.146717,595.833333,602.275183,605.074700,598.883333,592.304050,582.922750,588.756667,627.054983,623.517500,594.701667,627.924500,641.493083,600.286667,568.598217,641.270133,765.201667,788.572650,780.008150,795.793333,817.882883,809.688533,780.316667,775.518483,789.039633,794.183333,791.858300,911.241667,1092.106667,1127.654417,1106.770317,1098.813333,1086.622533,1088.651967,1091.600000,1065.480217,1075.871833,1109.241667,1088.209000,1088.829217,1112.386667,1080.987450,1054.310850,1064.398333,1079.438767,1067.414183,1043.733333,1052.344600,1065.804733,1074.303333,1087.660883,1054.336567,1000.193333,1006.411533,1006.540817,979.431667,978.724033,1021.947683,1063.448333,1040.738200,1032.621783,1055.051667,1044.668317,1015.954050,1005.083333,1031.821700,1047.641933,1030.795000,1005.138533,1000.312017,1019.881667,1041.288033,1046.052983,1026.970000,995.104850,992.268317,1010.345000,1002.957217,999.400817,1019.188333,1048.716317,1060.353250,1048.355000,1028.843433,1006.394217,1011.491667,1049.199650,920.685967,695.891667,662.397600,703.240933,714.288333,709.437433,704.628900,711.601667,731.347417,737.003950,727.755000,726.863267,722.572967,706.590000,688.365933,696.320050,724.785000,737.144433,728.124050,709.273333,698.364850,703.670150,727.783333,751.062500,684.369233,571.725000,554.376867,563.750250,551.578333,539.847517,534.212033,542.765000,568.767250,569.414167,549.966667,552.489117,531.858400,517.160000
582.556017,602.911850,562.386667,568.219767,581.719500,582.126667,594.891433,606.028350,600.825000,580.956683,573.363767,581.868333,584.033283,570.940650,565.740000,597.243600,606.684450,586.608333,588.732850,607.146633,615.281667,593.686867,572.428267,577.711667,607.034983,611.409250,602.006667,629.354483,620.168467,587.350000,616.237150,615.481267,568.113333,568.214317,669.574083,798.510000,817.567567,795.753900,791.695000,798.066717,797.776533,793.453333,802.772800,816.930983,802.191667,760.002267,890.390217,1114.256667,1137.015650,1110.340650,1126.548333,1122.605250,1111.211617,1102.886667,1090.104967,1084.452717,1083.446667,1070.590500,1050.629033,1054.111667,1104.535583,1120.265600,1089.038333,1077.095883,1081.403833,1085.396667,1077.943867,1051.898567,1037.690000,1068.757383,1049.756400,982.650000,968.450633,985.370400,993.696667,983.045450,1000.528433,1039.048333,1043.086567,1035.846033,1031.378333,1022.361567,1032.857417,1061.958333,1076.155250,1047.070933,1015.708333,1050.811617,1065.898033,1042.783333,1046.304783,1043.935350,1021.921667,1006.691500,1008.137933,1030.175000,1064.621767,1063.258383,1034.010000,1030.995233,1030.243583,1026.125000,1035.802517,1016.924233,995.333333,1020.120533,911.818350,715.996667,675.693817,696.043433,699.225000,705.672750,710.928433,717.265000,732.710050,733.319917,719.451667,714.531467,705.898000,704.058333,730.534033,724.646067,694.186667,710.455083,742.304417,755.693333,745.815700,729.851733,726.653333,730.417050,657.185583,544.766667,527.813400,564.038450,582.096667,555.292200,563.184533,588.340000,537.385300,502.623933,531.835000,576.246850,573.863017,546.408333
566.429900,569.874833,552.326667,576.849600,599.449333,592.570000,575.187617,574.241533,591.146667,603.777983,604.429900,599.830000,602.124383,603.345783,598.071667,589.211000,582.446100,588.670000,615.077967,636.112817,628.140000,595.343333,607.529883,636.930000,592.832900,582.017383,620.165000,615.450567,610.351333,624.371667,624.938500,604.199300,574.921667,577.041617,695.533567,834.718333,802.356300,777.630867,821.258333,820.569817,819.838533,831.248333,815.269233,816.373867,813.873333,765.821417,878.414083,1086.058333,1100.040633,1070.819667,1092.451667,1102.825117,1094.762300,1079.125000,1071.845950,1096.485500,1112.520000,1060.005433,1058.257517,1114.820000,1116.778583,1096.752183,1082.646667,1067.161167,1071.882367,1090.020000,1089.788367,1083.097250,1079.513333,1071.539650,1039.546833,994.433333,974.039367,988.720283,1004.988333,981.256583,986.627000,1042.448333,1094.552917,1092.653833,1048.223333,1020.185900,1017.291850,1031.451667,1049.951550,1056.632633,1045.935000,1027.501450,1024.837383,1035.953333,1034.359233,1012.285000,998.411667,1027.462400,1035.799067,1009.630000,1001.252100,1026.372367,1049.451667,1020.350450,993.357667,997.525000,1009.743783,1007.464000,1014.538333,1048.354267,930.568933,726.995000,698.702267,719.842767,710.551667,717.433000,711.677633,700.141667,721.049550,717.523767,697.331667,724.791233,737.778217,721.280000,724.150250,732.647700,733.405000,734.156500,757.298900,779.783333,752.118283,714.067550,712.870000,742.607300,656.686633,511.231667,518.470767,568.817567,574.973333,559.666183,562.256500,578.228333,570.265267,556.474350,549.288333,547.172517,570.683533,595.616667
575.235067,570.804100,582.720000,555.067517,556.310083,594.290000,601.286583,578.930133,566.620000,595.630533,592.001950,567.101667,598.951717,591.553400,557.903333,607.329117,625.897900,586.275000,579.549767,594.838733,611.040000,622.894850,621.735400,612.685000,609.317700,600.997483,600.498333,629.973300,633.573083,603.490000,590.097317,603.788217,616.171667,603.449050,665.515317,777.666667,804.233333,787.490050,781.491667,796.377817,805.514633,801.075000,799.740617,804.608133,789.288333,753.314750,889.247833,1124.063333,1167.814667,1115.831550,1082.836667,1090.957083,1113.724083,1119.648333,1096.152650,1079.770833,1083.821667,1090.001950,1095.013533,1095.063333,1086.502317,1083.999000,1088.635000,1087.867217,1086.967833,1083.238333,1067.773483,1056.489650,1052.310000,1041.100417,1018.125167,987.546667,964.530750,980.293500,1010.401667,999.303900,1002.343383,1034.953333,1054.198467,1056.785700,1049.226667,1038.525550,1036.659183,1047.241667,1059.813717,1048.312383,1033.586667,1057.267417,1046.183633,1009.371667,1029.646983,1042.871083,1033.163333,1045.357100,1026.284350,988.970000,1007.276900,1033.427883,1023.978333,991.416500,1022.554633,1076.580000,1029.028000,998.420033,1036.881667,1055.169567,923.685783,734.905000,717.311083,727.924617,698.670000,706.636250,729.340317,740.066667,736.360567,722.934650,711.783333,712.846850,706.384600,698.988333,715.671233,721.887167,713.721667,722.868033,740.160700,752.141667,754.522150,753.806917,755.096667,744.906867,657.076150,538.276667,515.205633,533.340200,548.658333,563.327283,539.187500,510.988333,554.378733,579.478317,575.788333,603.625683,529.722417,395.930000
394.603300,425.446150,420.513333,415.433817,426.798417,433.473333,404.651917,395.404800,424.713333,455.200267,457.495933,446.075000,456.590550,447.741567,430.338333,459.690750,483.895067,468.918333,437.342867,452.359983,495.846667,489.849583,478.118183,471.118333,434.540083,412.152667,430.343333,467.357150,462.977500,430.945000,440.602733,453.425433,456.688333,475.845050,476.542167,459.040000,458.830717,453.298967,440.843333,449.171500,478.569567,515.468333,542.883900,556.723733,559.301667,552.711700,527.416533,509.423333,536.567667,543.160817,507.916667,488.166433,566.104733,675.138333,662.194600,639.489200,657.561667,654.990450,640.669800,628.588333,619.729300,618.282617,620.035000,613.731300,598.069050,590.005000,607.725117,613.750150,604.088333,608.069783,599.966000,584.300000,595.411617,609.776300,612.210000,609.753867,605.409550,606.475000,615.508550,596.496517,563.666667,571.042017,592.940650,603.475000,596.317083,563.878917,543.958333,585.260367,600.670267,565.315000,543.225367,564.551667,588.703333,554.700483,558.661083,596.130000,564.975917,531.651233,542.770000,567.099533,521.885917,443.038333,447.151183,454.673300,437.831667,451.163617,470.298700,469.588333,449.114517,432.729233,430.376667,433.264117,436.458500,442.271667,451.882650,439.833217,422.881667,443.528700,454.194233,446.110000,455.324267,451.569267,430.488333,423.934467,435.866150,461.596667,489.242550,485.541083,471.470000,491.423400,451.656650,370.758333,368.718500,384.513433,389.195000,413.624950,414.913167,394.775000,398.950417,396.205767,393.868333,426.255717,407.987217,367.965000
418.956933,437.154333,405.503333,429.018050,435.341650,404.213333,398.485250,419.553317,434.381667,412.152133,400.565617,414.758333,427.669867,450.942000,459.151667,415.937583,424.322150,483.283333,485.095567,452.657800,438.458333,467.897950,479.586817,462.473333,460.989317,455.327100,449.058333,467.245517,463.150367,443.463333,462.093583,476.358750,459.996667,435.254617,449.667667,481.086667,463.051067,450.924467,459.976667,457.436700,499.346050,561.350000,550.650567,513.246550,509.030000,551.577417,561.383750,536.298333,546.914100,555.216000,539.341667,529.212817,579.900633,653.183333,652.676617,642.221583,647.311667,631.548717,626.715100,631.891667,612.996817,604.106133,618.818333,634.306733,635.176983,627.520000,628.903467,626.895067,622.466667,627.507833,615.165467,595.243333,605.501217,611.084217,600.780000,598.041933,596.257150,592.265000,589.557367,573.860650,557.256667,570.972633,599.091617,612.760000,595.549000,582.098167,577.171667,557.771400,558.365250,580.690000,586.030850,565.434067,547.533333,567.257200,569.708317,556.660000,582.656967,598.287533,590.256667,587.330117,538.309100,455.660000,418.369250,432.941550,460.250000,454.059533,444.495200,445.933333,442.287350,436.383050,441.620000,464.866283,466.935233,440.525000,420.778800,436.775950,469.873333,470.949150,452.214533,449.268333,481.613500,478.358050,441.401667,444.488150,467.307133,475.508333,456.564083,442.232633,454.445000,480.941717,459.266950,392.755000,354.423667,380.244517,420.153333,391.982517,384.129250,421.883333,438.677683,426.814433,393.693333,364.586600,432.589050,552.361667
575.740500,562.573167,574.516667,609.010767,616.332117,583.331667,548.087867,558.855750,585.055000,556.325917,561.041617,601.510000,589.279950,576.467350,584.736667,583.680183,599.970367,616.818333,590.203467,596.306033,634.115000,621.550817,583.504367,566.155000,592.620733,621.594550,624.440000,610.179217,620.692933,638.428333,610.553550,607.828167,627.461667,610.144850,681.974983,805.660000,805.484800,789.704183,805.065000,791.139650,794.618283,811.830000,792.643167,809.768783,835.486667,789.065517,890.830700,1098.330000,1129.759050,1097.973800,1083.991667,1056.770067,1069.754283,1103.233333,1078.547600,1061.084633,1081.138333,1101.786300,1106.506350,1099.100000,1092.769967,1081.294917,1069.236667,1070.879283,1076.314450,1071.910000,1055.541200,1059.182117,1079.188333,1076.154667,1045.010467,1010.560000,1002.832433,991.243883,968.806667,966.223183,1006.125383,1042.306667,1008.881750,1019.716433,1072.713333,1051.675283,1026.514100,1024.123333,1002.492933,1006.296333,1034.896667,1037.489683,1033.395450,1034.176667,1029.119150,1022.165133,1012.593333,999.246683,1011.600333,1039.566667,1039.066067,1019.481917,1007.923333,1023.122483,1036.360700,1039.251667,1045.041967,1027.451017,1015.720000,1046.384333,935.176700,738.835000,715.625533,747.328117,734.673333,702.656200,704.930550,731.481667,724.305067,710.507417,713.086667,723.157417,711.182950,694.600000,715.678650,713.034683,699.090000,744.427867,757.028533,737.566667,772.373100,759.627683,708.541667,723.023083,657.665033,532.391667,529.096317,563.538617,565.276667,548.610117,534.945467,536.376667,549.723383,552.666800,546.503333,553.676200,568.339967,583.536667
596.576933,597.169933,582.296667,563.867733,574.276833,599.278333,594.108600,595.957483,603.708333,579.596017,573.664850,589.255000,578.147833,562.194750,560.366667,569.450700,582.378200,596.830000,612.955267,619.334700,612.563333,601.909383,602.386183,605.740000,590.708133,581.486183,594.863333,622.085417,629.807650,611.000000,594.864083,622.210517,638.470000,569.694633,641.615850,825.695000,852.173000,804.094550,779.471667,788.992017,802.571367,805.211667,806.182800,812.777850,801.706667,768.846117,892.966567,1101.868333,1125.127717,1082.441600,1079.008333,1099.903850,1111.884750,1101.133333,1078.155683,1059.815350,1064.685000,1098.333700,1114.958683,1104.170000,1097.256300,1098.906533,1100.368333,1089.462900,1066.225967,1053.751667,1074.616117,1073.091283,1053.546667,1067.686100,1041.958917,983.888333,983.158850,1005.943167,1006.878333,983.307633,1015.207383,1070.018333,1040.350800,1043.665817,1079.961667,1031.479533,1004.399433,1035.881667,1051.647400,1039.916667,1018.186667,1010.141633,1014.956750,1020.405000,1015.639550,1015.089700,1021.223333,1023.207700,1029.624483,1037.486667,1031.099483,1011.232767,1001.163333,1022.836933,1023.014900,997.093333,992.671833,997.314317,1020.906667,1059.199533,913.993517,676.866667,660.063350,710.894633,719.041667,727.017133,739.217483,745.518333,733.901483,699.458350,681.243333,726.590217,751.712867,738.863333,746.798617,745.234417,727.498333,727.026283,748.515283,758.951667,722.177633,706.172233,729.598333,735.768767,672.936967,573.786667,527.749417,522.446050,533.985000,552.473300,565.589067,582.030000,613.773267,602.753033,564.121667,572.986000,582.721267,568.146667
555.994600,567.277333,578.520000,549.657017,540.898233,563.695000,570.584100,574.718517,584.691667,590.539683,590.125133,582.018333,571.638183,594.772033,628.296667,611.742783,598.493100,606.540000,602.229217,602.628817,614.816667,624.688167,627.248383,627.263333,630.129433,616.641833,601.943333,621.945967,635.200783,623.058333,607.774983,603.778283,597.831667,579.013767,640.384350,759.421667,808.337550,805.171433,794.071667,797.367150,798.611667,791.696667,787.496033,785.159300,779.513333,789.458450,925.196950,1099.465000,1098.762000,1077.807533,1102.633333,1089.189983,1082.868183,1097.681667,1091.821500,1064.311300,1050.688333,1084.321033,1091.691367,1066.015000,1070.520583,1075.215950,1063.835000,1055.174367,1055.886900,1065.780000,1079.644767,1086.109800,1079.983333,1064.299983,1044.050483,1019.685000,991.957500,981.657000,992.778333,1011.360633,1037.993017,1053.110000,1037.755067,1065.842150,1105.218333,1053.751933,1039.748817,1072.158333,1033.909650,1012.235017,1029.681667,1015.940300,999.032317,1007.198333,1033.792217,1037.584117,1022.088333,1025.232483,1012.811283,992.205000,1008.174517,1017.074683,1018.051667,1048.922950,1043.873683,999.181667,982.720033,994.336700,1026.773333,1050.766233,917.168817,711.528333,687.639750,718.898733,711.411667,700.128583,710.995800,732.213333,732.265933,735.042733,733.828333,699.126200,686.648300,705.958333,712.939367,719.545250,730.218333,731.174667,724.667383,713.546667,702.943583,720.154833,761.980000,778.436483,683.868450,546.555000,533.137167,557.653400,555.131667,546.589350,551.989000,560.270000,547.281100,553.428783,582.323333,593.395317,582.568633,559.098333
538.804200,547.202433,565.038333,551.904850,567.160100,599.023333,573.917633,554.206900,562.948333,561.546917,561.583900,573.700000,592.891767,609.207667,621.220000,629.987950,610.263017,579.243333,581.347750,576.388083,571.331667,610.470867,616.642783,586.966667,596.310117,610.571400,604.728333,591.591350,584.977933,589.396667,601.542167,622.139200,623.238333,589.402200,664.932450,819.668333,866.326500,846.028883,813.818333,781.483517,769.284233,784.801667,816.158733,834.798033,807.373333,752.562067,884.873333,1117.205000,1137.680017,1127.337567,1160.068333,1124.441550,1099.929483,1108.670000,1090.757767,1086.008567,1100.238333,1093.850533,1085.203650,1088.538333,1095.231467,1084.127550,1073.343333,1095.683650,1079.232883,1046.033333,1085.796167,1083.553867,1032.290000,1041.859017,1050.901833,1023.730000,996.737150,1010.295183,1027.611667,979.294950,969.517267,1019.576667,1047.324617,1063.381750,1059.578333,1013.607833,1015.017467,1065.385000,1075.565167,1058.388400,1035.923333,1016.072383,1018.955017,1039.323333,1047.697817,1033.206800,1014.435000,1023.036317,1045.115767,1058.180000,1048.216383,1023.440733,1009.830000,1028.454283,1034.190200,1019.475000,1015.003917,990.884217,977.783333,1016.402900,897.542883,693.911667,700.609567,731.484767,705.368333,727.876750,739.142133,720.310000,718.131700,704.601300,687.311667,705.273633,705.746467,691.173333,717.495983,741.461183,733.406667,708.239967,700.764867,719.303333,738.701433,726.598500,708.290000,724.845750,652.743200,526.360000,518.279417,557.454017,562.930000,525.086200,504.657850,529.550000,573.543950,594.686133,579.968333,554.807350,565.569050,585.583333
550.002883,547.665817,586.633333,583.269250,565.917900,559.285000,557.552633,564.423717,581.866667,602.353900,599.867383,579.908333,575.612317,586.167083,599.271667,601.226700,584.362033,569.891667,589.253633,606.756600,600.730000,585.282450,591.507033,615.323333,620.149867,597.134417,577.141667,602.428283,632.647650,634.871667,613.730400,607.963033,609.375000,593.499200,681.807433,815.240000,803.389283,792.400783,820.565000,783.777417,779.674217,816.998333,801.933767,792.449833,798.708333,789.922650,910.037183,1104.006667,1146.278317,1101.626017,1060.701667,1054.642000,1074.227500,1104.803333,1130.294233,1115.169483,1079.755000,1084.559783,1107.755033,1106.093333,1061.652350,1053.938367,1083.586667,1076.753200,1072.021517,1078.638333,1063.990500,1060.392650,1072.788333,1066.426933,1026.631517,986.638333,995.749450,1000.544050,981.683333,977.270067,1012.078933,1057.305000,1054.029417,1021.158850,996.203333,1003.938700,1024.438250,1041.243333,1048.687067,1027.793283,1002.438333,1019.391950,1033.848383,1027.948333,1027.578033,1032.191700,1033.716667,1026.204867,1013.817683,1006.625000,1014.892117,1035.355600,1043.093333,1016.668983,1017.480350,1035.316667,1000.634467,974.671683,1007.838333,1063.379433,947.260917,727.396667,680.424733,718.127383,734.230000,714.152800,702.236600,711.000000,713.181200,705.569217,698.838333,705.656317,717.299967,722.255000,720.313233,743.057167,764.391667,726.258217,701.492050,713.616667,717.104967,720.971850,742.411667,764.479183,668.624583,526.918333,537.019883,544.316000,512.536667,555.053117,556.495000,520.168333,566.610333,579.997233,550.398333,572.944550,505.617350,381.153333
393.158683,439.795567,447.096667,441.534867,433.850433,425.171667,417.215600,430.169183,443.058333,413.948917,397.523417,408.131667,409.544017,421.643467,444.221667,448.048483,428.473417,417.683333,450.157817,452.848433,428.758333,451.463883,467.003783,462.026667,476.732300,473.327100,446.448333,437.378517,460.972783,478.155000,437.638383,421.830267,445.990000,449.184817,467.043283,491.945000,474.071233,465.506367,469.385000,444.093850,464.770467,523.475000,530.792867,522.220250,530.341667,548.416017,554.913917,547.428333,541.918800,538.009200,529.191667,520.746033,567.964967,639.856667,643.478550,630.997100,639.205000,650.421217,641.417317,620.011667,617.826250,633.667033,643.810000,626.753850,623.473017,637.953333,630.819367,601.090817,576.065000,588.176050,618.229650,638.941667,634.865917,617.712483,602.948333,598.786333,596.767617,594.223333,598.247417,614.397000,627.558333,612.299200,582.733383,565.566667,574.778583,566.334483,545.953333,564.023867,593.447233,609.143333,611.531050,613.535167,605.908333,570.766800,553.771683,568.240000,584.644467,595.758700,592.628333,561.046117,498.810950,444.850000,449.828067,461.409500,451.400000,441.210717,447.891517,451.683333,424.947167,443.402433,477.388333,426.624917,426.423433,482.301667,463.454500,450.019283,478.761667,496.233183,482.409450,460.678333,468.286900,464.674050,450.041667,464.210100,465.719650,451.265000,457.843617,449.921933,437.305000,459.333317,423.557717,352.976667,365.002333,364.482100,342.068333,384.573867,406.042600,387.880000,395.751817,387.272967,366.956667,390.846283,421.867817,429.181667
415.979367,400.033483,398.208333,412.350633,403.874100,386.858333,411.409133,423.622833,406.533333,401.774667,428.820033,454.393333,430.855900,434.297733,461.666667,435.325050,418.054700,427.505000,418.360800,417.951333,442.913333,475.964950,484.151350,453.821667,410.732700,440.536350,503.593333,473.230500,431.106950,430.923333,445.300050,449.937350,446.778333,452.763767,448.215067,442.611667,466.405533,481.516867,475.770000,475.861983,489.753167,511.513333,531.049750,555.149700,563.395000,530.362283,532.028350,563.936667,545.222533,512.736450,507.280000,537.920717,592.452917,632.878333,626.007083,636.745850,659.081667,629.944400,635.117683,671.125000,646.987150,628.403117,644.043333,653.172283,647.748033,626.925000,595.470050,586.064950,596.210000,594.883683,603.878967,617.265000,604.012800,596.422317,601.175000,593.151167,587.084700,595.303333,610.493917,600.082917,570.433333,562.744900,576.737367,592.526667,590.882900,589.137350,590.921667,586.172717,599.630333,615.808333,594.043367,586.693717,601.991667,593.675183,568.923150,542.885000,526.106800,534.065617,556.245000,554.002900,489.331967,414.815000,427.176433,443.615083,436.343333,453.350450,445.584183,415.790000,423.146083,444.499433,449.028333,432.501050,439.172250,460.981667,448.546750,441.995750,451.281667,445.888117,445.614883,464.233333,488.598983,477.390567,444.233333,445.677233,463.065533,463.133333,436.295400,444.312300,478.386667,464.730267,422.702117,390.168333,385.669717,375.675867,364.406667,390.676917,429.091600,442.870000,417.260467,402.438450,412.580000,427.572383,494.383233,575.868333
575.319350,560.405117,568.498333,571.983467,572.989783,574.510000,574.665717,581.034950,591.420000,594.662117,592.366950,583.220000,567.762233,576.702233,597.468333,585.244783,568.478800,564.373333,563.764117,572.311150,595.525000,628.831617,644.830333,627.890000,592.613217,600.612033,629.388333,600.004633,586.594650,614.903333,633.043917,629.816533,613.860000,610.963300,676.767283,784.725000,839.417300,829.692833,801.390000,813.642883,839.448267,839.778333,800.170617,763.271950,750.010000,766.690000,897.524817,1083.843333,1155.316167,1144.833800,1111.311667,1084.990617,1086.615183,1110.450000,1128.258683,1120.409100,1092.830000,1070.054300,1058.381450,1057.415000,1063.438250,1067.339367,1066.716667,1065.775783,1063.348367,1064.783333,1075.293933,1069.934783,1065.728333,1095.224400,1061.392767,986.455000,991.708433,990.928933,956.773333,956.606017,987.017200,1028.641667,1065.078317,1080.202500,1065.076667,1031.074333,1038.256733,1068.821667,1049.729083,1042.544350,1046.310000,1003.839483,1014.895700,1065.198333,1038.243267,1020.942867,1037.160000,1023.576833,1027.392317,1052.818333,1048.830200,1030.272933,1012.618333,1000.397183,1018.560300,1044.148333,1023.988283,996.192783,1007.468333,1044.657367,926.939067,717.128333,674.006917,702.840067,712.258333,711.091283,727.521333,749.825000,740.567033,732.305167,730.853333,712.054783,708.620217,719.306667,711.131333,716.760833,739.418333,741.968600,713.136450,688.018333,714.923517,740.244000,748.590000,757.667817,669.269483,542.590000,548.046717,559.546417,532.813333,549.631050,566.534167,564.281667,570.825833,574.482650,568.540000,561.889333,564.054383,590.455000
642.190617,643.772783,598.946667,588.361750,606.062433,613.355000,586.919000,600.343317,646.816667,645.500250,636.170150,639.281667,634.591600,640.204900,653.446667,651.945783,656.920617,670.833333,674.403817,680.231367,683.616667,666.997967,662.122183,676.178333,684.707367,685.839550,695.493333,722.569517,705.848383,677.455000,727.914783,742.983217,684.410000,651.395733,769.182050,937.513333,925.747433,895.467250,912.858333,888.904733,892.937683,926.898333,916.924600,917.997000,916.890000,867.972200,986.977417,1204.035000,1217.244750,1195.676450,1221.595000,1203.929583,1189.046633,1194.325000,1185.288617,1181.252300,1185.255000,1181.406567,1197.492917,1218.241667,1197.464433,1180.318100,1184.473333,1182.871000,1173.466933,1166.863333,1170.217983,1155.707383,1135.135000,1144.410783,1125.651883,1077.238333,1061.660383,1075.961183,1079.131667,1041.673350,1057.449717,1116.821667,1113.052167,1087.704450,1084.618333,1100.888383,1094.329467,1072.311667,1080.077850,1080.582167,1063.916667,1060.945983,1071.738783,1077.818333,1064.357000,1069.853917,1088.715000,1072.514183,1031.954633,1000.068333,1004.115083,1021.341400,1033.076667,1038.345050,1039.974183,1034.136667,1014.177167,992.543417,1002.991667,1046.122083,936.824883,732.741667,692.479000,724.686817,729.746667,706.611083,715.066283,741.656667,718.054783,703.494750,718.856667,724.616567,724.303450,729.438333,743.727267,753.685867,738.260000,692.654500,686.594517,722.913333,735.839417,727.959083,732.268333,758.689033,684.341633,558.115000,556.447633,553.177650,517.586667,549.819767,583.437117,584.685000,585.021550,573.273783,560.235000,578.157250,611.118850,627.128333
607.841200,601.529550,613.875000,605.608917,593.943750,591.363333,595.585067,621.285933,642.633333,621.155767,641.624017,682.326667,640.085533,630.282617,671.570000,668.675317,677.705333,692.838333,646.146300,622.952583,653.895000,684.556400,697.255250,695.966667,689.736133,664.294183,648.505000,687.642483,701.565983,698.790000,755.154883,741.474750,654.858333,646.325100,762.012250,905.628333,925.927550,905.281783,905.321667,909.092117,906.859033,890.658333,865.538167,887.608267,919.678333,890.667317,1003.933467,1207.300000,1228.385950,1207.534483,1216.641667,1187.055683,1184.352067,1209.646667,1193.889383,1184.505083,1199.336667,1200.596317,1169.212433,1137.935000,1160.636100,1190.832800,1181.423333,1131.101950,1118.103517,1155.623333,1178.363333,1148.822317,1109.486667,1128.588433,1096.776650,1038.480000,1088.763500,1116.310183,1079.208333,1067.974900,1072.066517,1078.838333,1093.958667,1098.255817,1100.323333,1121.606450,1102.593533,1068.521667,1104.552350,1119.049033,1087.888333,1079.132967,1078.841317,1068.013333,1050.394617,1052.316083,1067.693333,1062.920933,1046.023800,1040.441667,1058.703167,1054.168150,1029.946667,1035.163300,1045.743450,1043.945000,1037.917583,1037.559933,1042.695000,1024.770700,891.086833,724.426667,717.117083,740.500317,730.833333,750.411917,776.719667,766.456667,708.321550,704.691533,746.105000,728.514117,725.815300,752.025000,737.746550,703.456133,690.918333,720.212033,736.819000,730.643333,742.333100,763.609167,779.635000,770.708000,677.670533,556.056667,537.948983,565.118283,575.796667,561.508150,544.953983,548.045000,574.347100,588.347067,589.385000,603.489667,588.672083,561.991667
586.670967,607.372967,605.543333,613.834117,603.536833,595.120000,639.308900,651.794900,626.731667,640.149317,646.572467,631.248333,633.005900,654.697833,668.045000,644.193217,634.985983,648.678333,643.887033,635.968717,639.211667,651.785683,671.078300,691.395000,704.425783,704.169767,697.153333,697.682617,702.925000,692.171667,654.666583,667.798467,705.816667,682.423833,758.897033,897.418333,888.276600,875.605233,911.841667,900.925567,882.615267,879.140000,875.138967,913.871217,940.071667,874.325233,978.067650,1198.415000,1206.797717,1166.553217,1175.465000,1167.428283,1188.621883,1226.638333,1207.972850,1168.736167,1148.278333,1156.314817,1183.932683,1203.043333,1187.038233,1172.454783,1167.338333,1146.818700,1131.323817,1134.813333,1148.890433,1150.067650,1138.826667,1133.822350,1117.682583,1096.575000,1096.171950,1090.393283,1076.830000,1081.015133,1092.516250,1094.868333,1083.533483,1086.712400,1106.418333,1113.047633,1089.641383,1063.091667,1076.986533,1083.387350,1077.903333,1100.584750,1104.555350,1084.165000,1081.615333,1076.576833,1051.308333,1016.358583,1016.786433,1038.601667,1028.413067,1041.342967,1074.903333,1063.201967,1028.076333,1001.171667,993.089533,984.584517,996.230000,1041.866483,933.083900,731.355000,703.911100,741.351550,732.081667,680.011267,666.161500,702.850000,727.587933,726.773883,708.521667,689.684500,687.190600,701.263333,718.959200,740.127900,743.926667,711.551733,723.460067,767.133333,748.376817,717.131150,729.298333,772.127867,694.225883,548.476667,543.031167,559.247967,542.463333,557.650550,558.566017,547.473333,577.127700,593.583617,585.823333,596.515800,602.864800,601.916667
612.918467,598.427617,561.926667,556.165850,605.564633,649.825000,605.001617,593.876883,637.476667,636.368683,624.671317,631.628333,645.494667,651.259750,653.071667,666.407100,674.543167,666.805000,653.912067,672.445250,709.211667,712.035350,697.100317,697.495000,724.637883,711.271717,679.610000,713.695117,714.474567,674.981667,689.735100,705.346367,684.216667,665.608600,769.392017,915.236667,896.505817,872.446917,916.226667,938.871667,924.216500,910.431667,939.906283,938.648000,879.840000,834.998050,952.238950,1167.193333,1251.176467,1239.971533,1205.081667,1181.760283,1190.141700,1204.796667,1182.597283,1175.159783,1188.996667,1182.243733,1193.724500,1219.090000,1206.176517,1168.308250,1143.295000,1155.957717,1152.985700,1140.170000,1171.723083,1184.166133,1163.080000,1152.353883,1114.605050,1056.890000,1040.778617,1080.632050,1115.823333,1071.163183,1057.025767,1093.315000,1091.523817,1078.330317,1079.741667,1088.395833,1088.378200,1084.941667,1093.356900,1079.819800,1059.773333,1081.251717,1079.547533,1051.310000,1057.213950,1055.952783,1043.421667,1059.038817,1064.013517,1055.115000,1065.444567,1053.495300,1033.828333,1061.950100,1060.787817,1032.440000,1051.358650,1035.316617,1009.143333,1063.510383,976.728483,769.293333,702.762367,717.780617,726.366667,711.778200,718.695317,738.795000,721.181833,712.696917,717.446667,697.905550,717.085667,759.506667,742.287850,727.554050,749.190000,772.934017,757.155967,719.683333,717.825267,726.189583,736.393333,750.838100,669.665883,549.113333,553.207317,555.954233,519.343333,535.661583,569.972333,588.811667,595.475200,599.784883,606.998333,602.169600,518.577667,408.486667
407.730717,459.739983,476.060000,422.165767,403.571250,446.458333,474.860217,462.605183,438.153333,453.177100,488.171133,498.273333,459.787617,457.584067,500.296667,516.688433,527.799533,531.965000,499.212750,472.548283,480.980000,512.307883,522.734717,511.178333,516.984067,539.174900,543.046667,503.474667,519.347717,568.808333,534.695067,520.537200,547.756667,531.607950,516.165883,526.666667,538.912500,541.419267,530.260000,521.145450,586.753783,668.825000,631.291800,601.148833,630.293333,645.929667,645.717317,632.738333,607.808300,614.927333,645.883333,653.070717,680.875450,727.465000,742.501300,758.391950,763.615000,713.646267,689.476583,712.890000,728.001367,732.889767,727.045000,704.997350,692.395300,691.446667,680.175567,665.463383,664.848333,686.814000,693.298717,681.550000,684.372717,689.398017,684.161667,671.897150,670.503717,672.560000,655.629483,650.570700,654.620000,634.172150,619.666567,620.725000,618.372767,627.561967,647.570000,652.659567,617.853933,576.693333,590.550033,602.966833,597.225000,610.214350,615.343817,601.700000,586.043317,567.265467,555.288333,556.811317,507.599500,447.571667,483.229900,504.736883,473.623333,461.263367,470.850800,478.566667,463.770233,451.840017,457.205000,468.429883,462.185550,443.565000,439.572900,441.308283,454.183333,490.525150,498.449900,470.191667,448.999733,440.378717,437.823333,436.663500,446.044850,452.105000,431.206967,424.991483,456.321667,499.020983,476.611183,398.358333,357.105150,385.200500,428.798333,405.031800,390.597900,404.263333,395.144467,423.276200,467.361667,440.932350,432.438350,462.101667
462.002117,461.992217,464.588333,439.999667,438.258383,460.770000,459.602600,464.094433,477.245000,470.306150,471.969900,497.705000,525.221383,498.053167,453.546667,485.023583,506.055450,487.398333,487.209100,500.744400,517.106667,534.492550,544.777983,540.953333,525.304633,524.654367,540.140000,549.211150,560.369717,559.535000,522.880700,507.318067,520.675000,520.328600,537.405167,556.980000,531.074483,535.376350,560.490000,531.436383,569.511833,658.488333,649.121383,609.146717,606.708333,636.560367,627.928467,594.948333,618.822500,648.006767,635.288333,597.034567,642.256867,739.373333,747.138517,735.277300,743.998333,739.330767,726.392750,711.715000,698.507300,711.692417,733.121667,718.368083,709.654983,711.263333,690.357950,701.874750,725.061667,686.503767,688.500467,723.643333,682.329217,659.324067,672.088333,644.098600,639.041700,660.503333,645.250967,645.908800,672.236667,673.050850,645.983900,625.123333,647.745733,671.501450,666.116667,634.484717,584.892350,564.951667,619.179883,632.569867,590.418333,584.694383,575.093900,565.455000,604.057100,607.667633,590.016667,629.741217,554.769700,413.018333,436.698983,466.879183,427.506667,411.739050,451.344633,490.743333,453.108633,449.617883,481.438333,444.497800,438.707200,476.118333,467.110167,473.481067,499.875000,477.315850,429.119583,415.385000,472.909667,499.340350,463.155000,429.890050,429.362400,460.320000,496.365683,496.576183,465.461667,445.744400,437.650167,430.078333,413.345867,385.250433,371.580000,402.373883,422.842700,416.730000,417.633600,419.095483,418.453333,433.408600,501.567733,581.790000
589.162300,594.230717,622.946667,632.242100,638.753033,635.635000,602.922600,619.977917,665.763333,637.908867,608.096867,618.433333,638.874433,649.641417,656.703333,672.634550,651.179300,626.723333,678.154950,686.809217,638.626667,641.466833,671.272183,682.596667,661.012417,660.256750,688.876667,701.851883,689.636067,684.105000,720.950217,726.920867,675.805000,638.137400,760.789067,932.438333,888.466583,845.811750,892.726667,902.503517,895.375183,893.186667,886.460167,890.422983,891.005000,881.578433,1016.764267,1217.050000,1230.089167,1203.606550,1207.418333,1166.345917,1145.464517,1166.060000,1179.432000,1180.357883,1176.695000,1174.455100,1167.691550,1163.663333,1173.862750,1164.330800,1145.401667,1162.114367,1176.656417,1167.788333,1151.055433,1137.785567,1143.320000,1168.979783,1142.418683,1071.793333,1042.777867,1054.349233,1063.443333,1038.033833,1061.973817,1125.723333,1127.532017,1087.144400,1056.881667,1069.656050,1079.855383,1079.896667,1099.789583,1092.291900,1059.735000,1059.008517,1086.396733,1105.043333,1081.766217,1064.680233,1070.053333,1066.193917,1040.583233,1021.783333,1046.096167,1042.715750,1022.438333,1060.673317,1061.868217,1015.566667,1010.451017,1018.209267,1038.516667,1077.294650,945.101300,727.596667,717.566900,747.137917,738.666667,776.232150,761.637517,700.965000,711.255367,746.412500,754.420000,730.311817,709.898550,709.646667,721.175700,751.510133,771.933333,742.008967,729.885083,736.041667,700.393917,697.357767,739.316667,746.121800,659.713783,551.478333,557.402750,584.409900,571.115000,547.380867,545.455400,566.000000,584.510917,600.171617,609.008333,602.810967,593.485033,583.830000
568.515683,565.647650,576.611667,587.375267,611.579483,633.765000,621.806850,619.604200,636.150000,635.923817,623.205867,626.715000,664.941917,664.520600,634.141667,651.828417,656.071517,636.466667,647.235283,654.843383,655.580000,681.274900,696.755800,688.486667,676.443283,659.923417,658.553333,697.706367,724.264017,715.810000,701.065283,708.555783,713.791667,687.037100,776.036967,919.158333,896.365933,863.891650,906.036667,942.416067,913.414033,865.311667,892.426950,891.725117,843.931667,857.293233,1006.121950,1189.151667,1216.490000,1200.778733,1208.323333,1195.110200,1170.727100,1153.120000,1153.304567,1178.820917,1205.368333,1194.865967,1177.423883,1181.028333,1201.748500,1189.303550,1156.375000,1162.696983,1161.686300,1143.371667,1146.709650,1151.417267,1146.311667,1138.477367,1111.333617,1081.231667,1084.879150,1085.813067,1071.588333,1067.024967,1074.855967,1087.595000,1093.031117,1078.628133,1069.635000,1103.791817,1120.355033,1097.956667,1075.161000,1071.013567,1062.581667,1018.586150,1015.489250,1056.166667,1066.751217,1068.154983,1062.040000,1025.269967,1009.478183,1034.221667,1064.439950,1054.415033,1020.053333,1020.771567,1035.966350,1043.450000,1039.254067,1017.546050,1011.476667,1038.862133,911.370950,703.281667,692.194450,718.883617,698.445000,709.244033,735.166550,743.108333,720.573700,701.660833,706.963333,728.143550,741.862383,732.533333,705.949833,706.460750,741.208333,768.991833,745.607667,705.795000,724.246783,724.026633,709.436667,746.664117,680.216483,544.550000,542.886067,571.714933,560.936667,547.002250,541.234067,544.738333,553.522033,555.120433,561.083333,591.372750,597.952800,578.396667
582.184217,613.471450,633.255000,602.932967,605.158533,641.778333,631.026567,601.841050,596.206667,622.996983,625.461300,608.115000,625.832733,628.499117,619.995000,653.452567,659.271033,641.910000,675.376200,693.154050,679.536667,683.727500,669.343933,649.826667,678.793917,686.256317,670.418333,697.154267,706.893750,685.673333,685.478683,708.278433,707.405000,655.685783,732.850100,893.770000,907.938933,903.726933,931.870000,908.870183,891.995033,887.166667,850.359983,883.034417,933.710000,871.603817,989.933967,1236.926667,1244.248750,1181.886633,1182.491667,1202.313450,1201.558833,1188.601667,1194.429233,1164.012000,1121.905000,1155.292783,1197.686367,1192.003333,1150.337100,1160.002250,1196.515000,1156.512350,1135.769733,1153.688333,1133.533250,1121.796917,1138.473333,1144.565883,1102.873800,1043.928333,1040.147083,1065.348033,1077.230000,1059.890000,1063.456933,1097.375000,1119.831883,1113.071883,1082.351667,1055.773567,1083.233300,1126.476667,1093.877550,1051.427267,1047.110000,1068.887033,1097.627750,1095.951667,1038.575050,1013.009167,1042.591667,1062.670600,1030.486717,991.893333,1032.062067,1068.552817,1058.118333,1035.839217,1021.891300,1026.745000,1046.151867,1040.602950,1036.953333,1073.191033,946.060267,726.015000,707.767850,750.266867,749.676667,744.867433,745.531767,737.613333,708.687200,709.432200,746.096667,768.080750,741.565917,698.950000,708.629267,738.410000,749.530000,733.926667,727.755017,742.341667,755.293100,752.843467,742.510000,732.092117,660.562617,562.805000,543.830150,539.972833,537.588333,580.668767,576.087550,533.573333,556.266067,572.599900,563.548333,582.287083,582.985450,564.986667
580.360000,608.695933,624.695000,618.548433,587.968283,568.741667,606.587633,643.420867,637.188333,600.433133,592.168367,628.340000,665.948283,647.368700,609.350000,641.495967,659.767683,641.930000,652.329483,676.607583,682.030000,655.574050,650.528400,676.191667,692.487517,703.159683,704.386667,687.209900,695.914450,721.185000,708.425850,688.716733,676.808333,671.515733,755.539367,889.323333,935.609217,938.389750,930.748333,897.221117,859.532683,853.311667,895.538633,915.460717,882.808333,857.982233,1001.533667,1209.670000,1206.241950,1171.129217,1189.246667,1171.305233,1175.427633,1199.946667,1180.662150,1193.919467,1233.571667,1208.986950,1164.584517,1137.195000,1122.468333,1122.088067,1142.736667,1180.857500,1183.109317,1157.811667,1162.781383,1159.488750,1135.128333,1115.638283,1081.557333,1049.960000,1063.636417,1076.339417,1061.523333,1042.875350,1071.227900,1116.978333,1099.508483,1078.539183,1090.286667,1109.217733,1102.370300,1067.380000,1037.952117,1061.098550,1101.050000,1075.435083,1054.619483,1059.645000,1042.418050,1030.746200,1041.455000,1057.623250,1052.620167,1033.210000,1032.834917,1049.570067,1068.886667,1074.636017,1058.300667,1027.463333,1001.956583,994.194733,1019.226667,1052.714067,908.918867,696.746667,720.149850,736.600433,670.645000,691.904867,725.195317,730.873333,748.939467,740.317150,709.506667,708.667533,722.882033,721.373333,690.805867,678.807717,695.285000,707.734583,724.851133,744.701667,747.867083,732.079683,723.718333,740.279817,674.831183,561.681667,552.106933,577.701417,579.486667,568.973450,573.177483,588.715000,588.286817,582.376283,574.286667,560.562250,576.558100,619.038333
641.468583,620.026933,582.246667,583.815900,612.133633,629.505000,609.072767,595.724350,613.521667,643.104700,648.746033,635.251667,640.261567,655.554283,651.763333,616.048950,632.300700,668.705000,614.965400,599.897217,656.600000,684.372017,675.542467,649.881667,631.055000,646.204783,671.625000,657.822700,656.079833,678.835000,688.847700,705.978083,705.836667,660.469017,751.752233,922.398333,919.649250,872.011450,871.146667,879.901000,887.372433,891.243333,887.714017,865.886767,835.051667,841.852100,985.825183,1182.773333,1224.703167,1192.608417,1180.551667,1203.619667,1209.083517,1190.018333,1185.676500,1173.536417,1157.100000,1166.781683,1173.151550,1156.438333,1127.932183,1121.509883,1146.218333,1176.326433,1170.174683,1136.598333,1125.685967,1135.722400,1146.036667,1136.949383,1114.079567,1082.438333,1045.448150,1027.313217,1038.595000,1065.852250,1077.407900,1085.348333,1124.247950,1129.839800,1096.003333,1085.580783,1102.656633,1111.430000,1075.214917,1048.375067,1050.781667,1051.452267,1046.281200,1043.170000,1051.074717,1064.335717,1068.810000,1058.226367,1073.638133,1093.465000,1057.608683,1044.867133,1053.530000,1008.388533,999.021817,1034.113333,1029.883933,1024.338683,1045.485000,1054.714867,924.343050,736.630000,715.246633,729.362683,713.486667,729.850367,728.517483,697.645000,689.115450,734.501183,773.308333,714.147267,681.104050,718.555000,746.849100,730.849400,705.303333,729.747867,737.509717,714.865000,716.100883,728.057033,743.310000,757.128217,687.569683,573.238333,549.915667,581.774267,591.033333,540.976100,542.320000,586.371667,558.218600,539.013917,569.055000,589.860333,520.004500,405.630000
381.267967,407.344767,434.131667,448.337567,443.890267,433.601667,442.101500,470.717700,498.270000,498.183550,487.756250,483.778333,487.060017,482.503883,482.645000,509.796117,503.546383,475.530000,497.044717,509.077967,494.613333,495.914733,491.890900,488.220000,517.270367,545.751350,553.886667,550.236567,535.816950,526.146667,540.441917,547.329683,537.051667,530.464367,532.688533,535.170000,530.262067,548.666800,568.641667,540.358717,546.029150,606.976667,655.124383,645.822317,602.943333,594.222333,615.343083,620.721667,574.102950,562.331100,600.291667,624.618033,668.364250,733.023333,769.284933,754.195933,726.143333,747.470900,762.017150,732.873333,682.712100,671.767917,703.880000,727.059283,727.452650,712.391667,696.761100,682.259033,674.811667,683.607367,699.903017,701.288333,673.408667,667.119050,672.011667,635.841850,644.194233,693.193333,688.541967,670.843267,659.011667,629.422333,613.822617,621.800000,633.280183,654.569133,665.285000,631.127217,595.568767,592.470000,616.247333,623.534650,613.910000,623.029883,623.777467,599.586667,566.803900,564.083300,588.090000,590.427633,535.146083,471.988333,484.755383,471.288517,419.828333,421.631317,431.847067,438.188333,473.057600,478.633267,451.890000,448.951617,451.403050,450.165000,457.080700,453.784967,446.271667,455.531200,437.611633,422.600000,482.113850,498.097267,456.928333,463.002767,483.058217,485.618333,476.906983,462.511967,449.360000,440.961483,421.085233,404.481667,422.034867,427.449050,401.108333,374.376650,393.814350,435.478333,427.366767,399.229633,380.101667,376.019567,406.776933,447.963333
449.981733,452.255933,471.701667,482.452167,469.985567,453.020000,465.466967,483.299167,488.426667,484.769583,481.094350,482.798333,489.226267,493.124017,490.226667,485.069283,497.188400,508.081667,481.555783,474.436017,495.085000,496.060150,494.461600,502.921667,514.122933,526.080667,528.028333,510.266200,506.875483,520.068333,520.576850,523.761817,530.143333,527.769983,557.508250,601.498333,594.556733,569.266067,541.916667,509.814767,554.130483,633.905000,621.338617,610.219467,631.801667,623.412200,622.301167,637.376667,635.202417,630.605400,630.523333,629.775650,655.283883,704.758333,741.599950,743.051083,718.171667,699.967733,704.532950,722.616667,731.261517,735.525883,738.740000,731.760983,694.114417,664.410000,701.035250,700.599400,663.840000,689.800117,694.649500,659.013333,652.742117,656.742733,656.551667,662.188417,669.112067,666.150000,648.848550,648.294283,657.458333,639.986000,628.668700,636.101667,640.997667,638.660017,631.736667,625.306533,622.718767,619.220000,606.363833,591.442283,584.691667,588.157700,577.397050,566.306667,588.472117,581.130533,563.866667,606.720417,563.443500,451.075000,440.650850,449.506400,430.383333,424.588250,424.213083,441.085000,493.659683,498.948400,453.945000,438.281683,440.089483,441.150000,443.651233,458.968083,462.163333,419.953967,414.928450,458.900000,481.087567,480.744683,470.063333,459.243300,471.105500,484.053333,455.955767,449.825650,481.348333,496.272500,459.738267,401.491667,387.534783,393.809100,388.755000,370.332750,388.074483,416.411667,386.160300,398.086133,440.010000,410.393300,465.355817,588.418333
592.691233,561.243900,571.548333,612.731167,626.275767,608.461667,606.029750,605.077600,598.838333,600.371433,609.750383,618.770000,620.969633,634.807150,658.258333,668.097467,663.404183,650.380000,640.166983,656.365633,673.390000,643.221283,633.571833,657.781667,664.007100,673.984750,701.390000,726.961783,712.023217,677.446667,682.556383,686.340250,673.526667,683.542100,764.345883,871.211667,900.349450,887.591300,878.901667,888.717133,908.160417,912.848333,885.279900,872.642300,877.325000,875.741817,976.711000,1140.601667,1198.907150,1194.871783,1189.555000,1198.685783,1205.799650,1201.075000,1192.375883,1199.645117,1210.880000,1193.183100,1168.834850,1163.446667,1182.465983,1194.752483,1175.695000,1136.026500,1159.379983,1205.295000,1149.271867,1094.902467,1105.590000,1139.478850,1131.795917,1081.895000,1049.153633,1055.651267,1060.840000,1015.281817,1036.759017,1116.900000,1124.145167,1105.827217,1098.943333,1087.494650,1071.429233,1061.873333,1072.491183,1099.671500,1108.936667,1068.851600,1061.460417,1093.010000,1087.837900,1060.700333,1055.190000,1092.759117,1090.328800,1037.980000,1008.147150,1005.755317,1028.465000,1068.153133,1055.535383,1014.921667,1037.797300,1052.780833,1047.595000,1057.783183,919.291167,717.221667,720.824933,744.679817,700.340000,687.498300,702.929267,721.941667,732.048300,742.112750,743.358333,719.891350,716.792350,745.071667,766.454150,746.237733,706.956667,706.816200,724.210517,732.850000,727.766150,725.374067,738.791667,753.293750,683.063517,570.361667,552.918617,569.822183,565.961667,548.357900,543.294833,558.325000,578.149650,587.963333,578.298333,557.102350,577.914967,609.630000
572.628317,570.934800,613.091667,606.195550,616.737183,647.580000,628.604133,614.530517,615.305000,591.870817,613.009883,668.170000,668.278400,638.453917,626.900000,654.744233,664.464500,649.271667,653.913050,650.646400,653.225000,701.023167,700.312267,659.363333,676.265517,670.241367,642.096667,677.594517,695.803350,678.515000,690.438817,705.499383,690.843333,662.159917,751.242233,897.070000,902.408650,903.636750,937.875000,901.843150,867.811433,880.426667,908.346517,911.880417,882.548333,868.964800,1006.996033,1199.875000,1197.171533,1144.275017,1154.450000,1196.570783,1200.851867,1166.966667,1154.904633,1155.798600,1153.866667,1147.265383,1145.858233,1175.146667,1241.882533,1233.240883,1160.083333,1143.139000,1131.702267,1121.113333,1164.687700,1188.580383,1161.540000,1122.498933,1089.250917,1065.360000,1049.494167,1052.275133,1066.271667,1072.025017,1085.184267,1100.733333,1094.170767,1081.398667,1080.726667,1092.066500,1076.771667,1053.885000,1077.692000,1078.703417,1051.695000,1063.140717,1083.681300,1085.438333,1072.753267,1071.178233,1072.713333,1050.027667,1049.556917,1064.628333,1040.265000,1014.839633,1020.616667,1047.396217,1039.622617,1011.608333,1028.515400,1039.231250,1049.721667,1086.987667,930.861267,681.390000,681.713167,725.759467,699.786667,701.360883,736.664083,757.863333,719.822567,698.834133,716.410000,723.054850,726.146933,727.646667,719.005400,729.725167,748.670000,734.055433,720.985567,718.291667,700.041533,685.397183,704.261667,749.085733,676.515433,533.333333,519.492950,554.915750,568.723333,571.975983,576.203617,578.443333,570.644167,577.643350,595.996667,594.362717,576.707017,562.576667
572.418500,603.942317,627.998333,613.295500,602.057400,601.825000,586.162383,602.349683,635.940000,622.171650,615.219817,636.830000,651.760383,649.564783,638.986667,636.689983,641.908850,651.195000,663.076283,676.186783,676.485000,651.143733,641.126950,660.141667,684.299983,702.916267,713.733333,715.570150,694.360083,667.480000,673.754567,698.235200,696.245000,655.859950,747.604100,910.748333,909.834767,908.481050,941.766667,880.263067,854.541450,894.950000,898.186683,894.589817,885.606667,859.650983,996.087700,1215.736667,1237.037400,1191.308933,1190.196667,1211.012183,1202.001633,1178.373333,1195.401117,1181.852600,1138.615000,1143.887150,1168.029333,1178.358333,1170.290633,1151.882750,1145.473333,1169.010817,1179.224283,1161.363333,1145.475167,1162.863050,1196.156667,1192.110033,1148.581000,1090.113333,1051.369717,1052.107067,1065.593333,1046.869167,1045.621233,1069.543333,1074.420883,1072.445850,1080.383333,1100.316467,1116.716817,1111.955000,1084.549100,1085.379000,1099.430000,1063.928400,1037.797850,1040.491667,1034.911350,1039.304317,1052.481667,1048.208850,1036.158100,1032.806667,1042.505517,1033.297650,1009.986667,1008.611550,1008.629583,1013.871667,1046.901750,1053.048600,1047.138333,1071.030800,932.634783,718.310000,726.032600,758.672983,721.515000,717.853683,724.980000,721.746667,721.184200,730.250567,744.280000,746.895283,716.374533,689.900000,726.358017,735.942067,705.331667,710.949150,731.914717,744.675000,746.055450,724.998250,719.048333,762.722283,687.157800,545.901667,564.648283,572.509867,525.688333,552.954883,562.567517,545.866667,589.127717,600.995250,570.411667,582.048900,600.422750,602.608333
604.271033,600.227083,596.253333,605.224417,603.585067,599.531667,623.716333,634.622333,621.778333,618.697550,635.800117,657.226667,656.227217,642.028833,626.075000,614.976667,623.119267,646.791667,663.835600,659.892750,648.260000,658.069517,679.660050,688.893333,669.975817,657.179450,667.593333,684.589950,678.306917,675.888333,727.318050,739.438033,706.681667,726.332917,809.047733,899.558333,922.790500,896.777950,879.658333,916.063633,934.872233,919.820000,920.081833,911.815617,877.681667,853.694467,976.433533,1176.801667,1230.578383,1211.717467,1192.181667,1168.617683,1152.477850,1155.186667,1176.763850,1190.742567,1180.910000,1154.618900,1144.943100,1162.973333,1188.804117,1192.884017,1175.966667,1164.985183,1161.585117,1152.075000,1127.372317,1128.775583,1149.075000,1133.904850,1086.057400,1045.725000,1055.665017,1079.633317,1072.553333,1027.543233,1040.257550,1104.805000,1119.876300,1109.258267,1096.191667,1078.925683,1086.387600,1105.003333,1089.416483,1068.293217,1066.801667,1080.542783,1078.759283,1062.435000,1061.552367,1069.697450,1069.571667,1052.609717,1048.633867,1051.270000,1026.824267,1013.849050,1030.610000,1054.870817,1058.750683,1035.155000,1000.463283,978.299233,1003.610000,1063.794633,933.147383,698.730000,689.750967,746.587383,746.851667,726.884733,704.253500,694.110000,705.769367,710.336150,702.023333,699.980167,693.360017,688.078333,704.384217,722.457550,736.715000,754.709533,741.184000,712.320000,725.305550,752.677900,767.118333,754.073800,666.793500,557.385000,540.633150,556.164683,560.756667,565.703350,553.733967,541.511667,565.939833,580.683317,582.565000,608.673600,602.928750,564.275000
556.561650,586.119083,620.443333,621.324033,619.785033,612.438333,572.076383,579.126700,627.631667,635.913850,669.541267,710.746667,665.387233,615.883883,609.928333,622.517417,657.287633,694.116667,693.938433,669.129083,645.671667,646.264067,677.096533,699.736667,670.431800,680.259467,721.278333,693.312617,657.582300,663.618333,696.261467,698.949500,681.620000,714.686000,803.224067,885.353333,884.411017,861.372067,858.110000,865.070083,882.528167,898.146667,897.319867,915.545183,921.740000,872.324883,976.775700,1188.616667,1232.466250,1194.126783,1172.686667,1177.040317,1178.561333,1166.183333,1158.257683,1183.408817,1200.280000,1144.412700,1140.958367,1203.206667,1216.305383,1192.202517,1156.601667,1125.986983,1153.961700,1194.063333,1142.574517,1100.895283,1129.366667,1180.134767,1152.901417,1075.555000,1068.220417,1062.890383,1034.010000,1032.851700,1054.173350,1084.045000,1114.790233,1137.743233,1138.473333,1109.132300,1088.211500,1085.426667,1078.739767,1079.559450,1080.350000,1061.004500,1059.692083,1073.946667,1062.579867,1050.418017,1053.633333,1058.736750,1038.729883,1010.486667,1018.086467,1028.387117,1029.888333,1042.857717,1049.709600,1044.068333,1037.806050,1031.907500,1038.916667,1048.265117,910.857750,715.270000,713.761917,732.622850,696.538333,703.501500,715.185733,701.985000,685.136000,705.912133,741.966667,729.243467,707.833583,709.330000,724.944400,727.072750,719.633333,731.109150,745.497683,749.140000,741.511717,720.605783,716.071667,747.564817,676.218133,554.581667,576.886917,587.305933,540.605000,552.128117,579.067400,585.673333,583.087633,575.185483,571.993333,572.450817,503.088317,407.711667
411.601333,428.620017,422.218333,442.451633,470.024517,466.133333,419.746050,428.702083,474.081667,449.963883,470.623267,530.571667,502.647167,474.248767,490.095000,503.424400,495.834017,485.350000,501.934333,511.896083,502.693333,496.082217,501.136617,514.633333,523.569567,512.249133,499.920000,521.163300,532.526967,532.566667,555.804100,537.539217,490.865000,502.492367,541.088550,558.316667,536.978600,527.325917,538.568333,539.005933,562.343767,614.376667,652.838083,627.365517,589.916667,642.483133,676.916450,648.036667,617.753717,608.756383,609.855000,606.207700,655.087033,730.985000,739.306117,712.829950,705.616667,735.141483,724.202633,685.071667,706.164700,730.862950,720.653333,694.339767,677.370300,691.713333,731.400817,702.978500,630.880000,637.362000,677.960867,683.780000,634.157650,621.691850,663.586667,689.287500,691.035467,673.815000,645.829967,642.405467,657.280000,649.490983,632.734300,630.711667,651.631833,659.386283,627.100000,569.489883,580.517933,635.968333,620.392133,601.062667,614.845000,622.515700,593.402750,556.578333,570.360417,585.894417,591.948333,612.069083,555.646350,459.438333,461.225233,480.118467,463.776667,444.608883,452.020933,462.250000,429.685767,423.657833,460.701667,485.911850,487.084883,465.546667,434.016767,439.916283,469.571667,463.150917,453.446133,457.658333,461.496150,480.946067,498.888333,476.733017,452.994633,452.828333,466.570000,478.155483,482.306667,477.169683,429.588333,368.758333,368.352383,399.276250,418.781667,410.111500,407.808850,426.726667,444.602333,423.570583,398.701667,439.383333,451.923350,427.778333
447.804483,447.708900,423.113333,440.948683,464.572950,466.090000,455.401117,450.588450,467.695000,505.514683,511.709617,491.656667,499.470517,503.898567,485.926667,464.005450,467.230650,486.126667,484.715767,483.042317,483.983333,474.448550,500.385150,541.391667,529.631067,529.518600,552.360000,542.076300,520.841800,520.456667,546.881900,549.397700,533.731667,546.986367,524.824250,489.208333,529.373917,549.493500,533.360000,562.832050,604.522133,619.581667,606.164133,608.679650,620.033333,598.088133,607.541650,645.265000,639.389250,622.330683,615.966667,616.435450,663.732333,722.475000,713.365433,722.651700,746.656667,699.740650,690.632983,722.470000,692.671550,692.520817,730.956667,716.617867,685.611517,675.213333,684.133517,686.725633,680.878333,686.674083,695.632483,686.015000,649.663517,651.748450,680.828333,662.414183,646.843267,648.111667,632.863817,648.706333,673.270000,633.657817,613.955633,629.596667,616.753800,626.278550,650.790000,624.592167,599.185933,612.245000,640.982600,602.908000,532.135000,547.933083,588.620033,605.196667,607.845433,605.925150,605.520000,596.646967,520.215517,429.910000,448.389333,478.588850,469.033333,459.111400,444.966117,430.741667,435.419433,457.025483,475.043333,467.148650,455.417667,457.091667,467.526983,460.587017,444.320000,450.300600,448.778317,441.901667,460.713483,463.745183,449.195000,457.472700,465.905117,465.986667,471.152983,462.174683,454.245000,479.838783,472.672617,428.098333,409.216600,403.808217,399.673333,405.792117,434.674517,454.495000,418.895667,399.441783,407.830000,399.388833,457.380117,562.211667
596.017717,589.645167,578.683333,564.710033,549.903883,558.210000,610.348517,633.235950,622.696667,637.489267,622.368000,597.858333,642.746233,653.869117,621.750000,636.643333,631.910733,625.288333,696.757683,685.888783,624.790000,703.414300,737.320950,679.858333,673.157067,680.399233,677.478333,686.979733,680.602567,672.051667,702.990367,708.874733,677.763333,679.629683,786.285767,915.108333,906.553000,901.305417,931.175000,891.881100,872.208167,895.700000,893.464017,886.884933,871.953333,844.314117,981.520767,1196.798333,1209.058500,1192.149250,1227.835000,1222.188767,1212.676717,1209.275000,1179.468100,1169.028050,1191.765000,1209.908350,1190.447000,1152.038333,1145.562133,1152.198083,1158.578333,1173.448650,1199.195400,1211.103333,1180.096733,1158.101567,1159.026667,1143.345100,1094.322283,1055.150000,1083.643833,1086.722400,1045.551667,1039.126117,1085.460500,1139.406667,1132.889100,1092.397600,1058.346667,1055.568000,1085.907733,1109.801667,1079.130567,1051.851617,1048.928333,1040.181250,1044.605500,1051.471667,1030.719417,1041.573500,1068.831667,1038.205917,1023.354133,1031.736667,1001.224000,1003.638367,1038.546667,1029.631367,1021.832933,1028.796667,1018.695700,1026.783783,1056.461667,1048.349133,898.817633,712.633333,715.414450,748.273267,730.008333,734.344383,750.083600,748.460000,722.483233,726.165517,744.431667,716.928700,733.119500,780.268333,747.585900,692.817100,681.751667,720.371100,722.800167,690.743333,704.543500,721.160717,726.305000,739.519033,678.499233,572.400000,545.092317,550.836133,542.600000,525.919000,543.393917,584.828333,592.452567,565.943800,550.931667,589.960217,595.331833,577.400000
624.232700,618.669617,566.401667,596.245983,631.227300,634.093333,645.762567,648.786417,640.878333,644.417733,656.804000,656.643333,630.267217,639.899867,679.325000,675.971733,642.361850,620.523333,644.089967,684.303900,702.853333,684.220533,677.010167,687.580000,675.881417,649.779433,645.645000,689.153367,704.101117,690.008333,718.407267,744.401217,715.458333,649.205700,739.970233,916.795000,905.747167,851.202317,854.671667,871.211233,874.927417,880.780000,916.346000,924.938250,896.658333,896.100550,1006.214800,1161.755000,1201.757450,1188.111417,1185.113333,1194.859150,1191.938517,1176.265000,1170.363517,1162.019883,1157.308333,1177.175400,1193.751950,1188.886667,1170.730133,1162.487667,1162.096667,1151.037733,1157.853400,1171.740000,1150.176267,1128.040733,1127.331667,1132.129583,1108.111950,1064.193333,1044.517950,1044.345450,1048.610000,1046.237617,1034.121483,1049.093333,1125.184950,1140.056767,1084.785000,1070.126500,1075.356633,1079.316667,1091.440383,1106.599767,1105.081667,1071.329617,1046.966650,1048.743333,1058.532917,1074.907917,1079.990000,1052.552300,1039.563833,1045.220000,1027.414017,999.389033,996.685000,1036.885900,1039.629217,1015.426667,1047.708900,1055.094933,1034.278333,1043.335433,916.526783,722.900000,717.388133,738.599317,708.868333,713.135233,724.379650,723.905000,725.970683,723.841917,724.088333,742.385500,755.866417,753.080000,744.720417,744.159467,745.571667,733.705183,732.689350,743.816667,743.197767,737.714333,740.178333,743.353000,673.847017,567.883333,542.651750,538.082100,525.536667,539.030333,555.621400,559.285000,556.254150,554.013150,565.433333,596.811150,608.691000,591.335000
575.108350,584.350350,605.451667,600.505633,579.018033,577.421667,619.139600,621.887683,591.566667,614.602417,642.843100,648.143333,650.002133,640.082617,630.586667,646.246717,651.821050,649.278333,674.780800,692.818767,685.900000,673.826517,677.522583,672.180000,623.110033,632.769050,706.901667,741.765050,722.686500,681.965000,663.639683,664.966617,655.163333,626.656750,719.050817,881.216667,908.145417,885.948167,881.030000,872.185950,867.232283,871.091667,879.030767,891.044017,876.136667,830.314750,970.523533,1199.821667,1189.485617,1151.120217,1197.778333,1221.529200,1184.632383,1145.670000,1188.066917,1196.316167,1148.776667,1141.005817,1159.966483,1171.971667,1160.423383,1144.417233,1144.621667,1164.967717,1172.877917,1158.441667,1143.631483,1149.170183,1151.313333,1108.589000,1080.602100,1079.038333,1062.649317,1070.061117,1090.868333,1073.488867,1077.332500,1109.796667,1114.724467,1103.396050,1094.485000,1097.443050,1123.910067,1133.245000,1072.424233,1045.219600,1071.388333,1068.037167,1037.327567,1014.881667,1029.342967,1040.031733,1032.908333,1031.485050,1033.538517,1039.395000,1052.318833,1050.854000,1039.095000,1041.513183,1038.056533,1026.951667,1027.459983,1025.823850,1042.453333,1084.168767,947.356050,714.803333,694.531600,743.779217,744.595000,721.855117,705.795433,703.611667,703.784017,711.174233,733.436667,761.981633,734.341167,685.680000,716.691783,749.296000,738.008333,714.771517,706.152667,712.806667,714.854850,706.603600,720.235000,773.786867,703.306550,546.088333,516.145067,548.670150,569.715000,573.549900,573.515200,571.286667,561.085450,568.548450,588.380000,588.287850,583.595233,596.578333
630.768733,638.358033,607.043333,574.082933,579.381633,606.726667,603.789067,597.068083,594.686667,580.606300,594.375683,631.333333,643.040717,639.745417,639.405000,647.285450,649.170200,645.725000,652.813333,667.822700,669.896667,646.370683,666.402650,715.550000,708.674583,692.224383,691.060000,680.744333,662.466083,651.275000,664.753733,701.724333,721.683333,691.950883,741.511883,861.090000,902.703333,880.381433,864.395000,904.896717,920.814333,896.620000,896.878267,911.920833,898.900000,858.015967,999.981917,1228.085000,1218.425817,1169.067367,1182.653333,1164.942000,1151.434967,1162.835000,1172.560517,1164.689083,1143.663333,1132.095100,1154.310833,1181.456667,1159.874783,1147.499950,1165.378333,1174.899100,1161.797033,1152.243333,1176.102733,1149.309983,1091.408333,1105.721783,1105.610233,1063.663333,1045.976050,1058.833367,1066.783333,1037.361233,1048.150700,1107.088333,1136.718917,1110.475500,1076.876667,1103.814800,1097.122900,1049.215000,1050.045750,1069.602250,1068.035000,1043.920333,1058.923583,1090.663333,1057.839200,1037.750950,1056.255000,1058.594283,1037.476150,1025.045000,1052.439383,1045.220283,1008.666667,1024.574567,1056.369867,1063.521667,1040.125550,1011.537567,1010.053333,1027.975100,911.184300,724.423333,699.541667,720.747850,713.810000,722.486983,737.703067,742.800000,731.954250,714.611367,708.621667,724.780617,728.868717,717.800000,722.567750,740.167750,745.871667,719.136117,705.089567,717.623333,727.103717,722.256800,726.000000,752.953400,676.980000,535.196667,506.467350,543.162583,574.546667,578.803600,584.942950,587.690000,556.870750,546.377200,569.518333,586.656967,594.620100,595.540000
589.421750,585.551300,591.401667,604.714567,602.774717,597.343333,624.344550,657.958667,651.563333,586.612317,571.450617,629.223333,672.777567,646.268683,607.446667,658.901850,672.253083,633.030000,654.031517,669.299900,643.033333,620.466583,659.669933,722.461667,708.413500,661.723300,644.321667,679.480900,715.618633,722.441667,711.646400,702.247933,680.841667,642.008050,736.795183,911.833333,945.263100,913.289100,887.368333,867.282783,890.485233,927.271667,905.500417,889.052367,882.781667,854.812817,987.540250,1191.563333,1175.309833,1134.300250,1166.508333,1176.709900,1186.113183,1192.830000,1165.761300,1171.033350,1196.238333,1164.971433,1154.088067,1177.153333,1166.413550,1139.545883,1130.746667,1152.973317,1160.362750,1143.941667,1135.861017,1127.719700,1124.706667,1138.790400,1115.706217,1071.398333,1076.917583,1077.866400,1038.978333,993.214450,1034.273450,1125.478333,1132.820733,1110.254567,1099.085000,1084.706283,1073.421283,1068.828333,1067.239383,1069.396350,1058.070000,1017.989517,1014.948850,1056.463333,1079.396817,1055.563217,1024.033333,1050.107867,1075.967583,1071.000000,1057.777400,1037.628183,1017.251667,1009.642450,1008.453967,1020.178333,1050.478667,1035.552917,1008.803333,1046.272467,948.992883,754.963333,716.620433,722.480233,708.845000,727.311783,725.585733,703.193333,715.744000,727.875133,728.870000,745.269983,759.974800,752.855000,722.177300,704.849150,717.830000,744.115100,750.427883,734.370000,723.416533,725.882983,741.136667,748.403867,667.665200,545.358333,520.378200,538.639333,543.995000,534.109950,530.050650,537.715000,547.012783,565.760283,603.763333,638.965700,542.943233,393.481667
411.802167,467.418983,467.656667,447.724433,440.051200,449.048333,456.276550,456.186533,461.343333,485.377750,490.070900,476.766667,485.485950,500.903483,508.955000,508.751450,490.451167,465.748333,466.925067,510.087383,544.625000,501.255050,480.865933,518.930000,548.040850,527.012867,494.238333,522.221417,536.483417,513.398333,505.738183,518.029683,535.248333,539.434817,527.882600,522.645000,549.563383,567.661900,553.858333,532.939933,576.730117,651.678333,647.334033,611.341933,602.451667,632.133083,644.261783,627.961667,622.853933,623.345017,613.633333,599.395900,658.815833,744.670000,725.629083,702.510367,711.028333,691.070433,694.704150,726.575000,728.360650,698.402133,676.996667,704.820067,719.047050,693.676667,664.704567,663.029917,692.560000,724.621317,704.288567,660.648333,675.926700,687.211333,674.015000,676.954733,664.479700,636.700000,633.196150,648.425950,649.340000,613.014300,615.075217,650.526667,642.387183,643.689900,655.288333,623.452600,615.062483,627.453333,593.716700,588.044967,618.980000,613.853850,583.632083,569.181667,595.768650,598.829617,583.656667,602.899150,538.242400,437.020000,469.339667,468.828183,411.115000,438.985200,456.238033,442.918333,476.285600,473.691050,430.235000,431.630433,450.085567,451.720000,435.381317,434.684133,451.796667,455.238133,439.227983,422.615000,431.736283,451.884317,459.405000,443.631033,438.303950,454.145000,469.393383,469.669650,462.968333,463.174583,430.461600,387.366667,399.844533,407.099067,398.483333,419.176133,411.064183,382.426667,403.492950,422.259417,411.163333,398.584583,410.406700,421.741667
389.699033,393.187733,443.871667,468.021167,445.785617,428.661667,479.756700,488.008350,447.856667,460.984300,463.561900,444.151667,460.921217,471.538900,469.745000,490.876133,490.375367,464.510000,462.120883,495.205467,538.315000,549.928617,534.522117,509.435000,494.500567,513.132667,540.755000,528.199167,521.125900,537.188333,546.339017,537.405700,519.731667,512.306983,512.002867,514.193333,519.337050,530.561467,531.810000,514.467267,571.340033,648.741667,601.254067,595.075167,654.973333,639.167350,620.220567,627.625000,613.945200,617.318267,628.483333,605.498350,648.239467,734.075000,732.486867,712.788583,715.380000,709.809283,704.125517,704.233333,703.954783,700.132367,707.081667,738.247083,740.068550,705.655000,680.981833,669.126317,662.776667,655.509417,641.558950,643.566667,689.129783,715.242800,694.853333,663.885900,671.270417,694.716667,667.931800,641.474550,640.558333,642.672350,654.741467,665.610000,647.122433,608.372467,592.088333,631.717100,633.239683,602.518333,632.376583,639.923500,599.001667,572.698617,572.281250,587.010000,597.272267,581.902517,569.990000,600.135767,554.783050,459.191667,463.846800,493.473567,482.263333,446.073233,451.704050,485.218333,468.301733,435.481917,437.736667,486.293383,489.385900,440.900000,424.016183,433.970417,440.888333,427.270267,430.834850,460.203333,485.008683,491.208900,482.661667,471.565017,451.069067,431.653333,436.578067,451.779500,465.111667,469.459567,434.275167,377.985000,360.265967,385.168933,424.233333,438.654250,421.102917,391.653333,383.788817,405.676933,422.326667,399.525017,446.277033,563.043333
630.825267,633.176817,612.370000,617.717017,603.975567,575.666667,589.577333,617.238283,623.341667,601.737483,599.266817,619.046667,622.473033,630.144017,652.400000,671.731250,663.923967,648.103333,666.625417,678.301483,676.603333,694.287117,699.276883,692.355000,704.850767,694.694083,672.391667,693.653150,711.102817,696.166667,670.884050,675.045600,678.011667,632.820800,712.588667,870.678333,876.933600,862.497233,893.050000,897.899033,894.782200,894.913333,888.240483,898.435467,896.033333,853.007217,979.649867,1204.383333,1224.543517,1175.710200,1171.766667,1187.815600,1185.477733,1160.246667,1139.963367,1138.344733,1154.371667,1173.348050,1170.733783,1156.421667,1160.261933,1147.327267,1122.811667,1130.465617,1142.509317,1138.196667,1127.476383,1139.328150,1171.041667,1182.695500,1133.504150,1058.210000,1038.988217,1047.353967,1048.968333,1041.638567,1058.701650,1085.255000,1074.713717,1078.196883,1102.263333,1096.198917,1059.957950,1036.853333,1069.143567,1079.028833,1046.296667,1025.909350,1022.008700,1029.698333,1043.342133,1037.758100,1027.098333,1049.019400,1060.268883,1046.000000,1034.488867,1029.942017,1028.105000,1023.936700,1017.124417,1014.465000,1020.947667,1013.502483,1025.615000,1086.724967,970.992917,739.411667,699.047350,740.704150,757.603333,751.355517,717.275300,682.486667,690.334267,711.474900,716.513333,703.424417,703.829100,715.848333,712.251800,728.503950,754.028333,738.809883,721.918617,723.243333,726.211333,736.409650,753.218333,750.847383,657.977050,535.606667,526.622900,532.851550,523.021667,559.551400,568.850367,537.906667,532.308750,548.147133,564.966667,569.574100,570.006933,573.170000
579.804083,591.042667,593.865000,576.491150,586.601467,623.310000,632.628800,604.615733,588.798333,643.068350,672.288733,646.096667,628.145767,642.207133,661.746667,646.419917,653.543267,676.911667,657.239833,670.643000,697.286667,643.961250,639.489583,697.846667,700.372633,683.002350,675.850000,670.845917,690.527950,718.145000,708.934983,694.160017,685.178333,674.074000,728.803383,828.516667,874.290533,886.650167,892.415000,892.948700,887.357650,886.683333,902.570017,901.914567,880.135000,883.080117,992.411400,1149.495000,1198.705500,1189.880817,1184.615000,1193.431117,1189.285717,1175.723333,1182.094567,1184.182250,1173.821667,1167.207233,1158.852467,1146.558333,1138.588133,1147.499000,1154.718333,1131.585750,1133.592783,1148.601667,1109.961833,1085.766133,1104.016667,1118.269500,1086.151283,1031.638333,1023.362267,1050.229433,1073.581667,1066.416333,1073.012433,1086.441667,1060.829517,1066.492300,1102.565000,1093.885317,1070.369617,1050.945000,1031.944950,1068.058583,1121.036667,1090.689867,1056.860333,1054.508333,1041.608950,1031.383367,1026.436667,1013.547683,1016.188567,1028.260000,1022.988150,1043.262250,1064.838333,1022.288350,1018.939117,1055.171667,1027.149033,996.008617,1010.516667,1032.782700,910.408883,718.688333,697.183283,725.223233,715.173333,702.094733,706.944617,716.826667,705.875517,709.967717,731.636667,738.354483,751.912517,766.768333,751.733533,737.133400,730.110000,712.887200,721.261583,740.628333,721.454600,727.469517,762.268333,751.491783,668.506033,566.083333,534.170583,546.368083,567.720000,585.012650,587.244200,570.275000,544.715750,551.206467,574.101667,563.193450,580.443967,615.006667
592.904617,589.471083,618.981667,613.948517,578.899383,561.678333,604.739783,635.555433,631.101667,634.261350,638.169033,638.396667,641.857150,638.791900,635.903333,648.323400,643.656117,622.020000,620.113717,641.450200,657.860000,641.658317,654.827967,694.355000,692.454650,672.393233,669.186667,690.536050,686.298567,671.840000,707.098683,715.089683,677.858333,669.552517,751.183950,865.858333,889.407917,880.179950,881.041667,875.456133,859.628883,854.808333,887.418567,920.133317,904.800000,852.174517,972.710567,1195.478333,1221.123333,1157.815467,1133.378333,1162.372367,1155.791300,1136.535000,1203.222583,1218.045417,1167.136667,1175.612167,1189.236433,1173.541667,1155.116900,1138.682917,1132.733333,1145.519183,1146.375433,1138.988333,1157.106850,1178.582150,1180.698333,1154.462500,1092.289167,1034.278333,1040.512833,1062.672767,1061.485000,1045.601783,1065.034083,1096.336667,1071.971150,1076.097917,1106.585000,1077.017717,1059.972133,1068.775000,1045.821633,1047.628467,1077.506667,1075.411883,1058.637750,1051.203333,1054.648083,1036.999783,1011.046667,1023.948117,1048.872333,1050.906667,1021.252817,1009.372533,1029.120000,1045.791467,1032.640850,1010.560000,1020.737467,1009.621150,1001.091667,1048.023083,928.739533,714.218333,713.795550,749.932250,731.388333,745.075583,745.322783,714.908333,695.800200,709.229400,729.691667,714.621700,713.540700,729.751667,718.306750,717.353167,726.150000,705.165883,699.139933,722.718333,742.014783,738.233783,740.650000,774.059900,682.093583,527.830000,542.676100,578.216533,564.471667,578.052383,579.490350,561.643333,562.543650,550.592917,539.898333,576.312550,582.588633,567.228333
609.664283,610.653750,572.881667,597.293467,592.761517,564.650000,610.168050,616.944817,591.080000,650.023433,673.797800,641.736667,653.738867,653.321333,625.251667,624.609433,657.752717,683.205000,653.314833,631.947483,647.720000,665.543933,652.007250,630.815000,654.574717,670.294583,661.450000,666.247617,687.737300,716.028333,735.058067,719.206300,670.433333,638.938617,738.781900,886.521667,873.659150,837.921783,867.285000,909.861367,911.352283,873.831667,849.487517,866.751983,892.788333,890.556967,1013.776317,1207.080000,1236.549067,1181.194450,1147.336667,1166.716367,1189.571717,1187.578333,1170.898600,1140.182833,1125.806667,1166.514333,1206.097650,1205.163333,1173.758083,1154.327533,1157.883333,1161.076633,1159.005083,1141.611667,1106.365617,1117.181133,1153.606667,1126.242117,1073.241800,1042.845000,1047.580817,1050.562133,1042.976667,1051.017700,1078.815983,1093.228333,1060.675550,1065.864583,1104.263333,1086.885367,1061.324767,1060.106667,1064.002900,1050.642967,1037.850000,1060.203900,1061.251433,1044.056667,1062.040250,1044.356383,1006.176667,1038.845167,1070.083450,1068.668333,1070.228883,1047.362450,1014.905000,1022.944133,1029.181183,1018.833333,1018.658517,1017.856950,1025.673333,1041.088667,913.690917,720.436667,708.120200,748.347950,744.501667,726.411483,715.057517,711.785000,709.085450,726.215083,746.938333,731.966367,717.738767,726.096667,740.610850,729.943500,709.195000,722.415267,732.635267,735.546667,761.501233,768.239600,753.890000,747.527567,671.995883,570.623333,571.865150,560.961767,521.071667,549.286217,561.975867,540.635000,552.473417,561.689717,559.915000,582.209000,619.967800,659.663333
