0.424800,0.424500,0.426900,0.427200,0.427100,0.428500,0.431100,0.430200,0.427900,0.431200,0.433300,0.431100,0.429300,0.432400,0.436700,0.434800,0.433500,0.435700,0.437400,0.437100,0.435600,0.435300,0.436000,0.437800,0.440100,0.438900,0.436400,0.439300,0.442200,0.439500,0.433300,0.443900,0.430100,0.371300,0.570800,0.909900,0.936800,0.875800,0.875900,0.860100,0.844200,0.833400,0.809200,0.797200,0.764400,0.689900,0.860000,1.161700,1.168300,1.095600,1.084900,1.061000,1.043000,1.036000,1.014700,0.992200,0.970000,0.942200,0.956900,0.997700,0.991900,0.958800,0.954900,0.983900,0.799000,0.502500,0.466200,0.500700,0.482700,0.478500,0.466200,0.443200,0.441100,0.455100,0.446300,0.411300,0.568200,0.827900,0.863600,0.841600,0.861800,0.862300,0.902600,0.975400,1.000200,0.997800,1.027100,1.090600,0.937600,0.669400,0.660000,0.721700,0.730800,0.753400,0.782300,0.805500,0.827100,0.851900,0.879100,0.902400,0.916300,0.926400,0.946200,0.974200,0.986200,0.976000,1.074200,1.231300,1.256100,1.244700,1.254500,1.252200,1.288100,1.346600,1.352300,1.344500,1.348300,1.349000,1.347300,1.348200,1.351300,1.340000,1.348900,1.395200,1.222600,0.933200,0.906800,0.937100,0.937100,0.987100,0.776400,0.420900,0.385900,0.436800,0.419800,0.418600,0.424100,0.423700,0.424800,0.424000,0.422000,0.424000,0.427100,0.427600
0.452700,0.473300,0.484300,0.454100,0.426600,0.431100,0.454400,0.448300,0.425100,0.444000,0.478000,0.494100,0.484000,0.475100,0.488000,0.521500,0.549800,0.547100,0.506700,0.476900,0.466900,0.450100,0.460800,0.492700,0.497600,0.488900,0.488500,0.504200,0.517800,0.504200,0.463900,0.489900,0.519400,0.445900,0.672600,1.069300,1.069600,0.997400,1.045100,1.068400,1.026700,0.981400,1.018700,1.036200,0.967000,0.893000,1.136000,1.520900,1.520600,1.413200,1.389500,1.361000,1.302800,1.256200,1.274900,1.273500,1.213500,1.158600,1.246400,1.394700,1.376100,1.329400,1.364600,1.409900,1.177300,0.806000,0.748300,0.798100,0.792900,0.771300,0.726000,0.713300,0.802600,0.818300,0.730500,0.712000,0.903000,1.152500,1.160700,1.143700,1.153700,1.057100,1.142300,1.362700,1.363000,1.321500,1.388400,1.473600,1.220300,0.829500,0.878200,0.974000,0.925700,0.936800,0.988500,1.023600,1.025600,1.051800,1.091800,1.086600,1.119600,1.182100,1.171900,1.127100,1.100100,1.120600,1.212500,1.324600,1.354300,1.295100,1.221400,1.236300,1.333900,1.461300,1.552100,1.562200,1.521800,1.504700,1.484300,1.469500,1.499300,1.494600,1.502900,1.599300,1.371600,0.960100,0.948500,1.006400,0.962200,0.947000,0.742800,0.448200,0.424300,0.459500,0.438400,0.450600,0.436200,0.411100,0.459000,0.475900,0.431400,0.403800,0.417900,0.428400
0.424800,0.424500,0.426900,0.427200,0.427100,0.428500,0.431100,0.430200,0.427900,0.431200,0.433300,0.431100,0.429300,0.432400,0.436700,0.434800,0.433500,0.435700,0.437400,0.437100,0.435600,0.435300,0.436000,0.437800,0.440100,0.438900,0.436400,0.439300,0.442200,0.439500,0.433300,0.443900,0.430100,0.371300,0.570800,0.909900,0.936800,0.875800,0.875900,0.860100,0.844200,0.833400,0.809200,0.797200,0.764400,0.689900,0.860000,1.161700,1.168300,1.095600,1.084900,1.061000,1.043000,1.036000,1.014700,0.992200,0.970000,0.942200,0.956900,0.997700,0.991900,0.958800,0.954900,0.983900,0.799000,0.502500,0.466200,0.500700,0.482700,0.478500,0.466200,0.443200,0.441100,0.455100,0.446300,0.411300,0.568200,0.827900,0.863600,0.841600,0.861800,0.862300,0.902600,0.975400,1.000200,0.997800,1.027100,1.090600,0.937600,0.669400,0.660000,0.721700,0.730800,0.753400,0.782300,0.805500,0.827100,0.851900,0.879100,0.902400,0.916300,0.926400,0.946200,0.974200,0.986200,0.976000,1.074200,1.231300,1.256100,1.244700,1.254500,1.252200,1.288100,1.346600,1.352300,1.344500,1.348300,1.349000,1.347300,1.348200,1.351300,1.340000,1.348900,1.395200,1.222600,0.933200,0.906800,0.937100,0.937100,0.987100,0.776400,0.420900,0.385900,0.436800,0.419800,0.418600,0.424100,0.423700,0.424800,0.424000,0.422000,0.424000,0.427100,0.427600
0.432300,0.427400,0.389900,0.391100,0.389000,0.360400,0.330000,0.320100,0.344900,0.398100,0.420900,0.397800,0.360900,0.309500,0.297000,0.384400,0.419300,0.377200,0.379900,0.409200,0.429400,0.430900,0.429400,0.431200,0.426600,0.406700,0.382100,0.376400,0.391000,0.406500,0.405300,0.432000,0.461200,0.447900,0.595300,0.839400,0.885500,0.834400,0.801000,0.805300,0.842100,0.864700,0.834800,0.881100,0.926800,0.798300,0.900300,1.182100,1.165400,1.064700,1.034000,1.011800,1.032000,1.065200,1.028500,0.981400,0.960100,0.956500,1.017700,1.091800,1.072500,1.083900,1.142100,1.102200,0.850500,0.551200,0.512800,0.552400,0.533800,0.485000,0.407700,0.362300,0.424900,0.470100,0.440800,0.429500,0.631400,0.900000,0.876500,0.804400,0.799100,0.767200,0.898100,1.116100,1.120100,1.059200,1.092200,1.190300,1.019500,0.681500,0.630000,0.691700,0.701300,0.679000,0.704500,0.778400,0.820100,0.795300,0.760900,0.806000,0.838400,0.829100,0.836200,0.830900,0.797100,0.780500,0.918900,1.114500,1.119800,1.114700,1.149300,1.113500,1.198600,1.371500,1.385000,1.343900,1.343300,1.369800,1.380300,1.369800,1.366000,1.351500,1.365400,1.426400,1.218500,0.849900,0.769600,0.772000,0.754500,0.796200,0.634300,0.339200,0.276600,0.311600,0.326700,0.339800,0.323700,0.306400,0.346200,0.354500,0.320100,0.324700,0.360400,0.381900
0.416809,0.434860,0.474860,0.454160,0.428259,0.439410,0.470160,0.461760,0.429959,0.447660,0.481661,0.490261,0.464210,0.448410,0.466160,0.498611,0.500761,0.486011,0.506011,0.512011,0.488611,0.475510,0.492611,0.520361,0.517511,0.493611,0.486011,0.521611,0.529112,0.496261,0.485811,0.520611,0.523711,0.443410,0.657164,1.043073,1.073474,1.016372,1.050173,1.072474,1.043923,1.004922,1.024522,1.040673,0.981222,0.881469,1.091724,1.467582,1.487233,1.402481,1.387330,1.358980,1.315229,1.284278,1.284978,1.271028,1.222677,1.185276,1.284578,1.432081,1.400581,1.339979,1.373330,1.429281,1.176776,0.767267,0.711566,0.783967,0.797467,0.785217,0.748016,0.719216,0.748016,0.777167,0.755217,0.712316,0.858969,1.103574,1.134025,1.130825,1.146175,1.071073,1.155575,1.367930,1.403031,1.358830,1.391981,1.501183,1.269578,0.865469,0.894970,0.979921,0.936171,0.960171,0.984322,0.984472,1.023972,1.060823,1.070373,1.073724,1.094624,1.125625,1.137325,1.135925,1.116074,1.085074,1.175726,1.325529,1.325879,1.284878,1.261728,1.229077,1.327329,1.500783,1.535484,1.534234,1.545134,1.508933,1.479182,1.486883,1.506883,1.502383,1.524333,1.604585,1.365880,0.955971,0.933370,1.002122,0.992422,0.995372,0.778667,0.451060,0.397509,0.415959,0.400359,0.445210,0.463660,0.442060,0.456560,0.460260,0.436360,0.421459,0.418909,0.416909
0.452483,0.473073,0.465177,0.453883,0.429694,0.447486,0.454182,0.465077,0.434592,0.451084,0.477771,0.486167,0.483768,0.474873,0.487766,0.475472,0.495063,0.529047,0.505058,0.491065,0.510056,0.488566,0.484268,0.528647,0.529546,0.488666,0.483269,0.523049,0.540141,0.490765,0.463678,0.489665,0.527747,0.445687,0.672278,1.065690,1.076784,1.034804,1.044600,1.067888,1.026208,1.014114,1.029807,1.044600,0.994923,0.892572,1.135456,1.477292,1.453104,1.391034,1.384437,1.356250,1.302176,1.303975,1.282885,1.272890,1.231210,1.200025,1.245803,1.394032,1.375441,1.348254,1.381338,1.447906,1.175637,0.728151,0.698865,0.797718,0.792520,0.770931,0.725652,0.724753,0.721155,0.735648,0.730150,0.711659,0.814510,1.100973,1.106770,1.117365,1.138055,1.072686,1.168240,1.372443,1.442309,1.395432,1.394832,1.500081,1.258997,0.841097,0.877780,0.975033,0.939850,0.956842,0.988027,1.023110,1.021811,1.051296,1.064390,1.067089,1.091677,1.128160,1.102172,1.126560,1.099573,1.062691,1.146851,1.323966,1.331962,1.294480,1.299677,1.235708,1.333261,1.516674,1.524370,1.520871,1.540162,1.506278,1.483589,1.503480,1.498582,1.493884,1.544960,1.598534,1.359449,0.959640,0.917760,0.997322,1.022110,1.023610,0.758637,0.447985,0.397610,0.445087,0.421998,0.439589,0.445587,0.430394,0.453883,0.444387,0.441089,0.438890,0.419699,0.428195
0.433704,0.435356,0.462838,0.452726,0.447370,0.464489,0.459584,0.466992,0.467293,0.459784,0.469295,0.472949,0.479657,0.480158,0.485864,0.483261,0.479357,0.483361,0.501482,0.519804,0.516800,0.495425,0.494725,0.520104,0.514297,0.494174,0.486565,0.525260,0.529715,0.490219,0.486365,0.521205,0.535021,0.471347,0.690051,1.066038,1.091117,1.037905,1.045664,1.073697,1.045114,1.022688,1.025691,1.041860,0.982341,0.882475,1.110790,1.478317,1.488929,1.404081,1.388913,1.356275,1.316729,1.309971,1.290749,1.281488,1.253105,1.206151,1.259312,1.404681,1.402178,1.351269,1.381454,1.452587,1.178118,0.768142,0.724591,0.800780,0.789517,0.778254,0.748870,0.726694,0.708273,0.704518,0.696058,0.650105,0.804434,1.082858,1.102931,1.084710,1.098175,1.072245,1.181622,1.369490,1.404631,1.369190,1.397773,1.491382,1.254207,0.859398,0.889984,0.975883,0.934085,0.971528,1.004216,1.011825,1.023839,1.062033,1.079604,1.078352,1.095322,1.117348,1.102280,1.121703,1.117348,1.090266,1.171310,1.326090,1.316529,1.286344,1.277734,1.230479,1.328843,1.501694,1.525071,1.516311,1.533130,1.509703,1.511656,1.537736,1.508602,1.486026,1.526072,1.606416,1.367438,0.959614,0.921220,0.995606,1.003415,1.035102,0.787665,0.433303,0.408474,0.452926,0.422190,0.439060,0.441513,0.428197,0.457081,0.460785,0.442514,0.429599,0.421540,0.433003
0.450335,0.421677,0.458523,0.449636,0.439850,0.447040,0.453730,0.464614,0.434159,0.450634,0.461618,0.457724,0.473501,0.483386,0.487280,0.488978,0.481389,0.499962,0.495768,0.490575,0.509547,0.488079,0.483785,0.509348,0.496866,0.488179,0.482787,0.522528,0.517036,0.487580,0.506951,0.496766,0.527221,0.445242,0.685188,1.061832,1.075711,1.033773,1.042261,1.069620,1.059535,1.026883,1.017198,1.034672,0.993932,0.891683,1.126836,1.473024,1.477118,1.389647,1.383057,1.350505,1.300879,1.302676,1.281607,1.273219,1.269625,1.201625,1.253449,1.406023,1.422898,1.348508,1.375668,1.446463,1.175564,0.804811,0.747196,0.800418,0.791731,0.782245,0.738609,0.724031,0.696272,0.734914,0.729423,0.710950,0.813698,1.099875,1.105667,1.112357,1.104968,1.071617,1.180456,1.365283,1.394940,1.363885,1.394740,1.498586,1.257742,0.874009,0.876905,0.972563,0.938913,0.982049,0.987741,0.996229,1.021491,1.067923,1.090190,1.084997,1.094284,1.114054,1.097679,1.112057,1.119447,1.099576,1.162782,1.322547,1.295486,1.272720,1.265231,1.234477,1.331933,1.515162,1.522851,1.506275,1.519556,1.504777,1.482111,1.501981,1.497089,1.471826,1.501582,1.596941,1.358094,0.955489,0.920740,0.989638,0.980452,1.022590,0.791731,0.416784,0.417583,0.458822,0.421577,0.436655,0.435557,0.429965,0.453430,0.443944,0.440649,0.438452,0.421577,0.435956
0.450062,0.446028,0.460023,0.445530,0.433478,0.457333,0.451955,0.454993,0.428249,0.457433,0.465152,0.455192,0.475461,0.477702,0.483380,0.483679,0.486766,0.488360,0.493291,0.484575,0.486667,0.486468,0.492195,0.517445,0.496876,0.486966,0.480641,0.511717,0.501508,0.485422,0.504845,0.507883,0.521628,0.452353,0.693296,1.055408,1.073884,1.032598,1.040318,1.065567,1.044202,1.028813,1.007847,1.031951,1.000127,0.917007,1.127770,1.470758,1.460748,1.375735,1.381811,1.349340,1.309996,1.282954,1.274139,1.269258,1.257505,1.197244,1.257306,1.404172,1.404222,1.344360,1.374391,1.432759,1.172094,0.764214,0.720886,0.796685,0.785480,0.774274,0.729950,0.716354,0.692599,0.700916,0.703506,0.657289,0.800321,1.077321,1.097291,1.077221,1.084691,1.066763,1.170849,1.359599,1.378275,1.364430,1.393863,1.484155,1.265772,0.884835,0.872932,0.963921,0.933044,0.973583,0.999430,1.006651,1.018604,1.056454,1.087381,1.092211,1.098437,1.105160,1.096644,1.115967,1.122093,1.103616,1.158498,1.307456,1.293960,1.279766,1.278621,1.236538,1.322049,1.494015,1.517273,1.502034,1.515032,1.499892,1.480818,1.515231,1.500888,1.478427,1.518717,1.591727,1.357508,0.954708,0.916509,0.984938,0.970744,1.013424,0.772880,0.410868,0.406386,0.450610,0.420032,0.428598,0.434275,0.444982,0.446626,0.441446,0.440251,0.439604,0.441496,0.443389
0.392038,0.379673,0.363569,0.363420,0.371447,0.366461,0.336895,0.332058,0.356888,0.368056,0.368156,0.367707,0.367458,0.349260,0.341930,0.390941,0.407594,0.390393,0.421605,0.438158,0.416768,0.404702,0.419361,0.432922,0.404403,0.384958,0.388399,0.380920,0.382316,0.399068,0.416519,0.443293,0.448728,0.419810,0.578111,0.832888,0.850688,0.804319,0.807510,0.806912,0.836179,0.873324,0.856870,0.877462,0.882099,0.759845,0.875218,1.157568,1.148444,1.054759,1.027437,1.009587,1.023647,1.044239,1.007643,0.972792,0.957635,0.937791,1.002208,1.107809,1.107510,1.081284,1.096541,1.102773,0.875318,0.539819,0.474903,0.506564,0.486471,0.438207,0.401761,0.394781,0.408342,0.424397,0.415522,0.398470,0.578161,0.843209,0.857867,0.831841,0.844456,0.788913,0.883395,1.092452,1.133636,1.087865,1.107011,1.213110,1.026290,0.653696,0.603688,0.652849,0.653547,0.690642,0.723798,0.742146,0.781085,0.807809,0.815787,0.828850,0.819327,0.798885,0.811100,0.818579,0.789511,0.759746,0.914607,1.141364,1.131492,1.121969,1.174021,1.127603,1.184641,1.338156,1.358498,1.334366,1.336760,1.343291,1.357401,1.367772,1.350471,1.322251,1.347978,1.432089,1.210019,0.814889,0.767324,0.795993,0.768670,0.798885,0.627471,0.335947,0.301445,0.341581,0.335000,0.344074,0.345869,0.338590,0.349210,0.343626,0.323533,0.332956,0.377978,0.426092
0.353168,0.333315,0.338503,0.364042,0.355163,0.359553,0.329224,0.345087,0.370028,0.348080,0.352170,0.392276,0.360052,0.326032,0.336009,0.383497,0.397264,0.404846,0.447446,0.465005,0.428391,0.379905,0.410732,0.430187,0.397963,0.364541,0.381202,0.386689,0.390081,0.392974,0.404348,0.430985,0.437769,0.393174,0.562874,0.829147,0.874340,0.832439,0.816676,0.811189,0.840121,0.884816,0.872445,0.876735,0.840420,0.737563,0.864464,1.136922,1.135326,1.048331,1.031570,1.010719,1.018700,1.026781,1.012515,0.979094,0.958343,0.954252,1.015308,1.127444,1.139316,1.082251,1.139416,1.106992,0.891201,0.530251,0.461613,0.499523,0.471988,0.436173,0.406742,0.428491,0.423901,0.468995,0.439764,0.428491,0.550603,0.789341,0.842116,0.825954,0.840121,0.813184,0.895989,1.072474,1.129938,1.109686,1.120461,1.239879,1.026382,0.628120,0.579435,0.672915,0.675309,0.680098,0.720303,0.776571,0.809892,0.794927,0.772979,0.804106,0.803008,0.771383,0.790937,0.828947,0.795227,0.764798,0.913349,1.141411,1.146898,1.112080,1.146599,1.121558,1.195783,1.342937,1.354908,1.340742,1.340143,1.343435,1.339046,1.366581,1.346329,1.344034,1.335055,1.423048,1.205560,0.782656,0.767592,0.774875,0.785350,0.804206,0.632809,0.338403,0.282934,0.312863,0.340398,0.339001,0.333016,0.356660,0.353368,0.353667,0.328027,0.323937,0.359553,0.381003
0.434318,0.420141,0.447845,0.429076,0.437712,0.474600,0.457628,0.465665,0.451988,0.459575,0.466214,0.456231,0.463019,0.469458,0.487378,0.477794,0.481538,0.489475,0.491571,0.485681,0.515331,0.494017,0.497112,0.518625,0.510938,0.492769,0.481738,0.516030,0.492819,0.483135,0.505997,0.531753,0.521720,0.450890,0.694878,1.057816,1.088864,1.037251,1.047733,1.066152,1.046585,1.031161,1.015937,1.038748,1.016037,0.920598,1.110877,1.474114,1.459089,1.368442,1.380372,1.352419,1.327012,1.292470,1.263919,1.269659,1.260375,1.204119,1.277196,1.407377,1.407576,1.352719,1.377527,1.436028,1.165335,0.758770,0.703863,0.784377,0.778587,0.766108,0.741050,0.710352,0.683797,0.679654,0.700219,0.639721,0.802147,1.070944,1.099795,1.063556,1.086817,1.073440,1.184952,1.367893,1.395547,1.378975,1.402235,1.487541,1.270507,0.906671,0.871480,0.953941,0.941862,0.975804,1.001711,1.003258,1.019880,1.048382,1.091509,1.107233,1.092208,1.097948,1.099146,1.123655,1.124653,1.099995,1.161142,1.290624,1.294367,1.269859,1.281539,1.243902,1.337494,1.516393,1.517591,1.504313,1.528023,1.505411,1.495228,1.522233,1.506659,1.476510,1.523032,1.583080,1.348626,0.952743,0.916455,0.978799,0.972959,1.032159,0.802347,0.404518,0.389793,0.438511,0.420990,0.429576,0.423785,0.445998,0.439459,0.432970,0.445049,0.448444,0.442504,0.444401
0.449966,0.421687,0.433749,0.430246,0.452619,0.483151,0.452118,0.466934,0.485203,0.464181,0.461378,0.457474,0.477845,0.495113,0.489057,0.486104,0.489457,0.500719,0.482200,0.474492,0.499267,0.488907,0.488807,0.507125,0.506925,0.498867,0.482250,0.499718,0.481099,0.484452,0.509027,0.533203,0.529549,0.479547,0.696772,1.060699,1.091831,1.040278,1.060249,1.069058,1.044282,1.027064,1.005041,1.037475,1.018806,0.923107,1.113904,1.478132,1.459663,1.372172,1.381431,1.339038,1.322170,1.295993,1.262158,1.250546,1.263810,1.203247,1.280677,1.411212,1.412964,1.360960,1.393744,1.441193,1.176619,0.792421,0.705781,0.777255,0.776605,0.753931,0.722549,0.692217,0.687613,0.681506,0.697873,0.605427,0.774503,1.076265,1.104645,1.052390,1.064403,1.072111,1.205799,1.362662,1.388889,1.373473,1.411413,1.491596,1.262959,0.896079,0.871353,0.952537,0.947432,0.969855,1.004441,1.022359,1.023010,1.051239,1.094484,1.110250,1.103944,1.110701,1.112353,1.126718,1.136728,1.109800,1.169762,1.294141,1.296844,1.279976,1.281878,1.247292,1.355855,1.520526,1.524880,1.502957,1.518423,1.499053,1.499304,1.526382,1.497752,1.480534,1.526732,1.587395,1.355104,0.958994,0.915098,0.962247,0.964449,1.018505,0.799328,0.405620,0.403818,0.439706,0.422137,0.425441,0.424940,0.433349,0.440657,0.433699,0.446262,0.449666,0.460427,0.445612
0.447826,0.419681,0.429444,0.421524,0.452359,0.480404,0.446780,0.455447,0.479856,0.461973,0.456742,0.450615,0.462072,0.485535,0.486083,0.483791,0.480553,0.498337,0.479906,0.472234,0.480354,0.480105,0.481201,0.504713,0.504514,0.509645,0.487079,0.497341,0.478810,0.475771,0.509595,0.547105,0.501176,0.446481,0.682498,1.043449,1.073985,1.034433,1.061830,1.066812,1.039314,1.021332,1.000260,1.032540,0.989251,0.885390,1.085940,1.463030,1.456106,1.365644,1.374860,1.332668,1.315880,1.282804,1.256154,1.236029,1.233538,1.201657,1.286291,1.404499,1.406242,1.360464,1.388110,1.409032,1.171022,0.788651,0.727630,0.743271,0.744068,0.752387,0.739535,0.676919,0.678762,0.688227,0.694553,0.602547,0.750693,1.060136,1.099390,1.053312,1.070249,1.069053,1.182529,1.348060,1.381037,1.363004,1.404698,1.478672,1.267910,0.903273,0.861180,0.942975,0.952738,0.965540,0.980136,1.001207,1.018094,1.046238,1.089278,1.110199,1.115629,1.105417,1.114483,1.134359,1.136650,1.104521,1.164197,1.286092,1.290675,1.265768,1.260288,1.239715,1.326291,1.495907,1.520216,1.495808,1.497551,1.492869,1.492171,1.488535,1.499643,1.485745,1.499046,1.578797,1.348658,0.950646,0.912887,0.957670,0.959861,1.005042,0.795526,0.403691,0.412059,0.459781,0.422670,0.413056,0.411561,0.438261,0.438560,0.414949,0.446531,0.451910,0.458237,0.431586
0.448799,0.441460,0.435070,0.422440,0.453341,0.474209,0.445753,0.438515,0.460331,0.464125,0.462427,0.448150,0.461129,0.478902,0.487139,0.477504,0.481597,0.499419,0.464973,0.461778,0.481398,0.481148,0.482246,0.515594,0.515045,0.501317,0.480998,0.476455,0.470914,0.479251,0.518390,0.531819,0.481797,0.447451,0.683981,1.029890,1.074571,1.036879,1.072873,1.069129,1.041572,1.023550,1.019107,1.034783,0.991401,0.909878,1.099831,1.458770,1.448137,1.368611,1.371756,1.341204,1.318739,1.285591,1.258883,1.237865,1.225435,1.212205,1.289085,1.399363,1.392574,1.357429,1.375400,1.395269,1.148355,0.790365,0.703001,0.737947,0.745984,0.751975,0.720674,0.670452,0.672150,0.693067,0.696062,0.605803,0.762508,1.055450,1.092243,1.055600,1.072574,1.077666,1.197928,1.357029,1.393572,1.365965,1.407750,1.491918,1.270664,0.905235,0.855513,0.938982,0.954808,0.965092,0.982265,1.019706,1.025597,1.047812,1.091644,1.112611,1.118053,1.106870,1.116904,1.142015,1.143663,1.100131,1.161285,1.288886,1.296224,1.269017,1.276655,1.244056,1.352336,1.514982,1.532455,1.499556,1.504249,1.506296,1.486477,1.468954,1.501054,1.503251,1.522770,1.574290,1.330421,0.947719,0.914022,0.960848,0.960449,1.000636,0.790365,0.417498,0.426234,0.452044,0.415950,0.405017,0.423838,0.453042,0.437916,0.413753,0.456137,0.463426,0.459232,0.433373
0.457941,0.469963,0.448173,0.441611,0.454685,0.475824,0.447271,0.457139,0.461898,0.465705,0.468711,0.461598,0.468510,0.463401,0.476375,0.468110,0.478429,0.498165,0.472518,0.474872,0.504777,0.497964,0.483889,0.517350,0.516799,0.498015,0.482486,0.492154,0.485492,0.483037,0.522960,0.546954,0.500970,0.442613,0.670281,1.041863,1.079232,1.040411,1.076527,1.069514,1.032947,1.007550,1.024582,1.040962,0.980751,0.890335,1.092907,1.473907,1.453068,1.377780,1.376428,1.371018,1.335753,1.289969,1.272888,1.241981,1.221643,1.214681,1.293475,1.412494,1.397316,1.352634,1.380084,1.391956,1.142999,0.788849,0.705395,0.740460,0.724330,0.748575,0.703792,0.661465,0.659912,0.695427,0.697781,0.607866,0.765105,1.059045,1.095963,1.059195,1.076226,1.086646,1.218137,1.365558,1.399220,1.374574,1.405731,1.486931,1.264723,0.889183,0.857675,0.929507,0.944635,0.959863,0.988515,1.023179,1.012760,1.022077,1.089350,1.106181,1.121860,1.112443,1.131027,1.145904,1.157275,1.114747,1.169297,1.303594,1.300438,1.273639,1.283707,1.248292,1.356942,1.520142,1.547091,1.498953,1.504613,1.533216,1.500506,1.496849,1.508019,1.522396,1.527956,1.586063,1.355940,0.955054,0.916233,0.955705,0.963720,0.997682,0.795511,0.436401,0.427685,0.453583,0.409151,0.408099,0.425982,0.440709,0.432194,0.424279,0.457690,0.474171,0.460796,0.430040
0.334450,0.348711,0.361270,0.351613,0.352764,0.358869,0.338103,0.358268,0.363222,0.370677,0.377282,0.377883,0.358218,0.348861,0.363072,0.389892,0.397748,0.408306,0.424968,0.437978,0.421966,0.394896,0.402451,0.425368,0.400800,0.386339,0.385288,0.382286,0.393695,0.400500,0.395996,0.412559,0.450337,0.401501,0.542256,0.821315,0.874254,0.838578,0.826018,0.847234,0.867599,0.895470,0.879809,0.873053,0.845983,0.769376,0.884062,1.112182,1.114935,1.046884,1.031122,1.013208,1.012708,1.029971,1.022465,0.982485,0.961069,0.941154,1.031272,1.153764,1.142605,1.089966,1.132798,1.118988,0.877257,0.526194,0.463297,0.510232,0.482111,0.450237,0.416812,0.434775,0.444483,0.473454,0.439429,0.432574,0.552764,0.787940,0.841180,0.817812,0.821215,0.809406,0.895320,1.071302,1.136100,1.118337,1.126443,1.241229,1.024917,0.610907,0.577032,0.672704,0.689616,0.694470,0.723842,0.744807,0.779734,0.796646,0.800549,0.825568,0.810106,0.766374,0.792293,0.821515,0.815460,0.774129,0.912083,1.160268,1.154264,1.120188,1.137051,1.119688,1.196796,1.345457,1.364872,1.351111,1.358167,1.359217,1.362270,1.364571,1.347709,1.338952,1.347459,1.437226,1.214359,0.790492,0.759719,0.780584,0.776431,0.815060,0.633274,0.337152,0.280310,0.312834,0.334200,0.337152,0.341255,0.345158,0.350462,0.344858,0.324693,0.334150,0.379334,0.425869
0.319594,0.361098,0.380905,0.363188,0.347363,0.355126,0.328452,0.344277,0.356918,0.373340,0.374933,0.366274,0.359207,0.354728,0.356121,0.382696,0.394839,0.403896,0.418129,0.411859,0.411958,0.399815,0.409769,0.416935,0.400214,0.404792,0.386080,0.385782,0.393943,0.404593,0.398123,0.390659,0.436741,0.392251,0.561553,0.827201,0.866715,0.830486,0.814760,0.809285,0.838149,0.898465,0.870397,0.861937,0.838448,0.740709,0.863729,1.082896,1.085085,1.036514,1.021883,1.007053,0.998096,1.024372,1.010139,0.976796,0.955596,0.925637,1.021286,1.149980,1.136145,1.079711,1.116537,1.107480,0.874478,0.517660,0.460529,0.498351,0.470881,0.460430,0.423305,0.437339,0.461226,0.467895,0.435348,0.427485,0.550207,0.787488,0.833073,0.802716,0.823419,0.798735,0.887019,1.069957,1.127287,1.107082,1.117831,1.231993,1.014717,0.626646,0.578075,0.671336,0.689052,0.678502,0.718613,0.706769,0.742998,0.791569,0.821229,0.839941,0.810281,0.755539,0.789081,0.815954,0.793361,0.763004,0.903044,1.138733,1.149183,1.118727,1.117831,1.108276,1.192977,1.339785,1.363175,1.349240,1.341577,1.340283,1.336102,1.350932,1.337595,1.322467,1.331922,1.427074,1.212784,0.784701,0.745387,0.773056,0.763402,0.818940,0.631324,0.335618,0.282270,0.312129,0.339599,0.332433,0.346566,0.355823,0.352538,0.340196,0.327257,0.341490,0.358709,0.380108
0.444712,0.444014,0.446309,0.455238,0.469155,0.481077,0.456385,0.467958,0.459977,0.472298,0.472996,0.446957,0.462471,0.477636,0.474393,0.457133,0.476339,0.496092,0.464067,0.472547,0.520186,0.499684,0.472996,0.491104,0.514649,0.491902,0.487762,0.498836,0.492251,0.482225,0.520785,0.544679,0.513003,0.445810,0.667493,1.032990,1.073595,1.036082,1.074094,1.067060,1.028450,1.003359,1.020319,1.036631,0.971783,0.886182,1.080778,1.443282,1.458148,1.378733,1.370702,1.357882,1.336132,1.294080,1.272880,1.253176,1.216561,1.222448,1.293183,1.382973,1.383222,1.342168,1.326555,1.382524,1.147473,0.789757,0.702461,0.731842,0.733439,0.745461,0.704855,0.658713,0.657616,0.692534,0.677968,0.608380,0.769305,1.045211,1.089408,1.054789,1.056335,1.082125,1.213070,1.359877,1.393399,1.358979,1.393598,1.475258,1.257815,0.861240,0.850266,0.923894,0.921899,0.945045,0.978916,1.018075,1.015530,1.019571,1.078982,1.098986,1.117592,1.107815,1.121882,1.135949,1.138843,1.113851,1.182641,1.298171,1.296625,1.268341,1.278367,1.241453,1.351297,1.513818,1.552178,1.499850,1.512621,1.526837,1.493964,1.481144,1.501746,1.506734,1.499950,1.579465,1.350299,0.951081,0.914167,0.951729,0.948836,0.999867,0.792202,0.434586,0.429598,0.477286,0.415930,0.428750,0.434137,0.426804,0.416977,0.427453,0.459328,0.476638,0.445610,0.420070
0.456808,0.445965,0.444815,0.456008,0.469949,0.470749,0.457157,0.468750,0.469699,0.483141,0.473797,0.447713,0.463903,0.478843,0.475196,0.457907,0.471248,0.488987,0.471348,0.484840,0.503528,0.490786,0.473797,0.485589,0.499230,0.482691,0.489786,0.499680,0.493084,0.493434,0.523265,0.537306,0.499730,0.446964,0.665574,1.021646,1.075412,1.037836,1.065918,1.068866,1.040984,1.006855,1.005356,1.034288,0.972178,0.873791,1.079959,1.429935,1.450072,1.381066,1.361079,1.339692,1.325901,1.296270,1.281530,1.256246,1.226565,1.211674,1.290974,1.392409,1.375869,1.326701,1.349036,1.395757,1.146216,0.786896,0.690758,0.733081,0.734680,0.747472,0.706048,0.645687,0.658728,0.693706,0.667373,0.609410,0.770607,1.046980,1.079359,1.056574,1.058123,1.083956,1.215122,1.369923,1.400304,1.352134,1.393008,1.489996,1.259943,0.862698,0.845459,0.913165,0.918962,0.946644,0.988867,1.025194,1.026693,1.036287,1.080808,1.100845,1.119483,1.109690,1.109540,1.140170,1.154411,1.123431,1.178196,1.300368,1.298819,1.278482,1.287776,1.239856,1.353534,1.535017,1.554805,1.502388,1.478304,1.513581,1.492245,1.483650,1.516729,1.512382,1.508334,1.588383,1.368624,0.956488,0.918912,0.967481,0.952790,0.992265,0.785797,0.438969,0.430325,0.478094,0.416633,0.429475,0.442517,0.439619,0.432023,0.433123,0.453360,0.468850,0.448463,0.428975
0.468689,0.458059,0.444284,0.444933,0.455364,0.456811,0.466893,0.474279,0.469138,0.482564,0.473231,0.457809,0.463349,0.478272,0.479220,0.457360,0.470686,0.486457,0.475527,0.484261,0.502926,0.490200,0.473381,0.494093,0.501778,0.482115,0.501629,0.512858,0.497486,0.483562,0.517250,0.524786,0.479270,0.412842,0.657193,1.033502,1.087203,1.039241,1.055961,1.059953,1.039741,1.029909,1.014287,1.018879,0.972264,0.879585,1.080166,1.443998,1.448340,1.369685,1.357158,1.358555,1.343832,1.294722,1.279999,1.254746,1.232836,1.190913,1.266175,1.387851,1.366191,1.325116,1.347425,1.394090,1.138809,0.767091,0.680201,0.723072,0.714588,0.734751,0.711344,0.644916,0.654348,0.682946,0.664879,0.622307,0.776724,1.033252,1.062599,1.047177,1.056859,1.082662,1.195904,1.375973,1.398631,1.348024,1.389099,1.480232,1.255295,0.874644,0.840357,0.910827,0.909130,0.951353,0.987686,1.015735,1.018480,1.035049,1.079917,1.098682,1.105570,1.108115,1.108215,1.138809,1.139407,1.103573,1.148840,1.285739,1.296619,1.276955,1.286238,1.244614,1.360452,1.533184,1.552948,1.503838,1.483925,1.511774,1.490463,1.493757,1.514918,1.508230,1.495354,1.580248,1.348224,0.953599,0.925949,0.974860,0.957641,0.992627,0.783062,0.431557,0.429811,0.477523,0.416136,0.409648,0.439942,0.444733,0.424970,0.425568,0.452818,0.468290,0.441539,0.425119
0.450355,0.438771,0.447731,0.441345,0.438325,0.441741,0.463127,0.478623,0.452583,0.471147,0.469415,0.456098,0.463028,0.472732,0.454266,0.453820,0.471692,0.482534,0.471692,0.480355,0.492930,0.489712,0.486940,0.490108,0.497088,0.478227,0.480851,0.495059,0.488524,0.488871,0.513079,0.517732,0.486445,0.434909,0.675854,1.051257,1.078436,1.030861,1.043782,1.042792,1.043287,1.043485,1.004425,0.991900,0.970216,0.886155,1.071456,1.415917,1.433294,1.358639,1.346213,1.347599,1.332995,1.280964,1.260717,1.243687,1.222894,1.148239,1.232795,1.376659,1.348391,1.307252,1.299826,1.368936,1.129625,0.733628,0.661200,0.698726,0.708825,0.717835,0.695756,0.637982,0.643279,0.667537,0.659517,0.617289,0.770460,1.024920,1.054030,1.023732,1.029920,1.068386,1.185270,1.364877,1.366461,1.328490,1.377897,1.453839,1.245172,0.867590,0.833580,0.903482,0.901799,0.943681,0.979721,1.007544,1.007395,1.051307,1.079327,1.089822,1.090565,1.088337,1.095862,1.114575,1.122793,1.094674,1.143635,1.271558,1.286707,1.278242,1.275865,1.242399,1.349481,1.520820,1.540425,1.507602,1.493691,1.481265,1.471117,1.489483,1.508592,1.496068,1.483295,1.567504,1.339579,0.945909,0.910413,0.959770,0.949919,0.984622,0.776747,0.423127,0.404562,0.455256,0.407433,0.430751,0.440503,0.429166,0.421543,0.422137,0.440355,0.462682,0.437978,0.420453
0.439777,0.431654,0.454819,0.435014,0.441582,0.441682,0.469059,0.484753,0.455621,0.476078,0.486056,0.479087,0.465499,0.478786,0.483950,0.470413,0.482647,0.494229,0.477733,0.486508,0.488563,0.495984,0.493176,0.496385,0.481494,0.482346,0.499744,0.506764,0.499795,0.495132,0.519650,0.527221,0.515238,0.428696,0.660242,1.064972,1.106086,1.048325,1.045969,1.056147,1.056648,1.050331,1.002548,0.996781,0.989461,0.888379,1.079412,1.434252,1.449244,1.364307,1.363455,1.371577,1.348613,1.287342,1.283030,1.276662,1.228578,1.159586,1.248484,1.403416,1.373783,1.331265,1.314167,1.394140,1.149157,0.743023,0.669669,0.707675,0.717903,0.724321,0.704666,0.655028,0.647908,0.675986,0.687619,0.637028,0.791509,1.042810,1.068983,1.054192,1.069484,1.061863,1.179441,1.382357,1.392084,1.345505,1.396246,1.472459,1.266133,0.878702,0.846713,0.915053,0.937466,0.967399,0.981890,1.002146,1.020297,1.064771,1.084927,1.103780,1.104532,1.092499,1.114560,1.128850,1.126142,1.121680,1.182349,1.287844,1.296067,1.294613,1.295465,1.258311,1.356285,1.548070,1.562259,1.526058,1.503345,1.500236,1.494671,1.508560,1.527914,1.515228,1.502292,1.585574,1.356736,0.958023,0.918864,0.972213,0.969656,1.017740,0.788751,0.421526,0.392596,0.458229,0.418668,0.436267,0.438474,0.422830,0.419120,0.426590,0.432156,0.462691,0.443588,0.425838
0.335810,0.362920,0.359139,0.363666,0.350683,0.356752,0.336109,0.349241,0.359488,0.360134,0.362970,0.366402,0.360333,0.355508,0.361179,0.386995,0.389432,0.390179,0.416791,0.419527,0.408086,0.402962,0.410921,0.413209,0.404405,0.406942,0.390378,0.404504,0.407290,0.416293,0.400575,0.410125,0.408583,0.388189,0.553532,0.824429,0.851389,0.810998,0.812988,0.806571,0.835870,0.890188,0.862333,0.853279,0.825672,0.739767,0.862979,1.085675,1.075279,1.025487,1.013997,0.985494,0.989723,1.023896,0.999124,0.970522,0.946248,0.922421,1.016633,1.139646,1.123430,1.078761,1.088461,1.113929,0.881384,0.502845,0.451113,0.497125,0.479267,0.458226,0.434797,0.444696,0.469567,0.469269,0.424750,0.400326,0.549503,0.783292,0.821743,0.801299,0.809009,0.803836,0.890039,1.064983,1.120545,1.091993,1.116615,1.213961,1.013052,0.607304,0.575021,0.668735,0.681072,0.690373,0.715444,0.704351,0.748970,0.791947,0.810998,0.820698,0.805328,0.758819,0.787620,0.811148,0.794832,0.759416,0.906703,1.152181,1.148749,1.113581,1.110397,1.104229,1.189736,1.337521,1.356821,1.342793,1.352443,1.338914,1.335382,1.352195,1.339759,1.307924,1.323643,1.422729,1.207196,0.787769,0.755237,0.775980,0.773095,0.818808,0.632175,0.334169,0.287013,0.335462,0.341431,0.335164,0.339541,0.343122,0.348395,0.336556,0.322778,0.332179,0.376052,0.423357
0.314415,0.344792,0.337025,0.361713,0.348800,0.358546,0.361614,0.359338,0.357557,0.358200,0.361020,0.364434,0.361218,0.360525,0.374576,0.386055,0.385115,0.403717,0.414552,0.417273,0.395257,0.390013,0.397929,0.400749,0.402233,0.414305,0.397780,0.424497,0.423903,0.413118,0.406587,0.394713,0.378238,0.365374,0.549075,0.814707,0.825691,0.782548,0.808622,0.802240,0.838208,0.894511,0.857701,0.840088,0.810255,0.735794,0.857701,1.074155,1.060252,1.000684,0.990987,0.974611,0.974957,1.010975,0.982675,0.954524,0.930331,0.913806,1.005286,1.133525,1.117396,1.057234,1.050654,1.107947,0.876650,0.484955,0.437311,0.490101,0.468134,0.443198,0.432462,0.442308,0.467045,0.452450,0.400303,0.368590,0.534381,0.769487,0.797094,0.779728,0.803625,0.805752,0.892284,1.041897,1.100476,1.088255,1.110618,1.207441,0.996133,0.583362,0.571933,0.664055,0.669349,0.693642,0.711601,0.698391,0.743117,0.793186,0.822129,0.839593,0.791850,0.750785,0.770773,0.795808,0.785270,0.747223,0.892977,1.145993,1.142579,1.098497,1.093846,1.090729,1.181516,1.327517,1.334741,1.330337,1.345180,1.331723,1.328210,1.335186,1.329150,1.296595,1.312526,1.409498,1.193984,0.783538,0.751181,0.783192,0.781509,0.824949,0.628532,0.317977,0.285472,0.359882,0.343902,0.338558,0.343803,0.351125,0.355825,0.331236,0.305954,0.347068,0.379178,0.385807
0.435492,0.432378,0.455581,0.435743,0.444683,0.448801,0.470297,0.485565,0.477831,0.481346,0.472708,0.455983,0.464823,0.479588,0.475822,0.471352,0.483456,0.491190,0.497317,0.489181,0.476023,0.492295,0.513490,0.498272,0.495660,0.501285,0.502491,0.514444,0.502892,0.498523,0.514494,0.525242,0.496112,0.432328,0.668280,1.053246,1.116378,1.062136,1.058922,1.063592,1.066757,1.052091,1.009702,0.998452,0.986197,0.899009,1.081221,1.436656,1.446148,1.356900,1.369255,1.355444,1.338267,1.305119,1.304316,1.283624,1.239326,1.164894,1.250576,1.396627,1.373123,1.325309,1.314963,1.396477,1.173683,0.766970,0.670791,0.708861,0.726489,0.728398,0.715842,0.666522,0.648994,0.677119,0.688771,0.626242,0.780631,1.044558,1.070774,1.055958,1.055506,1.063643,1.181418,1.351376,1.387286,1.347760,1.381158,1.473621,1.278953,0.886955,0.845671,0.916587,0.939037,0.969021,0.974897,0.988005,1.022007,1.066556,1.083381,1.105630,1.099854,1.094330,1.116428,1.143398,1.121250,1.123560,1.184331,1.290002,1.305873,1.296782,1.297636,1.272223,1.358558,1.523543,1.544738,1.528616,1.505865,1.502751,1.497176,1.503203,1.523794,1.517768,1.512745,1.592250,1.363329,0.960985,0.917792,0.973842,0.983435,1.030495,0.787863,0.413795,0.380647,0.444080,0.442172,0.439610,0.438355,0.432579,0.420475,0.427305,0.432880,0.452518,0.440364,0.426552
0.458502,0.430969,0.437277,0.425112,0.443234,0.447339,0.468765,0.474221,0.476274,0.479778,0.473771,0.477826,0.471418,0.478026,0.497499,0.482031,0.479578,0.489590,0.495697,0.483482,0.460154,0.484934,0.511817,0.503557,0.496298,0.503757,0.505058,0.521178,0.509314,0.503406,0.515471,0.523531,0.494345,0.429818,0.665602,1.062129,1.112740,1.046661,1.055471,1.054470,1.063281,1.052668,1.022832,1.002558,0.980381,0.886968,1.086509,1.433977,1.433527,1.352229,1.364794,1.346772,1.314734,1.265124,1.259017,1.247252,1.222122,1.155842,1.242997,1.392077,1.368649,1.327099,1.313232,1.392928,1.160698,0.742494,0.681421,0.724523,0.712909,0.728127,0.717765,0.664350,0.646879,0.677716,0.699493,0.636016,0.780690,1.059777,1.082804,1.072792,1.078099,1.069438,1.173514,1.346021,1.405443,1.368098,1.376658,1.468819,1.274786,0.885867,0.845368,0.914502,0.935977,0.965863,0.971720,0.984786,1.022782,1.064232,1.079851,1.088111,1.088311,1.094168,1.112790,1.139673,1.124354,1.115894,1.156443,1.285799,1.305372,1.292557,1.302269,1.279691,1.369650,1.521583,1.526839,1.510920,1.500958,1.513423,1.508567,1.497103,1.518830,1.527640,1.531945,1.587062,1.356584,0.957854,0.925265,0.978128,0.980231,1.012920,0.782793,0.417203,0.371698,0.432371,0.435324,0.433172,0.430819,0.431169,0.417203,0.416952,0.416602,0.444986,0.442883,0.446838
0.452307,0.422659,0.431797,0.413323,0.425937,0.441481,0.463729,0.469688,0.472369,0.471525,0.452803,0.450866,0.463083,0.473561,0.472022,0.469042,0.475746,0.485678,0.479868,0.479620,0.470681,0.475895,0.500726,0.505145,0.492333,0.499732,0.507082,0.508622,0.497249,0.507132,0.511601,0.513389,0.503457,0.428966,0.663661,1.053644,1.107079,1.038299,1.053197,1.041328,1.054786,1.049125,1.020123,0.994548,0.965100,0.879882,1.079666,1.422521,1.410454,1.335963,1.353891,1.336013,1.304230,1.255017,1.220304,1.214246,1.199149,1.140301,1.230485,1.374996,1.357665,1.311928,1.300208,1.374847,1.136478,0.735420,0.671359,0.725836,0.718039,0.720224,0.691024,0.659043,0.641711,0.669521,0.692216,0.616633,0.766706,1.051558,1.060547,1.043712,1.042570,1.033482,1.156888,1.306217,1.365611,1.344753,1.372712,1.440349,1.254024,0.878790,0.838515,0.907196,0.929096,0.958147,0.963957,0.976919,1.014611,1.055730,1.060845,1.073409,1.079616,1.085427,1.103900,1.122771,1.115372,1.096501,1.151177,1.287644,1.311481,1.279450,1.287296,1.269468,1.362134,1.493536,1.526162,1.514691,1.507540,1.523580,1.508384,1.485143,1.506696,1.498700,1.505454,1.562365,1.345746,0.950202,0.901783,0.962915,0.960034,1.023302,0.781207,0.413870,0.371956,0.428917,0.416104,0.413621,0.417942,0.413025,0.412181,0.413621,0.428023,0.447440,0.440438,0.438203
0.454454,0.424666,0.433847,0.417481,0.436242,0.457747,0.466828,0.471917,0.455152,0.473764,0.472217,0.453007,0.451161,0.461140,0.449315,0.464882,0.479003,0.490479,0.474063,0.480051,0.483992,0.484890,0.503103,0.507543,0.488633,0.497564,0.509489,0.509689,0.492574,0.509539,0.514030,0.515826,0.505847,0.431901,0.663419,1.046371,1.112234,1.047220,1.058197,1.039935,1.044525,1.049216,1.023270,0.991935,0.940442,0.873332,1.077606,1.428426,1.414854,1.341707,1.348193,1.338314,1.295154,1.239769,1.229840,1.236276,1.204842,1.145715,1.246704,1.384268,1.367403,1.314863,1.306380,1.381374,1.140725,0.731826,0.707776,0.756076,0.721448,0.704483,0.690213,0.671352,0.673598,0.691211,0.680533,0.606288,0.770346,1.055303,1.065581,1.064085,1.074563,1.065931,1.158887,1.312418,1.373989,1.351137,1.364160,1.444193,1.264418,0.898629,0.845140,0.906463,0.926022,0.964143,0.969631,0.985199,1.006804,1.042430,1.050263,1.069074,1.074862,1.078056,1.096268,1.123212,1.120118,1.101706,1.167769,1.293756,1.317707,1.286172,1.271303,1.263919,1.353133,1.500626,1.533407,1.521881,1.525374,1.536800,1.520335,1.506064,1.517042,1.526272,1.509507,1.569782,1.352135,0.951269,0.900176,0.949473,0.958804,1.028159,0.793049,0.415834,0.373722,0.421173,0.418080,0.421572,0.429306,0.414986,0.414138,0.425863,0.430753,0.443527,0.438587,0.440283
0.450704,0.433434,0.423537,0.426605,0.450259,0.466143,0.465549,0.457384,0.443034,0.469112,0.468221,0.449269,0.447438,0.457335,0.463422,0.461046,0.469310,0.491133,0.470151,0.461393,0.472626,0.474209,0.492469,0.510036,0.483314,0.485591,0.505285,0.511867,0.504790,0.498259,0.496823,0.513401,0.499694,0.427248,0.645673,1.022694,1.103057,1.038579,1.039074,1.026604,1.018736,1.032987,1.011016,0.979296,0.917045,0.865433,1.068715,1.416640,1.409415,1.336673,1.345828,1.324995,1.295898,1.250570,1.226867,1.209498,1.169564,1.136261,1.236417,1.361613,1.356120,1.304013,1.295601,1.369976,1.131313,0.740782,0.701936,0.749837,0.715495,0.714852,0.691050,0.665813,0.680708,0.693722,0.674918,0.601285,0.763990,1.046595,1.056789,1.055305,1.065696,1.057135,1.149325,1.301588,1.362652,1.339939,1.350331,1.433712,1.234488,0.875676,0.832872,0.888146,0.882604,0.932831,0.949309,0.980633,0.995676,1.014480,1.031503,1.050455,1.059560,1.069160,1.091329,1.118793,1.118249,1.092616,1.158133,1.280013,1.295749,1.264277,1.260813,1.253341,1.341968,1.488244,1.520755,1.500367,1.514124,1.537728,1.507790,1.470677,1.503138,1.513679,1.498586,1.556829,1.340780,0.945895,0.893589,0.941292,0.950892,1.019676,0.786703,0.418836,0.380684,0.432494,0.413690,0.407356,0.420172,0.414086,0.420519,0.433483,0.423636,0.431949,0.434968,0.455455
0.314244,0.353852,0.335161,0.361517,0.337880,0.352369,0.370516,0.359885,0.355583,0.373434,0.368489,0.364236,0.355286,0.357610,0.375214,0.381395,0.379862,0.406762,0.409383,0.403399,0.398702,0.400581,0.394301,0.392076,0.402015,0.414080,0.393114,0.424267,0.423673,0.431931,0.399444,0.394499,0.378032,0.365176,0.548778,0.814266,0.846358,0.809716,0.812337,0.802447,0.842056,0.894026,0.842896,0.824452,0.809815,0.740143,0.857879,1.073424,1.059678,0.994109,0.982044,0.967110,0.967654,0.998362,0.987928,0.958506,0.924783,0.910986,1.004741,1.132911,1.102698,1.036338,1.046623,1.107346,0.861093,0.483209,0.427777,0.489835,0.467880,0.443057,0.433959,0.442068,0.466792,0.452205,0.399295,0.365769,0.526081,0.744543,0.786723,0.757993,0.788009,0.799085,0.891801,1.028377,1.075748,1.073177,1.105170,1.188045,0.969187,0.578249,0.567469,0.663695,0.668986,0.681151,0.702018,0.694156,0.732923,0.777872,0.806205,0.814661,0.789096,0.750378,0.754779,0.787069,0.794190,0.746818,0.886806,1.131922,1.143245,1.097901,1.093253,1.090138,1.190666,1.329616,1.348802,1.333176,1.344451,1.331001,1.320715,1.328034,1.331841,1.309738,1.308205,1.398695,1.188985,0.796415,0.751417,0.782767,0.784448,0.836814,0.631653,0.304898,0.275328,0.336842,0.341737,0.326606,0.336793,0.338474,0.347424,0.333480,0.308508,0.359489,0.363247,0.360231
0.328108,0.363149,0.360660,0.364791,0.356131,0.360710,0.372954,0.355334,0.357922,0.375891,0.370913,0.363348,0.350307,0.359963,0.395502,0.388384,0.387438,0.414913,0.412076,0.406054,0.392416,0.406999,0.407746,0.394655,0.412226,0.416805,0.395701,0.408343,0.422379,0.434773,0.411081,0.401922,0.375692,0.375941,0.552388,0.819623,0.845008,0.822211,0.817682,0.807727,0.838836,0.886867,0.846501,0.830275,0.819573,0.747153,0.870989,1.082926,1.066650,0.992437,0.983378,0.964962,0.974021,1.004930,0.971084,0.946994,0.930867,0.909216,0.979894,1.116772,1.105125,1.038080,1.053510,1.104328,0.857451,0.460655,0.405407,0.478524,0.471805,0.445972,0.436814,0.431637,0.451497,0.440945,0.401922,0.363646,0.527551,0.749442,0.791899,0.762981,0.779207,0.793193,0.883184,1.023098,1.075310,1.067745,1.104378,1.184862,0.954510,0.572447,0.567569,0.665673,0.668908,0.676922,0.691207,0.693397,0.717338,0.766614,0.811510,0.815790,0.786972,0.755116,0.759745,0.792248,0.790306,0.744017,0.880198,1.129016,1.154998,1.122994,1.106319,1.089944,1.188645,1.341649,1.346776,1.330848,1.330450,1.349314,1.331446,1.336772,1.334781,1.316115,1.320446,1.408396,1.196808,0.801655,0.756361,0.797275,0.793691,0.845057,0.635809,0.295855,0.265642,0.345927,0.340850,0.330945,0.339008,0.322036,0.334330,0.324076,0.302873,0.361855,0.365637,0.362601
0.454077,0.436678,0.426707,0.435531,0.453629,0.469632,0.469034,0.460808,0.448892,0.478905,0.472773,0.445452,0.455573,0.474269,0.465394,0.461456,0.470779,0.498398,0.482594,0.478805,0.476163,0.477758,0.493961,0.500243,0.488228,0.497401,0.529757,0.517044,0.510513,0.495507,0.500542,0.517243,0.496853,0.430446,0.662869,1.025014,1.094213,1.038824,1.047848,1.025912,1.022272,1.031495,1.018583,0.979846,0.915683,0.862737,1.077860,1.430483,1.419964,1.343586,1.352111,1.334912,1.305597,1.260977,1.228821,1.201351,1.178916,1.163760,1.253000,1.371804,1.352909,1.300512,1.307840,1.382722,1.111662,0.724639,0.695075,0.732915,0.707738,0.702404,0.696222,0.682961,0.685802,0.698914,0.652001,0.592723,0.756895,1.054429,1.055077,1.038824,1.032592,1.056971,1.149252,1.311330,1.332020,1.311729,1.350666,1.442698,1.238492,0.882230,0.827290,0.877145,0.859845,0.913988,0.956414,0.987972,1.004574,1.022073,1.034287,1.052684,1.073972,1.090324,1.111861,1.127167,1.131654,1.100794,1.166801,1.276930,1.305447,1.285107,1.270250,1.254446,1.349968,1.498236,1.531290,1.508157,1.525457,1.549536,1.526154,1.498535,1.526105,1.517879,1.475053,1.555619,1.350815,0.958907,0.890656,0.932683,0.944050,1.027308,0.806600,0.421971,0.375706,0.432789,0.410504,0.410405,0.423317,0.424912,0.432939,0.445004,0.443957,0.443159,0.429848,0.434833
0.439525,0.424501,0.411076,0.416989,0.430123,0.444614,0.462691,0.449072,0.430074,0.452513,0.470251,0.429929,0.440833,0.461043,0.452416,0.442966,0.454016,0.486972,0.460268,0.451883,0.467440,0.468119,0.474080,0.486293,0.473353,0.480138,0.514984,0.501317,0.480041,0.473983,0.486584,0.502819,0.482997,0.418443,0.634837,0.986738,1.046882,1.003410,1.018773,0.997303,0.993765,0.995510,0.961197,0.930083,0.887046,0.827532,1.045041,1.365488,1.380367,1.305247,1.305828,1.293761,1.249609,1.204198,1.193294,1.167850,1.140273,1.106009,1.191646,1.307670,1.296814,1.249367,1.256734,1.322161,1.075961,0.680103,0.647922,0.686452,0.665030,0.661880,0.647050,0.637745,0.637018,0.643512,0.621315,0.557730,0.724835,1.001907,1.025122,0.985042,0.978596,1.006075,1.099321,1.259496,1.269189,1.239190,1.302096,1.399122,1.193294,0.850601,0.789681,0.830003,0.835868,0.879098,0.929743,0.960422,0.976415,0.986689,1.005445,1.020566,1.034088,1.047125,1.055073,1.090985,1.100096,1.062585,1.119870,1.241322,1.256734,1.245441,1.235845,1.219464,1.299819,1.456456,1.488588,1.466100,1.482918,1.506326,1.480591,1.456747,1.483548,1.470705,1.427377,1.499541,1.298365,0.935898,0.875172,0.907450,0.911909,0.986156,0.784108,0.410204,0.368621,0.420236,0.399057,0.398960,0.407102,0.393920,0.411852,0.424549,0.416504,0.423047,0.430559,0.434097
0.442416,0.428739,0.415797,0.427464,0.423543,0.439082,0.465456,0.454230,0.418886,0.446092,0.461485,0.433494,0.438102,0.458348,0.457612,0.435553,0.459230,0.492564,0.474525,0.452514,0.472809,0.479476,0.478201,0.482907,0.473495,0.485652,0.509771,0.492810,0.475456,0.479427,0.471534,0.487956,0.480946,0.426974,0.645756,0.998070,1.057582,1.024689,1.030473,1.008757,1.009836,0.995031,0.953412,0.937382,0.897234,0.841546,1.052141,1.355778,1.384553,1.316855,1.304502,1.297099,1.259941,1.209254,1.206999,1.190920,1.164840,1.134643,1.184449,1.288766,1.281560,1.233617,1.238862,1.284893,1.071504,0.677864,0.655364,0.694335,0.657276,0.660952,0.632373,0.589626,0.603990,0.631245,0.628451,0.564135,0.725170,0.998169,1.034493,0.983756,0.989835,1.001796,1.090328,1.252539,1.253226,1.215724,1.301070,1.403034,1.206999,0.842722,0.798751,0.839536,0.834732,0.871449,0.913117,0.954981,0.970766,0.979001,1.000522,1.028954,1.059494,1.063269,1.078465,1.094544,1.088465,1.071749,1.147291,1.261706,1.271167,1.259745,1.250039,1.233470,1.302443,1.454800,1.484213,1.479311,1.489556,1.523626,1.486958,1.449212,1.483037,1.463673,1.438771,1.507155,1.301953,0.940814,0.885224,0.917872,0.928264,1.003071,0.793113,0.420945,0.380404,0.435553,0.410209,0.403542,0.415552,0.398444,0.416582,0.429425,0.423494,0.423003,0.419866,0.420454
0.441747,0.427577,0.418739,0.430539,0.426589,0.436118,0.478037,0.457497,0.421899,0.434193,0.464805,0.436612,0.442784,0.466483,0.461200,0.438686,0.463965,0.498477,0.476753,0.453152,0.460855,0.482925,0.475815,0.459225,0.476901,0.499959,0.497539,0.496354,0.478580,0.461694,0.461892,0.476358,0.484998,0.423627,0.627294,1.004855,1.053340,1.022234,1.022284,1.030973,1.017396,0.996807,0.960270,0.944125,0.900479,0.834762,1.040552,1.373775,1.393130,1.314971,1.303023,1.287865,1.253057,1.216964,1.213015,1.199486,1.192129,1.162308,1.162752,1.216964,1.203584,1.150112,1.187143,1.223976,1.011323,0.682740,0.671236,0.704020,0.655980,0.660325,0.655881,0.633021,0.618357,0.635786,0.628972,0.558022,0.714290,1.005349,1.024308,0.990833,1.001991,1.015470,1.090765,1.171343,1.156136,1.157272,1.234196,1.296111,1.119994,0.821481,0.820148,0.850710,0.831602,0.863201,0.905663,0.946001,0.977749,0.986043,1.018926,1.023518,1.053982,1.083952,1.092493,1.092938,1.091160,1.079459,1.152532,1.264610,1.276065,1.273547,1.263721,1.244663,1.285298,1.353285,1.369677,1.384588,1.384687,1.398166,1.377479,1.377084,1.390365,1.366271,1.347262,1.414064,1.237800,0.932275,0.881272,0.913563,0.935337,0.998930,0.796744,0.429848,0.381264,0.437550,0.413160,0.406000,0.418541,0.421306,0.428762,0.432514,0.418591,0.426046,0.422985,0.423479
0.443929,0.417384,0.420807,0.426910,0.424777,0.438273,0.480398,0.456582,0.418475,0.436338,0.467101,0.419170,0.441845,0.475933,0.477124,0.440853,0.466257,0.490818,0.479108,0.453704,0.454051,0.483872,0.484020,0.461494,0.484665,0.502429,0.483326,0.484070,0.480150,0.473005,0.477272,0.499600,0.488585,0.415002,0.617591,1.009124,1.058543,1.019544,1.030410,1.058891,1.030857,1.001731,0.985407,0.968388,0.912965,0.833775,1.034330,1.373665,1.383936,1.321468,1.309460,1.268774,1.234637,1.236522,1.219007,1.204271,1.192809,1.168496,1.133565,1.128356,1.111138,1.094367,1.099230,1.111535,0.926461,0.697178,0.674552,0.707498,0.661503,0.663587,0.659121,0.611885,0.621412,0.638927,0.632080,0.560779,0.717670,0.994487,1.012498,0.988434,1.006941,1.012002,1.069360,1.092234,1.074620,1.096154,1.158573,1.156390,1.022074,0.825539,0.796016,0.828863,0.832088,0.855458,0.901007,0.950675,0.985010,0.993892,1.026044,1.028574,1.054227,1.089306,1.097890,1.098337,1.092829,1.075314,1.143489,1.266243,1.282369,1.263663,1.269964,1.250812,1.272644,1.256320,1.275720,1.283808,1.320922,1.292888,1.283361,1.310502,1.288521,1.244957,1.247686,1.311197,1.175294,0.936881,0.889794,0.927106,0.939957,1.003865,0.792196,0.418376,0.375507,0.439712,0.421403,0.400167,0.412422,0.404037,0.444872,0.432468,0.406815,0.412422,0.441448,0.441597
0.320654,0.346357,0.326238,0.352758,0.344384,0.348330,0.353529,0.343613,0.347079,0.359882,0.354154,0.346213,0.336009,0.348090,0.365225,0.371241,0.369749,0.380723,0.398484,0.392660,0.379472,0.390349,0.394296,0.381638,0.398628,0.402816,0.379760,0.394874,0.408447,0.410854,0.397521,0.388665,0.363299,0.347127,0.534167,0.792587,0.817135,0.776848,0.780940,0.777378,0.804235,0.839564,0.818579,0.790518,0.788256,0.718464,0.836291,1.047205,1.029107,0.951615,0.944925,0.932988,0.938427,0.964707,0.921003,0.903194,0.883845,0.872583,0.915227,1.050526,1.051778,1.001480,1.007159,1.062992,0.812129,0.421491,0.373936,0.431791,0.425630,0.419469,0.402382,0.389242,0.378846,0.415185,0.384429,0.347801,0.488731,0.724722,0.752301,0.726214,0.725058,0.737958,0.830515,0.963071,1.015727,1.019289,1.057553,1.119836,0.899296,0.531905,0.545912,0.639239,0.646844,0.638180,0.651561,0.655412,0.685638,0.730979,0.770976,0.762649,0.751627,0.730209,0.737140,0.761013,0.751820,0.719475,0.838361,1.074785,1.111557,1.092256,1.069827,1.053992,1.148282,1.296239,1.284591,1.266879,1.273521,1.293207,1.280837,1.276024,1.280500,1.261392,1.267841,1.354431,1.153240,0.771891,0.731027,0.773431,0.772998,0.817905,0.622778,0.296781,0.256880,0.334516,0.329607,0.331388,0.327826,0.318248,0.330907,0.324601,0.309680,0.331003,0.347993,0.343854
0.328856,0.338470,0.314121,0.330402,0.345668,0.349629,0.354847,0.344895,0.348373,0.362190,0.354654,0.320063,0.322720,0.349388,0.366587,0.365621,0.368954,0.381467,0.384462,0.387022,0.382723,0.393061,0.383979,0.380162,0.390936,0.390646,0.359775,0.376732,0.402144,0.400211,0.405767,0.394366,0.364654,0.338035,0.517270,0.787765,0.817525,0.774770,0.782789,0.783997,0.803467,0.824144,0.816172,0.793466,0.791195,0.720564,0.839072,1.047149,1.032946,0.955164,0.948449,0.944826,0.948111,0.947869,0.924438,0.911442,0.872552,0.875837,0.904292,1.030240,1.039902,1.005215,0.995118,1.052270,0.787572,0.414367,0.363398,0.406975,0.371418,0.388230,0.372336,0.374365,0.344653,0.376925,0.385863,0.346538,0.486061,0.693123,0.733173,0.707665,0.712206,0.704863,0.803322,0.923375,0.992461,1.006133,1.033477,1.102707,0.883084,0.532730,0.539397,0.631043,0.627951,0.639160,0.656842,0.659354,0.681239,0.714429,0.761532,0.765494,0.745638,0.723656,0.739889,0.763851,0.754624,0.716361,0.841488,1.078793,1.111790,1.078986,1.073817,1.057923,1.135752,1.267159,1.269913,1.244598,1.275227,1.287836,1.278271,1.248269,1.272135,1.266000,1.257304,1.337066,1.148941,0.774770,0.733753,0.776316,0.782548,0.820279,0.617130,0.296294,0.252958,0.316246,0.321899,0.332624,0.325474,0.319435,0.327938,0.323686,0.310835,0.329387,0.349291,0.357456
0.440999,0.408984,0.421213,0.424146,0.425588,0.436574,0.462176,0.453477,0.430311,0.439806,0.467993,0.436028,0.442689,0.469683,0.464364,0.441049,0.471423,0.485491,0.459890,0.437171,0.454222,0.484795,0.484050,0.462375,0.480272,0.503388,0.484249,0.480918,0.481067,0.467048,0.474256,0.496677,0.489518,0.422257,0.638755,1.016022,1.066928,1.021491,1.032378,1.060913,1.037548,1.003644,0.995292,0.981273,0.911726,0.834174,1.017911,1.383745,1.386579,1.323991,1.311115,1.271196,1.236994,1.237441,1.211740,1.206570,1.195086,1.172467,1.118330,1.098197,1.075826,1.092629,1.088304,1.068867,0.916498,0.681905,0.688517,0.713423,0.655856,0.662766,0.660380,0.617229,0.619417,0.640147,0.647952,0.557028,0.710241,0.993652,1.014431,0.986095,1.014233,1.028798,1.043314,1.069911,1.075876,1.074086,1.116590,1.137967,1.013934,0.827115,0.825773,0.856545,0.835019,0.867283,0.902728,0.952490,0.988780,0.995789,1.007571,1.030538,1.065238,1.091933,1.099042,1.094419,1.080300,1.083134,1.162475,1.274875,1.286309,1.266076,1.272389,1.249969,1.268164,1.256630,1.263342,1.278255,1.288446,1.270053,1.275571,1.284270,1.271594,1.247334,1.250068,1.313700,1.168142,0.925049,0.895519,0.928876,0.935190,0.983709,0.772133,0.415099,0.376224,0.440551,0.422208,0.397053,0.409183,0.391585,0.430907,0.432100,0.421462,0.432548,0.426433,0.421561
0.432180,0.420499,0.422995,0.425940,0.422545,0.435575,0.464131,0.455394,0.430982,0.435176,0.446908,0.437872,0.444561,0.471669,0.460437,0.456193,0.470421,0.479058,0.443213,0.435925,0.446908,0.473816,0.486097,0.463732,0.482303,0.488893,0.478808,0.479307,0.483102,0.486097,0.469573,0.481654,0.478059,0.424043,0.641456,1.019321,1.064750,1.014079,1.036744,1.065399,1.041936,1.002197,0.999502,0.985423,0.927014,0.837702,1.016974,1.363937,1.374870,1.312317,1.315063,1.273976,1.242225,1.242675,1.208178,1.202487,1.197245,1.170636,1.116470,1.102841,1.080376,1.087216,1.086167,1.073387,0.920374,0.696221,0.713495,0.718038,0.658630,0.667666,0.681644,0.619840,0.622036,0.651441,0.650692,0.561730,0.716740,1.013779,1.021967,0.990266,1.018522,1.033149,1.047427,1.053817,1.077081,1.078629,1.118118,1.138486,1.012781,0.817633,0.825022,0.868355,0.838551,0.870152,0.899407,0.942041,0.991065,0.988269,1.002247,1.034897,1.060707,1.071939,1.094205,1.099047,1.079977,1.080726,1.153763,1.276023,1.291749,1.259049,1.263293,1.255255,1.268185,1.261945,1.268684,1.283661,1.283761,1.275424,1.279168,1.266488,1.273926,1.252609,1.255355,1.315512,1.173033,0.926764,0.918177,0.936499,0.933154,0.987870,0.766213,0.416854,0.377815,0.444561,0.423993,0.403125,0.414608,0.390745,0.418452,0.430483,0.409316,0.414957,0.432630,0.437173
0.415421,0.405755,0.410144,0.404867,0.412906,0.413942,0.446049,0.449896,0.431598,0.425532,0.420551,0.435100,0.439194,0.465974,0.454877,0.461536,0.466566,0.470019,0.439243,0.436481,0.433966,0.455519,0.476479,0.489747,0.482990,0.484815,0.473520,0.470660,0.480820,0.487231,0.472978,0.486343,0.472287,0.418923,0.640123,1.007014,1.051895,0.994190,1.018209,1.039565,1.024670,0.990097,0.987434,0.973525,0.920161,0.827933,1.004597,1.337950,1.339824,1.288532,1.292872,1.239853,1.215341,1.227671,1.176625,1.171002,1.170114,1.156502,1.102990,1.055199,1.055248,1.062942,1.073053,1.060624,0.915624,0.680664,0.704880,0.709368,0.643526,0.659604,0.673414,0.612356,0.614526,0.643575,0.642835,0.554947,0.708086,0.985806,1.006422,0.959913,1.006224,1.013179,1.031772,1.041094,1.064077,1.065606,1.093817,1.124740,1.000553,0.805049,0.815061,0.857870,0.824382,0.853629,0.889139,0.931949,0.980825,0.981712,0.961442,1.009430,1.047900,1.058997,1.080993,1.085777,1.071771,1.074582,1.139832,1.238028,1.276152,1.242467,1.232159,1.250703,1.258150,1.250259,1.252972,1.268162,1.268261,1.270826,1.271171,1.274130,1.258545,1.236499,1.240198,1.299628,1.158870,0.909903,0.900926,0.928891,0.927806,0.997840,0.773336,0.421093,0.375719,0.439194,0.395052,0.398258,0.411377,0.392488,0.418430,0.425285,0.397765,0.395102,0.427406,0.436234
0.415573,0.408962,0.421191,0.408067,0.420743,0.429393,0.449575,0.453452,0.438142,0.433320,0.423875,0.422483,0.436004,0.464637,0.458473,0.465880,0.470254,0.473734,0.442715,0.438688,0.445002,0.459119,0.480246,0.493618,0.486807,0.488647,0.477263,0.474380,0.488348,0.484073,0.490635,0.490188,0.476020,0.416667,0.632904,1.010997,1.058370,1.002049,1.026257,1.027202,1.002148,0.988130,0.993002,0.983258,0.916250,0.834477,1.026953,1.352602,1.350415,1.291359,1.293050,1.249653,1.238220,1.237375,1.180457,1.171360,1.179363,1.148494,1.107483,1.069157,1.063589,1.053399,1.065180,1.045296,0.909092,0.686044,0.710451,0.714975,0.642101,0.662730,0.678737,0.617693,0.619383,0.638770,0.632357,0.546558,0.702349,0.993101,0.994344,0.957061,1.001253,1.021187,1.039928,1.049323,1.072487,1.074028,1.104799,1.140540,1.008461,0.797394,0.792473,0.843027,0.830898,0.851677,0.888611,0.926391,0.988577,0.989472,0.983557,1.015222,1.049522,1.051311,1.076862,1.086804,1.084965,1.078602,1.148842,1.247814,1.262180,1.241003,1.241898,1.260589,1.263423,1.262230,1.270630,1.273762,1.261583,1.265560,1.273712,1.277441,1.268493,1.257855,1.261832,1.309901,1.163009,0.903027,0.908048,0.936233,0.927832,0.991759,0.775372,0.427653,0.378689,0.442665,0.399965,0.401406,0.414629,0.401008,0.438887,0.428647,0.396982,0.394546,0.430785,0.439683
0.415995,0.419130,0.423707,0.429728,0.426096,0.419727,0.441522,0.446398,0.444856,0.441372,0.428484,0.424106,0.426793,0.448986,0.455952,0.459485,0.470731,0.474214,0.443164,0.438337,0.437839,0.455803,0.480733,0.495561,0.502975,0.483469,0.459983,0.474861,0.491282,0.484564,0.491132,0.490585,0.476503,0.432963,0.653002,1.016002,1.065812,1.010777,1.020481,0.992018,0.963804,0.984106,0.957882,0.967436,0.928375,0.838956,1.013564,1.325709,1.339543,1.282717,1.276248,1.256493,1.239475,1.236688,1.197527,1.172548,1.168716,1.125226,1.103331,1.066658,1.076859,1.076411,1.039539,1.046356,0.897573,0.652057,0.648225,0.663850,0.639318,0.637626,0.637029,0.599610,0.616677,0.623096,0.592593,0.545471,0.697189,0.989878,0.974602,0.972811,1.003911,1.022222,1.036503,1.046953,1.073575,1.075117,1.078202,1.141696,1.014908,0.783473,0.786857,0.822784,0.831741,0.867767,0.897076,0.923050,0.986047,0.990475,0.984554,1.007045,1.040584,1.042176,1.077954,1.087906,1.084472,1.073923,1.145528,1.253657,1.264007,1.242262,1.234648,1.237286,1.262663,1.261419,1.256294,1.275054,1.268834,1.267838,1.261121,1.278736,1.269779,1.273312,1.263111,1.311229,1.164188,0.903942,0.908968,0.937182,0.927927,0.986047,0.776158,0.428086,0.391463,0.437839,0.390269,0.407934,0.422663,0.401415,0.429878,0.429082,0.397384,0.388875,0.406242,0.431570
0.331556,0.336962,0.301211,0.307007,0.322886,0.340762,0.350942,0.345048,0.349432,0.365164,0.357566,0.322691,0.325370,0.369938,0.374663,0.354108,0.356397,0.386304,0.373688,0.380556,0.385865,0.385865,0.372227,0.371886,0.384745,0.388837,0.362729,0.374857,0.398042,0.395704,0.402280,0.393318,0.361950,0.338180,0.506710,0.782203,0.824238,0.788194,0.783031,0.789607,0.810064,0.830911,0.815714,0.799981,0.784736,0.718103,0.842211,1.051169,1.037044,0.957893,0.950976,0.952584,0.947226,0.937582,0.928327,0.918927,0.874164,0.868270,0.891894,0.940894,0.967829,0.933393,0.878937,0.912692,0.729355,0.393756,0.358491,0.400916,0.348117,0.353523,0.360294,0.377439,0.346509,0.344756,0.362242,0.335501,0.490052,0.705049,0.726043,0.690778,0.718054,0.710651,0.771341,0.851709,0.892186,0.889653,0.935292,1.004653,0.840653,0.537104,0.538614,0.614404,0.634715,0.627701,0.643336,0.668470,0.686833,0.697646,0.756923,0.763986,0.741629,0.720003,0.741970,0.761843,0.754975,0.705731,0.834856,1.086969,1.113661,1.087749,1.082293,1.065830,1.122331,1.217263,1.238598,1.184824,1.196757,1.185701,1.200167,1.177274,1.185603,1.195491,1.209178,1.255256,1.068119,0.758239,0.728381,0.780206,0.786635,0.830083,0.630234,0.291907,0.255035,0.318843,0.324542,0.334430,0.330095,0.322058,0.320061,0.317333,0.313388,0.332092,0.344902,0.339349
0.331863,0.337275,0.296468,0.307292,0.323185,0.328841,0.340541,0.338396,0.342443,0.358921,0.353364,0.313678,0.317676,0.352291,0.363553,0.345758,0.348293,0.382177,0.385931,0.390562,0.386223,0.386223,0.362968,0.361018,0.371110,0.387296,0.363065,0.375205,0.395048,0.397875,0.392902,0.386613,0.365552,0.349317,0.507180,0.782928,0.835143,0.797847,0.782343,0.784976,0.804819,0.815398,0.803697,0.800723,0.758747,0.699317,0.826855,1.033618,1.027377,0.954101,0.951858,0.941181,0.931382,0.938451,0.922021,0.895402,0.868783,0.869075,0.856107,0.820127,0.864346,0.832072,0.755432,0.776883,0.661094,0.388222,0.358824,0.399387,0.369696,0.390026,0.378130,0.338445,0.346831,0.347074,0.347806,0.318895,0.466812,0.677280,0.711749,0.680693,0.695368,0.700292,0.731932,0.764743,0.763963,0.783660,0.846454,0.882873,0.768351,0.521026,0.532142,0.590353,0.612828,0.609659,0.623457,0.662557,0.687470,0.697318,0.733736,0.745437,0.734468,0.720670,0.742658,0.761574,0.755675,0.699755,0.835631,1.087734,1.114694,1.100556,1.108356,1.080616,1.096363,1.126395,1.152478,1.115523,1.092902,1.087977,1.093535,1.095485,1.093974,1.095827,1.117083,1.142825,0.982524,0.751288,0.729056,0.773129,0.787365,0.827781,0.630818,0.292178,0.250933,0.319139,0.324843,0.334350,0.329377,0.322356,0.313337,0.317627,0.313825,0.317579,0.331473,0.339664
0.414454,0.414305,0.422138,0.439589,0.427146,0.405183,0.424022,0.439192,0.443208,0.439738,0.426898,0.437358,0.424320,0.433144,0.454263,0.453173,0.465468,0.469582,0.443853,0.443109,0.447521,0.454611,0.478952,0.484108,0.495411,0.474590,0.458279,0.473945,0.489760,0.480241,0.475432,0.476176,0.465071,0.438250,0.656285,1.001779,1.052396,0.999152,1.011050,0.980561,0.959888,0.959888,0.954335,0.963854,0.913782,0.835105,1.009810,1.320800,1.333392,1.266663,1.254517,1.233546,1.227647,1.213617,1.177278,1.158885,1.144161,1.094982,1.080307,1.062708,1.060229,1.050562,1.020370,1.042481,0.875460,0.636009,0.583954,0.602793,0.606362,0.596249,0.590399,0.584251,0.562537,0.561347,0.548557,0.522728,0.685386,0.955624,0.983039,0.980313,0.979470,1.003217,1.006935,1.042431,1.057403,1.052545,1.055222,1.122546,1.001333,0.777944,0.775961,0.815572,0.799956,0.864553,0.888399,0.905751,0.964052,0.980065,0.976644,0.999747,1.017941,1.048480,1.092057,1.087892,1.082042,1.075697,1.144359,1.249014,1.241726,1.237661,1.238553,1.253476,1.260020,1.260020,1.258731,1.270827,1.264135,1.260268,1.258681,1.276529,1.265076,1.268596,1.257144,1.312174,1.157596,0.889093,0.905602,0.935248,0.924490,0.999796,0.787116,0.426501,0.390013,0.433342,0.388823,0.415148,0.426600,0.397450,0.428286,0.434532,0.409645,0.393484,0.392690,0.392740
0.418946,0.423406,0.428969,0.458887,0.438841,0.409575,0.415489,0.437839,0.440545,0.436787,0.425411,0.427115,0.421452,0.437388,0.466454,0.462745,0.467456,0.463246,0.453023,0.449966,0.447912,0.450618,0.473520,0.466504,0.500781,0.485747,0.464800,0.472367,0.495068,0.488002,0.482791,0.480936,0.467255,0.435133,0.665403,1.012637,1.063602,1.019553,1.022009,0.987280,0.963025,0.950547,0.964679,0.970442,0.916771,0.844157,1.031179,1.335116,1.347844,1.280392,1.268114,1.246917,1.240953,1.204721,1.178111,1.170644,1.156562,1.100135,1.070318,1.083247,1.082746,1.061949,1.031430,1.058290,0.917272,0.653827,0.590283,0.609326,0.612934,0.602711,0.596798,0.590584,0.563573,0.557610,0.553500,0.526790,0.684246,0.935814,0.993695,0.992692,0.983822,1.005672,1.012788,1.036391,1.046664,1.049471,1.066659,1.131706,1.000911,0.786376,0.769338,0.798454,0.793392,0.866156,0.897527,0.915568,0.956761,0.975854,0.983872,1.007325,1.028974,1.058842,1.085502,1.100736,1.102540,1.093520,1.156763,1.248420,1.255185,1.254434,1.258142,1.262101,1.261499,1.278588,1.280943,1.297631,1.261600,1.276283,1.286305,1.298984,1.300588,1.275180,1.256538,1.326396,1.175205,0.905295,0.908352,0.937267,0.934511,1.010633,0.795647,0.424008,0.369284,0.426814,0.398751,0.420400,0.438090,0.409976,0.432928,0.439242,0.414085,0.397748,0.409976,0.433078
0.412935,0.412836,0.425894,0.464521,0.455849,0.420411,0.424598,0.426691,0.432772,0.449120,0.445033,0.424797,0.419165,0.435015,0.456845,0.458291,0.466664,0.468608,0.450565,0.447675,0.457693,0.443488,0.455300,0.464072,0.493529,0.492831,0.478526,0.486800,0.491236,0.475586,0.492731,0.480370,0.456895,0.423801,0.663288,1.014869,1.064560,1.014021,1.016464,1.002109,0.965027,0.948629,0.949477,0.948081,0.900582,0.834194,1.011878,1.326177,1.340532,1.263178,1.258044,1.228289,1.211592,1.187319,1.145652,1.137678,1.127311,1.072535,1.046019,1.059726,1.041783,1.022395,1.025834,1.052549,0.908906,0.629496,0.576315,0.592513,0.600039,0.599441,0.592165,0.570733,0.547606,0.554584,0.550497,0.523932,0.673356,0.926849,0.974597,0.975095,0.971257,0.977637,0.988652,1.007941,1.029821,1.032064,1.044574,1.098851,0.995480,0.778172,0.765164,0.794121,0.789087,0.861457,0.900234,0.893256,0.916183,0.952019,0.975295,0.988702,1.023391,1.060523,1.074828,1.088883,1.096558,1.087587,1.150487,1.242494,1.255054,1.259540,1.262929,1.284660,1.276037,1.271651,1.271651,1.294030,1.267564,1.262680,1.265421,1.291936,1.298864,1.268262,1.249721,1.309780,1.154275,0.900383,0.903423,0.942399,0.929441,1.005150,0.803093,0.423850,0.367928,0.421259,0.407453,0.418119,0.435713,0.424947,0.440448,0.435364,0.412985,0.407652,0.425495,0.430729
0.427998,0.407591,0.425311,0.463885,0.455224,0.430736,0.414808,0.424614,0.432179,0.452039,0.454428,0.412867,0.418591,0.434419,0.456220,0.456668,0.466025,0.462640,0.452039,0.447161,0.457066,0.451641,0.470504,0.460002,0.468314,0.482450,0.488224,0.498925,0.485486,0.467419,0.469260,0.473391,0.456369,0.423220,0.662380,1.015718,1.063102,1.012632,1.009795,1.012433,0.968334,0.938172,0.948176,0.946783,0.896910,0.824988,1.010492,1.331628,1.338696,1.253484,1.256122,1.259108,1.229892,1.166879,1.156924,1.163196,1.120690,1.066437,1.044587,1.058274,1.040356,1.022687,1.031148,1.040704,0.882028,0.628633,0.575526,0.592797,0.599218,0.598620,0.589462,0.569404,0.565073,0.574779,0.547055,0.526798,0.672434,0.925579,0.973262,0.973760,0.969927,0.958629,0.985058,1.020347,1.023732,1.024130,1.036474,1.080722,0.989140,0.777903,0.764116,0.793034,0.788007,0.844748,0.872720,0.875159,0.907213,0.950715,0.973959,0.987348,1.018854,1.059071,1.073355,1.084355,1.085301,1.089980,1.161752,1.240792,1.258959,1.260203,1.261199,1.264882,1.274289,1.276728,1.269909,1.292257,1.291212,1.260950,1.252290,1.281606,1.309927,1.273642,1.246814,1.316596,1.163942,0.899150,0.910050,0.941109,0.909602,0.986302,0.790246,0.420731,0.382207,0.423917,0.406895,0.417546,0.439695,0.448505,0.439844,0.434767,0.412419,0.402415,0.394252,0.408238
0.426576,0.414802,0.419392,0.450524,0.447880,0.439398,0.415800,0.421637,0.430717,0.449576,0.452819,0.430218,0.419591,0.435457,0.457310,0.454815,0.467138,0.469084,0.453119,0.448229,0.458158,0.452720,0.455763,0.460652,0.458308,0.477466,0.484650,0.500117,0.486646,0.468535,0.449277,0.465392,0.457459,0.413704,0.663962,1.040796,1.058158,1.001731,1.012208,1.003128,0.966008,0.949594,0.942259,0.921904,0.899103,0.815135,0.992750,1.331916,1.332315,1.244056,1.238069,1.254982,1.232830,1.169667,1.159689,1.168170,1.123367,1.068985,1.047082,1.035059,1.013405,1.012507,1.031217,1.043191,0.887079,0.621754,0.555297,0.582489,0.582489,0.584035,0.573558,0.563031,0.548113,0.545868,0.532048,0.528056,0.674040,0.923600,0.979629,0.982373,0.972245,0.979529,0.981574,1.008965,1.026178,1.026577,1.038950,1.083304,0.991503,0.788492,0.767688,0.788991,0.802961,0.863680,0.898853,0.878897,0.937869,0.956628,0.942858,0.986663,1.022386,1.050176,1.075920,1.086946,1.096126,1.092734,1.151656,1.243757,1.263115,1.263214,1.249095,1.256180,1.266607,1.279779,1.275039,1.295844,1.294297,1.263963,1.259622,1.277184,1.313056,1.277434,1.249793,1.310412,1.167871,0.908483,0.904342,0.926194,0.915168,1.005672,0.798820,0.421737,0.368851,0.424281,0.407867,0.412756,0.440746,0.435108,0.440247,0.431066,0.413405,0.419541,0.419242,0.431166
0.331450,0.330956,0.305604,0.320232,0.333772,0.333328,0.335205,0.343014,0.347165,0.356703,0.349735,0.319787,0.330115,0.359470,0.368514,0.350476,0.353046,0.374543,0.385316,0.397868,0.391098,0.378743,0.358432,0.362633,0.363176,0.389862,0.383685,0.380325,0.391444,0.403304,0.389269,0.383043,0.370540,0.344644,0.511234,0.793611,0.846538,0.808733,0.793018,0.801617,0.809672,0.796230,0.796280,0.801024,0.733716,0.681629,0.812390,1.026471,1.028102,0.960053,0.944288,0.920765,0.924669,0.935195,0.917405,0.882416,0.880637,0.880934,0.838829,0.803297,0.841201,0.808486,0.756103,0.784617,0.631815,0.370935,0.363720,0.404836,0.374740,0.370886,0.366734,0.331993,0.342816,0.346819,0.352107,0.311336,0.425592,0.671498,0.710045,0.682568,0.708414,0.706832,0.724079,0.731492,0.749036,0.763861,0.829538,0.868035,0.735446,0.527888,0.539403,0.588969,0.591539,0.610812,0.641155,0.671597,0.685681,0.702731,0.722844,0.746170,0.743797,0.724623,0.741178,0.771966,0.751260,0.709303,0.847033,1.100401,1.129904,1.102180,1.098078,1.075099,1.096744,1.128174,1.128174,1.114634,1.099116,1.102576,1.096448,1.098671,1.108901,1.099363,1.106677,1.149177,0.994942,0.758623,0.739004,0.783678,0.786643,0.838582,0.636016,0.293694,0.255642,0.335947,0.329275,0.338912,0.333871,0.339851,0.332339,0.321961,0.318107,0.320627,0.335996,0.344298
0.318129,0.330363,0.305057,0.319658,0.333175,0.332731,0.334605,0.352808,0.346543,0.354633,0.349108,0.319214,0.331399,0.348319,0.361836,0.349848,0.351082,0.364894,0.373724,0.385415,0.388424,0.368840,0.357791,0.361984,0.360060,0.379249,0.390299,0.378657,0.388326,0.402582,0.386994,0.382357,0.374415,0.344027,0.510319,0.799639,0.834368,0.798258,0.791599,0.788836,0.799047,0.781585,0.778280,0.775418,0.720070,0.664377,0.790809,1.017530,1.005888,0.931499,0.925530,0.885474,0.911520,0.915318,0.890949,0.865840,0.867074,0.838807,0.807927,0.790809,0.812268,0.779710,0.743453,0.783163,0.630684,0.363464,0.349404,0.384034,0.339736,0.358037,0.359813,0.310384,0.318672,0.322569,0.321237,0.290159,0.405986,0.656928,0.688598,0.671529,0.684553,0.689683,0.711733,0.730183,0.731959,0.731761,0.774136,0.829336,0.705419,0.516140,0.532419,0.565026,0.560636,0.593785,0.630832,0.670395,0.684454,0.696293,0.707836,0.732847,0.740937,0.717801,0.713805,0.745475,0.743847,0.712967,0.845516,1.083188,1.118854,1.089355,1.111602,1.073174,1.089947,1.112984,1.096803,1.099961,1.097149,1.099566,1.086937,1.086543,1.099023,1.088763,1.090440,1.136711,0.993161,0.759435,0.740986,0.768808,0.774185,0.829385,0.621607,0.298644,0.255184,0.328094,0.331498,0.343140,0.334309,0.342252,0.338848,0.336677,0.317537,0.323605,0.345063,0.343682
0.449071,0.415303,0.421247,0.459660,0.457013,0.439929,0.420248,0.422146,0.426192,0.441228,0.453366,0.441078,0.435284,0.445174,0.457862,0.454066,0.464006,0.469651,0.453666,0.448771,0.458711,0.453267,0.460060,0.461209,0.458861,0.476894,0.485236,0.505117,0.487234,0.464456,0.447822,0.471899,0.458012,0.414204,0.650778,1.042053,1.059437,1.002941,1.003990,1.011233,0.979263,0.950741,0.959632,0.938103,0.893396,0.803032,0.987456,1.335673,1.346762,1.256598,1.244060,1.263442,1.234320,1.171080,1.148202,1.140210,1.112636,1.058887,1.048347,1.034860,1.011333,1.013431,1.037957,1.045950,0.888550,0.636092,0.561663,0.583192,0.601125,0.595081,0.574251,0.563711,0.562462,0.543530,0.529294,0.528694,0.674855,0.931459,0.979713,0.962729,0.960581,0.956136,0.972170,0.990003,1.016578,1.013131,1.029016,1.084613,0.985458,0.771063,0.768615,0.807378,0.803931,0.847789,0.865772,0.862126,0.916873,0.956335,0.943997,0.987855,1.043102,1.071026,1.077220,1.088259,1.111087,1.094054,1.148502,1.245259,1.259246,1.262343,1.265740,1.271734,1.268137,1.281325,1.281574,1.299607,1.288118,1.266789,1.260145,1.259146,1.314643,1.283822,1.258796,1.321336,1.169282,0.909580,0.922318,0.944497,0.916823,0.998795,0.790694,0.410358,0.358707,0.424194,0.421897,0.413255,0.432836,0.450619,0.432586,0.411057,0.408409,0.420048,0.419749,0.409708
0.431883,0.414915,0.428539,0.440816,0.430636,0.439519,0.423998,0.425745,0.431833,0.426643,0.431534,0.425046,0.431484,0.446006,0.453492,0.453642,0.463573,0.464571,0.453243,0.443162,0.444909,0.447054,0.459631,0.482637,0.463823,0.476449,0.483585,0.514726,0.489824,0.456137,0.465919,0.487977,0.471858,0.413817,0.637993,1.041081,1.051611,1.011637,1.012485,1.006397,0.971363,0.946510,0.944364,0.919411,0.886274,0.802233,0.986534,1.338369,1.350945,1.264708,1.250685,1.262263,1.218745,1.146631,1.129713,1.134355,1.105609,1.071973,1.061642,1.045073,1.024961,1.014182,1.036989,1.058348,0.910478,0.635498,0.569573,0.593278,0.603858,0.596522,0.595224,0.587938,0.566578,0.576310,0.545119,0.539230,0.674325,0.922505,0.963977,0.950752,0.942418,0.947757,0.973509,0.989079,1.022466,1.012186,1.028056,1.077911,0.978050,0.770343,0.767898,0.808271,0.807024,0.862469,0.870404,0.865214,0.916017,0.955443,0.929043,0.994918,1.042129,1.050463,1.075266,1.087244,1.109851,1.077512,1.146032,1.250685,1.263460,1.260965,1.264558,1.270547,1.266954,1.257621,1.280378,1.297945,1.286916,1.265606,1.253928,1.251932,1.299243,1.282624,1.261115,1.319754,1.168191,0.908731,0.921457,0.954195,0.922206,0.988680,0.776531,0.404285,0.368952,0.423798,0.401990,0.406831,0.427591,0.457285,0.420455,0.405184,0.408028,0.419656,0.424497,0.420704
0.431163,0.425037,0.434599,0.435196,0.420904,0.434150,0.428473,0.429569,0.449389,0.439877,0.432009,0.432557,0.432308,0.445057,0.452526,0.434798,0.461689,0.463582,0.449738,0.430615,0.432856,0.446102,0.473442,0.493611,0.481012,0.467815,0.482555,0.513630,0.488780,0.455166,0.458502,0.482755,0.468960,0.405765,0.619404,1.016255,1.032838,1.004900,1.010329,1.019143,0.989911,0.943349,0.913668,0.910282,0.886627,0.791510,0.978955,1.328795,1.348068,1.258279,1.228250,1.243091,1.195233,1.144189,1.124070,1.106840,1.095386,1.055048,1.045885,1.042350,1.013117,1.010329,1.033435,1.042001,0.885830,0.610291,0.568360,0.592014,0.584445,0.582453,0.572493,0.551328,0.560740,0.547444,0.527674,0.528719,0.650778,0.901816,0.954653,0.940659,0.940410,0.933189,0.958985,0.978158,1.008436,0.998825,1.012221,1.080396,0.975967,0.749081,0.757547,0.806550,0.805305,0.856996,0.861279,0.863371,0.899674,0.947332,0.927064,0.992799,1.037868,1.034531,1.077010,1.099619,1.105445,1.068345,1.137018,1.256885,1.266496,1.250063,1.253997,1.275211,1.288010,1.245581,1.272671,1.283976,1.287910,1.264953,1.251258,1.249266,1.269484,1.279892,1.270978,1.316943,1.165702,0.918200,0.926018,0.952163,0.937871,0.990359,0.780953,0.411791,0.370756,0.429718,0.420605,0.405964,0.421153,0.455066,0.431412,0.418613,0.406512,0.403125,0.412239,0.422896
0.445037,0.440485,0.424947,0.414111,0.418020,0.431380,0.430737,0.435042,0.446521,0.429252,0.423661,0.419554,0.416189,0.436576,0.446917,0.427372,0.447610,0.454834,0.453993,0.427867,0.430093,0.444047,0.470421,0.487047,0.476012,0.464830,0.478981,0.499961,0.485661,0.459931,0.455576,0.483979,0.465968,0.404907,0.615451,1.010710,1.017291,0.998488,1.014817,0.990373,0.963109,0.938021,0.936339,0.904473,0.878743,0.786460,0.976667,1.320316,1.339465,1.250250,1.220413,1.235158,1.186171,1.130653,1.116897,1.099777,1.074937,1.031195,1.019023,1.025109,0.995470,0.998488,1.000912,1.021002,0.863304,0.591403,0.564733,0.588236,0.567306,0.574728,0.549789,0.532322,0.537172,0.514509,0.515251,0.488135,0.642765,0.914666,0.955785,0.929956,0.934112,0.924661,0.941238,0.970234,1.002001,0.981516,0.983940,1.071869,0.969739,0.745489,0.746182,0.801403,0.796207,0.836188,0.841780,0.857861,0.895962,0.941287,0.921148,0.991808,1.021002,1.023130,1.056629,1.086565,1.098391,1.063853,1.136294,1.258711,1.261779,1.242085,1.253714,1.255891,1.256633,1.237632,1.269498,1.277960,1.273803,1.266084,1.248271,1.247281,1.259058,1.267321,1.266579,1.308539,1.158264,0.934706,0.920109,0.945592,0.934558,0.978745,0.766123,0.414408,0.379226,0.435487,0.413963,0.407480,0.417872,0.444245,0.416882,0.411192,0.403918,0.403769,0.401295,0.395456
0.431863,0.444034,0.429469,0.419892,0.421388,0.431813,0.440791,0.439544,0.431613,0.432711,0.427074,0.433260,0.440592,0.447625,0.450518,0.430815,0.451216,0.473214,0.463287,0.431314,0.435704,0.439594,0.467378,0.495061,0.492318,0.476206,0.482840,0.489524,0.483988,0.470470,0.459247,0.487878,0.466081,0.408170,0.620410,1.019951,1.033368,1.006533,1.023143,0.977552,0.956453,0.963386,0.943883,0.908269,0.874999,0.789304,0.976704,1.328809,1.327462,1.252642,1.217376,1.209445,1.177223,1.126545,1.114972,1.093374,1.058558,1.055715,1.049829,1.033368,1.003490,0.991120,0.967576,1.005236,0.836890,0.595719,0.541051,0.575717,0.561551,0.560354,0.556015,0.555915,0.536362,0.518654,0.519403,0.498453,0.647944,0.917896,0.966379,0.937449,0.929518,0.932112,0.948622,0.970070,1.020549,0.989424,0.983388,1.070828,0.980046,0.751495,0.730994,0.799430,0.802622,0.858389,0.868165,0.878939,0.903181,0.948871,0.946527,0.999799,1.029228,1.024041,1.064693,1.114374,1.111281,1.072425,1.145449,1.268853,1.266209,1.243115,1.281273,1.270000,1.253739,1.247604,1.285413,1.285563,1.272993,1.265810,1.270050,1.265960,1.269202,1.277532,1.281722,1.307909,1.167097,0.949270,0.919641,0.943933,0.955505,0.991968,0.761820,0.409916,0.371358,0.430416,0.438547,0.413856,0.418146,0.431713,0.420241,0.414505,0.410165,0.407023,0.404529,0.417996
0.314460,0.333710,0.321110,0.331310,0.349061,0.337860,0.339160,0.343910,0.341360,0.361061,0.358361,0.340360,0.343960,0.353061,0.372611,0.357111,0.363061,0.366711,0.372261,0.379162,0.383262,0.373861,0.372261,0.370261,0.364961,0.368111,0.395612,0.383812,0.387362,0.410413,0.391462,0.384762,0.388012,0.345511,0.512516,0.816125,0.845726,0.809375,0.803925,0.799574,0.793424,0.790774,0.788874,0.771074,0.714372,0.666420,0.784124,1.010331,1.014081,0.944729,0.921478,0.891177,0.892477,0.904128,0.887727,0.874877,0.878877,0.850226,0.818225,0.795324,0.797124,0.772974,0.754473,0.791924,0.625769,0.340710,0.329210,0.389262,0.373861,0.357511,0.364711,0.314610,0.323010,0.315410,0.295859,0.294109,0.411513,0.656170,0.673221,0.675621,0.693871,0.715172,0.732622,0.734822,0.741923,0.741723,0.755973,0.809675,0.718972,0.526216,0.522416,0.564617,0.554017,0.569567,0.629419,0.690021,0.671270,0.690771,0.718072,0.735522,0.750073,0.726322,0.723522,0.755623,0.753973,0.722672,0.860776,1.113384,1.134085,1.103884,1.097483,1.081883,1.104784,1.124084,1.115334,1.114934,1.112084,1.119784,1.109384,1.108834,1.115534,1.101234,1.095833,1.144185,1.010131,0.769773,0.747523,0.778224,0.784724,0.840676,0.630069,0.302709,0.269158,0.345411,0.336010,0.340110,0.337810,0.344261,0.343460,0.337610,0.318260,0.331360,0.349761,0.348361
0.302948,0.323319,0.328907,0.327621,0.345174,0.344432,0.335384,0.335631,0.342207,0.357041,0.354371,0.336571,0.349624,0.367671,0.369006,0.361639,0.360551,0.354222,0.365990,0.352492,0.369847,0.359117,0.358623,0.362826,0.354519,0.364012,0.391207,0.373852,0.387004,0.405843,0.377709,0.377659,0.383692,0.351651,0.516253,0.807038,0.833886,0.800363,0.794973,0.775690,0.776580,0.790770,0.767828,0.757494,0.715614,0.664488,0.775393,0.977424,0.984841,0.909141,0.894802,0.859894,0.837941,0.868596,0.873244,0.862614,0.848621,0.812279,0.782958,0.782513,0.780090,0.759027,0.734898,0.783106,0.618801,0.341317,0.321737,0.372764,0.389378,0.359216,0.342356,0.309969,0.319413,0.311700,0.280105,0.290834,0.446140,0.653363,0.665725,0.668098,0.689854,0.707209,0.718927,0.723674,0.733662,0.718433,0.743798,0.800659,0.710967,0.513830,0.497761,0.542014,0.549974,0.560852,0.604067,0.669433,0.662263,0.671806,0.694304,0.725207,0.732524,0.716900,0.707357,0.734749,0.742265,0.714625,0.867261,1.107266,1.121457,1.091592,1.114189,1.069837,1.083137,1.111568,1.090752,1.090060,1.111865,1.107316,1.089466,1.084324,1.119232,1.096636,1.092977,1.131445,1.001207,0.761202,0.752154,0.764762,0.775393,0.834925,0.630965,0.306014,0.273924,0.341565,0.329006,0.329253,0.327473,0.343888,0.350811,0.330588,0.313727,0.320798,0.337016,0.335878
0.430640,0.442776,0.442279,0.434669,0.426462,0.427556,0.439643,0.438300,0.424423,0.429148,0.425865,0.432033,0.418355,0.438847,0.446606,0.429596,0.450088,0.467149,0.461976,0.430939,0.434470,0.438350,0.466054,0.493659,0.493560,0.484607,0.479633,0.479981,0.467248,0.462324,0.471973,0.508482,0.478390,0.407014,0.618654,1.003832,1.023032,0.999654,1.020246,0.989159,0.952004,0.942902,0.930965,0.901221,0.854168,0.764886,0.952004,1.315447,1.341262,1.249095,1.198511,1.172199,1.158023,1.123355,1.111816,1.090279,1.055561,1.046956,1.046857,1.041087,1.002589,0.974486,0.948721,0.957326,0.795078,0.593386,0.535291,0.558768,0.547477,0.535490,0.544443,0.554341,0.534843,0.517186,0.517932,0.497042,0.645712,0.903310,0.956779,0.934397,0.926886,0.929473,0.927035,0.950214,0.971701,0.975680,0.980604,1.067797,0.962997,0.748920,0.728925,0.801544,0.822733,0.855958,0.855063,0.868244,0.897341,0.946185,0.969662,0.996968,1.017660,1.020893,1.061679,1.111219,1.108135,1.062276,1.142206,1.268842,1.259540,1.244370,1.293462,1.276551,1.250190,1.245365,1.265211,1.277198,1.280431,1.274860,1.261431,1.262376,1.284609,1.288936,1.270384,1.322609,1.169612,0.933551,0.915247,0.946483,0.939420,0.983837,0.757226,0.408755,0.372893,0.435813,0.431734,0.412684,0.416962,0.430491,0.418554,0.410595,0.409004,0.391346,0.395276,0.389705
0.427625,0.432947,0.432796,0.424863,0.424161,0.430437,0.443792,0.450018,0.433449,0.440177,0.438721,0.424512,0.415876,0.433148,0.450821,0.449415,0.465833,0.462670,0.458804,0.443441,0.448311,0.436060,0.459808,0.498318,0.498218,0.478034,0.466235,0.461917,0.466737,0.463675,0.476427,0.497264,0.462419,0.406738,0.626701,0.985792,1.026611,1.000051,1.029875,0.975097,0.945826,0.934931,0.926947,0.900437,0.850530,0.751569,0.927851,1.292866,1.337451,1.253252,1.205955,1.183261,1.168952,1.157203,1.116183,1.084100,1.055732,1.040971,1.039414,1.041121,0.998344,0.954261,0.957675,0.966361,0.802581,0.598986,0.540343,0.564041,0.551690,0.531657,0.539389,0.555305,0.539891,0.538033,0.536728,0.501732,0.651805,0.911835,0.965809,0.943215,0.941006,0.940102,0.956771,0.983482,1.027264,0.995934,0.998394,1.081388,0.988654,0.758297,0.739068,0.809108,0.836371,0.874781,0.877342,0.893207,0.904806,0.929408,0.978361,1.006377,1.027264,1.030527,1.047247,1.104133,1.119748,1.089271,1.166492,1.273285,1.282674,1.265151,1.289703,1.278356,1.272281,1.283979,1.270774,1.284130,1.299745,1.286891,1.268364,1.291611,1.279561,1.275143,1.282373,1.316514,1.170659,0.947483,0.923885,0.955416,0.948286,0.998494,0.763419,0.412613,0.376412,0.439926,0.414420,0.407642,0.418838,0.416328,0.419290,0.417232,0.417131,0.412161,0.407190,0.418136
0.425104,0.415061,0.430276,0.415463,0.419430,0.429673,0.449106,0.443632,0.424451,0.449859,0.459801,0.438661,0.412400,0.417973,0.444235,0.449457,0.465877,0.462713,0.455181,0.453072,0.452118,0.450813,0.447599,0.469341,0.498264,0.478078,0.439465,0.449156,0.458244,0.464471,0.469090,0.471049,0.446997,0.402508,0.626759,0.985883,1.025150,0.991708,1.029970,0.971321,0.945913,0.926130,0.904287,0.891934,0.850609,0.751639,0.927937,1.292986,1.315482,1.244932,1.206067,1.179454,1.169060,1.182317,1.126731,1.084200,1.055830,1.041067,1.039511,1.041218,0.998436,0.954349,0.959371,0.966451,0.802656,0.599042,0.559223,0.569717,0.551741,0.531706,0.539439,0.555356,0.539941,0.538083,0.532961,0.501779,0.654778,0.936674,0.969413,0.943302,0.958115,0.940842,0.956860,0.983573,1.021986,1.010839,1.027962,1.104788,1.011040,0.763690,0.757815,0.816263,0.836449,0.879582,0.880787,0.893290,0.909208,0.959722,0.980761,1.001750,1.014655,1.020078,1.034740,1.086962,1.119851,1.097055,1.156658,1.269085,1.271545,1.261804,1.276868,1.271495,1.259594,1.284098,1.287011,1.289170,1.292484,1.274658,1.272198,1.291731,1.291580,1.293538,1.282492,1.313624,1.180760,0.947571,0.923970,0.955504,0.961580,1.007023,0.763489,0.418827,0.364948,0.434745,0.420082,0.416618,0.418877,0.403462,0.415011,0.415212,0.412902,0.412199,0.413956,0.404968
0.422486,0.412505,0.405618,0.412904,0.416847,0.420390,0.448136,0.440751,0.415699,0.447088,0.477729,0.439353,0.408263,0.409411,0.432217,0.446689,0.463008,0.459864,0.455822,0.472140,0.461211,0.456071,0.435311,0.453975,0.492551,0.474685,0.431668,0.452228,0.463906,0.459864,0.452777,0.464505,0.453127,0.394091,0.613318,0.980211,1.013746,0.977366,1.018986,0.957804,0.917731,0.903609,0.892979,0.880653,0.837237,0.742569,0.932204,1.285024,1.307381,1.231676,1.198640,1.172191,1.159216,1.137408,1.105719,1.087903,1.060357,1.050426,1.055266,1.039447,0.979313,0.942534,0.953463,0.935697,0.797713,0.610374,0.576040,0.573844,0.548343,0.534819,0.551986,0.548144,0.549591,0.556028,0.552635,0.520198,0.670009,0.930906,0.963443,0.937493,0.935298,0.935048,0.952415,0.959251,1.014196,1.039746,1.065197,1.081865,0.988395,0.768020,0.753149,0.811237,0.831298,0.874165,0.864684,0.882100,0.901812,0.948322,0.968234,0.984503,1.000971,1.013796,1.028119,1.074629,1.112656,1.090299,1.146341,1.260471,1.252287,1.254033,1.279484,1.263665,1.251388,1.278985,1.284824,1.281231,1.277289,1.259623,1.254433,1.261219,1.283626,1.285573,1.271450,1.292958,1.173489,0.941735,0.912192,0.949620,0.963094,1.010952,0.758788,0.413154,0.349327,0.417396,0.407115,0.409611,0.408563,0.400977,0.412455,0.412655,0.411557,0.409661,0.410808,0.402474
0.402660,0.403406,0.403058,0.411310,0.422446,0.418767,0.446406,0.431692,0.411807,0.458337,0.475885,0.437657,0.407085,0.407830,0.425130,0.443225,0.460922,0.451278,0.443821,0.462314,0.458287,0.443871,0.431294,0.457392,0.489904,0.457890,0.413846,0.450483,0.457144,0.444418,0.433332,0.457045,0.466142,0.392569,0.603643,0.956493,1.007297,0.973593,1.011076,0.951870,0.903351,0.887344,0.863930,0.877253,0.836092,0.739702,0.921098,1.291546,1.302333,1.223293,1.186158,1.167666,1.154741,1.140076,1.102097,1.083704,1.056263,1.046370,1.051192,1.035434,0.988457,0.938895,0.934918,0.939839,0.810093,0.608017,0.589227,0.596236,0.546525,0.534296,0.549855,0.546028,0.550651,0.562035,0.550502,0.518189,0.669311,0.915332,0.955946,0.929301,0.951720,0.955648,0.972003,0.978863,1.022609,1.036975,1.061085,1.107267,0.995814,0.765055,0.719470,0.775643,0.828089,0.870791,0.861345,0.878347,0.909416,0.944661,0.964496,0.980702,0.997107,1.009882,1.024150,1.070480,1.108360,1.075501,1.136845,1.255605,1.247452,1.243674,1.267933,1.267138,1.256748,1.264255,1.271065,1.265547,1.249888,1.254760,1.249590,1.244967,1.285879,1.294777,1.266541,1.294976,1.174824,0.937801,0.905091,0.936608,0.960271,1.007049,0.761923,0.401318,0.347978,0.415784,0.408725,0.399181,0.390183,0.392519,0.415138,0.424732,0.391177,0.407482,0.426721,0.421948
0.301339,0.317337,0.334920,0.334772,0.345767,0.345024,0.318625,0.330066,0.361716,0.359091,0.354980,0.325113,0.340715,0.349730,0.370829,0.365431,0.361171,0.337644,0.351265,0.353098,0.370483,0.359735,0.359239,0.369393,0.355475,0.357753,0.349928,0.365678,0.387669,0.406540,0.369244,0.375584,0.391384,0.352256,0.513376,0.808425,0.835121,0.787573,0.795597,0.777023,0.777914,0.792129,0.759291,0.743392,0.698667,0.660133,0.769247,0.974003,0.975538,0.902531,0.888911,0.855280,0.839381,0.870089,0.874745,0.859242,0.838539,0.807533,0.776973,0.767959,0.780143,0.756518,0.719222,0.784452,0.630464,0.369343,0.323578,0.363846,0.390047,0.359834,0.323380,0.303469,0.297624,0.314564,0.289254,0.272463,0.407283,0.633535,0.655229,0.669246,0.687324,0.696785,0.697973,0.720807,0.720113,0.714813,0.742203,0.800104,0.694605,0.499359,0.480934,0.519369,0.530959,0.555724,0.587423,0.654437,0.640866,0.667859,0.686879,0.699905,0.705304,0.696587,0.708573,0.736012,0.743541,0.718082,0.868752,1.102879,1.116797,1.099263,1.134628,1.073508,1.081334,1.110457,1.091438,1.091933,1.123186,1.109368,1.098917,1.096391,1.123979,1.095846,1.103077,1.130715,1.004464,0.778013,0.767464,0.770881,0.780044,0.823977,0.632049,0.320953,0.268154,0.338585,0.320111,0.302280,0.318328,0.352850,0.351414,0.331156,0.315257,0.326451,0.344628,0.356862
0.306531,0.323343,0.334370,0.348809,0.348661,0.344457,0.330513,0.337337,0.361122,0.357067,0.347968,0.332639,0.349650,0.360133,0.370220,0.364830,0.359243,0.337090,0.332491,0.343122,0.369874,0.357314,0.342084,0.366511,0.347523,0.357166,0.349353,0.358798,0.376995,0.404142,0.368836,0.378132,0.390741,0.338573,0.502099,0.779307,0.810904,0.762989,0.794289,0.765412,0.764324,0.763483,0.759972,0.749638,0.697519,0.644214,0.759873,0.969287,0.964837,0.894076,0.871528,0.837310,0.844776,0.881319,0.863567,0.851007,0.829348,0.805168,0.770900,0.747610,0.770554,0.736781,0.694948,0.760862,0.618006,0.341342,0.309646,0.334172,0.376006,0.324579,0.300350,0.280026,0.292191,0.303761,0.277702,0.279631,0.416504,0.626659,0.654153,0.668147,0.689904,0.695640,0.696827,0.723727,0.724765,0.731342,0.743852,0.800718,0.693464,0.498539,0.497797,0.518516,0.521235,0.564453,0.598326,0.628341,0.635412,0.633384,0.666515,0.698656,0.704145,0.709238,0.712650,0.753148,0.742319,0.726248,0.867325,1.087963,1.110462,1.091672,1.100771,1.071744,1.079557,1.108633,1.098348,1.102798,1.121341,1.107545,1.100276,1.111995,1.124110,1.096716,1.101265,1.128857,1.002813,0.773818,0.767933,0.771790,0.778763,0.824947,0.641148,0.325519,0.283092,0.321118,0.317310,0.285021,0.305492,0.345793,0.352122,0.339859,0.314739,0.325914,0.344062,0.369330
0.414241,0.398685,0.390485,0.419062,0.439787,0.422442,0.450422,0.438942,0.411707,0.445253,0.474029,0.442371,0.406985,0.407731,0.425026,0.437153,0.439687,0.438942,0.429499,0.444856,0.475321,0.451665,0.428157,0.448881,0.485460,0.457778,0.413744,0.431537,0.449279,0.444309,0.450919,0.462598,0.460958,0.398387,0.611596,0.954320,1.001336,0.969131,1.000888,0.950046,0.903130,0.887127,0.853233,0.863669,0.818940,0.728588,0.930365,1.291230,1.294113,1.215141,1.183383,1.150979,1.138058,1.151924,1.101827,1.077127,1.060825,1.039554,1.049096,1.035181,0.988215,0.938665,0.932204,0.949649,0.812976,0.596786,0.589082,0.600414,0.567314,0.552454,0.556182,0.538489,0.550516,0.561897,0.517416,0.492766,0.663581,0.919829,0.954668,0.936429,0.969081,0.972212,0.966745,0.984587,1.010033,1.036721,1.062962,1.127174,1.002131,0.764868,0.750057,0.801595,0.809945,0.860439,0.861135,0.878132,0.892395,0.921171,0.952929,0.975343,0.987171,1.012568,1.018681,1.067137,1.105902,1.075238,1.132640,1.250427,1.251868,1.248886,1.270655,1.276966,1.256441,1.258677,1.269959,1.275972,1.272046,1.265685,1.235915,1.236362,1.272593,1.294460,1.266231,1.314837,1.176674,0.937572,0.908448,0.943287,0.949351,1.006306,0.761737,0.395207,0.355249,0.427064,0.408625,0.399083,0.390088,0.392423,0.415086,0.423585,0.391231,0.407383,0.426616,0.400823
0.417403,0.392099,0.388186,0.409728,0.434190,0.420919,0.453503,0.437360,0.410223,0.443649,0.452760,0.422058,0.406657,0.409530,0.423494,0.423346,0.434785,0.437360,0.434884,0.447561,0.480838,0.450037,0.426614,0.447264,0.477916,0.446917,0.412253,0.429981,0.447660,0.449393,0.442559,0.460931,0.459297,0.391059,0.596071,0.941868,0.989209,0.958755,0.980048,0.941868,0.895864,0.880365,0.850158,0.852832,0.804847,0.725962,0.927012,1.265530,1.281822,1.195311,1.181396,1.156587,1.120090,1.130737,1.094934,1.060518,1.044325,1.024170,1.023527,1.017188,0.972620,0.935282,0.930677,0.969104,0.826933,0.594635,0.590822,0.606718,0.565270,0.568984,0.559773,0.536548,0.548532,0.559872,0.515552,0.490990,0.661190,0.916514,0.944295,0.927409,0.965588,0.968708,0.963261,0.981039,1.015059,1.033084,1.059131,1.123111,0.998717,0.762111,0.733439,0.776967,0.802222,0.841145,0.854763,0.874967,0.889179,0.902500,0.938996,0.961082,0.983614,0.999064,1.003422,1.054328,1.094588,1.071363,1.141978,1.243246,1.248496,1.247852,1.266075,1.276375,1.258598,1.259390,1.265382,1.260677,1.261668,1.249932,1.226459,1.231906,1.259241,1.278851,1.266174,1.303809,1.172433,0.934193,0.903837,0.928498,0.956576,1.006838,0.768945,0.388979,0.353968,0.421711,0.403736,0.409133,0.399626,0.378382,0.410768,0.425178,0.403884,0.427060,0.428743,0.399378
0.416786,0.397125,0.394216,0.420999,0.439757,0.426315,0.460320,0.442966,0.409162,0.444622,0.469799,0.446427,0.425563,0.423055,0.428923,0.428773,0.434841,0.432384,0.440258,0.453750,0.487002,0.455806,0.432083,0.447681,0.481886,0.452646,0.419644,0.429475,0.458213,0.462176,0.448233,0.469599,0.465185,0.390304,0.603712,0.954344,1.001891,0.963522,0.978569,0.941705,0.908854,0.891650,0.858147,0.861959,0.831064,0.735268,0.938896,1.281754,1.291584,1.198647,1.181495,1.171413,1.134449,1.125873,1.111930,1.095429,1.063681,1.058465,1.043218,1.030178,0.983233,0.950281,0.922746,0.981528,0.837534,0.602258,0.596340,0.623323,0.596340,0.593681,0.587964,0.543426,0.560278,0.567049,0.522161,0.497284,0.669666,0.914421,0.938545,0.937542,0.967183,0.962118,0.952137,0.976061,1.019294,1.035795,1.055205,1.110726,0.993966,0.786727,0.746804,0.764207,0.808043,0.851928,0.865720,0.874397,0.887337,0.906797,0.944213,0.959008,0.992813,1.011871,1.016285,1.067844,1.088006,1.077825,1.143527,1.260739,1.259736,1.250307,1.300612,1.308336,1.287873,1.275535,1.282958,1.266106,1.277842,1.277290,1.260739,1.245291,1.284262,1.297904,1.282406,1.320523,1.187463,0.943811,0.911963,0.940401,0.960312,1.015533,0.783667,0.398830,0.364123,0.410667,0.412372,0.428171,0.416786,0.400184,0.412422,0.420246,0.409062,0.432534,0.434239,0.412523
0.420287,0.406924,0.391916,0.426819,0.437190,0.430010,0.457634,0.444819,0.406775,0.424725,0.447861,0.435246,0.422332,0.446714,0.433700,0.428465,0.419789,0.420138,0.433999,0.450653,0.465263,0.444819,0.423279,0.443623,0.462620,0.452299,0.427767,0.442027,0.472842,0.470548,0.448858,0.466858,0.462470,0.388026,0.605874,0.959396,0.998039,0.942642,0.957052,0.936210,0.904298,0.873932,0.853638,0.846209,0.810408,0.730978,0.933418,1.263205,1.277216,1.187764,1.159642,1.140544,1.127830,1.119303,1.105442,1.067846,1.051541,1.031247,1.030599,1.001180,0.976648,0.944736,0.917362,0.952764,0.817738,0.598743,0.557707,0.589918,0.568427,0.593707,0.584533,0.538111,0.535070,0.525297,0.476083,0.473191,0.651597,0.895024,0.933069,0.932071,0.952614,0.937157,0.932670,0.954110,0.991756,1.015141,1.040571,1.074577,0.979091,0.767227,0.729232,0.759748,0.803327,0.823821,0.831799,0.863910,0.882159,0.901506,0.938703,0.953412,0.993402,1.005967,1.010554,1.052737,1.077170,1.053236,1.137254,1.256623,1.257122,1.243859,1.293023,1.300701,1.302796,1.278114,1.268191,1.257272,1.283798,1.269587,1.252285,1.240269,1.267942,1.289881,1.272829,1.316009,1.182778,0.939202,0.900957,0.925340,0.954709,0.993601,0.774258,0.396503,0.365589,0.420886,0.406525,0.411960,0.407772,0.416298,0.414852,0.417794,0.407822,0.408221,0.421933,0.410415
0.412820,0.405319,0.396725,0.417937,0.429462,0.428419,0.455940,0.432741,0.411578,0.423153,0.446203,0.439447,0.443422,0.446005,0.433188,0.438901,0.430704,0.425289,0.422557,0.432890,0.442875,0.438851,0.429214,0.435771,0.437808,0.445806,0.426183,0.440391,0.462150,0.461852,0.447197,0.453655,0.456338,0.405070,0.611332,0.966327,1.002343,0.926883,0.942084,0.932745,0.907906,0.870598,0.850479,0.843077,0.799510,0.708948,0.909049,1.256245,1.267621,1.183368,1.155350,1.122662,1.123159,1.125394,1.095240,1.048643,1.036372,1.020476,1.007261,0.971891,0.965880,0.929466,0.902939,0.950331,0.815158,0.571987,0.551768,0.574918,0.553457,0.570795,0.561555,0.516149,0.490367,0.479686,0.474321,0.455145,0.632494,0.880037,0.929615,0.928622,0.949089,0.921617,0.923306,0.965830,0.995985,1.002790,1.029616,1.066874,0.975468,0.759271,0.747994,0.774572,0.800354,0.802789,0.823355,0.868512,0.861110,0.878348,0.935229,0.958180,0.982224,1.002095,0.999313,1.048841,1.087540,1.067570,1.137267,1.262008,1.256593,1.252668,1.296732,1.304383,1.303588,1.271198,1.253662,1.252619,1.290374,1.286648,1.251377,1.241739,1.256543,1.285108,1.295639,1.311139,1.161907,0.935726,0.897623,0.921915,0.951175,0.981379,0.769554,0.390217,0.364236,0.423054,0.414161,0.424097,0.414509,0.414758,0.413317,0.416248,0.410883,0.406710,0.402090,0.391310
0.309800,0.322115,0.332410,0.332952,0.335169,0.322755,0.334873,0.335317,0.336992,0.355711,0.346647,0.336006,0.348322,0.349011,0.368814,0.356253,0.342804,0.330933,0.315711,0.338272,0.357139,0.356056,0.352213,0.375070,0.362952,0.355809,0.348026,0.357435,0.369060,0.372459,0.369553,0.379553,0.371376,0.321967,0.491276,0.751322,0.790485,0.759648,0.785312,0.757283,0.747726,0.773736,0.749697,0.732850,0.679008,0.636348,0.751224,0.954227,0.939941,0.889597,0.849893,0.821617,0.835854,0.860139,0.844425,0.832208,0.821273,0.796987,0.760978,0.733490,0.741273,0.699500,0.671964,0.712604,0.592703,0.340046,0.297780,0.326647,0.326401,0.303248,0.282904,0.275909,0.279455,0.290293,0.276647,0.278470,0.414922,0.624279,0.643442,0.646053,0.684377,0.674574,0.697875,0.720535,0.716200,0.710929,0.741027,0.797677,0.673491,0.467926,0.478320,0.499256,0.502507,0.549797,0.578270,0.597629,0.611324,0.630979,0.663983,0.696003,0.674328,0.685658,0.709944,0.750288,0.738465,0.721274,0.852208,1.073782,1.106245,1.087526,1.113733,1.081664,1.080088,1.099989,1.095851,1.098610,1.117082,1.102304,1.102550,1.120136,1.114472,1.089890,1.108757,1.127230,0.999005,0.766396,0.757579,0.766347,0.775805,0.839745,0.652998,0.327780,0.282214,0.319406,0.310095,0.300637,0.316598,0.337337,0.350785,0.329356,0.298765,0.316253,0.339011,0.367927
0.305084,0.320587,0.332103,0.319652,0.317979,0.324032,0.329790,0.327969,0.319258,0.340962,0.349230,0.335696,0.346622,0.348689,0.368473,0.355924,0.334515,0.352577,0.330922,0.344260,0.339584,0.343275,0.331119,0.362272,0.380383,0.361386,0.322999,0.351051,0.368719,0.372115,0.365914,0.376003,0.350854,0.321670,0.490822,0.750629,0.780305,0.749595,0.772677,0.749792,0.736947,0.750776,0.734978,0.724495,0.658646,0.586349,0.720903,0.940796,0.925441,0.865792,0.827995,0.818545,0.835082,0.837641,0.823418,0.798663,0.813821,0.782766,0.741967,0.722773,0.716867,0.680940,0.654905,0.686846,0.543827,0.301492,0.289926,0.326345,0.326099,0.283184,0.263941,0.275654,0.284660,0.289532,0.276392,0.278213,0.405188,0.623703,0.640190,0.617600,0.661992,0.694523,0.716473,0.711503,0.719082,0.734338,0.742065,0.784636,0.673459,0.481570,0.455240,0.490674,0.518776,0.557312,0.581821,0.597077,0.610759,0.643389,0.685665,0.680596,0.669473,0.668292,0.709288,0.749595,0.744920,0.716129,0.853734,1.092723,1.114377,1.093116,1.087112,1.091886,1.083864,1.098973,1.094839,1.095331,1.107635,1.103944,1.108570,1.121218,1.113442,1.088884,1.111769,1.138148,1.000740,0.765442,0.741918,0.765639,0.780059,0.838970,0.652395,0.327477,0.281953,0.319111,0.304740,0.300360,0.316305,0.309514,0.330627,0.327477,0.299425,0.306708,0.333481,0.380433
0.423692,0.424647,0.416102,0.431785,0.434549,0.433494,0.454405,0.437867,0.416454,0.421933,0.436711,0.444653,0.448674,0.451288,0.460436,0.449780,0.435806,0.425200,0.427562,0.445960,0.465463,0.452344,0.438269,0.440431,0.442994,0.451087,0.431232,0.450283,0.467624,0.467323,0.452494,0.461291,0.461743,0.409869,0.621639,0.989989,1.011854,0.937863,0.957416,0.930222,0.918661,0.880911,0.857789,0.841151,0.799481,0.695179,0.888200,1.261123,1.277661,1.183764,1.166774,1.135961,1.136464,1.111783,1.092129,1.066845,1.060059,1.032564,1.019193,0.983404,0.977322,0.940477,0.924794,0.983705,0.832706,0.599020,0.562225,0.594697,0.573032,0.598517,0.589268,0.553278,0.496176,0.485368,0.490144,0.460537,0.639987,0.890462,0.949826,0.942085,0.960332,0.932535,0.934244,0.969882,0.997679,1.004013,1.032815,1.064231,0.960131,0.768265,0.756855,0.788975,0.788321,0.826574,0.840849,0.860152,0.861660,0.888753,0.944749,0.969530,0.993859,1.022460,1.018741,1.061266,1.080668,1.079563,1.146215,1.263536,1.284547,1.278867,1.312093,1.319834,1.327826,1.305357,1.272232,1.283441,1.305659,1.301889,1.266200,1.258912,1.271428,1.290529,1.302643,1.321744,1.162049,0.949726,0.904034,0.932836,0.953194,0.984309,0.772136,0.404691,0.368550,0.428065,0.416202,0.429121,0.421933,0.419671,0.418213,0.421179,0.433745,0.417660,0.391974,0.385791
0.428146,0.421568,0.423412,0.422265,0.421169,0.413544,0.442100,0.433877,0.405172,0.418328,0.433030,0.433030,0.431685,0.447433,0.475192,0.454859,0.432083,0.443695,0.433778,0.422714,0.429243,0.446685,0.434525,0.419674,0.439210,0.447234,0.426601,0.446436,0.463630,0.432931,0.435074,0.446436,0.449476,0.386533,0.616728,0.983475,1.005553,0.929851,0.934087,0.919734,0.913854,0.873386,0.853203,0.842587,0.802070,0.689240,0.880613,1.260268,1.269637,1.174948,1.161890,1.137720,1.126756,1.069294,1.068596,1.050007,1.003609,0.988310,0.995835,0.953175,0.976997,0.962245,0.916894,0.980087,0.836707,0.593903,0.557422,0.579500,0.555230,0.586427,0.573270,0.515809,0.481422,0.495824,0.507386,0.487252,0.641796,0.876476,0.945301,0.934038,0.952128,0.924569,0.926263,0.960102,0.978890,0.995436,1.006201,1.054144,0.931944,0.756420,0.728860,0.776205,0.781587,0.813134,0.817569,0.852804,0.854797,0.884998,0.928605,0.957062,0.985369,1.009341,1.004307,1.044625,1.071437,1.070341,1.136424,1.257926,1.275867,1.263507,1.290868,1.300386,1.316484,1.304174,1.261364,1.269488,1.294506,1.284787,1.255982,1.261713,1.261663,1.265002,1.263906,1.301333,1.152122,0.941613,0.896311,0.922226,0.945998,0.984472,0.773514,0.417581,0.365402,0.424508,0.412647,0.425455,0.418328,0.413843,0.409457,0.417581,0.436618,0.423761,0.396998,0.392563
0.421380,0.415971,0.422806,0.425707,0.400284,0.386712,0.422216,0.423593,0.398120,0.417298,0.441738,0.435788,0.425953,0.438591,0.468883,0.448820,0.415381,0.431608,0.422019,0.412922,0.423544,0.434411,0.426101,0.418429,0.451032,0.441296,0.405841,0.433575,0.447344,0.410168,0.417495,0.440509,0.443509,0.380909,0.608540,0.970418,0.992202,0.924243,0.909834,0.906589,0.901721,0.849546,0.832384,0.822893,0.790979,0.694006,0.862577,1.233750,1.249043,1.142628,1.136924,1.111304,1.090847,1.055097,1.054409,1.015806,0.940372,0.937962,0.943421,0.918538,0.956108,0.949469,0.897442,0.945732,0.811337,0.586018,0.541809,0.539842,0.528188,0.535810,0.527352,0.503895,0.475030,0.489241,0.500650,0.480783,0.633275,0.871134,0.938012,0.921636,0.939487,0.888148,0.894393,0.922079,0.942880,0.970418,0.972483,1.024559,0.911998,0.737821,0.716921,0.765899,0.749819,0.797421,0.806715,0.846202,0.851857,0.867101,0.910965,0.952715,0.972287,0.995940,1.001791,1.048655,1.062424,1.050130,1.121336,1.251600,1.258927,1.245257,1.256518,1.269549,1.289121,1.286859,1.244617,1.259714,1.277319,1.267729,1.248010,1.254551,1.244912,1.236159,1.247125,1.284056,1.145382,0.935799,0.895131,0.905359,0.910965,0.962943,0.766342,0.418823,0.372254,0.422609,0.417888,0.412135,0.412774,0.408988,0.404021,0.410168,0.434215,0.414938,0.391727,0.398120
0.426889,0.425892,0.438048,0.424348,0.394806,0.404421,0.423252,0.422455,0.411595,0.416377,0.432867,0.432867,0.423601,0.432767,0.453989,0.448808,0.424099,0.437251,0.427536,0.418320,0.436055,0.446517,0.431671,0.406115,0.456929,0.454737,0.411146,0.446268,0.456829,0.415530,0.416477,0.443328,0.433564,0.393710,0.606532,0.979966,1.002832,0.944894,0.921729,0.927806,0.911367,0.840476,0.813823,0.827473,0.792352,0.731425,0.906086,1.231745,1.254312,1.173159,1.155773,1.125832,1.105108,1.101870,1.068193,1.029086,0.936724,0.943399,0.955754,0.930546,0.978222,0.959690,0.900656,0.949627,0.810386,0.568869,0.525877,0.528118,0.522838,0.497032,0.484129,0.479646,0.481240,0.480841,0.483332,0.456431,0.627555,0.880778,0.950274,0.910470,0.923173,0.891788,0.906086,0.934133,0.943848,0.957996,0.980812,1.026744,0.918391,0.730528,0.707313,0.775912,0.764504,0.786424,0.804009,0.857264,0.862993,0.877540,0.922874,0.965170,0.980314,1.000092,1.014888,1.062215,1.076313,1.063859,1.135995,1.272047,1.275385,1.261536,1.272944,1.286146,1.289234,1.303682,1.266717,1.277976,1.289782,1.267414,1.260838,1.270951,1.259244,1.243103,1.263429,1.300842,1.165238,0.948032,0.911616,0.917195,0.918690,0.982207,0.775065,0.417423,0.384095,0.428732,0.421110,0.410349,0.420512,0.417324,0.412192,0.405567,0.438994,0.419067,0.396300,0.400286
0.422805,0.420963,0.427982,0.413497,0.394482,0.387165,0.409116,0.415139,0.411257,0.427832,0.449087,0.443213,0.446648,0.432412,0.432561,0.442815,0.426389,0.436892,0.424149,0.429226,0.456255,0.446150,0.434005,0.423552,0.462825,0.444060,0.403790,0.437589,0.441222,0.415189,0.416135,0.445901,0.445553,0.391445,0.606034,0.982297,1.004647,0.944118,0.920972,0.925054,0.904346,0.833414,0.797824,0.811961,0.789312,0.708425,0.905342,1.230734,1.241436,1.166422,1.165028,1.122618,1.092304,1.096485,1.067316,1.026598,0.935955,0.942625,0.954970,0.929782,0.976971,0.950739,0.896482,0.948847,0.804842,0.550483,0.500457,0.530024,0.522408,0.496624,0.483732,0.468649,0.481542,0.488162,0.472482,0.440426,0.616039,0.862833,0.922415,0.886626,0.895287,0.898871,0.910817,0.928737,0.940783,0.952282,0.980007,1.025902,0.917637,0.713701,0.700361,0.759247,0.763876,0.793543,0.803349,0.828835,0.849691,0.864475,0.915895,0.950639,0.975776,0.996434,1.014055,1.056614,1.059003,1.067615,1.140637,1.265129,1.264532,1.256817,1.280510,1.282253,1.270555,1.280013,1.263586,1.276926,1.286036,1.264482,1.259803,1.269659,1.252337,1.245965,1.276678,1.299774,1.164281,0.947254,0.914352,0.916442,0.917936,0.990012,0.779406,0.417081,0.369792,0.428380,0.420764,0.421909,0.426239,0.413994,0.404238,0.401152,0.438634,0.419520,0.397070,0.402994
0.326611,0.329060,0.337205,0.329310,0.319965,0.309272,0.322764,0.340154,0.333408,0.347100,0.341853,0.328710,0.354795,0.354046,0.363740,0.361341,0.339654,0.341853,0.336006,0.349548,0.334757,0.334507,0.336206,0.353496,0.368237,0.366938,0.355195,0.362591,0.374384,0.348049,0.369687,0.381830,0.356244,0.333458,0.502710,0.762160,0.782898,0.751966,0.763060,0.746519,0.736275,0.748168,0.742422,0.725082,0.647676,0.566473,0.704693,0.934311,0.925216,0.868399,0.810232,0.826523,0.847661,0.834368,0.818378,0.785796,0.816429,0.784297,0.753365,0.733876,0.727880,0.691401,0.664966,0.697397,0.552181,0.291382,0.294380,0.337005,0.325412,0.290632,0.286984,0.279888,0.289033,0.286085,0.288384,0.277340,0.402468,0.633284,0.646577,0.605850,0.637832,0.684305,0.707941,0.715587,0.729529,0.732677,0.749817,0.801188,0.678159,0.456037,0.453488,0.498212,0.512504,0.565873,0.586462,0.588111,0.599704,0.626938,0.672362,0.691051,0.684055,0.678558,0.698597,0.748118,0.744021,0.721833,0.866850,1.116006,1.126200,1.105962,1.130298,1.112908,1.095668,1.111658,1.109959,1.099365,1.103813,1.115706,1.130298,1.138443,1.118305,1.102863,1.128848,1.171124,1.025508,0.785297,0.760111,0.777401,0.791243,0.842214,0.662418,0.328960,0.274192,0.322914,0.314868,0.308022,0.323663,0.304025,0.335207,0.332508,0.315218,0.301126,0.338605,0.394872
0.323889,0.330044,0.329653,0.334831,0.318710,0.302052,0.315535,0.332535,0.317880,0.312946,0.331167,0.321348,0.347679,0.346116,0.360430,0.353249,0.332047,0.337909,0.313092,0.332486,0.327259,0.327455,0.326038,0.359599,0.364729,0.358720,0.351783,0.362335,0.356082,0.333463,0.353053,0.377137,0.352613,0.311236,0.466243,0.747679,0.765364,0.735124,0.726722,0.693258,0.686126,0.719736,0.701172,0.665022,0.617587,0.547484,0.670640,0.889887,0.887738,0.811138,0.777968,0.787152,0.814558,0.807474,0.796092,0.764387,0.765559,0.766732,0.736492,0.717049,0.710063,0.674841,0.640693,0.675720,0.515926,0.267562,0.282902,0.301465,0.243478,0.239961,0.249389,0.272741,0.258476,0.262433,0.281925,0.254910,0.375281,0.596043,0.624230,0.574401,0.602638,0.637909,0.678945,0.692574,0.713190,0.716267,0.732193,0.761065,0.652125,0.432144,0.443332,0.487054,0.484318,0.530142,0.564191,0.574939,0.586272,0.612897,0.648803,0.675574,0.668735,0.651783,0.657645,0.714655,0.727357,0.705667,0.835417,1.067269,1.100977,1.089741,1.104983,1.089350,1.083585,1.086761,1.085588,1.073424,1.056326,1.090718,1.104983,1.112945,1.083976,1.078163,1.106692,1.144895,0.983537,0.754763,0.730532,0.759990,0.771031,0.813336,0.634098,0.304739,0.260137,0.308207,0.301954,0.309819,0.316414,0.293649,0.316756,0.324817,0.313581,0.304445,0.331021,0.386028
0.433879,0.427479,0.431329,0.425579,0.411178,0.405927,0.424829,0.424028,0.413128,0.423078,0.440830,0.444630,0.440230,0.439830,0.446780,0.443880,0.417778,0.424679,0.435079,0.448180,0.458931,0.454131,0.438129,0.442580,0.464931,0.446080,0.412678,0.439580,0.443230,0.427679,0.420928,0.456331,0.475232,0.377025,0.598390,0.986766,1.005768,0.948414,0.925112,0.924462,0.902761,0.843607,0.802904,0.800204,0.795653,0.714498,0.909461,1.236333,1.240333,1.171729,1.163378,1.119625,1.080873,1.072022,1.072172,1.044570,0.977416,0.973665,0.971615,0.974165,0.981416,0.955064,0.905111,0.940263,0.786853,0.540786,0.502734,0.532436,0.532436,0.520735,0.503334,0.475682,0.483733,0.490383,0.467081,0.466581,0.641693,0.888910,0.925162,0.903311,0.940863,0.921962,0.899560,0.897260,0.934063,0.956614,0.984466,1.044570,0.924312,0.713598,0.680696,0.748950,0.767352,0.811855,0.807004,0.832606,0.853557,0.879209,0.920062,0.944913,0.973015,1.000967,1.021669,1.064122,1.063821,1.061421,1.145827,1.260285,1.270285,1.262535,1.275836,1.285086,1.274036,1.288437,1.288237,1.277786,1.284436,1.270235,1.265535,1.275436,1.270735,1.251634,1.265585,1.309288,1.173629,0.949914,0.917562,0.933313,0.935363,0.997417,0.782953,0.420828,0.371475,0.430329,0.416628,0.414328,0.428179,0.415878,0.406077,0.402977,0.437479,0.426579,0.398877,0.404177
0.423067,0.420925,0.428048,0.419331,0.409569,0.401650,0.423167,0.422370,0.422918,0.433427,0.446078,0.449117,0.440251,0.438458,0.438806,0.442143,0.426653,0.429741,0.433377,0.446676,0.457136,0.452354,0.436515,0.446576,0.463112,0.444335,0.405236,0.416343,0.435718,0.444584,0.422868,0.454546,0.461270,0.375550,0.596049,0.998147,1.015331,0.945999,0.921493,0.925627,0.899229,0.849571,0.794533,0.791893,0.792541,0.711703,0.905903,1.207041,1.235481,1.167145,1.158827,1.104935,1.073756,1.088001,1.064491,1.027235,0.973592,0.969857,0.967814,0.919401,0.952125,0.945750,0.901570,0.927620,0.783775,0.538671,0.500767,0.530353,0.530353,0.499323,0.484032,0.469488,0.459128,0.478752,0.465254,0.427799,0.616421,0.885432,0.914968,0.877613,0.890214,0.896390,0.885034,0.887823,0.913524,0.934344,0.969608,1.021208,0.918505,0.710806,0.655121,0.737752,0.753342,0.787261,0.787311,0.839161,0.850218,0.865011,0.902267,0.931654,0.943558,0.975734,1.008308,1.044867,1.058714,1.043871,1.137260,1.265914,1.258343,1.243102,1.270845,1.280059,1.269052,1.266013,1.273833,1.272787,1.284393,1.264918,1.251768,1.241259,1.250374,1.251519,1.270895,1.304166,1.169038,0.948937,0.913972,0.929662,0.948887,0.993515,0.779890,0.419182,0.352739,0.423466,0.421374,0.422171,0.428247,0.427052,0.404489,0.398163,0.420975,0.418036,0.397565,0.409768
0.423946,0.425842,0.426791,0.418855,0.421400,0.412366,0.398142,0.415361,0.434427,0.434327,0.447005,0.450049,0.441165,0.439368,0.439318,0.438470,0.418256,0.430634,0.434277,0.459982,0.462327,0.449500,0.437422,0.450349,0.454641,0.437721,0.416459,0.413165,0.433229,0.445507,0.420152,0.453094,0.462228,0.375182,0.583661,1.008605,1.017040,0.947963,0.923407,0.932391,0.900148,0.835663,0.796183,0.793538,0.790144,0.696012,0.879136,1.209548,1.238047,1.162831,1.148506,1.107230,1.092356,1.090260,1.049283,1.029219,1.010602,0.985646,0.963935,0.929047,0.945468,0.931293,0.903442,0.921860,0.765288,0.548923,0.519326,0.531454,0.531454,0.500360,0.487483,0.472409,0.455440,0.476153,0.459932,0.417307,0.598485,0.873995,0.898551,0.866408,0.883877,0.890316,0.880383,0.889667,0.915421,0.928997,0.967379,1.041397,0.920412,0.700204,0.656482,0.739285,0.744376,0.788896,0.788946,0.830822,0.827228,0.859820,0.904541,0.932491,0.942523,0.977760,1.004712,1.047037,1.060912,1.041247,1.131337,1.264001,1.260956,1.245684,1.269791,1.282718,1.271537,1.257313,1.270090,1.275431,1.272386,1.265947,1.263202,1.243837,1.252971,1.244036,1.270988,1.318504,1.171466,0.940676,0.915870,0.933788,0.954003,1.000270,0.774821,0.417008,0.351175,0.424345,0.422249,0.413564,0.428787,0.441015,0.412466,0.395047,0.403083,0.425792,0.403282,0.412915
0.421682,0.423931,0.421083,0.412237,0.421932,0.422482,0.400693,0.399544,0.434976,0.429328,0.447569,0.442372,0.439973,0.439223,0.441372,0.443621,0.428079,0.429478,0.437624,0.460562,0.462911,0.450068,0.437974,0.445220,0.455215,0.445820,0.416985,0.413686,0.433776,0.446070,0.415486,0.453666,0.463211,0.372958,0.584398,1.009879,1.018324,0.948311,0.945362,0.933568,0.901285,0.852260,0.802436,0.794540,0.773251,0.693192,0.869002,1.203879,1.239610,1.164299,1.149957,1.129467,1.106079,1.103480,1.070947,1.030518,1.011878,0.994787,0.979994,0.981344,0.955307,0.948910,0.910380,0.923024,0.766255,0.549616,0.519982,0.532125,0.532125,0.520431,0.488098,0.473006,0.465010,0.486249,0.460512,0.411837,0.583999,0.841466,0.886792,0.857607,0.884144,0.882794,0.873499,0.889691,0.925522,0.948411,0.993587,1.042712,0.921574,0.701088,0.674552,0.740218,0.750513,0.796839,0.796189,0.810732,0.814730,0.861455,0.914928,0.933668,0.943713,0.974847,0.991988,1.042712,1.059653,1.042562,1.127418,1.255002,1.256551,1.263348,1.280039,1.288935,1.281888,1.270244,1.271694,1.279490,1.281439,1.275991,1.261149,1.223069,1.262348,1.260200,1.259350,1.314522,1.172945,0.929021,0.916827,0.952209,0.971299,1.003782,0.775800,0.417535,0.351619,0.436825,0.416385,0.420433,0.432577,0.441572,0.421782,0.399494,0.403592,0.424831,0.414086,0.422682
0.426482,0.413337,0.407385,0.409170,0.418793,0.429607,0.397712,0.396571,0.440618,0.426134,0.444239,0.444438,0.435212,0.435410,0.442404,0.436353,0.416313,0.422811,0.427871,0.447315,0.455251,0.441362,0.434716,0.441908,0.452076,0.443892,0.413883,0.410609,0.430549,0.430103,0.412395,0.450291,0.459765,0.370183,0.580051,1.002366,1.015411,0.932079,0.938329,0.922952,0.887487,0.845573,0.796466,0.792151,0.772409,0.688035,0.862537,1.183911,1.212382,1.146312,1.141401,1.121064,1.097850,1.088724,1.052811,1.018487,1.004350,0.987386,0.963229,0.923300,0.939619,0.929797,0.903607,0.916157,0.754106,0.537889,0.507929,0.526183,0.522214,0.500637,0.472215,0.460856,0.452622,0.473207,0.450043,0.396175,0.551629,0.820821,0.870076,0.851227,0.877566,0.879005,0.867943,0.890066,0.924143,0.941008,0.966950,1.031185,0.904054,0.679008,0.661597,0.731041,0.734116,0.790911,0.789224,0.803708,0.808668,0.856187,0.908121,0.926722,0.957029,0.972753,0.984608,1.025332,1.051770,1.042197,1.119031,1.245666,1.251172,1.252709,1.270516,1.272401,1.267342,1.260794,1.262233,1.263721,1.257471,1.273046,1.259455,1.213970,1.253800,1.262729,1.252908,1.304742,1.173197,0.928706,0.910006,0.943438,0.969331,0.994578,0.759760,0.414428,0.349003,0.433823,0.430946,0.415619,0.426134,0.436849,0.421224,0.396522,0.392603,0.416313,0.411998,0.419537
0.329858,0.336126,0.325280,0.327867,0.318166,0.308365,0.321350,0.329062,0.323738,0.318713,0.337271,0.332942,0.354087,0.352495,0.358167,0.351152,0.349112,0.356027,0.323240,0.338614,0.333290,0.333489,0.333340,0.351948,0.371450,0.364833,0.358266,0.376525,0.362644,0.334783,0.359560,0.384088,0.348813,0.311350,0.477821,0.758871,0.769717,0.741856,0.740115,0.681706,0.667377,0.717079,0.696532,0.668919,0.628968,0.557574,0.657974,0.889123,0.904098,0.826087,0.792305,0.771906,0.790962,0.822355,0.810763,0.778474,0.749219,0.780862,0.752702,0.710811,0.708373,0.687278,0.648969,0.655138,0.498468,0.272493,0.259806,0.268613,0.230751,0.204283,0.224831,0.237219,0.226771,0.230851,0.279259,0.254831,0.362993,0.586928,0.623545,0.603197,0.635038,0.690860,0.722303,0.705288,0.711159,0.706233,0.748075,0.780016,0.664143,0.437422,0.451502,0.503194,0.501354,0.517225,0.558917,0.603595,0.597077,0.615784,0.638322,0.678273,0.674691,0.646531,0.663845,0.706184,0.721557,0.707925,0.852455,1.086938,1.121963,1.103406,1.106540,1.109426,1.117685,1.123605,1.104650,1.084649,1.074798,1.097237,1.123406,1.130073,1.103953,1.111814,1.140272,1.165994,0.996787,0.768673,0.741806,0.772354,0.790265,0.828326,0.628769,0.310355,0.280603,0.318415,0.307519,0.332047,0.330455,0.297021,0.313091,0.330803,0.319360,0.310056,0.329957,0.363440
0.321192,0.323615,0.314071,0.325890,0.316247,0.325593,0.322230,0.319906,0.340726,0.343495,0.352050,0.330934,0.344682,0.340231,0.349281,0.349034,0.347006,0.342061,0.333901,0.345918,0.331280,0.321093,0.329055,0.368073,0.383947,0.346907,0.319758,0.374254,0.364908,0.332764,0.353830,0.372078,0.345226,0.309472,0.486115,0.761316,0.772344,0.729914,0.729173,0.677495,0.659148,0.684369,0.682589,0.642582,0.615037,0.554211,0.678880,0.900821,0.887172,0.785597,0.787526,0.767251,0.786191,0.798999,0.802461,0.775311,0.744701,0.753503,0.717799,0.688226,0.664885,0.640356,0.636944,0.625372,0.473999,0.259476,0.226590,0.252008,0.229359,0.203051,0.219914,0.213782,0.205573,0.203150,0.236134,0.193408,0.332962,0.574981,0.612020,0.581459,0.610042,0.645747,0.680413,0.692133,0.694160,0.675863,0.733821,0.769822,0.644708,0.425833,0.439581,0.479736,0.488588,0.509358,0.534875,0.582003,0.593476,0.610685,0.629724,0.674182,0.670918,0.638230,0.654796,0.695001,0.717205,0.701479,0.844990,1.094080,1.120438,1.103130,1.101993,1.098531,1.096899,1.096058,1.097987,1.078107,1.068316,1.090619,1.116630,1.119202,1.096503,1.101993,1.135917,1.160643,0.990775,0.764036,0.737332,0.767696,0.788268,0.824467,0.615185,0.289839,0.255519,0.316494,0.317186,0.333209,0.328461,0.297257,0.306999,0.315802,0.317186,0.321835,0.332517,0.361248
0.421283,0.416238,0.410244,0.397806,0.419235,0.441913,0.424280,0.399904,0.443112,0.428676,0.431973,0.444410,0.438266,0.438466,0.449605,0.447357,0.437817,0.438966,0.425779,0.438067,0.447557,0.441513,0.434820,0.443761,0.453801,0.457997,0.438916,0.435969,0.436968,0.431873,0.415289,0.438916,0.443311,0.383321,0.595411,0.993966,1.003957,0.938621,0.947762,0.930779,0.891668,0.841367,0.787221,0.806102,0.798510,0.689418,0.860349,1.192220,1.202960,1.142020,1.147714,1.106655,1.101060,1.096365,1.060201,1.022988,1.020540,0.996014,0.978532,0.949610,0.946214,0.929880,0.922987,0.930279,0.791067,0.549356,0.529976,0.532673,0.508797,0.484321,0.463142,0.435619,0.446608,0.462692,0.448956,0.398955,0.580775,0.844414,0.878930,0.869739,0.884375,0.885174,0.852656,0.875584,0.931528,0.947612,0.961748,1.027333,0.894565,0.674083,0.677380,0.733374,0.723984,0.767690,0.796112,0.809349,0.815143,0.858301,0.907202,0.933227,0.963746,0.989171,0.991519,1.028183,1.055605,1.042069,1.113298,1.267446,1.280683,1.274489,1.268095,1.274189,1.276237,1.269644,1.274839,1.283730,1.265847,1.281981,1.268844,1.248664,1.273390,1.273390,1.261702,1.296367,1.167744,0.936024,0.916393,0.955904,0.976284,1.000760,0.765093,0.417337,0.374929,0.436868,0.421883,0.416688,0.432372,0.439915,0.433321,0.400304,0.392861,0.415239,0.399405,0.407996
0.418532,0.413222,0.407218,0.395208,0.416497,0.439027,0.397888,0.382108,0.440416,0.427018,0.429747,0.441508,0.430342,0.432724,0.442600,0.444436,0.441309,0.442451,0.422998,0.429300,0.421857,0.436397,0.431980,0.443691,0.460812,0.457934,0.414066,0.419772,0.434114,0.429052,0.412676,0.436049,0.440416,0.380817,0.589091,0.972935,1.004645,0.932491,0.941573,0.924700,0.875671,0.819844,0.787985,0.800838,0.772751,0.678762,0.854730,1.184434,1.189546,1.120220,1.125778,1.103695,1.097939,1.092381,1.046627,1.008516,0.987177,0.983257,0.957403,0.943409,0.945592,0.935320,0.900781,0.903610,0.766796,0.543982,0.508153,0.503836,0.475798,0.470489,0.452376,0.400072,0.432675,0.459670,0.411237,0.383993,0.560110,0.803766,0.859792,0.843862,0.864456,0.871553,0.844607,0.853341,0.925445,0.941424,0.955467,1.020624,0.888723,0.669085,0.672956,0.728585,0.729081,0.762677,0.790913,0.804064,0.809026,0.849619,0.894032,0.913733,0.943706,0.959636,0.985044,1.021468,1.042112,1.040226,1.110097,1.259169,1.254702,1.264478,1.262394,1.257680,1.263486,1.268299,1.266513,1.275346,1.257581,1.254008,1.260558,1.278869,1.263337,1.262940,1.253462,1.274800,1.148655,0.932491,0.912245,0.938496,0.969015,0.991247,0.749923,0.400965,0.376252,0.449944,0.429003,0.402503,0.411485,0.426968,0.421410,0.392777,0.390296,0.412775,0.413867,0.415058
0.421225,0.411986,0.394056,0.397752,0.419178,0.451891,0.414333,0.385715,0.443251,0.427518,0.426020,0.443650,0.424722,0.430665,0.449544,0.437357,0.434810,0.451591,0.425720,0.420077,0.424572,0.439205,0.427668,0.443400,0.453739,0.457934,0.415082,0.422474,0.433861,0.431814,0.415332,0.437407,0.444849,0.383268,0.592882,0.968010,0.996328,0.922561,0.919814,0.908826,0.870469,0.811885,0.793057,0.805992,0.784266,0.672093,0.855736,1.192057,1.189210,1.119639,1.133024,1.110799,1.105005,1.093668,1.053363,1.008414,0.959919,0.989585,0.963565,0.949480,0.951678,0.929753,0.910374,0.899337,0.723035,0.514920,0.484105,0.493244,0.474416,0.467873,0.451541,0.402646,0.444649,0.468522,0.413884,0.386465,0.563715,0.808939,0.865325,0.869620,0.884254,0.888499,0.850042,0.880658,0.935846,0.947583,0.961617,1.028941,0.908477,0.673391,0.688524,0.745760,0.733773,0.785915,0.822074,0.809488,0.814682,0.858183,0.899786,0.926956,0.964214,0.971506,0.988037,1.023097,1.057359,1.046921,1.107253,1.239354,1.269520,1.273865,1.270519,1.257284,1.268471,1.266973,1.274664,1.272167,1.259681,1.256984,1.270519,1.287100,1.275263,1.267972,1.261529,1.296190,1.173278,0.925158,0.918116,0.944536,0.970756,1.006816,0.769333,0.388412,0.378673,0.452840,0.423423,0.401697,0.404544,0.417080,0.424122,0.392957,0.392807,0.426270,0.434361,0.420526
0.424394,0.414632,0.397422,0.423790,0.426004,0.449402,0.417450,0.404014,0.446584,0.432998,0.429224,0.446987,0.422683,0.431237,0.452925,0.442156,0.451113,0.456648,0.428922,0.423236,0.427765,0.447289,0.449251,0.446735,0.457152,0.461378,0.435061,0.436621,0.445427,0.438332,0.426054,0.451314,0.451767,0.394655,0.618979,0.966333,0.994864,0.917322,0.902629,0.890854,0.877016,0.811450,0.776529,0.795298,0.772151,0.666681,0.850246,1.186883,1.190305,1.121669,1.120361,1.088358,1.077237,1.101894,1.061286,1.015998,0.967138,1.000802,0.980674,0.961251,0.961150,0.916819,0.917222,0.925575,0.764502,0.518793,0.487746,0.510389,0.499219,0.481808,0.454937,0.405675,0.457554,0.479292,0.416997,0.389371,0.585063,0.850649,0.885420,0.894024,0.911988,0.917775,0.887583,0.889797,0.941727,0.955817,0.978611,1.036680,0.915309,0.681626,0.684595,0.751369,0.739745,0.791826,0.812205,0.815576,0.833339,0.867707,0.902126,0.920039,0.960547,0.974284,0.996374,1.030893,1.065311,1.058267,1.125644,1.257833,1.279068,1.282087,1.264828,1.266740,1.281182,1.299498,1.281534,1.269558,1.269759,1.288025,1.273533,1.279672,1.284855,1.280628,1.271973,1.305939,1.166755,0.932116,0.925021,0.951640,0.978058,1.015143,0.795600,0.410002,0.381521,0.445276,0.426608,0.415386,0.401951,0.407084,0.418053,0.405725,0.405323,0.424494,0.437628,0.423689
0.435593,0.418143,0.397173,0.434838,0.451282,0.460183,0.420154,0.407281,0.446304,0.428351,0.423976,0.447008,0.419802,0.430715,0.444443,0.440269,0.437805,0.456362,0.431771,0.422970,0.435492,0.452087,0.465212,0.448818,0.456864,0.454249,0.463201,0.455959,0.445147,0.438057,0.429558,0.451031,0.451484,0.410449,0.628748,0.974678,1.004046,0.913980,0.882349,0.871135,0.846293,0.810941,0.776041,0.779310,0.764022,0.666263,0.849712,1.198207,1.189557,1.120965,1.134291,1.087674,1.076561,1.095569,1.060619,1.015411,0.986696,1.002839,0.980058,0.960647,0.960547,0.916243,0.916645,0.924993,0.764022,0.531843,0.506046,0.522339,0.498905,0.481505,0.454652,0.426440,0.462446,0.478036,0.434989,0.390485,0.599430,0.881193,0.885115,0.893463,0.936308,0.917199,0.887026,0.916796,0.941136,0.938269,0.970403,1.036029,0.914735,0.672398,0.680896,0.738325,0.722082,0.770157,0.795402,0.812298,0.833419,0.867162,0.900553,0.901157,0.919009,0.973672,0.991574,1.018478,1.056043,1.042013,1.118048,1.253171,1.278265,1.272884,1.264033,1.265944,1.277209,1.294558,1.277309,1.258301,1.268962,1.287216,1.280075,1.278868,1.287216,1.284249,1.276656,1.311002,1.166525,0.931531,0.927206,0.951042,0.963262,1.010432,0.789216,0.396167,0.372834,0.436347,0.426340,0.413114,0.393250,0.406828,0.417791,0.405470,0.405068,0.414774,0.421060,0.408840
0.318897,0.330407,0.323717,0.339507,0.328686,0.327702,0.320520,0.318208,0.351362,0.363512,0.365332,0.332522,0.342852,0.342262,0.347427,0.349099,0.350477,0.346345,0.332129,0.337982,0.330850,0.319389,0.324259,0.347968,0.368923,0.345066,0.318061,0.362774,0.355642,0.335474,0.339114,0.355101,0.332768,0.290662,0.473303,0.757276,0.769081,0.724663,0.717530,0.672128,0.655650,0.678867,0.663815,0.636810,0.611772,0.553925,0.658699,0.879069,0.864017,0.785609,0.783346,0.740256,0.756144,0.781083,0.798201,0.768884,0.734697,0.710693,0.694116,0.671833,0.630612,0.596524,0.612313,0.616495,0.467647,0.235028,0.217812,0.245801,0.188446,0.180920,0.190069,0.193857,0.182592,0.196808,0.174919,0.152586,0.323373,0.560959,0.599229,0.569961,0.602377,0.614232,0.641631,0.677834,0.674735,0.672276,0.729926,0.760571,0.634006,0.410636,0.411472,0.440986,0.461891,0.507441,0.531741,0.543153,0.581373,0.607444,0.626382,0.659732,0.652157,0.634400,0.650140,0.687771,0.707791,0.688853,0.837750,1.089896,1.128658,1.098751,1.092257,1.091864,1.090290,1.090241,1.087339,1.072385,1.067810,1.100767,1.115278,1.110163,1.091470,1.109474,1.129789,1.155761,1.003273,0.759981,0.733419,0.759096,0.781329,0.812417,0.611920,0.288301,0.254163,0.307928,0.315503,0.331440,0.326718,0.294204,0.301926,0.314027,0.315503,0.320127,0.328587,0.359331
0.319335,0.330073,0.320418,0.339974,0.339136,0.322487,0.300765,0.318645,0.351844,0.364011,0.354357,0.332979,0.338397,0.342732,0.347904,0.351352,0.350958,0.339678,0.320812,0.333077,0.336181,0.329629,0.327758,0.342289,0.344407,0.340565,0.330418,0.363272,0.346278,0.335934,0.341944,0.361696,0.343865,0.286776,0.458043,0.752109,0.763832,0.725658,0.718515,0.673051,0.660737,0.681326,0.662707,0.637339,0.618425,0.549317,0.649752,0.856042,0.856337,0.777033,0.774422,0.739499,0.734327,0.771960,0.795603,0.769595,0.735706,0.701866,0.673888,0.658126,0.638571,0.612415,0.595274,0.612415,0.456516,0.216436,0.210181,0.242543,0.196241,0.202250,0.219047,0.196733,0.182843,0.197078,0.171957,0.140482,0.316133,0.551730,0.580792,0.552617,0.584585,0.600692,0.615469,0.659801,0.650540,0.656501,0.705314,0.751124,0.621282,0.398787,0.375340,0.412431,0.437306,0.485873,0.511044,0.539416,0.552371,0.586013,0.613056,0.651230,0.652954,0.629803,0.643250,0.684725,0.702901,0.689798,0.838900,1.077749,1.110800,1.093905,1.102476,1.093363,1.093314,1.112869,1.087009,1.065631,1.058095,1.087896,1.116810,1.111687,1.092920,1.110997,1.141635,1.161190,1.000070,0.759350,0.737085,0.769250,0.775063,0.812548,0.621971,0.297317,0.254512,0.308350,0.333669,0.324556,0.326526,0.296578,0.302341,0.302489,0.310468,0.307956,0.326083,0.340072
0.424696,0.415648,0.410599,0.432244,0.448590,0.442741,0.404401,0.391704,0.438442,0.428295,0.426745,0.444341,0.417297,0.428395,0.441791,0.437642,0.435193,0.453638,0.427895,0.424796,0.447690,0.453189,0.468735,0.455288,0.447990,0.428245,0.449389,0.439792,0.443441,0.436843,0.428994,0.461686,0.449889,0.406650,0.622547,0.968862,0.988307,0.898029,0.877084,0.877584,0.861738,0.814250,0.759863,0.763812,0.759463,0.662287,0.844642,1.200155,1.182459,1.114276,1.111277,1.081184,1.070137,1.088032,1.060989,1.023798,1.016300,0.996855,0.974210,0.954915,0.954815,0.910776,0.911176,0.919474,0.773860,0.528670,0.503026,0.519222,0.495928,0.493129,0.473733,0.434093,0.435893,0.446940,0.431744,0.388155,0.595853,0.875935,0.879834,0.877634,0.930721,0.903828,0.892480,0.915775,0.935520,0.935320,0.972161,1.029847,0.909276,0.676334,0.676834,0.728421,0.722572,0.781258,0.796754,0.807451,0.816799,0.855090,0.895180,0.896080,0.913525,0.954365,0.968212,1.018849,1.058390,1.035795,1.111377,1.233247,1.272937,1.265289,1.252392,1.257591,1.269588,1.286833,1.269688,1.250792,1.267738,1.280435,1.272437,1.271237,1.276386,1.270887,1.283734,1.325124,1.159565,0.920424,0.921673,0.946117,0.941418,1.004403,0.793905,0.409699,0.370609,0.431744,0.405000,0.412698,0.403601,0.404401,0.412499,0.419447,0.424396,0.423146,0.429244,0.403951
0.438076,0.418371,0.408718,0.430263,0.448276,0.435389,0.402548,0.389909,0.439867,0.431806,0.436185,0.442305,0.415386,0.426432,0.434841,0.435637,0.433199,0.439121,0.425437,0.438474,0.457681,0.451112,0.466587,0.453202,0.438424,0.426283,0.448376,0.427776,0.440763,0.449918,0.448973,0.459571,0.449371,0.419466,0.623924,0.959447,0.983779,0.893915,0.867941,0.865602,0.851570,0.816540,0.762851,0.760313,0.755984,0.671593,0.860079,1.200976,1.180376,1.104444,1.090810,1.103300,1.096881,1.043639,1.034931,1.001991,0.994477,0.962532,0.960840,0.936608,0.912425,0.875554,0.882869,0.904514,0.736080,0.501020,0.474250,0.489576,0.487486,0.508335,0.493507,0.465940,0.460567,0.454944,0.430214,0.385580,0.576206,0.843310,0.870230,0.866797,0.902424,0.877146,0.888392,0.911579,0.924367,0.928398,0.960194,1.022044,0.895756,0.673235,0.669702,0.730955,0.726328,0.777679,0.793104,0.805145,0.810171,0.839877,0.881625,0.870628,0.888243,0.937305,0.950491,1.014182,1.053541,1.031050,1.106285,1.223119,1.267105,1.251780,1.244963,1.249889,1.263771,1.280938,1.260885,1.245062,1.264617,1.279047,1.274569,1.269344,1.270539,1.270539,1.286213,1.319053,1.158880,0.916207,0.907002,0.941783,0.937106,1.005076,0.790268,0.407822,0.368911,0.429766,0.415784,0.410808,0.401752,0.383490,0.410609,0.417525,0.422451,0.421207,0.427278,0.402100
0.434960,0.426324,0.401360,0.426423,0.447119,0.434265,0.412825,0.408308,0.430493,0.422850,0.423694,0.430443,0.428756,0.435258,0.442652,0.434513,0.430989,0.425927,0.416497,0.443000,0.459179,0.449948,0.443049,0.429203,0.437292,0.425183,0.447218,0.427962,0.438533,0.461115,0.469552,0.472232,0.448112,0.418383,0.622314,0.941685,0.975235,0.891608,0.873294,0.865552,0.854236,0.814433,0.760882,0.758351,0.759095,0.667974,0.854881,1.197876,1.180258,1.105812,1.085613,1.092263,1.066654,1.005261,1.014046,1.008686,0.991911,0.956475,0.942826,0.893841,0.873989,0.857115,0.849571,0.902179,0.734181,0.492630,0.469453,0.492729,0.486228,0.507023,0.493920,0.485285,0.461065,0.457492,0.442652,0.424140,0.595712,0.841134,0.877860,0.866098,0.900095,0.870565,0.903718,0.909227,0.911857,0.919748,0.952703,1.019406,0.892303,0.662564,0.667974,0.735024,0.724453,0.763810,0.784208,0.804854,0.808229,0.837709,0.863170,0.873592,0.892104,0.932007,0.935977,0.983722,1.043774,1.011713,1.105713,1.232022,1.263835,1.246415,1.241749,1.248598,1.256043,1.257929,1.243834,1.239268,1.273116,1.279766,1.264877,1.257780,1.266019,1.267259,1.282893,1.323391,1.171771,0.913842,0.899449,0.937268,0.931511,1.006502,0.794035,0.406770,0.374411,0.428657,0.428309,0.409748,0.400715,0.401509,0.415505,0.421659,0.438583,0.418731,0.412825,0.404288
0.441295,0.435929,0.421421,0.411882,0.416354,0.429818,0.415956,0.413571,0.430961,0.423309,0.421074,0.430911,0.432749,0.435731,0.431855,0.434985,0.425943,0.409100,0.416950,0.451878,0.462659,0.448052,0.437022,0.454114,0.448400,0.451977,0.462808,0.449394,0.442388,0.466982,0.470062,0.472745,0.447605,0.414168,0.620109,0.949366,0.979524,0.892577,0.874243,0.866493,0.855165,0.815417,0.785458,0.775272,0.752616,0.682363,0.881299,1.224120,1.202954,1.118044,1.102145,1.116504,1.084457,1.017036,1.015148,1.009782,0.992989,0.939479,0.926412,0.908724,0.883385,0.858046,0.850494,0.895111,0.734979,0.482632,0.469963,0.493265,0.472646,0.507574,0.494457,0.485812,0.434637,0.428477,0.430414,0.411783,0.548067,0.805083,0.868927,0.861574,0.863512,0.864108,0.865201,0.903905,0.912848,0.921841,0.953738,1.013210,0.869722,0.644206,0.657769,0.729861,0.725240,0.753511,0.782129,0.790227,0.805630,0.829776,0.864108,0.874542,0.893074,0.923679,0.946534,0.997907,1.044909,1.029010,1.111287,1.238528,1.258054,1.247769,1.271220,1.252887,1.260488,1.260936,1.258998,1.248515,1.274499,1.284585,1.273108,1.267991,1.269233,1.274648,1.287666,1.324830,1.168275,0.909072,0.909122,0.942808,0.922835,1.003571,0.789085,0.418589,0.376954,0.425794,0.410093,0.408156,0.410193,0.408653,0.415956,0.422117,0.421819,0.409149,0.402243,0.404728
0.440094,0.440395,0.445113,0.416101,0.407769,0.432816,0.426592,0.419715,0.428449,0.425136,0.425387,0.435325,0.437182,0.437885,0.436279,0.438989,0.430306,0.406966,0.421221,0.450986,0.464387,0.452642,0.441499,0.469005,0.466094,0.462128,0.452291,0.442553,0.443507,0.470310,0.456256,0.468152,0.451488,0.410329,0.610851,0.962554,0.996083,0.912712,0.883199,0.869998,0.863925,0.832855,0.797971,0.783214,0.760326,0.689353,0.890326,1.236659,1.215277,1.129999,1.132960,1.127941,1.095566,1.032524,1.034431,1.031620,1.007778,0.949103,0.935902,0.918033,0.892434,0.870500,0.874666,0.904280,0.742507,0.487576,0.474777,0.498318,0.477488,0.512773,0.499522,0.489383,0.439090,0.432866,0.434823,0.396777,0.553681,0.813330,0.877828,0.870400,0.866033,0.872960,0.872106,0.913164,0.922199,0.932840,0.963508,1.023589,0.878631,0.650805,0.664507,0.737338,0.732670,0.761230,0.790141,0.798322,0.813882,0.838276,0.872960,0.883500,0.902222,0.933141,0.956230,0.990110,1.019172,1.026601,1.122670,1.251215,1.270941,1.260551,1.284242,1.265721,1.263211,1.266022,1.281331,1.267478,1.277868,1.297744,1.295636,1.280980,1.282235,1.282837,1.297443,1.338401,1.180644,0.918384,0.918435,0.952465,0.922450,1.003412,0.797168,0.426692,0.380816,0.434121,0.414294,0.416302,0.424132,0.404155,0.423680,0.426742,0.445163,0.412738,0.400692,0.399939
0.324265,0.328027,0.337508,0.352106,0.348344,0.341973,0.322308,0.324516,0.360835,0.380048,0.370868,0.339114,0.342726,0.342575,0.341772,0.349147,0.346839,0.345685,0.326723,0.339214,0.342374,0.331137,0.333796,0.367607,0.359481,0.346839,0.334147,0.355919,0.352658,0.359531,0.337609,0.362139,0.346689,0.292059,0.466482,0.761400,0.777905,0.739027,0.727790,0.685451,0.669147,0.688862,0.663629,0.649082,0.607144,0.526479,0.644968,0.857265,0.862382,0.786332,0.783924,0.765113,0.767270,0.786232,0.792703,0.768925,0.728793,0.703962,0.653145,0.656957,0.650336,0.623698,0.606241,0.623698,0.464927,0.220424,0.214053,0.245155,0.199856,0.205976,0.216561,0.180091,0.160577,0.183252,0.170811,0.143070,0.317392,0.552514,0.577948,0.562798,0.595355,0.611759,0.626808,0.648730,0.662526,0.668596,0.718309,0.764962,0.632728,0.406134,0.382255,0.420029,0.445363,0.517499,0.538418,0.546996,0.537565,0.570223,0.620889,0.655051,0.649332,0.634333,0.651590,0.693879,0.715349,0.686404,0.847583,1.097605,1.132168,1.114059,1.116767,1.102270,1.114159,1.152384,1.107788,1.086418,1.105631,1.124092,1.129158,1.132168,1.121483,1.137084,1.162668,1.182333,1.010468,0.773340,0.757939,0.793606,0.792151,0.824106,0.623648,0.308965,0.263415,0.314031,0.334398,0.330535,0.335201,0.302744,0.307911,0.308062,0.326522,0.315887,0.327877,0.346337
0.325172,0.322020,0.321725,0.337188,0.339060,0.355655,0.339946,0.325024,0.357330,0.384415,0.368459,0.339454,0.336449,0.335662,0.326009,0.339207,0.330146,0.318967,0.320740,0.340291,0.336105,0.325074,0.335218,0.357281,0.355902,0.347973,0.328028,0.349401,0.350632,0.352947,0.331426,0.355508,0.340340,0.298087,0.457940,0.732438,0.758440,0.722244,0.709735,0.665217,0.643942,0.662656,0.646552,0.637196,0.602280,0.530578,0.644582,0.841567,0.834968,0.769668,0.769569,0.751102,0.753219,0.773509,0.749871,0.721456,0.693287,0.683142,0.639215,0.646355,0.638427,0.613804,0.598931,0.612277,0.451144,0.205997,0.208459,0.240666,0.221017,0.199988,0.192799,0.173543,0.157637,0.161084,0.167683,0.139317,0.298727,0.535158,0.548454,0.532695,0.584453,0.580316,0.560273,0.603068,0.616414,0.632419,0.654579,0.740120,0.606171,0.391901,0.372892,0.421793,0.438241,0.475668,0.522157,0.536980,0.530036,0.552492,0.613213,0.642465,0.631680,0.611489,0.630547,0.673982,0.701954,0.660834,0.836445,1.089620,1.111436,1.088241,1.096317,1.081100,1.074895,1.122122,1.087502,1.074403,1.086616,1.114735,1.111436,1.111436,1.111436,1.110746,1.131036,1.160682,0.991965,0.758538,0.744060,0.784688,0.777645,0.808227,0.619812,0.310645,0.280900,0.308379,0.343738,0.324483,0.329063,0.300303,0.313058,0.302420,0.320543,0.285874,0.313304,0.339995
0.423404,0.438704,0.424504,0.414504,0.406204,0.431154,0.430754,0.436904,0.426804,0.426004,0.435304,0.434654,0.435504,0.436204,0.434604,0.445354,0.430054,0.394204,0.414004,0.440804,0.462904,0.456054,0.432754,0.442604,0.454454,0.468054,0.459104,0.440854,0.441804,0.468504,0.476104,0.466354,0.441054,0.397004,0.593505,0.953109,0.991109,0.901358,0.879808,0.866658,0.860608,0.829057,0.800707,0.796107,0.757407,0.669456,0.872308,1.232261,1.210611,1.125660,1.121710,1.100410,1.054760,1.028559,1.030459,1.027659,1.003909,0.945459,0.932308,0.914508,0.889008,0.867158,0.859908,0.895108,0.736057,0.485354,0.455354,0.469404,0.459654,0.484354,0.493004,0.454904,0.420004,0.422654,0.419054,0.379503,0.532205,0.810207,0.884408,0.855008,0.842558,0.866058,0.885458,0.883208,0.910258,0.929258,0.964609,1.015059,0.875258,0.667606,0.666856,0.740507,0.747157,0.764907,0.787107,0.810857,0.810757,0.835058,0.882408,0.880508,0.898758,0.933208,0.974059,1.005759,1.029009,1.030009,1.122610,1.253011,1.277562,1.255711,1.247461,1.262611,1.268511,1.258461,1.289012,1.266811,1.272961,1.292762,1.292912,1.283312,1.275661,1.269261,1.285312,1.327962,1.180461,0.926308,0.914908,0.952509,0.918908,0.989459,0.784457,0.425304,0.381003,0.432454,0.417304,0.411954,0.422504,0.422804,0.422054,0.424804,0.437904,0.421254,0.399154,0.395304
0.439637,0.440436,0.424390,0.406395,0.418392,0.436187,0.430639,0.436787,0.432838,0.421041,0.433238,0.434538,0.435388,0.413643,0.434488,0.444935,0.436037,0.405295,0.419492,0.440686,0.462781,0.461931,0.432638,0.441336,0.454333,0.467929,0.481476,0.449734,0.436237,0.452183,0.467979,0.456132,0.434838,0.399347,0.608343,0.952854,0.983146,0.901117,0.865577,0.864227,0.858179,0.844882,0.800493,0.795895,0.754805,0.651982,0.853830,1.217186,1.209538,1.120011,1.109564,1.084620,1.054478,1.028285,1.030184,1.009889,0.998042,0.964001,0.950055,0.937558,0.904467,0.873475,0.872375,0.894869,0.735860,0.489724,0.472828,0.496272,0.471978,0.488824,0.496222,0.472078,0.430439,0.422541,0.412644,0.392099,0.571353,0.817239,0.886021,0.864777,0.862477,0.857829,0.857329,0.859978,0.889770,0.911115,0.934709,1.002791,0.888321,0.669527,0.661779,0.740309,0.746957,0.758104,0.782298,0.810641,0.807092,0.836884,0.902767,0.880273,0.898518,0.936008,0.979847,0.999642,1.028735,1.024336,1.121161,1.248178,1.274071,1.255376,1.242829,1.254176,1.258025,1.255126,1.276071,1.264424,1.272622,1.286318,1.286118,1.274621,1.274871,1.268923,1.277270,1.325758,1.177546,0.923512,0.913114,0.931610,0.907216,0.975898,0.778549,0.425190,0.380902,0.426990,0.417192,0.403596,0.422391,0.418442,0.421941,0.421791,0.423991,0.421141,0.399047,0.413793
0.421008,0.425433,0.437166,0.420262,0.412605,0.404253,0.416235,0.415738,0.410120,0.418770,0.430902,0.437763,0.433039,0.411412,0.417279,0.433139,0.433686,0.420411,0.423941,0.434978,0.452479,0.473460,0.465803,0.463317,0.462273,0.463019,0.476492,0.452429,0.433885,0.449744,0.451783,0.445320,0.427272,0.387498,0.590147,0.954675,0.988284,0.896257,0.850766,0.851810,0.850865,0.849970,0.798761,0.789216,0.744967,0.648465,0.841817,1.187502,1.203014,1.113970,1.109098,1.064750,1.015579,1.024976,1.028009,1.004443,0.988782,0.958802,0.944931,0.937573,0.899588,0.868764,0.888402,0.902721,0.735769,0.458843,0.452777,0.473559,0.473857,0.471769,0.468190,0.447656,0.429808,0.428764,0.423991,0.389984,0.568271,0.812036,0.881243,0.845744,0.837790,0.854345,0.876420,0.875277,0.919625,0.919625,0.927579,0.983362,0.881243,0.665916,0.644438,0.724981,0.741984,0.749939,0.773455,0.804926,0.806318,0.840226,0.897898,0.882336,0.893175,0.920917,0.974562,0.994250,1.003896,1.018811,1.115114,1.240750,1.248406,1.245224,1.227624,1.246915,1.261333,1.248357,1.262576,1.255466,1.260239,1.279380,1.286142,1.267746,1.267995,1.251936,1.256162,1.318607,1.175023,0.928773,0.912863,0.926585,0.902323,0.970635,0.782156,0.417080,0.376709,0.424687,0.416434,0.401419,0.423692,0.430355,0.420660,0.408827,0.421704,0.418870,0.396895,0.425383
0.426532,0.419599,0.435446,0.418608,0.410982,0.420342,0.407713,0.416825,0.428810,0.419846,0.440794,0.446638,0.429949,0.409793,0.415637,0.428265,0.431979,0.424551,0.428810,0.429850,0.440943,0.471597,0.463970,0.461494,0.442032,0.454115,0.474617,0.453323,0.437228,0.412864,0.436535,0.443567,0.425591,0.360915,0.585645,0.950919,0.984395,0.874011,0.839891,0.834938,0.842812,0.846130,0.789279,0.770659,0.727377,0.645121,0.841277,1.182829,1.189614,1.109587,1.104734,1.043227,0.997271,1.020943,1.023963,0.999351,0.984891,0.955029,0.941212,0.933883,0.896048,0.865345,0.884906,0.899168,0.732874,0.457037,0.425195,0.454363,0.484621,0.447380,0.430147,0.412170,0.410883,0.421381,0.403455,0.379387,0.543007,0.814040,0.868217,0.831521,0.839594,0.850984,0.872971,0.871832,0.926603,0.923632,0.897782,0.961714,0.855391,0.656858,0.628482,0.690384,0.729407,0.745452,0.767539,0.785664,0.792944,0.836919,0.894365,0.870842,0.887927,0.926851,0.975729,0.999599,1.021983,1.020051,1.092997,1.223091,1.252160,1.242850,1.222794,1.242008,1.258846,1.241117,1.259242,1.252655,1.256568,1.277169,1.282121,1.285142,1.263005,1.232748,1.251219,1.298810,1.166586,0.925910,0.924722,0.930516,0.902635,0.966270,0.779078,0.426433,0.375128,0.411477,0.401177,0.399839,0.425987,0.434059,0.407812,0.382655,0.407218,0.410487,0.397066,0.414894
0.412489,0.411534,0.427213,0.441284,0.430932,0.426861,0.428319,0.428620,0.428620,0.439224,0.452843,0.449375,0.446913,0.428570,0.421786,0.434601,0.438822,0.435455,0.450129,0.436209,0.440129,0.478573,0.471688,0.457165,0.443496,0.460833,0.483850,0.460029,0.431435,0.418971,0.450833,0.465457,0.431887,0.359269,0.594309,0.964986,0.979761,0.873121,0.852316,0.847290,0.848798,0.858648,0.804122,0.781658,0.724820,0.648685,0.850909,1.186056,1.199172,1.126001,1.116755,1.058660,1.012024,1.038358,1.039111,1.014135,1.007250,0.982223,0.970313,0.964534,0.926190,0.878146,0.897997,0.928099,0.756732,0.487519,0.469226,0.515209,0.510837,0.499328,0.474905,0.452491,0.443395,0.441234,0.434199,0.394196,0.570338,0.841611,0.889604,0.843823,0.846888,0.871412,0.893977,0.910108,0.910058,0.919456,0.921767,0.993983,0.890760,0.685823,0.651851,0.713463,0.763315,0.765426,0.775879,0.803418,0.817389,0.849300,0.887343,0.876337,0.901062,0.940562,0.986847,1.004989,1.018407,1.029814,1.085145,1.208921,1.263246,1.253547,1.233496,1.248120,1.280886,1.259477,1.266664,1.271187,1.276514,1.288323,1.296314,1.286162,1.266412,1.233848,1.269729,1.318024,1.183844,0.948804,0.936844,0.945035,0.936190,0.990365,0.797840,0.432741,0.373139,0.413343,0.407111,0.409875,0.425706,0.420680,0.413845,0.413242,0.426258,0.426459,0.418871,0.421032
0.329905,0.326707,0.326408,0.342096,0.344294,0.341546,0.347992,0.342795,0.359383,0.378519,0.369376,0.344394,0.341347,0.340547,0.330754,0.345044,0.330155,0.312268,0.332753,0.345244,0.340997,0.342196,0.349540,0.353887,0.347542,0.347492,0.345294,0.353537,0.342696,0.358084,0.335951,0.350840,0.351189,0.305173,0.467403,0.758337,0.769828,0.724812,0.714619,0.648618,0.640225,0.650317,0.634029,0.620439,0.589912,0.514968,0.635528,0.853416,0.828435,0.777173,0.770478,0.742499,0.740250,0.763433,0.760785,0.731957,0.703378,0.663457,0.639275,0.651366,0.637776,0.607299,0.607649,0.626235,0.457710,0.208995,0.211493,0.244169,0.224234,0.224184,0.215690,0.196254,0.167426,0.163429,0.170124,0.141345,0.303075,0.535952,0.556437,0.540449,0.579570,0.588763,0.568428,0.611846,0.618041,0.627984,0.650617,0.750892,0.617442,0.379268,0.367727,0.427932,0.444620,0.489137,0.510071,0.522712,0.535402,0.544396,0.597456,0.645721,0.624037,0.597057,0.625685,0.678346,0.698431,0.670452,0.839926,1.105479,1.120118,1.105129,1.112274,1.096836,1.090540,1.137555,1.108927,1.104530,1.125564,1.134907,1.127613,1.121068,1.115921,1.111475,1.133908,1.177576,1.002256,0.757737,0.753790,0.796109,0.774375,0.819991,0.628833,0.315166,0.276545,0.300877,0.336950,0.329206,0.333852,0.312068,0.324659,0.309570,0.313118,0.290035,0.328956,0.375471
0.329349,0.334786,0.334237,0.334487,0.343066,0.340971,0.350448,0.342218,0.356383,0.371547,0.368753,0.347754,0.338028,0.336232,0.339026,0.348054,0.334387,0.311742,0.332192,0.344662,0.340422,0.341619,0.348951,0.349500,0.346956,0.352443,0.366858,0.360174,0.342118,0.354039,0.335384,0.351695,0.360025,0.306505,0.457537,0.738804,0.765788,0.717954,0.694611,0.630168,0.632861,0.649221,0.609917,0.595452,0.567370,0.497640,0.608919,0.838212,0.810579,0.775215,0.769180,0.731022,0.739003,0.774168,0.743941,0.702941,0.695259,0.656953,0.625230,0.650269,0.642987,0.614007,0.606625,0.626876,0.487914,0.226549,0.206248,0.239168,0.234230,0.232136,0.214079,0.187444,0.196472,0.201161,0.192332,0.154873,0.302564,0.535049,0.559938,0.534151,0.564428,0.564827,0.542032,0.597846,0.587521,0.604680,0.665183,0.746784,0.592759,0.370250,0.376485,0.442723,0.462027,0.524874,0.513102,0.514349,0.534500,0.560836,0.585027,0.627774,0.608321,0.567221,0.609867,0.671018,0.678001,0.668275,0.838511,1.087506,1.107307,1.098080,1.116635,1.104564,1.088703,1.135639,1.097382,1.102669,1.137334,1.118929,1.116635,1.107307,1.120126,1.110051,1.124965,1.169506,1.017426,0.768282,0.749627,0.778208,0.769479,0.812275,0.625579,0.314635,0.276079,0.304859,0.323813,0.325808,0.343914,0.319573,0.324112,0.300070,0.293985,0.289546,0.314386,0.374839
0.428109,0.415541,0.408658,0.449155,0.445016,0.423620,0.424518,0.425366,0.425366,0.435889,0.449405,0.451798,0.443520,0.433495,0.424368,0.428608,0.435490,0.437535,0.446711,0.432897,0.436787,0.452148,0.456487,0.453694,0.440128,0.456586,0.480176,0.458232,0.440976,0.436837,0.447410,0.461923,0.433844,0.356541,0.590395,0.957659,0.963444,0.866492,0.846243,0.840857,0.842353,0.834922,0.791233,0.776720,0.715975,0.639021,0.843350,1.173260,1.203333,1.125880,1.103238,1.053465,1.009228,1.030474,1.004839,0.991922,0.986336,0.957559,0.949031,0.944044,0.898011,0.863350,0.891179,0.921052,0.750986,0.483817,0.458481,0.462372,0.488056,0.469254,0.441076,0.421725,0.398883,0.398335,0.406314,0.382076,0.546856,0.819810,0.881154,0.837416,0.840458,0.868536,0.879159,0.878012,0.903148,0.912474,0.901851,0.986436,0.883997,0.670292,0.629795,0.678171,0.711636,0.747844,0.769539,0.783254,0.798565,0.841256,0.868636,0.872576,0.894221,0.932822,0.974466,0.998804,1.010674,1.009876,1.070172,1.195503,1.246872,1.248468,1.239591,1.248867,1.274252,1.273604,1.257046,1.264926,1.275349,1.270213,1.284077,1.288466,1.259989,1.224479,1.238493,1.300934,1.174856,0.941600,0.929730,0.943645,0.947834,0.989727,0.784600,0.418334,0.368710,0.410204,0.399631,0.406763,0.429854,0.423371,0.411052,0.410105,0.423022,0.429007,0.415690,0.413546
0.435569,0.417568,0.408593,0.432528,0.437215,0.425098,0.424450,0.425297,0.417518,0.419613,0.443847,0.441553,0.443448,0.433425,0.452075,0.428538,0.428588,0.443049,0.457261,0.433874,0.436716,0.436268,0.448833,0.453620,0.456014,0.456513,0.472021,0.457759,0.444246,0.442850,0.443199,0.458557,0.440705,0.365310,0.590300,0.956607,0.958153,0.865803,0.865055,0.845807,0.847004,0.834787,0.782030,0.747624,0.708280,0.640663,0.843214,1.173070,1.195709,1.121710,1.103060,1.076632,1.036790,1.032900,0.996499,0.990266,0.986177,0.950723,0.924195,0.907889,0.866651,0.854683,0.876474,0.920904,0.744931,0.460203,0.466835,0.482642,0.487977,0.471472,0.442152,0.421657,0.418665,0.442451,0.433276,0.389694,0.551306,0.826310,0.872535,0.828903,0.840322,0.868396,0.865454,0.884353,0.931774,0.928234,0.901706,0.970270,0.875926,0.652631,0.623709,0.665297,0.685143,0.732265,0.769664,0.783127,0.788064,0.833541,0.859271,0.867349,0.894077,0.937958,0.963040,0.990715,1.010511,0.997796,1.070000,1.195310,1.238344,1.237446,1.249513,1.241086,1.268063,1.279133,1.256843,1.264722,1.275144,1.268213,1.282324,1.285715,1.261032,1.224282,1.227323,1.302171,1.184390,0.953316,0.911230,0.937708,0.937309,0.989568,0.784474,0.424100,0.368651,0.410138,0.399567,0.413679,0.429785,0.423303,0.407894,0.410438,0.423702,0.426195,0.430134,0.433824
0.433288,0.415381,0.397078,0.430263,0.439241,0.418655,0.417762,0.425401,0.415332,0.417415,0.432445,0.435173,0.438348,0.431155,0.433884,0.426294,0.426344,0.449509,0.456900,0.438050,0.436909,0.430411,0.430461,0.440580,0.453626,0.454122,0.449509,0.457247,0.452931,0.446384,0.440878,0.456156,0.455213,0.363397,0.583736,0.949266,0.950159,0.861269,0.883740,0.845842,0.838948,0.798173,0.767717,0.751794,0.704571,0.637308,0.841973,1.166927,1.173921,1.098276,1.097284,1.047878,0.998126,0.993860,0.979128,0.969703,0.958195,0.933145,0.919355,0.903135,0.862113,0.854027,0.898770,0.899365,0.723966,0.469995,0.456503,0.469053,0.469400,0.457247,0.435074,0.395639,0.391175,0.424707,0.431007,0.376740,0.528825,0.798471,0.852192,0.806656,0.810921,0.863849,0.861021,0.879722,0.926895,0.923373,0.909831,0.963354,0.832698,0.635622,0.621733,0.661813,0.678678,0.716327,0.765633,0.771586,0.775008,0.806110,0.837856,0.858194,0.886518,0.926151,0.946439,0.975953,0.994604,0.987163,1.065587,1.189051,1.233793,1.230321,1.252147,1.234388,1.261422,1.297534,1.254081,1.249617,1.258645,1.261571,1.275609,1.278982,1.264845,1.224666,1.217275,1.292822,1.174616,0.949266,0.913056,0.938552,0.946191,0.992421,0.782102,0.414885,0.366720,0.411016,0.402187,0.415729,0.427534,0.432743,0.416721,0.396234,0.392812,0.422128,0.427882,0.413497
0.438204,0.425216,0.401445,0.420953,0.444072,0.423260,0.434443,0.438054,0.435196,0.418044,0.433190,0.445827,0.443169,0.436750,0.444874,0.430983,0.427473,0.454453,0.451243,0.444172,0.444724,0.435145,0.433039,0.445426,0.461624,0.464332,0.449438,0.462276,0.446780,0.442467,0.448585,0.472507,0.460220,0.367394,0.593216,0.959707,0.959155,0.862267,0.893460,0.855146,0.833331,0.784736,0.758809,0.741357,0.702190,0.644318,0.849930,1.179762,1.202530,1.119332,1.093706,1.059404,1.039043,0.992505,0.981722,0.980368,0.976507,0.955043,0.923449,0.886790,0.881825,0.876309,0.897873,0.918785,0.749682,0.473760,0.461524,0.474212,0.465034,0.455757,0.439859,0.399991,0.395477,0.408667,0.419599,0.399840,0.554451,0.831024,0.861565,0.815528,0.844915,0.890501,0.878465,0.869990,0.936989,0.937792,0.945565,1.006897,0.898525,0.656354,0.637046,0.681930,0.719692,0.743614,0.774054,0.780072,0.776110,0.797675,0.828918,0.857252,0.889347,0.936337,0.956848,0.986687,0.999826,0.995062,1.084077,1.227604,1.251275,1.251475,1.279910,1.258246,1.272187,1.296810,1.277904,1.280612,1.272488,1.275447,1.289639,1.282869,1.261505,1.238136,1.249720,1.309599,1.170986,0.934331,0.914522,0.948875,0.955996,0.995213,0.781978,0.425467,0.374415,0.421053,0.406610,0.427121,0.431785,0.418496,0.419549,0.431083,0.435095,0.428626,0.432588,0.412829
0.436856,0.423907,0.409659,0.432906,0.451204,0.435406,0.443605,0.436356,0.433856,0.416758,0.424607,0.438606,0.440355,0.442755,0.425207,0.422357,0.428357,0.455404,0.447205,0.442805,0.445805,0.442355,0.439406,0.433506,0.460203,0.467803,0.460903,0.453904,0.445605,0.449904,0.457804,0.460903,0.441855,0.380811,0.594890,0.961553,0.957653,0.876161,0.890710,0.852514,0.816867,0.782321,0.756473,0.751074,0.700029,0.638085,0.840565,1.163532,1.198829,1.115887,1.090340,1.056143,1.035845,0.989450,0.972702,0.979151,0.981851,0.956453,0.920607,0.884061,0.879111,0.873612,0.895109,0.915957,0.747374,0.472452,0.468503,0.489500,0.463603,0.460853,0.455404,0.438956,0.415708,0.429257,0.437156,0.409059,0.556744,0.828666,0.854014,0.813018,0.842315,0.870662,0.874312,0.867312,0.930456,0.911108,0.942655,1.003798,0.892160,0.656334,0.635086,0.671632,0.684031,0.721977,0.762773,0.764473,0.782621,0.801719,0.823667,0.846364,0.886610,0.928006,0.953204,0.982051,0.996749,0.992000,1.073291,1.223826,1.239725,1.247624,1.275971,1.254373,1.268822,1.292819,1.273971,1.268772,1.260022,1.261422,1.268972,1.278921,1.274821,1.239825,1.245874,1.313017,1.183880,0.931456,0.911708,0.951254,0.953054,1.009948,0.779571,0.418158,0.374212,0.429707,0.405109,0.425807,0.430456,0.417208,0.421107,0.429757,0.433756,0.427307,0.431256,0.425457
0.337449,0.337649,0.328675,0.334309,0.342883,0.347121,0.350261,0.339842,0.353552,0.365067,0.366413,0.351009,0.340690,0.336053,0.338845,0.344279,0.328177,0.311576,0.332015,0.348217,0.349364,0.348367,0.351757,0.372695,0.360282,0.352255,0.344528,0.348168,0.356892,0.353851,0.337649,0.366762,0.376284,0.314268,0.457294,0.736267,0.764632,0.714631,0.689455,0.629832,0.632524,0.648876,0.609592,0.595135,0.562432,0.497375,0.608595,0.838214,0.810147,0.766776,0.764782,0.743994,0.747982,0.793646,0.743545,0.702567,0.687212,0.656603,0.624897,0.649923,0.667770,0.627539,0.598774,0.626542,0.487654,0.233807,0.196816,0.239041,0.234106,0.232012,0.213965,0.187344,0.196368,0.204593,0.192230,0.147114,0.293430,0.545732,0.572203,0.520955,0.538503,0.533817,0.547726,0.597528,0.600519,0.604358,0.659046,0.714631,0.597877,0.388348,0.376284,0.442488,0.461781,0.502111,0.508941,0.501164,0.528034,0.542292,0.581476,0.625744,0.603411,0.547576,0.593440,0.656453,0.666125,0.668518,0.847188,1.074464,1.106718,1.093856,1.116040,1.109510,1.103378,1.135034,1.105372,1.112750,1.117337,1.113049,1.107665,1.106718,1.107964,1.091713,1.121973,1.165045,1.010105,0.769219,0.758401,0.777793,0.769069,0.808602,0.620460,0.307039,0.282811,0.324687,0.336203,0.335455,0.342435,0.319403,0.323939,0.299911,0.277976,0.284656,0.310080,0.355296
0.333154,0.333351,0.319619,0.335959,0.332268,0.342702,0.345803,0.346295,0.345409,0.360420,0.361749,0.341225,0.331087,0.332858,0.336058,0.330496,0.313319,0.313713,0.334926,0.346492,0.362241,0.343932,0.344228,0.367951,0.366622,0.352742,0.351463,0.343982,0.356975,0.349346,0.333351,0.348313,0.362734,0.310268,0.449947,0.702286,0.733932,0.679301,0.658088,0.621815,0.624473,0.622898,0.594155,0.579389,0.531353,0.492766,0.614432,0.804461,0.795356,0.741906,0.755047,0.721333,0.737476,0.783544,0.734080,0.681220,0.676692,0.666800,0.629739,0.641650,0.649475,0.621323,0.601833,0.616007,0.480216,0.237426,0.194311,0.219953,0.231126,0.220839,0.201398,0.168964,0.163550,0.166601,0.175510,0.145241,0.296733,0.540704,0.573631,0.537751,0.555617,0.549022,0.541590,0.576781,0.612808,0.622996,0.650656,0.705534,0.590266,0.365342,0.371396,0.436855,0.455902,0.495719,0.489567,0.479182,0.516440,0.535389,0.569841,0.599175,0.593318,0.540606,0.576633,0.632593,0.647014,0.660008,0.827397,1.060786,1.092630,1.077963,1.091793,1.095386,1.089333,1.107100,1.091301,1.100210,1.119651,1.104098,1.090957,1.085641,1.098585,1.096321,1.107691,1.138156,0.976723,0.744170,0.737673,0.758787,0.746581,0.798309,0.612562,0.296044,0.279507,0.329462,0.319520,0.327838,0.337042,0.300129,0.314156,0.291860,0.278030,0.290876,0.315829,0.341619
0.441010,0.427329,0.430016,0.430762,0.448969,0.424543,0.446382,0.439915,0.431757,0.414693,0.422504,0.432005,0.435040,0.442751,0.435438,0.419519,0.424046,0.460710,0.444990,0.440612,0.443597,0.441656,0.437229,0.433249,0.466132,0.458670,0.445835,0.437080,0.443398,0.456979,0.455635,0.455934,0.432801,0.374448,0.588709,0.960769,0.958033,0.883462,0.890725,0.857196,0.812821,0.778893,0.747652,0.736310,0.692930,0.630398,0.821378,1.146625,1.180006,1.088968,1.064244,1.047877,1.030714,0.984549,0.967883,0.974301,0.954103,0.939080,0.908684,0.878139,0.874756,0.869284,0.850778,0.905450,0.743672,0.459864,0.461406,0.487076,0.461307,0.452103,0.436333,0.409321,0.401411,0.422553,0.434543,0.382805,0.533341,0.800633,0.830929,0.786355,0.828790,0.826303,0.846002,0.851276,0.925847,0.906595,0.936095,0.966142,0.830432,0.639452,0.627363,0.655570,0.663430,0.690492,0.742329,0.760686,0.776008,0.791280,0.819587,0.842620,0.882218,0.929727,0.949178,0.977186,0.984051,0.987086,1.082551,1.240349,1.233584,1.241891,1.288156,1.258109,1.256517,1.280247,1.279898,1.262487,1.252537,1.249353,1.257462,1.272237,1.268506,1.233683,1.239703,1.306513,1.174036,0.915549,0.902018,0.953656,0.950273,1.002557,0.764367,0.410415,0.372358,0.439816,0.409818,0.423996,0.428921,0.429369,0.428722,0.431608,0.416634,0.423349,0.400764,0.404396
0.426058,0.427302,0.455158,0.430734,0.440484,0.424516,0.437549,0.434166,0.431729,0.414667,0.422477,0.425213,0.428098,0.431878,0.423074,0.419790,0.426207,0.460680,0.448294,0.445608,0.443120,0.457049,0.443369,0.429292,0.461327,0.464908,0.442026,0.434266,0.439191,0.456949,0.455606,0.447249,0.437698,0.359003,0.587329,0.960708,0.952848,0.871765,0.877735,0.846346,0.805854,0.774167,0.747604,0.736262,0.692885,0.638018,0.833960,1.163813,1.180179,1.088898,1.064175,1.043581,1.043681,1.004880,0.967821,0.974238,0.952599,0.939019,0.908626,0.884898,0.877933,0.847789,0.820827,0.881615,0.717857,0.459834,0.457795,0.487044,0.457496,0.446752,0.433321,0.404917,0.401385,0.422526,0.434515,0.378403,0.513608,0.795508,0.830876,0.786305,0.817644,0.811774,0.830975,0.851221,0.902159,0.889126,0.936035,0.966080,0.830378,0.623144,0.617175,0.655528,0.670351,0.701740,0.742281,0.775660,0.772725,0.782027,0.819534,0.842565,0.884251,0.931309,0.939765,0.971253,1.000304,0.991847,1.082481,1.240269,1.233504,1.241812,1.280612,1.259520,1.256436,1.262853,1.274891,1.256685,1.243304,1.244199,1.257381,1.266037,1.256983,1.241762,1.256337,1.309066,1.175154,0.930463,0.905840,0.953594,0.934443,1.007517,0.770635,0.404867,0.374623,0.439788,0.409792,0.420139,0.418099,0.416010,0.428695,0.431580,0.414617,0.400490,0.413572,0.423322
0.444500,0.454136,0.466510,0.446884,0.445667,0.428424,0.435372,0.442624,0.447442,0.434814,0.439936,0.440393,0.444653,0.440291,0.429337,0.408950,0.432684,0.469654,0.457027,0.457077,0.451752,0.463822,0.452006,0.429540,0.451955,0.467575,0.459359,0.450738,0.450130,0.460424,0.465293,0.476247,0.440646,0.364678,0.600139,0.979422,0.963042,0.876982,0.897622,0.856341,0.810852,0.788082,0.764246,0.761863,0.720735,0.638884,0.829869,1.170103,1.191809,1.110110,1.084905,1.063910,1.064012,1.024455,0.986674,0.993216,0.971156,0.957311,0.926326,0.911416,0.909996,0.890826,0.867296,0.923029,0.754104,0.485223,0.470364,0.506472,0.479847,0.455454,0.457736,0.453578,0.410776,0.430757,0.442979,0.385775,0.523613,0.810497,0.850611,0.823429,0.858928,0.856696,0.886871,0.867803,0.919733,0.906446,0.954268,0.995650,0.859891,0.631226,0.642028,0.685134,0.667080,0.715410,0.756741,0.780830,0.792494,0.799188,0.827029,0.858979,0.914053,0.953761,0.948639,0.982211,1.015428,1.021565,1.111428,1.252766,1.267016,1.270718,1.305558,1.284056,1.287048,1.305102,1.304747,1.281165,1.267523,1.273609,1.295010,1.290699,1.272392,1.260373,1.286186,1.348867,1.198046,0.948589,0.934389,0.972170,0.951784,1.027143,0.794776,0.412754,0.381920,0.452767,0.416253,0.411993,0.418840,0.424114,0.437046,0.433293,0.418941,0.404133,0.418738,0.431569
0.434178,0.443590,0.455676,0.441113,0.436110,0.412630,0.425262,0.432345,0.429918,0.424717,0.441807,0.448246,0.434327,0.430067,0.419367,0.399454,0.422636,0.455429,0.440964,0.446463,0.441262,0.453051,0.443342,0.439033,0.448841,0.456717,0.449435,0.440271,0.430314,0.431751,0.448197,0.445373,0.427045,0.352989,0.586202,0.955786,0.931761,0.838833,0.866721,0.825557,0.794945,0.770920,0.740901,0.736988,0.703056,0.611564,0.790982,1.139711,1.164132,1.084331,1.048764,1.044702,1.039303,1.000665,0.953656,0.942659,0.950882,0.938300,0.895997,0.872022,0.879204,0.848988,0.817384,0.880096,0.736592,0.457906,0.430958,0.479305,0.468704,0.456122,0.462364,0.444580,0.405943,0.420754,0.432692,0.376816,0.524976,0.801780,0.830858,0.806982,0.845619,0.866920,0.869793,0.836257,0.898375,0.892282,0.912690,0.978771,0.842449,0.632320,0.633756,0.690227,0.682351,0.713905,0.739168,0.766561,0.774090,0.788257,0.807824,0.839031,0.902882,0.931613,0.924083,0.953458,0.991848,0.997842,1.084479,1.207278,1.230163,1.241209,1.267215,1.254237,1.257160,1.257556,1.274002,1.260578,1.238089,1.257358,1.264937,1.260726,1.242844,1.237346,1.261618,1.319574,1.170473,0.918040,0.902833,0.946374,0.929681,1.003291,0.776319,0.391429,0.373051,0.442252,0.409163,0.401881,0.409113,0.414265,0.425757,0.423231,0.409212,0.394748,0.398562,0.421547
0.434941,0.430971,0.454393,0.441888,0.444568,0.419211,0.436231,0.434643,0.431319,0.421791,0.435388,0.433353,0.434296,0.423181,0.424322,0.427448,0.425314,0.432460,0.443575,0.447247,0.436529,0.427895,0.444121,0.421692,0.441839,0.457519,0.447595,0.441938,0.440449,0.439407,0.441243,0.430376,0.424123,0.356835,0.582618,0.937518,0.923326,0.853457,0.868245,0.821351,0.787062,0.771580,0.742204,0.738283,0.704292,0.611498,0.792372,1.141714,1.158586,1.067082,1.058150,1.046538,1.021181,0.983121,0.932754,0.907298,0.931712,0.916329,0.888143,0.864573,0.862836,0.850480,0.818821,0.866905,0.723843,0.475632,0.468139,0.520590,0.489923,0.487591,0.460794,0.418863,0.406656,0.421493,0.442583,0.377478,0.525899,0.803190,0.856534,0.813362,0.836040,0.838273,0.832467,0.821649,0.869336,0.886952,0.903774,0.969425,0.841399,0.599936,0.609712,0.670400,0.652734,0.676206,0.729848,0.767908,0.775451,0.778726,0.799815,0.840506,0.904469,0.946102,0.925708,0.955134,0.993591,0.999595,1.067628,1.207663,1.232027,1.238825,1.241803,1.256441,1.258476,1.257136,1.276241,1.262793,1.246567,1.259568,1.267160,1.262942,1.255896,1.259468,1.263835,1.321893,1.180221,0.940495,0.902236,0.942629,0.937716,1.005054,0.777684,0.390727,0.373707,0.443030,0.401297,0.390132,0.396980,0.410179,0.426505,0.418516,0.398915,0.392067,0.399263,0.430674
0.322141,0.340751,0.317600,0.305062,0.324165,0.346181,0.344157,0.340208,0.346427,0.361483,0.368739,0.355214,0.336209,0.329447,0.337049,0.333396,0.325053,0.323671,0.335913,0.350031,0.363309,0.344947,0.332655,0.349340,0.368838,0.360841,0.352499,0.344996,0.358028,0.319229,0.348698,0.353091,0.363260,0.305999,0.451274,0.693892,0.729334,0.681304,0.645862,0.623648,0.626314,0.611209,0.595907,0.581098,0.532920,0.483014,0.613183,0.804612,0.794345,0.730173,0.744982,0.701247,0.719066,0.774698,0.720054,0.680613,0.668124,0.640284,0.617725,0.643542,0.625820,0.607655,0.592895,0.595808,0.440463,0.230919,0.185999,0.205151,0.211519,0.204016,0.189750,0.166303,0.164032,0.178249,0.151198,0.113584,0.276579,0.538695,0.566585,0.537313,0.557256,0.539732,0.540571,0.559428,0.614615,0.624833,0.650600,0.702333,0.592007,0.363655,0.372343,0.438143,0.457247,0.473388,0.478769,0.480595,0.517173,0.536967,0.572509,0.600942,0.595067,0.542200,0.578333,0.619255,0.633373,0.660276,0.827566,1.039579,1.092792,1.079710,1.099949,1.106366,1.115400,1.100541,1.098863,1.103454,1.110562,1.102121,1.094174,1.095852,1.101183,1.078131,1.089682,1.141513,0.980788,0.746364,0.739848,0.761025,0.744143,0.800663,0.621970,0.309652,0.271988,0.314490,0.331964,0.313651,0.321894,0.310195,0.324066,0.292721,0.278850,0.321697,0.338381,0.342627
0.334831,0.354174,0.333189,0.331086,0.336421,0.359818,0.361767,0.363204,0.360074,0.370284,0.362793,0.355713,0.339449,0.340423,0.365000,0.349300,0.332573,0.336421,0.357252,0.363820,0.373004,0.367103,0.348838,0.358843,0.394091,0.382393,0.364846,0.358586,0.373260,0.367411,0.369822,0.355149,0.351249,0.306304,0.459815,0.713940,0.754986,0.698240,0.661094,0.644675,0.647189,0.635286,0.617277,0.595626,0.553913,0.502041,0.625897,0.818402,0.821942,0.773405,0.766940,0.720097,0.743903,0.805216,0.754935,0.694341,0.691416,0.668277,0.653603,0.653962,0.648780,0.642264,0.620048,0.639699,0.489676,0.247506,0.202561,0.229292,0.219851,0.220621,0.209949,0.190401,0.200201,0.228882,0.212617,0.163003,0.310152,0.574744,0.597986,0.575718,0.581567,0.577565,0.564585,0.606349,0.655450,0.657143,0.678282,0.748008,0.617688,0.378955,0.387010,0.465972,0.480338,0.492036,0.501118,0.499527,0.537546,0.558120,0.595061,0.625230,0.621998,0.574333,0.610761,0.651397,0.661145,0.672535,0.842978,1.080530,1.135839,1.123577,1.133018,1.167496,1.175243,1.143895,1.142150,1.153233,1.171549,1.149590,1.137276,1.146819,1.135942,1.125321,1.154720,1.198896,1.054928,0.806704,0.780537,0.791004,0.773456,0.847647,0.654475,0.304098,0.275263,0.326878,0.345041,0.337961,0.334574,0.338269,0.336832,0.304252,0.289835,0.364025,0.384035,0.366231
0.440262,0.436243,0.459951,0.446791,0.442220,0.424339,0.421727,0.434083,0.420220,0.411580,0.435741,0.455330,0.440010,0.428357,0.424289,0.428006,0.423786,0.417256,0.449001,0.462463,0.441869,0.424238,0.446138,0.454426,0.448700,0.450508,0.453070,0.450006,0.444029,0.424389,0.442321,0.435640,0.433079,0.356127,0.568045,0.935374,0.934620,0.860682,0.874496,0.815627,0.796690,0.781018,0.758767,0.752237,0.712907,0.624302,0.812914,1.158342,1.159247,1.080135,1.090482,1.063610,1.057682,1.006298,0.944164,0.918396,0.921912,0.904181,0.895692,0.887304,0.873390,0.860883,0.827983,0.857719,0.732698,0.481450,0.480194,0.508975,0.469596,0.477934,0.466431,0.422430,0.399274,0.444280,0.456887,0.364716,0.506213,0.793526,0.843303,0.796188,0.841394,0.824216,0.813316,0.831700,0.868317,0.902875,0.914830,0.969078,0.828184,0.607275,0.628522,0.699898,0.691911,0.700048,0.738775,0.777301,0.781420,0.785740,0.821353,0.878112,0.920656,0.963151,0.937433,0.966817,1.005745,1.013028,1.099674,1.232481,1.256742,1.253979,1.256993,1.271811,1.273870,1.287683,1.299688,1.290798,1.280852,1.298232,1.288638,1.278391,1.260258,1.257947,1.289040,1.338064,1.194658,0.972795,0.913273,0.954159,0.979174,1.012074,0.777452,0.397014,0.398822,0.448750,0.414896,0.410224,0.414845,0.412033,0.432024,0.429161,0.414946,0.415297,0.404147,0.408366
0.425678,0.437509,0.471198,0.445931,0.441369,0.430942,0.420915,0.433248,0.417255,0.410788,0.434902,0.465533,0.439163,0.424675,0.423472,0.456359,0.439514,0.416453,0.443976,0.459417,0.434551,0.418408,0.436356,0.452248,0.446633,0.441369,0.454855,0.464430,0.443625,0.406727,0.440016,0.454103,0.441169,0.355442,0.566952,0.930816,0.922644,0.848949,0.845841,0.813956,0.795156,0.782322,0.757306,0.749435,0.711485,0.623101,0.811349,1.162379,1.153456,1.065874,1.088383,1.057301,1.031683,0.973479,0.950017,0.916628,0.899984,0.893517,0.893968,0.862184,0.866345,0.847646,0.831804,0.807940,0.690980,0.492154,0.491753,0.521532,0.491352,0.497769,0.468491,0.421617,0.415751,0.476412,0.477114,0.376146,0.520479,0.811450,0.872912,0.811750,0.846492,0.843535,0.834410,0.835313,0.866646,0.901137,0.913069,0.959542,0.824935,0.621246,0.627312,0.698551,0.690579,0.698701,0.731939,0.767232,0.779916,0.793703,0.845189,0.904546,0.918884,0.961297,0.928710,0.964956,1.018749,1.014538,1.086228,1.230109,1.265202,1.258434,1.254574,1.270165,1.277935,1.285205,1.304255,1.301398,1.296986,1.298239,1.291772,1.278738,1.268811,1.279740,1.286558,1.321350,1.205744,0.994384,0.931267,0.952323,0.977289,1.000952,0.781069,0.412994,0.416804,0.455256,0.414097,0.409435,0.419010,0.404221,0.431192,0.436607,0.417205,0.420013,0.417456,0.446032
0.445286,0.442662,0.467187,0.448869,0.450130,0.433780,0.423688,0.436102,0.436455,0.428381,0.441501,0.468600,0.442056,0.427876,0.435547,0.435294,0.425757,0.411627,0.451089,0.472536,0.441198,0.421165,0.429188,0.447103,0.448465,0.444277,0.457851,0.473192,0.446547,0.409407,0.445639,0.473949,0.444478,0.365706,0.582697,0.936443,0.928722,0.853330,0.841068,0.819318,0.798628,0.787476,0.762295,0.754372,0.724296,0.627205,0.816694,1.170036,1.161054,1.072895,1.087529,1.079909,1.049530,0.979891,0.966569,0.940076,0.927208,0.922868,0.899857,0.867863,0.872052,0.876341,0.860546,0.853835,0.703203,0.504227,0.494992,0.524967,0.518558,0.501048,0.471577,0.424394,0.427018,0.479550,0.480257,0.378624,0.554185,0.842077,0.881842,0.817098,0.858175,0.879773,0.858780,0.848990,0.872355,0.909546,0.935989,0.951884,0.828855,0.644161,0.652639,0.685591,0.677971,0.708753,0.725911,0.755028,0.787274,0.812556,0.864634,0.910505,0.924937,0.964551,0.934576,0.969345,1.025460,1.021877,1.103627,1.238212,1.268288,1.271114,1.281913,1.289230,1.298767,1.315723,1.312847,1.309970,1.317287,1.318599,1.304066,1.297909,1.304722,1.291400,1.295033,1.344285,1.226807,1.017840,0.958697,0.969496,0.987309,1.007545,0.788233,0.420054,0.419550,0.464058,0.423536,0.436808,0.445286,0.424394,0.429239,0.432065,0.419953,0.422779,0.420206,0.437616
0.429104,0.441174,0.465617,0.455860,0.448618,0.428702,0.427646,0.435190,0.432926,0.426941,0.422767,0.455910,0.434335,0.442130,0.446506,0.460085,0.433127,0.410244,0.445399,0.471904,0.439716,0.424779,0.427746,0.459783,0.448065,0.446606,0.453647,0.461543,0.447562,0.428450,0.444142,0.472356,0.433530,0.359749,0.566808,0.930480,0.935811,0.853128,0.838242,0.819180,0.795945,0.775023,0.761745,0.759130,0.711301,0.663522,0.860572,1.180992,1.157152,1.069290,1.083875,1.076281,1.042031,0.976599,0.960958,0.936917,0.924092,0.919767,0.896833,0.864947,0.869122,0.873397,0.834469,0.821846,0.683187,0.466472,0.464611,0.475123,0.472306,0.478543,0.467025,0.414972,0.413060,0.437654,0.430160,0.367394,0.522147,0.829189,0.859465,0.809272,0.849205,0.843371,0.851268,0.841259,0.869423,0.902718,0.916096,0.927211,0.805299,0.648937,0.650446,0.677604,0.666942,0.698023,0.723472,0.752491,0.764159,0.796246,0.875861,0.910714,0.928468,0.936666,0.931435,0.978409,1.026591,1.018443,1.099919,1.238024,1.253263,1.268150,1.307580,1.293951,1.312459,1.324932,1.318444,1.308184,1.312861,1.319600,1.317186,1.293548,1.300338,1.292090,1.290682,1.337203,1.228620,1.018996,0.971519,0.973129,0.983992,1.020455,0.804645,0.418643,0.420755,0.467176,0.430462,0.450026,0.458023,0.442482,0.432071,0.430311,0.425030,0.419146,0.419498,0.437302
0.424074,0.441383,0.494367,0.463925,0.450138,0.444604,0.451900,0.446616,0.444251,0.439119,0.422967,0.456126,0.426640,0.442339,0.459548,0.443195,0.431018,0.410740,0.445610,0.456478,0.442792,0.424980,0.427948,0.460001,0.447170,0.446817,0.448377,0.461762,0.459950,0.458239,0.459346,0.481385,0.450390,0.360020,0.569441,0.930920,0.927800,0.849356,0.842311,0.825203,0.802611,0.775389,0.770659,0.779012,0.739111,0.677623,0.860979,1.181550,1.167562,1.092338,1.099684,1.095105,1.059883,1.005943,0.978420,0.962419,0.913410,0.904856,0.909233,0.900730,0.873105,0.883622,0.858061,0.870539,0.703587,0.487373,0.493562,0.517111,0.491499,0.473687,0.456579,0.403444,0.406715,0.442390,0.439169,0.367568,0.529589,0.844928,0.867319,0.813781,0.829883,0.822788,0.835217,0.846538,0.871344,0.903145,0.925184,0.927649,0.805680,0.648388,0.651257,0.677925,0.667257,0.698354,0.723814,0.752847,0.766986,0.814989,0.886943,0.907925,0.918391,0.937109,0.940329,0.987728,1.031806,1.025869,1.107685,1.244749,1.264624,1.268750,1.308199,1.294563,1.313080,1.333660,1.327571,1.321231,1.313482,1.334163,1.325005,1.297280,1.312677,1.292701,1.297985,1.349258,1.229201,1.019478,0.974847,0.976960,0.986571,1.004635,0.779868,0.460101,0.430766,0.469913,0.439622,0.450239,0.444000,0.442691,0.435647,0.430515,0.425231,0.413809,0.407369,0.439723
0.349319,0.348562,0.327909,0.307308,0.326647,0.354116,0.352046,0.357449,0.359367,0.360882,0.351793,0.366941,0.341290,0.335029,0.362144,0.356237,0.345178,0.331091,0.351591,0.369567,0.383554,0.355984,0.337857,0.369163,0.387846,0.376333,0.359064,0.341896,0.367345,0.361589,0.363962,0.349521,0.343563,0.301450,0.452529,0.702627,0.731055,0.687176,0.650618,0.619614,0.623805,0.627593,0.607496,0.586187,0.544833,0.513173,0.617797,0.799071,0.813462,0.771148,0.751303,0.716361,0.732267,0.792456,0.718028,0.672532,0.680460,0.685004,0.660919,0.625573,0.633551,0.632087,0.587702,0.608607,0.443491,0.236212,0.190262,0.211571,0.177639,0.193595,0.206622,0.187384,0.197028,0.217428,0.199351,0.127548,0.285090,0.567151,0.595074,0.569474,0.580734,0.568413,0.555638,0.596741,0.654253,0.661020,0.665514,0.726309,0.607445,0.388452,0.381029,0.460255,0.472727,0.484239,0.493177,0.498933,0.529028,0.563818,0.595630,0.603860,0.611990,0.587803,0.606738,0.641075,0.650618,0.647487,0.815885,1.070225,1.111226,1.105773,1.124809,1.153187,1.152278,1.125768,1.124052,1.129707,1.152985,1.128748,1.131979,1.134504,1.126425,1.129404,1.155913,1.179898,1.038211,0.806998,0.768572,0.783822,0.774228,0.849262,0.671422,0.299279,0.271204,0.343714,0.354469,0.326698,0.313973,0.318164,0.311903,0.316043,0.298421,0.358610,0.372344,0.360428
0.346825,0.347227,0.326654,0.331634,0.329823,0.352760,0.351553,0.356080,0.349742,0.348988,0.338827,0.348736,0.339984,0.333747,0.359953,0.348384,0.340437,0.329823,0.355879,0.368152,0.382086,0.354621,0.347579,0.361060,0.381231,0.371070,0.357690,0.340587,0.345014,0.367046,0.362569,0.348183,0.342247,0.304170,0.450143,0.692040,0.725088,0.674435,0.634697,0.590985,0.620814,0.636357,0.612565,0.583390,0.535956,0.511208,0.615432,0.787964,0.812812,0.768196,0.748427,0.713619,0.729464,0.789423,0.740128,0.680722,0.677855,0.684646,0.658389,0.623178,0.631126,0.639224,0.590835,0.606277,0.441793,0.235308,0.192149,0.202159,0.174494,0.192854,0.212220,0.199594,0.177260,0.186365,0.181989,0.127060,0.283999,0.563471,0.592796,0.567294,0.578511,0.572525,0.572776,0.600593,0.664777,0.663771,0.660602,0.716134,0.605120,0.384148,0.379420,0.467748,0.470213,0.468000,0.487869,0.526751,0.529316,0.542797,0.586358,0.601549,0.609647,0.596921,0.636357,0.649184,0.636256,0.639274,0.819201,1.066128,1.109940,1.101540,1.118240,1.156166,1.154255,1.128400,1.135342,1.125382,1.148571,1.132475,1.146509,1.163158,1.122113,1.123622,1.159034,1.175381,1.026038,0.800539,0.774433,0.784745,0.765680,0.846011,0.684344,0.318757,0.287772,0.355527,0.363726,0.333747,0.312771,0.313123,0.328213,0.352961,0.313073,0.357237,0.370919,0.359048
0.437339,0.441408,0.499830,0.463159,0.439700,0.435330,0.436585,0.422118,0.432416,0.438745,0.448340,0.454921,0.425936,0.452761,0.467128,0.451053,0.432617,0.420963,0.442011,0.455725,0.442061,0.428699,0.433019,0.459241,0.446431,0.446080,0.440654,0.460999,0.462858,0.461451,0.476572,0.486368,0.449646,0.359426,0.568500,0.929383,0.924058,0.847953,0.840920,0.833184,0.802994,0.783854,0.779233,0.783955,0.737890,0.676504,0.851219,1.179599,1.169452,1.112185,1.101837,1.093297,1.058133,1.004282,0.988609,0.981325,0.912906,0.904617,0.907732,0.899242,0.891004,0.883067,0.833486,0.861768,0.702425,0.486568,0.492747,0.515001,0.490688,0.472905,0.456679,0.402778,0.406043,0.434074,0.422168,0.366961,0.528715,0.843533,0.865887,0.825197,0.847099,0.839966,0.850264,0.859306,0.878496,0.910947,0.946463,0.942343,0.827307,0.663041,0.652191,0.690369,0.700968,0.705539,0.737739,0.760496,0.791591,0.825448,0.885478,0.906426,0.919185,0.929132,0.958167,0.986097,1.030102,1.024175,1.115802,1.243648,1.271980,1.276200,1.306039,1.309354,1.328042,1.337033,1.325379,1.315985,1.319954,1.331960,1.307747,1.295138,1.310510,1.310058,1.302975,1.347030,1.227171,1.017795,0.973237,0.975347,0.971228,1.019252,0.809775,0.476773,0.426940,0.467580,0.447587,0.454569,0.461351,0.457583,0.441860,0.438796,0.425333,0.425333,0.390621,0.427694
0.431824,0.439744,0.498798,0.462203,0.438792,0.439243,0.457089,0.442652,0.431523,0.440296,0.470675,0.444808,0.425056,0.440145,0.466163,0.450121,0.437539,0.439193,0.450773,0.458242,0.436686,0.438291,0.432125,0.458293,0.445359,0.446512,0.439744,0.455736,0.461902,0.461050,0.475588,0.479598,0.444908,0.358683,0.567326,0.927464,0.922150,0.844648,0.839184,0.831464,0.790357,0.768500,0.767798,0.776120,0.711502,0.640517,0.802839,1.150143,1.167037,1.109888,1.108434,1.091039,1.047526,1.008926,0.997997,0.980702,0.933930,0.936988,0.925358,0.924406,0.909116,0.896132,0.879890,0.889264,0.718570,0.504363,0.491329,0.524916,0.514038,0.479398,0.447114,0.413626,0.424204,0.433177,0.419843,0.370665,0.527623,0.841791,0.864099,0.833419,0.851416,0.852318,0.858233,0.880191,0.885354,0.922150,0.967117,1.007923,0.862494,0.650944,0.645981,0.679218,0.699520,0.707441,0.742983,0.765542,0.799581,0.823744,0.875679,0.904554,0.899040,0.900092,0.937690,0.986868,1.027975,1.019653,1.103572,1.240127,1.259929,1.264541,1.303342,1.306650,1.332367,1.334272,1.305748,1.303141,1.327655,1.342494,1.305046,1.311563,1.314270,1.316877,1.320336,1.344248,1.221128,0.995390,0.971227,0.971879,0.969222,1.037149,0.827704,0.475788,0.422550,0.474735,0.452277,0.453630,0.454683,0.464559,0.440947,0.437890,0.424455,0.424455,0.420093,0.438090
0.428998,0.436519,0.482187,0.459179,0.435921,0.438361,0.449368,0.432684,0.424964,0.435124,0.454896,0.438461,0.422275,0.437266,0.470633,0.442943,0.434676,0.448670,0.457535,0.455244,0.433829,0.442644,0.442545,0.441549,0.441001,0.443590,0.436867,0.452754,0.467595,0.462067,0.472476,0.467894,0.438610,0.342143,0.555945,0.908945,0.930559,0.850377,0.839769,0.826024,0.783492,0.752615,0.762774,0.771042,0.706846,0.636326,0.797586,1.126083,1.153425,1.102626,1.101182,1.083901,1.040672,1.007304,0.991467,0.974285,0.927820,0.941914,0.919304,0.918357,0.903168,0.890269,0.882549,0.883446,0.713868,0.494090,0.490455,0.519589,0.492397,0.476261,0.444188,0.420532,0.434228,0.430343,0.417096,0.368239,0.543096,0.844699,0.866015,0.841014,0.857598,0.859043,0.865218,0.875129,0.879561,0.916116,0.960789,1.002772,0.856851,0.646685,0.641754,0.674773,0.694943,0.706448,0.738122,0.760533,0.794349,0.820346,0.848136,0.882500,0.906056,0.921146,0.942362,0.991069,1.031907,1.012982,1.096351,1.226485,1.253528,1.260500,1.307663,1.303679,1.317325,1.312444,1.297205,1.294615,1.332017,1.341230,1.300990,1.284007,1.305671,1.317873,1.311697,1.338740,1.213138,0.968259,0.951974,0.958797,0.958299,1.030363,0.828065,0.472675,0.419785,0.460474,0.445832,0.423819,0.460523,0.467545,0.450314,0.426110,0.423221,0.421677,0.417345,0.426209
0.424465,0.436959,0.483889,0.454651,0.431462,0.453102,0.450953,0.434210,0.420217,0.436659,0.456501,0.440758,0.429512,0.428263,0.465997,0.463048,0.444706,0.450253,0.449504,0.433861,0.435360,0.444906,0.444106,0.443107,0.433611,0.437009,0.442557,0.454352,0.460499,0.459649,0.474143,0.483889,0.429063,0.329806,0.554558,0.912152,0.933842,0.853377,0.848480,0.834336,0.780909,0.746974,0.764316,0.774762,0.709340,0.638571,0.796452,1.116612,1.146749,1.100619,1.117662,1.088025,1.044344,1.018655,0.998914,0.977373,0.931093,0.953584,0.952884,0.933193,0.920248,0.886313,0.868521,0.892210,0.725583,0.484488,0.498432,0.538565,0.509877,0.509677,0.474693,0.455651,0.451003,0.431861,0.418567,0.369539,0.523421,0.830188,0.857476,0.834086,0.831687,0.843232,0.867771,0.875518,0.875768,0.910103,0.949385,1.021554,0.868021,0.644019,0.636472,0.677454,0.698195,0.721135,0.743375,0.763217,0.797152,0.823241,0.851128,0.885613,0.898308,0.900607,0.945687,0.994566,1.020155,1.004511,1.110115,1.236360,1.254802,1.255452,1.315925,1.316225,1.310178,1.311177,1.318624,1.312577,1.323622,1.338416,1.314976,1.309828,1.308029,1.312877,1.318174,1.344863,1.205524,0.964429,0.955333,0.965528,0.959531,1.020704,0.824240,0.474343,0.421266,0.458700,0.454302,0.430412,0.445156,0.469195,0.469495,0.435510,0.418467,0.423165,0.439408,0.436210
0.428249,0.434662,0.460564,0.442020,0.435905,0.450720,0.447936,0.431927,0.413036,0.430436,0.454101,0.439832,0.435606,0.426011,0.461608,0.442169,0.442368,0.447886,0.466281,0.431579,0.433071,0.447439,0.450024,0.441871,0.424719,0.417908,0.438241,0.451814,0.451515,0.460017,0.479306,0.485222,0.426807,0.314102,0.523503,0.899451,0.920033,0.840787,0.844018,0.828458,0.777897,0.743046,0.747620,0.759950,0.706754,0.630690,0.792265,1.107460,1.140720,1.094833,1.111786,1.076935,1.017824,0.994706,0.993662,0.972235,0.917349,0.921326,0.910190,0.913521,0.894529,0.880211,0.887271,0.900048,0.754133,0.505655,0.499292,0.535733,0.525442,0.506998,0.472197,0.453255,0.448632,0.443064,0.418504,0.374357,0.520669,0.825823,0.852967,0.850133,0.856099,0.851028,0.865148,0.882448,0.876880,0.896170,0.952448,1.016183,0.863457,0.635313,0.627508,0.679958,0.694524,0.717344,0.736832,0.769992,0.792961,0.818912,0.847896,0.857641,0.882150,0.880211,0.941361,0.977256,0.989337,0.999230,1.117006,1.233141,1.263070,1.258297,1.301450,1.309305,1.306272,1.299113,1.294937,1.305676,1.316663,1.301897,1.298716,1.307366,1.301152,1.305974,1.311244,1.352408,1.199185,0.950708,0.941610,0.971787,0.959060,1.023789,0.814140,0.449825,0.392354,0.445450,0.446345,0.408710,0.438440,0.466728,0.467027,0.448383,0.416267,0.439335,0.445450,0.428994
0.328636,0.344257,0.332883,0.341527,0.328889,0.340617,0.346532,0.360838,0.351486,0.350728,0.352194,0.366702,0.338292,0.333591,0.361748,0.366045,0.350070,0.344965,0.357653,0.369988,0.373779,0.356389,0.339000,0.349818,0.362658,0.371656,0.359473,0.341072,0.346734,0.362506,0.364377,0.347644,0.343954,0.294464,0.452387,0.703427,0.717278,0.645747,0.629368,0.591455,0.599695,0.621230,0.606367,0.586298,0.538628,0.509662,0.618500,0.791892,0.816865,0.780114,0.752158,0.717177,0.733100,0.773238,0.743817,0.684116,0.692811,0.688059,0.661671,0.626285,0.634272,0.642411,0.625274,0.635637,0.493940,0.260189,0.197354,0.203167,0.175364,0.186030,0.208930,0.198769,0.210598,0.212974,0.178296,0.133507,0.291380,0.567796,0.611018,0.587309,0.621533,0.617691,0.617944,0.637962,0.670416,0.672337,0.663895,0.727135,0.596661,0.355581,0.395567,0.473214,0.472557,0.465328,0.493738,0.537819,0.544442,0.569212,0.601565,0.608743,0.612686,0.599897,0.639529,0.652420,0.630834,0.633463,0.823285,1.077610,1.111126,1.110469,1.133925,1.163346,1.160009,1.142872,1.137514,1.130993,1.160818,1.148736,1.164003,1.185740,1.148736,1.146057,1.171434,1.187408,1.047633,0.807917,0.786079,0.793864,0.785421,0.875808,0.692103,0.350475,0.281421,0.342740,0.366297,0.335410,0.318071,0.325957,0.340314,0.356541,0.333692,0.359018,0.372768,0.378228
0.321746,0.334978,0.325976,0.314958,0.320024,0.340389,0.344766,0.344127,0.337683,0.342209,0.349292,0.357654,0.330502,0.324599,0.355047,0.363803,0.340634,0.323959,0.343192,0.347127,0.352981,0.329272,0.339897,0.353079,0.352145,0.348160,0.342799,0.329272,0.324353,0.339257,0.353965,0.340487,0.334683,0.286526,0.428585,0.676744,0.700502,0.636212,0.608322,0.567445,0.564101,0.604485,0.590023,0.570495,0.524110,0.473888,0.593762,0.770547,0.793764,0.759086,0.731885,0.697846,0.713340,0.752396,0.723424,0.656773,0.655396,0.659675,0.627259,0.608469,0.611962,0.598533,0.574479,0.618504,0.480627,0.209152,0.181901,0.197691,0.170539,0.184557,0.201675,0.193412,0.204922,0.207234,0.173490,0.133057,0.284756,0.543392,0.600894,0.587170,0.604780,0.601189,0.603550,0.620766,0.652346,0.654215,0.646000,0.707536,0.580579,0.345996,0.384905,0.460459,0.459820,0.452786,0.480430,0.523323,0.535177,0.553869,0.585350,0.587662,0.582842,0.583727,0.622291,0.650969,0.622980,0.612208,0.794797,1.054073,1.090621,1.087128,1.103361,1.132136,1.127463,1.112067,1.114674,1.110444,1.134792,1.138285,1.132628,1.153779,1.142220,1.126775,1.139859,1.155403,1.021903,0.799126,0.775860,0.783238,0.797552,0.876648,0.684565,0.342258,0.275705,0.335322,0.356424,0.326370,0.309498,0.337634,0.340143,0.346931,0.338815,0.344176,0.351210,0.371574
0.424577,0.434212,0.462467,0.434861,0.429369,0.448839,0.447690,0.433563,0.414743,0.412846,0.438255,0.441650,0.437407,0.427772,0.436159,0.440252,0.444196,0.434561,0.452333,0.442598,0.448639,0.449288,0.451884,0.443697,0.434062,0.436508,0.445893,0.456776,0.453381,0.457325,0.462217,0.466660,0.426823,0.315400,0.516881,0.903168,0.941957,0.859288,0.843463,0.821797,0.775770,0.740826,0.741924,0.759446,0.709675,0.633296,0.799483,1.112037,1.148979,1.093916,1.103551,1.081386,1.011746,0.979897,0.988034,0.966518,0.921589,0.916198,0.888791,0.877010,0.898226,0.887244,0.871668,0.892036,0.757250,0.513636,0.497861,0.526366,0.527614,0.509093,0.474148,0.455129,0.450486,0.449837,0.429569,0.402013,0.557416,0.835026,0.864030,0.853647,0.870470,0.865079,0.868723,0.886095,0.877160,0.876910,0.951442,1.020982,0.875912,0.630451,0.630101,0.682768,0.699691,0.725550,0.737431,0.783209,0.802278,0.828986,0.851400,0.861185,0.888592,0.899374,0.934419,0.968814,0.993425,1.002960,1.102902,1.239535,1.256059,1.263497,1.306829,1.314716,1.326148,1.304482,1.307078,1.299340,1.302286,1.282268,1.300938,1.312769,1.306529,1.295197,1.297993,1.343321,1.198800,0.958880,0.945501,0.968315,0.968964,1.041299,0.823295,0.441999,0.393976,0.447291,0.460620,0.432814,0.444845,0.463515,0.468957,0.450236,0.426873,0.457175,0.462816,0.430767
0.424500,0.428643,0.450005,0.443616,0.429991,0.448757,0.447609,0.440622,0.416764,0.412771,0.438176,0.438126,0.434033,0.422055,0.406033,0.428294,0.444116,0.433984,0.476908,0.465478,0.451652,0.448508,0.440821,0.443616,0.435431,0.436429,0.457941,0.457043,0.452052,0.464330,0.432087,0.436230,0.422354,0.315343,0.516787,0.903005,0.941787,0.844109,0.832779,0.815510,0.775630,0.740692,0.741790,0.751423,0.702409,0.622800,0.800336,1.123815,1.148771,1.091123,1.117027,1.084285,1.008818,0.979720,0.964946,0.955063,0.930307,0.919825,0.891126,0.904253,0.895169,0.887083,0.874805,0.891875,0.747829,0.516138,0.501265,0.526271,0.513693,0.492680,0.472116,0.455046,0.450405,0.456394,0.455995,0.412272,0.554870,0.834875,0.863874,0.847753,0.870313,0.864922,0.868566,0.885935,0.877001,0.876752,0.938193,0.992647,0.862876,0.630337,0.620604,0.674908,0.684042,0.713240,0.735751,0.766346,0.795445,0.824594,0.851247,0.860281,0.872359,0.887832,0.927911,0.966593,1.004825,1.011813,1.095515,1.230876,1.243803,1.261722,1.306592,1.303348,1.298706,1.304246,1.306842,1.299106,1.301152,1.297259,1.303747,1.307890,1.306293,1.294963,1.303398,1.345573,1.205471,0.958707,0.947277,0.989752,0.968789,1.029482,0.822697,0.437078,0.394553,0.458840,0.462134,0.427545,0.440173,0.444465,0.458390,0.432037,0.426796,0.457093,0.462733,0.439174
0.420544,0.419852,0.432113,0.430679,0.425933,0.440963,0.443386,0.436464,0.417577,0.402004,0.420049,0.432657,0.433201,0.418072,0.423758,0.425834,0.441210,0.429888,0.462173,0.442150,0.447390,0.444276,0.436662,0.439430,0.418220,0.415600,0.441606,0.452730,0.447143,0.470034,0.433399,0.419703,0.402795,0.325568,0.538905,0.889935,0.898736,0.823141,0.824921,0.807814,0.762773,0.733702,0.741316,0.744332,0.692320,0.616923,0.791153,1.119885,1.147967,1.074597,1.075833,1.056699,0.998854,0.941799,0.941403,0.944024,0.919105,0.897055,0.879009,0.867193,0.868874,0.853151,0.847812,0.883459,0.742799,0.492431,0.496534,0.521304,0.494310,0.477895,0.453966,0.430185,0.432261,0.443633,0.443880,0.408085,0.549634,0.826997,0.855722,0.826453,0.835303,0.842274,0.851421,0.866105,0.847663,0.864276,0.916238,0.966519,0.832485,0.621274,0.614748,0.651878,0.671802,0.700280,0.726434,0.759115,0.787939,0.831793,0.843214,0.852163,0.858936,0.890726,0.923209,0.952478,0.991240,1.005676,1.092791,1.222227,1.242498,1.248925,1.279678,1.281111,1.279233,1.291247,1.312655,1.298613,1.283386,1.285017,1.291445,1.280172,1.296438,1.294263,1.291098,1.332876,1.190536,0.955098,0.946842,0.980412,0.953912,1.008643,0.815527,0.432954,0.394093,0.442990,0.444374,0.423856,0.436019,0.424499,0.435574,0.433646,0.422769,0.434190,0.448280,0.435030
0.434150,0.431487,0.439124,0.437667,0.423950,0.437817,0.457412,0.446007,0.427467,0.396266,0.412193,0.439676,0.440229,0.418373,0.415610,0.432743,0.449222,0.433245,0.445705,0.449323,0.457563,0.454297,0.426814,0.441585,0.440983,0.448167,0.451433,0.456558,0.454247,0.466707,0.451132,0.437265,0.406013,0.326680,0.557295,0.922310,0.911659,0.823080,0.825241,0.827954,0.776254,0.738521,0.753343,0.756408,0.703552,0.644869,0.818006,1.138054,1.166592,1.092031,1.093287,1.077209,1.021389,0.957078,0.956676,0.959339,0.934017,0.905780,0.893270,0.893370,0.900153,0.875233,0.861567,0.904625,0.775852,0.519563,0.497556,0.516598,0.512830,0.485649,0.456156,0.441234,0.439274,0.450830,0.451081,0.414706,0.558551,0.840414,0.869605,0.839862,0.848855,0.855939,0.865234,0.905127,0.867194,0.882568,0.944417,0.999232,0.868601,0.634519,0.634167,0.687173,0.687324,0.711641,0.740632,0.771431,0.794593,0.823231,0.866340,0.874077,0.872871,0.893923,0.923566,0.961098,0.997223,1.026313,1.110520,1.242057,1.262656,1.269188,1.277176,1.296671,1.313150,1.321993,1.335860,1.315713,1.298630,1.297123,1.319682,1.316567,1.317471,1.315261,1.324857,1.354500,1.197190,0.965067,0.962203,0.996318,0.969388,1.029227,0.826698,0.434803,0.400487,0.459974,0.451584,0.438018,0.443093,0.426663,0.429376,0.439877,0.424101,0.431537,0.448720,0.442088
0.435403,0.435353,0.437600,0.443893,0.421419,0.425614,0.454681,0.447889,0.435503,0.404089,0.407535,0.437051,0.437600,0.425115,0.413128,0.430159,0.446540,0.444892,0.468315,0.452633,0.451934,0.440647,0.439348,0.456129,0.456928,0.471212,0.459625,0.445591,0.441546,0.457478,0.437800,0.419421,0.401841,0.324729,0.545178,0.906815,0.905616,0.818166,0.820313,0.823010,0.771619,0.734112,0.741404,0.737708,0.676378,0.623188,0.813122,1.132907,1.159626,1.075622,1.061488,1.054146,1.015291,0.951364,0.950964,0.953611,0.928440,0.900372,0.887936,0.888036,0.890583,0.854025,0.856422,0.899223,0.763428,0.516460,0.474908,0.500129,0.504174,0.466717,0.421119,0.397197,0.416125,0.448138,0.448388,0.412229,0.549722,0.799637,0.855024,0.834847,0.843787,0.829103,0.842588,0.889035,0.861466,0.893929,0.953611,1.003005,0.871205,0.635225,0.644015,0.696705,0.683220,0.707392,0.736209,0.752391,0.777313,0.818316,0.844785,0.839392,0.859818,0.894878,0.924395,0.962152,0.991268,1.020185,1.098146,1.234640,1.268102,1.271748,1.269551,1.288928,1.305310,1.314100,1.306309,1.302863,1.296270,1.303012,1.311802,1.302463,1.298667,1.296270,1.312152,1.352456,1.202627,0.964798,0.950964,0.969743,0.958805,1.025829,0.823809,0.436851,0.398095,0.454781,0.435253,0.435403,0.445042,0.424116,0.426813,0.437251,0.435103,0.439249,0.450236,0.428910
0.345904,0.351823,0.332459,0.321221,0.326389,0.336723,0.348864,0.350971,0.344700,0.349014,0.356238,0.365820,0.337074,0.331054,0.362760,0.371037,0.339282,0.307275,0.341389,0.352526,0.365670,0.356288,0.348262,0.360101,0.356589,0.353027,0.345251,0.339532,0.344148,0.346004,0.345352,0.345001,0.341338,0.292225,0.433546,0.702493,0.706155,0.629148,0.619617,0.585051,0.575820,0.603764,0.601757,0.581841,0.534533,0.480603,0.606122,0.793697,0.809550,0.774182,0.746439,0.711724,0.727526,0.752209,0.743078,0.693112,0.700787,0.672794,0.652877,0.624382,0.638780,0.610436,0.598897,0.630804,0.490185,0.244566,0.221740,0.226004,0.188027,0.196706,0.241305,0.254047,0.246773,0.238445,0.210903,0.155770,0.306873,0.558964,0.624382,0.610586,0.666021,0.671289,0.648513,0.645804,0.674199,0.667225,0.669834,0.727025,0.592125,0.368278,0.392559,0.469365,0.468964,0.455620,0.486824,0.533730,0.545820,0.571506,0.596991,0.599349,0.594433,0.595336,0.656640,0.670787,0.643697,0.627744,0.810603,1.075035,1.122393,1.114617,1.138497,1.153246,1.154751,1.143815,1.136842,1.134634,1.162678,1.177778,1.155153,1.148129,1.164935,1.170203,1.169952,1.189317,1.031490,0.825654,0.806490,0.806540,0.813413,0.894082,0.698179,0.361506,0.289566,0.344900,0.363512,0.344298,0.332308,0.360703,0.346907,0.356389,0.355686,0.344449,0.358195,0.378964
0.338198,0.339192,0.329756,0.325981,0.323200,0.333331,0.345350,0.347435,0.327372,0.336261,0.354835,0.369138,0.337354,0.330799,0.359106,0.367300,0.343909,0.320270,0.331742,0.345350,0.362135,0.352700,0.344754,0.359404,0.352998,0.349472,0.325783,0.335914,0.340681,0.341873,0.321710,0.337006,0.326528,0.262215,0.417161,0.696112,0.688961,0.611985,0.600861,0.582237,0.587253,0.582337,0.582287,0.565054,0.510327,0.456592,0.592716,0.778502,0.794046,0.750691,0.717765,0.686826,0.689358,0.727201,0.719056,0.694573,0.693729,0.675950,0.646301,0.615014,0.623159,0.582734,0.585565,0.597782,0.431712,0.198499,0.203465,0.223727,0.186133,0.186332,0.203614,0.224969,0.206892,0.207190,0.202273,0.154201,0.303782,0.553334,0.618093,0.604436,0.642875,0.619136,0.609353,0.630757,0.658618,0.652956,0.648238,0.719702,0.586161,0.336907,0.384732,0.456046,0.456890,0.457139,0.493690,0.520160,0.533817,0.549063,0.578513,0.592815,0.580549,0.568729,0.628373,0.654595,0.628969,0.620626,0.795089,1.042604,1.101106,1.097580,1.128271,1.143021,1.145057,1.132294,1.125391,1.123206,1.156380,1.165915,1.136863,1.144113,1.153201,1.158416,1.156727,1.166610,1.018071,0.806014,0.803283,0.798416,0.798466,0.860990,0.687819,0.357864,0.297277,0.341128,0.354388,0.348776,0.340880,0.336410,0.337106,0.348578,0.352104,0.337602,0.341228,0.377481
0.431729,0.429081,0.428382,0.438824,0.421587,0.425784,0.454013,0.455162,0.440972,0.411095,0.410795,0.437225,0.437775,0.433578,0.433628,0.435177,0.446718,0.446218,0.468502,0.452814,0.444420,0.427732,0.427682,0.455312,0.457110,0.471400,0.459808,0.454013,0.451714,0.439523,0.419938,0.419588,0.404849,0.329505,0.545395,0.890938,0.901080,0.818492,0.820640,0.806950,0.775524,0.754639,0.737002,0.729558,0.676647,0.604301,0.808349,1.142351,1.160088,1.068606,1.054366,1.054566,1.015695,0.960336,0.957089,0.953991,0.928810,0.897083,0.888290,0.889239,0.890938,0.854365,0.856763,0.894835,0.750642,0.493983,0.475097,0.500328,0.487438,0.465154,0.443371,0.402651,0.442821,0.469351,0.442371,0.423535,0.588812,0.843573,0.850268,0.814495,0.829084,0.814695,0.834380,0.875699,0.891438,0.920116,0.953991,1.003404,0.871552,0.635478,0.634878,0.679445,0.678596,0.717467,0.737902,0.727959,0.759036,0.812146,0.834830,0.857463,0.873101,0.910623,0.910673,0.959987,1.001706,1.016295,1.092488,1.235132,1.274703,1.278150,1.264660,1.287593,1.305830,1.319420,1.310376,1.311925,1.305580,1.309727,1.312325,1.300534,1.293789,1.301233,1.312675,1.341003,1.191015,0.979822,0.951343,0.940801,0.943349,1.023489,0.824138,0.450965,0.415541,0.469501,0.456111,0.450465,0.447218,0.426433,0.426983,0.438774,0.448017,0.429131,0.446218,0.415741
0.438368,0.433690,0.426722,0.437124,0.419954,0.424134,0.458674,0.472610,0.450363,0.414828,0.409204,0.435532,0.436079,0.431898,0.431948,0.433491,0.444988,0.449268,0.466687,0.440459,0.432944,0.434735,0.431202,0.447576,0.455340,0.463950,0.446580,0.444042,0.449965,0.455887,0.418311,0.410249,0.403281,0.348833,0.557914,0.887487,0.897590,0.815321,0.812286,0.813331,0.783718,0.751368,0.723547,0.723149,0.670294,0.595241,0.785808,1.128968,1.147781,1.052622,1.032614,1.042618,1.013652,0.989166,0.964032,0.950296,0.918045,0.893609,0.884849,0.888184,0.871561,0.841102,0.847672,0.891369,0.741912,0.470569,0.459869,0.498390,0.475745,0.463353,0.444391,0.401091,0.418660,0.445485,0.422193,0.422542,0.591310,0.829307,0.826320,0.797703,0.825873,0.811539,0.831148,0.881117,0.905006,0.916552,0.943278,0.974782,0.851106,0.626944,0.610521,0.657553,0.668054,0.709213,0.742360,0.725139,0.755150,0.792129,0.823583,0.813430,0.856829,0.901721,0.907843,0.948654,0.997826,1.017335,1.094328,1.216612,1.269765,1.273199,1.274693,1.282606,1.300772,1.308735,1.286090,1.306844,1.300523,1.304654,1.309133,1.310974,1.304156,1.306097,1.312368,1.347754,1.198446,0.991953,0.947658,0.936759,0.935614,1.019525,0.818905,0.444092,0.402385,0.467683,0.456186,0.460018,0.455489,0.424781,0.436328,0.444191,0.420800,0.424483,0.439165,0.421646
0.434178,0.444780,0.433877,0.430962,0.416893,0.434731,0.463070,0.477139,0.467542,0.418803,0.413125,0.448800,0.439554,0.437997,0.445735,0.433073,0.440208,0.451111,0.445333,0.444679,0.437092,0.443323,0.437595,0.457894,0.466687,0.450307,0.442469,0.448297,0.465431,0.442016,0.426641,0.426239,0.405236,0.328008,0.550749,0.897147,0.906191,0.819115,0.804141,0.810824,0.778817,0.752589,0.730480,0.730078,0.680485,0.600945,0.793338,1.133154,1.158779,1.062709,1.042510,1.049393,1.036229,1.016231,0.983922,0.959251,0.926843,0.904182,0.900313,0.925335,0.897097,0.859211,0.877601,0.924381,0.768064,0.475078,0.464276,0.503166,0.468345,0.467793,0.448649,0.404935,0.422672,0.449754,0.426239,0.416893,0.606271,0.837254,0.834239,0.805196,0.844891,0.846097,0.840067,0.876546,0.866899,0.907799,0.941967,0.961161,0.817959,0.620692,0.613808,0.663854,0.674456,0.716009,0.749473,0.743193,0.783189,0.818964,0.839565,0.846549,0.881521,0.925938,0.916542,0.957744,0.997941,1.006181,1.098685,1.222693,1.281933,1.276155,1.271833,1.296354,1.316854,1.321276,1.320120,1.324441,1.311327,1.310021,1.321678,1.307910,1.305549,1.298866,1.323688,1.355845,1.206212,1.001458,0.941314,0.941062,0.940610,1.027385,0.826752,0.473822,0.421214,0.466084,0.446287,0.464426,0.463673,0.431465,0.436791,0.448448,0.415738,0.431565,0.445031,0.425686
0.430274,0.441394,0.430574,0.421648,0.407487,0.431421,0.437305,0.454259,0.463982,0.417858,0.418457,0.445383,0.426186,0.420551,0.427432,0.423992,0.452813,0.447677,0.434114,0.437554,0.441992,0.439948,0.434263,0.460841,0.472210,0.456852,0.447427,0.468570,0.472559,0.429526,0.406240,0.440347,0.416362,0.325511,0.546058,0.911310,0.916396,0.819361,0.812679,0.804651,0.772290,0.736887,0.719384,0.724520,0.695998,0.610781,0.798967,1.124527,1.153199,1.066486,1.056862,1.039709,1.028340,1.016872,0.982017,0.947860,0.928663,0.898345,0.892112,0.928563,0.915199,0.881442,0.904329,0.921881,0.768949,0.481734,0.461240,0.499336,0.452962,0.464232,0.450320,0.401852,0.425089,0.449272,0.422994,0.413720,0.601656,0.849030,0.827888,0.799067,0.851473,0.850526,0.833672,0.868128,0.871818,0.900888,0.934796,0.953844,0.835966,0.615967,0.609136,0.658800,0.655559,0.710559,0.752045,0.737535,0.777226,0.807194,0.828087,0.842348,0.874810,0.909315,0.907820,0.938187,0.976482,0.977030,1.078752,1.215329,1.269282,1.269531,1.277111,1.286485,1.306829,1.322287,1.312813,1.314359,1.304585,1.297704,1.298053,1.303239,1.295610,1.288978,1.313611,1.332310,1.184464,0.980072,0.919637,0.931654,0.933450,1.024202,0.816918,0.444934,0.410429,0.481335,0.458348,0.460891,0.460143,0.436806,0.436906,0.421897,0.418905,0.436158,0.429277,0.414717
0.427072,0.430584,0.421151,0.424262,0.416837,0.433645,0.415582,0.451255,0.476994,0.431788,0.421051,0.448145,0.439063,0.440167,0.448496,0.413425,0.428677,0.457276,0.462594,0.452359,0.430985,0.442676,0.443328,0.463698,0.466006,0.443328,0.445636,0.494956,0.482663,0.432190,0.408759,0.440920,0.418944,0.327529,0.538907,0.916960,0.921526,0.813955,0.822434,0.809640,0.777078,0.751490,0.719179,0.732525,0.726102,0.614568,0.803921,1.151569,1.174849,1.073098,1.070038,1.046156,1.034716,1.023176,0.992019,0.957952,0.935574,0.917362,0.918014,0.967033,0.947114,0.904317,0.909936,0.927196,0.767746,0.484721,0.472729,0.506596,0.455771,0.467110,0.453112,0.404344,0.427724,0.452058,0.425617,0.387686,0.582658,0.836031,0.818571,0.789320,0.843658,0.844862,0.835329,0.853492,0.865031,0.887158,0.918064,0.947365,0.813203,0.616525,0.602677,0.654857,0.648385,0.707639,0.756708,0.752995,0.791026,0.826699,0.833222,0.847571,0.885000,0.932363,0.915204,0.956346,0.987704,0.979125,1.075105,1.221460,1.248352,1.260444,1.285029,1.294461,1.321705,1.330485,1.313176,1.317491,1.323261,1.311370,1.306101,1.311319,1.303643,1.296970,1.316939,1.339517,1.197828,0.986149,0.939939,0.952131,0.939237,1.036372,0.821983,0.455821,0.412973,0.477797,0.461189,0.455169,0.460939,0.445736,0.439615,0.431537,0.448546,0.429681,0.426972,0.425065
0.331384,0.343143,0.352223,0.337487,0.325083,0.347559,0.350338,0.347113,0.327068,0.335949,0.357582,0.375294,0.353960,0.335205,0.358772,0.366959,0.343590,0.342846,0.337636,0.345029,0.337041,0.353761,0.351330,0.346319,0.357135,0.349147,0.314664,0.335602,0.355647,0.349246,0.327018,0.337983,0.311340,0.235675,0.400698,0.681325,0.685294,0.611813,0.600302,0.578620,0.592265,0.581796,0.551580,0.521463,0.505635,0.453737,0.587353,0.787602,0.793308,0.723250,0.706282,0.684401,0.710301,0.743940,0.736399,0.700675,0.696061,0.674528,0.652746,0.624416,0.626103,0.577132,0.585021,0.598367,0.442325,0.198315,0.203276,0.217566,0.185960,0.190078,0.181098,0.194097,0.186804,0.181793,0.191517,0.153859,0.309156,0.555747,0.617519,0.603875,0.616428,0.581944,0.584475,0.615882,0.639300,0.628831,0.652300,0.738483,0.590280,0.336594,0.369142,0.443417,0.427937,0.450611,0.457706,0.511738,0.527863,0.538679,0.561900,0.589883,0.573113,0.549843,0.601543,0.635083,0.628385,0.620049,0.780854,1.048631,1.100083,1.085000,1.111941,1.141959,1.143993,1.117697,1.122063,1.134169,1.155405,1.164832,1.146672,1.138982,1.140917,1.143447,1.150592,1.167759,1.020152,0.821738,0.808887,0.813452,0.797625,0.860190,0.681077,0.351082,0.293676,0.340811,0.349048,0.354307,0.354505,0.351925,0.336792,0.348254,0.341754,0.329350,0.335602,0.380058
0.320532,0.341534,0.332033,0.328833,0.327633,0.336934,0.350635,0.349335,0.326133,0.336934,0.360386,0.378238,0.369337,0.353036,0.371637,0.369837,0.340634,0.345535,0.340284,0.351385,0.364637,0.367637,0.356136,0.333184,0.359936,0.341984,0.317132,0.338234,0.366037,0.353286,0.329583,0.334334,0.309731,0.237524,0.403841,0.682369,0.697320,0.616612,0.605061,0.586259,0.596910,0.586359,0.555906,0.523853,0.507801,0.457296,0.596060,0.793780,0.793330,0.728923,0.711822,0.688269,0.687819,0.749775,0.742175,0.716672,0.682119,0.671518,0.657866,0.625913,0.608211,0.576108,0.577958,0.603061,0.445795,0.199870,0.205921,0.234924,0.186219,0.180918,0.176168,0.146615,0.159616,0.181418,0.202970,0.150665,0.311581,0.560106,0.622363,0.638114,0.667967,0.598460,0.595060,0.642865,0.635364,0.615062,0.672068,0.750375,0.607811,0.355836,0.387389,0.443095,0.421242,0.459896,0.466997,0.502751,0.537504,0.552856,0.578458,0.601060,0.583909,0.554156,0.604061,0.640064,0.640364,0.629163,0.786979,1.050106,1.097910,1.092860,1.119113,1.147165,1.142215,1.126463,1.124013,1.130964,1.164467,1.165467,1.145865,1.147915,1.143115,1.152416,1.169068,1.184169,1.035504,0.828183,0.815232,0.822833,0.829483,0.868337,0.679918,0.343285,0.296830,0.343485,0.351785,0.362887,0.367237,0.354686,0.337684,0.346635,0.348135,0.339934,0.343585,0.386989
0.428763,0.416926,0.422013,0.425942,0.421107,0.435362,0.417228,0.444227,0.467650,0.433498,0.422719,0.442364,0.439190,0.434405,0.442364,0.415062,0.430375,0.452236,0.438535,0.444328,0.453042,0.446544,0.445084,0.452992,0.457626,0.442011,0.447401,0.496916,0.484575,0.451783,0.410680,0.442666,0.432037,0.328826,0.522102,0.908402,0.935905,0.854756,0.823324,0.797786,0.785948,0.775320,0.728222,0.741470,0.734569,0.636496,0.813653,1.172450,1.183380,1.081176,1.075283,1.052011,1.030099,1.027027,0.994688,0.961745,0.939279,0.920995,0.920189,0.947943,0.950865,0.920843,0.909056,0.917469,0.770786,0.500492,0.514193,0.533687,0.457576,0.503011,0.503011,0.442464,0.452790,0.463570,0.451481,0.389221,0.584966,0.839342,0.836320,0.807205,0.860146,0.850122,0.842163,0.876970,0.880697,0.890671,0.921700,0.951117,0.816423,0.618966,0.605064,0.657450,0.650549,0.693567,0.753358,0.778241,0.800405,0.822367,0.844984,0.869716,0.909862,0.936610,0.918829,0.960133,1.005367,0.984916,1.079363,1.213351,1.253296,1.265436,1.290118,1.299588,1.326939,1.335754,1.339331,1.334747,1.326839,1.310921,1.311274,1.325982,1.327141,1.306891,1.337870,1.344821,1.195318,0.982498,0.943712,0.962853,0.958018,1.042843,0.820654,0.426950,0.414609,0.487597,0.463016,0.439291,0.462764,0.452539,0.441356,0.431987,0.429418,0.431382,0.427806,0.418185
0.452285,0.445639,0.447560,0.444289,0.434111,0.448806,0.430113,0.457946,0.504316,0.461477,0.457738,0.473628,0.452753,0.447820,0.456024,0.427880,0.449481,0.472329,0.451558,0.448131,0.474251,0.460334,0.459763,0.472901,0.487907,0.466046,0.472693,0.497566,0.498553,0.491958,0.443666,0.454726,0.434630,0.361776,0.568654,0.956031,0.974257,0.870247,0.830263,0.811517,0.812919,0.799263,0.755280,0.764368,0.757254,0.661240,0.843816,1.208656,1.220703,1.134141,1.129727,1.101115,1.072763,1.058950,1.028936,1.012735,0.984539,0.957692,0.960808,0.977217,0.988589,0.970311,0.948709,0.980073,0.817905,0.569381,0.549130,0.568914,0.520050,0.548247,0.557853,0.497670,0.473212,0.487440,0.471602,0.418221,0.603030,0.887695,0.869520,0.833898,0.901248,0.885721,0.874557,0.904052,0.907894,0.918176,0.963612,0.980488,0.841635,0.638081,0.624060,0.682323,0.670639,0.714985,0.788721,0.829640,0.830263,0.855604,0.892056,0.896574,0.937960,0.971245,0.972751,0.993470,1.036414,1.021459,1.115966,1.250821,1.291999,1.300931,1.335203,1.350054,1.372486,1.392063,1.389519,1.389882,1.367813,1.351404,1.377887,1.389882,1.380016,1.362049,1.398554,1.392426,1.237943,1.012839,1.009568,1.007750,1.012320,1.082525,0.849061,0.440135,0.427412,0.502655,0.482299,0.452857,0.477055,0.469577,0.457946,0.445327,0.442679,0.463138,0.443198,0.467396
0.446040,0.439485,0.459765,0.459560,0.461711,0.450803,0.424174,0.451622,0.487521,0.458382,0.450905,0.467088,0.459918,0.465449,0.449727,0.423508,0.454644,0.467856,0.453722,0.454285,0.483424,0.461915,0.453415,0.466166,0.471389,0.456026,0.466166,0.490696,0.485267,0.462479,0.437539,0.450137,0.438564,0.350021,0.545132,0.943803,0.951484,0.853417,0.837030,0.800312,0.801695,0.815778,0.764670,0.756476,0.746798,0.660867,0.843226,1.202773,1.231911,1.169230,1.136968,1.104449,1.077154,1.059538,1.014729,1.000032,0.996447,0.959064,0.947541,0.971098,0.974939,0.956913,0.935609,0.974273,0.807584,0.561519,0.541547,0.561058,0.512870,0.540677,0.550151,0.490798,0.496790,0.516557,0.482143,0.412446,0.607352,0.912053,0.889162,0.860791,0.894232,0.878971,0.862481,0.904832,0.927211,0.926699,0.951894,0.990507,0.865503,0.636388,0.639461,0.679866,0.662147,0.705112,0.783310,0.824432,0.830782,0.854441,0.912411,0.912411,0.938067,0.982262,0.993989,0.998803,1.022103,1.007355,1.100557,1.252856,1.292134,1.286143,1.324755,1.343549,1.366031,1.382008,1.370332,1.372329,1.367516,1.346110,1.364085,1.389894,1.361575,1.362804,1.392301,1.373200,1.220850,0.998854,0.972071,1.013551,1.026712,1.087959,0.842765,0.470365,0.438461,0.505598,0.475640,0.446604,0.470468,0.463093,0.460379,0.439178,0.457819,0.459457,0.464578,0.457511
0.469523,0.460837,0.445549,0.474856,0.484151,0.452304,0.440013,0.463428,0.483542,0.454641,0.447225,0.464037,0.466171,0.479681,0.444990,0.444686,0.467999,0.485522,0.469929,0.459517,0.471859,0.462361,0.467999,0.462361,0.471351,0.453117,0.462361,0.461599,0.461803,0.458704,0.432902,0.446463,0.463682,0.362250,0.543629,0.936100,0.943719,0.846452,0.834922,0.804193,0.807647,0.829792,0.779457,0.752639,0.738874,0.655473,0.844217,1.201591,1.226682,1.154456,1.142418,1.098990,1.080350,1.062420,1.041951,1.040884,1.014929,0.966931,0.951084,0.963172,0.966982,0.949103,0.917053,0.966321,0.800993,0.536569,0.537127,0.570549,0.544492,0.551349,0.558003,0.523921,0.482932,0.508277,0.515591,0.419340,0.582434,0.907961,0.916748,0.890692,0.906031,0.906285,0.906844,0.948290,0.977140,0.982321,1.003552,1.055157,0.900291,0.658216,0.649530,0.703675,0.716576,0.755686,0.818211,0.848890,0.840052,0.865397,0.929751,0.936506,0.942754,0.987400,1.001876,1.018332,1.032859,1.013507,1.105797,1.265081,1.290020,1.296115,1.323898,1.356812,1.356761,1.377027,1.359148,1.356659,1.369814,1.361586,1.368646,1.378551,1.355593,1.361738,1.392569,1.377382,1.222314,0.996492,0.985064,1.021888,1.048097,1.098279,0.842845,0.466526,0.470437,0.537483,0.491516,0.449562,0.457892,0.462920,0.496189,0.489180,0.466526,0.483338,0.460787,0.450273
0.486714,0.502210,0.465191,0.495070,0.484891,0.474357,0.472129,0.482359,0.485752,0.458304,0.462761,0.489702,0.483270,0.481346,0.458760,0.460178,0.449594,0.462659,0.500893,0.484789,0.470458,0.460836,0.450252,0.460988,0.461494,0.450961,0.447568,0.452835,0.454354,0.467318,0.450860,0.445137,0.460482,0.361174,0.542014,0.937726,0.934130,0.843837,0.832442,0.813806,0.811983,0.841355,0.788435,0.761291,0.742098,0.664262,0.863131,1.208302,1.230939,1.154926,1.143279,1.119731,1.087827,1.064937,1.066912,1.045389,1.011915,0.964059,0.976314,0.980264,0.982644,0.942385,0.914329,0.969782,0.822111,0.557713,0.547382,0.575995,0.542875,0.551889,0.567132,0.551079,0.500336,0.511427,0.535684,0.482966,0.636714,0.932358,0.972162,0.936662,0.941473,0.953019,0.979302,0.996014,0.985430,0.999305,1.046554,1.092182,0.920913,0.689684,0.675100,0.753290,0.805045,0.819478,0.835835,0.855383,0.858928,0.882527,0.926990,0.933725,0.946790,0.992114,1.009636,1.050757,1.060379,1.029893,1.117654,1.264666,1.293684,1.295557,1.319966,1.352782,1.368582,1.392535,1.366303,1.357593,1.365746,1.372684,1.374811,1.381698,1.362860,1.370608,1.391978,1.385901,1.236155,1.009181,1.005433,1.036324,1.063215,1.095018,0.852395,0.465141,0.469040,0.534975,0.490056,0.477497,0.478763,0.461545,0.517706,0.521403,0.487879,0.497906,0.494766,0.479320
0.322496,0.325112,0.320131,0.330847,0.333464,0.345136,0.352783,0.345086,0.321791,0.349915,0.371449,0.364003,0.371600,0.355198,0.363349,0.379549,0.353437,0.354444,0.348859,0.350217,0.341765,0.359525,0.358317,0.357362,0.366719,0.340457,0.319075,0.345237,0.368279,0.347501,0.336784,0.335526,0.309163,0.238979,0.401132,0.674625,0.698724,0.634477,0.608767,0.602479,0.623811,0.597095,0.559211,0.524043,0.510912,0.460097,0.595385,0.781587,0.783801,0.733389,0.716182,0.692486,0.689417,0.760154,0.746721,0.721062,0.686297,0.669795,0.661896,0.629747,0.611937,0.579637,0.581499,0.606755,0.448526,0.201094,0.204163,0.223030,0.184039,0.175637,0.177247,0.170757,0.160594,0.182530,0.219005,0.175134,0.320282,0.563538,0.631055,0.638200,0.636590,0.602126,0.598705,0.654450,0.639256,0.618830,0.668085,0.759953,0.627534,0.373964,0.385687,0.431521,0.417584,0.458588,0.469858,0.493504,0.536218,0.545124,0.557852,0.595888,0.587486,0.557550,0.607761,0.650626,0.645344,0.627181,0.791800,1.056539,1.099504,1.082751,1.122597,1.146696,1.146546,1.138999,1.137791,1.157815,1.171601,1.176380,1.153438,1.154948,1.150118,1.150772,1.176229,1.180556,1.041043,0.830339,0.819371,0.829534,0.826917,0.850413,0.670298,0.332910,0.298648,0.351525,0.343727,0.365110,0.369487,0.352683,0.345790,0.343073,0.335979,0.334168,0.361386,0.389360
0.354964,0.367560,0.343591,0.356718,0.363255,0.373352,0.372662,0.364530,0.358471,0.384194,0.401201,0.396099,0.400882,0.396577,0.383822,0.381218,0.373352,0.395780,0.385736,0.374734,0.387542,0.389349,0.378508,0.377498,0.388446,0.366443,0.337054,0.364690,0.389031,0.375478,0.355761,0.354060,0.329188,0.253029,0.432717,0.723267,0.738095,0.667304,0.644824,0.652477,0.662255,0.652955,0.590721,0.553571,0.547406,0.501063,0.628933,0.827859,0.836628,0.806176,0.792198,0.749787,0.746173,0.822279,0.822598,0.784386,0.751913,0.723746,0.713807,0.708440,0.670653,0.618197,0.626647,0.671343,0.508344,0.249628,0.220557,0.252657,0.209396,0.185534,0.187234,0.232462,0.228688,0.239211,0.253454,0.216199,0.369685,0.613201,0.679315,0.710300,0.709928,0.654337,0.669590,0.725393,0.695525,0.661830,0.714286,0.808461,0.683461,0.415072,0.418420,0.470929,0.441114,0.498352,0.524926,0.521312,0.566433,0.587585,0.625585,0.639137,0.627976,0.623459,0.642007,0.691114,0.707058,0.673044,0.837957,1.117613,1.161458,1.143761,1.188829,1.211309,1.214605,1.218750,1.216465,1.241231,1.243250,1.235863,1.243144,1.226403,1.214923,1.215614,1.242506,1.258556,1.104804,0.877126,0.877232,0.876275,0.873512,0.898331,0.708068,0.353635,0.324298,0.373724,0.373884,0.388340,0.397959,0.372555,0.369313,0.368410,0.354911,0.352997,0.401307,0.421822
0.491776,0.501073,0.476113,0.493949,0.487532,0.481772,0.490008,0.490816,0.481014,0.457266,0.461713,0.492837,0.504458,0.482176,0.481216,0.463683,0.456559,0.482075,0.499759,0.492938,0.469393,0.459793,0.444382,0.465199,0.460450,0.449940,0.452668,0.451809,0.440694,0.446706,0.455599,0.462824,0.459439,0.360356,0.564383,0.935602,0.929943,0.841926,0.841016,0.811964,0.810145,0.839450,0.796048,0.767146,0.740418,0.662758,0.866179,1.206274,1.248211,1.171916,1.148471,1.146299,1.104968,1.084504,1.081675,1.064142,1.009624,0.982087,1.005733,0.989009,0.987999,0.959350,0.930600,0.983249,0.827374,0.576711,0.547507,0.580400,0.567465,0.565697,0.574943,0.565848,0.504660,0.510926,0.540686,0.508450,0.688375,0.954600,0.991636,0.955005,0.954297,0.972537,1.009321,1.027662,1.014171,1.012656,1.075359,1.094711,0.939139,0.706464,0.710910,0.806860,0.842583,0.839602,0.858549,0.892301,0.873758,0.895636,0.959855,0.963139,0.959299,0.989868,1.015081,1.059746,1.075359,1.053330,1.121439,1.270746,1.305862,1.310308,1.330266,1.349719,1.365483,1.390747,1.378721,1.372961,1.369121,1.369576,1.361492,1.378570,1.373214,1.387008,1.391100,1.392060,1.250535,1.026197,1.010685,1.052572,1.064344,1.092538,0.855417,0.502892,0.498294,0.533764,0.488947,0.487734,0.486774,0.464542,0.521738,0.531945,0.494909,0.510623,0.504761,0.450193
0.482364,0.491483,0.470867,0.484495,0.478201,0.483455,0.496291,0.481423,0.471808,0.459319,0.462887,0.483405,0.494804,0.484743,0.499512,0.448267,0.445442,0.493218,0.492822,0.483504,0.455057,0.450993,0.431962,0.456296,0.454561,0.441676,0.444005,0.432557,0.415459,0.426560,0.447177,0.456891,0.445096,0.356037,0.567409,0.917697,0.912146,0.825813,0.836766,0.804304,0.794640,0.809657,0.781358,0.754298,0.718120,0.657013,0.862438,1.183188,1.201079,1.118364,1.120049,1.124361,1.083821,1.063749,1.060974,1.043777,0.963044,0.957097,0.986486,0.970081,0.969090,0.940990,0.922157,0.964431,0.815852,0.570036,0.546197,0.570382,0.531478,0.540101,0.563940,0.558141,0.518939,0.520129,0.537772,0.506748,0.675201,0.936331,0.982570,0.936728,0.936034,0.963193,0.994861,1.007994,1.013050,1.016073,1.054779,1.073760,0.922355,0.692944,0.709546,0.801281,0.826457,0.823533,0.843655,0.895147,0.866749,0.894057,0.965324,0.951695,0.940940,0.970924,0.995753,1.039465,1.054779,1.040307,1.119454,1.249102,1.280870,1.278194,1.300843,1.311746,1.339351,1.371961,1.369780,1.365122,1.360265,1.343365,1.333651,1.352186,1.356399,1.360463,1.367054,1.382071,1.239339,1.018352,0.995456,1.032427,1.043975,1.078320,0.843109,0.509573,0.488758,0.523549,0.479589,0.481076,0.485288,0.460558,0.514132,0.521764,0.496291,0.503923,0.497431,0.476715
0.485846,0.478360,0.473436,0.491172,0.489112,0.482580,0.498407,0.493734,0.478913,0.465649,0.469266,0.490066,0.506848,0.499462,0.490318,0.453138,0.453038,0.500015,0.499613,0.492478,0.482379,0.459268,0.439774,0.469819,0.459218,0.445652,0.450124,0.438518,0.421184,0.432438,0.446556,0.463187,0.451229,0.358330,0.566486,0.923007,0.924715,0.837193,0.858395,0.824481,0.816392,0.814383,0.802927,0.784940,0.728016,0.666066,0.876482,1.220996,1.241194,1.165327,1.155530,1.149300,1.098756,1.056552,1.058511,1.037158,0.947827,0.970285,0.982997,0.956921,0.960438,0.953957,0.934864,0.965613,0.827044,0.577891,0.553724,0.578242,0.538802,0.547544,0.571711,0.549403,0.521820,0.543123,0.545183,0.511068,0.684505,0.950641,1.002591,0.956619,0.968627,0.976465,1.013092,1.011334,1.008470,1.018468,1.079061,1.088004,0.951495,0.745600,0.750524,0.825788,0.848849,0.846035,0.850959,0.907482,0.903061,0.933910,0.981690,0.951997,0.958378,1.009374,1.025954,1.060421,1.076900,1.069816,1.148596,1.266315,1.318366,1.302942,1.318768,1.331731,1.366800,1.398202,1.383581,1.361223,1.361927,1.367303,1.355948,1.370820,1.378708,1.384536,1.389359,1.417495,1.261743,1.022337,1.000180,1.035299,1.058361,1.086396,0.854627,0.516595,0.468110,0.512223,0.485092,0.483836,0.490971,0.491423,0.521217,0.522674,0.492126,0.510867,0.508254,0.463337
0.484777,0.483373,0.462067,0.478310,0.486682,0.478059,0.507787,0.505431,0.465676,0.460613,0.480816,0.499967,0.505732,0.498362,0.505281,0.456602,0.450436,0.480716,0.485629,0.478560,0.460312,0.456201,0.449484,0.477758,0.457605,0.445473,0.460162,0.450386,0.432589,0.440059,0.445573,0.462167,0.430283,0.360148,0.565238,0.908192,0.919471,0.844474,0.856505,0.828632,0.822466,0.811988,0.801160,0.783212,0.725059,0.658183,0.879165,1.218308,1.214949,1.131279,1.136894,1.144765,1.100598,1.055329,1.056181,1.034875,0.945740,0.993215,0.988202,0.981284,0.980281,0.960279,0.935112,0.963487,0.825223,0.576618,0.552505,0.594766,0.564386,0.561278,0.578122,0.564587,0.522175,0.525333,0.543882,0.512249,0.685054,0.948548,0.993767,0.934511,0.948347,0.986648,1.011163,1.005448,1.007904,1.032419,1.055379,1.085609,0.961281,0.751880,0.748872,0.820811,0.846980,0.844173,0.849086,0.900521,0.901073,0.931854,0.954163,0.949901,0.956268,0.975519,1.007252,1.058086,1.090472,1.079693,1.146068,1.263277,1.302480,1.297015,1.315865,1.328799,1.374068,1.395124,1.399836,1.367401,1.358177,1.374620,1.373617,1.356923,1.372063,1.376174,1.386301,1.420390,1.266385,1.030113,0.997978,1.033020,1.047960,1.068865,0.859062,0.515457,0.455850,0.504428,0.477558,0.477507,0.476204,0.490341,0.520070,0.521523,0.502022,0.509742,0.507135,0.465325
0.484842,0.474297,0.479393,0.488879,0.489837,0.481159,0.511080,0.516378,0.468696,0.467182,0.497709,0.499576,0.495035,0.501594,0.508557,0.459563,0.453357,0.476567,0.487062,0.481663,0.459715,0.449068,0.440188,0.471017,0.459210,0.450985,0.463146,0.453307,0.461682,0.454719,0.446747,0.439078,0.418693,0.359254,0.568904,0.929218,0.930732,0.862110,0.865036,0.853633,0.827799,0.817254,0.806355,0.806304,0.741013,0.662451,0.886481,1.227772,1.222828,1.138615,1.136496,1.142702,1.107735,1.078874,1.098098,1.043150,0.951873,0.999656,0.994610,0.995771,0.986638,0.971703,0.945818,0.969735,0.830574,0.591963,0.556945,0.600439,0.582477,0.589742,0.577280,0.568248,0.529850,0.545441,0.547409,0.520566,0.700748,0.967363,1.016710,0.974276,0.980482,1.015449,1.031545,1.032806,1.039820,1.051072,1.078823,1.101377,0.984670,0.794851,0.780319,0.846115,0.863169,0.874976,0.860748,0.894150,0.931438,0.959593,0.960249,0.956061,0.969483,0.984014,1.026297,1.066209,1.091084,1.082910,1.153500,1.271468,1.289936,1.304164,1.337416,1.333530,1.360828,1.404120,1.408913,1.380355,1.374350,1.383533,1.388226,1.365722,1.380960,1.387469,1.395290,1.429601,1.276312,1.036792,1.005862,1.042999,1.053746,1.091740,0.866146,0.485650,0.440844,0.500534,0.480654,0.485902,0.481916,0.493521,0.515268,0.513199,0.494227,0.499525,0.510424,0.494177
0.351163,0.363624,0.375506,0.364781,0.385601,0.384129,0.383919,0.369513,0.363308,0.380081,0.396905,0.391858,0.388335,0.382709,0.394329,0.397589,0.369355,0.391542,0.390438,0.373035,0.385128,0.390596,0.384497,0.378871,0.382184,0.362520,0.342278,0.352267,0.384865,0.377347,0.353687,0.349743,0.329922,0.266777,0.428083,0.715523,0.739919,0.681348,0.660895,0.650485,0.655164,0.645963,0.604795,0.576877,0.560841,0.513206,0.622198,0.841761,0.853854,0.834610,0.832139,0.763316,0.770414,0.838028,0.835189,0.789394,0.743862,0.726354,0.720938,0.710160,0.680191,0.663472,0.652904,0.684082,0.535078,0.269616,0.218195,0.249952,0.207154,0.183547,0.185229,0.229973,0.226240,0.236650,0.256577,0.219983,0.390596,0.677510,0.720097,0.702694,0.702326,0.647330,0.662420,0.717626,0.688078,0.654744,0.706637,0.823674,0.697068,0.410628,0.419671,0.472984,0.436391,0.506213,0.541755,0.528611,0.568622,0.625406,0.637288,0.632293,0.621252,0.616783,0.635132,0.683714,0.732243,0.692494,0.843864,1.142134,1.149022,1.131514,1.176099,1.219475,1.208276,1.205700,1.216163,1.240927,1.229938,1.222630,1.216373,1.218371,1.214638,1.202598,1.229202,1.268582,1.111797,0.874727,0.867839,0.866893,0.875042,0.913266,0.714892,0.349849,0.320826,0.371458,0.379923,0.384182,0.393698,0.368566,0.368040,0.364465,0.351110,0.364833,0.403214,0.417305
0.364242,0.376246,0.383923,0.370991,0.378153,0.368931,0.361254,0.362079,0.378256,0.372434,0.388920,0.384438,0.368879,0.371558,0.386396,0.381038,0.351105,0.390620,0.394845,0.375061,0.381604,0.372382,0.376607,0.371249,0.354917,0.348632,0.346159,0.355536,0.382068,0.376916,0.354196,0.343222,0.333279,0.269086,0.433948,0.701128,0.725857,0.667640,0.655173,0.645126,0.647754,0.650999,0.595616,0.592525,0.591752,0.514988,0.638429,0.875367,0.872533,0.837809,0.850174,0.798448,0.817871,0.842394,0.820704,0.811946,0.783971,0.727248,0.709938,0.739922,0.719417,0.713750,0.712102,0.729618,0.572381,0.317926,0.269447,0.279493,0.221946,0.254815,0.254609,0.286551,0.307622,0.325912,0.317411,0.278772,0.393918,0.603550,0.651154,0.681550,0.722560,0.691339,0.703189,0.719160,0.700561,0.696440,0.758830,0.827144,0.702004,0.464448,0.456462,0.506436,0.503602,0.542345,0.555946,0.580418,0.638171,0.687630,0.676656,0.663003,0.669083,0.655379,0.655276,0.690463,0.743528,0.720551,0.873203,1.122969,1.144092,1.132294,1.166863,1.177270,1.189223,1.210500,1.224874,1.233117,1.222504,1.209573,1.205761,1.204679,1.217095,1.193860,1.236312,1.289995,1.120135,0.865526,0.873306,0.877736,0.866608,0.922352,0.718902,0.371867,0.340904,0.385829,0.391496,0.381347,0.385777,0.363263,0.376710,0.378668,0.378977,0.392990,0.404582,0.414062
0.485535,0.459925,0.476163,0.477817,0.486537,0.482728,0.500169,0.505582,0.467492,0.462681,0.494355,0.489694,0.475812,0.476965,0.489093,0.456467,0.451906,0.490947,0.483781,0.478418,0.456617,0.448197,0.443937,0.449851,0.453009,0.447947,0.460025,0.460276,0.456918,0.439226,0.438274,0.432511,0.408655,0.347061,0.558204,0.901206,0.919699,0.856301,0.861764,0.851340,0.822221,0.789445,0.800922,0.800872,0.736020,0.647814,0.872288,1.219500,1.236439,1.153846,1.134952,1.130793,1.107288,1.097314,1.091350,1.045894,0.987207,0.992920,0.987057,0.982797,0.982245,0.969616,0.950120,0.963201,0.827684,0.602308,0.553193,0.596394,0.584215,0.613534,0.583714,0.536804,0.526280,0.541766,0.551389,0.524526,0.696027,0.960845,0.994925,0.952777,0.973876,1.008607,1.024594,1.025847,1.048049,1.052760,1.071554,1.109092,1.006051,0.807587,0.783180,0.843571,0.856401,0.878252,0.877851,0.902359,0.927518,0.953127,0.956385,0.961296,0.989312,1.002643,1.035821,1.063986,1.077267,1.090398,1.151942,1.262901,1.280442,1.304398,1.344692,1.340984,1.372858,1.394659,1.399420,1.374462,1.370352,1.374211,1.369450,1.361181,1.371756,1.372457,1.385889,1.419968,1.273626,1.035921,0.995426,1.035971,1.046646,1.084384,0.868379,0.507887,0.437873,0.493052,0.477416,0.482628,0.478669,0.490196,0.511796,0.510343,0.486487,0.503677,0.502875,0.456467
0.477162,0.460408,0.480563,0.476812,0.483413,0.480013,0.492916,0.504518,0.488965,0.476562,0.493316,0.481213,0.468560,0.457707,0.478912,0.462959,0.450956,0.472361,0.469910,0.477412,0.478762,0.483864,0.469260,0.457857,0.456507,0.447005,0.452706,0.453156,0.455957,0.438303,0.437353,0.431601,0.398794,0.354733,0.552430,0.890659,0.918365,0.857501,0.857001,0.831945,0.811190,0.785534,0.798937,0.778933,0.732622,0.656604,0.870454,1.195781,1.239191,1.169674,1.129265,1.128415,1.104959,1.095007,1.079253,1.060599,1.022190,0.988932,0.971828,0.980730,0.989632,0.978079,0.954924,0.969628,0.840847,0.617595,0.552030,0.589688,0.602491,0.616995,0.573635,0.517721,0.528724,0.540627,0.550229,0.530825,0.704465,0.958825,1.007736,0.970728,1.007186,1.038544,1.041144,1.051047,1.062149,1.050546,1.067951,1.099758,0.990983,0.796937,0.773431,0.838647,0.854601,0.862752,0.853150,0.886258,0.925567,0.952724,0.961176,0.957975,0.974879,1.002685,1.034343,1.061749,1.071651,1.077703,1.143318,1.258045,1.277750,1.292653,1.325611,1.352767,1.396328,1.390876,1.392627,1.359469,1.360669,1.367021,1.375973,1.381424,1.362020,1.354568,1.379974,1.416982,1.270948,1.022140,0.993333,1.033793,1.044445,1.097508,0.866553,0.491915,0.436953,0.492015,0.482563,0.489165,0.486664,0.507869,0.499567,0.496466,0.490915,0.498067,0.497517,0.481063
0.484824,0.471862,0.494482,0.477117,0.483723,0.475365,0.492030,0.504841,0.495733,0.476867,0.492881,0.478518,0.459852,0.457300,0.473414,0.464856,0.456599,0.453246,0.468459,0.477718,0.471362,0.485524,0.484924,0.475716,0.456799,0.447291,0.452996,0.464756,0.467909,0.461654,0.431427,0.425172,0.392993,0.329838,0.544876,0.891229,0.924608,0.854046,0.851344,0.838383,0.821018,0.808306,0.799449,0.774127,0.744951,0.664030,0.883372,1.196546,1.239984,1.170423,1.133291,1.137194,1.117327,1.109770,1.112372,1.070736,1.022844,1.002526,0.985611,0.997522,0.991967,0.978705,0.964343,0.973851,0.841335,0.603678,0.549680,0.590066,0.602877,0.623145,0.590116,0.518053,0.531164,0.555235,0.536869,0.545627,0.732190,0.980107,1.020892,0.990816,1.007831,1.039208,1.045864,1.075440,1.082196,1.052720,1.068634,1.107468,1.021143,0.808357,0.780382,0.839183,0.866657,0.876967,0.875665,0.872262,0.926160,0.953333,0.930814,0.966995,0.979606,1.003327,1.035005,1.062429,1.072337,1.081745,1.146902,1.258850,1.280219,1.299986,1.331864,1.355084,1.397221,1.392617,1.377354,1.349429,1.354234,1.367896,1.376853,1.379105,1.351681,1.342874,1.376103,1.415537,1.264906,1.024395,0.993969,1.036406,1.045664,1.079844,0.853396,0.480220,0.437482,0.500337,0.477968,0.497335,0.486976,0.508194,0.496534,0.493081,0.482922,0.490028,0.496984,0.481371
0.494324,0.493522,0.495628,0.473458,0.483540,0.476467,0.493171,0.497635,0.492117,0.462122,0.484192,0.479627,0.460918,0.458360,0.474511,0.465934,0.464078,0.464680,0.478072,0.474210,0.462523,0.461169,0.472806,0.476818,0.453544,0.447375,0.440152,0.454497,0.461921,0.472154,0.438647,0.432879,0.396713,0.327744,0.546139,0.896304,0.930413,0.856026,0.840477,0.839072,0.834909,0.819058,0.781388,0.749988,0.746678,0.675250,0.897960,1.199319,1.242858,1.158941,1.135917,1.131754,1.119916,1.112342,1.114951,1.073218,1.025215,0.997928,1.005803,1.004499,0.994266,0.988598,0.996523,1.029478,0.879250,0.605077,0.550955,0.591433,0.622332,0.630959,0.589879,0.527931,0.549600,0.587421,0.551857,0.569865,0.779282,1.009866,1.034745,1.003446,1.041467,1.041617,1.066095,1.077933,1.093332,1.073569,1.076578,1.114700,1.026017,0.810230,0.778228,0.836313,0.862647,0.878999,0.879501,0.874284,0.928306,0.940595,0.932971,0.969237,0.981877,0.982930,1.024011,1.059474,1.060828,1.076378,1.146501,1.250934,1.281531,1.299890,1.345836,1.367003,1.389525,1.394992,1.386064,1.363492,1.362639,1.366903,1.376383,1.381951,1.354814,1.345986,1.379292,1.429001,1.277569,1.027623,0.996273,1.038808,1.048088,1.082347,0.864654,0.489409,0.433330,0.493471,0.488556,0.499892,0.490261,0.488606,0.497183,0.497936,0.492368,0.484342,0.485145,0.508570
0.488555,0.480873,0.495389,0.467105,0.465309,0.473839,0.489453,0.488156,0.489403,0.459024,0.457228,0.461817,0.470647,0.456729,0.463862,0.463364,0.468601,0.465459,0.471495,0.468502,0.459922,0.458625,0.470198,0.469848,0.451990,0.441864,0.432037,0.442912,0.460271,0.469549,0.451741,0.445506,0.394525,0.325936,0.542977,0.891360,0.927575,0.857340,0.848610,0.834444,0.821025,0.820177,0.782865,0.756077,0.750890,0.679706,0.859036,1.178288,1.236002,1.152548,1.128554,1.116482,1.106556,1.093586,1.083709,1.048442,1.019560,0.978456,0.992274,1.005493,0.988782,0.983295,1.007638,1.041209,0.874400,0.601739,0.558690,0.595604,0.600941,0.627479,0.586625,0.525019,0.572907,0.603485,0.555448,0.566721,0.774983,1.039363,1.034674,1.007438,1.050238,1.044551,1.060214,1.071987,1.087301,1.067647,1.070640,1.104959,0.995366,0.788052,0.763360,0.807806,0.848511,0.882182,0.889914,0.869462,0.912810,0.923984,0.927825,0.963890,0.976461,1.008984,1.026394,1.045100,1.054977,1.070440,1.152398,1.259846,1.276108,1.292719,1.337315,1.359463,1.370038,1.383357,1.367793,1.368043,1.362705,1.354524,1.364152,1.393782,1.357318,1.337165,1.361957,1.392386,1.260844,0.997861,0.990777,1.038715,1.061312,1.095282,0.861780,0.480025,0.430940,0.498332,0.485861,0.497134,0.487557,0.508907,0.494441,0.495189,0.489652,0.484963,0.489552,0.507959
0.383939,0.402936,0.379165,0.376930,0.372816,0.358696,0.370784,0.361692,0.365095,0.364841,0.375813,0.377997,0.363673,0.381501,0.380943,0.364334,0.345134,0.385108,0.390339,0.397501,0.378149,0.367127,0.368346,0.371089,0.343559,0.346150,0.357172,0.374644,0.380943,0.371597,0.342899,0.338379,0.330557,0.279053,0.434021,0.712160,0.726331,0.663094,0.645926,0.636022,0.635463,0.637546,0.605902,0.608696,0.601534,0.534843,0.650904,0.816436,0.854226,0.825985,0.838175,0.787586,0.821922,0.809579,0.809122,0.800487,0.829591,0.759295,0.706776,0.729480,0.759244,0.733899,0.711347,0.739181,0.597064,0.378759,0.335737,0.337363,0.305313,0.315471,0.344728,0.359711,0.367737,0.376930,0.343001,0.288297,0.414618,0.650701,0.706014,0.709823,0.742229,0.726331,0.743702,0.747562,0.757365,0.767523,0.800741,0.845286,0.711906,0.506806,0.503200,0.550589,0.551249,0.587820,0.600670,0.646739,0.703068,0.717950,0.700173,0.710077,0.715563,0.678129,0.680008,0.709010,0.745632,0.714801,0.882212,1.132314,1.148110,1.152224,1.172795,1.175589,1.186712,1.203322,1.237403,1.246800,1.219423,1.207893,1.204642,1.215004,1.226940,1.203068,1.241771,1.271790,1.121292,0.877946,0.882923,0.882263,0.883533,0.919697,0.723131,0.403748,0.365705,0.402072,0.405425,0.394707,0.388054,0.378047,0.382568,0.389120,0.388155,0.403545,0.410605,0.445804
0.378417,0.394738,0.371451,0.371103,0.388070,0.365380,0.365082,0.369411,0.365331,0.376327,0.380607,0.370306,0.353388,0.374337,0.370207,0.356921,0.336769,0.359608,0.382398,0.405486,0.370456,0.359658,0.370356,0.363539,0.337316,0.339108,0.349905,0.353985,0.355827,0.352542,0.328559,0.330997,0.330201,0.283029,0.426435,0.697671,0.711554,0.649604,0.625222,0.614971,0.611787,0.628755,0.602532,0.596312,0.589296,0.523962,0.637661,0.823511,0.854461,0.811171,0.821123,0.778380,0.805200,0.813958,0.790422,0.784202,0.812714,0.770568,0.719366,0.726033,0.745987,0.720659,0.712151,0.742255,0.584917,0.371053,0.328907,0.337913,0.345725,0.336620,0.346074,0.352393,0.376626,0.377173,0.336022,0.286562,0.426236,0.693093,0.723197,0.701253,0.733298,0.717525,0.741907,0.757531,0.765343,0.761163,0.784450,0.828089,0.697422,0.505253,0.494356,0.539387,0.540034,0.588400,0.607060,0.633581,0.688764,0.703343,0.685928,0.712549,0.711603,0.676872,0.676673,0.718868,0.732850,0.711305,0.869339,1.124653,1.152568,1.136595,1.148935,1.152667,1.177746,1.201182,1.212229,1.221434,1.199440,1.183319,1.180134,1.210238,1.201978,1.179338,1.216508,1.232779,1.109426,0.892129,0.864961,0.864314,0.880485,0.917456,0.718271,0.421459,0.363141,0.393892,0.397176,0.390558,0.380159,0.404342,0.378218,0.381204,0.386976,0.395335,0.402252,0.441661
0.493404,0.492610,0.492908,0.464766,0.462979,0.476479,0.486455,0.483924,0.486952,0.453945,0.445309,0.457916,0.468289,0.463128,0.461539,0.448238,0.459207,0.457370,0.469133,0.466155,0.457618,0.456328,0.467843,0.467495,0.449727,0.439651,0.434986,0.451563,0.458859,0.466701,0.461142,0.452258,0.392549,0.345646,0.543633,0.886896,0.922930,0.853046,0.844360,0.817410,0.797457,0.794181,0.746831,0.743158,0.738840,0.668162,0.819643,1.172386,1.228273,1.152235,1.127270,1.112281,1.089549,1.087662,1.067958,1.043191,1.014453,0.973556,0.973407,0.998869,0.974102,0.970826,0.981199,1.000258,0.842871,0.597485,0.555892,0.580510,0.582496,0.618628,0.583687,0.522390,0.570038,0.600463,0.539066,0.541151,0.733430,0.999266,1.023884,0.996685,1.031130,1.039320,1.053961,1.034902,1.062647,1.044084,1.054756,1.096050,0.990381,0.796861,0.765940,0.784949,0.820586,0.839943,0.870269,0.895483,0.908238,0.919356,0.938961,0.959063,0.971570,1.006115,1.009490,1.028500,1.049693,1.070539,1.152682,1.249169,1.271504,1.286890,1.322229,1.352654,1.363176,1.376131,1.360943,1.371465,1.353945,1.347145,1.353597,1.386802,1.350520,1.322626,1.342182,1.377769,1.256812,1.020558,0.994848,1.029145,1.055450,1.077488,0.855875,0.484817,0.422974,0.483576,0.491518,0.494645,0.486406,0.506358,0.497126,0.494645,0.486654,0.482534,0.477372,0.501990
0.502398,0.503144,0.502348,0.461749,0.450071,0.477055,0.487043,0.484509,0.492807,0.464383,0.445847,0.454593,0.462942,0.463687,0.451115,0.461600,0.465923,0.457923,0.462644,0.459612,0.433722,0.456879,0.461401,0.468060,0.450270,0.452755,0.442071,0.441226,0.459414,0.467265,0.461699,0.452804,0.399285,0.346063,0.544290,0.885284,0.924045,0.859394,0.850350,0.819590,0.786693,0.795141,0.747733,0.766120,0.731981,0.668970,0.831317,1.185878,1.204563,1.145478,1.125352,1.113624,1.090865,1.084802,1.069248,1.044452,1.012598,0.972645,0.974583,1.000076,0.974484,0.967725,0.974136,1.001467,0.830771,0.569633,0.568639,0.595523,0.599797,0.619376,0.598853,0.531518,0.558651,0.597163,0.550998,0.530525,0.714489,0.952469,1.035010,1.016375,1.032376,1.015133,1.019108,1.017717,1.083163,1.057819,1.046489,1.097375,0.991578,0.797824,0.761399,0.785898,0.803539,0.820484,0.852984,0.853978,0.901435,0.920467,0.939947,0.958035,0.967377,0.990534,1.010064,1.029742,1.050961,1.071832,1.151242,1.255648,1.275922,1.279699,1.321441,1.345046,1.364824,1.357469,1.351953,1.366414,1.355879,1.350164,1.359258,1.392304,1.349270,1.324224,1.343803,1.378092,1.253312,1.021791,0.999877,1.022139,1.037793,1.078790,0.856909,0.478198,0.440381,0.503889,0.492112,0.495242,0.477055,0.501702,0.492559,0.491565,0.487242,0.483117,0.490820,0.503790
0.502247,0.502992,0.498869,0.461610,0.444720,0.472391,0.486897,0.484363,0.473831,0.461859,0.453463,0.450632,0.462803,0.463548,0.444968,0.454705,0.469559,0.474527,0.469559,0.459474,0.433592,0.453662,0.461263,0.467920,0.451079,0.452619,0.446061,0.446657,0.467572,0.469658,0.456941,0.448446,0.407958,0.345959,0.540748,0.885018,0.923767,0.859136,0.863806,0.827690,0.786457,0.775577,0.747509,0.765890,0.722173,0.642638,0.827491,1.185522,1.178468,1.120990,1.113340,1.112147,1.090537,1.065052,1.067636,1.044138,1.014629,0.981692,0.974290,0.995900,0.969769,0.936733,0.935740,0.967633,0.799820,0.569462,0.559129,0.593357,0.575274,0.614620,0.598673,0.531359,0.561364,0.596984,0.555502,0.515313,0.698327,0.958443,1.034699,0.997589,1.040809,1.007674,1.012294,1.017411,1.082837,1.068778,1.046175,1.108272,0.983878,0.788841,0.761170,0.787947,0.800218,0.820238,0.852727,0.849349,0.901164,0.920191,0.919545,0.949550,0.967087,0.990237,1.009760,1.036090,1.050596,1.071511,1.150896,1.261083,1.280805,1.280904,1.321044,1.332321,1.359495,1.340469,1.351547,1.371468,1.369530,1.349759,1.358850,1.381255,1.357210,1.328794,1.354577,1.385974,1.254724,1.036140,0.994261,1.008171,1.033805,1.070716,0.856652,0.485257,0.446359,0.503738,0.483419,0.495094,0.476911,0.482028,0.497379,0.496832,0.486599,0.482972,0.490672,0.503638
0.509293,0.503008,0.500778,0.480557,0.462261,0.471992,0.489071,0.494139,0.483395,0.471181,0.462616,0.463629,0.486436,0.483395,0.461247,0.453746,0.479036,0.484104,0.471840,0.457041,0.465606,0.462818,0.461602,0.463224,0.450706,0.445283,0.445080,0.455622,0.477009,0.476553,0.466163,0.461805,0.424858,0.356692,0.558301,0.902881,0.936685,0.876476,0.881240,0.844395,0.802330,0.791231,0.762039,0.765789,0.736749,0.652010,0.844192,1.225110,1.222931,1.147011,1.135811,1.134544,1.112548,1.086549,1.089184,1.074132,1.051275,1.001506,0.993955,1.016001,0.989343,0.967499,0.979916,1.021373,0.847284,0.598593,0.586378,0.630826,0.611719,0.638073,0.610756,0.542083,0.572695,0.609033,0.596515,0.525713,0.699042,0.971199,1.057559,1.041037,1.072257,1.044940,1.032726,1.037946,1.089843,1.107784,1.093289,1.151826,1.003736,0.789913,0.776533,0.803850,0.807246,0.836793,0.869938,0.876831,0.932681,0.942818,0.958630,0.968716,0.980828,1.010223,1.032776,1.057002,1.079352,1.097597,1.169716,1.295557,1.306656,1.306757,1.335240,1.352168,1.385921,1.367524,1.384401,1.403558,1.411616,1.389266,1.386276,1.409133,1.388962,1.369500,1.381917,1.418357,1.289323,1.042355,1.004395,1.026289,1.037338,1.089438,0.873942,0.502299,0.455368,0.503262,0.493176,0.502248,0.486537,0.491757,0.512739,0.523382,0.507215,0.492720,0.487449,0.510458
0.483293,0.469192,0.494094,0.486693,0.456091,0.448040,0.465392,0.487543,0.481243,0.467542,0.454090,0.453590,0.467842,0.461691,0.447890,0.447290,0.464591,0.470742,0.456391,0.438989,0.459391,0.462141,0.450640,0.453640,0.443690,0.447590,0.446890,0.449540,0.470642,0.466792,0.455091,0.451390,0.419187,0.351931,0.549599,0.897830,0.923232,0.857376,0.869478,0.845975,0.791621,0.744116,0.740866,0.757568,0.728865,0.643307,0.832924,1.194707,1.191956,1.117750,1.106699,1.121200,1.102848,1.089847,1.080296,1.066845,1.050344,1.006190,0.980687,1.024991,0.996639,0.954585,0.961186,1.007740,0.835975,0.590603,0.614555,0.652508,0.603554,0.625656,0.612705,0.559700,0.557500,0.585352,0.559150,0.510145,0.689712,0.958235,1.042693,0.994839,1.047643,1.014290,0.992589,1.024791,1.042243,1.056394,1.075696,1.140452,0.997639,0.779370,0.766168,0.794721,0.796471,0.840825,0.848026,0.831524,0.890129,0.930233,0.925583,0.947485,0.967236,0.996739,1.018991,1.042893,1.064945,1.082947,1.159203,1.287565,1.302316,1.290515,1.317417,1.334119,1.369372,1.369722,1.351921,1.381273,1.397675,1.370122,1.363722,1.376973,1.370422,1.350220,1.349620,1.395074,1.262963,1.027242,1.000789,1.023691,1.030592,1.084697,0.864277,0.497344,0.454241,0.496544,0.478493,0.497894,0.487794,0.479093,0.505895,0.500095,0.489794,0.488894,0.485493,0.493644
0.372752,0.393534,0.397994,0.365988,0.371723,0.366969,0.372262,0.365841,0.386574,0.386378,0.385594,0.374958,0.372850,0.371772,0.377997,0.351578,0.331727,0.339325,0.376673,0.400200,0.369762,0.373929,0.368537,0.352754,0.332267,0.337315,0.344667,0.324424,0.334864,0.343295,0.323640,0.330747,0.327610,0.278792,0.420051,0.696539,0.702421,0.637183,0.591208,0.592433,0.594541,0.615225,0.594394,0.587385,0.580474,0.516118,0.628116,0.820986,0.845346,0.799028,0.781971,0.768590,0.812311,0.810693,0.808634,0.792362,0.800547,0.759032,0.716684,0.715067,0.734819,0.709871,0.708254,0.731143,0.576161,0.365498,0.325748,0.332855,0.340550,0.331580,0.340893,0.347118,0.370988,0.371527,0.330992,0.282272,0.419855,0.682717,0.712371,0.690756,0.722321,0.706783,0.748935,0.772854,0.782412,0.774227,0.795352,0.846865,0.677375,0.497689,0.486955,0.531313,0.531950,0.579592,0.597972,0.624096,0.678453,0.692814,0.675659,0.701882,0.700951,0.666739,0.666886,0.708107,0.721880,0.700656,0.856325,1.107817,1.135313,1.119580,1.143401,1.135411,1.160115,1.189621,1.195160,1.203149,1.181485,1.156389,1.156438,1.192121,1.183984,1.162810,1.198297,1.220892,1.092818,0.878774,0.852012,0.852992,0.871078,0.905927,0.707518,0.415149,0.362361,0.405739,0.408876,0.384712,0.374468,0.398289,0.376085,0.384761,0.381183,0.389417,0.384908,0.422943
0.373560,0.386331,0.376065,0.366339,0.355140,0.364718,0.366634,0.366634,0.386086,0.381910,0.377882,0.365553,0.364129,0.372578,0.378816,0.363294,0.334018,0.340060,0.366143,0.401067,0.365701,0.371988,0.369188,0.353519,0.325913,0.329401,0.356122,0.355877,0.347526,0.344039,0.318447,0.328762,0.330285,0.281803,0.420961,0.698049,0.703943,0.633603,0.598678,0.575886,0.590475,0.610565,0.586595,0.574708,0.558645,0.485161,0.612432,0.817214,0.834996,0.788774,0.782143,0.747906,0.794865,0.812450,0.808717,0.790051,0.801103,0.767603,0.736608,0.717353,0.736412,0.711409,0.695838,0.705269,0.565080,0.339913,0.308770,0.333576,0.341288,0.332299,0.324882,0.333085,0.371792,0.364522,0.328124,0.258029,0.400969,0.628740,0.676534,0.667348,0.709887,0.702420,0.732384,0.747808,0.763231,0.772024,0.778655,0.821881,0.673980,0.502795,0.478334,0.517040,0.514388,0.568469,0.580897,0.596910,0.639153,0.656591,0.636648,0.686702,0.692007,0.661061,0.660619,0.698785,0.710574,0.686407,0.843789,1.096316,1.121957,1.118911,1.134188,1.130160,1.147647,1.185764,1.196669,1.197258,1.179280,1.167148,1.171323,1.189203,1.185912,1.158060,1.192641,1.225257,1.095186,0.860195,0.850174,0.867317,0.874734,0.912066,0.709494,0.404260,0.358480,0.388836,0.392078,0.392226,0.380191,0.378521,0.375034,0.385594,0.383630,0.402836,0.384023,0.423859
0.489319,0.478373,0.484543,0.484294,0.469765,0.457027,0.454389,0.478024,0.495539,0.467774,0.464938,0.447025,0.457673,0.447921,0.440756,0.445085,0.462301,0.468421,0.453444,0.436825,0.465834,0.464540,0.453543,0.446528,0.441502,0.455335,0.445085,0.448667,0.451255,0.452648,0.446528,0.433093,0.418713,0.344474,0.538381,0.879422,0.927836,0.850064,0.854742,0.841805,0.796575,0.740448,0.737213,0.753833,0.724923,0.635309,0.845039,1.199614,1.195583,1.124230,1.133137,1.115821,1.105920,1.120051,1.081936,1.061585,1.045165,1.022525,0.991228,0.978838,0.974061,0.971822,0.956447,1.001229,0.842949,0.609883,0.570226,0.605007,0.600578,0.622571,0.585551,0.538381,0.539276,0.564255,0.542262,0.497281,0.675215,0.953511,1.019092,0.953859,0.996353,0.976151,0.969732,1.019739,1.043822,1.060292,1.070044,1.134829,0.984261,0.734526,0.754977,0.790803,0.795828,0.810358,0.823394,0.834490,0.866584,0.917586,0.921019,0.934255,0.962467,0.991825,1.013967,1.039592,1.044568,1.068402,1.148413,1.268727,1.295895,1.284152,1.296343,1.327541,1.360481,1.368293,1.366999,1.379389,1.388744,1.377299,1.363566,1.354958,1.360780,1.354709,1.353963,1.392525,1.256736,1.022177,0.995855,1.015808,1.019938,1.071835,0.862205,0.501062,0.448170,0.487080,0.489021,0.495440,0.485389,0.476731,0.505341,0.496435,0.473248,0.491857,0.487976,0.477825
0.484501,0.479909,0.479510,0.480109,0.455300,0.442071,0.455849,0.484901,0.480408,0.466880,0.466431,0.448461,0.459143,0.444417,0.443319,0.462637,0.471223,0.467779,0.454900,0.450957,0.467330,0.466032,0.455000,0.454551,0.452255,0.456198,0.445366,0.443918,0.430790,0.454102,0.447962,0.433535,0.416563,0.344033,0.540110,0.866072,0.921331,0.848751,0.845357,0.844508,0.802577,0.749565,0.747069,0.763641,0.727251,0.653673,0.856888,1.190388,1.188192,1.127841,1.136776,1.119405,1.120753,1.142467,1.078422,1.058555,1.064495,1.043280,1.020668,0.993213,0.972247,0.972447,0.953878,0.965558,0.828484,0.615585,0.596167,0.634304,0.616534,0.647533,0.611642,0.564669,0.556533,0.584337,0.568862,0.498878,0.687517,0.987872,1.023363,0.956923,0.999552,0.992414,0.982580,1.023014,1.047174,1.063697,1.070036,1.138473,0.987422,0.728849,0.757402,0.793342,0.798384,0.829782,0.826038,0.820547,0.864425,0.920533,0.923977,0.937255,0.952480,0.985526,1.017223,1.042931,1.047923,1.074080,1.152101,1.272802,1.297262,1.284732,1.300506,1.340141,1.364850,1.350175,1.368894,1.378528,1.393204,1.381723,1.381124,1.359359,1.373786,1.365899,1.364451,1.395650,1.260772,1.025460,0.999053,1.019070,1.023213,1.074329,0.861280,0.505567,0.449609,0.488645,0.480308,0.502322,0.483154,0.453852,0.494185,0.515400,0.479510,0.493437,0.489543,0.484152
0.483082,0.473012,0.478895,0.479493,0.461845,0.441504,0.448733,0.465384,0.463041,0.472962,0.474557,0.463041,0.452472,0.440906,0.454566,0.462044,0.470420,0.460748,0.461047,0.465783,0.466730,0.460748,0.452173,0.455015,0.451675,0.451525,0.445941,0.449531,0.424654,0.453519,0.447387,0.436918,0.410097,0.343592,0.550734,0.886000,0.929622,0.847663,0.844272,0.824331,0.810123,0.793222,0.762662,0.762662,0.732550,0.670632,0.863167,1.188861,1.186668,1.126395,1.164932,1.129884,1.119315,1.141002,1.077039,1.063130,1.063130,1.041942,1.019359,1.024643,1.003206,1.013725,0.990444,1.016118,0.846067,0.614796,0.586329,0.603479,0.591315,0.597547,0.580148,0.576060,0.568881,0.589071,0.590966,0.534382,0.704134,0.986605,1.005250,0.937948,0.964370,0.967511,0.981320,0.995678,1.014972,1.025590,1.051215,1.128289,0.982716,0.719389,0.738134,0.797460,0.798058,0.838938,0.846815,0.831311,0.868252,0.916710,0.909232,0.936053,0.951259,0.986605,1.019209,1.039450,1.034115,1.048274,1.137612,1.283683,1.308111,1.283085,1.298839,1.335132,1.361156,1.372722,1.367786,1.376760,1.388525,1.379951,1.361455,1.354974,1.372024,1.364147,1.363798,1.404927,1.261897,1.003754,0.988001,1.017763,1.021901,1.072951,0.860176,0.504918,0.449282,0.488018,0.475355,0.498138,0.481088,0.446340,0.492555,0.514739,0.478895,0.483382,0.488915,0.483531
0.515737,0.521752,0.498107,0.501892,0.494373,0.476276,0.473528,0.503707,0.505107,0.501892,0.502774,0.518797,0.492662,0.464558,0.479543,0.501270,0.492092,0.479232,0.479543,0.484469,0.491262,0.484106,0.470313,0.473269,0.473113,0.477262,0.463832,0.467565,0.441690,0.471713,0.465335,0.454446,0.426549,0.357376,0.583354,0.945449,0.972983,0.881669,0.869846,0.875446,0.862327,0.853097,0.803422,0.808296,0.766191,0.711226,0.906766,1.247808,1.243867,1.190613,1.214829,1.188643,1.177080,1.186776,1.137463,1.105781,1.097951,1.083743,1.080891,1.078817,1.092765,1.071713,1.055690,1.066579,0.915270,0.656261,0.613896,0.650764,0.641482,0.665698,0.652320,0.622867,0.591703,0.599325,0.621571,0.555820,0.732382,1.026185,1.045579,0.979672,0.991443,0.993621,1.020689,1.035623,1.055690,1.066735,1.093388,1.173554,1.048845,0.780762,0.782369,0.830956,0.849883,0.880010,0.880787,0.864661,0.903344,0.954109,0.968939,0.986673,0.989421,1.026185,1.049312,1.081150,1.075602,1.115737,1.202073,1.335182,1.359916,1.340056,1.378168,1.401865,1.417785,1.450608,1.448067,1.441637,1.444230,1.438941,1.423229,1.409332,1.440082,1.428778,1.418511,1.468912,1.319470,1.044023,1.049727,1.075913,1.082343,1.123826,0.906196,0.525175,0.467306,0.507596,0.494425,0.518122,0.492766,0.486077,0.514596,0.535390,0.498107,0.502774,0.508529,0.510915
0.520090,0.524288,0.498327,0.495614,0.503960,0.498583,0.473647,0.497406,0.498788,0.512972,0.498430,0.512306,0.486499,0.458746,0.473544,0.511385,0.495870,0.479842,0.479279,0.489725,0.485526,0.480508,0.473083,0.477538,0.487011,0.476104,0.480559,0.478665,0.436165,0.476924,0.473288,0.448761,0.421981,0.352905,0.577490,0.921435,0.966393,0.874736,0.837970,0.856968,0.851540,0.817847,0.793371,0.798184,0.755274,0.702328,0.891531,1.232198,1.222981,1.156927,1.196508,1.173773,1.162354,1.166502,1.094661,1.085854,1.055489,1.046887,1.061224,1.065321,1.079095,1.058306,1.042483,1.053236,0.903820,0.631461,0.581484,0.609494,0.613948,0.638578,0.596385,0.591674,0.582969,0.566225,0.575801,0.520704,0.721735,0.999318,1.029272,0.962347,0.964140,0.980269,1.007920,1.022667,1.042483,1.053390,1.079709,1.184116,1.041818,0.742883,0.731054,0.813443,0.853588,0.862907,0.865365,0.853844,0.892043,0.942173,0.956817,0.977965,0.995119,1.044327,1.044480,1.067625,1.062146,1.096197,1.179764,1.324469,1.342903,1.326364,1.386479,1.384328,1.400048,1.448642,1.436148,1.423602,1.426163,1.423910,1.429133,1.394416,1.422066,1.410904,1.410852,1.456732,1.302963,1.076740,1.070646,1.084011,1.076074,1.136291,0.902182,0.515840,0.461460,0.510821,0.513331,0.530535,0.486601,0.479996,0.513945,0.525978,0.491876,0.509490,0.526900,0.521114
0.378406,0.399312,0.410515,0.373005,0.361601,0.373605,0.373555,0.373305,0.365853,0.373005,0.373005,0.372204,0.383457,0.381507,0.385708,0.372604,0.340095,0.325841,0.364602,0.405114,0.372354,0.358701,0.371154,0.362452,0.339045,0.335394,0.348248,0.389159,0.379456,0.337195,0.311987,0.334494,0.336294,0.272927,0.428620,0.712700,0.716001,0.631227,0.605420,0.586364,0.606020,0.621674,0.605570,0.577362,0.550804,0.493988,0.623575,0.832033,0.850188,0.803125,0.796373,0.761513,0.811177,0.849838,0.825431,0.804426,0.805826,0.781569,0.750010,0.730405,0.733656,0.705598,0.694895,0.701197,0.548354,0.310487,0.295433,0.310037,0.312138,0.303485,0.309837,0.299984,0.338845,0.361951,0.318289,0.248270,0.376456,0.588815,0.688843,0.679490,0.722803,0.715601,0.735556,0.748410,0.775617,0.786470,0.792822,0.836334,0.686242,0.511944,0.496889,0.531449,0.523747,0.583113,0.610171,0.607770,0.618473,0.639229,0.659385,0.716201,0.704848,0.664186,0.672639,0.711499,0.719952,0.683792,0.852889,1.109261,1.148422,1.139269,1.147072,1.147572,1.157675,1.206188,1.209739,1.225093,1.205588,1.199486,1.203988,1.216441,1.207488,1.173329,1.202737,1.242298,1.125265,0.889099,0.861742,0.879647,0.893751,0.929210,0.722403,0.411915,0.369754,0.414016,0.403713,0.399362,0.387109,0.396761,0.385408,0.391210,0.390610,0.390109,0.383958,0.405414
0.401987,0.417954,0.429680,0.409316,0.388953,0.395339,0.407693,0.413399,0.415965,0.418791,0.410625,0.402616,0.413871,0.406542,0.403715,0.405024,0.360422,0.341053,0.381624,0.411201,0.384084,0.401673,0.392460,0.379373,0.374661,0.361365,0.367228,0.416750,0.402563,0.352936,0.326553,0.350110,0.354350,0.289751,0.443081,0.744349,0.749427,0.676767,0.633684,0.613739,0.634312,0.638552,0.631904,0.604316,0.575472,0.517940,0.647242,0.870877,0.889879,0.840619,0.833552,0.793243,0.823239,0.862710,0.841509,0.829312,0.839520,0.810675,0.767959,0.764504,0.767906,0.738539,0.727336,0.733932,0.573954,0.286924,0.263734,0.297865,0.258133,0.280171,0.308283,0.293154,0.290222,0.317601,0.302891,0.235570,0.350790,0.655775,0.737649,0.727702,0.766964,0.756913,0.785600,0.796960,0.832871,0.838420,0.844284,0.903961,0.753039,0.537623,0.510926,0.560709,0.548198,0.623528,0.650331,0.638657,0.647347,0.669072,0.674830,0.749637,0.737753,0.704512,0.712731,0.752306,0.753563,0.715715,0.892706,1.183976,1.215856,1.186070,1.205543,1.202193,1.211721,1.262499,1.268676,1.282287,1.261871,1.255484,1.260196,1.273231,1.274696,1.238157,1.258887,1.300295,1.177799,0.937622,0.902181,0.920713,0.935475,0.984579,0.775602,0.447374,0.394344,0.446746,0.422561,0.418006,0.433397,0.428947,0.409892,0.410625,0.409840,0.417901,0.401883,0.465958
0.561281,0.558395,0.527267,0.498819,0.516083,0.521340,0.522629,0.529431,0.514125,0.533554,0.511651,0.534224,0.511033,0.496397,0.479647,0.519743,0.514074,0.493459,0.495211,0.504488,0.488666,0.488821,0.480060,0.493459,0.506704,0.488975,0.512785,0.502014,0.476658,0.503251,0.501293,0.463671,0.450169,0.373380,0.585451,0.934454,0.978724,0.880135,0.822981,0.845554,0.850605,0.837051,0.811025,0.815406,0.776393,0.710117,0.906573,1.254236,1.230890,1.183323,1.208781,1.181364,1.156884,1.152865,1.124726,1.094474,1.062316,1.036908,1.074272,1.114625,1.128127,1.105812,1.109420,1.155493,0.929455,0.635544,0.585245,0.613435,0.617919,0.642708,0.628072,0.599005,0.587203,0.579267,0.579525,0.539429,0.708313,0.969550,1.012635,0.966458,0.970375,0.987537,1.032528,1.093598,1.151731,1.156833,1.152555,1.238569,1.080096,0.775980,0.777578,0.824218,0.873229,0.868488,0.878795,0.876528,0.919148,0.975580,1.006038,1.015521,1.039537,1.074890,1.077364,1.099885,1.097154,1.115965,1.190435,1.343806,1.351588,1.334942,1.395446,1.411113,1.448064,1.585614,1.545364,1.541808,1.563247,1.533202,1.558918,1.543045,1.551188,1.517483,1.543612,1.607775,1.424357,1.093701,1.093547,1.102565,1.094062,1.174871,0.908016,0.519176,0.473154,0.560353,0.543243,0.533967,0.489748,0.509641,0.543295,0.552056,0.523968,0.542831,0.549427,0.524484
0.582624,0.579565,0.547497,0.515174,0.523535,0.532304,0.544030,0.540360,0.517927,0.543877,0.528889,0.538575,0.533324,0.532508,0.491570,0.514155,0.514461,0.506813,0.500441,0.499064,0.496158,0.486675,0.491927,0.498962,0.515888,0.510943,0.518335,0.500492,0.497637,0.497840,0.495903,0.467812,0.460267,0.387719,0.592820,0.935318,0.968915,0.871489,0.834323,0.853237,0.840033,0.825656,0.789917,0.803682,0.787776,0.702483,0.896827,1.240752,1.217657,1.188750,1.195633,1.157396,1.129050,1.115948,1.103763,1.094892,1.066291,1.021274,1.061244,1.199813,1.239019,1.154133,1.159436,1.237183,0.972892,0.602456,0.576608,0.626264,0.611276,0.635798,0.621523,0.592565,0.580890,0.586906,0.582216,0.533630,0.706255,0.959127,1.001748,0.958158,0.980896,0.983496,1.070982,1.208735,1.229026,1.220206,1.277918,1.364435,1.143835,0.792211,0.790784,0.860425,0.875720,0.880257,0.883367,0.884081,0.932412,0.968864,1.007050,1.014799,1.039169,1.066750,1.083013,1.118395,1.128948,1.127929,1.191452,1.331347,1.344858,1.349497,1.384369,1.412766,1.509428,1.677465,1.669359,1.635864,1.676598,1.656511,1.668492,1.677873,1.686489,1.629338,1.649068,1.745628,1.521613,1.115897,1.082147,1.115489,1.110952,1.171212,0.921961,0.513594,0.504417,0.576914,0.543266,0.543469,0.515684,0.525167,0.537454,0.550046,0.531540,0.559223,0.545713,0.528022
0.571975,0.568972,0.540293,0.526379,0.521324,0.527180,0.547350,0.533236,0.508461,0.533937,0.532335,0.528882,0.541594,0.537941,0.502455,0.514717,0.505058,0.509662,0.506009,0.503506,0.488541,0.490143,0.505058,0.490493,0.515318,0.522075,0.508862,0.498251,0.499352,0.506009,0.495148,0.477430,0.473776,0.392945,0.581985,0.918223,0.951206,0.874529,0.850855,0.849154,0.824679,0.810565,0.779083,0.789143,0.773377,0.686690,0.874079,1.218074,1.214321,1.152458,1.157313,1.137293,1.108414,1.085041,1.083589,1.074880,1.031687,0.980986,1.044750,1.201258,1.216373,1.140346,1.169275,1.223730,0.972878,0.597000,0.550153,0.592546,0.580784,0.603357,0.563466,0.543246,0.552105,0.562565,0.559112,0.514818,0.689543,0.941597,0.983439,0.945601,0.961316,0.964970,1.089045,1.234641,1.234341,1.215522,1.274131,1.354061,1.129035,0.769173,0.775179,0.866471,0.859714,0.871176,0.879334,0.882787,0.915370,0.951156,0.988644,1.006111,1.020175,1.047253,1.066372,1.097954,1.108314,1.098805,1.159215,1.307014,1.320277,1.348506,1.371128,1.400007,1.504112,1.652811,1.676385,1.615224,1.645955,1.669728,1.654914,1.660219,1.677987,1.650359,1.639748,1.720429,1.499407,1.101808,1.062368,1.095101,1.115371,1.149806,0.908063,0.506359,0.515919,0.581735,0.556209,0.536489,0.538792,0.533586,0.535488,0.539993,0.539993,0.549002,0.535739,0.553006
0.570029,0.567036,0.538455,0.535512,0.525486,0.531621,0.548182,0.533417,0.508627,0.545737,0.547184,0.540600,0.539752,0.536111,0.500746,0.524838,0.516608,0.513864,0.510422,0.501793,0.492765,0.488475,0.503339,0.501394,0.513565,0.520299,0.499249,0.496556,0.508527,0.527980,0.501544,0.490770,0.474509,0.394950,0.583796,0.921234,0.947970,0.871554,0.842574,0.850255,0.845018,0.807807,0.776183,0.778777,0.770198,0.674228,0.853597,1.202109,1.214379,1.177967,1.157765,1.138312,1.104643,1.086786,1.084442,1.053915,1.011816,0.970865,1.057058,1.243609,1.254832,1.142602,1.165297,1.219567,0.969568,0.589183,0.548281,0.588734,0.600905,0.601304,0.561549,0.507779,0.530225,0.544740,0.540350,0.512517,0.679665,0.938393,0.980093,0.940338,0.937545,0.961687,1.085340,1.230441,1.272490,1.256827,1.290147,1.371501,1.143001,0.791297,0.780573,0.863523,0.856789,0.853348,0.877789,0.893551,0.929714,0.960141,0.986577,1.011018,1.034761,1.043690,1.091724,1.106090,1.104543,1.105042,1.185698,1.307755,1.336935,1.343918,1.366464,1.395244,1.498995,1.654820,1.670682,1.609728,1.653024,1.669934,1.649283,1.654571,1.680608,1.670881,1.660955,1.737272,1.509519,1.106090,1.071124,1.113023,1.111577,1.151530,0.927170,0.518603,0.520748,0.582000,0.559654,0.544191,0.555314,0.549429,0.544540,0.538156,0.549229,0.551474,0.538505,0.541148
0.544466,0.547156,0.537692,0.542075,0.527182,0.526983,0.548650,0.532661,0.507906,0.549397,0.562895,0.549696,0.538987,0.523446,0.500036,0.524094,0.502626,0.513136,0.521155,0.514232,0.498542,0.513485,0.523397,0.519412,0.514481,0.507408,0.498542,0.495852,0.496948,0.503573,0.492764,0.490971,0.473836,0.396433,0.582969,0.919929,0.952205,0.876396,0.844816,0.845065,0.831816,0.801183,0.775083,0.766416,0.738125,0.664955,0.852387,1.218586,1.212658,1.162949,1.148952,1.118917,1.084698,1.079817,1.046196,1.016808,1.007544,0.964857,1.039720,1.195474,1.198313,1.140983,1.163646,1.219682,0.968194,0.561053,0.507806,0.566980,0.577988,0.589394,0.560754,0.507059,0.522799,0.516075,0.516772,0.511791,0.686223,0.918335,0.949416,0.940251,0.956688,0.952056,1.062981,1.245433,1.296737,1.291805,1.317358,1.355661,1.115978,0.770849,0.771447,0.843621,0.839038,0.852138,0.876545,0.892285,0.938358,0.961171,0.985179,1.003409,1.015264,1.041314,1.090177,1.104522,1.097151,1.103476,1.206183,1.312178,1.353818,1.350431,1.361339,1.356109,1.484568,1.665127,1.655812,1.607447,1.652624,1.667567,1.642015,1.666272,1.675487,1.648042,1.649536,1.730775,1.508974,1.108308,1.061188,1.101434,1.110001,1.159661,0.925856,0.531914,0.527730,0.592532,0.555175,0.543420,0.554527,0.553980,0.551489,0.537393,0.545661,0.554478,0.537742,0.524592
0.397588,0.413380,0.429482,0.431087,0.402714,0.392307,0.437145,0.441909,0.439682,0.417160,0.406131,0.414001,0.409341,0.402093,0.406338,0.403128,0.360983,0.367610,0.377447,0.406701,0.398934,0.413794,0.389977,0.377447,0.383712,0.364193,0.384334,0.423269,0.426738,0.375221,0.322979,0.349903,0.350472,0.276018,0.438232,0.726936,0.735065,0.669361,0.651705,0.632134,0.620277,0.631564,0.624989,0.597703,0.569174,0.511133,0.623591,0.861346,0.880141,0.831420,0.824430,0.788342,0.813246,0.853269,0.838410,0.820236,0.795798,0.776071,0.776434,0.767580,0.759503,0.730456,0.733459,0.743400,0.567673,0.261831,0.222482,0.290153,0.255308,0.277105,0.292172,0.284458,0.287046,0.305272,0.267216,0.204464,0.336130,0.623435,0.717357,0.707209,0.742624,0.738792,0.784096,0.816405,0.824948,0.844933,0.869009,0.894069,0.744798,0.537435,0.505334,0.557007,0.555246,0.604951,0.628768,0.631668,0.640263,0.661750,0.667445,0.747180,0.750183,0.702653,0.704931,0.747077,0.760021,0.719376,0.888218,1.176093,1.202550,1.173090,1.203275,1.189037,1.214252,1.281612,1.275348,1.269859,1.265044,1.241745,1.246405,1.266028,1.261886,1.224607,1.245110,1.291502,1.164909,0.927361,0.890652,0.928603,0.925238,0.991201,0.797144,0.433728,0.392307,0.454387,0.414208,0.413432,0.428654,0.424253,0.405406,0.417263,0.419282,0.412241,0.397485,0.460859
0.423952,0.437018,0.462214,0.445660,0.416196,0.423171,0.483349,0.472625,0.433583,0.409793,0.409272,0.435509,0.438476,0.448471,0.420516,0.406305,0.376268,0.395998,0.404483,0.409741,0.401099,0.416039,0.395737,0.400422,0.391417,0.393238,0.423067,0.425566,0.439517,0.408543,0.357267,0.367991,0.369761,0.277516,0.441495,0.740198,0.739053,0.678459,0.704175,0.662113,0.635824,0.634991,0.636084,0.613700,0.573356,0.529628,0.643529,0.866020,0.883615,0.833797,0.838118,0.802146,0.843323,0.885802,0.842959,0.824687,0.800116,0.773359,0.791527,0.840720,0.882470,0.837857,0.809330,0.822344,0.615053,0.263252,0.223689,0.291727,0.256693,0.278609,0.293758,0.286001,0.288604,0.306928,0.268666,0.205573,0.337954,0.626818,0.729839,0.723644,0.742281,0.722759,0.789861,0.903761,0.908707,0.924272,0.955506,0.987781,0.816670,0.534625,0.498290,0.586630,0.604278,0.575959,0.605371,0.631191,0.643841,0.667371,0.687621,0.754618,0.745040,0.691317,0.700114,0.727184,0.749621,0.738533,0.908759,1.186327,1.209076,1.179455,1.248899,1.230419,1.276489,1.404966,1.422353,1.393514,1.390182,1.376803,1.393774,1.420323,1.409859,1.359520,1.374305,1.445362,1.278832,0.942960,0.899545,0.950821,0.951654,0.983200,0.770287,0.436081,0.409324,0.482308,0.430511,0.433218,0.435561,0.426555,0.420360,0.451594,0.438008,0.435977,0.441547,0.498966
0.520904,0.546526,0.537073,0.541452,0.524138,0.526377,0.552049,0.532049,0.501302,0.548765,0.556527,0.543989,0.543143,0.542596,0.507372,0.525183,0.502048,0.512546,0.526675,0.530009,0.506675,0.510158,0.502048,0.518814,0.511949,0.506824,0.497968,0.495282,0.507222,0.493789,0.492197,0.490406,0.470953,0.395977,0.589512,0.918871,0.946483,0.883149,0.862800,0.847775,0.830859,0.800262,0.779068,0.776779,0.740410,0.672499,0.878074,1.194348,1.211264,1.161611,1.147631,1.114197,1.069918,1.083998,1.056734,1.015639,0.993001,0.956981,1.042107,1.198328,1.225592,1.143402,1.138427,1.209174,0.967081,0.560407,0.507222,0.566328,0.562845,0.575134,0.555681,0.489162,0.498466,0.501501,0.514934,0.509859,0.677922,0.894691,0.931110,0.939170,0.955588,0.950961,1.071510,1.244001,1.295245,1.290320,1.315842,1.354102,1.132805,0.789267,0.778570,0.842651,0.818869,0.857626,0.879616,0.891258,0.926682,0.946931,0.983101,1.011061,1.014096,1.040117,1.098774,1.118028,1.095889,1.121610,1.204796,1.310668,1.333504,1.342659,1.356689,1.354550,1.482860,1.666595,1.653908,1.605598,1.673062,1.665649,1.654356,1.664356,1.667988,1.658336,1.656694,1.745601,1.507239,1.103252,1.059968,1.109172,1.108725,1.158327,0.926334,0.541153,0.527123,0.591851,0.562298,0.542795,0.552248,0.563492,0.551999,0.536775,0.531651,0.550059,0.527422,0.490655
0.516303,0.518621,0.532330,0.546039,0.522615,0.525574,0.549737,0.530703,0.505800,0.537557,0.547124,0.546631,0.538346,0.516155,0.502890,0.514282,0.501115,0.506539,0.510682,0.514282,0.516008,0.519607,0.501510,0.492140,0.510090,0.507575,0.489034,0.484891,0.504123,0.469407,0.485631,0.486075,0.448252,0.392479,0.584306,0.907550,0.930825,0.875349,0.857448,0.840287,0.827072,0.798569,0.772187,0.758774,0.715822,0.666559,0.859963,1.176649,1.196966,1.130887,1.107365,1.104357,1.061405,1.067964,1.028711,1.006668,0.984231,0.919138,1.010811,1.167674,1.172507,1.121320,1.106477,1.195684,0.960167,0.555458,0.468865,0.543672,0.546335,0.543918,0.525673,0.451950,0.457967,0.485631,0.470591,0.500721,0.660839,0.867755,0.913665,0.908339,0.914207,0.924020,1.040891,1.214521,1.265510,1.257226,1.272513,1.324981,1.104850,0.770707,0.774110,0.834715,0.806065,0.843641,0.870664,0.881661,0.910706,0.906021,0.972100,1.002132,1.001934,1.019539,1.052480,1.090796,1.106526,1.119446,1.182369,1.299092,1.315070,1.330800,1.344707,1.336126,1.467446,1.651875,1.651678,1.604436,1.632002,1.649804,1.651481,1.652368,1.653256,1.643689,1.642062,1.713516,1.488847,1.097256,1.043505,1.095382,1.098784,1.132416,0.911988,0.551956,0.522467,0.574739,0.549639,0.543918,0.562115,0.555704,0.544165,0.530358,0.525081,0.546483,0.527596,0.507230
0.522956,0.525304,0.538740,0.553075,0.539639,0.533695,0.560967,0.551227,0.509271,0.545783,0.576051,0.549579,0.531797,0.497233,0.502628,0.520909,0.512667,0.518411,0.533595,0.542137,0.537292,0.539339,0.498482,0.477404,0.512068,0.504576,0.474707,0.480401,0.510619,0.474657,0.491889,0.492338,0.433799,0.395139,0.579348,0.928335,0.937975,0.878837,0.856510,0.845471,0.840776,0.810308,0.782137,0.768551,0.720501,0.674549,0.878787,1.181922,1.212390,1.137318,1.094213,1.091366,1.075083,1.082825,1.041967,1.017043,0.977184,0.960751,1.053205,1.182721,1.187616,1.135770,1.120735,1.220581,0.994716,0.572855,0.474906,0.527452,0.535843,0.530499,0.503327,0.457774,0.463868,0.477354,0.450032,0.475006,0.656967,0.878936,0.913301,0.899815,0.925988,0.935927,1.040019,1.220881,1.262288,1.243008,1.268532,1.334513,1.101255,0.761259,0.781688,0.839028,0.805962,0.844572,0.872543,0.893022,0.909205,0.904660,0.957405,1.002908,1.006554,1.014196,1.037372,1.075083,1.101106,1.122933,1.198454,1.327370,1.332865,1.347949,1.344503,1.353343,1.486355,1.673161,1.673561,1.646589,1.673810,1.669815,1.674560,1.700433,1.675958,1.652632,1.654131,1.727505,1.503088,1.110346,1.070537,1.114841,1.110845,1.138567,0.923041,0.543285,0.525304,0.582145,0.564513,0.550927,0.569358,0.580297,0.554174,0.543086,0.547181,0.549279,0.523306,0.504875
0.523188,0.517141,0.536280,0.572458,0.557018,0.533931,0.561215,0.567261,0.512544,0.548972,0.576306,0.549822,0.510745,0.497453,0.502850,0.527585,0.512894,0.509896,0.522988,0.537379,0.529734,0.526536,0.486210,0.490207,0.497653,0.491407,0.474917,0.480613,0.490907,0.471968,0.490008,0.486160,0.431792,0.372628,0.579604,0.928746,0.948834,0.879275,0.856889,0.865733,0.851392,0.810666,0.785631,0.761546,0.714574,0.674847,0.879175,1.187691,1.204531,1.132474,1.086502,1.066563,1.072910,1.083303,1.042428,1.008948,0.995106,0.966423,1.024489,1.176898,1.195736,1.133174,1.117183,1.201033,0.990209,0.572508,0.475116,0.527685,0.536080,0.530733,0.503549,0.468720,0.482312,0.477565,0.450231,0.475216,0.657258,0.879325,0.913705,0.900213,0.910856,0.935392,1.040479,1.221421,1.242359,1.228217,1.261697,1.338501,1.116584,0.775987,0.771989,0.815663,0.795725,0.844946,0.872929,0.893417,0.927496,0.938990,0.929795,0.985912,1.006999,1.014095,1.031634,1.074109,1.132224,1.123430,1.198984,1.333804,1.346247,1.348046,1.345097,1.353942,1.489061,1.680647,1.687293,1.663107,1.674551,1.663457,1.651914,1.701185,1.676200,1.631576,1.643969,1.728269,1.503753,1.101942,1.071011,1.115334,1.101043,1.143917,0.925748,0.559316,0.525536,0.574457,0.556968,0.540527,0.569610,0.598943,0.564563,0.543326,0.547423,0.549522,0.514743,0.505099
0.528395,0.528345,0.543479,0.539069,0.541424,0.538267,0.562823,0.568887,0.527994,0.544983,0.556007,0.542327,0.525739,0.526040,0.514063,0.511908,0.511908,0.511356,0.524486,0.538919,0.531251,0.528044,0.487603,0.480787,0.501785,0.498127,0.465503,0.480938,0.481940,0.473320,0.491411,0.487553,0.433029,0.362821,0.593643,0.931406,0.951552,0.881794,0.858742,0.858141,0.847817,0.802866,0.787882,0.761973,0.716621,0.681441,0.881694,1.187035,1.192948,1.109108,1.084102,1.066562,1.072325,1.075232,1.033588,0.996203,0.978713,0.939825,1.018453,1.161477,1.170146,1.119883,1.124443,1.204474,0.993046,0.580413,0.483794,0.529197,0.537616,0.529798,0.514714,0.509903,0.504090,0.501835,0.478232,0.508851,0.675027,0.923438,0.934062,0.919279,0.928550,0.938072,1.043460,1.234492,1.227326,1.213745,1.265312,1.331712,1.113819,0.778210,0.760320,0.798255,0.798005,0.853881,0.880592,0.897780,0.930154,0.944737,0.932459,0.977110,1.004722,1.011037,1.034590,1.075733,1.146192,1.137623,1.202419,1.337625,1.351907,1.359475,1.370900,1.382677,1.495181,1.680952,1.692127,1.667872,1.669275,1.668223,1.660856,1.706058,1.676993,1.636250,1.637704,1.726254,1.502548,1.098785,1.060448,1.118530,1.093724,1.144238,0.928400,0.575652,0.529999,0.585925,0.570039,0.541074,0.556358,0.600658,0.564326,0.543830,0.550996,0.551096,0.516217,0.506546
0.459037,0.453171,0.452916,0.447203,0.443326,0.451692,0.473626,0.463118,0.431033,0.401549,0.401039,0.426748,0.451029,0.452814,0.415373,0.398131,0.390786,0.397366,0.424504,0.410527,0.396448,0.411598,0.382267,0.392367,0.383288,0.412057,0.418076,0.417005,0.430676,0.400325,0.376503,0.368036,0.367373,0.287644,0.442969,0.718473,0.714086,0.688275,0.727451,0.648794,0.630838,0.635684,0.626604,0.601661,0.564423,0.528972,0.640275,0.848599,0.850792,0.817024,0.821258,0.782541,0.796263,0.837173,0.814677,0.802027,0.818962,0.790346,0.784276,0.900170,0.976072,0.928888,0.867013,0.906648,0.659251,0.257957,0.219189,0.285859,0.291929,0.286012,0.287848,0.274739,0.287440,0.317281,0.291113,0.229544,0.344673,0.614209,0.715157,0.709087,0.727349,0.705567,0.773972,0.960310,1.006780,0.983265,1.008260,1.081714,0.873747,0.531777,0.515250,0.595590,0.599008,0.595998,0.619922,0.646243,0.655629,0.655884,0.688734,0.739438,0.730052,0.688785,0.694498,0.731225,0.759281,0.759281,0.930419,1.182050,1.189905,1.178020,1.247700,1.232499,1.315696,1.487905,1.516164,1.496321,1.478825,1.494179,1.497495,1.496780,1.514022,1.478162,1.483059,1.560492,1.358646,0.948731,0.900731,0.941641,0.932510,0.991222,0.785347,0.445469,0.418994,0.472606,0.408078,0.430727,0.464444,0.449498,0.423330,0.449039,0.450927,0.445213,0.481532,0.517290
0.455077,0.448116,0.447864,0.442215,0.445544,0.446653,0.468343,0.476867,0.452605,0.418860,0.414573,0.421988,0.445998,0.450184,0.426981,0.408520,0.402871,0.405595,0.419768,0.411647,0.422341,0.413917,0.378003,0.385065,0.379012,0.407461,0.417246,0.412000,0.425872,0.392480,0.378104,0.376288,0.375229,0.284738,0.440853,0.721051,0.716108,0.680598,0.719336,0.641557,0.623801,0.638984,0.630863,0.594949,0.557119,0.542743,0.652300,0.843774,0.847809,0.814922,0.816435,0.776284,0.787381,0.827834,0.805590,0.783598,0.793232,0.781025,0.811340,0.931541,0.965185,0.919939,0.916207,0.948640,0.700371,0.283376,0.259619,0.312834,0.296693,0.295381,0.284637,0.271674,0.300375,0.313742,0.287866,0.267437,0.367310,0.607358,0.707180,0.700522,0.708744,0.682767,0.791366,0.958476,1.014314,0.995197,1.022385,1.102081,0.874644,0.535934,0.515505,0.588947,0.592326,0.589350,0.627685,0.652401,0.664709,0.649627,0.681052,0.731190,0.721909,0.680497,0.703397,0.761555,0.771845,0.775326,0.953281,1.173152,1.179306,1.184855,1.238120,1.229646,1.316455,1.495721,1.519227,1.507625,1.498294,1.494662,1.485028,1.519933,1.517713,1.484624,1.485280,1.564220,1.349493,0.938149,0.911364,0.946824,0.922108,0.980166,0.789348,0.454421,0.430311,0.467334,0.424258,0.454875,0.469352,0.475657,0.442971,0.445039,0.456136,0.458053,0.488671,0.511520
0.535434,0.545154,0.526916,0.521554,0.541346,0.538190,0.550265,0.554675,0.527918,0.544904,0.546106,0.537889,0.498756,0.517596,0.513988,0.511834,0.511834,0.520653,0.516594,0.524962,0.539041,0.539192,0.487532,0.480718,0.493595,0.498205,0.470146,0.490739,0.493395,0.476158,0.499508,0.473653,0.432666,0.361666,0.582634,0.932174,0.955123,0.891538,0.858618,0.858017,0.847695,0.816529,0.777396,0.746731,0.727340,0.681343,0.873349,1.186863,1.182003,1.102986,1.083945,1.066408,1.072170,1.100180,1.045263,1.014448,0.985186,0.962689,1.035242,1.177744,1.198989,1.135003,1.130544,1.186412,0.964693,0.580329,0.478814,0.531977,0.538490,0.529722,0.514640,0.469995,0.483624,0.521855,0.504518,0.479916,0.659046,0.919547,0.940993,0.914887,0.909526,0.919547,1.031284,1.222238,1.227149,1.213570,1.265129,1.331520,1.126235,0.778098,0.760210,0.798140,0.793280,0.850802,0.880464,0.891488,0.916040,0.944600,0.932324,0.988593,1.009738,1.010891,1.034891,1.077031,1.146027,1.128339,1.184158,1.330467,1.351712,1.359278,1.370703,1.383179,1.510699,1.671089,1.691883,1.666930,1.660316,1.654403,1.660617,1.682613,1.676751,1.631856,1.633058,1.721044,1.497822,1.084947,1.061698,1.122327,1.093566,1.142169,0.928266,0.575569,0.522907,0.566249,0.566049,0.549263,0.571711,0.593858,0.552470,0.532528,0.551468,0.551017,0.530072,0.504819
0.545715,0.526586,0.512800,0.533328,0.550460,0.536475,0.538773,0.552907,0.537524,0.544317,0.540021,0.516846,0.492023,0.486778,0.513500,0.510203,0.510203,0.518994,0.505109,0.512051,0.537324,0.528683,0.498466,0.497017,0.506657,0.493421,0.468648,0.489176,0.491823,0.474641,0.482583,0.462504,0.427242,0.351224,0.570888,0.935248,0.952829,0.876860,0.855683,0.849639,0.846443,0.831059,0.774919,0.744352,0.731516,0.677324,0.862426,1.179785,1.183432,1.112258,1.085986,1.066507,1.068754,1.060164,1.018858,1.014213,0.982047,0.941940,1.019707,1.173992,1.203560,1.138929,1.124245,1.182632,0.962818,0.578480,0.495619,0.554755,0.558352,0.562847,0.518844,0.456161,0.470795,0.497367,0.471794,0.443275,0.652001,0.927756,0.937995,0.911972,0.924809,0.921063,1.024302,1.209304,1.222040,1.209703,1.245765,1.315390,1.116753,0.766478,0.739108,0.795597,0.795347,0.838701,0.859379,0.862525,0.913121,0.941591,0.929354,0.957274,1.005922,1.007670,1.020856,1.072151,1.116054,1.112807,1.185329,1.326228,1.354848,1.376225,1.398051,1.378772,1.505886,1.660071,1.681198,1.646685,1.647784,1.638294,1.640142,1.637145,1.675504,1.626656,1.627855,1.709867,1.494398,1.081491,1.054620,1.114805,1.100371,1.140428,0.923111,0.567092,0.510303,0.549911,0.551908,0.557003,0.565843,0.564495,0.553307,0.545515,0.549711,0.554256,0.551359,0.528234
0.548037,0.535748,0.514982,0.527171,0.552802,0.540814,0.541065,0.554959,0.545981,0.546633,0.537052,0.519045,0.494116,0.516036,0.515685,0.505101,0.505653,0.512174,0.508211,0.522155,0.541968,0.526820,0.490806,0.499132,0.496072,0.495521,0.485940,0.502994,0.489201,0.477062,0.500035,0.474153,0.429060,0.362048,0.580440,0.939227,0.956883,0.881645,0.859324,0.850295,0.850045,0.830834,0.773402,0.736635,0.735883,0.680206,0.866095,1.184806,1.183251,1.116991,1.104652,1.092513,1.066129,1.051282,1.026153,1.018529,0.986226,0.963705,1.035382,1.170811,1.208681,1.151550,1.140766,1.187063,0.948507,0.558721,0.505352,0.576879,0.568853,0.565242,0.521052,0.510368,0.530482,0.552501,0.518845,0.483232,0.675642,0.940531,0.946049,0.922073,0.938224,0.933760,1.028661,1.214450,1.227240,1.213196,1.261098,1.328912,1.127173,0.777214,0.724848,0.790506,0.814532,0.854408,0.876228,0.892429,0.933660,0.972483,0.943491,0.944745,0.999117,1.022642,1.035984,1.078168,1.120803,1.117542,1.201007,1.331872,1.360713,1.374507,1.378570,1.384639,1.517611,1.687248,1.690408,1.662420,1.654795,1.656702,1.647121,1.644112,1.688151,1.659711,1.636738,1.717143,1.500757,1.082080,1.054844,1.113530,1.091259,1.149494,0.938776,0.553454,0.510769,0.563336,0.554257,0.558370,0.573618,0.595287,0.561129,0.547837,0.552050,0.550796,0.557166,0.537303
0.541567,0.537114,0.528159,0.534213,0.568683,0.539416,0.539666,0.553024,0.544569,0.543168,0.535664,0.494990,0.487285,0.514701,0.514351,0.499442,0.488186,0.494089,0.506897,0.520805,0.527959,0.503395,0.492188,0.509598,0.504645,0.509498,0.498942,0.501694,0.487936,0.490737,0.514201,0.500043,0.434754,0.370917,0.582741,0.947405,0.958361,0.884218,0.876763,0.862555,0.847846,0.825683,0.768700,0.746937,0.743335,0.675395,0.851899,1.181742,1.180191,1.099444,1.101795,1.089688,1.059570,1.045262,1.017346,1.016245,0.996633,0.952458,1.021398,1.167784,1.201904,1.138767,1.125759,1.183993,0.946054,0.557276,0.517953,0.575387,0.567382,0.563780,0.519704,0.500043,0.530661,0.551073,0.519704,0.514751,0.689253,0.948055,0.956760,0.926442,0.935798,0.931345,1.026001,1.200803,1.233622,1.227769,1.263039,1.334781,1.130162,0.785610,0.722973,0.788462,0.824883,0.852199,0.866057,0.863956,0.930545,0.969968,0.939200,0.942302,0.987228,1.019997,1.054267,1.084635,1.120606,1.111000,1.192798,1.332030,1.357194,1.376806,1.397568,1.381058,1.497477,1.662823,1.670828,1.654919,1.650516,1.642962,1.642862,1.639860,1.687038,1.662223,1.625251,1.706499,1.495525,1.071427,1.052116,1.104597,1.088437,1.146521,0.949656,0.575937,0.514001,0.556476,0.552824,0.556926,0.571034,0.565431,0.559678,0.546770,0.549372,0.549372,0.561329,0.542518
0.541527,0.537075,0.540577,0.534173,0.543578,0.539376,0.539626,0.539526,0.542127,0.541377,0.537225,0.514313,0.509911,0.505058,0.509911,0.499405,0.503157,0.491201,0.498105,0.512862,0.513012,0.503357,0.499906,0.506959,0.517165,0.515964,0.505459,0.507109,0.487900,0.490701,0.514163,0.523518,0.455933,0.380495,0.592553,0.947335,0.950086,0.884152,0.872496,0.845182,0.839780,0.829624,0.768643,0.746882,0.743280,0.675345,0.863092,1.183005,1.185306,1.114020,1.127927,1.110018,1.059492,1.047936,1.034779,1.031728,0.990557,0.937330,1.021322,1.186807,1.235432,1.154691,1.125676,1.172950,0.942932,0.543228,0.532773,0.586650,0.580997,0.558736,0.519666,0.500006,0.483547,0.523168,0.509461,0.497154,0.662939,0.934478,0.941532,0.934478,0.959491,0.949486,1.025925,1.199414,1.241485,1.236983,1.269950,1.346239,1.135231,0.776397,0.717367,0.788753,0.831275,0.840030,0.860340,0.879500,0.913367,0.936129,0.964794,0.958640,0.998011,1.031778,1.068847,1.096611,1.120523,1.109618,1.192710,1.331931,1.365549,1.382557,1.401167,1.374553,1.474905,1.653096,1.667453,1.646092,1.642540,1.653496,1.652745,1.650544,1.686913,1.670405,1.632385,1.700170,1.482158,1.071348,1.052038,1.104515,1.088307,1.134730,0.938980,0.553933,0.513963,0.562288,0.552783,0.556885,0.570992,0.550782,0.554183,0.531672,0.549331,0.553983,0.561287,0.554083
0.448515,0.450300,0.458482,0.454911,0.442019,0.439093,0.467358,0.483325,0.462994,0.435919,0.407556,0.414845,0.438448,0.465424,0.437258,0.425308,0.425407,0.415936,0.416233,0.404680,0.415192,0.414746,0.404878,0.386184,0.384547,0.401754,0.410184,0.398630,0.390349,0.387820,0.379440,0.392134,0.370663,0.285770,0.433390,0.708103,0.694169,0.669078,0.707160,0.635408,0.613292,0.638334,0.623805,0.584879,0.547689,0.524928,0.622416,0.826268,0.827855,0.785756,0.790367,0.763144,0.770185,0.807624,0.786648,0.770285,0.761260,0.764037,0.832814,0.922021,0.948847,0.904368,0.945525,0.980236,0.733838,0.311803,0.262018,0.313489,0.306051,0.310068,0.267968,0.263109,0.295291,0.308431,0.270448,0.245654,0.378845,0.593953,0.666499,0.663821,0.660053,0.663078,0.777971,0.942252,0.997145,0.978352,1.013410,1.083427,0.861029,0.523887,0.516796,0.596482,0.582300,0.566928,0.603722,0.634664,0.653458,0.642796,0.659954,0.718169,0.706268,0.680433,0.704086,0.759475,0.763243,0.776929,0.942104,1.154039,1.170204,1.173774,1.217163,1.215328,1.313560,1.475660,1.493511,1.482106,1.496486,1.484933,1.459891,1.494205,1.492024,1.471891,1.472387,1.560007,1.328734,0.930699,0.903227,0.930798,0.905013,0.978501,0.778913,0.458333,0.404828,0.453622,0.445043,0.447176,0.461407,0.467606,0.435473,0.442663,0.449655,0.450300,0.484217,0.524085
0.436893,0.459584,0.458098,0.448734,0.432582,0.438726,0.446653,0.468403,0.444572,0.411426,0.396959,0.400724,0.426092,0.442194,0.449824,0.416083,0.420741,0.415588,0.413507,0.404341,0.417223,0.424506,0.404837,0.376447,0.402409,0.411178,0.406075,0.397801,0.380163,0.382838,0.389676,0.408701,0.359750,0.285531,0.433028,0.697007,0.704983,0.673968,0.697750,0.623877,0.601136,0.644835,0.623283,0.575273,0.538164,0.535240,0.652663,0.827906,0.827163,0.781729,0.778261,0.766618,0.778459,0.804223,0.779004,0.762853,0.760623,0.763398,0.832117,0.921250,0.945626,0.926947,0.947558,0.996063,0.733224,0.311542,0.261799,0.313227,0.305795,0.309808,0.267744,0.288850,0.298462,0.308173,0.270221,0.245449,0.378528,0.593456,0.644042,0.647065,0.659501,0.662523,0.768253,0.933735,0.969160,0.955040,0.997748,1.076377,0.858575,0.523449,0.516364,0.578494,0.561054,0.559815,0.589394,0.611293,0.636016,0.642259,0.661631,0.717370,0.705330,0.669162,0.703497,0.758839,0.762605,0.785544,0.946419,1.152330,1.180076,1.178589,1.218027,1.207821,1.295269,1.474426,1.477894,1.470115,1.499644,1.497464,1.474772,1.486416,1.484830,1.458274,1.458918,1.541708,1.324947,0.921497,0.895189,0.929326,0.904256,0.975849,0.775338,0.466719,0.410782,0.454432,0.444671,0.446802,0.462111,0.467214,0.461863,0.448883,0.445910,0.447198,0.483812,0.523647
0.544171,0.530151,0.528599,0.544472,0.567454,0.546224,0.540115,0.527748,0.542619,0.536310,0.535859,0.498506,0.510373,0.505516,0.510824,0.510223,0.488592,0.486890,0.508420,0.521239,0.517984,0.503814,0.500359,0.507419,0.517634,0.509923,0.505917,0.508120,0.506668,0.501961,0.501110,0.514179,0.482734,0.392606,0.593090,0.936177,0.946992,0.872086,0.892365,0.845949,0.827673,0.830377,0.770592,0.747559,0.734591,0.667596,0.865176,1.185079,1.186381,1.115030,1.128950,1.111024,1.060453,1.048886,1.035718,1.032663,0.991455,0.938179,1.018493,1.187883,1.236552,1.165552,1.126697,1.174014,0.941935,0.534107,0.504465,0.570859,0.581524,0.550380,0.519486,0.496203,0.483986,0.505016,0.509923,0.497605,0.674856,0.935325,0.942385,0.935676,0.986498,0.979588,1.044480,1.200501,1.252174,1.241960,1.271101,1.367338,1.147927,0.777101,0.718017,0.798281,0.842143,0.840191,0.861120,0.880297,0.914195,0.936978,0.965668,0.984295,1.013787,1.052191,1.073271,1.097605,1.110073,1.106268,1.193792,1.349963,1.357223,1.367488,1.402437,1.375800,1.467429,1.653493,1.668965,1.651891,1.656147,1.654995,1.655896,1.660503,1.688443,1.661504,1.641025,1.707920,1.484303,1.072320,1.051640,1.089794,1.065360,1.126246,0.928115,0.554436,0.514429,0.562798,0.553284,0.551381,0.571510,0.551281,0.549929,0.532555,0.551732,0.549829,0.556188,0.538363
0.540300,0.521831,0.528388,0.544254,0.556216,0.559519,0.543353,0.532092,0.542402,0.529088,0.524634,0.512171,0.548208,0.530890,0.510620,0.515375,0.493803,0.486695,0.498357,0.518428,0.507366,0.503613,0.500159,0.511420,0.517427,0.509719,0.508568,0.504564,0.493202,0.501761,0.501210,0.513973,0.482541,0.392449,0.590051,0.930397,0.946613,0.871737,0.898364,0.861527,0.830245,0.832297,0.789504,0.775790,0.742205,0.667329,0.864830,1.190662,1.195066,1.124745,1.147668,1.110580,1.060029,1.048467,1.035304,1.032251,0.991059,0.935702,1.018086,1.191763,1.215787,1.155276,1.123493,1.180802,0.944611,0.542502,0.504263,0.570631,0.556366,0.501911,0.511471,0.502261,0.483792,0.495104,0.516175,0.497406,0.674587,0.944812,0.935702,0.935302,0.986104,0.979197,1.044063,1.200322,1.251674,1.241463,1.269542,1.379404,1.169190,0.790805,0.723286,0.823388,0.841807,0.832497,0.852668,0.877944,0.905922,0.926393,0.965282,0.959126,0.998516,1.032801,1.069388,1.070590,1.095465,1.105825,1.206278,1.349423,1.356681,1.366941,1.401877,1.379003,1.466843,1.652832,1.662442,1.645074,1.651281,1.665795,1.660240,1.659839,1.685265,1.660840,1.648978,1.701031,1.469596,1.079649,1.049919,1.084654,1.064934,1.137508,0.927744,0.554214,0.514223,0.568579,0.568028,0.551161,0.555766,0.542202,0.546456,0.547407,0.555515,0.549609,0.547908,0.552312
0.542142,0.531746,0.526071,0.537672,0.534056,0.547867,0.535161,0.533905,0.531997,0.526975,0.537471,0.517885,0.550077,0.541840,0.518437,0.517131,0.495486,0.488354,0.509950,0.529034,0.515273,0.500106,0.494080,0.507439,0.506936,0.506434,0.500056,0.495285,0.494883,0.522354,0.502919,0.515725,0.484387,0.393787,0.592062,0.926236,0.946375,0.890930,0.916142,0.872499,0.833075,0.836440,0.783055,0.758446,0.734992,0.678292,0.880183,1.214458,1.200245,1.145704,1.182919,1.126721,1.070020,1.057114,1.061332,1.049480,1.000313,0.947882,1.018895,1.179955,1.219932,1.159214,1.139427,1.203861,0.949539,0.551935,0.533755,0.572576,0.558263,0.503622,0.513214,0.519241,0.491016,0.509146,0.525468,0.525870,0.712995,0.957826,0.952100,0.947179,0.994889,0.954611,1.037527,1.214106,1.269149,1.245695,1.273870,1.387019,1.186986,0.793501,0.740969,0.825693,0.830263,0.835335,0.876919,0.917548,0.928094,0.960939,0.968573,0.987255,1.007495,1.036322,1.073034,1.111503,1.118987,1.120142,1.225155,1.365876,1.368286,1.360703,1.387421,1.383704,1.473400,1.658466,1.665749,1.647217,1.648774,1.671474,1.665899,1.665497,1.681970,1.658165,1.660475,1.712404,1.474605,1.067911,1.048827,1.088351,1.068564,1.126118,0.930405,0.560171,0.520044,0.582219,0.571823,0.555199,0.551634,0.543297,0.532750,0.549876,0.571220,0.554094,0.554295,0.554195
0.533343,0.532992,0.538759,0.542119,0.533293,0.546482,0.526272,0.511076,0.505961,0.530133,0.548388,0.517144,0.549290,0.536101,0.502451,0.516392,0.507516,0.484196,0.511277,0.524216,0.509522,0.499391,0.501147,0.512430,0.506212,0.487355,0.487355,0.476473,0.488158,0.526723,0.502200,0.498037,0.475319,0.407066,0.614335,0.928774,0.948783,0.895575,0.915434,0.871252,0.833840,0.835244,0.776318,0.757362,0.739358,0.667042,0.866538,1.213825,1.200736,1.137096,1.164778,1.102593,1.068491,1.052293,1.058110,1.048581,0.998883,0.946527,1.017438,1.194116,1.238499,1.169041,1.162823,1.226312,0.980378,0.585198,0.563583,0.588457,0.569751,0.544677,0.524416,0.518498,0.490314,0.508418,0.524717,0.528930,0.697433,0.956456,0.988552,0.971852,0.990458,0.968994,1.062373,1.224507,1.285740,1.243915,1.270143,1.385036,1.185290,0.790611,0.734193,0.824512,0.825265,0.820801,0.854351,0.908814,0.910519,0.946727,0.981782,1.007007,1.039053,1.047578,1.067187,1.076966,1.117387,1.103094,1.208660,1.352088,1.369891,1.368537,1.385437,1.387193,1.471294,1.656096,1.663367,1.641352,1.656698,1.674049,1.663518,1.666276,1.663016,1.649476,1.658102,1.709957,1.465878,1.057257,1.047328,1.092061,1.068842,1.124508,0.922003,0.559370,0.524466,0.589059,0.582540,0.566191,0.540865,0.535750,0.524366,0.561376,0.580534,0.551848,0.537405,0.550995
0.540420,0.525523,0.526273,0.537820,0.531572,0.544719,0.524574,0.501329,0.492781,0.528423,0.554766,0.529622,0.556566,0.539320,0.516026,0.519375,0.515626,0.500030,0.509627,0.522524,0.507878,0.489782,0.490432,0.505678,0.519975,0.485783,0.482334,0.493531,0.493081,0.519925,0.496830,0.496380,0.471336,0.397254,0.579660,0.915430,0.940124,0.892685,0.897884,0.867391,0.830850,0.825251,0.773814,0.745470,0.736973,0.667389,0.871940,1.221356,1.202011,1.133427,1.162720,1.139126,1.078140,1.069892,1.073042,1.045198,0.989262,0.944473,1.013856,1.180216,1.230254,1.184765,1.190163,1.211558,0.954620,0.578011,0.561765,0.626349,0.601305,0.581810,0.537770,0.516826,0.503329,0.512976,0.523024,0.511927,0.662840,0.941823,0.979064,0.968717,0.973865,0.927927,1.034351,1.220556,1.281591,1.239901,1.263096,1.380567,1.165969,0.766165,0.750769,0.830000,0.839148,0.831450,0.873340,0.916979,0.923478,0.946322,0.978614,1.007357,1.035701,1.045298,1.067193,1.070592,1.107083,1.093487,1.203510,1.359523,1.371370,1.369970,1.380967,1.386816,1.500339,1.650752,1.658001,1.629058,1.651352,1.680495,1.667898,1.655901,1.657651,1.645054,1.652752,1.701890,1.461948,1.053846,1.043949,1.086688,1.091487,1.128728,0.919029,0.541370,0.522774,0.587159,0.570663,0.550068,0.536621,0.534271,0.514176,0.547318,0.578661,0.550068,0.526473,0.544019
0.429892,0.445968,0.439328,0.445918,0.435883,0.447266,0.439677,0.458349,0.457350,0.438878,0.410322,0.399888,0.414216,0.421854,0.440226,0.428195,0.428295,0.437530,0.416662,0.387257,0.413767,0.427745,0.438928,0.379320,0.405479,0.404830,0.408924,0.386608,0.380218,0.385760,0.396793,0.411820,0.370333,0.301588,0.462043,0.713858,0.720248,0.679111,0.689395,0.628139,0.625493,0.649756,0.628039,0.574920,0.542270,0.539325,0.657644,0.837119,0.854992,0.791089,0.795732,0.764280,0.787245,0.813106,0.773766,0.755544,0.766427,0.769223,0.838467,0.928279,0.945653,0.927031,0.954789,1.003664,0.739768,0.345471,0.302237,0.342426,0.324254,0.336535,0.293850,0.292452,0.276926,0.294100,0.301439,0.304883,0.405729,0.602827,0.648957,0.652002,0.664433,0.660140,0.768624,0.940860,0.976556,0.978602,1.005361,1.086737,0.865126,0.519605,0.476321,0.559693,0.565335,0.564087,0.592294,0.615957,0.622547,0.642167,0.666680,0.714507,0.694787,0.666131,0.708516,0.764630,0.761435,0.791539,0.953641,1.161872,1.190478,1.188581,1.227322,1.224975,1.315736,1.485676,1.489171,1.493315,1.518077,1.508891,1.468453,1.487024,1.496160,1.481882,1.482381,1.575689,1.335057,0.922688,0.902020,0.945753,0.924885,0.981298,0.780106,0.470280,0.413917,0.469881,0.453756,0.448813,0.461494,0.479566,0.465388,0.451509,0.449312,0.450610,0.487504,0.546763
0.425206,0.441107,0.447279,0.447427,0.431132,0.438687,0.431774,0.424466,0.452365,0.435033,0.406294,0.395529,0.409701,0.417256,0.412812,0.425848,0.423626,0.432761,0.414096,0.383036,0.402788,0.407430,0.431971,0.375185,0.399875,0.400418,0.405257,0.382394,0.376074,0.381555,0.392468,0.394394,0.352816,0.284574,0.426836,0.699460,0.713582,0.668598,0.655413,0.612749,0.597590,0.642673,0.610626,0.563716,0.536359,0.525249,0.662080,0.853771,0.863992,0.791108,0.771356,0.749432,0.766961,0.784343,0.745136,0.704793,0.728446,0.742963,0.807700,0.897817,0.935345,0.897175,0.941567,0.976133,0.730766,0.310498,0.300770,0.347088,0.297165,0.296474,0.260477,0.263390,0.256625,0.254897,0.267390,0.244626,0.377259,0.574974,0.622477,0.631662,0.629045,0.652944,0.760246,0.911001,0.949270,0.956233,0.994403,1.074892,0.855696,0.513941,0.466981,0.546680,0.552852,0.563222,0.585838,0.609244,0.624156,0.640106,0.659413,0.697534,0.682226,0.665931,0.702867,0.756296,0.761332,0.782911,0.933222,1.148368,1.177008,1.181897,1.209154,1.211920,1.301395,1.464249,1.464100,1.472199,1.501530,1.477087,1.449385,1.463705,1.473532,1.462817,1.478322,1.559304,1.310975,0.890361,0.872831,0.922951,0.902557,0.978009,0.777776,0.465154,0.404813,0.460513,0.455081,0.443921,0.456464,0.474685,0.464907,0.438341,0.441008,0.442884,0.471179,0.497547
0.540653,0.525750,0.514598,0.526600,0.539053,0.561607,0.521249,0.501546,0.527251,0.529401,0.521650,0.515698,0.556806,0.553406,0.538053,0.516048,0.513548,0.522050,0.509847,0.522750,0.513098,0.494294,0.489443,0.502796,0.497845,0.485843,0.482542,0.493744,0.506597,0.520149,0.490794,0.488993,0.459638,0.379722,0.580711,0.926177,0.940529,0.887669,0.898271,0.871516,0.839360,0.809204,0.774148,0.745792,0.737291,0.667677,0.872266,1.210481,1.202529,1.138967,1.154670,1.133416,1.077006,1.063353,1.067704,1.049550,1.007242,0.964434,1.041849,1.183026,1.219383,1.185276,1.190677,1.226684,0.979487,0.577810,0.528901,0.586812,0.573609,0.585712,0.538003,0.517049,0.503546,0.520399,0.539053,0.540153,0.698183,0.953782,0.983138,0.946481,0.952482,0.917525,1.037248,1.240887,1.282145,1.234486,1.263641,1.390715,1.186376,0.785000,0.751693,0.830358,0.839510,0.850362,0.880718,0.917375,0.923876,0.946731,0.977236,1.010593,1.055801,1.046700,1.061152,1.063453,1.107561,1.109362,1.211081,1.348407,1.381064,1.377913,1.366111,1.392766,1.520490,1.647864,1.655666,1.636762,1.654716,1.674219,1.668618,1.656616,1.647014,1.638413,1.655716,1.713777,1.469880,1.064503,1.046700,1.087157,1.091958,1.126065,0.906723,0.533752,0.513348,0.587412,0.570909,0.564608,0.543004,0.519549,0.522150,0.547554,0.571409,0.549255,0.526701,0.537753
0.517802,0.505444,0.502611,0.508180,0.516385,0.545643,0.513846,0.493966,0.504712,0.515409,0.508570,0.503686,0.533970,0.526985,0.522540,0.510133,0.501586,0.509889,0.493819,0.510573,0.499876,0.493770,0.498899,0.490596,0.475112,0.474526,0.485076,0.485516,0.488984,0.499143,0.474916,0.472865,0.439211,0.370877,0.567184,0.903430,0.934056,0.877885,0.869288,0.847552,0.819808,0.778046,0.738238,0.728420,0.720116,0.652125,0.844963,1.174274,1.174518,1.112437,1.127774,1.107015,1.051918,1.036190,1.042833,1.025102,0.983780,0.941969,1.017580,1.155469,1.190979,1.142085,1.146335,1.188976,0.956671,0.564351,0.501244,0.553947,0.566891,0.572068,0.525471,0.495089,0.486541,0.508277,0.523321,0.489765,0.647680,0.920282,0.923408,0.879252,0.914469,0.879203,0.987394,1.192639,1.231227,1.190100,1.218185,1.336438,1.131584,0.748642,0.727101,0.809014,0.791381,0.800612,0.838125,0.881841,0.888826,0.922089,0.939868,0.984317,1.012647,1.002878,1.024663,1.053383,1.095878,1.112681,1.186094,1.296532,1.348893,1.346109,1.327158,1.354511,1.485072,1.607770,1.617099,1.598636,1.616171,1.634879,1.632046,1.619639,1.605523,1.600248,1.628285,1.663502,1.429194,1.055581,1.022318,1.061834,1.069453,1.115563,0.885602,0.521319,0.487909,0.566402,0.550430,0.559760,0.532504,0.483660,0.502416,0.531039,0.556682,0.538414,0.514432,0.525226
0.522757,0.536370,0.518860,0.514422,0.512646,0.534545,0.510920,0.483398,0.484138,0.520439,0.522806,0.505988,0.521425,0.530352,0.527640,0.508996,0.502979,0.495334,0.498639,0.515556,0.507073,0.498589,0.503571,0.495384,0.479749,0.490945,0.489810,0.506678,0.493756,0.488331,0.471660,0.477480,0.443497,0.374497,0.566801,0.924676,0.936119,0.875454,0.875996,0.849955,0.819770,0.785640,0.745443,0.734000,0.704457,0.633138,0.837526,1.185734,1.176117,1.113725,1.132911,1.078263,1.039743,1.017006,1.034910,1.018535,0.993381,0.951162,1.000878,1.148891,1.202602,1.153231,1.157522,1.200580,0.966008,0.569859,0.506136,0.559353,0.572423,0.577651,0.530599,0.499921,0.491290,0.513238,0.512942,0.480636,0.635900,0.895823,0.916341,0.882260,0.890546,0.877575,0.981199,1.189088,1.205265,1.159939,1.193626,1.314068,1.118213,0.720042,0.718563,0.809264,0.804875,0.818438,0.840238,0.890447,0.911162,0.931138,0.949041,0.993924,1.022530,1.017548,1.046549,1.077227,1.106573,1.106820,1.188299,1.318310,1.349580,1.350911,1.336164,1.356139,1.477717,1.611772,1.625039,1.614238,1.631944,1.650834,1.656063,1.635446,1.618332,1.611180,1.644176,1.678602,1.458037,1.078214,1.029879,1.064059,1.079891,1.132467,0.905096,0.533608,0.492671,0.560142,0.555210,0.556838,0.537701,0.488380,0.507319,0.536222,0.537307,0.538688,0.522708,0.530352
0.524776,0.526013,0.520864,0.516408,0.514626,0.536609,0.520864,0.500713,0.505862,0.531212,0.520864,0.497643,0.523043,0.515715,0.508338,0.510962,0.504921,0.480908,0.500564,0.519626,0.504080,0.500515,0.517002,0.506704,0.494771,0.492840,0.491702,0.522647,0.507744,0.477046,0.464817,0.472541,0.441992,0.382726,0.596073,0.933198,0.939734,0.876805,0.879379,0.853237,0.822936,0.788674,0.714604,0.720991,0.698314,0.599687,0.808429,1.171499,1.183926,1.118026,1.130701,1.049353,1.012269,0.999792,0.999891,0.998406,0.945477,0.919632,1.011477,1.166894,1.164270,1.105054,1.145456,1.175311,0.923643,0.548294,0.462688,0.515715,0.551561,0.550868,0.511358,0.465659,0.440160,0.474917,0.474026,0.407482,0.568841,0.835363,0.891411,0.860416,0.853881,0.857842,0.983007,1.162488,1.188382,1.139663,1.169370,1.283296,1.098766,0.699453,0.702572,0.802586,0.793229,0.793526,0.822441,0.861357,0.900966,0.906462,0.948696,0.977957,0.996078,1.021478,1.029697,1.067772,1.101390,1.075396,1.183431,1.299140,1.351524,1.356128,1.346523,1.367962,1.499960,1.629731,1.637355,1.607450,1.640078,1.663597,1.662458,1.641762,1.627849,1.612996,1.626908,1.679044,1.459756,1.082378,1.037916,1.065395,1.082724,1.142287,0.933347,0.528439,0.485909,0.553790,0.557354,0.548145,0.537302,0.513635,0.512794,0.528539,0.539382,0.540768,0.524726,0.534183
0.530201,0.522797,0.526249,0.519296,0.519946,0.536104,0.529050,0.521096,0.520846,0.527850,0.517495,0.502788,0.521797,0.510291,0.516644,0.525599,0.519896,0.501237,0.502238,0.518845,0.507240,0.517345,0.520996,0.502438,0.499886,0.497936,0.496785,0.528050,0.512993,0.481978,0.469622,0.491883,0.449813,0.386683,0.602235,0.942846,0.942746,0.885869,0.888470,0.851553,0.821038,0.781370,0.715989,0.724643,0.701132,0.605186,0.796677,1.166452,1.202619,1.120530,1.108524,1.053448,1.025535,0.990018,0.979663,0.970609,0.920185,0.905728,1.015130,1.148193,1.119630,1.085313,1.144291,1.187462,0.925938,0.534253,0.463569,0.506740,0.544858,0.530601,0.479577,0.438557,0.404591,0.441359,0.444160,0.402040,0.570420,0.831543,0.900626,0.869311,0.862708,0.866710,0.993170,1.172204,1.197066,1.151445,1.181459,1.296563,1.110125,0.726544,0.728795,0.820788,0.832344,0.830693,0.858856,0.881367,0.915983,0.918484,0.958503,0.966607,0.979013,1.013029,1.040442,1.078810,1.093967,1.090766,1.195966,1.335782,1.377902,1.385055,1.369998,1.387456,1.498759,1.634773,1.647879,1.603558,1.657034,1.674342,1.671441,1.645978,1.648780,1.636924,1.628620,1.696402,1.478499,1.093567,1.051097,1.076409,1.095268,1.165801,0.948148,0.536304,0.488331,0.551111,0.561165,0.552561,0.547459,0.538705,0.526099,0.534003,0.544858,0.533652,0.528850,0.544458
0.425526,0.441438,0.447615,0.439066,0.426465,0.420881,0.432098,0.445441,0.472867,0.435360,0.406599,0.395827,0.407044,0.409960,0.427503,0.426168,0.419645,0.433087,0.412579,0.383324,0.405463,0.416038,0.432296,0.395431,0.400175,0.400225,0.389847,0.364249,0.382879,0.392367,0.394344,0.398841,0.366572,0.292151,0.424587,0.699986,0.714119,0.663417,0.638264,0.613259,0.582028,0.635695,0.592801,0.564139,0.557468,0.525644,0.656795,0.877045,0.864641,0.791703,0.773369,0.737789,0.765858,0.784933,0.715008,0.670978,0.700035,0.689559,0.753701,0.898492,0.916578,0.885693,0.911093,0.955519,0.699442,0.274657,0.262945,0.320812,0.287357,0.272335,0.251036,0.259931,0.236804,0.227662,0.234234,0.195245,0.372848,0.596705,0.642366,0.645380,0.657685,0.653435,0.745350,0.882036,0.938223,0.938223,0.987195,1.054302,0.845270,0.512351,0.461155,0.512598,0.519664,0.563645,0.586278,0.598286,0.616224,0.633026,0.655362,0.696773,0.688422,0.659365,0.700529,0.751329,0.763140,0.779250,0.921915,1.149231,1.187430,1.195584,1.210063,1.212831,1.302373,1.470587,1.465201,1.464015,1.494110,1.464361,1.454626,1.476270,1.467622,1.448992,1.489267,1.560278,1.291057,0.891030,0.850904,0.908672,0.925374,0.971332,0.772183,0.429924,0.400175,0.458141,0.455423,0.444255,0.456807,0.462440,0.465257,0.438671,0.439313,0.440598,0.471533,0.505087
0.400251,0.430295,0.464297,0.434057,0.415737,0.434008,0.427168,0.440359,0.449445,0.423944,0.391897,0.382712,0.406895,0.409337,0.410363,0.421306,0.408360,0.425752,0.410412,0.386083,0.393949,0.411291,0.427364,0.390920,0.401472,0.395658,0.365321,0.370792,0.384080,0.387891,0.387305,0.385644,0.358286,0.269472,0.411780,0.691999,0.705971,0.659219,0.628735,0.614714,0.601719,0.629370,0.569965,0.549007,0.559266,0.519109,0.622238,0.841538,0.851601,0.782670,0.745298,0.710905,0.741634,0.752870,0.706851,0.663323,0.684378,0.635672,0.709440,0.885505,0.880571,0.838509,0.848572,0.903678,0.643147,0.240795,0.226042,0.274846,0.246560,0.208406,0.235861,0.236936,0.209139,0.215490,0.198049,0.170398,0.332785,0.586380,0.614958,0.618818,0.640948,0.630738,0.715986,0.859125,0.918529,0.904802,0.948281,1.023954,0.835626,0.496002,0.419450,0.455015,0.482616,0.557215,0.576902,0.582520,0.606165,0.621016,0.652380,0.685697,0.664837,0.637528,0.669820,0.733378,0.747594,0.759270,0.903727,1.137097,1.187855,1.183605,1.192007,1.195915,1.295673,1.449022,1.441352,1.435392,1.473350,1.461332,1.433144,1.448093,1.450878,1.444674,1.472275,1.521812,1.265140,0.887410,0.841196,0.887361,0.914817,0.960250,0.753505,0.425019,0.389943,0.452914,0.450227,0.440310,0.445342,0.443241,0.452328,0.438307,0.435522,0.435571,0.456187,0.510462
0.525032,0.507579,0.526226,0.516181,0.516828,0.532889,0.525878,0.517971,0.521253,0.524684,0.514391,0.499773,0.518668,0.507231,0.513546,0.514043,0.502408,0.482966,0.491170,0.499375,0.504198,0.514242,0.517872,0.496938,0.495397,0.492016,0.486844,0.510811,0.495944,0.480828,0.476452,0.491469,0.444579,0.384364,0.598623,0.937192,0.940125,0.878468,0.891545,0.861015,0.825313,0.792098,0.722336,0.714131,0.696927,0.601557,0.791899,1.159457,1.192771,1.098943,1.071098,1.039622,0.992833,0.974634,0.961009,0.935849,0.910888,0.884435,0.980600,1.120473,1.112915,1.071197,1.125545,1.157020,0.900197,0.514043,0.451391,0.489977,0.513248,0.496789,0.461883,0.427624,0.393563,0.422950,0.415938,0.380436,0.522546,0.804430,0.885479,0.859971,0.838987,0.835208,0.966529,1.138423,1.175617,1.152048,1.186059,1.275661,1.059959,0.690015,0.716419,0.791700,0.779070,0.796921,0.852960,0.872800,0.894081,0.876728,0.929982,0.936844,0.947683,1.008247,1.032214,1.063540,1.087904,1.089993,1.186307,1.304699,1.345373,1.354125,1.347064,1.368743,1.472566,1.620644,1.637997,1.593544,1.622931,1.651174,1.663953,1.644411,1.638892,1.627108,1.626859,1.686229,1.457948,1.079451,1.042357,1.063639,1.076368,1.147175,0.938833,0.537960,0.485402,0.547806,0.557800,0.553424,0.544176,0.518817,0.527469,0.533585,0.541540,0.545518,0.528960,0.524237
0.531092,0.527584,0.535552,0.520870,0.520820,0.532495,0.529940,0.518665,0.521722,0.521171,0.529388,0.514807,0.514356,0.509846,0.517513,0.532695,0.525029,0.486697,0.491106,0.490956,0.498071,0.507591,0.523225,0.511700,0.500426,0.496818,0.499173,0.498773,0.490004,0.484542,0.481435,0.495265,0.441650,0.392745,0.602796,0.942477,0.937265,0.880092,0.898432,0.829734,0.802626,0.792805,0.727915,0.719647,0.702310,0.584607,0.795110,1.167110,1.193817,1.107431,1.079371,1.040988,0.985369,0.982162,0.968432,0.943078,0.910608,0.891266,0.988175,1.129128,1.108333,1.064589,1.117202,1.142657,0.900386,0.510698,0.435687,0.488751,0.483440,0.478329,0.462144,0.430927,0.396603,0.426216,0.419151,0.383374,0.526582,0.810643,0.892319,0.851782,0.828030,0.841660,0.973994,1.147217,1.176329,1.151727,1.183445,1.278499,1.044746,0.689633,0.705768,0.778223,0.759784,0.791352,0.847973,0.879541,0.897630,0.871875,0.927194,0.944080,0.955004,1.013279,1.040187,1.071755,1.096307,1.098412,1.191211,1.313775,1.348450,1.360375,1.367641,1.379316,1.483941,1.640127,1.645138,1.605853,1.635467,1.661423,1.665431,1.638724,1.648344,1.639676,1.637872,1.699254,1.469209,1.102972,1.050359,1.077266,1.087188,1.156036,0.946084,0.541765,0.489152,0.553390,0.551837,0.553490,0.543018,0.528336,0.531543,0.537706,0.559403,0.549732,0.538608,0.542617
0.526681,0.524439,0.551735,0.538735,0.522347,0.529321,0.534351,0.524838,0.507455,0.510493,0.530217,0.518163,0.511290,0.505014,0.507305,0.514926,0.521899,0.483795,0.485439,0.478067,0.495102,0.500431,0.518761,0.502225,0.497443,0.485738,0.496198,0.494952,0.481056,0.479910,0.468902,0.481355,0.429703,0.388311,0.596862,0.936858,0.928640,0.867972,0.893076,0.834351,0.808999,0.787381,0.741756,0.731695,0.708783,0.601145,0.802324,1.158359,1.186701,1.100830,1.068603,1.034783,0.992794,0.985771,0.965947,0.937456,0.912452,0.901843,0.999319,1.128424,1.115274,1.072389,1.100531,1.135845,0.895019,0.500730,0.441657,0.485837,0.465216,0.468056,0.459389,0.413664,0.399618,0.437822,0.420936,0.381089,0.555869,0.827976,0.886999,0.846704,0.836892,0.845459,0.968188,1.140378,1.169317,1.144861,1.170712,1.262510,1.054806,0.694238,0.708484,0.783297,0.774182,0.798290,0.847202,0.874298,0.892279,0.884260,0.915789,0.916138,0.947468,1.010177,1.035231,1.063274,1.083297,1.091864,1.184110,1.315606,1.332541,1.352266,1.372986,1.371094,1.467723,1.630350,1.635331,1.596280,1.625717,1.645741,1.640212,1.628955,1.652664,1.634683,1.628108,1.700182,1.464336,1.072190,1.044097,1.074281,1.080707,1.137141,0.932724,0.538535,0.503121,0.566628,0.548547,0.543417,0.536194,0.537440,0.534600,0.538784,0.552781,0.556865,0.541026,0.539382
0.519999,0.517787,0.550564,0.544933,0.526886,0.525830,0.539303,0.529701,0.512157,0.527489,0.540761,0.522965,0.510247,0.512660,0.512006,0.506527,0.516480,0.503711,0.492702,0.492551,0.499690,0.505069,0.514670,0.472845,0.488580,0.487776,0.478827,0.477018,0.485513,0.505370,0.497779,0.485815,0.433684,0.391910,0.602393,0.945540,0.937245,0.872748,0.886673,0.838011,0.829213,0.777334,0.729929,0.725455,0.721132,0.629036,0.809759,1.169093,1.197697,1.111030,1.078505,1.044372,1.001994,1.000435,0.972987,0.943730,0.928096,0.918192,1.015416,1.145617,1.138981,1.082326,1.111433,1.146371,0.904016,0.511202,0.448916,0.490339,0.481441,0.472393,0.463646,0.413576,0.400053,0.434288,0.424837,0.404025,0.587010,0.868223,0.895420,0.851684,0.840022,0.862241,1.001239,1.145516,1.179650,1.164719,1.199105,1.274209,1.053119,0.702783,0.710726,0.790555,0.781356,0.819612,0.871340,0.924778,0.900547,0.892454,0.924275,0.949059,0.981081,1.011897,1.026676,1.059503,1.098211,1.118672,1.195384,1.327797,1.352832,1.370628,1.400840,1.396517,1.481324,1.647116,1.656617,1.637715,1.640782,1.660991,1.639726,1.644954,1.667978,1.651992,1.652043,1.715937,1.474939,1.082125,1.055733,1.088358,1.079611,1.143405,0.932017,0.554032,0.527590,0.584295,0.560819,0.544732,0.539102,0.530053,0.533270,0.539454,0.557903,0.562025,0.538298,0.540962
0.518280,0.516075,0.548743,0.551849,0.552751,0.538772,0.540676,0.531858,0.510463,0.523541,0.533361,0.521236,0.516877,0.512267,0.509261,0.504852,0.514772,0.523440,0.491073,0.490923,0.501344,0.503248,0.490371,0.465019,0.473136,0.494280,0.499140,0.475440,0.483908,0.524793,0.496133,0.484209,0.455198,0.390614,0.585670,0.944568,0.937202,0.873119,0.846213,0.820208,0.809636,0.772960,0.746154,0.736033,0.721703,0.629110,0.815148,1.147490,1.172192,1.102496,1.074939,1.048284,1.032000,1.010956,0.996075,0.953636,0.933745,0.903482,0.980492,1.141828,1.148743,1.078747,1.107757,1.167231,0.920668,0.509511,0.447432,0.508760,0.490672,0.468576,0.444676,0.412209,0.399632,0.432852,0.445027,0.399081,0.585069,0.888902,0.904735,0.848868,0.853879,0.888501,1.024584,1.163473,1.175749,1.176701,1.189127,1.280167,1.065519,0.700459,0.708376,0.787941,0.777019,0.806530,0.868459,0.921720,0.897570,0.906889,0.942413,0.933995,0.958146,1.013661,1.030797,1.069578,1.108058,1.124142,1.191432,1.323407,1.362889,1.380626,1.391549,1.386538,1.468208,1.639966,1.644475,1.641068,1.628693,1.646981,1.629945,1.643674,1.658755,1.646530,1.648233,1.721085,1.473018,1.081954,1.046380,1.086914,1.076041,1.138071,0.920818,0.558714,0.526096,0.582363,0.550096,0.540877,0.537319,0.514572,0.526497,0.527649,0.549344,0.546388,0.530856,0.541127
0.406621,0.444006,0.472763,0.440535,0.421942,0.449460,0.424024,0.426206,0.426603,0.427743,0.413761,0.413166,0.412967,0.415000,0.403795,0.418719,0.414455,0.424718,0.411480,0.391846,0.399828,0.396060,0.429478,0.417331,0.407464,0.390160,0.376079,0.376326,0.389813,0.393680,0.393085,0.382871,0.363634,0.266354,0.420058,0.702476,0.732275,0.671339,0.640400,0.592900,0.586306,0.638763,0.578472,0.557201,0.567613,0.526857,0.642829,0.860196,0.864311,0.793657,0.751413,0.708872,0.709269,0.759991,0.696625,0.657456,0.679817,0.614121,0.709715,0.884640,0.889350,0.820828,0.861237,0.908985,0.627459,0.229812,0.205864,0.255644,0.217714,0.201253,0.239381,0.260801,0.212260,0.209533,0.230754,0.172942,0.337752,0.595478,0.646399,0.652894,0.653440,0.622153,0.695088,0.869071,0.932239,0.918306,0.950435,1.015685,0.819043,0.487737,0.419760,0.446386,0.465524,0.555763,0.583480,0.580505,0.611047,0.624137,0.638962,0.695931,0.695981,0.647044,0.679817,0.736440,0.758752,0.759694,0.914389,1.157588,1.200129,1.201270,1.223532,1.213764,1.308962,1.462765,1.470103,1.463855,1.483192,1.469260,1.466582,1.481209,1.469954,1.447295,1.471045,1.534956,1.284022,0.900655,0.853750,0.909233,0.928470,0.954947,0.744571,0.406621,0.397448,0.466119,0.463987,0.443758,0.458037,0.468896,0.481390,0.444849,0.438254,0.427148,0.457988,0.487390
0.393874,0.421046,0.473652,0.441363,0.431428,0.443748,0.410565,0.427007,0.434955,0.430236,0.414539,0.413943,0.413744,0.415781,0.404554,0.415135,0.408628,0.425517,0.417321,0.394023,0.391142,0.379965,0.420351,0.418115,0.408230,0.390894,0.374699,0.377034,0.387814,0.375594,0.370825,0.381952,0.368788,0.291593,0.428945,0.722574,0.735192,0.670316,0.646969,0.625062,0.611848,0.645826,0.579560,0.575685,0.580802,0.527053,0.629980,0.844924,0.845371,0.793163,0.751684,0.710205,0.710603,0.746170,0.697836,0.639319,0.651787,0.592127,0.705734,0.869265,0.849047,0.818795,0.835585,0.893059,0.618306,0.230244,0.206251,0.233374,0.199694,0.197608,0.227959,0.240924,0.202227,0.185437,0.208586,0.190454,0.339877,0.560186,0.629881,0.637978,0.622777,0.574691,0.667733,0.863254,0.920331,0.882926,0.914817,0.999314,0.803892,0.470771,0.432720,0.466002,0.466648,0.554225,0.568134,0.573052,0.608620,0.626503,0.642299,0.685666,0.676625,0.654619,0.704195,0.741898,0.755807,0.739613,0.905876,1.150625,1.202386,1.203827,1.218382,1.219176,1.317484,1.465515,1.482504,1.466608,1.476742,1.472023,1.469340,1.483697,1.474954,1.468595,1.495370,1.558060,1.297812,0.905081,0.859429,0.910942,0.930216,0.956743,0.745971,0.398593,0.397997,0.466996,0.455074,0.431776,0.453882,0.469778,0.474050,0.445685,0.439078,0.427951,0.463717,0.498738
0.536911,0.519542,0.545920,0.556981,0.567542,0.546871,0.532956,0.515788,0.495617,0.525449,0.537461,0.507880,0.510133,0.511134,0.493966,0.494817,0.483305,0.498520,0.487809,0.503676,0.500823,0.502725,0.476748,0.474245,0.486458,0.496268,0.505778,0.474946,0.487709,0.528302,0.506028,0.490262,0.454725,0.389907,0.585061,0.949842,0.959001,0.872211,0.845333,0.828965,0.820206,0.772156,0.753737,0.745278,0.724356,0.644022,0.822158,1.146297,1.170972,1.101350,1.083731,1.075323,1.069817,1.038234,0.995039,0.952645,0.939831,0.905595,0.983677,1.149750,1.150801,1.077625,1.082280,1.133033,0.883422,0.479951,0.449419,0.516339,0.483605,0.456276,0.428047,0.439809,0.407275,0.437206,0.471592,0.389807,0.567092,0.887977,0.905145,0.847985,0.852990,0.858496,0.990584,1.136987,1.171173,1.152053,1.186689,1.268674,1.048044,0.688869,0.698229,0.768302,0.750634,0.782667,0.851339,0.886475,0.888377,0.900690,0.919910,0.943135,0.976820,1.020215,1.034730,1.074071,1.121421,1.122972,1.193396,1.322030,1.346956,1.364675,1.390101,1.370481,1.457722,1.643516,1.656629,1.639361,1.626999,1.650924,1.628250,1.645868,1.644066,1.618590,1.646519,1.729856,1.478243,1.080828,1.045291,1.085784,1.070367,1.131631,0.917958,0.558133,0.535309,0.581757,0.549524,0.535009,0.536760,0.514037,0.525949,0.527100,0.532456,0.545820,0.530304,0.509382
0.535832,0.516477,0.529563,0.553695,0.563398,0.535036,0.524189,0.509660,0.492693,0.520109,0.534290,0.491847,0.500605,0.508118,0.491051,0.519263,0.501351,0.497569,0.502197,0.507521,0.497022,0.501102,0.469457,0.458510,0.469855,0.490852,0.502794,0.470203,0.484832,0.525184,0.481398,0.485727,0.464581,0.387607,0.581609,0.942197,0.983446,0.873831,0.819148,0.824074,0.815367,0.767600,0.751379,0.741677,0.716699,0.657140,0.817307,1.133762,1.145206,1.089428,1.084104,1.068978,1.063505,1.048130,1.005588,0.952149,0.934286,0.900252,0.977873,1.142967,1.144011,1.073556,1.069575,1.113112,0.845569,0.453236,0.446768,0.513293,0.468959,0.445772,0.425521,0.437214,0.404872,0.434627,0.478114,0.418705,0.591411,0.895923,0.912144,0.845072,0.857959,0.856317,0.970210,1.109182,1.145753,1.127442,1.160033,1.247854,1.039422,0.683909,0.680575,0.758196,0.762873,0.798848,0.836514,0.846515,0.877613,0.900601,0.914483,0.949661,0.990959,1.006633,1.028625,1.068779,1.114804,1.121870,1.206208,1.324530,1.353438,1.371052,1.400110,1.374983,1.449121,1.635510,1.661832,1.653075,1.662081,1.626504,1.606154,1.633868,1.634366,1.609040,1.638197,1.719649,1.469521,1.055345,1.042905,1.080372,1.066540,1.124955,0.912542,0.554840,0.522448,0.567727,0.530459,0.526478,0.533593,0.526578,0.509412,0.516875,0.542550,0.537972,0.532797,0.537375
0.529076,0.509431,0.539474,0.547572,0.550621,0.546172,0.526627,0.506382,0.506032,0.525527,0.536774,0.494134,0.505882,0.513030,0.493335,0.518979,0.503682,0.483537,0.509931,0.516579,0.501633,0.506931,0.471640,0.460642,0.472040,0.489635,0.493035,0.479238,0.480038,0.501283,0.495484,0.515629,0.470540,0.389409,0.584313,0.968823,0.999766,0.887242,0.819458,0.827906,0.819158,0.777068,0.752774,0.745126,0.726930,0.664445,0.830256,1.139033,1.150531,1.094494,1.089145,1.094444,1.085796,1.053004,1.015712,0.970923,0.938630,0.878294,0.967874,1.148281,1.149331,1.083896,1.094544,1.130785,0.859349,0.455343,0.448845,0.515679,0.471140,0.438397,0.426800,0.421251,0.398707,0.436048,0.470990,0.399606,0.566367,0.900089,0.908837,0.848152,0.861948,0.868547,0.974722,1.114339,1.142083,1.144232,1.181673,1.263604,1.036907,0.690039,0.683740,0.761722,0.759872,0.818658,0.840403,0.850451,0.876295,0.906038,0.940580,0.953977,0.984070,1.007014,1.027160,1.073749,1.119988,1.127086,1.222814,1.342436,1.376178,1.382327,1.406621,1.359282,1.455859,1.641416,1.669559,1.669459,1.659812,1.624970,1.613622,1.645015,1.642316,1.626919,1.649414,1.727646,1.476255,1.055953,1.041956,1.085396,1.057503,1.123737,0.916785,0.557420,0.517429,0.570367,0.529576,0.531626,0.540623,0.535725,0.515529,0.511430,0.531776,0.537974,0.535275,0.534075
0.533238,0.514649,0.525364,0.545896,0.555664,0.525812,0.523918,0.504832,0.511659,0.523918,0.529301,0.492622,0.507921,0.511460,0.505230,0.531244,0.511908,0.490379,0.520430,0.521975,0.507323,0.505380,0.480612,0.472189,0.470595,0.488137,0.491526,0.477771,0.495961,0.507572,0.493967,0.514051,0.480263,0.393898,0.587807,0.965858,0.996706,0.884527,0.817997,0.827017,0.816651,0.792132,0.747729,0.741101,0.717828,0.658175,0.827714,1.152840,1.138238,1.091144,1.093636,1.081027,1.061841,1.026956,0.991922,0.951107,0.922252,0.873264,0.964911,1.126926,1.124384,1.080579,1.091194,1.127324,0.856719,0.473186,0.429331,0.502041,0.481509,0.444880,0.426092,0.435511,0.397486,0.434713,0.476625,0.419364,0.580332,0.882583,0.906055,0.845555,0.859310,0.865888,0.971738,1.133653,1.160465,1.147258,1.185930,1.263873,1.033734,0.687926,0.672826,0.748725,0.753410,0.797863,0.825870,0.868829,0.872217,0.903265,0.954944,0.960625,0.981058,1.003932,1.020178,1.070462,1.116560,1.123636,1.220317,1.343310,1.371966,1.378095,1.407100,1.365537,1.451403,1.631956,1.661559,1.647605,1.654731,1.619996,1.623783,1.645910,1.637289,1.621939,1.641674,1.717474,1.468796,1.056110,1.062987,1.089300,1.049232,1.120297,0.913979,0.557059,0.525812,0.565730,0.515147,0.535381,0.544650,0.518486,0.513951,0.509865,0.514500,0.532540,0.520978,0.532440
0.541608,0.533077,0.532168,0.552967,0.562861,0.563668,0.526313,0.486382,0.522173,0.530705,0.529039,0.501527,0.513188,0.517479,0.511774,0.538125,0.518539,0.496731,0.527171,0.537469,0.513036,0.506827,0.486837,0.482748,0.478356,0.489765,0.497892,0.504757,0.502385,0.485373,0.487039,0.507887,0.488200,0.408188,0.622882,0.975289,1.015825,0.912541,0.853378,0.857113,0.833539,0.821524,0.779121,0.752467,0.734092,0.666700,0.845351,1.172164,1.167621,1.115474,1.116231,1.106791,1.096493,1.062621,1.025719,0.980488,0.936368,0.884575,0.977409,1.114313,1.133243,1.094575,1.105327,1.141926,0.867815,0.479315,0.434892,0.508543,0.506827,0.450642,0.431611,0.450793,0.424594,0.459072,0.485070,0.408087,0.566293,0.860243,0.909815,0.849087,0.878467,0.877104,0.983568,1.166258,1.180291,1.162118,1.201291,1.280243,1.060349,0.696837,0.674221,0.745248,0.763169,0.808197,0.828390,0.850803,0.876094,0.909664,0.967313,0.973068,0.980337,1.015673,1.036573,1.089274,1.147428,1.138190,1.236123,1.360710,1.410888,1.398823,1.425325,1.383224,1.483681,1.653094,1.683080,1.668945,1.676164,1.645118,1.659758,1.673943,1.672176,1.651328,1.665664,1.739719,1.497361,1.069789,1.058481,1.103409,1.062621,1.134808,0.919508,0.553825,0.521517,0.566596,0.520911,0.536863,0.551705,0.541003,0.521265,0.530553,0.521164,0.539438,0.536661,0.545092
0.417081,0.444661,0.474680,0.433310,0.417480,0.436696,0.411456,0.416285,0.424449,0.429029,0.415438,0.408967,0.420118,0.430871,0.415488,0.407672,0.409514,0.426440,0.417131,0.397915,0.401449,0.385071,0.413248,0.416633,0.390945,0.371928,0.375513,0.382880,0.388655,0.362320,0.371729,0.387162,0.374716,0.280079,0.429875,0.748138,0.724491,0.660420,0.648373,0.630799,0.604315,0.647228,0.601875,0.594358,0.557867,0.510524,0.631347,0.846758,0.820223,0.767752,0.742562,0.684416,0.685312,0.717471,0.673812,0.641453,0.638665,0.575192,0.695418,0.856316,0.850740,0.801804,0.827641,0.866621,0.616263,0.229300,0.187084,0.231939,0.200127,0.198036,0.209238,0.205454,0.167868,0.181807,0.180861,0.163039,0.316968,0.551744,0.615864,0.618503,0.606256,0.525359,0.654098,0.865127,0.896292,0.847853,0.915508,1.001483,0.799713,0.454219,0.404187,0.436546,0.466964,0.556274,0.569367,0.574296,0.609940,0.619349,0.616113,0.684316,0.690041,0.656039,0.708510,0.743508,0.751772,0.720757,0.907841,1.153122,1.204995,1.209675,1.239395,1.225655,1.328258,1.476711,1.491347,1.455055,1.462224,1.475615,1.482535,1.486916,1.468397,1.466654,1.498615,1.542673,1.298587,0.926460,0.867866,0.912919,0.929397,0.927754,0.747590,0.399458,0.398861,0.468009,0.463479,0.427486,0.448793,0.451680,0.456609,0.435252,0.455215,0.428880,0.459795,0.486976
0.432182,0.457595,0.479184,0.436761,0.412052,0.441441,0.413260,0.431628,0.440636,0.433691,0.419953,0.417638,0.424683,0.429716,0.423073,0.412102,0.420607,0.432886,0.417638,0.394288,0.405912,0.389255,0.417739,0.421161,0.392979,0.375970,0.379593,0.387041,0.392879,0.366257,0.353425,0.383770,0.384173,0.298773,0.450499,0.770358,0.712687,0.645102,0.660350,0.663369,0.645052,0.643642,0.605849,0.600817,0.559652,0.494231,0.617625,0.854651,0.829136,0.757123,0.727985,0.671220,0.673032,0.725268,0.699452,0.648423,0.639113,0.581442,0.714951,0.849618,0.843328,0.810516,0.844938,0.886908,0.622959,0.227363,0.183481,0.234459,0.202302,0.200188,0.175781,0.166270,0.144279,0.175479,0.174926,0.174372,0.332591,0.569264,0.627388,0.615360,0.607409,0.531068,0.661206,0.867986,0.905880,0.857066,0.925456,1.023940,0.821839,0.471585,0.438371,0.472088,0.472038,0.544655,0.554016,0.586726,0.604038,0.626079,0.649681,0.700861,0.698143,0.670767,0.715555,0.750027,0.759941,0.728589,0.917706,1.177025,1.229362,1.230973,1.265193,1.224028,1.334287,1.510874,1.515554,1.470313,1.464173,1.491650,1.498645,1.504181,1.468149,1.477409,1.519983,1.559437,1.295790,0.936527,0.877850,0.936880,0.943623,0.937836,0.755714,0.414417,0.403195,0.469119,0.465647,0.432131,0.452764,0.448235,0.431628,0.422570,0.460162,0.434446,0.464791,0.492268
0.534233,0.531635,0.539027,0.547518,0.540226,0.537329,0.508260,0.467953,0.506212,0.522095,0.523444,0.499270,0.498171,0.505213,0.510807,0.534183,0.513055,0.491478,0.524393,0.531785,0.514304,0.508210,0.501018,0.482887,0.475295,0.484036,0.492627,0.500868,0.502017,0.480240,0.481888,0.502516,0.478692,0.412412,0.616295,0.954087,1.005082,0.907786,0.878367,0.858538,0.836611,0.814535,0.776126,0.745808,0.718387,0.649810,0.829569,1.159768,1.176051,1.086895,1.096086,1.087795,1.051433,1.029257,0.990198,0.961778,0.917825,0.880515,0.976363,1.098983,1.119511,1.083000,1.083399,1.129850,0.858638,0.450472,0.427396,0.499969,0.485834,0.455117,0.435737,0.436436,0.458563,0.484985,0.481039,0.424599,0.572542,0.825923,0.900244,0.847450,0.883012,0.867828,0.963177,1.153625,1.167810,1.149829,1.188587,1.266704,1.048886,0.689468,0.654305,0.737367,0.771830,0.799651,0.819629,0.861884,0.874171,0.900044,0.935606,0.962777,0.983256,1.004933,1.016770,1.075458,1.122308,1.125554,1.223051,1.346320,1.398914,1.384030,1.410252,1.373241,1.463645,1.632116,1.665281,1.660836,1.654992,1.638160,1.654992,1.656740,1.654493,1.633864,1.647650,1.712831,1.481426,1.065169,1.047288,1.069014,1.047288,1.113967,0.900693,0.540975,0.512456,0.566998,0.515403,0.527390,0.545870,0.544721,0.515303,0.513804,0.515652,0.537529,0.539427,0.530936
0.530318,0.516570,0.534551,0.540180,0.530617,0.514628,0.506858,0.484543,0.504815,0.519360,0.520655,0.498988,0.496796,0.506360,0.515275,0.532709,0.511639,0.492911,0.522946,0.533007,0.512885,0.504068,0.504965,0.484045,0.468405,0.470148,0.473934,0.499486,0.493708,0.469849,0.462179,0.490022,0.477371,0.412270,0.594372,0.935216,1.004750,0.907921,0.861698,0.856169,0.834303,0.808601,0.778915,0.759290,0.707588,0.642837,0.834104,1.152234,1.147054,1.072341,1.104966,1.053612,1.013914,1.026417,1.007688,0.976408,0.915292,0.872805,0.969286,1.093011,1.110494,1.080011,1.071344,1.101280,0.846705,0.440014,0.427860,0.498589,0.461581,0.445841,0.424922,0.419692,0.409182,0.452964,0.477819,0.423427,0.563690,0.810643,0.861399,0.837789,0.880575,0.865433,0.960519,1.150441,1.183714,1.154575,1.189193,1.272324,1.073735,0.700715,0.652499,0.745991,0.779214,0.800283,0.810594,0.830467,0.864437,0.904783,0.956933,0.967891,0.967293,0.999221,1.013964,1.078666,1.099387,1.130318,1.222366,1.340164,1.395054,1.397744,1.408652,1.390173,1.472706,1.627613,1.652716,1.656253,1.650425,1.628111,1.650425,1.655257,1.649429,1.629356,1.643103,1.704020,1.472457,1.072839,1.028608,1.054509,1.048980,1.126284,0.919227,0.524689,0.504218,0.556717,0.526283,0.516521,0.540927,0.546207,0.513881,0.510195,0.524689,0.542172,0.550989,0.537839
0.537719,0.535105,0.539529,0.545210,0.535557,0.519420,0.516856,0.515549,0.509516,0.515649,0.525503,0.503634,0.504388,0.511074,0.520073,0.523844,0.516303,0.512080,0.526156,0.532189,0.517660,0.508762,0.509667,0.503031,0.478397,0.474526,0.476336,0.504137,0.493026,0.466130,0.464069,0.494585,0.491116,0.416109,0.599907,0.935830,0.992287,0.929446,0.884099,0.864141,0.840412,0.813215,0.770131,0.765455,0.728203,0.641533,0.832821,1.166080,1.175431,1.091626,1.115254,1.063423,1.023154,1.016367,1.010687,1.001185,0.943220,0.891640,0.978311,1.106155,1.126817,1.094743,1.101429,1.145770,0.877262,0.474777,0.431844,0.503232,0.492222,0.500970,0.473872,0.439285,0.461556,0.481765,0.476939,0.433554,0.568939,0.818192,0.869420,0.849361,0.904762,0.897372,0.994197,1.175833,1.197953,1.184279,1.228067,1.296538,1.084839,0.723075,0.658575,0.759875,0.796423,0.802607,0.819448,0.875352,0.872486,0.913207,0.978361,0.976903,0.976300,1.009631,1.023406,1.078153,1.109624,1.144111,1.233748,1.352945,1.408044,1.410004,1.421768,1.382203,1.473197,1.635277,1.668106,1.671675,1.665793,1.653174,1.665793,1.670669,1.650611,1.644980,1.661972,1.716770,1.486168,1.092028,1.023858,1.054324,1.058748,1.132548,0.898377,0.524095,0.511225,0.564213,0.531184,0.521330,0.538172,0.541791,0.524045,0.532893,0.529575,0.543400,0.542947,0.534401
0.532936,0.530345,0.537520,0.540360,0.528303,0.505383,0.503091,0.507575,0.500749,0.511063,0.520829,0.495766,0.489538,0.490435,0.512657,0.526808,0.520629,0.506628,0.521476,0.527256,0.507176,0.504237,0.505383,0.487695,0.481815,0.482861,0.464675,0.477580,0.496663,0.477829,0.459942,0.486150,0.494222,0.412408,0.572349,0.907078,0.955808,0.917143,0.902245,0.864327,0.832937,0.805982,0.763281,0.763281,0.721726,0.635827,0.825812,1.155709,1.164976,1.081917,1.117044,1.044547,1.005633,1.007327,0.990985,0.976734,0.934831,0.886500,0.968663,1.093377,1.121428,1.099804,1.087846,1.139166,0.897711,0.499952,0.428003,0.498756,0.487844,0.496514,0.469658,0.435378,0.457450,0.477480,0.472697,0.429697,0.563878,0.810914,0.861687,0.874691,0.896714,0.874342,0.968314,1.156904,1.187398,1.177233,1.209520,1.286950,1.075190,0.716644,0.676983,0.785354,0.789340,0.776036,0.812160,0.878677,0.885852,0.909719,0.962982,0.974692,0.989988,1.016047,1.040262,1.068563,1.095170,1.124219,1.225365,1.340911,1.395520,1.404140,1.409122,1.376237,1.456307,1.614454,1.645595,1.640613,1.618191,1.638470,1.653368,1.655810,1.655610,1.641609,1.639616,1.698361,1.455410,1.082315,1.016296,1.060093,1.057552,1.130746,0.895020,0.519434,0.500550,0.546888,0.514152,0.505183,0.523320,0.529797,0.522124,0.528452,0.524865,0.541805,0.538118,0.530595
0.518244,0.522798,0.539811,0.542663,0.530554,0.511189,0.505234,0.507786,0.499530,0.508937,0.507986,0.495227,0.491624,0.492575,0.514842,0.509287,0.506235,0.508787,0.506335,0.506836,0.501482,0.506385,0.507536,0.489773,0.483868,0.489973,0.466655,0.443888,0.471108,0.476813,0.461901,0.488322,0.501882,0.414165,0.574787,0.931459,0.963783,0.921051,0.906089,0.868010,0.836787,0.812318,0.766533,0.766533,0.735560,0.638536,0.827029,1.176745,1.184601,1.100637,1.125656,1.048998,1.009918,1.031535,1.005965,0.996508,0.963433,0.893330,0.957929,1.098035,1.126207,1.104490,1.093532,1.176295,0.920200,0.508387,0.440035,0.509137,0.489923,0.509187,0.483818,0.433630,0.423322,0.462502,0.454846,0.396952,0.551119,0.821275,0.866910,0.878418,0.897032,0.904788,0.989553,1.170591,1.207619,1.196160,1.226583,1.301740,1.085276,0.719597,0.684621,0.788700,0.799208,0.798858,0.816972,0.882421,0.902987,0.915847,0.985350,0.982748,0.994206,1.020376,1.071615,1.094333,1.104440,1.138766,1.238492,1.344223,1.401466,1.410123,1.419880,1.382102,1.462513,1.620283,1.652607,1.633943,1.625086,1.645452,1.664216,1.663366,1.663165,1.648604,1.647353,1.707899,1.470769,1.077770,1.020627,1.060957,1.057955,1.133763,0.898834,0.517544,0.500231,0.546966,0.528702,0.501081,0.519495,0.545565,0.535257,0.529303,0.526701,0.544114,0.555623,0.541262
0.423931,0.434895,0.469045,0.436505,0.428961,0.448374,0.439422,0.428810,0.409145,0.421718,0.428759,0.416840,0.431626,0.435298,0.422825,0.411861,0.412011,0.432632,0.417393,0.390988,0.392799,0.384098,0.396923,0.389228,0.392749,0.386764,0.381835,0.386814,0.392648,0.366042,0.353217,0.372480,0.381684,0.298598,0.460545,0.769906,0.745312,0.667205,0.675554,0.668462,0.649099,0.643265,0.618520,0.590305,0.545593,0.476439,0.600012,0.848516,0.825431,0.744759,0.695420,0.670826,0.672637,0.724842,0.699041,0.665596,0.643013,0.613642,0.721473,0.849120,0.842833,0.810041,0.844442,0.886388,0.622594,0.227230,0.190917,0.245990,0.208370,0.200071,0.159584,0.166173,0.144194,0.175376,0.173314,0.174270,0.332395,0.557412,0.598553,0.609014,0.607053,0.530756,0.660818,0.867477,0.905349,0.856262,0.886639,0.997589,0.798624,0.439070,0.408340,0.441635,0.484234,0.524973,0.553691,0.586382,0.603683,0.634614,0.678471,0.691346,0.691598,0.702914,0.720366,0.757232,0.759495,0.728162,0.916212,1.184986,1.228641,1.222103,1.253788,1.230703,1.333505,1.491882,1.514665,1.469450,1.463315,1.488462,1.482024,1.485545,1.477498,1.488059,1.497263,1.558522,1.304083,0.939398,0.895642,0.936330,0.924260,0.947143,0.765480,0.425490,0.402858,0.455516,0.451040,0.437511,0.452498,0.442641,0.431375,0.422322,0.450939,0.417745,0.450788,0.491979
0.429835,0.433912,0.445235,0.436780,0.429483,0.441461,0.425205,0.429080,0.409403,0.419669,0.429030,0.439800,0.431899,0.429735,0.423092,0.419015,0.421028,0.432905,0.408094,0.385246,0.372464,0.384341,0.397174,0.423746,0.392997,0.402609,0.385347,0.392191,0.394657,0.382982,0.353440,0.371507,0.383284,0.310361,0.468083,0.774016,0.729074,0.674219,0.695809,0.675225,0.644728,0.664506,0.638689,0.600843,0.553940,0.476739,0.600391,0.854688,0.825952,0.745229,0.695859,0.679855,0.703811,0.725300,0.699483,0.666016,0.643419,0.614029,0.721928,0.849656,0.843365,0.810552,0.844975,0.880153,0.622987,0.225008,0.191038,0.255556,0.226568,0.205934,0.159685,0.185250,0.164818,0.175487,0.176796,0.182382,0.354396,0.569289,0.627416,0.611211,0.614331,0.557764,0.672407,0.868629,0.916137,0.865307,0.888256,0.999124,0.803356,0.446141,0.435422,0.490176,0.505375,0.544680,0.557815,0.599636,0.627718,0.653082,0.685492,0.691783,0.692034,0.703358,0.720821,0.757710,0.772305,0.754439,0.928517,1.185734,1.229417,1.222874,1.254882,1.242552,1.324734,1.492220,1.515621,1.470378,1.464238,1.479537,1.482960,1.496699,1.480645,1.488999,1.508878,1.559506,1.304906,0.920364,0.877889,0.933650,0.924843,0.947741,0.753734,0.425759,0.413932,0.475884,0.440353,0.437787,0.454042,0.437284,0.420676,0.419116,0.421984,0.418009,0.450821,0.492290
0.503389,0.499865,0.523076,0.546035,0.531081,0.504094,0.515725,0.516581,0.496038,0.500872,0.489997,0.483703,0.503742,0.523529,0.518041,0.519048,0.511949,0.484408,0.495787,0.504749,0.512503,0.521012,0.510690,0.490500,0.473482,0.493018,0.481286,0.446646,0.452738,0.479776,0.465879,0.502332,0.505001,0.412459,0.578359,0.937247,0.969772,0.926774,0.911720,0.870031,0.832873,0.808102,0.767772,0.757299,0.737714,0.644216,0.835038,1.187028,1.191962,1.107477,1.112814,1.055517,1.016194,1.028580,1.012216,1.002701,0.984625,0.898881,0.963881,1.118100,1.133205,1.111354,1.100327,1.183605,0.925918,0.511546,0.442769,0.512301,0.492967,0.489745,0.454652,0.436325,0.438943,0.465376,0.457672,0.412157,0.573828,0.840577,0.872297,0.873555,0.894903,0.912072,0.992631,1.169054,1.215123,1.203593,1.236672,1.310988,1.086230,0.709921,0.712741,0.793601,0.804174,0.784740,0.828191,0.897119,0.918316,0.929392,0.971182,0.988855,1.004463,1.030644,1.089099,1.121071,1.111303,1.136025,1.238183,1.352576,1.390388,1.418885,1.428703,1.385353,1.458863,1.627935,1.660309,1.625719,1.656835,1.655677,1.674558,1.684225,1.673500,1.658849,1.653613,1.715391,1.467120,1.084467,1.026969,1.074398,1.075304,1.144634,0.924911,0.520760,0.505806,0.552681,0.528765,0.503691,0.522723,0.544927,0.537677,0.531786,0.515574,0.539641,0.551221,0.532844
0.498442,0.494953,0.501184,0.534587,0.528155,0.497146,0.510657,0.511504,0.490865,0.495950,0.486079,0.465638,0.498791,0.518384,0.501085,0.507416,0.496099,0.472119,0.490914,0.499788,0.493656,0.503876,0.484134,0.488870,0.477803,0.492759,0.476556,0.442257,0.448289,0.462248,0.461301,0.497395,0.500038,0.408406,0.582796,0.952863,0.977890,0.919810,0.894933,0.861331,0.824688,0.795573,0.762271,0.763717,0.738141,0.650149,0.853953,1.175363,1.177407,1.110303,1.102177,1.045144,1.009398,1.030187,1.002269,0.992847,0.974949,0.890047,0.954409,1.123764,1.121022,1.086273,1.100432,1.173917,0.924995,0.516091,0.447591,0.512252,0.510856,0.462697,0.428447,0.446544,0.434629,0.460802,0.451230,0.393549,0.563602,0.835108,0.841489,0.823292,0.882320,0.874842,0.968867,1.153576,1.203181,1.177905,1.224519,1.296160,1.081288,0.703991,0.705736,0.798166,0.804049,0.795922,0.846325,0.902760,0.899669,0.920259,0.982876,0.987662,0.984122,1.019120,1.078396,1.110054,1.105118,1.123315,1.226015,1.343172,1.376724,1.404941,1.418302,1.366155,1.436200,1.614329,1.643992,1.609742,1.643643,1.640203,1.653465,1.667673,1.670415,1.642547,1.634071,1.697336,1.452702,1.068774,1.016876,1.063839,1.065085,1.133386,0.915822,0.515642,0.501633,0.547250,0.512252,0.498741,0.517586,0.526111,0.532393,0.527358,0.524267,0.524217,0.529601,0.527607
0.467419,0.459919,0.471643,0.499361,0.499172,0.463432,0.477291,0.473209,0.453559,0.467751,0.456407,0.438086,0.468985,0.467751,0.445206,0.471928,0.471595,0.442975,0.462245,0.459872,0.449905,0.459919,0.449572,0.465425,0.447389,0.469127,0.460679,0.427454,0.409181,0.433103,0.439178,0.466042,0.475962,0.382174,0.550764,0.896772,0.914191,0.872138,0.865731,0.823156,0.778208,0.750727,0.720493,0.713278,0.702742,0.612087,0.799567,1.118995,1.120941,1.057055,1.040775,0.996824,0.957525,0.967349,0.943998,0.926721,0.912672,0.850875,0.908637,1.069870,1.067260,1.034178,1.047657,1.117618,0.880634,0.491340,0.431869,0.482227,0.488113,0.449383,0.426078,0.427597,0.430824,0.438703,0.434384,0.387253,0.536573,0.795058,0.814850,0.797858,0.840005,0.832886,0.922402,1.098253,1.145147,1.103617,1.165794,1.233998,1.024922,0.665958,0.666717,0.745316,0.739336,0.747784,0.805737,0.859465,0.856523,0.876125,0.915520,0.932179,0.936926,0.970245,1.022882,1.041535,1.047752,1.055774,1.154972,1.278756,1.295036,1.327596,1.350283,1.292710,1.361770,1.534631,1.544503,1.532542,1.564818,1.559691,1.563868,1.586556,1.590305,1.563773,1.548870,1.607962,1.373303,1.001191,0.967349,1.006364,1.011680,1.075423,0.858896,0.489157,0.477576,0.521005,0.469934,0.474823,0.492764,0.477671,0.496514,0.502067,0.483034,0.486451,0.458495,0.452420
0.462170,0.439025,0.471917,0.492133,0.471821,0.464523,0.460201,0.453671,0.457416,0.473214,0.461738,0.443203,0.469036,0.462362,0.429086,0.460489,0.464427,0.445076,0.443155,0.430862,0.431631,0.456120,0.454823,0.445604,0.428990,0.471437,0.466059,0.434128,0.421883,0.422507,0.444019,0.459673,0.450214,0.376891,0.558973,0.908110,0.928181,0.873681,0.855723,0.832770,0.796133,0.766266,0.726555,0.721609,0.720553,0.616355,0.803431,1.139315,1.137922,1.069401,1.067672,1.033628,0.997423,0.992237,0.948733,0.916225,0.902300,0.881652,0.913680,1.057829,1.066424,1.004001,1.049378,1.099700,0.881892,0.497079,0.436913,0.487859,0.493814,0.445652,0.412664,0.422075,0.371417,0.411319,0.424140,0.379051,0.523392,0.801655,0.810490,0.792964,0.844967,0.805832,0.902252,1.091201,1.115882,1.105847,1.134129,1.238087,1.020615,0.673736,0.674504,0.735630,0.724586,0.738319,0.789842,0.855579,0.849288,0.883957,0.881796,0.916993,0.929334,0.965107,1.020759,1.053699,1.059990,1.054756,1.144693,1.279190,1.289610,1.326344,1.358755,1.299934,1.377674,1.552555,1.536853,1.530563,1.551786,1.550826,1.553131,1.605086,1.608879,1.559325,1.536181,1.612721,1.387614,0.979464,0.966643,1.008467,1.013365,1.086591,0.868927,0.491845,0.461450,0.522240,0.475423,0.480225,0.482914,0.465147,0.495110,0.494342,0.478736,0.484978,0.442675,0.403396
0.468089,0.444648,0.473730,0.486813,0.472806,0.455396,0.446739,0.438131,0.452332,0.470667,0.450630,0.436672,0.475044,0.468284,0.428648,0.440174,0.440320,0.450776,0.469013,0.446788,0.407979,0.429767,0.457001,0.426800,0.425633,0.457098,0.472028,0.444016,0.427286,0.427918,0.433317,0.452186,0.439444,0.365669,0.566132,0.929613,0.957285,0.881953,0.836822,0.840226,0.806329,0.772529,0.736590,0.723945,0.722292,0.596187,0.774961,1.118842,1.133675,1.079450,1.066416,1.038793,1.010197,1.004945,0.957090,0.918233,0.913856,0.921151,0.938901,0.996823,0.969589,0.935546,0.969151,0.997017,0.806280,0.495177,0.458071,0.494107,0.500138,0.451359,0.417949,0.427481,0.389742,0.403164,0.416587,0.393632,0.535299,0.797478,0.801223,0.782110,0.840031,0.839934,0.865709,0.975570,1.007376,1.026100,1.014428,1.121322,0.964774,0.683143,0.683143,0.725842,0.700456,0.774669,0.830353,0.829478,0.827533,0.873345,0.880834,0.902816,0.919789,0.962488,1.006015,1.034854,1.066854,1.072447,1.155706,1.270430,1.296886,1.318236,1.334966,1.304911,1.360060,1.446140,1.447647,1.437386,1.448766,1.426881,1.418954,1.457034,1.472742,1.432134,1.427514,1.485532,1.313616,0.995169,0.962975,0.983254,0.994100,1.051778,0.823983,0.463080,0.442314,0.511469,0.476454,0.473098,0.481463,0.473244,0.480247,0.480928,0.476016,0.467603,0.426946,0.399566
0.422394,0.430584,0.425341,0.428287,0.426190,0.437526,0.421945,0.425790,0.419747,0.418149,0.425740,0.431633,0.422045,0.409310,0.419847,0.419398,0.418249,0.431833,0.398373,0.388235,0.390632,0.381293,0.369258,0.389134,0.385388,0.399522,0.402019,0.400770,0.392630,0.391731,0.354975,0.374551,0.391032,0.317919,0.468789,0.764485,0.723484,0.652419,0.690473,0.670048,0.639784,0.636338,0.625101,0.597834,0.567570,0.472434,0.587297,0.844289,0.813975,0.713845,0.681634,0.665503,0.698414,0.709650,0.694119,0.673344,0.652818,0.609320,0.716392,0.843140,0.830655,0.775122,0.817921,0.847785,0.613166,0.223283,0.182082,0.251649,0.224831,0.211846,0.158460,0.155064,0.163554,0.182382,0.172094,0.173043,0.330055,0.553487,0.606374,0.606524,0.609620,0.583751,0.680935,0.872006,0.920048,0.859920,0.901870,1.015983,0.815573,0.442720,0.433531,0.521775,0.521925,0.549242,0.575711,0.613116,0.629446,0.649822,0.690473,0.695068,0.679786,0.693470,0.710100,0.751900,0.775971,0.772974,0.926191,1.187178,1.235221,1.221138,1.236120,1.222037,1.307035,1.480078,1.503999,1.459103,1.462549,1.468192,1.460851,1.483873,1.496708,1.484372,1.497307,1.548845,1.294899,0.913306,0.862217,0.926491,0.937827,0.962398,0.764385,0.418099,0.399322,0.443369,0.419598,0.434430,0.444068,0.423393,0.393778,0.415902,0.451909,0.441921,0.447364,0.488515
0.395788,0.403462,0.398549,0.394104,0.391530,0.400889,0.395367,0.398970,0.364342,0.375573,0.394197,0.404445,0.395461,0.383528,0.380580,0.392981,0.391904,0.379083,0.362751,0.365278,0.366027,0.356528,0.345999,0.368086,0.342723,0.359663,0.380533,0.375526,0.367899,0.367056,0.328778,0.324894,0.356387,0.288582,0.439260,0.711792,0.680907,0.633177,0.653579,0.618109,0.583809,0.591155,0.578053,0.556013,0.515067,0.439681,0.547824,0.778755,0.756013,0.675666,0.638699,0.623584,0.634253,0.635797,0.639401,0.630931,0.611698,0.587505,0.632194,0.788301,0.778334,0.726298,0.743378,0.792559,0.574543,0.204866,0.170613,0.235798,0.210669,0.198502,0.159803,0.148339,0.167197,0.175199,0.161254,0.162143,0.309265,0.514272,0.568179,0.568320,0.571221,0.546981,0.638044,0.817079,0.851848,0.805474,0.845063,0.937716,0.746981,0.414834,0.369817,0.442255,0.480346,0.512821,0.539447,0.574497,0.589798,0.602573,0.642068,0.651286,0.636967,0.638652,0.663874,0.700889,0.727094,0.724286,0.867851,1.112400,1.157416,1.143705,1.158258,1.136733,1.218202,1.377023,1.408188,1.367196,1.370425,1.369723,1.361159,1.380579,1.376742,1.384510,1.389564,1.429854,1.199297,0.848525,0.805147,0.853532,0.856480,0.872063,0.691670,0.391764,0.359710,0.395320,0.391811,0.402246,0.405521,0.388863,0.356153,0.383856,0.392372,0.383809,0.397613,0.442630
0.449066,0.447890,0.464889,0.460235,0.442648,0.441424,0.442256,0.432557,0.428589,0.450290,0.452005,0.439856,0.455630,0.450927,0.437750,0.440591,0.433586,0.446028,0.456806,0.420065,0.390918,0.431234,0.455581,0.429912,0.428736,0.460431,0.480809,0.447253,0.425062,0.427119,0.431871,0.439954,0.442648,0.368335,0.570260,0.936390,0.976854,0.894114,0.866192,0.849830,0.812208,0.770912,0.742793,0.735886,0.711490,0.630857,0.816911,1.127000,1.141941,1.081931,1.073701,1.028535,0.984202,0.968379,0.942906,0.908468,0.908713,0.927867,0.944375,0.890440,0.865604,0.857962,0.865898,0.866828,0.712274,0.495750,0.451662,0.488353,0.474441,0.451074,0.414236,0.406398,0.392583,0.407573,0.430548,0.396502,0.529699,0.787175,0.814755,0.772430,0.819213,0.806476,0.860607,0.882700,0.895584,0.928209,0.950695,1.023294,0.883484,0.687094,0.688123,0.723884,0.682980,0.753227,0.800843,0.798883,0.833566,0.877116,0.868935,0.909398,0.937664,0.973229,1.004434,1.023294,1.055429,1.060328,1.154236,1.281015,1.306342,1.297377,1.296691,1.314425,1.331962,1.330247,1.347491,1.337351,1.305558,1.319078,1.336469,1.315404,1.314718,1.300708,1.327406,1.360619,1.223651,0.972788,0.948637,0.964852,0.971808,1.007128,0.786587,0.433194,0.435692,0.490166,0.455581,0.442207,0.474735,0.472677,0.466554,0.475225,0.474343,0.469787,0.425062,0.401352
0.430794,0.453065,0.457926,0.449891,0.432133,0.433125,0.434316,0.435060,0.429852,0.433373,0.436052,0.433671,0.438830,0.426479,0.429703,0.442847,0.439028,0.437689,0.441955,0.415715,0.395825,0.436647,0.450685,0.425387,0.429306,0.460159,0.470922,0.442699,0.423304,0.444782,0.437292,0.445476,0.448204,0.372760,0.574739,0.941001,0.978103,0.899534,0.877064,0.867243,0.832224,0.782225,0.752116,0.754795,0.723000,0.608915,0.799635,1.141146,1.156274,1.095512,1.068082,1.041445,0.996555,0.972697,0.954741,0.919871,0.920119,0.935446,0.939860,0.887232,0.876469,0.868731,0.852164,0.864316,0.713228,0.496418,0.438284,0.494483,0.480396,0.443046,0.417005,0.411499,0.388087,0.412689,0.435953,0.401479,0.536347,0.785449,0.843682,0.803554,0.822452,0.816599,0.855438,0.875179,0.873344,0.903403,0.933313,0.991149,0.870070,0.667991,0.684608,0.723446,0.687584,0.753803,0.796411,0.808911,0.844029,0.868086,0.875427,0.910000,0.921507,0.966844,1.015255,1.036138,1.052804,1.055681,1.158308,1.295854,1.320606,1.298533,1.294664,1.317034,1.341092,1.335784,1.357907,1.337520,1.321945,1.335635,1.337719,1.331915,1.328691,1.301261,1.327005,1.374176,1.239010,0.984998,0.960544,0.976963,0.981675,1.006277,0.785598,0.435903,0.414128,0.477122,0.461299,0.431439,0.452520,0.462391,0.458373,0.466160,0.474642,0.455595,0.415368,0.407084
0.430862,0.451250,0.453016,0.430307,0.428592,0.440652,0.441864,0.442621,0.437322,0.427481,0.435202,0.441208,0.435808,0.424554,0.439189,0.450543,0.446658,0.445295,0.449635,0.422940,0.399423,0.443478,0.446304,0.432780,0.436767,0.454480,0.456246,0.450392,0.430661,0.439996,0.444589,0.453218,0.455994,0.379238,0.584727,0.957354,0.987380,0.915166,0.905528,0.882314,0.837502,0.795819,0.765187,0.767912,0.718356,0.606932,0.810857,1.184796,1.192870,1.114550,1.064086,1.059544,1.006658,0.979458,0.973250,0.935857,0.936109,0.953115,0.956194,0.902651,0.891700,0.877671,0.866973,0.879337,0.715278,0.495356,0.445194,0.503077,0.470123,0.437069,0.424252,0.418650,0.394831,0.419861,0.443529,0.390996,0.529772,0.787492,0.860009,0.821505,0.836745,0.836493,0.870304,0.890388,0.888521,0.919102,0.949532,1.008373,0.885191,0.679600,0.706548,0.736019,0.699533,0.766903,0.806214,0.822464,0.847797,0.883071,0.890641,0.925814,0.937522,0.983646,1.032899,1.052328,1.061310,1.074027,1.178437,1.310855,1.341235,1.321099,1.317163,1.339923,1.350268,1.346180,1.356374,1.352387,1.335684,1.341083,1.344313,1.336642,1.325591,1.321957,1.331848,1.387561,1.245454,1.005245,0.972342,0.985362,0.998735,1.023765,0.799250,0.443478,0.411484,0.469417,0.462554,0.429147,0.436565,0.441914,0.466339,0.474262,0.477592,0.449635,0.422586,0.414159
0.429201,0.425470,0.427360,0.410644,0.422534,0.439798,0.421788,0.429251,0.442236,0.434673,0.432285,0.437012,0.416863,0.411340,0.423878,0.425818,0.435917,0.448852,0.445022,0.426614,0.396067,0.437211,0.427161,0.416912,0.450892,0.458206,0.436663,0.429151,0.442733,0.435320,0.438305,0.446813,0.465221,0.393330,0.576463,0.943824,0.981684,0.908053,0.874272,0.858451,0.817606,0.782930,0.757557,0.769099,0.725169,0.610991,0.802034,1.175116,1.176210,1.098798,1.049047,1.034918,0.992978,0.970938,0.949346,0.914968,0.925217,0.939645,0.922531,0.880591,0.866611,0.845665,0.833924,0.828999,0.691736,0.463031,0.432484,0.473778,0.440992,0.430892,0.418256,0.379002,0.375470,0.404176,0.416664,0.364923,0.504673,0.771139,0.814571,0.781089,0.822830,0.838352,0.869695,0.893476,0.897954,0.919844,0.944172,1.018052,0.880392,0.669995,0.697060,0.735169,0.694323,0.771835,0.794820,0.820989,0.860840,0.879397,0.872630,0.928401,0.958152,0.988401,1.018301,1.037455,1.046311,1.073475,1.171882,1.299742,1.322279,1.310538,1.316906,1.332776,1.331184,1.311384,1.313971,1.329592,1.316806,1.328199,1.325314,1.317752,1.307602,1.305165,1.313025,1.364567,1.227852,0.991038,0.965615,0.976262,0.966958,1.009296,0.792034,0.437211,0.405669,0.462783,0.435768,0.432136,0.453877,0.465569,0.461937,0.452086,0.470842,0.442584,0.431688,0.410445
0.442729,0.416427,0.414202,0.417489,0.429578,0.449608,0.442678,0.441009,0.449608,0.441920,0.439492,0.436356,0.423812,0.420575,0.433675,0.428111,0.439947,0.461949,0.471661,0.445460,0.416680,0.439188,0.429679,0.423862,0.461292,0.473987,0.457296,0.440807,0.446775,0.442577,0.434687,0.444145,0.472976,0.398522,0.614449,0.970180,1.000427,0.923191,0.895270,0.856172,0.831236,0.795981,0.776660,0.787534,0.737258,0.630129,0.826026,1.195363,1.214027,1.127434,1.066535,1.052170,1.009531,0.987124,0.966386,0.954753,0.949492,0.955309,0.929159,0.895270,0.906853,0.871396,0.847826,0.822081,0.700182,0.478438,0.446219,0.492196,0.461494,0.451125,0.435951,0.406817,0.395740,0.421333,0.430741,0.391896,0.536403,0.783994,0.861988,0.823396,0.851771,0.887228,0.893298,0.922786,0.912923,0.935178,0.966942,1.036338,0.900429,0.659971,0.692191,0.756680,0.729266,0.797246,0.814595,0.834675,0.875190,0.897749,0.915098,0.949138,0.989349,1.017421,1.026273,1.060263,1.074729,1.100929,1.197234,1.330007,1.346800,1.332385,1.338859,1.354994,1.359344,1.320650,1.331626,1.343765,1.338758,1.341641,1.322977,1.322926,1.329400,1.328642,1.340427,1.392676,1.261673,1.012819,0.980093,0.986871,0.992081,1.039879,0.812167,0.441869,0.419310,0.464984,0.409194,0.439340,0.470194,0.482637,0.482637,0.456992,0.453300,0.436153,0.435243,0.416124
0.397558,0.400174,0.385053,0.392280,0.388381,0.386289,0.385861,0.382961,0.370218,0.381629,0.400554,0.410967,0.394230,0.371311,0.371929,0.399318,0.382866,0.356761,0.357379,0.365510,0.363561,0.362277,0.347869,0.345587,0.338930,0.365463,0.386670,0.356856,0.361421,0.372975,0.334080,0.330134,0.334366,0.298799,0.450861,0.703870,0.691888,0.654086,0.668493,0.628077,0.591654,0.604397,0.587375,0.587945,0.539778,0.461607,0.566881,0.803866,0.800680,0.704108,0.665022,0.662787,0.686657,0.687703,0.675911,0.663168,0.632166,0.603113,0.664024,0.753036,0.756602,0.719704,0.755366,0.805340,0.550334,0.197186,0.172033,0.222387,0.194143,0.190197,0.162380,0.150731,0.169893,0.165519,0.156151,0.150398,0.306454,0.508633,0.550286,0.569924,0.580432,0.555802,0.648333,0.813518,0.865585,0.818463,0.839242,0.928635,0.740245,0.390378,0.370455,0.449387,0.477251,0.496318,0.525893,0.580860,0.576961,0.612290,0.652422,0.646811,0.643482,0.648951,0.665165,0.704108,0.738819,0.735966,0.877282,1.117119,1.158249,1.145554,1.167379,1.129054,1.217401,1.362568,1.398801,1.386866,1.391240,1.372078,1.379068,1.402842,1.386105,1.372649,1.397469,1.436840,1.216402,0.832443,0.806861,0.842999,0.850416,0.880990,0.702824,0.398081,0.350295,0.395609,0.389427,0.408732,0.406735,0.378016,0.361896,0.380964,0.391852,0.387906,0.404025,0.423330
0.369275,0.367870,0.362007,0.369469,0.373055,0.378191,0.377513,0.357695,0.353721,0.360554,0.367143,0.374121,0.383570,0.365690,0.374702,0.390741,0.380372,0.363558,0.357646,0.366368,0.360602,0.344127,0.345969,0.340784,0.339669,0.367143,0.376980,0.338991,0.348391,0.376011,0.340445,0.329833,0.333903,0.304491,0.459450,0.717279,0.705068,0.666547,0.711271,0.640042,0.597789,0.622210,0.616347,0.616880,0.562562,0.470401,0.585869,0.828677,0.820440,0.739520,0.719556,0.677594,0.699738,0.732252,0.702936,0.691695,0.674300,0.623325,0.629188,0.710059,0.683894,0.651720,0.672846,0.711464,0.496760,0.200507,0.185195,0.199392,0.187472,0.181319,0.178314,0.153602,0.174050,0.190913,0.160289,0.132960,0.287774,0.512218,0.545506,0.560285,0.584852,0.566390,0.597062,0.682101,0.715971,0.704439,0.744898,0.818162,0.656371,0.397815,0.377513,0.429893,0.454750,0.496615,0.547444,0.591926,0.587614,0.604767,0.629624,0.658842,0.655741,0.634566,0.646632,0.702888,0.734917,0.720574,0.886290,1.151581,1.167426,1.154343,1.170963,1.133071,1.179588,1.259781,1.271701,1.282749,1.304166,1.296413,1.291228,1.298448,1.310271,1.288854,1.265063,1.322627,1.144943,0.834492,0.822233,0.853583,0.837447,0.874564,0.693294,0.382358,0.342528,0.397379,0.385847,0.398784,0.388754,0.355902,0.368791,0.394278,0.381050,0.368839,0.392873,0.395974
0.434866,0.409032,0.405504,0.408237,0.419365,0.431935,0.434816,0.443362,0.451758,0.441275,0.440281,0.440729,0.416285,0.413105,0.444008,0.441374,0.436456,0.448926,0.444405,0.429848,0.424532,0.445995,0.425327,0.427364,0.453099,0.465570,0.460899,0.413006,0.407243,0.420061,0.417030,0.438990,0.469097,0.418074,0.635482,0.952950,0.981268,0.906099,0.879371,0.845984,0.834557,0.801767,0.762866,0.773548,0.724164,0.648598,0.821094,1.174134,1.195149,1.123408,1.069802,1.056387,1.016940,0.969593,0.977940,0.970636,0.939834,0.936604,0.896561,0.853238,0.890748,0.880762,0.838284,0.807481,0.687747,0.435264,0.431885,0.467209,0.443262,0.456826,0.429252,0.393034,0.375347,0.413851,0.423092,0.364417,0.492944,0.770070,0.846680,0.808276,0.821690,0.837191,0.877433,0.906398,0.887618,0.896064,0.949770,1.017934,0.884438,0.646263,0.675675,0.743242,0.727195,0.758942,0.799631,0.820796,0.859647,0.881706,0.882302,0.932282,0.977840,0.999352,1.008047,1.041433,1.044861,1.071988,1.170258,1.306387,1.318509,1.295109,1.305542,1.328893,1.330234,1.297196,1.307977,1.327750,1.308275,1.317814,1.313094,1.316174,1.315230,1.301468,1.304996,1.356814,1.211395,0.971382,0.955583,0.969345,0.971829,1.020716,0.808375,0.436108,0.411863,0.456726,0.401927,0.431537,0.461843,0.460452,0.460005,0.445399,0.445250,0.425228,0.424830,0.408435
0.448052,0.421782,0.413227,0.413529,0.427721,0.437886,0.453638,0.452129,0.457614,0.453991,0.464459,0.449260,0.426462,0.426815,0.431495,0.425959,0.421883,0.454746,0.468082,0.454041,0.438742,0.458218,0.430841,0.431898,0.443171,0.461842,0.443322,0.449864,0.444529,0.421681,0.422436,0.444680,0.455953,0.399085,0.626408,0.965303,0.993989,0.920412,0.878692,0.851868,0.827158,0.812161,0.774769,0.783576,0.733401,0.633453,0.828315,1.189354,1.223928,1.141595,1.097408,1.100780,1.061476,1.011502,0.997864,0.992277,0.963390,0.952419,0.924488,0.907981,0.934403,0.905314,0.874011,0.856397,0.703608,0.440906,0.429432,0.463905,0.449008,0.464459,0.447046,0.433105,0.408244,0.428123,0.441057,0.381169,0.511362,0.780053,0.858763,0.825044,0.832341,0.851012,0.898923,0.927760,0.941348,0.940542,0.962082,1.022221,0.890669,0.662491,0.682018,0.760426,0.751166,0.769786,0.809997,0.840847,0.865305,0.880654,0.896910,0.944367,0.987798,1.017642,1.025241,1.057953,1.058406,1.082864,1.191216,1.332582,1.343603,1.322668,1.320202,1.343050,1.333890,1.314011,1.324932,1.337010,1.325234,1.328757,1.330116,1.333236,1.340181,1.321963,1.317484,1.360915,1.225236,1.007728,0.967970,0.981910,0.991372,1.031884,0.812412,0.449008,0.417202,0.470699,0.422587,0.447398,0.455400,0.450971,0.459627,0.454695,0.451021,0.423443,0.411667,0.417857
0.454035,0.429359,0.417794,0.426966,0.438182,0.437285,0.455381,0.448252,0.453736,0.449698,0.460067,0.452838,0.427016,0.429309,0.447255,0.421931,0.417893,0.452290,0.466946,0.449748,0.443068,0.456677,0.438581,0.427814,0.438980,0.447305,0.435540,0.473227,0.449897,0.417694,0.414354,0.440476,0.446258,0.408372,0.624373,0.961010,0.985985,0.919435,0.870383,0.843813,0.822577,0.813753,0.769287,0.773275,0.731750,0.650943,0.823873,1.178107,1.199693,1.130800,1.083741,1.100192,1.054629,1.025118,0.993114,0.976065,0.962157,0.939774,0.908568,0.889276,0.893663,0.883743,0.865747,0.848299,0.696954,0.436737,0.410266,0.436936,0.430406,0.460067,0.442818,0.387734,0.387236,0.403437,0.385092,0.339629,0.486188,0.761710,0.815249,0.784342,0.827312,0.842965,0.890423,0.918987,0.932446,0.943563,0.953134,1.012555,0.889475,0.660813,0.682199,0.753235,0.757622,0.762507,0.802337,0.830802,0.849894,0.868887,0.888429,0.935437,0.978458,1.008019,1.005526,1.029604,1.052435,1.083093,1.181946,1.333341,1.333590,1.310160,1.307718,1.330350,1.315943,1.307768,1.320928,1.321925,1.298595,1.300888,1.317538,1.320629,1.316691,1.303829,1.302035,1.347099,1.209613,0.992615,0.955028,0.971828,0.975866,1.023273,0.808170,0.444763,0.413257,0.453536,0.418591,0.445261,0.467145,0.440525,0.455281,0.457973,0.453237,0.418442,0.397953,0.428511
0.469106,0.447755,0.422024,0.431289,0.442619,0.438138,0.455963,0.452388,0.448058,0.454251,0.465430,0.449518,0.431340,0.433656,0.438541,0.432901,0.435066,0.452136,0.465934,0.447504,0.447554,0.461301,0.447000,0.431491,0.443425,0.454251,0.440303,0.480688,0.457273,0.421923,0.427009,0.451331,0.461200,0.395386,0.623897,0.979654,1.005385,0.928745,0.879196,0.857443,0.856536,0.823554,0.777076,0.781105,0.753913,0.670626,0.838207,1.190037,1.203884,1.125985,1.123619,1.111332,1.065308,1.029354,0.999041,0.992545,0.985143,0.936097,0.899590,0.896015,0.887555,0.874815,0.858198,0.856889,0.704767,0.455661,0.414421,0.441360,0.447856,0.471322,0.449468,0.391660,0.394027,0.407572,0.388991,0.358376,0.521676,0.799887,0.831460,0.792284,0.835689,0.851501,0.878139,0.912783,0.920688,0.934486,0.962785,1.022808,0.898482,0.667504,0.689106,0.757438,0.751597,0.770228,0.810462,0.843797,0.868168,0.881361,0.897424,0.941636,0.978093,1.011579,1.015708,1.047331,1.066516,1.087967,1.193914,1.346842,1.347093,1.310435,1.320959,1.343820,1.342612,1.330527,1.357618,1.335310,1.302127,1.305551,1.326800,1.336166,1.336720,1.327304,1.321362,1.365020,1.235457,1.001961,0.969734,0.983733,0.985747,1.033634,0.820633,0.449266,0.425700,0.473235,0.438238,0.453748,0.483558,0.459639,0.443677,0.454956,0.465984,0.423686,0.401983,0.432850
0.467602,0.457007,0.422509,0.423463,0.446110,0.439632,0.461124,0.451132,0.452789,0.447064,0.446010,0.445457,0.433004,0.441892,0.441641,0.446612,0.443298,0.450881,0.483370,0.462229,0.446311,0.436820,0.445759,0.441440,0.434711,0.442696,0.439080,0.479353,0.449826,0.420752,0.435013,0.462129,0.456454,0.381182,0.622164,0.995211,1.014293,0.923906,0.876754,0.855061,0.854157,0.826388,0.782651,0.777579,0.751819,0.671776,0.848985,1.180555,1.200541,1.143647,1.141940,1.115778,1.079271,1.073195,1.025240,1.004551,0.982407,0.953483,0.915219,0.915972,0.910147,0.903318,0.872084,0.883282,0.716367,0.467100,0.433255,0.462882,0.480106,0.470013,0.462179,0.390723,0.424317,0.428183,0.411512,0.359891,0.520228,0.805298,0.851094,0.809968,0.865857,0.854860,0.891668,0.889207,0.923103,0.950470,0.964430,1.018863,0.895986,0.665650,0.684280,0.753727,0.762163,0.758899,0.802185,0.844817,0.865757,0.878913,0.905979,0.939021,0.975376,1.000685,0.995613,1.043016,1.063554,1.073446,1.186028,1.338280,1.332757,1.302226,1.317290,1.335719,1.338883,1.328739,1.353847,1.336673,1.298510,1.301925,1.323115,1.332455,1.340640,1.323618,1.312068,1.354048,1.232025,0.999178,0.970857,0.991797,0.985219,1.049644,0.835779,0.454145,0.416232,0.462581,0.437021,0.465343,0.482215,0.450931,0.438377,0.448219,0.471268,0.429790,0.400866,0.421856
0.347300,0.347007,0.343647,0.349296,0.335465,0.337656,0.344231,0.348322,0.358404,0.328452,0.336147,0.332640,0.348566,0.350757,0.363177,0.378275,0.377398,0.372333,0.362592,0.353680,0.354410,0.329669,0.341309,0.337315,0.341407,0.369021,0.373453,0.363566,0.369265,0.373209,0.346569,0.345644,0.334491,0.297769,0.461800,0.726499,0.703804,0.659143,0.708236,0.646481,0.600846,0.640393,0.629240,0.624613,0.569433,0.472807,0.614970,0.857997,0.843678,0.773546,0.752945,0.709113,0.694453,0.724162,0.681888,0.676189,0.647504,0.613801,0.607665,0.662260,0.615262,0.559936,0.570553,0.613509,0.457124,0.170849,0.158966,0.194275,0.184486,0.182246,0.179226,0.146108,0.170606,0.169534,0.169145,0.123121,0.269716,0.515422,0.543182,0.526526,0.572793,0.569287,0.552436,0.538166,0.584482,0.609077,0.648575,0.714519,0.589060,0.399704,0.413194,0.453179,0.442270,0.491606,0.560861,0.596853,0.590619,0.597681,0.617308,0.675995,0.659095,0.637812,0.649939,0.706483,0.700979,0.692846,0.861211,1.141983,1.166870,1.143931,1.150555,1.138866,1.140571,1.147632,1.142129,1.152357,1.181968,1.166675,1.179484,1.161026,1.173396,1.140522,1.136382,1.212943,1.060747,0.802865,0.801210,0.835058,0.815772,0.865595,0.686368,0.372528,0.337949,0.382268,0.368096,0.374183,0.373015,0.339166,0.367803,0.388794,0.356212,0.339361,0.366342,0.392252
0.354538,0.358564,0.355091,0.343668,0.333502,0.348901,0.355695,0.359923,0.354035,0.333401,0.347341,0.343718,0.330030,0.349858,0.353380,0.376429,0.370994,0.364703,0.357658,0.346939,0.354286,0.351317,0.352676,0.348549,0.348650,0.365911,0.384330,0.363395,0.362741,0.381562,0.351871,0.354236,0.345630,0.306629,0.475871,0.750694,0.735345,0.681095,0.708271,0.668011,0.620856,0.661720,0.640433,0.627751,0.588598,0.488553,0.635451,0.886571,0.871776,0.799308,0.765389,0.732728,0.717581,0.734288,0.704597,0.698709,0.691764,0.640886,0.627902,0.661116,0.635753,0.578584,0.589554,0.632079,0.472348,0.176539,0.164260,0.200745,0.190630,0.188315,0.185195,0.150974,0.176288,0.198280,0.176237,0.127221,0.278698,0.523226,0.542903,0.531882,0.577929,0.587994,0.570834,0.556088,0.602186,0.617132,0.670175,0.738314,0.608678,0.403101,0.429874,0.468272,0.456999,0.503348,0.565600,0.606262,0.601582,0.617585,0.637866,0.688141,0.689097,0.659053,0.671584,0.719342,0.705905,0.696897,0.862264,1.166326,1.205731,1.182028,1.167434,1.167635,1.159080,1.155859,1.157671,1.174731,1.188872,1.189073,1.198987,1.185903,1.185047,1.153544,1.155104,1.226163,1.077554,0.822860,0.824420,0.868102,0.842940,0.894422,0.698306,0.362389,0.328470,0.370390,0.380354,0.386645,0.379247,0.350462,0.365257,0.376781,0.356299,0.301445,0.348348,0.404611
0.465723,0.455170,0.420811,0.419911,0.433714,0.433964,0.459271,0.446668,0.443717,0.432264,0.443167,0.437565,0.441666,0.450669,0.439866,0.444817,0.451569,0.449068,0.462772,0.444417,0.438015,0.445467,0.443967,0.439666,0.432964,0.440916,0.436965,0.443467,0.457070,0.419860,0.441116,0.461121,0.459871,0.379650,0.613161,0.988510,1.011666,0.920192,0.884883,0.875981,0.855675,0.823067,0.779505,0.774454,0.753498,0.673027,0.850474,1.181511,1.195715,1.139050,1.131798,1.101590,1.082135,1.070832,1.016367,0.996412,0.978458,0.941298,0.916141,0.952051,0.933096,0.901487,0.872980,0.882582,0.724291,0.460021,0.413659,0.458471,0.479826,0.468123,0.451819,0.395954,0.426362,0.410508,0.379250,0.357094,0.518136,0.802061,0.847673,0.806712,0.809813,0.838421,0.867378,0.878881,0.912240,0.928144,0.960553,1.006865,0.886383,0.669826,0.663975,0.745246,0.766402,0.755849,0.796710,0.845873,0.862277,0.860176,0.891335,0.924843,0.962403,0.981908,0.975207,1.007415,1.056128,1.063630,1.179560,1.328200,1.327399,1.301543,1.311995,1.316546,1.325249,1.331350,1.358307,1.327399,1.286489,1.296691,1.319547,1.327099,1.335251,1.331000,1.306794,1.348605,1.227073,0.995162,0.966954,0.994112,0.985409,1.046075,0.828768,0.452319,0.426662,0.471574,0.442616,0.463472,0.480276,0.441966,0.436615,0.452869,0.471524,0.441466,0.405607,0.420161
0.455484,0.432820,0.419762,0.435221,0.444477,0.424265,0.443727,0.446628,0.443877,0.432420,0.444027,0.440525,0.450781,0.441425,0.439174,0.444977,0.451732,0.448280,0.462939,0.460537,0.447279,0.448229,0.442376,0.440074,0.436272,0.451331,0.437123,0.444527,0.457235,0.432119,0.447979,0.461288,0.454784,0.379787,0.613382,0.988867,1.012031,0.924076,0.909167,0.903063,0.866640,0.823363,0.796297,0.774733,0.753770,0.673270,0.850781,1.193344,1.201949,1.118998,1.116396,1.094482,1.082525,1.071218,1.016734,0.998873,0.984364,0.926628,0.914620,0.957747,0.950092,0.902713,0.871794,0.882901,0.724552,0.467892,0.444827,0.484802,0.494909,0.489755,0.480400,0.451832,0.434371,0.430418,0.411256,0.392795,0.555496,0.832919,0.873845,0.830968,0.862688,0.851731,0.887503,0.886002,0.912569,0.928479,0.960899,1.007228,0.875996,0.670068,0.674020,0.745515,0.766678,0.757873,0.796997,0.844076,0.865390,0.881049,0.902663,0.930380,0.966853,0.982262,1.006778,1.041299,1.059661,1.069517,1.179986,1.328678,1.346640,1.320724,1.322024,1.317021,1.325727,1.338835,1.341236,1.313569,1.291305,1.306265,1.323825,1.309467,1.324876,1.331480,1.307265,1.353244,1.235420,0.998673,0.967403,0.982913,0.981612,1.065264,0.836271,0.442426,0.418211,0.469243,0.433020,0.449230,0.460287,0.442126,0.436772,0.452232,0.456485,0.434371,0.412307,0.429118
0.449329,0.431987,0.426709,0.437265,0.446564,0.423693,0.420174,0.442694,0.449530,0.434450,0.435053,0.424598,0.452898,0.470642,0.442090,0.457220,0.455511,0.453048,0.451138,0.446665,0.453350,0.450334,0.444453,0.442141,0.438320,0.439477,0.439527,0.421280,0.434802,0.435606,0.443347,0.457371,0.462197,0.394740,0.619731,0.993510,1.016783,0.934698,0.913436,0.908309,0.882623,0.843264,0.813054,0.788022,0.758566,0.681910,0.869855,1.201963,1.198646,1.111434,1.115405,1.086150,1.072679,1.080772,1.021508,1.003563,0.996928,0.930979,0.915296,0.940429,0.940680,0.894938,0.855177,0.881667,0.727954,0.484716,0.472200,0.491753,0.482454,0.480846,0.475869,0.418867,0.428519,0.425302,0.413187,0.398962,0.568208,0.830094,0.877948,0.855630,0.890715,0.876339,0.876339,0.890162,0.910319,0.914139,0.950029,1.014672,0.889811,0.656425,0.673063,0.749015,0.769976,0.773545,0.808681,0.842309,0.875032,0.915044,0.917658,0.943344,0.966466,0.986874,1.011505,1.046490,1.069462,1.081224,1.185526,1.330142,1.332303,1.306617,1.323858,1.323205,1.331951,1.351706,1.365177,1.334113,1.314710,1.320290,1.324763,1.313252,1.331097,1.338084,1.309332,1.362614,1.244689,1.000195,0.977977,0.999139,0.996727,1.070266,0.840198,0.445157,0.421180,0.467977,0.435053,0.448776,0.486375,0.451339,0.437667,0.436712,0.453451,0.447167,0.421632,0.431132
0.434049,0.425625,0.431642,0.423619,0.434851,0.422666,0.419156,0.437860,0.448440,0.426728,0.421613,0.423569,0.451800,0.474666,0.440167,0.456113,0.457366,0.457517,0.454408,0.442724,0.443125,0.429386,0.443376,0.445933,0.437258,0.438412,0.431040,0.418605,0.415546,0.425374,0.442273,0.456263,0.455812,0.379793,0.617377,1.001482,1.019885,0.932433,0.911222,0.906107,0.880484,0.841572,0.811084,0.797395,0.759034,0.683467,0.852955,1.189623,1.193835,1.115309,1.119873,1.087530,1.037987,1.040645,1.007900,1.011310,1.002736,0.945421,0.935793,0.967183,0.963473,0.904754,0.873764,0.890513,0.737021,0.519144,0.471056,0.490562,0.482288,0.497281,0.474716,0.417852,0.427480,0.424271,0.412186,0.397995,0.566831,0.828183,0.883392,0.864588,0.888557,0.874216,0.887103,0.895527,0.908113,0.911924,0.951939,1.030114,0.887654,0.654834,0.671432,0.747200,0.762193,0.771671,0.814343,0.844731,0.885348,0.929425,0.940908,0.969991,0.971295,1.004491,1.041848,1.078153,1.076498,1.078604,1.182653,1.317892,1.327671,1.323709,1.329476,1.340959,1.323208,1.341861,1.339906,1.331080,1.332184,1.324211,1.321553,1.309268,1.321553,1.334841,1.312276,1.363774,1.237812,0.993559,0.975607,0.996718,1.006697,1.067672,0.848542,0.454157,0.420159,0.466843,0.433999,0.441019,0.457567,0.459773,0.432795,0.427982,0.448791,0.446084,0.422616,0.425825
0.432563,0.424168,0.424168,0.428516,0.433363,0.421219,0.417721,0.436361,0.446905,0.438310,0.420170,0.426467,0.465295,0.479138,0.438660,0.440209,0.455201,0.466095,0.452852,0.431214,0.441608,0.427916,0.439559,0.444407,0.428865,0.418421,0.420220,0.417172,0.414123,0.435861,0.439709,0.454701,0.459449,0.374645,0.610166,0.972668,0.999853,0.925943,0.900857,0.902906,0.888064,0.861179,0.808308,0.794665,0.762483,0.681127,0.850035,1.194946,1.196945,1.131731,1.130731,1.097200,1.066416,1.074462,1.039281,1.014245,0.999303,0.949780,0.932590,0.963873,0.960175,0.930541,0.891812,0.879369,0.734498,0.517367,0.451403,0.479887,0.479338,0.502625,0.473291,0.416422,0.426017,0.425667,0.410775,0.396633,0.558744,0.820751,0.880368,0.850635,0.860229,0.868225,0.884066,0.884966,0.897609,0.923295,0.931940,0.999053,0.867525,0.644697,0.669134,0.744093,0.760584,0.756986,0.811556,0.848086,0.872872,0.916448,0.944183,0.966671,0.967970,0.997454,1.013395,1.049826,1.070214,1.098099,1.184452,1.294142,1.326674,1.338867,1.324925,1.315430,1.309433,1.327124,1.335319,1.326524,1.327623,1.319678,1.319678,1.304786,1.302337,1.317829,1.334570,1.359006,1.228378,0.981463,0.972268,0.985161,1.003251,1.051475,0.835293,0.451353,0.418721,0.465245,0.440459,0.439509,0.443307,0.447205,0.431314,0.430814,0.447255,0.444507,0.421170,0.424368
0.356241,0.350173,0.341071,0.332171,0.335104,0.350578,0.335155,0.352448,0.338037,0.331463,0.339301,0.341172,0.309871,0.318923,0.338391,0.355735,0.356342,0.344712,0.359376,0.348605,0.341931,0.337885,0.346431,0.336672,0.350729,0.352398,0.378086,0.351690,0.352347,0.370248,0.334902,0.347897,0.326508,0.292679,0.477651,0.783730,0.752885,0.706414,0.724719,0.677389,0.639312,0.670613,0.653319,0.630766,0.592791,0.527358,0.664848,0.890830,0.888251,0.814222,0.785399,0.754250,0.741760,0.751873,0.730585,0.726742,0.726489,0.679310,0.647049,0.651448,0.618428,0.575497,0.592386,0.635115,0.459953,0.196350,0.191344,0.208081,0.166971,0.189220,0.186085,0.154228,0.177134,0.199232,0.177084,0.116404,0.260468,0.520481,0.545511,0.534437,0.580706,0.592336,0.573576,0.558760,0.605079,0.620097,0.673394,0.715870,0.608365,0.405038,0.422483,0.469560,0.459194,0.505766,0.568317,0.609175,0.596937,0.603208,0.640930,0.691446,0.699335,0.656960,0.691396,0.722797,0.709296,0.700245,0.866406,1.171879,1.211523,1.174457,1.164749,1.160855,1.151349,1.161411,1.163232,1.172030,1.165760,1.185430,1.181537,1.178806,1.177087,1.158731,1.160653,1.232053,1.082730,0.826813,0.802237,0.855686,0.836926,0.889414,0.689474,0.353258,0.329087,0.372169,0.363219,0.346330,0.350527,0.352145,0.365849,0.368781,0.353814,0.302893,0.350021,0.406555
0.348769,0.357361,0.347758,0.333958,0.339872,0.351852,0.335020,0.352307,0.322080,0.325618,0.322889,0.334262,0.309444,0.318795,0.350285,0.344118,0.352559,0.357109,0.338103,0.329359,0.341793,0.350841,0.355390,0.334616,0.361607,0.367521,0.363781,0.357564,0.364337,0.383241,0.342956,0.347758,0.341389,0.296554,0.469624,0.771334,0.766533,0.706130,0.717958,0.677976,0.666754,0.675954,0.660386,0.630513,0.592553,0.551964,0.675954,0.893201,0.887894,0.816068,0.791250,0.760568,0.751773,0.763854,0.735396,0.739945,0.745101,0.701530,0.672466,0.665794,0.638550,0.595333,0.624852,0.648760,0.474426,0.209160,0.204914,0.208958,0.166903,0.209969,0.213355,0.157906,0.193339,0.222555,0.176962,0.116357,0.260363,0.520272,0.561871,0.547314,0.594473,0.605543,0.601904,0.593715,0.626924,0.633192,0.673123,0.727915,0.629603,0.432675,0.432220,0.472051,0.485445,0.521333,0.568088,0.608930,0.600337,0.614186,0.671152,0.701581,0.702288,0.664530,0.695667,0.729280,0.732060,0.719070,0.866058,1.171407,1.210833,1.173985,1.164280,1.160388,1.150886,1.158114,1.162764,1.177068,1.184802,1.194305,1.191171,1.173379,1.159125,1.145022,1.168981,1.219173,1.063542,0.823245,0.802168,0.855342,0.836589,0.885013,0.689197,0.353115,0.321423,0.366005,0.351296,0.350437,0.368380,0.357513,0.362416,0.356755,0.336941,0.302771,0.345432,0.406391
0.432601,0.408240,0.423297,0.442356,0.441105,0.421646,0.418144,0.440055,0.448759,0.438954,0.422096,0.440005,0.461965,0.473520,0.434152,0.433401,0.455662,0.466567,0.453311,0.431651,0.434652,0.428349,0.440005,0.444857,0.428299,0.422246,0.429550,0.424347,0.425948,0.447408,0.442956,0.455162,0.451210,0.367221,0.604481,0.970701,1.000865,0.934684,0.911374,0.905821,0.896967,0.878458,0.815179,0.804124,0.773860,0.678465,0.854097,1.206861,1.205360,1.130676,1.131126,1.098311,1.067496,1.074149,1.026777,1.011170,1.000315,0.943138,0.932233,0.935885,0.940387,0.915225,0.871655,0.880059,0.720285,0.511188,0.440605,0.468368,0.468818,0.494180,0.471369,0.438104,0.440005,0.426098,0.426248,0.409340,0.566013,0.828285,0.881260,0.851496,0.823283,0.855748,0.881660,0.893365,0.896517,0.898568,0.932884,0.996563,0.884511,0.666310,0.674814,0.745196,0.756151,0.769808,0.820381,0.863401,0.865953,0.907322,0.945139,0.967900,0.968950,0.998464,1.039533,1.081853,1.071298,1.099211,1.185651,1.300905,1.328017,1.340223,1.325516,1.316962,1.310759,1.338622,1.351128,1.330318,1.313911,1.321014,1.321014,1.312910,1.303656,1.300104,1.349377,1.360432,1.229622,0.994312,0.973252,0.986158,1.004267,1.046036,0.819681,0.441055,0.418795,0.465716,0.443406,0.439955,0.443756,0.450009,0.437603,0.439054,0.449859,0.444957,0.418595,0.417394
0.437275,0.417408,0.425606,0.446982,0.464787,0.444618,0.421281,0.433805,0.451207,0.446932,0.431692,0.443763,0.478417,0.468760,0.428373,0.435766,0.457092,0.463379,0.455784,0.439035,0.445926,0.418162,0.431390,0.448541,0.430636,0.424550,0.447535,0.428674,0.424299,0.449849,0.451006,0.463228,0.453672,0.392964,0.619196,0.961462,0.994406,0.939784,0.927210,0.913781,0.901861,0.883251,0.837633,0.823550,0.798955,0.691371,0.881793,1.213446,1.211937,1.136845,1.123466,1.113910,1.076942,1.080010,1.043998,1.025690,1.008187,0.955929,0.937320,0.940991,0.945518,0.933598,0.890896,0.884861,0.739404,0.549234,0.465089,0.475601,0.482441,0.496876,0.473941,0.451559,0.445473,0.447787,0.442355,0.418615,0.569101,0.832804,0.886068,0.861020,0.871029,0.873846,0.891450,0.893663,0.900352,0.925098,0.954420,1.025338,0.901811,0.694590,0.705354,0.749262,0.743026,0.768123,0.824857,0.861372,0.870677,0.924192,0.951403,0.986459,0.982234,1.015681,1.059036,1.111244,1.108528,1.121907,1.196295,1.298648,1.332145,1.327216,1.332748,1.324148,1.324500,1.351559,1.339136,1.337577,1.336470,1.330234,1.325304,1.343361,1.318917,1.301213,1.337225,1.367503,1.226372,0.996619,0.970817,0.988471,0.996468,1.041332,0.822594,0.454275,0.416050,0.463932,0.450503,0.443260,0.456136,0.471829,0.436470,0.435364,0.455331,0.440343,0.420878,0.432698
0.440084,0.425836,0.424531,0.432408,0.447710,0.443495,0.426990,0.432709,0.450068,0.440385,0.424782,0.442643,0.477209,0.467577,0.458697,0.434666,0.460152,0.475855,0.456991,0.430953,0.434917,0.417106,0.416605,0.439532,0.429548,0.423478,0.445954,0.429247,0.428896,0.448211,0.449215,0.462058,0.452526,0.371703,0.617633,0.978851,1.015374,0.941976,0.934852,0.914534,0.899583,0.881021,0.842691,0.823075,0.811436,0.701265,0.887994,1.219010,1.210080,1.147971,1.134425,1.125194,1.090577,1.077283,1.041361,1.023100,0.997162,0.956325,0.941675,0.949752,0.943130,0.931240,0.916541,0.897276,0.769344,0.546643,0.456640,0.467627,0.470185,0.475654,0.462259,0.425585,0.422776,0.455737,0.459901,0.423378,0.580457,0.824430,0.877659,0.864716,0.872341,0.871639,0.889198,0.883579,0.901139,0.953766,0.981710,1.036244,0.899533,0.693488,0.722035,0.758859,0.758357,0.774963,0.822774,0.886038,0.880369,0.927829,0.949000,0.970723,0.978951,1.013116,1.064439,1.105277,1.089122,1.119073,1.193274,1.291706,1.321857,1.304950,1.332844,1.320804,1.321155,1.345086,1.325168,1.334199,1.328179,1.322509,1.313429,1.350153,1.331088,1.303897,1.352009,1.364049,1.213893,0.985322,0.951960,0.985975,1.000624,1.038702,0.811436,0.453128,0.406019,0.457141,0.449365,0.443546,0.465971,0.480069,0.444800,0.438328,0.445653,0.446255,0.428796,0.456389
0.443446,0.436304,0.425640,0.433537,0.423930,0.443496,0.429865,0.426143,0.442390,0.435951,0.424986,0.443798,0.478455,0.466031,0.431223,0.431978,0.446514,0.477097,0.458184,0.431475,0.427702,0.418195,0.417692,0.448979,0.435499,0.433587,0.447118,0.433537,0.433990,0.453406,0.451796,0.460146,0.438316,0.372674,0.609286,0.981406,1.014252,0.946800,0.937846,0.927082,0.912394,0.901479,0.850475,0.840868,0.813555,0.710993,0.890313,1.222193,1.217817,1.153433,1.153735,1.141663,1.112690,1.091513,1.063647,1.025771,1.002130,0.974465,0.960733,0.959073,0.953238,0.950019,0.926730,0.911791,0.785135,0.563412,0.457832,0.468848,0.482479,0.483988,0.467842,0.451595,0.434895,0.456927,0.451494,0.424483,0.585494,0.837950,0.886590,0.866973,0.874015,0.899417,0.896852,0.897405,0.908320,0.965562,1.004544,1.040207,0.913451,0.727340,0.723920,0.771504,0.760337,0.776986,0.824922,0.892476,0.895192,0.932162,0.957765,0.974515,0.982261,1.015761,1.057812,1.084823,1.091966,1.121995,1.196389,1.295078,1.318115,1.305792,1.336425,1.325208,1.327270,1.343467,1.304635,1.317562,1.322944,1.325962,1.325409,1.354784,1.334262,1.307301,1.355539,1.367611,1.217062,0.996697,0.954445,0.985128,0.986688,1.041414,0.813555,0.457631,0.407079,0.452400,0.450538,0.444704,0.456273,0.471866,0.445961,0.443496,0.452903,0.449935,0.429915,0.457580
0.429744,0.424625,0.412488,0.420141,0.410830,0.413268,0.412780,0.398400,0.415705,0.422481,0.411854,0.428623,0.459869,0.450558,0.413463,0.422334,0.433741,0.461965,0.444855,0.423017,0.422578,0.405566,0.404786,0.423163,0.423309,0.429256,0.433302,0.421554,0.433010,0.440565,0.437836,0.451241,0.439249,0.361158,0.582367,0.951081,0.961854,0.905601,0.918275,0.895364,0.884202,0.873624,0.824195,0.808450,0.774328,0.689023,0.868505,1.184427,1.180187,1.117792,1.118084,1.106385,1.078308,1.057786,1.030780,0.977404,0.941722,0.929194,0.914960,0.892732,0.908574,0.904821,0.898094,0.879863,0.729970,0.509248,0.443198,0.454360,0.466157,0.444026,0.443003,0.437641,0.421457,0.442808,0.437543,0.411366,0.567402,0.812058,0.838917,0.808402,0.841208,0.869627,0.863972,0.869773,0.880253,0.926708,0.953859,0.993734,0.870163,0.673814,0.692630,0.726167,0.724997,0.752978,0.794022,0.858902,0.843840,0.876987,0.909403,0.931583,0.951910,0.974333,1.017278,1.051059,1.073336,1.084791,1.155667,1.255060,1.251112,1.257156,1.288256,1.272121,1.286258,1.301954,1.264322,1.262372,1.270415,1.251697,1.265346,1.312922,1.293033,1.265394,1.296007,1.314969,1.161322,0.959660,0.916276,0.936360,0.936262,0.990614,0.786515,0.427063,0.387627,0.438420,0.423845,0.430962,0.442174,0.443588,0.435593,0.429792,0.438908,0.436032,0.431109,0.449242
0.355260,0.357689,0.350909,0.334264,0.340184,0.342106,0.335327,0.352629,0.332139,0.324702,0.323184,0.334568,0.323994,0.351719,0.365126,0.344433,0.346963,0.366289,0.366441,0.331684,0.335023,0.351162,0.357081,0.336844,0.361938,0.365682,0.355108,0.359459,0.363102,0.362697,0.343270,0.348076,0.349391,0.296826,0.470054,0.780287,0.804167,0.735159,0.725293,0.684718,0.681986,0.698833,0.660990,0.631090,0.594967,0.552469,0.676573,0.894019,0.883900,0.808012,0.786409,0.761264,0.742140,0.768904,0.742444,0.727114,0.726861,0.684718,0.650214,0.651782,0.626183,0.619353,0.648544,0.649354,0.467980,0.219976,0.208340,0.234648,0.195287,0.234799,0.235862,0.187951,0.211831,0.223011,0.180767,0.154813,0.304617,0.535420,0.568608,0.560058,0.614445,0.619707,0.622995,0.645205,0.629926,0.651681,0.686185,0.749476,0.634935,0.451082,0.444353,0.481083,0.504710,0.521810,0.568608,0.627751,0.608425,0.639539,0.685730,0.713910,0.702931,0.665189,0.729239,0.748414,0.725799,0.722005,0.892906,1.172480,1.196713,1.175060,1.165346,1.161450,1.151939,1.159174,1.165700,1.186393,1.185887,1.195398,1.185634,1.174453,1.160186,1.146070,1.175869,1.220289,1.064515,0.802396,0.802902,0.854354,0.834674,0.892501,0.693673,0.351162,0.321717,0.366340,0.356323,0.374839,0.370235,0.357840,0.362748,0.350555,0.337806,0.315292,0.350403,0.406763
0.343576,0.345925,0.329827,0.323271,0.334280,0.334231,0.320727,0.319846,0.321216,0.319112,0.327332,0.323956,0.312751,0.320824,0.335405,0.333106,0.335552,0.342157,0.343870,0.340298,0.330855,0.339613,0.345338,0.334965,0.356053,0.336873,0.342793,0.347637,0.351160,0.342255,0.346267,0.344408,0.337901,0.300226,0.461054,0.741855,0.777719,0.714259,0.701440,0.664841,0.664743,0.696204,0.648010,0.606176,0.575400,0.538018,0.645612,0.855418,0.860996,0.789951,0.752179,0.745769,0.737402,0.739555,0.718026,0.690088,0.675850,0.682358,0.655985,0.629808,0.588366,0.593308,0.627215,0.597515,0.417361,0.200265,0.199628,0.226931,0.188864,0.227077,0.228105,0.181770,0.204864,0.215677,0.174822,0.156522,0.283003,0.506215,0.543890,0.529798,0.586653,0.607008,0.607008,0.634897,0.639839,0.647716,0.663618,0.724828,0.619680,0.432969,0.432724,0.474362,0.488111,0.489383,0.541248,0.607105,0.588415,0.618506,0.663178,0.686810,0.679569,0.643313,0.705256,0.723800,0.712351,0.701586,0.838782,1.125601,1.140622,1.121100,1.104758,1.101284,1.114054,1.121051,1.127363,1.120072,1.119241,1.137784,1.146641,1.135827,1.122029,1.099571,1.137197,1.161270,1.022313,0.774490,0.771750,0.801547,0.790294,0.844996,0.650163,0.339613,0.304140,0.349301,0.326207,0.340396,0.349056,0.335503,0.344653,0.338439,0.317987,0.321216,0.338879,0.393386
0.428209,0.416144,0.408444,0.434536,0.432819,0.415801,0.419136,0.409376,0.404423,0.418106,0.412172,0.417272,0.447386,0.453320,0.415997,0.419725,0.436400,0.467886,0.434977,0.425610,0.425168,0.414477,0.413790,0.429484,0.425904,0.432329,0.439833,0.424139,0.426689,0.443266,0.446993,0.454007,0.441942,0.373230,0.595648,0.979275,0.986436,0.924738,0.937195,0.912133,0.889622,0.864560,0.824098,0.813406,0.782655,0.685007,0.868778,1.199977,1.187421,1.122486,1.103260,1.110323,1.083250,1.043867,0.999089,0.972066,0.957647,0.926454,0.920569,0.898205,0.907474,0.893496,0.872652,0.885257,0.734444,0.503983,0.445914,0.457146,0.422814,0.439293,0.424188,0.413643,0.406826,0.414035,0.387012,0.384069,0.570880,0.817036,0.844059,0.813357,0.846364,0.864168,0.869268,0.875105,0.884521,0.911496,0.959707,0.999825,0.875497,0.677945,0.696876,0.725911,0.712619,0.757593,0.787903,0.819194,0.845432,0.882363,0.914978,0.935969,0.957745,0.980305,1.023514,1.057502,1.083594,1.085408,1.147057,1.262754,1.243136,1.252700,1.278105,1.266334,1.294142,1.309935,1.268149,1.262901,1.274721,1.228766,1.258585,1.309003,1.300960,1.273151,1.295761,1.319646,1.174130,0.964170,0.923855,0.933958,0.932977,0.996686,0.791336,0.400548,0.390003,0.441108,0.415016,0.420656,0.440519,0.446307,0.434830,0.427179,0.441598,0.432868,0.430809,0.413447
0.432364,0.420182,0.419835,0.425233,0.427115,0.419835,0.423202,0.413348,0.408346,0.415725,0.403493,0.412952,0.450934,0.457718,0.420726,0.426174,0.438158,0.454499,0.436672,0.429739,0.427412,0.422955,0.427857,0.433651,0.441376,0.436523,0.444100,0.429591,0.440683,0.452964,0.444793,0.449646,0.453162,0.396858,0.615590,0.974465,0.987192,0.933710,0.953567,0.920983,0.897163,0.863836,0.824022,0.812236,0.789605,0.691653,0.878791,1.211619,1.198942,1.122333,1.096137,1.077814,1.075635,1.067811,1.010417,0.981497,0.966938,0.930095,0.914842,0.905780,0.886715,0.888646,0.878098,0.866213,0.721167,0.508873,0.455143,0.487183,0.451825,0.425530,0.418102,0.382645,0.389875,0.387350,0.355706,0.343573,0.536456,0.812434,0.835015,0.817683,0.860172,0.856854,0.844275,0.851357,0.911128,0.943416,0.946585,0.999077,0.880525,0.662981,0.683680,0.740976,0.748354,0.757268,0.779849,0.805154,0.836303,0.890924,0.923855,0.933759,0.955548,1.002840,1.028343,1.057214,1.094107,1.095939,1.167001,1.256930,1.255197,1.264853,1.258119,1.260595,1.282532,1.310115,1.275649,1.263368,1.262179,1.245194,1.272479,1.309867,1.304767,1.263516,1.291495,1.324030,1.169774,0.959757,0.932818,0.943019,0.936928,0.995610,0.789407,0.390321,0.390717,0.435335,0.414388,0.424738,0.441971,0.422608,0.434444,0.431324,0.417111,0.430977,0.438009,0.425877
0.431472,0.434582,0.438594,0.435735,0.431171,0.420890,0.424702,0.424451,0.413066,0.421040,0.408652,0.418232,0.441804,0.461966,0.439748,0.440701,0.454794,0.476209,0.451333,0.441654,0.426457,0.428363,0.433880,0.439196,0.458004,0.454192,0.444211,0.451082,0.468335,0.458756,0.450481,0.455396,0.458957,0.414370,0.634244,0.999864,1.015813,0.952519,0.958688,0.927141,0.893839,0.859033,0.821819,0.810434,0.772267,0.700497,0.890028,1.227111,1.211162,1.132120,1.124847,1.076048,1.052175,1.035072,1.023336,0.994047,0.964456,0.945498,0.918465,0.871722,0.869966,0.886868,0.857829,0.834407,0.706616,0.515380,0.447070,0.444763,0.457602,0.436738,0.424300,0.387538,0.394860,0.392302,0.360254,0.347966,0.535491,0.816252,0.827988,0.834156,0.867057,0.847297,0.848902,0.871170,0.926590,0.952419,0.948557,1.002372,0.891783,0.671458,0.676323,0.736658,0.765095,0.763741,0.784404,0.835511,0.853215,0.901513,0.938928,0.945698,0.967766,1.025092,1.033367,1.056187,1.108096,1.109751,1.164017,1.244765,1.269992,1.264124,1.298078,1.283584,1.277866,1.299432,1.290505,1.269741,1.268688,1.261115,1.288750,1.311369,1.305852,1.283484,1.308009,1.340960,1.180016,0.963001,0.937523,0.955077,0.949811,1.008340,0.781545,0.391650,0.359602,0.431272,0.396866,0.394509,0.418382,0.418984,0.442757,0.436839,0.417831,0.439046,0.444813,0.431322
0.431742,0.424064,0.438869,0.449709,0.439220,0.417088,0.424967,0.424716,0.413324,0.421304,0.408808,0.413224,0.434452,0.450762,0.440023,0.440976,0.455078,0.476507,0.442532,0.441930,0.419146,0.425871,0.434151,0.451365,0.457638,0.440976,0.438317,0.465818,0.478113,0.459595,0.450210,0.466822,0.459244,0.414629,0.627514,1.000490,1.016449,0.950004,0.943028,0.912064,0.863284,0.836234,0.822333,0.813500,0.752023,0.692805,0.898213,1.232546,1.237263,1.132828,1.102566,1.076721,1.053686,1.055994,1.040487,1.022672,0.965059,0.946089,0.909504,0.872267,0.870510,0.884713,0.858366,0.834929,0.707058,0.471087,0.447350,0.465416,0.467574,0.459695,0.440424,0.379449,0.379951,0.392548,0.360479,0.335337,0.519466,0.816762,0.828506,0.795986,0.834528,0.822032,0.848730,0.892441,0.927169,0.946440,0.949150,1.002999,0.889280,0.681714,0.676746,0.737118,0.765573,0.764218,0.784895,0.836033,0.853749,0.897410,0.928625,0.941924,0.954570,1.006663,1.027841,1.060009,1.114611,1.110445,1.150342,1.234704,1.270787,1.264915,1.282931,1.278114,1.273998,1.281125,1.283885,1.270536,1.259746,1.261904,1.289556,1.307823,1.288703,1.279569,1.301098,1.331109,1.180755,0.956277,0.933091,0.966163,0.950405,0.998984,0.776213,0.391895,0.376539,0.431542,0.375987,0.384368,0.406700,0.409460,0.432997,0.433147,0.393351,0.431491,0.445091,0.431592
0.425408,0.409946,0.428319,0.436151,0.439364,0.421291,0.428771,0.424855,0.428119,0.432637,0.420990,0.418128,0.443079,0.455278,0.442426,0.450458,0.469133,0.476663,0.442677,0.437757,0.418128,0.431934,0.441071,0.452667,0.446793,0.441020,0.438460,0.465970,0.478270,0.459745,0.449755,0.466974,0.465268,0.417124,0.627720,1.000817,1.016781,0.962915,0.959602,0.912362,0.863566,0.836508,0.822602,0.813767,0.770443,0.693032,0.892031,1.224566,1.237668,1.133199,1.096501,1.059553,1.030838,1.020496,1.031491,0.994492,0.954983,0.924260,0.908045,0.865424,0.870795,0.881237,0.841930,0.835203,0.697098,0.465418,0.447496,0.465569,0.459695,0.446342,0.440568,0.379574,0.380076,0.400056,0.378017,0.335447,0.519636,0.817030,0.828777,0.796246,0.831889,0.805785,0.825664,0.881940,0.911007,0.923356,0.911157,0.982243,0.881137,0.662811,0.670993,0.727470,0.754428,0.764469,0.783144,0.815172,0.837863,0.894993,0.908999,0.924160,0.952473,0.999462,1.028177,1.060356,1.109152,1.106642,1.150719,1.235108,1.266685,1.257146,1.281745,1.259255,1.255289,1.281544,1.284305,1.268191,1.260158,1.262317,1.287468,1.304737,1.282247,1.269195,1.298964,1.324316,1.177828,0.951771,0.919441,0.952674,0.951821,0.999562,0.770894,0.392024,0.376662,0.447095,0.397245,0.372897,0.383891,0.397797,0.433139,0.425207,0.393479,0.424906,0.445237,0.440016
0.335653,0.348900,0.346700,0.330255,0.341502,0.341452,0.348100,0.337553,0.328156,0.330705,0.342102,0.336903,0.319508,0.312460,0.321907,0.339852,0.342801,0.336253,0.319208,0.345801,0.349150,0.359597,0.352799,0.343351,0.352848,0.340952,0.328056,0.355148,0.358747,0.349649,0.353748,0.359247,0.355698,0.306712,0.478762,0.780725,0.806818,0.748235,0.724092,0.694850,0.699049,0.713995,0.673356,0.620072,0.594129,0.569636,0.668458,0.873899,0.886395,0.816465,0.766529,0.756732,0.753333,0.772128,0.762431,0.731739,0.717344,0.700448,0.686652,0.658061,0.627819,0.628669,0.640766,0.644065,0.468465,0.231833,0.215338,0.252877,0.240631,0.231983,0.233033,0.185697,0.209290,0.220337,0.183097,0.176299,0.325456,0.525749,0.564688,0.558639,0.617222,0.620122,0.620122,0.652412,0.668708,0.654012,0.669207,0.725241,0.633068,0.442323,0.442073,0.488809,0.511603,0.520600,0.552941,0.585382,0.593679,0.615923,0.677505,0.702098,0.692501,0.652962,0.701898,0.732539,0.732489,0.727041,0.881946,1.151569,1.165265,1.145321,1.108981,1.125076,1.128775,1.130725,1.151719,1.144271,1.148919,1.163315,1.167114,1.156667,1.137973,1.115129,1.148770,1.169364,1.025405,0.791222,0.779426,0.793022,0.789873,0.857853,0.660460,0.337703,0.296415,0.360446,0.346800,0.328256,0.344651,0.342751,0.352099,0.345751,0.341402,0.328156,0.347000,0.407183
0.329673,0.342683,0.340523,0.319412,0.335417,0.330802,0.329427,0.312195,0.323242,0.324813,0.328495,0.325058,0.314453,0.315239,0.325696,0.335663,0.339787,0.321278,0.313521,0.339639,0.354760,0.352895,0.331489,0.328544,0.344352,0.331980,0.322211,0.351078,0.376264,0.352993,0.347445,0.349900,0.339050,0.298596,0.466599,0.766815,0.796812,0.741629,0.716640,0.705888,0.707164,0.705937,0.673780,0.646483,0.596504,0.545102,0.647809,0.858328,0.866527,0.795486,0.760383,0.748797,0.758371,0.765784,0.748846,0.697689,0.682519,0.684335,0.668134,0.631951,0.590367,0.594688,0.623654,0.603819,0.418780,0.200946,0.200308,0.223922,0.187052,0.215822,0.192305,0.150280,0.184744,0.202271,0.169427,0.146499,0.272232,0.506611,0.554626,0.548686,0.606225,0.609073,0.608778,0.629005,0.656793,0.642359,0.651393,0.706772,0.617173,0.434442,0.435080,0.479462,0.495712,0.507151,0.546526,0.569895,0.578192,0.593902,0.665434,0.708981,0.682371,0.641328,0.689392,0.732105,0.719438,0.714087,0.866232,1.104343,1.129627,1.116813,1.089222,1.098746,1.103312,1.103557,1.098746,1.099826,1.128449,1.142588,1.131542,1.124914,1.098893,1.095260,1.128301,1.148529,1.007135,0.775996,0.751104,0.772264,0.771921,0.819003,0.634357,0.325107,0.295061,0.354957,0.340621,0.318921,0.321032,0.320247,0.326580,0.338559,0.336399,0.327955,0.340818,0.385887
0.421829,0.400680,0.422629,0.434379,0.437579,0.432629,0.436729,0.436779,0.426379,0.444328,0.432829,0.419080,0.441278,0.453428,0.452628,0.457678,0.462327,0.474827,0.440878,0.435979,0.416430,0.428679,0.432529,0.450828,0.445878,0.439679,0.442828,0.464077,0.476327,0.457878,0.447928,0.469727,0.469977,0.433329,0.625169,0.963203,1.012651,0.959003,0.939504,0.922205,0.880307,0.855508,0.828060,0.818110,0.789961,0.702216,0.894306,1.220340,1.247089,1.148694,1.096046,1.072698,1.059448,1.019850,1.036599,1.012251,0.951503,0.927655,0.904356,0.861908,0.867258,0.877657,0.847459,0.858058,0.725215,0.469327,0.457178,0.495926,0.457828,0.444528,0.438779,0.378032,0.378532,0.398431,0.381831,0.337334,0.517525,0.775162,0.825410,0.793011,0.826210,0.802511,0.819310,0.878357,0.890156,0.893706,0.904656,0.988452,0.883907,0.660118,0.668267,0.725815,0.764613,0.771762,0.789961,0.827310,0.840309,0.891356,0.905306,0.920405,0.948254,0.980602,1.016850,1.056048,1.098346,1.097296,1.145344,1.240839,1.261538,1.252039,1.272638,1.258289,1.255339,1.275738,1.283037,1.263038,1.251089,1.257189,1.282237,1.286337,1.273188,1.271388,1.296237,1.331035,1.174143,0.939804,0.917455,0.951254,0.947154,0.980702,0.758913,0.390431,0.390631,0.452678,0.385881,0.373082,0.391181,0.396181,0.424479,0.423479,0.416530,0.429879,0.441578,0.430429
0.423069,0.405669,0.423872,0.421665,0.432547,0.433900,0.435304,0.437210,0.427632,0.445634,0.448192,0.420311,0.435104,0.454410,0.465040,0.463436,0.463837,0.458070,0.441924,0.437260,0.417654,0.429939,0.432095,0.452153,0.447239,0.446487,0.445333,0.468300,0.477727,0.459223,0.440921,0.463185,0.465491,0.413993,0.606598,0.949737,1.007052,0.967538,0.950740,0.924915,0.882894,0.859577,0.849899,0.821818,0.771574,0.713506,0.909521,1.225682,1.255167,1.152421,1.085328,1.084927,1.082770,1.050477,1.049725,1.035083,0.954300,0.930381,0.908769,0.881841,0.884449,0.872063,0.848295,0.884148,0.738980,0.496380,0.471459,0.513680,0.479382,0.476874,0.458371,0.399451,0.400203,0.410834,0.401708,0.364902,0.536245,0.826733,0.835658,0.802563,0.836611,0.821718,0.849699,0.898439,0.909972,0.931535,0.943820,1.003041,0.886505,0.672187,0.676199,0.734868,0.766860,0.779296,0.804769,0.835357,0.856418,0.895330,0.914686,0.923110,0.951592,0.998277,1.027010,1.067978,1.104784,1.097713,1.146103,1.238770,1.270311,1.263942,1.281292,1.262338,1.250504,1.279487,1.275275,1.265046,1.262488,1.272668,1.285354,1.284151,1.277130,1.275125,1.299044,1.322812,1.168517,0.937050,0.920152,0.940260,0.939508,0.974659,0.761144,0.393634,0.383957,0.420261,0.385310,0.379694,0.406873,0.397345,0.416550,0.427432,0.432145,0.431744,0.442876,0.454209
0.432847,0.412288,0.422843,0.433848,0.431497,0.432847,0.424043,0.417490,0.426594,0.451006,0.450055,0.419291,0.424393,0.444803,0.466963,0.466413,0.462711,0.451956,0.447754,0.445653,0.416640,0.415940,0.423043,0.438950,0.436749,0.456908,0.458859,0.468914,0.473466,0.462711,0.443052,0.462061,0.459560,0.389728,0.584366,0.963289,1.021366,0.965190,0.936277,0.935677,0.921920,0.872348,0.847837,0.818523,0.750792,0.723530,0.917318,1.214804,1.236564,1.167232,1.115509,1.096450,1.074240,1.045076,1.047177,1.037973,0.959788,0.945931,0.906463,0.873898,0.890206,0.872898,0.853939,0.882002,0.737186,0.509132,0.470314,0.496176,0.478218,0.475717,0.457258,0.406485,0.429496,0.429246,0.404684,0.381524,0.569910,0.854490,0.836932,0.797063,0.836882,0.836181,0.871597,0.899560,0.890606,0.899710,0.942830,1.006959,0.884353,0.670556,0.673407,0.721929,0.751743,0.777404,0.815172,0.835681,0.864594,0.897109,0.929824,0.947482,0.949833,0.995854,1.022916,1.065386,1.104604,1.088596,1.143321,1.254022,1.281384,1.268928,1.278183,1.248219,1.247469,1.269929,1.272180,1.261975,1.270079,1.278533,1.271380,1.279633,1.264777,1.272030,1.299392,1.325254,1.167082,0.928673,0.916218,0.937978,0.947632,0.981197,0.765699,0.410637,0.384976,0.421692,0.376872,0.378773,0.393429,0.396381,0.415539,0.426394,0.431097,0.417991,0.426895,0.453107
0.435012,0.414350,0.424957,0.415607,0.423952,0.458540,0.436420,0.435213,0.428577,0.453261,0.452306,0.421388,0.424253,0.447027,0.469298,0.468745,0.465025,0.453663,0.441346,0.431794,0.420181,0.428326,0.427622,0.441145,0.438229,0.447630,0.466282,0.471259,0.467388,0.473471,0.445268,0.464371,0.461858,0.391677,0.584775,0.958353,1.026473,0.970017,0.945383,0.940356,0.926531,0.890837,0.863438,0.823923,0.777320,0.743587,0.932764,1.228822,1.242747,1.173069,1.135968,1.123952,1.085544,1.077299,1.055833,1.045074,0.999527,0.953728,0.910996,0.892546,0.895562,0.869973,0.857807,0.887519,0.746403,0.502378,0.487798,0.526006,0.482017,0.478096,0.451652,0.407261,0.405099,0.431392,0.416562,0.380164,0.574067,0.870124,0.857154,0.801049,0.841067,0.840363,0.878922,0.908181,0.895060,0.903656,0.922006,1.002594,0.874699,0.673909,0.676171,0.735594,0.768824,0.792201,0.820807,0.844385,0.869823,0.901595,0.934474,0.952371,0.954583,0.986255,1.030696,1.080919,1.105603,1.087052,1.145067,1.272207,1.287792,1.275274,1.279648,1.254461,1.257327,1.280905,1.290105,1.267934,1.264063,1.284926,1.277737,1.286032,1.256422,1.278391,1.305890,1.331881,1.156931,0.928642,0.920799,0.950561,0.957398,0.993243,0.771237,0.412691,0.386901,0.437123,0.390118,0.391677,0.395397,0.393336,0.403692,0.425510,0.438229,0.413143,0.403792,0.441950
0.433403,0.424447,0.425303,0.415944,0.424297,0.468623,0.464900,0.426762,0.423139,0.453629,0.452674,0.421932,0.435366,0.455944,0.474208,0.464699,0.447642,0.453177,0.455441,0.453026,0.420523,0.428674,0.434309,0.432246,0.438586,0.456497,0.481302,0.471642,0.468019,0.466359,0.441957,0.456900,0.462233,0.399995,0.585250,0.959133,1.019459,0.975937,0.959133,0.951837,0.928944,0.897548,0.881045,0.843461,0.777952,0.744192,0.943535,1.229821,1.243758,1.181671,1.173771,1.116112,1.086427,1.078175,1.057295,1.037371,0.992289,0.929246,0.908970,0.893272,0.896291,0.870681,0.858505,0.888240,0.751940,0.507667,0.488195,0.528094,0.482409,0.478485,0.444523,0.407592,0.405429,0.431542,0.427064,0.385102,0.577653,0.878379,0.871637,0.824191,0.850102,0.864190,0.879888,0.910328,0.907158,0.904391,0.922756,1.003409,0.875863,0.677526,0.671337,0.728645,0.766984,0.792493,0.821474,0.842857,0.864190,0.902328,0.935233,0.955258,0.965120,1.001648,1.047635,1.081798,1.099860,1.087936,1.149520,1.273242,1.303279,1.276311,1.276965,1.255481,1.258349,1.281946,1.298399,1.268965,1.278273,1.285971,1.278776,1.287078,1.257443,1.279430,1.333518,1.332964,1.162501,0.934076,0.925774,0.951334,0.943787,0.985094,0.770154,0.413026,0.387215,0.424347,0.390435,0.380976,0.383240,0.390838,0.402309,0.425856,0.438586,0.416347,0.397882,0.405982
0.337049,0.348845,0.348142,0.322794,0.319481,0.330875,0.340061,0.346536,0.345281,0.330875,0.333636,0.333084,0.331176,0.336748,0.348995,0.358883,0.361142,0.340613,0.320535,0.335945,0.362698,0.360791,0.356976,0.344779,0.352057,0.339408,0.342269,0.369675,0.384683,0.360891,0.355219,0.367416,0.357177,0.307987,0.492498,0.789543,0.828092,0.773732,0.746778,0.735836,0.733778,0.728608,0.712044,0.692770,0.632237,0.552931,0.662303,0.877532,0.879590,0.813285,0.777396,0.765551,0.775338,0.782918,0.764697,0.708732,0.693573,0.703913,0.705720,0.658488,0.630430,0.627368,0.626715,0.606036,0.448629,0.231643,0.183557,0.232145,0.241882,0.220650,0.196558,0.179291,0.190936,0.199670,0.179693,0.177032,0.327964,0.528688,0.562066,0.560962,0.619789,0.617480,0.617279,0.628071,0.640719,0.633241,0.653368,0.722585,0.630229,0.434173,0.447726,0.492649,0.495259,0.510216,0.553333,0.564225,0.582997,0.622399,0.675253,0.705017,0.695380,0.655677,0.704817,0.748485,0.735535,0.734079,0.863127,1.100040,1.143909,1.121623,1.113592,1.123330,1.123681,1.128248,1.122426,1.130206,1.150785,1.163284,1.144712,1.142704,1.123480,1.119766,1.153546,1.174226,1.024097,0.793358,0.772277,0.795265,0.789192,0.831856,0.648550,0.310145,0.297647,0.362899,0.352207,0.329620,0.334841,0.318728,0.316369,0.340111,0.343926,0.335292,0.348443,0.387694
0.316853,0.340241,0.339787,0.316903,0.317306,0.332277,0.352288,0.354556,0.355968,0.352238,0.342812,0.334495,0.332579,0.323658,0.350474,0.362672,0.362672,0.334848,0.314786,0.337771,0.364688,0.344526,0.340090,0.346239,0.335755,0.326934,0.343719,0.371241,0.360504,0.354002,0.365696,0.373408,0.366452,0.312417,0.500432,0.811891,0.832255,0.777010,0.760275,0.739760,0.743036,0.734417,0.733459,0.695705,0.634915,0.565103,0.665411,0.882409,0.885837,0.821770,0.780690,0.757402,0.753269,0.778623,0.763703,0.711734,0.696511,0.688497,0.685976,0.646408,0.620096,0.630026,0.629370,0.608603,0.446296,0.232624,0.192602,0.233128,0.238320,0.209437,0.182873,0.167449,0.169364,0.191493,0.185041,0.175665,0.319675,0.530927,0.569236,0.582795,0.626396,0.612132,0.624531,0.645803,0.674333,0.659513,0.668788,0.725646,0.632899,0.431779,0.449522,0.494736,0.500028,0.512378,0.561020,0.585114,0.585467,0.625036,0.670149,0.702006,0.698326,0.676198,0.724235,0.754882,0.738651,0.744095,0.877116,1.102482,1.148755,1.111404,1.109841,1.127735,1.123249,1.106010,1.121485,1.134994,1.154199,1.151578,1.137766,1.136456,1.126223,1.118612,1.137716,1.174159,1.028435,0.797576,0.775548,0.797727,0.803322,0.835380,0.651297,0.311459,0.291700,0.359295,0.353700,0.348306,0.336259,0.320079,0.317710,0.347852,0.345383,0.334797,0.342308,0.389337
0.434111,0.425141,0.416372,0.423629,0.434716,0.459662,0.466264,0.448172,0.422520,0.440965,0.453010,0.421311,0.425393,0.466566,0.479770,0.461023,0.431944,0.447265,0.456890,0.456134,0.415112,0.429374,0.435018,0.423679,0.439302,0.463190,0.476948,0.468280,0.459712,0.450691,0.442678,0.461476,0.442729,0.391577,0.588726,0.970476,1.021124,0.972240,0.968460,0.964227,0.938071,0.896696,0.882484,0.844839,0.782448,0.750296,0.947596,1.246243,1.245789,1.190404,1.180123,1.140310,1.106545,1.086991,1.059022,1.039065,1.005501,0.947042,0.913730,0.902340,0.894428,0.872103,0.863737,0.897502,0.753168,0.508496,0.482290,0.522405,0.512175,0.482894,0.430483,0.398078,0.406091,0.432247,0.431440,0.385731,0.566199,0.879461,0.896746,0.845191,0.867013,0.895033,0.896696,0.924162,0.934090,0.927841,0.926480,1.015379,0.905364,0.693701,0.677826,0.729835,0.774939,0.801246,0.825638,0.849777,0.879057,0.915141,0.943312,0.966797,0.979597,1.003384,1.033219,1.082456,1.092837,1.096718,1.151397,1.275321,1.310195,1.278395,1.262117,1.257531,1.263075,1.284040,1.288928,1.277891,1.283737,1.288071,1.277841,1.296740,1.259497,1.281117,1.335696,1.332823,1.164400,0.941750,0.929504,0.955055,0.935148,0.975717,0.773125,0.429273,0.373485,0.411685,0.391073,0.393240,0.396365,0.391476,0.407300,0.422218,0.421714,0.433910,0.407603,0.395205
0.445660,0.439252,0.423006,0.438293,0.435216,0.434560,0.438596,0.442532,0.428808,0.425175,0.441926,0.426992,0.425428,0.453985,0.478455,0.457819,0.422350,0.414681,0.453379,0.446517,0.408374,0.431583,0.439706,0.433450,0.439857,0.463722,0.469575,0.456507,0.460241,0.469121,0.443187,0.447779,0.432138,0.388849,0.602117,0.983801,1.033549,0.974215,0.987535,0.978554,0.939150,0.897273,0.887132,0.871693,0.783348,0.751158,0.948685,1.247676,1.257766,1.198382,1.190713,1.142832,1.125173,1.099492,1.055850,1.034508,1.028857,0.974720,0.920885,0.919674,0.907364,0.889907,0.882439,0.908575,0.754034,0.504186,0.475276,0.523712,0.512763,0.483450,0.430978,0.398536,0.427345,0.461048,0.453026,0.395609,0.581229,0.885719,0.917858,0.851208,0.868010,0.896516,0.918211,0.941370,0.968514,0.947575,0.951864,1.022954,0.932742,0.704287,0.689806,0.738242,0.780926,0.802167,0.826587,0.855699,0.892934,0.938847,0.951410,0.979361,0.991975,1.007464,1.050552,1.084255,1.105446,1.107615,1.177999,1.260642,1.311702,1.292983,1.263569,1.263417,1.275778,1.287887,1.290410,1.280370,1.289401,1.289552,1.290259,1.301409,1.275677,1.270329,1.308170,1.329461,1.165738,0.942076,0.928857,0.956153,0.934710,0.986879,0.775326,0.429767,0.359283,0.412158,0.391977,0.393692,0.381785,0.391926,0.409484,0.429868,0.422199,0.423359,0.412562,0.407113
0.440910,0.437642,0.441161,0.441161,0.443071,0.459710,0.437290,0.440910,0.427236,0.426533,0.428342,0.432012,0.423868,0.445434,0.462123,0.456141,0.420802,0.419143,0.459660,0.454181,0.404314,0.422109,0.447545,0.448400,0.436436,0.462023,0.475746,0.454834,0.463078,0.467401,0.439904,0.428493,0.436134,0.399086,0.625497,0.980196,1.029761,0.984770,0.978537,0.961596,0.929525,0.894437,0.883880,0.877697,0.804003,0.748405,0.939980,1.253709,1.248280,1.193990,1.200274,1.169660,1.125674,1.113911,1.051980,1.030716,1.033581,0.989194,0.935305,0.937065,0.911629,0.901072,0.901675,0.930077,0.757504,0.502338,0.473534,0.518676,0.502188,0.480924,0.429398,0.397075,0.425226,0.449003,0.430856,0.384759,0.564772,0.877245,0.917812,0.865230,0.886193,0.899313,0.923844,0.936612,0.958278,0.943550,0.964864,1.026443,0.929323,0.701705,0.707335,0.757655,0.780075,0.814157,0.823557,0.863622,0.918264,0.965769,0.968332,0.975772,1.000856,1.018853,1.049567,1.080281,1.101394,1.096820,1.173681,1.280503,1.309759,1.272309,1.241695,1.258183,1.271103,1.276431,1.299404,1.281257,1.284122,1.288445,1.298801,1.293472,1.273214,1.271857,1.314334,1.326650,1.163577,0.929424,0.924900,0.955061,0.952045,0.985474,0.772484,0.424874,0.335797,0.410648,0.402655,0.399689,0.380386,0.407581,0.423215,0.429096,0.409039,0.420149,0.411050,0.405621
0.428255,0.433946,0.437371,0.443768,0.438933,0.424780,0.438127,0.441753,0.428054,0.427349,0.429162,0.426241,0.424679,0.440292,0.452783,0.441703,0.421607,0.446185,0.457769,0.445732,0.405087,0.436767,0.453841,0.445077,0.433493,0.452783,0.468749,0.448905,0.463964,0.465525,0.425586,0.439336,0.436968,0.413448,0.638127,0.985193,1.024932,0.972501,0.980409,0.951751,0.931152,0.898465,0.885571,0.886075,0.829918,0.754974,0.941779,1.256108,1.256914,1.182524,1.202570,1.189072,1.138001,1.119668,1.068246,1.035810,1.035559,0.998591,0.961874,0.970890,0.938908,0.905163,0.924201,0.956133,0.784488,0.508185,0.486326,0.522791,0.532813,0.490658,0.444976,0.405540,0.426039,0.468447,0.451876,0.394913,0.565853,0.878923,0.927727,0.899573,0.914078,0.916092,0.927777,0.946966,0.997331,0.997080,1.013902,1.045783,0.946009,0.718510,0.728885,0.777538,0.798238,0.830169,0.850467,0.878973,0.930144,0.967616,0.970185,0.998137,1.002771,1.020802,1.053489,1.082348,1.092169,1.115287,1.196979,1.282952,1.312265,1.273937,1.250618,1.267641,1.280333,1.278873,1.301890,1.283708,1.279074,1.301940,1.308941,1.286377,1.280434,1.286579,1.306725,1.327123,1.166961,0.936792,0.934425,0.955780,0.932108,0.978293,0.774919,0.427903,0.336439,0.410023,0.403425,0.402468,0.386200,0.428809,0.407051,0.421960,0.418938,0.425032,0.416218,0.394964
0.426711,0.426159,0.430475,0.442168,0.437350,0.423248,0.436547,0.433988,0.426962,0.425808,0.427614,0.414165,0.423148,0.452054,0.454312,0.444727,0.430124,0.427765,0.456119,0.444125,0.403627,0.445781,0.456821,0.443472,0.436597,0.457524,0.467059,0.447286,0.456470,0.453710,0.424051,0.430475,0.428417,0.408795,0.635826,0.984201,1.021236,0.968995,0.982243,0.953739,0.937379,0.909025,0.898487,0.891662,0.870183,0.759328,0.938383,1.251579,1.261063,1.201696,1.192914,1.195875,1.156380,1.120549,1.064394,1.043417,1.053353,1.030219,1.003521,0.994087,0.960464,0.914445,0.936376,0.962421,0.787481,0.528784,0.484573,0.520906,0.505349,0.492552,0.444627,0.407792,0.427012,0.482515,0.467410,0.425707,0.587399,0.875754,0.924382,0.896329,0.901799,0.898788,0.925536,0.943552,0.993735,0.993484,1.010246,1.042012,0.942598,0.722945,0.726257,0.774734,0.796414,0.827176,0.857387,0.883884,0.929801,0.966285,0.966686,0.996797,1.016167,1.046930,1.060981,1.080704,1.095608,1.111265,1.192663,1.282994,1.313907,1.284098,1.246109,1.263071,1.275717,1.272706,1.282642,1.279079,1.275566,1.288765,1.290270,1.271451,1.279732,1.274412,1.280986,1.322338,1.178311,0.951782,0.935573,0.954693,0.928748,0.974766,0.775638,0.430625,0.339843,0.397705,0.393289,0.391081,0.403024,0.427263,0.405584,0.405885,0.417427,0.427012,0.420288,0.412007
0.290866,0.314195,0.337676,0.316106,0.316508,0.318620,0.340642,0.333855,0.355073,0.351352,0.334207,0.332547,0.326966,0.322089,0.333553,0.361760,0.361760,0.334006,0.313994,0.328525,0.363771,0.343659,0.339235,0.358240,0.340793,0.328274,0.343307,0.363268,0.365732,0.361508,0.366788,0.372469,0.367894,0.308916,0.499173,0.809849,0.830162,0.780888,0.770128,0.736592,0.741168,0.732570,0.723821,0.690436,0.633318,0.563681,0.676005,0.890447,0.887430,0.819704,0.778726,0.755799,0.767614,0.778978,0.761430,0.734279,0.718290,0.693100,0.684251,0.644782,0.608883,0.600184,0.623162,0.640911,0.487307,0.218916,0.185330,0.232542,0.237721,0.200765,0.169039,0.167028,0.168939,0.191011,0.184575,0.175223,0.318871,0.529592,0.561469,0.544324,0.583492,0.604911,0.611799,0.630553,0.672637,0.657855,0.667106,0.723821,0.631307,0.430693,0.448391,0.493140,0.489117,0.518279,0.565492,0.583039,0.583994,0.623464,0.669620,0.700240,0.698832,0.693905,0.727894,0.753637,0.740011,0.735335,0.864603,1.082916,1.142195,1.106748,1.089553,1.104888,1.114944,1.103229,1.099357,1.114642,1.147022,1.132089,1.119771,1.133598,1.123391,1.110972,1.119570,1.167134,1.025849,0.794011,0.768117,0.790894,0.790944,0.829810,0.640760,0.302229,0.286894,0.351503,0.357335,0.339033,0.321838,0.308966,0.306955,0.328877,0.344514,0.333955,0.341447,0.388357
0.315264,0.326795,0.341005,0.317945,0.315113,0.309701,0.342624,0.337111,0.354407,0.351828,0.345860,0.340146,0.333268,0.327250,0.354002,0.363864,0.348085,0.335948,0.333976,0.330436,0.360475,0.356784,0.354862,0.338527,0.341460,0.326188,0.332358,0.365381,0.390111,0.380249,0.380097,0.374636,0.366797,0.310713,0.502076,0.814559,0.834990,0.785430,0.792561,0.754227,0.739309,0.734100,0.731318,0.706943,0.663350,0.566960,0.695261,0.923541,0.904779,0.827405,0.791549,0.760195,0.778906,0.790993,0.785177,0.754682,0.726716,0.697132,0.688231,0.657382,0.632906,0.612778,0.626786,0.644638,0.494895,0.245779,0.220088,0.264693,0.239103,0.208507,0.191667,0.197786,0.186913,0.192122,0.185649,0.176243,0.322800,0.562156,0.571107,0.556795,0.604181,0.608429,0.615357,0.638064,0.681910,0.677662,0.685399,0.749726,0.643323,0.427432,0.445992,0.496665,0.501672,0.529486,0.569792,0.599073,0.612424,0.632299,0.687169,0.724289,0.717714,0.701481,0.741635,0.765454,0.752609,0.746540,0.878077,1.089214,1.148839,1.114349,1.102970,1.113792,1.113388,1.102616,1.128863,1.129368,1.150457,1.138674,1.126284,1.121378,1.124918,1.116119,1.126081,1.166438,1.028478,0.798629,0.778097,0.800349,0.807884,0.836406,0.626635,0.300396,0.291344,0.356430,0.359413,0.341005,0.323710,0.310763,0.302369,0.307577,0.344495,0.326592,0.343433,0.390616
0.411987,0.417016,0.427073,0.438673,0.432400,0.384804,0.418858,0.419605,0.430010,0.432898,0.427372,0.415821,0.419804,0.448481,0.447934,0.436981,0.420352,0.408253,0.447386,0.440615,0.404071,0.443154,0.455153,0.440515,0.441959,0.457443,0.463368,0.429114,0.437926,0.460181,0.431155,0.425380,0.414676,0.380124,0.619500,0.976423,1.015705,0.968158,0.980854,0.959445,0.930270,0.909808,0.876600,0.884615,0.863307,0.763036,0.930967,1.238551,1.258815,1.202954,1.183487,1.186424,1.166460,1.111694,1.079781,1.066189,1.046523,1.024766,0.995591,0.985882,0.938435,0.907219,0.928976,0.954815,0.785689,0.517934,0.480743,0.516789,0.472031,0.476711,0.445146,0.443353,0.444747,0.482486,0.469043,0.447087,0.597145,0.866045,0.912446,0.893876,0.896266,0.891685,0.918222,0.936095,0.978763,1.006394,1.013614,1.042689,0.931863,0.734060,0.720517,0.768612,0.801869,0.820639,0.850611,0.876898,0.922454,0.958649,0.959047,0.988919,1.019488,1.055933,1.059567,1.076495,1.093572,1.095364,1.159738,1.272854,1.303523,1.273950,1.247961,1.248459,1.261453,1.260458,1.274647,1.262648,1.262200,1.278580,1.292371,1.271610,1.268872,1.247612,1.264540,1.311888,1.168999,0.926038,0.922155,0.944758,0.925192,0.971344,0.777324,0.422990,0.337158,0.394562,0.398794,0.395110,0.399839,0.423887,0.422692,0.410544,0.412983,0.423638,0.416966,0.397101
0.422329,0.423328,0.432269,0.420531,0.419082,0.401150,0.420231,0.420980,0.433618,0.447354,0.435666,0.426475,0.423977,0.440311,0.449002,0.438413,0.431770,0.411540,0.439662,0.438813,0.415686,0.446605,0.469282,0.459442,0.440761,0.448403,0.470131,0.445206,0.440611,0.454847,0.422079,0.426775,0.426425,0.386165,0.623079,0.982421,1.021682,0.971332,0.980772,0.965088,0.940413,0.922780,0.868185,0.879823,0.887016,0.765537,0.916986,1.264190,1.273930,1.201402,1.175328,1.190313,1.170283,1.115338,1.083320,1.069684,1.057196,1.034219,0.998854,0.989114,0.963739,0.934968,0.932021,0.957945,0.788264,0.531470,0.494407,0.507894,0.470931,0.480721,0.466685,0.444807,0.469882,0.500751,0.481320,0.448553,0.599103,0.858494,0.909843,0.904948,0.935917,0.906646,0.921232,0.944608,0.972531,1.000153,1.016936,1.049604,0.929873,0.727874,0.722879,0.771131,0.794808,0.822230,0.866736,0.884119,0.925477,0.956546,0.953549,0.981322,1.026477,1.059394,1.063040,1.089464,1.106797,1.088365,1.136267,1.268436,1.306298,1.278126,1.265139,1.260943,1.256447,1.259894,1.279924,1.264090,1.258845,1.279175,1.297057,1.277576,1.273031,1.251702,1.264040,1.312192,1.168835,0.929074,0.910143,0.939663,0.940413,0.974529,0.779873,0.408992,0.353298,0.397304,0.395556,0.396405,0.401150,0.422928,0.441460,0.418932,0.414337,0.425026,0.418333,0.427824
0.414200,0.417340,0.427558,0.407023,0.431197,0.428954,0.422674,0.418038,0.436082,0.446399,0.434736,0.431197,0.422973,0.439371,0.448443,0.441814,0.430848,0.410661,0.426013,0.441614,0.426761,0.454125,0.460256,0.442611,0.439820,0.447446,0.455720,0.438225,0.435583,0.436381,0.405926,0.423621,0.425664,0.397553,0.622646,0.980324,1.019850,0.984262,0.987103,0.963028,0.936860,0.920811,0.869871,0.881634,0.885123,0.774570,0.934468,1.278339,1.266526,1.175561,1.172820,1.187773,1.159113,1.112958,1.081008,1.067401,1.054940,1.032012,1.010878,0.980224,0.961682,0.932973,0.929982,0.948673,0.786582,0.530336,0.493352,0.493801,0.468131,0.479695,0.465689,0.443857,0.468879,0.496941,0.464243,0.443259,0.584416,0.848886,0.906805,0.903017,0.933920,0.919465,0.919266,0.942592,0.970455,0.998018,1.018953,1.047364,0.927888,0.726321,0.721337,0.775915,0.793111,0.820476,0.864886,0.891802,0.911141,0.939452,0.957745,0.991040,1.032660,1.057133,1.059226,1.087139,1.104983,1.072933,1.129655,1.265728,1.303510,1.260744,1.249380,1.252869,1.253766,1.257205,1.277192,1.261392,1.256059,1.284420,1.288058,1.264532,1.270314,1.265778,1.261342,1.306251,1.164695,0.927091,0.908200,0.937658,0.950019,0.972449,0.772626,0.397752,0.356432,0.396456,0.394711,0.397503,0.401191,0.422524,0.440518,0.418038,0.392817,0.424119,0.418985,0.423820
0.416620,0.419778,0.427148,0.406292,0.423789,0.415868,0.406844,0.420480,0.438629,0.455324,0.445197,0.417522,0.422335,0.439231,0.453820,0.444395,0.433365,0.420781,0.428502,0.434368,0.429254,0.456778,0.458332,0.434368,0.442389,0.450060,0.457129,0.440785,0.438128,0.430557,0.418826,0.438529,0.452216,0.384534,0.613850,0.986051,1.025808,0.979834,0.995025,0.968654,0.942333,0.926039,0.890845,0.898465,0.880717,0.779094,0.944740,1.287461,1.309721,1.207446,1.179671,1.204939,1.177415,1.106073,1.084465,1.073486,1.041550,0.997481,0.975623,0.957724,0.950655,0.931253,0.931504,0.938974,0.768516,0.504707,0.458733,0.484402,0.473523,0.492173,0.469261,0.456327,0.471618,0.500144,0.482748,0.450210,0.605227,0.856603,0.912102,0.908292,0.925137,0.924836,0.924636,0.956772,0.976124,1.003848,1.024905,1.070929,0.940177,0.739187,0.726052,0.781100,0.807471,0.825268,0.872044,0.910247,0.916464,0.944940,0.960482,0.996830,1.038692,1.064411,1.071280,1.093489,1.101762,1.083864,1.137107,1.257230,1.299944,1.272621,1.256678,1.260188,1.270265,1.264549,1.273523,1.268761,1.269813,1.276582,1.293627,1.279740,1.277735,1.273172,1.268710,1.313882,1.181025,0.928847,0.918018,0.943135,0.955569,0.991114,0.782754,0.415768,0.370997,0.407345,0.388494,0.401981,0.413512,0.424090,0.425444,0.415166,0.404187,0.426898,0.421433,0.428452
0.419756,0.422939,0.423949,0.409351,0.426980,0.427838,0.431576,0.431223,0.448750,0.458752,0.448548,0.423141,0.425515,0.442537,0.457236,0.449205,0.436627,0.423949,0.431728,0.444204,0.432485,0.465520,0.466430,0.444255,0.448649,0.455721,0.472542,0.454155,0.441426,0.428697,0.426778,0.441830,0.433647,0.378336,0.612359,0.993474,1.033530,0.987210,1.008223,0.979027,0.949427,0.932051,0.897551,0.897450,0.887348,0.792334,0.959227,1.305841,1.329178,1.227244,1.192946,1.215424,1.189360,1.119249,1.122229,1.093791,1.049391,1.004991,0.982967,0.964934,0.957812,0.938264,0.938517,0.946043,0.774301,0.508506,0.462187,0.488049,0.477088,0.495878,0.472794,0.459762,0.475168,0.500323,0.492544,0.449205,0.609783,0.863051,0.918968,0.919928,0.941345,0.936951,0.942153,0.973420,0.983472,1.011406,1.027418,1.088992,0.956802,0.750157,0.734245,0.798396,0.830875,0.837139,0.863607,0.903764,0.923363,0.962106,0.975037,0.998576,1.039339,1.072424,1.084648,1.112834,1.119805,1.092023,1.141929,1.260380,1.309731,1.289526,1.261643,1.265128,1.281444,1.277655,1.283111,1.278312,1.272907,1.282151,1.305336,1.299830,1.291496,1.278262,1.282808,1.333926,1.189916,0.937456,0.924929,0.945841,0.965035,1.008173,0.790112,0.416675,0.374598,0.422181,0.400461,0.401319,0.403188,0.425818,0.428646,0.418291,0.403289,0.416423,0.432132,0.437183
0.343834,0.336906,0.341002,0.333568,0.328410,0.317841,0.342621,0.337108,0.354404,0.343278,0.328461,0.332304,0.331798,0.339283,0.372205,0.372356,0.354657,0.343531,0.353696,0.330433,0.360472,0.358803,0.367198,0.337917,0.342772,0.336147,0.342873,0.355162,0.386618,0.381611,0.372053,0.368665,0.359764,0.322392,0.495093,0.793211,0.825475,0.775865,0.774601,0.754220,0.740516,0.731868,0.731312,0.713258,0.663344,0.566955,0.695254,0.923533,0.904771,0.827397,0.798268,0.775157,0.785423,0.790986,0.785170,0.762362,0.734700,0.698036,0.695204,0.657376,0.632900,0.612772,0.626781,0.652774,0.494891,0.243956,0.208404,0.246636,0.227470,0.200363,0.196672,0.197784,0.207443,0.192120,0.188530,0.190603,0.331191,0.572164,0.581267,0.569231,0.589459,0.608423,0.626730,0.649892,0.724282,0.724282,0.719478,0.782490,0.671587,0.433194,0.454687,0.498582,0.501667,0.529481,0.581418,0.600585,0.631282,0.647464,0.709212,0.729238,0.717708,0.701474,0.747848,0.775865,0.774449,0.748910,0.878069,1.080254,1.143063,1.114339,1.096183,1.103820,1.107815,1.112973,1.146552,1.139574,1.142304,1.124655,1.124706,1.132494,1.136438,1.116109,1.133910,1.170523,1.025535,0.798622,0.772527,0.805904,0.807876,0.825374,0.618841,0.295488,0.288560,0.345857,0.356983,0.338524,0.323707,0.310761,0.302366,0.307575,0.321532,0.326589,0.350712,0.390613
0.338593,0.322999,0.327840,0.336147,0.330949,0.331764,0.340734,0.339714,0.359895,0.359742,0.353321,0.342772,0.334363,0.341141,0.375082,0.367030,0.357398,0.377630,0.362036,0.334414,0.346492,0.343587,0.370037,0.360048,0.356532,0.341396,0.333344,0.352608,0.383950,0.384408,0.374929,0.380280,0.374776,0.334822,0.508450,0.789864,0.822836,0.791495,0.806885,0.776970,0.764230,0.740277,0.734009,0.718771,0.669644,0.600080,0.721931,0.958905,0.924608,0.852496,0.821664,0.794246,0.793737,0.817383,0.820645,0.792055,0.755158,0.731767,0.726823,0.709241,0.676473,0.647730,0.662305,0.684168,0.501163,0.253894,0.232031,0.281057,0.243447,0.210168,0.221380,0.212054,0.214653,0.207875,0.207671,0.201607,0.350416,0.586015,0.614401,0.605584,0.618478,0.617968,0.651094,0.688806,0.743692,0.750368,0.756840,0.803827,0.693800,0.474407,0.472369,0.517674,0.525268,0.568280,0.603138,0.608081,0.642532,0.678868,0.715306,0.736404,0.747361,0.724021,0.750011,0.788029,0.803369,0.754700,0.884857,1.098695,1.157862,1.122953,1.104657,1.112353,1.120150,1.131209,1.155416,1.148383,1.151135,1.133349,1.134980,1.162958,1.160920,1.124737,1.142675,1.177737,1.012925,0.792871,0.791138,0.816466,0.825181,0.831755,0.627294,0.309086,0.290791,0.337472,0.337931,0.341141,0.329726,0.324782,0.313214,0.312653,0.308474,0.329114,0.368100,0.392970
0.415860,0.408804,0.418262,0.405551,0.423016,0.423566,0.415409,0.430573,0.453542,0.451991,0.438129,0.432925,0.424667,0.438429,0.454293,0.445035,0.438930,0.420013,0.432774,0.449889,0.441832,0.461199,0.460999,0.433425,0.428621,0.442133,0.468155,0.452492,0.439530,0.424717,0.421114,0.444835,0.453192,0.378878,0.599969,0.981049,1.008072,0.971290,0.997713,0.972742,0.962983,0.923399,0.889219,0.880011,0.863547,0.784729,0.943016,1.287614,1.307331,1.221607,1.181873,1.196836,1.169512,1.108859,1.081286,1.061118,1.038198,0.988956,0.956828,0.948421,0.937962,0.923399,0.929805,0.937261,0.760308,0.484719,0.431623,0.483518,0.488623,0.491275,0.468405,0.449139,0.469056,0.507940,0.494228,0.439881,0.586758,0.860344,0.910438,0.911389,0.932607,0.928253,0.929604,0.964384,0.986103,1.014328,1.027139,1.078884,0.947920,0.743193,0.740891,0.798591,0.830068,0.855390,0.876909,0.892022,0.921447,0.961932,0.965986,0.989306,1.029691,1.062469,1.078383,1.108459,1.119018,1.091394,1.134482,1.248680,1.288665,1.260741,1.252734,1.253385,1.276054,1.265795,1.271200,1.268898,1.261091,1.266796,1.293219,1.289115,1.282910,1.272301,1.280308,1.303628,1.178870,0.928754,0.912740,0.932507,0.960581,1.004619,0.783378,0.412807,0.371121,0.418262,0.416510,0.406652,0.412757,0.423316,0.448288,0.427620,0.382081,0.400797,0.428120,0.430022
0.419748,0.412059,0.420049,0.407284,0.424824,0.425980,0.429397,0.432413,0.451661,0.440806,0.437489,0.436031,0.426482,0.440303,0.461512,0.450455,0.441861,0.434875,0.445329,0.457089,0.427488,0.460004,0.465582,0.438092,0.430453,0.444022,0.470156,0.477393,0.446937,0.426533,0.422914,0.453873,0.476991,0.385473,0.596955,0.977150,1.001022,0.975441,1.001977,0.976899,0.958203,0.940664,0.903875,0.895482,0.882868,0.792405,0.953379,1.294977,1.300002,1.219289,1.204715,1.221802,1.162951,1.113598,1.084500,1.059421,1.049923,0.999314,0.978005,0.960063,0.956042,0.942473,0.933778,0.948152,0.763557,0.498702,0.480107,0.515438,0.490259,0.493375,0.470407,0.429799,0.460456,0.502521,0.496340,0.441761,0.581073,0.880355,0.947549,0.929305,0.922571,0.944081,0.967953,0.985342,1.013637,1.030373,1.034343,1.094199,0.983483,0.741746,0.745264,0.807482,0.833616,0.868193,0.888798,0.896588,0.932472,0.971220,0.977552,0.996399,1.041530,1.074348,1.084449,1.118423,1.118624,1.090329,1.139330,1.269949,1.282312,1.247433,1.258088,1.263264,1.281508,1.273768,1.276633,1.286031,1.266481,1.272763,1.288242,1.292866,1.293569,1.291961,1.294625,1.309199,1.183908,0.940161,0.916641,0.936492,0.964686,1.003083,0.787681,0.428593,0.372707,0.411606,0.409445,0.414220,0.427085,0.431910,0.427638,0.416883,0.400600,0.413968,0.429950,0.431860
0.419793,0.412103,0.420095,0.424869,0.433414,0.429293,0.430700,0.425322,0.434721,0.428589,0.432057,0.444773,0.425020,0.449096,0.470910,0.454776,0.441908,0.438139,0.456485,0.470809,0.448895,0.457138,0.457892,0.429644,0.441758,0.450905,0.456937,0.455228,0.446985,0.431253,0.429695,0.453921,0.470206,0.391344,0.597019,0.977255,1.001130,0.975546,1.002537,0.983437,0.943881,0.927445,0.903972,0.895578,0.867331,0.792490,0.953481,1.286470,1.294864,1.219420,1.206603,1.221933,1.163076,1.113718,1.100147,1.075518,1.057776,1.038978,1.030986,0.991630,0.976200,0.942574,0.945791,0.972229,0.795104,0.509713,0.490663,0.536000,0.523183,0.514136,0.483325,0.451107,0.460506,0.502575,0.496393,0.448543,0.600688,0.889547,0.948053,0.930461,0.922670,0.944182,0.968057,0.985448,1.013746,1.030483,1.031388,1.104369,0.983588,0.741825,0.745344,0.809931,0.848432,0.881203,0.897338,0.896684,0.932572,0.971023,0.995601,1.005000,1.039279,1.078987,1.093462,1.118543,1.113919,1.096176,1.161920,1.275513,1.291497,1.248723,1.259781,1.263400,1.281645,1.283404,1.286018,1.303962,1.273955,1.272899,1.278026,1.293005,1.304464,1.292100,1.294764,1.309239,1.186548,0.962981,0.933778,0.941770,0.965695,1.003191,0.787765,0.432660,0.380086,0.420095,0.409489,0.414264,0.415420,0.431956,0.412605,0.416928,0.425523,0.414013,0.411399,0.414465
0.416238,0.424578,0.417387,0.436663,0.423529,0.422680,0.422281,0.418835,0.432468,0.420782,0.427924,0.430920,0.416438,0.446201,0.466726,0.451794,0.439060,0.435315,0.453542,0.458436,0.426426,0.445003,0.451844,0.435315,0.429771,0.441207,0.467175,0.475465,0.448948,0.442206,0.429522,0.459834,0.477613,0.382380,0.584181,0.955725,0.994227,0.961018,1.000070,0.977098,0.936149,0.934700,0.893451,0.875873,0.873376,0.787382,0.947335,1.301799,1.298353,1.211560,1.193083,1.214057,1.167065,1.106539,1.093056,1.086663,1.063392,1.046862,1.040520,1.015401,0.985088,0.936498,0.954726,0.965962,0.799966,0.536590,0.524705,0.549474,0.545679,0.534642,0.489248,0.448548,0.470671,0.499336,0.493193,0.445652,0.596816,0.884163,0.942191,0.924463,0.916722,0.928957,0.960419,0.979096,0.993928,1.000769,1.016749,1.101395,0.995076,0.737043,0.740539,0.804710,0.840366,0.862689,0.887159,0.897596,0.928108,0.967160,0.997024,0.998522,1.027786,1.072031,1.086813,1.106539,1.099897,1.095852,1.178550,1.284121,1.288515,1.253808,1.263446,1.259801,1.273384,1.265693,1.264695,1.281374,1.275631,1.264695,1.264744,1.284670,1.290912,1.277379,1.289963,1.316281,1.178900,0.956773,0.927759,0.939744,0.956723,0.996724,0.793824,0.429871,0.384427,0.417387,0.405851,0.413991,0.429272,0.429172,0.409946,0.414241,0.430620,0.420033,0.413441,0.423579
0.418506,0.426891,0.433318,0.439042,0.425837,0.425335,0.440749,0.430306,0.438741,0.423075,0.430255,0.445821,0.433971,0.442808,0.452348,0.447678,0.441452,0.442256,0.456013,0.460934,0.428749,0.447427,0.449737,0.433419,0.432113,0.443611,0.459829,0.462089,0.454758,0.458122,0.431862,0.454859,0.469721,0.379693,0.596403,0.976246,1.000096,0.966254,1.022541,0.990807,0.942304,0.948128,0.898319,0.880645,0.886068,0.794032,0.963342,1.308892,1.297595,1.213743,1.208220,1.215099,1.160118,1.112016,1.091681,1.102225,1.076316,1.088066,1.072400,1.041119,1.026407,0.975543,0.959928,0.980615,0.816024,0.541020,0.531078,0.568837,0.548702,0.543782,0.512952,0.495027,0.495529,0.509638,0.514911,0.448080,0.600068,0.901533,0.921065,0.887775,0.919358,0.934019,0.965652,0.976849,0.999343,1.021436,1.030323,1.112016,0.994021,0.736490,0.743219,0.809145,0.836460,0.855490,0.891993,0.903391,0.933166,0.972430,1.002456,1.014155,1.039863,1.077873,1.096852,1.119497,1.116184,1.101823,1.184972,1.298298,1.295536,1.252757,1.270330,1.266665,1.272289,1.267920,1.264606,1.288356,1.283737,1.279619,1.276707,1.280975,1.287201,1.276556,1.297394,1.312859,1.183717,0.985033,0.923726,0.940295,0.952748,0.997586,0.794584,0.443611,0.397167,0.425184,0.410221,0.416247,0.423929,0.438138,0.415744,0.409468,0.429050,0.424130,0.415694,0.399978
0.316892,0.316792,0.324181,0.325790,0.326443,0.353136,0.337301,0.328605,0.352281,0.354845,0.351678,0.332928,0.327198,0.328957,0.354745,0.345143,0.343283,0.385057,0.357107,0.331420,0.358314,0.358163,0.364999,0.331420,0.340116,0.333531,0.328806,0.346651,0.378723,0.379175,0.369825,0.377969,0.369674,0.336045,0.501529,0.779111,0.806809,0.771219,0.771571,0.749704,0.743973,0.743169,0.724017,0.712505,0.683299,0.612169,0.712103,0.945852,0.921220,0.860144,0.834959,0.805502,0.786752,0.783585,0.815154,0.789667,0.755686,0.733970,0.705216,0.688527,0.655350,0.661583,0.679680,0.690086,0.501076,0.250438,0.228872,0.277231,0.238021,0.207307,0.225052,0.230230,0.213742,0.216607,0.217260,0.198862,0.360073,0.594927,0.626848,0.615186,0.621821,0.614482,0.646000,0.690789,0.744677,0.752569,0.766745,0.818622,0.710394,0.502534,0.486096,0.535108,0.543402,0.560544,0.594927,0.616141,0.644241,0.686064,0.705568,0.730703,0.744174,0.712807,0.734875,0.787355,0.801832,0.736936,0.878341,1.109576,1.153611,1.105002,1.109626,1.110179,1.103443,1.106309,1.122093,1.124405,1.115608,1.108721,1.117971,1.126818,1.145970,1.109425,1.115558,1.158236,0.999136,0.782077,0.775944,0.804446,0.811333,0.831390,0.634589,0.310458,0.286380,0.321216,0.321115,0.318501,0.311011,0.314530,0.308950,0.308397,0.319607,0.328203,0.363089,0.394507
0.335755,0.320292,0.325901,0.330247,0.340758,0.355009,0.331409,0.328478,0.341516,0.341921,0.330601,0.344346,0.331561,0.341516,0.344902,0.337474,0.341112,0.387099,0.360973,0.334290,0.343588,0.360063,0.366936,0.346317,0.353544,0.341921,0.342628,0.349653,0.386291,0.397964,0.352937,0.371231,0.360113,0.337827,0.514043,0.783244,0.811089,0.775310,0.800123,0.770459,0.749588,0.747112,0.727858,0.716285,0.689299,0.621532,0.734680,0.952992,0.926107,0.880726,0.896847,0.832011,0.807450,0.837418,0.840298,0.806743,0.771267,0.744130,0.721389,0.729626,0.700468,0.679445,0.683286,0.705774,0.518238,0.271273,0.251210,0.282340,0.243579,0.217857,0.242872,0.262480,0.255708,0.241558,0.223012,0.210934,0.366683,0.598083,0.616933,0.581255,0.589038,0.623604,0.654278,0.694454,0.737459,0.756562,0.772025,0.822965,0.714163,0.505200,0.488675,0.537947,0.558211,0.593131,0.607938,0.613497,0.637147,0.689704,0.717397,0.764597,0.767123,0.736196,0.750447,0.792997,0.806086,0.739834,0.881434,1.127843,1.165239,1.117484,1.119000,1.134564,1.109297,1.121729,1.111723,1.123497,1.122335,1.114603,1.123902,1.138405,1.152050,1.125923,1.135727,1.164380,1.004436,0.771015,0.767022,0.796686,0.799870,0.827109,0.637956,0.306496,0.278196,0.334644,0.322818,0.316299,0.312661,0.316198,0.310589,0.310033,0.308365,0.324335,0.365015,0.425759
0.419737,0.428147,0.434593,0.440334,0.427090,0.426586,0.425831,0.431572,0.440032,0.424320,0.431622,0.451917,0.452219,0.444413,0.445974,0.449751,0.439830,0.438974,0.445219,0.455190,0.430011,0.435953,0.435600,0.434694,0.439377,0.446478,0.454837,0.453226,0.458413,0.460981,0.433133,0.456197,0.471103,0.387307,0.605409,0.989644,1.019808,0.973428,1.008478,0.993723,0.956155,0.950918,0.905142,0.889330,0.874021,0.796116,0.983500,1.314153,1.301413,1.217314,1.222552,1.218674,1.163531,1.120626,1.094893,1.105468,1.085526,1.096051,1.075555,1.044182,1.029427,0.978414,0.962752,0.991960,0.821195,0.542612,0.532641,0.584158,0.557065,0.549864,0.514462,0.492808,0.496987,0.524433,0.543065,0.475333,0.611150,0.904186,0.923775,0.890387,0.922063,0.937976,0.981536,0.979723,0.987579,1.002989,1.033355,1.115288,0.980982,0.730600,0.745405,0.810620,0.819936,0.858007,0.894617,0.906049,0.948853,0.977709,1.005406,1.028621,1.051585,1.087692,1.101792,1.115842,1.119468,1.114885,1.188459,1.302118,1.299348,1.256443,1.274622,1.283787,1.279205,1.273162,1.268327,1.292147,1.287514,1.275327,1.271601,1.277341,1.298442,1.288118,1.299751,1.314204,1.178035,0.958673,0.926444,0.943062,0.943364,1.017744,0.813037,0.444917,0.412133,0.448442,0.423565,0.422457,0.432277,0.445320,0.434241,0.425982,0.439277,0.438723,0.416917,0.389422
0.411945,0.426078,0.429937,0.430438,0.424424,0.428082,0.440711,0.434497,0.435099,0.416756,0.429536,0.451586,0.450033,0.442265,0.443317,0.451085,0.430789,0.421568,0.448179,0.452990,0.427932,0.426529,0.440912,0.439459,0.452990,0.471482,0.454694,0.453290,0.456197,0.458753,0.428584,0.450233,0.460357,0.386487,0.602633,0.974036,1.036328,0.992378,1.003603,0.988920,0.951534,0.946322,0.910891,0.896708,0.874407,0.799284,1.006710,1.319178,1.306298,1.211430,1.233932,1.212783,1.156655,1.115210,1.104635,1.113606,1.096416,1.110749,1.072111,1.039135,1.024451,0.982505,0.957097,0.989571,0.833162,0.553320,0.533976,0.584942,0.564846,0.547206,0.530417,0.520996,0.513328,0.534978,0.540440,0.483810,0.631349,0.901168,0.939757,0.916954,0.927880,0.933442,0.976792,0.981853,0.982806,0.998141,1.028360,1.119068,0.994132,0.730477,0.741803,0.816674,0.828050,0.853860,0.899414,0.943766,0.966969,0.972983,1.000546,1.029212,1.052165,1.074215,1.094011,1.107943,1.114057,1.094011,1.175799,1.288658,1.300234,1.251472,1.261144,1.264252,1.275427,1.267008,1.269714,1.293920,1.281291,1.272921,1.265454,1.271167,1.281441,1.279386,1.299031,1.307852,1.172341,0.954040,0.940158,0.930586,0.928180,1.004004,0.811061,0.454142,0.410141,0.446274,0.409440,0.419262,0.430187,0.437304,0.414952,0.402373,0.437153,0.436602,0.433896,0.399216
0.404932,0.422033,0.437524,0.439787,0.425956,0.420574,0.426559,0.449947,0.441296,0.424246,0.431086,0.452109,0.434707,0.430533,0.444917,0.452713,0.436065,0.408754,0.433902,0.439083,0.432393,0.423038,0.442503,0.456234,0.458346,0.443408,0.456334,0.449494,0.455530,0.460408,0.430130,0.451858,0.448086,0.381494,0.625127,1.004257,1.049574,0.998373,0.993343,0.991231,0.954967,0.955370,0.914177,0.899944,0.877562,0.817660,1.015222,1.339379,1.320920,1.228024,1.238384,1.218970,1.175163,1.133920,1.123056,1.131858,1.124615,1.113902,1.070849,1.047411,1.034938,1.011651,0.966083,0.993142,0.836169,0.580213,0.548175,0.595956,0.581923,0.565376,0.558737,0.527654,0.524938,0.540530,0.550538,0.497879,0.646855,0.908494,0.931027,0.917396,0.944757,0.936811,0.956124,0.972269,0.985748,1.001743,1.045500,1.123106,1.005364,0.768470,0.760825,0.830837,0.853018,0.871677,0.915385,0.967592,0.970458,0.994751,1.018038,1.049624,1.051385,1.078092,1.097958,1.109476,1.122503,1.116216,1.185574,1.289485,1.304926,1.255988,1.253775,1.281287,1.288479,1.266902,1.274296,1.297683,1.285914,1.276257,1.261772,1.281387,1.286065,1.276760,1.290843,1.312571,1.184316,0.995958,0.946015,0.933944,0.917899,1.010595,0.818816,0.434908,0.411621,0.447885,0.409509,0.420775,0.428873,0.416802,0.433701,0.420976,0.435361,0.451959,0.438932,0.388938
0.403311,0.420343,0.423199,0.430262,0.411376,0.418891,0.424852,0.448146,0.439530,0.443838,0.444188,0.450300,0.437526,0.428809,0.440131,0.447394,0.434320,0.407118,0.419592,0.437325,0.430663,0.421345,0.446843,0.454458,0.447344,0.431915,0.459517,0.453105,0.453706,0.458966,0.442786,0.457013,0.420894,0.378815,0.621172,1.000238,1.057696,0.994577,1.003644,0.987263,0.967777,0.958108,0.922641,0.911170,0.884019,0.814387,1.011159,1.334769,1.324901,1.241844,1.240291,1.213991,1.174767,1.160440,1.129532,1.128230,1.129883,1.133339,1.089607,1.047878,1.044371,1.012311,0.956706,0.989167,0.832822,0.577891,0.552593,0.593570,0.579594,0.563113,0.556500,0.520783,0.514922,0.533808,0.531904,0.488071,0.644266,0.903555,0.939373,0.933211,0.937069,0.944934,0.964971,0.961966,0.976794,1.004797,1.049381,1.125925,1.004045,0.770354,0.771105,0.841388,0.857068,0.868189,0.911721,0.963719,0.968378,1.001941,1.023382,1.045423,1.047177,1.064008,1.091911,1.107390,1.116608,1.093013,1.173365,1.279515,1.304262,1.257423,1.240341,1.278663,1.283322,1.255319,1.269196,1.285426,1.272452,1.284024,1.267693,1.276259,1.279114,1.275558,1.285677,1.301607,1.171862,0.970382,0.933412,0.930206,0.914226,1.023732,0.815539,0.412629,0.409723,0.448797,0.407870,0.419091,0.427858,0.441433,0.450150,0.451101,0.431965,0.439029,0.437175,0.426405
0.415029,0.419027,0.423674,0.420476,0.409432,0.429271,0.440665,0.452209,0.449461,0.442764,0.443114,0.449211,0.448761,0.440765,0.453758,0.446312,0.437117,0.410082,0.431120,0.441515,0.436368,0.420326,0.445763,0.444613,0.460455,0.428422,0.453408,0.452009,0.452609,0.454558,0.438316,0.455907,0.419876,0.379048,0.625167,0.997818,1.055138,0.992171,1.001217,0.984875,0.966785,0.959039,0.934252,0.920560,0.891775,0.812417,1.000817,1.328042,1.334239,1.249284,1.248535,1.227196,1.195513,1.169627,1.141742,1.127899,1.130148,1.130598,1.086971,1.045393,1.070580,1.009862,0.953092,0.986774,0.838503,0.583489,0.551256,0.592135,0.560551,0.567048,0.555154,0.519523,0.513676,0.532516,0.530617,0.495036,0.653152,0.914013,0.952243,0.930954,0.934802,0.957640,0.962637,0.944397,0.974431,1.016608,1.046842,1.123202,0.987574,0.741355,0.756897,0.831607,0.839753,0.866089,0.909515,0.946346,0.966035,1.006614,1.024154,1.048292,1.065083,1.094367,1.093367,1.107160,1.113907,1.073978,1.160432,1.276420,1.301107,1.246536,1.237341,1.262627,1.268274,1.239390,1.273771,1.293611,1.268674,1.276170,1.273122,1.273172,1.294111,1.272472,1.279019,1.296809,1.174074,0.968034,0.931154,0.914363,0.912014,1.017558,0.815266,0.430771,0.396189,0.421126,0.398538,0.409482,0.419776,0.417128,0.434319,0.418277,0.406883,0.425573,0.436118,0.426773
0.344377,0.322164,0.303527,0.325841,0.339642,0.353847,0.335109,0.327403,0.329065,0.338434,0.339088,0.341355,0.330475,0.352839,0.346896,0.340499,0.344125,0.361704,0.357826,0.333245,0.327201,0.337376,0.357977,0.334404,0.366641,0.354602,0.334354,0.346946,0.382809,0.376463,0.351782,0.369763,0.353091,0.336721,0.512360,0.781989,0.806921,0.762495,0.788184,0.781334,0.774232,0.752573,0.729000,0.718825,0.697015,0.625037,0.744916,0.955260,0.929773,0.885448,0.893910,0.829286,0.823846,0.886304,0.857392,0.814477,0.778614,0.756552,0.748342,0.739678,0.718321,0.689006,0.692079,0.707996,0.552102,0.303578,0.275421,0.287560,0.245854,0.231146,0.247919,0.276026,0.293051,0.269578,0.229131,0.210243,0.365482,0.611941,0.643220,0.604939,0.634053,0.637125,0.673643,0.704671,0.735044,0.750860,0.769497,0.827623,0.705074,0.463703,0.464408,0.553915,0.566054,0.591188,0.605947,0.624735,0.645537,0.696461,0.715047,0.764964,0.781283,0.745571,0.747989,0.790400,0.796948,0.745974,0.878547,1.124149,1.161423,1.124855,1.127323,1.130849,1.105664,1.112716,1.120976,1.126668,1.122437,1.116292,1.122840,1.132158,1.145053,1.132712,1.151399,1.173159,1.008853,0.768489,0.762596,0.810397,0.813873,0.824400,0.635866,0.306197,0.277285,0.321862,0.319142,0.307809,0.320754,0.328007,0.325035,0.310579,0.307355,0.306953,0.363266,0.424364
0.346105,0.324337,0.305050,0.327476,0.341549,0.355622,0.342966,0.329045,0.343624,0.327881,0.334917,0.343067,0.338613,0.343219,0.348636,0.342207,0.345852,0.368176,0.359621,0.334360,0.328842,0.339321,0.357647,0.344991,0.368480,0.364936,0.348130,0.349749,0.378807,0.371466,0.353546,0.373036,0.363721,0.341701,0.510830,0.785911,0.815829,0.784241,0.785557,0.807679,0.788847,0.757006,0.747540,0.728809,0.716204,0.632728,0.749159,0.967190,0.945118,0.889889,0.906494,0.849088,0.850151,0.897736,0.880170,0.834002,0.793555,0.775230,0.777812,0.760651,0.724203,0.692462,0.701726,0.715749,0.583017,0.334360,0.276803,0.305455,0.272550,0.251087,0.254276,0.304291,0.295128,0.280599,0.238634,0.231749,0.384679,0.623970,0.663203,0.632728,0.666240,0.676061,0.709522,0.724253,0.738731,0.759436,0.789252,0.831775,0.710940,0.515942,0.517664,0.565552,0.575069,0.593040,0.621136,0.633791,0.660621,0.698740,0.718634,0.767991,0.774319,0.748653,0.754981,0.794365,0.791480,0.741110,0.873538,1.135306,1.176159,1.121183,1.120930,1.139356,1.140774,1.132370,1.109033,1.121942,1.156061,1.140166,1.128472,1.137837,1.150797,1.138394,1.145532,1.195294,1.034770,0.761056,0.766422,0.814462,0.813753,0.829041,0.639056,0.307733,0.265008,0.310467,0.320389,0.302569,0.316035,0.334360,0.340435,0.318920,0.308897,0.318111,0.365088,0.426493
0.404110,0.417039,0.424857,0.429768,0.422050,0.441244,0.441895,0.453722,0.452369,0.448610,0.447107,0.449212,0.449562,0.455927,0.462040,0.450615,0.426460,0.402807,0.443048,0.455576,0.442998,0.436834,0.446856,0.445854,0.461740,0.437836,0.454674,0.460286,0.460086,0.438036,0.445303,0.462441,0.398497,0.372789,0.626912,0.984417,1.058083,0.985720,0.990029,0.979355,0.976549,0.962918,0.932049,0.923129,0.910701,0.811878,1.003610,1.319872,1.337963,1.259536,1.258133,1.249413,1.222002,1.189930,1.144928,1.131047,1.132851,1.109849,1.060388,1.048311,1.044753,1.008020,0.969633,1.003259,0.841044,0.589828,0.552594,0.593236,0.578052,0.576248,0.549337,0.517265,0.523028,0.534002,0.532098,0.502331,0.665950,0.912254,0.964221,0.954850,0.943224,0.957055,0.965324,0.962317,0.996895,1.018493,1.039040,1.126336,1.004412,0.771587,0.784667,0.849964,0.857932,0.890656,0.912054,0.934905,0.958358,1.009423,1.036133,1.057732,1.075422,1.099125,1.106542,1.110250,1.121175,1.095717,1.163670,1.271363,1.292661,1.263896,1.252671,1.279130,1.283791,1.241897,1.279030,1.298674,1.269709,1.278178,1.280032,1.280483,1.297722,1.276023,1.273768,1.300428,1.175798,0.960413,0.933753,0.916915,0.924382,1.027113,0.828315,0.418843,0.383213,0.422301,0.399650,0.410625,0.415736,0.386320,0.443799,0.437084,0.390179,0.404611,0.434128,0.418392
0.420835,0.426702,0.425148,0.420233,0.422340,0.452478,0.453481,0.452328,0.438838,0.440994,0.465617,0.448667,0.437534,0.456239,0.462357,0.456339,0.426753,0.408098,0.456339,0.470080,0.443301,0.437133,0.447163,0.441345,0.456189,0.435528,0.441245,0.457443,0.446059,0.438337,0.464162,0.467974,0.398770,0.373045,0.608536,0.985844,1.037445,0.982534,0.991460,0.994519,0.978121,0.963578,0.947381,0.942918,0.919750,0.822865,0.993316,1.307337,1.331508,1.278302,1.267019,1.246509,1.221184,1.204435,1.154489,1.129716,1.133627,1.089247,1.053191,1.041357,1.035439,1.008711,0.970298,1.012071,0.847588,0.590232,0.552973,0.598156,0.579050,0.586120,0.549714,0.506336,0.515463,0.534369,0.544899,0.505283,0.666406,0.901496,0.958764,0.947030,0.939107,0.957711,0.966036,0.962977,1.006404,1.030826,1.051436,1.129816,1.021047,0.789568,0.785205,0.850547,0.870605,0.891266,0.912679,0.939458,0.958213,1.004498,1.034637,1.056702,1.076159,1.099878,1.120389,1.119336,1.121943,1.096719,1.175099,1.272234,1.293196,1.264762,1.255535,1.280007,1.272686,1.242748,1.281712,1.299565,1.270579,1.287128,1.292143,1.281411,1.289936,1.272987,1.278753,1.301320,1.178459,0.962124,0.934393,0.917543,0.944171,1.021097,0.818101,0.417826,0.378762,0.422590,0.399924,0.399272,0.398620,0.386585,0.408298,0.410555,0.390446,0.404888,0.429310,0.438086
0.419383,0.425230,0.434975,0.430077,0.420882,0.457663,0.463110,0.456864,0.426179,0.439473,0.464010,0.447119,0.436024,0.445869,0.457763,0.450567,0.437624,0.422581,0.454765,0.454315,0.441771,0.440772,0.457713,0.439822,0.445170,0.428428,0.420183,0.449018,0.438473,0.454565,0.469857,0.466359,0.404041,0.374156,0.625176,0.982442,1.019872,0.979143,0.988638,0.991087,0.973996,0.962302,0.951458,0.952607,0.917725,0.818077,0.989888,1.315419,1.326913,1.274540,1.278888,1.250503,1.216970,1.200279,1.170244,1.126817,1.117622,1.081890,1.049557,1.037763,1.037463,1.007329,0.986989,1.022471,0.867151,0.597241,0.559161,0.607286,0.577051,0.581899,0.558061,0.504589,0.505538,0.521180,0.539621,0.503539,0.670853,0.909729,0.955456,0.940913,0.951358,0.957405,0.962702,0.944411,0.995985,1.027268,1.044510,1.125118,1.001632,0.763705,0.770651,0.847611,0.867601,0.888890,0.912178,0.932218,0.942912,0.995685,1.031866,1.063899,1.084839,1.112724,1.116522,1.113724,1.113324,1.115973,1.193582,1.282436,1.274590,1.258999,1.251203,1.284086,1.268294,1.238459,1.277289,1.295080,1.266195,1.282686,1.281137,1.276989,1.285485,1.262197,1.274341,1.300927,1.174392,0.954856,0.913927,0.924372,0.944911,1.021621,0.807982,0.415085,0.371158,0.426179,0.415235,0.397894,0.396395,0.392197,0.442571,0.435225,0.389099,0.403491,0.424280,0.410038
0.420813,0.426679,0.425125,0.430139,0.433198,0.459223,0.475219,0.464940,0.427632,0.440770,0.454359,0.442926,0.437511,0.447389,0.445183,0.441171,0.441071,0.437761,0.456315,0.455864,0.443277,0.451300,0.447138,0.430892,0.432546,0.422568,0.421615,0.468851,0.440218,0.440720,0.464137,0.467948,0.405418,0.367359,0.610008,0.985790,1.023349,0.975511,0.992008,0.999530,0.984437,0.971299,0.940059,0.942867,0.919700,0.820865,0.993262,1.315691,1.339610,1.287259,1.283248,1.246442,1.213246,1.204370,1.174233,1.123236,1.109397,1.083221,1.054940,1.041300,1.041000,1.012367,0.990354,1.046064,0.894979,0.599277,0.561067,0.604993,0.579018,0.583882,0.559963,0.506309,0.507262,0.527670,0.541460,0.505256,0.673140,0.920101,0.964830,0.962072,0.954601,0.963927,0.973856,0.984988,1.026006,1.033578,1.039696,1.128953,1.015877,0.766308,0.773278,0.850501,0.873066,0.889463,0.908969,0.935395,0.958161,0.999079,1.035383,1.080864,1.092949,1.100521,1.120328,1.127699,1.115063,1.089138,1.175036,1.296686,1.278133,1.257824,1.255468,1.282546,1.273770,1.254364,1.281492,1.297388,1.270511,1.287059,1.285504,1.277230,1.279888,1.259078,1.278684,1.305361,1.176540,0.958111,0.927523,0.937150,0.948132,1.025104,0.801509,0.421765,0.378741,0.433198,0.424674,0.409430,0.409229,0.407625,0.430791,0.415949,0.387918,0.404867,0.425727,0.411436
0.421980,0.427863,0.419969,0.431835,0.448882,0.462106,0.474275,0.466229,0.450189,0.439831,0.448228,0.449887,0.454664,0.449837,0.433042,0.442395,0.454413,0.457832,0.470252,0.471358,0.444507,0.452552,0.456726,0.432087,0.446166,0.434651,0.422784,0.483225,0.455821,0.446971,0.452049,0.463564,0.402068,0.383865,0.611700,0.988525,1.022969,0.965193,0.990587,0.992849,0.988475,0.982290,0.968412,0.966752,0.923408,0.823142,0.996017,1.319341,1.350416,1.290830,1.288718,1.258246,1.224506,1.204493,1.166579,1.115642,1.112474,1.086226,1.057866,1.048463,1.043887,1.015175,1.004918,1.057916,0.896707,0.620701,0.589072,0.606672,0.580625,0.596162,0.572529,0.531598,0.528028,0.556237,0.550102,0.506657,0.675007,0.919637,0.965344,0.964741,0.984754,0.963333,0.976558,1.037904,1.049117,1.045195,1.047357,1.143047,1.042278,0.800163,0.791313,0.857486,0.865531,0.891930,0.911491,0.935074,0.972635,1.009896,1.046603,1.083863,1.095981,1.120067,1.123436,1.130828,1.118156,1.106943,1.187648,1.306921,1.281678,1.262721,1.289372,1.295406,1.277706,1.257844,1.282584,1.300987,1.278159,1.290478,1.288718,1.278159,1.261414,1.258548,1.275644,1.308982,1.179804,0.960769,0.918128,0.929392,0.946739,1.022416,0.809968,0.426606,0.377781,0.429372,0.426656,0.430981,0.410364,0.408755,0.431986,0.417102,0.388994,0.415393,0.430478,0.412577
0.332445,0.322919,0.303716,0.319290,0.332898,0.354067,0.341466,0.327606,0.342122,0.324481,0.333453,0.341567,0.335771,0.335368,0.343987,0.340710,0.344339,0.361022,0.362131,0.342726,0.327405,0.337838,0.356083,0.345448,0.379217,0.363340,0.353865,0.336779,0.361576,0.369842,0.355982,0.377402,0.368280,0.345045,0.512679,0.782475,0.812262,0.780812,0.782122,0.804147,0.793311,0.768262,0.756922,0.748001,0.722951,0.643015,0.746539,0.972436,0.944715,0.913064,0.922337,0.856111,0.857421,0.905151,0.893307,0.846030,0.806516,0.782626,0.782475,0.773705,0.748152,0.717206,0.708486,0.720078,0.580468,0.332898,0.275592,0.320500,0.304170,0.282145,0.275693,0.320449,0.296156,0.288747,0.262387,0.251148,0.406988,0.651533,0.672046,0.652642,0.677540,0.709192,0.728193,0.728294,0.736509,0.756115,0.783180,0.855707,0.740138,0.519331,0.548917,0.580871,0.575579,0.590246,0.628046,0.642511,0.669879,0.695684,0.703144,0.774663,0.772445,0.745380,0.737316,0.780812,0.799662,0.737820,0.864276,1.130342,1.171016,1.116280,1.127772,1.134374,1.135786,1.125201,1.099245,1.108267,1.151007,1.135181,1.135584,1.132862,1.145765,1.131955,1.132056,1.202668,1.042443,0.769723,0.760349,0.792857,0.810195,0.825416,0.638126,0.314956,0.266923,0.316316,0.315560,0.296005,0.318836,0.355377,0.351698,0.317526,0.317627,0.331537,0.363492,0.405274
0.335727,0.326797,0.328966,0.319632,0.333255,0.359290,0.341832,0.324173,0.342488,0.324829,0.333810,0.332296,0.336131,0.335727,0.347483,0.347534,0.344708,0.361409,0.353841,0.344961,0.345970,0.352731,0.356464,0.345818,0.365647,0.363730,0.358584,0.325788,0.344002,0.385829,0.356363,0.370794,0.368675,0.342135,0.510554,0.769237,0.808289,0.757935,0.765099,0.802638,0.794161,0.783919,0.764948,0.769590,0.723726,0.670900,0.781497,0.976354,0.969946,0.942751,0.910157,0.860812,0.873577,0.906121,0.911318,0.865959,0.823778,0.813385,0.804555,0.774534,0.758036,0.732253,0.709246,0.735835,0.578164,0.299148,0.258834,0.322508,0.312468,0.282447,0.275989,0.321650,0.310702,0.302023,0.301670,0.278411,0.418675,0.663887,0.672767,0.656116,0.678266,0.709952,0.728973,0.729478,0.755967,0.756926,0.784020,0.868683,0.746784,0.519888,0.552078,0.590626,0.576196,0.586489,0.636843,0.675138,0.692848,0.702283,0.703897,0.775493,0.774635,0.746179,0.755462,0.797088,0.792849,0.739670,0.871862,1.127164,1.173532,1.111674,1.117225,1.121009,1.111523,1.112381,1.102441,1.118234,1.135641,1.123632,1.122320,1.134076,1.146640,1.133168,1.135943,1.203957,1.043560,0.775745,0.761164,0.793707,0.784524,0.826957,0.651576,0.314183,0.262315,0.316655,0.316555,0.296322,0.323416,0.355758,0.352075,0.317866,0.318472,0.331893,0.358836,0.405708
0.403650,0.414950,0.428900,0.451150,0.446350,0.459500,0.483900,0.470850,0.415050,0.442150,0.453050,0.447350,0.426750,0.432650,0.428500,0.440750,0.451850,0.449050,0.455000,0.450300,0.441450,0.450000,0.447750,0.426300,0.443650,0.440400,0.427250,0.455100,0.440500,0.448400,0.454300,0.452150,0.399800,0.380800,0.603350,0.979850,1.020400,0.963050,0.975150,0.986850,0.996450,0.976750,0.937350,0.936750,0.918200,0.814550,0.983050,1.326400,1.342800,1.283550,1.272300,1.242850,1.211150,1.196350,1.144900,1.098200,1.091900,1.080100,1.055650,1.033900,1.023050,1.016600,0.999250,1.051950,0.891650,0.620250,0.585750,0.603250,0.577350,0.592800,0.569300,0.546950,0.553100,0.580500,0.554850,0.527250,0.677750,0.914450,0.963650,0.967000,0.990900,0.957900,0.975000,1.046650,1.049100,1.042000,1.053100,1.153900,1.038850,0.802200,0.808850,0.861700,0.877750,0.893150,0.916950,0.929800,0.971200,0.983100,1.032400,1.055950,1.089800,1.115200,1.104250,1.099950,1.116350,1.116550,1.192550,1.292950,1.286150,1.278850,1.279550,1.288100,1.280150,1.257100,1.279950,1.290550,1.268600,1.283200,1.272900,1.263350,1.254300,1.251450,1.241000,1.287200,1.175000,0.958800,0.929650,0.934450,0.943500,1.013700,0.801200,0.424200,0.375650,0.434250,0.424250,0.431200,0.423900,0.407750,0.429550,0.425800,0.392150,0.413500,0.428050,0.404650
0.412598,0.415956,0.429940,0.453347,0.447432,0.450239,0.472743,0.461216,0.421870,0.436355,0.446781,0.444275,0.410693,0.418312,0.429539,0.441819,0.463822,0.471591,0.443423,0.439814,0.453948,0.462419,0.452444,0.443072,0.444726,0.452244,0.463922,0.464824,0.441568,0.467982,0.444475,0.453096,0.408789,0.385132,0.618346,1.000169,1.022874,0.946991,0.974557,0.989995,0.998866,0.987689,0.973004,0.965485,0.914261,0.819031,0.992701,1.331972,1.347760,1.286662,1.272879,1.254184,1.216693,1.199652,1.159855,1.112040,1.108882,1.099309,1.061468,1.036407,1.040517,1.023125,1.013702,1.057007,0.901631,0.637843,0.612532,0.609073,0.592182,0.604262,0.574740,0.556947,0.543465,0.558000,0.556195,0.489534,0.651025,0.914512,0.959872,0.961626,0.989042,0.956012,0.966538,1.042371,1.045729,1.044527,1.055653,1.156698,1.048336,0.814971,0.802992,0.863789,0.879878,0.890303,0.909149,0.941578,0.992350,0.988591,1.016910,1.033650,1.098758,1.126775,1.113092,1.092442,1.106927,1.103369,1.183813,1.302701,1.305608,1.286111,1.271475,1.291223,1.283254,1.264559,1.278743,1.294130,1.285309,1.288817,1.275986,1.261852,1.257341,1.254484,1.243357,1.301999,1.180355,0.961125,0.940926,0.940675,0.940876,0.992852,0.776629,0.421570,0.394003,0.439212,0.424527,0.424978,0.424076,0.408739,0.430291,0.424828,0.393101,0.414503,0.420016,0.411245
0.411216,0.424854,0.428500,0.451828,0.434844,0.444385,0.465765,0.459671,0.437492,0.428550,0.445285,0.450130,0.418010,0.413964,0.423405,0.428500,0.451429,0.473358,0.433146,0.429649,0.459571,0.473009,0.462518,0.462568,0.455925,0.454826,0.463867,0.464666,0.445884,0.450330,0.439390,0.451579,0.407420,0.396980,0.620221,0.991675,1.029639,0.959854,0.971294,0.986679,1.001366,0.993523,0.969845,0.952611,0.903757,0.813541,0.988727,1.327511,1.344396,1.272762,1.259725,1.239094,1.217514,1.195634,1.155422,1.098775,1.090333,1.095528,1.057913,1.016851,1.022096,1.015652,1.011556,1.047223,0.890819,0.619672,0.585204,0.602788,0.592797,0.605185,0.572016,0.555082,0.543693,0.570518,0.550836,0.488894,0.668376,0.924937,0.964100,0.964700,0.989976,0.957806,0.968596,1.038881,1.040729,1.047672,1.069252,1.143283,1.039130,0.838468,0.806448,0.860897,0.871337,0.894216,0.916095,0.943270,0.989027,0.993773,1.021897,1.026043,1.080392,1.114160,1.089533,1.078893,1.083489,1.092281,1.158619,1.291745,1.291395,1.281804,1.260624,1.282503,1.283952,1.265419,1.273662,1.289797,1.281005,1.284502,1.271713,1.253031,1.276459,1.258925,1.239194,1.288698,1.177302,0.966798,0.934378,0.937525,0.937725,1.002615,0.787116,0.433346,0.393483,0.428400,0.409118,0.423555,0.436193,0.419359,0.440439,0.429549,0.391784,0.413115,0.416012,0.414313
0.439543,0.448444,0.422441,0.429442,0.426942,0.442893,0.444844,0.443744,0.447394,0.428992,0.442293,0.437993,0.403440,0.401889,0.421491,0.434593,0.449544,0.470496,0.433593,0.438793,0.460045,0.473496,0.458395,0.464996,0.463696,0.460395,0.475397,0.465146,0.446994,0.450794,0.439843,0.452044,0.423442,0.397389,0.617611,0.992697,1.030901,0.960844,0.966645,0.987697,1.002398,0.994548,0.953744,0.934042,0.895988,0.814380,0.989747,1.323580,1.345782,1.274075,1.261024,1.244572,1.235921,1.208319,1.156614,1.099908,1.092857,1.095758,1.059004,1.026551,1.036552,1.031901,1.012599,1.023450,0.871386,0.622311,0.604559,0.621761,0.618211,0.614910,0.581007,0.567456,0.560155,0.583707,0.572156,0.518651,0.674666,0.936142,0.972595,0.968295,0.992847,0.963495,0.996298,1.059454,1.041802,1.048753,1.085507,1.144462,1.040202,0.839332,0.807279,0.856034,0.874786,0.898788,0.916690,0.944243,0.990047,1.012249,1.031251,1.027101,1.070655,1.104358,1.090657,1.083356,1.089957,1.075156,1.147963,1.291527,1.302578,1.283126,1.272625,1.278776,1.280276,1.266724,1.276225,1.291127,1.282326,1.286276,1.275125,1.254323,1.277775,1.250223,1.227821,1.290027,1.178516,0.967795,0.935942,0.936442,0.909189,0.998248,0.795528,0.436643,0.393889,0.428842,0.397239,0.420041,0.436643,0.424992,0.429292,0.423842,0.392189,0.422942,0.432142,0.414691
0.440734,0.449659,0.431408,0.429653,0.428099,0.447904,0.433063,0.432812,0.435670,0.421681,0.443141,0.451815,0.414811,0.407491,0.425592,0.436021,0.445999,0.458835,0.444645,0.439982,0.455225,0.474779,0.459637,0.466256,0.464952,0.464601,0.472022,0.453771,0.448205,0.452016,0.438177,0.444344,0.430957,0.408293,0.627306,0.992128,1.037806,0.988418,0.975582,0.982401,0.996741,0.989771,0.973476,0.956177,0.896209,0.809717,0.992429,1.332832,1.350531,1.282792,1.268853,1.248997,1.239270,1.211592,1.157240,1.116426,1.130566,1.121039,1.074007,1.061673,1.072302,1.051243,1.025471,1.026223,0.873746,0.621440,0.606197,0.653630,0.630515,0.625451,0.582581,0.568993,0.561673,0.585289,0.552898,0.506167,0.676494,0.948406,1.000752,0.984607,0.995537,0.990724,1.010178,1.046179,1.044625,1.051594,1.088448,1.140543,1.041767,0.835840,0.812525,0.858454,0.859406,0.906288,0.940233,0.950963,0.992730,1.014992,1.034045,1.029884,1.079874,1.127206,1.093612,1.086292,1.092910,1.096370,1.162956,1.283494,1.306107,1.286602,1.276073,1.286051,1.293973,1.281588,1.278430,1.291266,1.275722,1.289761,1.286302,1.256669,1.273215,1.254763,1.231649,1.307260,1.181709,0.951765,0.937425,0.945096,0.935519,1.005265,0.797683,0.437826,0.377958,0.407090,0.398315,0.419775,0.431458,0.414109,0.417218,0.431157,0.413357,0.424087,0.437375,0.427848
0.343218,0.326435,0.312323,0.334398,0.348459,0.354457,0.335305,0.343167,0.362117,0.324469,0.333440,0.344881,0.327745,0.332382,0.360807,0.347149,0.334549,0.353701,0.360454,0.340446,0.322554,0.352340,0.356069,0.354255,0.378850,0.363327,0.358186,0.333944,0.350828,0.385402,0.360605,0.370383,0.362319,0.329660,0.510391,0.768384,0.814751,0.769745,0.782093,0.801748,0.793281,0.803411,0.772315,0.773172,0.730182,0.684772,0.797414,0.978447,0.987166,0.943823,0.919480,0.868124,0.893223,0.927494,0.914894,0.881328,0.842420,0.830627,0.816566,0.783453,0.786276,0.755936,0.721614,0.738901,0.579488,0.332886,0.275582,0.327846,0.312121,0.299774,0.297858,0.321294,0.339085,0.328299,0.301336,0.278152,0.436859,0.676204,0.689157,0.657809,0.663302,0.713600,0.750190,0.755885,0.755784,0.759413,0.800136,0.843227,0.714810,0.516288,0.559178,0.589971,0.575557,0.590223,0.649694,0.704025,0.692080,0.701505,0.727914,0.786528,0.787989,0.756490,0.763495,0.780077,0.783806,0.741824,0.870896,1.118506,1.147990,1.110443,1.116339,1.116944,1.111753,1.114626,1.101220,1.116742,1.141236,1.122387,1.121077,1.132820,1.145369,1.131913,1.134684,1.202622,1.030207,0.774886,0.774583,0.813844,0.778615,0.824478,0.650853,0.316809,0.262025,0.319530,0.334297,0.306527,0.323058,0.365343,0.355313,0.328602,0.318119,0.332583,0.358438,0.405259
0.333828,0.323393,0.330517,0.336888,0.338745,0.341604,0.339899,0.364582,0.367492,0.326554,0.325099,0.329062,0.307188,0.317674,0.359164,0.345568,0.340451,0.350886,0.340300,0.338895,0.353043,0.355903,0.355150,0.347374,0.363579,0.360217,0.356555,0.332423,0.342056,0.359716,0.358963,0.368696,0.360669,0.342357,0.509622,0.764885,0.808181,0.766239,0.774267,0.775420,0.781792,0.786909,0.783648,0.772260,0.741957,0.681654,0.793783,0.985129,0.993708,0.939525,0.915293,0.864170,0.883887,0.923270,0.910728,0.878569,0.854588,0.830456,0.812847,0.770153,0.791475,0.760119,0.736790,0.746974,0.586382,0.338243,0.284863,0.331470,0.331320,0.315416,0.319078,0.338293,0.357458,0.347424,0.322691,0.294144,0.436074,0.673125,0.702976,0.661536,0.679045,0.725803,0.754500,0.772711,0.768698,0.768497,0.801408,0.858852,0.740854,0.519004,0.561498,0.603239,0.572936,0.587536,0.649495,0.710351,0.714414,0.713411,0.757761,0.771106,0.770253,0.755804,0.770303,0.778079,0.778130,0.735486,0.866930,1.119132,1.142160,1.105386,1.122945,1.111155,1.095753,1.106088,1.103529,1.116925,1.136039,1.117276,1.115971,1.125704,1.140153,1.125754,1.117426,1.180038,1.024863,0.771357,0.771056,0.810138,0.781842,0.813198,0.629979,0.322941,0.260831,0.315416,0.320583,0.300716,0.318928,0.343059,0.353695,0.327105,0.330617,0.339397,0.356806,0.367793
0.411832,0.424557,0.431070,0.419848,0.418445,0.437734,0.430670,0.420950,0.424808,0.421351,0.446452,0.447103,0.414487,0.407172,0.431722,0.451211,0.445650,0.452163,0.441341,0.430920,0.447103,0.457424,0.452263,0.454768,0.464588,0.460079,0.452313,0.440590,0.446752,0.451662,0.442944,0.452915,0.454869,0.407974,0.626816,0.991352,1.036994,0.987644,0.998516,0.981181,0.979328,0.988997,0.961441,0.939898,0.895508,0.811589,1.008537,1.340206,1.349475,1.281538,1.267610,1.227629,1.221116,1.205635,1.156335,1.127827,1.113498,1.126926,1.088999,1.055331,1.054379,1.035190,1.025471,1.026974,0.865548,0.620954,0.615693,0.657878,0.629170,0.626014,0.587937,0.568548,0.584530,0.594300,0.564490,0.505771,0.677418,0.957584,1.030230,0.997364,0.993757,1.005029,1.017104,1.062045,1.057936,1.046664,1.071714,1.139651,1.042205,0.833734,0.811889,0.859435,0.880779,0.909837,0.951571,0.962794,0.990500,1.012294,1.034689,1.045912,1.096013,1.129681,1.093608,1.085442,1.082336,1.093308,1.160042,1.282490,1.307841,1.295817,1.275075,1.279534,1.292961,1.280586,1.277429,1.270916,1.265205,1.283642,1.287149,1.255686,1.286598,1.266157,1.242158,1.306238,1.180784,0.936942,0.936691,0.946812,0.944307,1.004478,0.789294,0.420499,0.373855,0.395198,0.379166,0.405519,0.411932,0.405719,0.416892,0.433225,0.433576,0.426211,0.415739,0.411230
0.413805,0.426239,0.433136,0.421859,0.420450,0.434696,0.421155,0.415969,0.426843,0.423370,0.443405,0.449245,0.417178,0.408771,0.431827,0.449396,0.447785,0.454329,0.443456,0.438472,0.457048,0.446980,0.455588,0.465606,0.443506,0.454178,0.460672,0.451863,0.434948,0.453826,0.439932,0.457652,0.473912,0.413553,0.629819,0.996102,1.045587,1.006371,1.005968,0.985882,0.984020,1.003401,0.966048,0.944401,0.899799,0.835714,1.037281,1.352568,1.355940,1.287678,1.283802,1.251180,1.244233,1.232453,1.174108,1.135446,1.135094,1.143652,1.106248,1.086464,1.104587,1.069096,1.041006,1.050772,0.895419,0.635960,0.636313,0.671149,0.657708,0.633846,0.600671,0.582045,0.587331,0.598356,0.576004,0.508195,0.680663,0.974555,1.035217,1.002142,1.006774,1.021071,1.026910,1.067133,1.074281,1.066781,1.076849,1.145111,1.048507,0.839842,0.826754,0.863553,0.884998,0.908206,0.949939,0.978331,0.988248,1.017144,1.054145,1.067636,1.098042,1.134187,1.098848,1.090642,1.087521,1.097338,1.159056,1.288634,1.304995,1.291655,1.286369,1.285664,1.284456,1.264672,1.279724,1.272726,1.291504,1.292360,1.297092,1.266333,1.292762,1.272223,1.276099,1.317329,1.181508,0.931967,0.938259,0.956181,0.946012,1.006019,0.785826,0.410986,0.375646,0.397091,0.377005,0.386772,0.404240,0.413050,0.417782,0.437465,0.445016,0.438170,0.417731,0.429562
0.449245,0.443530,0.447011,0.435374,0.441348,0.464104,0.446596,0.429295,0.440517,0.450752,0.462961,0.475274,0.445401,0.426490,0.445661,0.462597,0.462130,0.468884,0.460727,0.457766,0.471689,0.461299,0.469819,0.478807,0.459428,0.468728,0.475430,0.466338,0.448882,0.469403,0.459324,0.479690,0.489302,0.422385,0.649580,1.028012,1.106254,1.057677,1.054352,1.026453,1.035129,1.035545,0.996995,0.974655,0.928624,0.883164,1.099864,1.426186,1.410652,1.341605,1.334280,1.291262,1.284092,1.271935,1.237905,1.215409,1.193849,1.184393,1.141687,1.121269,1.139972,1.103345,1.074355,1.084434,0.924675,0.656334,0.662568,0.692649,0.678778,0.658931,0.654671,0.624901,0.646566,0.638825,0.602561,0.538866,0.714418,1.017309,1.080381,1.036532,1.051183,1.057470,1.069939,1.122724,1.139401,1.123659,1.127815,1.185484,1.082096,0.872046,0.860824,0.916155,0.932572,0.943483,0.996735,1.028843,1.019907,1.058301,1.087915,1.105527,1.135660,1.157429,1.134050,1.125581,1.141895,1.132491,1.194680,1.317655,1.336566,1.331059,1.329604,1.313187,1.325604,1.314641,1.321188,1.313498,1.332877,1.333760,1.346697,1.331474,1.348515,1.337865,1.347268,1.359530,1.219358,0.952990,0.958757,0.986968,0.976318,1.041624,0.818482,0.416099,0.387680,0.409812,0.397395,0.399162,0.420151,0.438907,0.434906,0.457350,0.471430,0.459428,0.451479,0.443323
0.446919,0.442422,0.444696,0.433119,0.435341,0.450071,0.440148,0.427072,0.448004,0.465163,0.481444,0.472813,0.444799,0.442422,0.459943,0.468316,0.469660,0.466455,0.465215,0.471314,0.474001,0.458909,0.467386,0.476327,0.459219,0.474622,0.479945,0.475707,0.447229,0.496743,0.466765,0.477206,0.486767,0.420197,0.649833,1.057936,1.111275,1.068428,1.053336,1.021137,1.019431,1.047393,1.010593,0.976068,0.935288,0.895904,1.109931,1.433065,1.416474,1.338843,1.355382,1.320547,1.283851,1.284109,1.279302,1.257130,1.235474,1.197485,1.159238,1.137169,1.147609,1.108639,1.079075,1.120527,0.952861,0.687253,0.665494,0.693507,0.678777,0.677071,0.677743,0.645130,0.662289,0.661927,0.620528,0.560057,0.725448,1.024289,1.089774,1.058815,1.067705,1.051993,1.084140,1.122749,1.145800,1.133499,1.125902,1.213249,1.105073,0.867529,0.872388,0.930792,0.960614,0.962785,1.004753,1.027442,1.035867,1.059280,1.082280,1.099801,1.129778,1.151434,1.133655,1.140839,1.150814,1.117632,1.188492,1.310830,1.333106,1.324165,1.330419,1.306385,1.318738,1.307832,1.316567,1.339567,1.347423,1.326852,1.339722,1.363859,1.349749,1.330935,1.340290,1.359414,1.220278,0.948054,0.951569,0.981856,0.971261,1.041914,0.821530,0.413944,0.388411,0.435600,0.406501,0.406088,0.417975,0.428725,0.429397,0.459478,0.470952,0.472864,0.468781,0.450123
0.395536,0.404281,0.453174,0.463607,0.442945,0.445349,0.441053,0.432410,0.431898,0.460282,0.495110,0.479819,0.468005,0.474449,0.459617,0.463402,0.468567,0.488053,0.460333,0.466368,0.479256,0.448826,0.456702,0.471329,0.456907,0.479461,0.488360,0.477773,0.473937,0.501452,0.483961,0.497003,0.498281,0.415788,0.650635,1.087698,1.113576,1.068060,1.070719,1.031800,1.040494,1.048063,1.015894,1.000091,0.963371,0.898522,1.101507,1.439763,1.428000,1.340598,1.341160,1.322749,1.294672,1.289711,1.265879,1.237392,1.222510,1.194637,1.212179,1.248951,1.266134,1.220055,1.211361,1.265418,1.036454,0.695487,0.658511,0.695998,0.675490,0.696561,0.672575,0.642963,0.655493,0.669455,0.623683,0.575199,0.749698,1.035073,1.096802,1.068724,1.086113,1.055325,1.111122,1.210952,1.256366,1.250996,1.262606,1.348372,1.181391,0.872695,0.863234,0.948028,0.977282,0.964752,0.994210,1.022389,1.041056,1.048165,1.070924,1.092659,1.121759,1.153058,1.125544,1.135926,1.141960,1.114804,1.186096,1.295183,1.319118,1.315896,1.312981,1.281068,1.328528,1.417363,1.413936,1.405242,1.410049,1.416442,1.434189,1.435365,1.438485,1.440121,1.445338,1.485740,1.278920,0.938107,0.936675,0.971554,0.972270,1.030981,0.804062,0.409600,0.394564,0.457776,0.416249,0.407145,0.413589,0.428421,0.436092,0.454657,0.466010,0.452253,0.445246,0.445400
0.316838,0.322606,0.345982,0.335458,0.333181,0.338190,0.347955,0.369661,0.370623,0.330550,0.327868,0.338848,0.309805,0.315168,0.356152,0.342794,0.339101,0.361363,0.343199,0.341782,0.382513,0.370977,0.367081,0.350485,0.358176,0.360200,0.359592,0.335255,0.344970,0.362780,0.354937,0.363185,0.367941,0.345273,0.515785,0.769377,0.803631,0.775297,0.798571,0.791741,0.785517,0.798470,0.807527,0.790830,0.761585,0.705018,0.819063,1.013204,1.006272,0.947529,0.923090,0.901637,0.903914,0.931135,0.917221,0.886104,0.876592,0.840111,0.819771,0.821694,0.809146,0.760522,0.750960,0.753338,0.601092,0.370876,0.329386,0.341276,0.334142,0.340568,0.353723,0.355747,0.371736,0.355646,0.325439,0.311728,0.467566,0.678859,0.718325,0.689535,0.706333,0.744534,0.760927,0.781065,0.783595,0.790678,0.835760,0.871127,0.749138,0.532482,0.567090,0.630691,0.577817,0.599068,0.661960,0.716402,0.710735,0.726218,0.781976,0.793410,0.768011,0.759207,0.773374,0.784708,0.760168,0.724649,0.874315,1.128666,1.158720,1.111615,1.122544,1.123404,1.110704,1.108275,1.105543,1.121127,1.136913,1.125478,1.122948,1.132410,1.154774,1.135345,1.126945,1.181742,1.022210,0.765228,0.777321,0.815218,0.788503,0.820126,0.634587,0.325692,0.272819,0.318103,0.319874,0.313094,0.321645,0.332624,0.336925,0.325743,0.334092,0.342288,0.366069,0.370926
0.336864,0.342333,0.367048,0.348643,0.355059,0.363683,0.377566,0.384191,0.385191,0.358004,0.351588,0.352167,0.321982,0.327557,0.370151,0.365366,0.376619,0.378354,0.365523,0.355217,0.397548,0.385559,0.385085,0.377303,0.389450,0.374989,0.373727,0.348433,0.358530,0.382982,0.368889,0.383718,0.382666,0.358845,0.536059,0.814290,0.835219,0.805771,0.833799,0.822862,0.818813,0.838269,0.843370,0.841161,0.808295,0.748348,0.862143,1.065124,1.060970,0.992608,0.959374,0.939655,0.939444,0.970890,0.966316,0.932713,0.926140,0.882441,0.865614,0.903002,0.852310,0.802458,0.789943,0.803563,0.641178,0.386190,0.342333,0.363946,0.376619,0.370467,0.367627,0.378985,0.404910,0.396654,0.349853,0.323981,0.488890,0.711643,0.755657,0.743983,0.770434,0.779584,0.790837,0.811766,0.835798,0.849102,0.877603,0.923826,0.783685,0.553412,0.589802,0.672256,0.646279,0.647015,0.696814,0.751187,0.762914,0.777112,0.800197,0.814921,0.798199,0.792204,0.811240,0.834588,0.817182,0.770907,0.916727,1.166772,1.190226,1.162723,1.177027,1.167561,1.154362,1.151838,1.156676,1.170716,1.181602,1.169717,1.180445,1.195169,1.207947,1.194643,1.183915,1.228192,1.062390,0.801722,0.791258,0.838006,0.806139,0.853046,0.668733,0.338494,0.283542,0.330607,0.332447,0.337969,0.338757,0.336969,0.342912,0.346961,0.367206,0.355743,0.375462,0.393709
0.433487,0.426306,0.443451,0.449166,0.452605,0.448660,0.454021,0.447547,0.437837,0.472229,0.489627,0.469953,0.497668,0.495544,0.471065,0.461203,0.467980,0.488514,0.457359,0.467576,0.479360,0.472734,0.457359,0.475971,0.488919,0.485227,0.469649,0.482040,0.508138,0.495898,0.498275,0.513701,0.499894,0.417910,0.654454,1.075651,1.115607,1.056888,1.058860,1.050819,1.043485,1.049301,1.016832,1.013645,0.969290,0.888571,1.089307,1.423817,1.435905,1.350987,1.362114,1.326458,1.296416,1.290195,1.273960,1.229807,1.200119,1.181406,1.246042,1.361305,1.398175,1.333792,1.335562,1.368082,1.084249,0.687784,0.651217,0.702248,0.691324,0.697191,0.671144,0.631290,0.648233,0.666441,0.639534,0.590779,0.772195,1.023609,1.084654,1.056888,1.074084,1.041057,1.129818,1.308504,1.366565,1.349318,1.387200,1.466908,1.232387,0.863030,0.847806,0.938692,0.966458,0.964131,0.985930,1.019158,1.029526,1.036556,1.067357,1.085817,1.109335,1.140288,1.112521,1.118439,1.129313,1.102457,1.168307,1.268549,1.294292,1.304660,1.311488,1.266576,1.321249,1.498821,1.512224,1.487897,1.488200,1.500844,1.513691,1.506408,1.516270,1.517484,1.536197,1.602047,1.346233,0.937377,0.919371,0.960793,0.967722,1.029981,0.803906,0.415735,0.397578,0.458118,0.409767,0.387716,0.420034,0.437483,0.431262,0.443906,0.455893,0.445272,0.420236,0.432577
0.436452,0.420800,0.457691,0.475306,0.471632,0.464687,0.447776,0.445360,0.451500,0.475759,0.472488,0.466800,0.495236,0.493122,0.468713,0.467002,0.478477,0.486127,0.474601,0.470575,0.477017,0.486378,0.476564,0.473645,0.486529,0.493122,0.490153,0.490455,0.505654,0.502232,0.505453,0.514663,0.497451,0.415868,0.671186,1.077592,1.110155,1.051723,1.051270,1.065966,1.054189,1.053988,1.034309,1.019714,0.979048,0.881812,1.082826,1.416859,1.430699,1.361094,1.365272,1.319976,1.290080,1.283890,1.267734,1.231196,1.218160,1.180363,1.239953,1.366027,1.413135,1.357370,1.346499,1.369197,1.111513,0.705762,0.638321,0.691418,0.696854,0.693784,0.667864,0.628205,0.647330,0.678232,0.666707,0.604651,0.782866,1.043569,1.095761,1.054441,1.068835,1.051521,1.146190,1.318667,1.379515,1.353495,1.389027,1.459739,1.229887,0.869834,0.843663,0.934104,0.966717,0.962389,0.980054,1.014177,1.036725,1.038285,1.056454,1.080511,1.103310,1.121227,1.107387,1.117855,1.123794,1.111614,1.161339,1.246848,1.287967,1.298284,1.306387,1.260386,1.338799,1.508709,1.520335,1.490087,1.489433,1.494617,1.506293,1.499046,1.508860,1.511880,1.536440,1.594419,1.343177,0.943415,0.899629,0.950662,0.962993,1.011309,0.787999,0.426990,0.402128,0.455879,0.422108,0.418837,0.431923,0.444052,0.429154,0.435395,0.453161,0.445058,0.436150,0.430463
0.442093,0.447340,0.450637,0.453485,0.468225,0.471573,0.463978,0.454285,0.453186,0.479118,0.490360,0.477269,0.491659,0.489560,0.470324,0.475620,0.478368,0.482615,0.473771,0.477419,0.490710,0.482865,0.477968,0.484864,0.492908,0.498754,0.513843,0.510246,0.515193,0.519390,0.501802,0.510945,0.504250,0.428653,0.666338,1.069808,1.102135,1.044126,1.069658,1.059415,1.046574,1.046374,1.026838,1.012348,0.971976,0.887384,1.081400,1.416867,1.431307,1.352162,1.355410,1.310441,1.280761,1.274616,1.258577,1.229697,1.211409,1.171837,1.243137,1.393983,1.414319,1.356359,1.336773,1.359307,1.121272,0.731492,0.633710,0.700914,0.710707,0.688173,0.663040,0.624467,0.648400,0.679878,0.661891,0.600284,0.777211,1.044225,1.087845,1.046824,1.061114,1.057117,1.162044,1.326380,1.379743,1.358358,1.386788,1.449195,1.221003,0.864900,0.837819,0.935101,0.959734,0.961233,0.972975,0.998307,1.033733,1.030785,1.039879,1.073855,1.104234,1.118374,1.101386,1.117675,1.115676,1.104783,1.154849,1.237841,1.280062,1.288906,1.296950,1.255379,1.342419,1.500509,1.509353,1.479324,1.478674,1.485869,1.510302,1.509503,1.497961,1.500959,1.531088,1.584551,1.342768,0.936600,0.884137,0.943795,0.958785,1.017544,0.782457,0.423906,0.399223,0.449438,0.423356,0.429452,0.428802,0.440844,0.426054,0.432350,0.444592,0.439895,0.440344,0.427353
0.439306,0.446741,0.450034,0.434715,0.461610,0.470941,0.471390,0.453377,0.452579,0.471690,0.468446,0.464105,0.486310,0.476380,0.469694,0.474983,0.477728,0.458916,0.474135,0.489204,0.482568,0.485013,0.488905,0.487059,0.494992,0.491250,0.487757,0.503475,0.512607,0.507667,0.491599,0.510261,0.514303,0.434316,0.665445,1.052108,1.081000,1.031500,1.063884,1.056849,1.034993,1.044973,1.015932,1.000064,0.970674,0.888591,1.086389,1.414970,1.439819,1.369612,1.354742,1.308686,1.279046,1.280094,1.258838,1.228948,1.222262,1.170268,1.241473,1.380739,1.412425,1.354543,1.359782,1.349753,1.105250,0.736201,0.641444,0.699975,0.717140,0.696732,0.662302,0.622084,0.647532,0.678968,0.661004,0.601775,0.781310,1.050861,1.080750,1.041979,1.059693,1.076409,1.180497,1.350750,1.386079,1.374003,1.384931,1.460278,1.240375,0.868732,0.843683,0.933849,0.953958,0.954158,0.961343,0.990783,1.032349,1.040482,1.052208,1.072417,1.102755,1.131597,1.099911,1.116178,1.127006,1.113783,1.159091,1.248159,1.283936,1.287180,1.291820,1.253698,1.351249,1.498500,1.515615,1.486624,1.486574,1.483879,1.508280,1.499398,1.489568,1.499548,1.529038,1.580782,1.340970,0.937991,0.882953,0.943829,0.957501,1.005952,0.768087,0.425634,0.389507,0.439156,0.422789,0.428877,0.428228,0.424536,0.417400,0.428877,0.439006,0.442649,0.439755,0.401084
0.422515,0.447153,0.462408,0.451569,0.464214,0.473598,0.474050,0.458996,0.455132,0.452623,0.455533,0.466723,0.480222,0.479068,0.472344,0.471892,0.480422,0.461505,0.464566,0.491964,0.490960,0.475756,0.480021,0.507068,0.509928,0.500896,0.509978,0.515298,0.521169,0.510530,0.494373,0.514394,0.509577,0.436766,0.671156,1.040631,1.076761,1.037319,1.076008,1.063965,1.044395,1.042187,1.009670,1.005756,0.983827,0.893704,1.099743,1.426615,1.447941,1.377338,1.362385,1.307187,1.286262,1.305631,1.263430,1.230863,1.222935,1.175214,1.246921,1.388528,1.393245,1.350241,1.367453,1.357367,1.114496,0.737344,0.645063,0.703924,0.713759,0.699608,0.681142,0.656805,0.679837,0.688769,0.664733,0.605170,0.785717,1.067477,1.105664,1.047857,1.067076,1.072144,1.187457,1.375281,1.394299,1.386672,1.393496,1.476042,1.226247,0.868614,0.848442,0.939117,0.961046,0.959841,0.966766,0.999233,1.039326,1.064366,1.065520,1.079270,1.112288,1.137980,1.118611,1.115399,1.120216,1.122876,1.168690,1.247573,1.295194,1.294441,1.281645,1.256003,1.358872,1.516136,1.545290,1.496365,1.494960,1.486981,1.501835,1.515634,1.497971,1.506200,1.537663,1.604904,1.366299,0.953268,0.887934,0.940773,0.960142,0.990953,0.772419,0.423117,0.400335,0.442486,0.420859,0.418952,0.420006,0.437669,0.413482,0.424974,0.441483,0.438020,0.442236,0.403346
0.348777,0.341405,0.364932,0.351077,0.355260,0.361586,0.367232,0.379937,0.378421,0.362266,0.360802,0.364984,0.324727,0.335183,0.388930,0.363259,0.374447,0.391701,0.363416,0.353168,0.385270,0.383335,0.387570,0.388721,0.387204,0.372827,0.379414,0.364775,0.361115,0.384224,0.366762,0.378264,0.386263,0.356776,0.536262,0.836677,0.854453,0.811006,0.832442,0.841749,0.844310,0.849120,0.840285,0.846506,0.819319,0.756528,0.866321,1.058982,1.066093,1.006961,0.981918,0.968952,0.966076,0.990806,0.975069,0.941660,0.944431,0.910448,0.895600,0.906004,0.850218,0.810745,0.804680,0.852101,0.703200,0.420874,0.361011,0.384852,0.404876,0.397504,0.405085,0.409895,0.420613,0.424534,0.396092,0.332046,0.486071,0.732740,0.768292,0.775507,0.800707,0.777650,0.803896,0.816914,0.865119,0.881326,0.901194,0.951856,0.807138,0.559789,0.577983,0.675281,0.697397,0.672615,0.692796,0.740268,0.762175,0.785283,0.814980,0.852571,0.808706,0.787636,0.806667,0.845774,0.812470,0.757783,0.921636,1.167730,1.183363,1.156019,1.173063,1.160829,1.153300,1.148020,1.169246,1.201139,1.206733,1.198734,1.173638,1.188277,1.215725,1.203021,1.193505,1.221111,1.056264,0.787845,0.779846,0.835684,0.811006,0.861825,0.674392,0.344385,0.294246,0.329694,0.329484,0.343130,0.348149,0.335026,0.340934,0.344960,0.359913,0.350973,0.369271,0.410104
0.324192,0.334090,0.365895,0.353885,0.350276,0.344554,0.363266,0.377700,0.373112,0.357184,0.356720,0.369916,0.338162,0.324656,0.357957,0.344348,0.358576,0.378473,0.377082,0.352750,0.369195,0.377958,0.382133,0.396928,0.401980,0.391155,0.389763,0.371566,0.382649,0.372700,0.368937,0.382185,0.393526,0.360431,0.538276,0.841384,0.868860,0.828188,0.842312,0.840250,0.827260,0.839219,0.848086,0.839322,0.819631,0.761226,0.876283,1.049952,1.063406,1.021188,1.010465,0.979124,0.993609,0.997836,0.995001,0.973453,0.967577,0.924791,0.943967,1.004898,1.001187,0.952009,0.954122,0.993145,0.787206,0.449508,0.370329,0.398784,0.407599,0.424507,0.443013,0.436260,0.428888,0.435023,0.431054,0.363937,0.501006,0.766432,0.778546,0.793237,0.797825,0.776793,0.828703,0.913295,0.989433,1.010826,1.039848,1.089903,0.893707,0.562504,0.578639,0.683593,0.695243,0.676840,0.686376,0.729884,0.763751,0.779629,0.819888,0.868087,0.811950,0.784835,0.806692,0.837827,0.801795,0.751637,0.908811,1.133204,1.161814,1.131296,1.164700,1.147895,1.169340,1.271819,1.297903,1.307182,1.298161,1.274964,1.254344,1.257489,1.296460,1.282078,1.283057,1.329297,1.116760,0.776793,0.761071,0.819734,0.808084,0.844529,0.646529,0.343317,0.302645,0.325069,0.312748,0.338317,0.352132,0.338935,0.352287,0.343987,0.354864,0.343162,0.373267,0.416362
0.421712,0.443198,0.469508,0.447575,0.448619,0.455532,0.455234,0.451902,0.451106,0.461451,0.451504,0.462595,0.471199,0.473338,0.469011,0.467718,0.453493,0.434444,0.453443,0.478013,0.496565,0.472244,0.475775,0.489104,0.499201,0.489651,0.486170,0.503179,0.511436,0.505268,0.488607,0.508601,0.480450,0.431311,0.654427,1.023120,1.056940,1.016008,1.035056,1.053459,1.042020,1.032420,1.000739,0.996113,0.961646,0.878985,1.077829,1.392111,1.435133,1.370526,1.348095,1.292043,1.266926,1.281896,1.249817,1.219975,1.212117,1.165365,1.235891,1.376096,1.377439,1.338297,1.355356,1.364110,1.121150,0.730821,0.647215,0.696901,0.689640,0.691878,0.675117,0.650995,0.637467,0.665816,0.655073,0.623590,0.778667,1.047441,1.080316,1.060123,1.064450,1.039881,1.176953,1.363115,1.403004,1.374405,1.381169,1.445578,1.215399,0.856405,0.840937,0.914496,0.933943,0.956076,0.971842,0.981938,1.032769,1.059924,1.061367,1.068927,1.096182,1.121746,1.108168,1.105532,1.112197,1.114584,1.158352,1.236537,1.281548,1.276873,1.260211,1.249618,1.359982,1.505559,1.509389,1.483128,1.491733,1.473828,1.487605,1.510831,1.512572,1.494667,1.523912,1.590508,1.361424,0.946128,0.884356,0.932451,0.947819,0.976865,0.771008,0.416390,0.380879,0.438572,0.417136,0.411516,0.416291,0.440214,0.409825,0.418131,0.437578,0.430117,0.438324,0.386200
0.417640,0.435497,0.474831,0.452649,0.440275,0.458735,0.470304,0.459993,0.440275,0.449078,0.446462,0.464621,0.461100,0.471210,0.474328,0.468393,0.453705,0.439370,0.465677,0.494951,0.492135,0.474027,0.460697,0.494650,0.504860,0.502094,0.511198,0.514317,0.522415,0.533381,0.513411,0.515625,0.488060,0.436201,0.661847,1.035022,1.068924,1.027527,1.057908,1.064648,1.053834,1.044126,1.012085,1.007407,0.972549,0.888951,1.090050,1.427613,1.451405,1.386065,1.354125,1.318864,1.297839,1.292105,1.261573,1.235769,1.238787,1.181948,1.264691,1.380331,1.393057,1.353471,1.356941,1.400300,1.147694,0.751280,0.679502,0.711895,0.694542,0.699722,0.690769,0.703797,0.656314,0.664764,0.662500,0.606617,0.787496,1.070031,1.110271,1.093722,1.092263,1.074708,1.190298,1.365945,1.429373,1.399294,1.401557,1.472480,1.254682,0.878891,0.861739,0.924865,0.944532,0.978535,0.982861,0.991965,1.035927,1.071942,1.087082,1.081247,1.108611,1.133107,1.128379,1.132050,1.124807,1.127222,1.173397,1.263484,1.306843,1.285968,1.268011,1.267055,1.382544,1.538373,1.535054,1.504572,1.508646,1.500196,1.515940,1.527961,1.521573,1.511614,1.536160,1.608491,1.376860,0.969783,0.909423,0.950166,0.936685,0.987941,0.779750,0.424129,0.386505,0.443545,0.415377,0.416182,0.418898,0.445205,0.414471,0.422872,0.443847,0.432127,0.443293,0.423827
0.424857,0.436081,0.469653,0.450913,0.438586,0.449810,0.468500,0.458228,0.432423,0.438987,0.460533,0.478021,0.458729,0.466396,0.479123,0.466596,0.451965,0.449059,0.463890,0.478572,0.490247,0.466045,0.448808,0.492752,0.502924,0.496610,0.489946,0.512344,0.520411,0.516302,0.498013,0.518357,0.501070,0.441042,0.659308,1.028245,1.075196,1.032655,1.055403,1.060564,1.046534,1.028546,1.008203,1.003543,0.968818,0.905233,1.114780,1.438421,1.435816,1.361407,1.342015,1.331844,1.323927,1.308744,1.259138,1.231028,1.234035,1.180420,1.259840,1.395079,1.400440,1.348279,1.352788,1.394928,1.143291,0.748398,0.707410,0.731161,0.711319,0.699995,0.700445,0.719737,0.674540,0.656452,0.660811,0.628041,0.784475,1.055253,1.087221,1.089526,1.093134,1.076148,1.167342,1.349782,1.417526,1.391521,1.391471,1.471241,1.278279,0.875519,0.858433,0.921317,0.940909,0.974781,0.988460,1.000536,1.031953,1.057658,1.082912,1.074344,1.104658,1.128760,1.132919,1.144694,1.123348,1.125102,1.173806,1.258637,1.291107,1.279482,1.254979,1.255931,1.373332,1.532472,1.515636,1.502508,1.531269,1.510976,1.510475,1.524605,1.532622,1.508070,1.523803,1.579472,1.353039,0.966063,0.905934,0.933593,0.932641,0.990114,0.786529,0.422502,0.372495,0.441843,0.405566,0.399202,0.412731,0.447355,0.412882,0.419796,0.442144,0.430469,0.444198,0.433325
0.409593,0.420943,0.489742,0.464342,0.437643,0.448843,0.449543,0.448793,0.431493,0.429693,0.443793,0.481292,0.460242,0.465842,0.478092,0.459492,0.450993,0.456493,0.459392,0.457893,0.483092,0.457443,0.447843,0.481042,0.501842,0.495342,0.485492,0.505842,0.514142,0.487392,0.488392,0.517242,0.499992,0.440993,0.657889,1.025583,1.080882,1.038483,1.053133,1.053533,1.044283,1.048983,1.013483,1.001384,0.966734,0.884436,1.096382,1.435327,1.432777,1.366878,1.344178,1.340878,1.331078,1.313829,1.260229,1.228380,1.218530,1.181431,1.262979,1.392077,1.382427,1.336678,1.349878,1.401877,1.158531,0.745388,0.718088,0.740038,0.709788,0.699739,0.704189,0.718138,0.673989,0.655039,0.683689,0.655739,0.783387,1.049133,1.081032,1.074132,1.082932,1.067733,1.164831,1.357778,1.414477,1.388527,1.380777,1.471426,1.275529,0.869936,0.874686,0.934985,0.925935,0.971634,0.986334,0.998384,1.024683,1.055383,1.084232,1.083182,1.094582,1.107782,1.130482,1.147881,1.133531,1.122682,1.173581,1.280229,1.301729,1.276729,1.252280,1.254080,1.370378,1.529175,1.525875,1.502625,1.534825,1.519275,1.507225,1.521325,1.529325,1.504825,1.517625,1.552675,1.335078,0.963984,0.903985,0.914685,0.925285,0.982034,0.784837,0.421593,0.387694,0.447593,0.398443,0.391394,0.406643,0.446393,0.415043,0.418893,0.432293,0.430543,0.448593,0.432393
0.409007,0.420341,0.464227,0.468471,0.443757,0.451196,0.448899,0.457587,0.440312,0.437416,0.453592,0.480603,0.461431,0.469519,0.472565,0.454890,0.462030,0.471367,0.454791,0.457237,0.482401,0.456788,0.447202,0.493385,0.498527,0.494084,0.489490,0.499825,0.504419,0.504369,0.507963,0.507165,0.484448,0.447501,0.664137,1.024115,1.079335,1.036996,1.041240,1.053023,1.049628,1.043587,1.012482,1.000849,0.965350,0.883169,1.094813,1.433272,1.430725,1.362924,1.338210,1.324579,1.315193,1.301113,1.254631,1.234260,1.229667,1.186030,1.255979,1.379899,1.390484,1.334765,1.336911,1.399870,1.170503,0.748215,0.717060,0.750062,0.713116,0.698737,0.703180,0.717110,0.673024,0.678616,0.697439,0.654801,0.782266,1.046682,1.094263,1.082730,1.081382,1.052324,1.143642,1.357681,1.397074,1.351091,1.370463,1.456238,1.253732,0.856009,0.873434,0.932498,0.929053,0.978681,1.003096,1.011983,1.041090,1.048729,1.072695,1.087823,1.100704,1.098907,1.122373,1.139198,1.131909,1.121074,1.171901,1.241650,1.299865,1.274901,1.259424,1.251086,1.368416,1.511608,1.510210,1.500275,1.532628,1.505567,1.489091,1.519147,1.530231,1.507864,1.506016,1.563783,1.335963,0.953917,0.902691,0.913376,0.916371,0.986569,0.783714,0.418893,0.387139,0.446952,0.404114,0.388087,0.406061,0.445754,0.422937,0.409856,0.431674,0.429927,0.449848,0.431774
0.321813,0.339518,0.376822,0.359833,0.347706,0.358810,0.383320,0.379636,0.370374,0.362392,0.364848,0.363364,0.359270,0.356661,0.342077,0.348729,0.371909,0.385777,0.359424,0.360345,0.377078,0.382758,0.379329,0.394118,0.414125,0.404454,0.396062,0.388540,0.394578,0.391252,0.379278,0.385623,0.407780,0.357786,0.531716,0.835210,0.879473,0.831833,0.842988,0.840378,0.857367,0.875021,0.860795,0.835926,0.830860,0.776568,0.889911,1.068446,1.072335,1.031092,1.030017,1.003152,1.008372,0.993430,1.000850,0.991844,0.974087,0.922303,1.002487,1.150422,1.169048,1.093315,1.086766,1.131847,0.876402,0.467036,0.416837,0.437152,0.404608,0.432700,0.453424,0.433059,0.426304,0.462328,0.444163,0.387670,0.526752,0.805428,0.805582,0.797190,0.836233,0.807066,0.889502,1.057240,1.121818,1.127446,1.173295,1.229481,0.962676,0.571476,0.574392,0.690345,0.690141,0.687122,0.691983,0.719257,0.745968,0.773907,0.809317,0.861716,0.805991,0.779075,0.812899,0.831679,0.798827,0.729440,0.902141,1.156358,1.158200,1.135327,1.156153,1.136145,1.200825,1.385501,1.408630,1.378951,1.370610,1.345843,1.342927,1.355873,1.383812,1.359404,1.373885,1.439179,1.175189,0.769609,0.746838,0.813718,0.802154,0.839662,0.648743,0.344175,0.300424,0.322683,0.310453,0.336857,0.357633,0.336448,0.340644,0.349343,0.370016,0.333736,0.353079,0.406040
0.327784,0.345189,0.380354,0.355532,0.347157,0.371929,0.377932,0.374300,0.357802,0.357298,0.363806,0.368296,0.376116,0.351647,0.349982,0.363957,0.372080,0.380354,0.369053,0.365168,0.361334,0.375612,0.384542,0.388578,0.412240,0.408859,0.391807,0.392311,0.398365,0.411281,0.385752,0.380203,0.402048,0.367237,0.524242,0.835730,0.878008,0.821452,0.831139,0.828566,0.845316,0.867968,0.852782,0.841481,0.834771,0.786035,0.891832,1.084557,1.082791,1.020281,1.022249,0.997780,1.001362,1.006760,1.002220,1.000353,0.960396,0.917007,1.007416,1.148782,1.153373,1.084506,1.071490,1.115938,0.864084,0.460673,0.447152,0.487059,0.431361,0.426618,0.461732,0.436406,0.420312,0.455830,0.457999,0.403764,0.555572,0.821099,0.828011,0.801927,0.857727,0.818526,0.902174,1.092326,1.129610,1.120730,1.172191,1.212199,0.954543,0.570153,0.582766,0.684123,0.679380,0.679734,0.689673,0.701730,0.732355,0.757782,0.797942,0.849604,0.808486,0.768125,0.790475,0.821502,0.795873,0.739418,0.889158,1.126230,1.141920,1.119368,1.140457,1.130367,1.209929,1.366026,1.388830,1.368347,1.355128,1.349226,1.324050,1.336814,1.367136,1.352000,1.354573,1.418950,1.167297,0.761869,0.736340,0.802280,0.805913,0.845013,0.648655,0.339337,0.296201,0.320973,0.306089,0.332122,0.352606,0.342011,0.347863,0.344433,0.345643,0.329045,0.360930,0.410322
0.418853,0.420752,0.442342,0.468929,0.444191,0.451637,0.442591,0.453536,0.440742,0.435295,0.454036,0.481923,0.461882,0.469978,0.461832,0.462132,0.465381,0.471828,0.460833,0.469579,0.474177,0.461033,0.448389,0.493867,0.499015,0.494567,0.489969,0.500314,0.504912,0.504562,0.501813,0.499265,0.484921,0.457634,0.680479,1.032913,1.070046,1.018820,1.034462,1.051205,1.050655,1.044608,1.013472,1.005176,0.967744,0.897577,1.100731,1.434674,1.432125,1.364257,1.337120,1.348265,1.334721,1.291791,1.249511,1.243214,1.242614,1.206231,1.273650,1.391444,1.420830,1.356711,1.338219,1.391294,1.171648,0.767688,0.717762,0.726957,0.713814,0.699420,0.703868,0.717812,0.641997,0.654741,0.683378,0.651043,0.776984,1.029365,1.092985,1.079741,1.082440,1.048656,1.144760,1.357910,1.411635,1.350763,1.371803,1.449917,1.254958,0.859195,0.863543,0.919267,0.921616,0.968094,0.985885,0.997930,1.019469,1.040410,1.047206,1.075793,1.109727,1.099982,1.127469,1.140313,1.133016,1.122171,1.175146,1.269402,1.278447,1.270151,1.260656,1.252310,1.353312,1.498194,1.507040,1.508289,1.556566,1.524681,1.502242,1.520633,1.531728,1.512387,1.507489,1.565312,1.326775,0.945005,0.907222,0.931161,0.931261,0.991633,0.783980,0.420002,0.392615,0.450238,0.408707,0.396463,0.411006,0.459234,0.423350,0.408557,0.415354,0.442192,0.440193,0.404809
0.422659,0.422110,0.438838,0.454968,0.441435,0.452471,0.462408,0.454768,0.440386,0.431398,0.453669,0.469499,0.450923,0.464505,0.461459,0.461759,0.465005,0.471447,0.468051,0.482632,0.468350,0.460660,0.474692,0.486877,0.478787,0.490622,0.500859,0.500060,0.499760,0.504155,0.508050,0.513393,0.481733,0.457265,0.690966,1.038920,1.080317,1.034825,1.041417,1.034226,1.032728,1.059694,1.018446,1.007710,0.973604,0.908787,1.099842,1.433515,1.441954,1.363155,1.336040,1.350471,1.334292,1.301334,1.256641,1.246854,1.241611,1.218540,1.283857,1.390320,1.419683,1.373292,1.331645,1.388423,1.170701,0.794084,0.720727,0.757430,0.732363,0.703499,0.703300,0.674037,0.669992,0.678731,0.682826,0.619857,0.774808,1.046860,1.094449,1.068732,1.073226,1.062090,1.153773,1.353917,1.388023,1.359110,1.370695,1.456486,1.247253,0.872783,0.873032,0.936351,0.920871,0.962019,0.984789,1.002567,0.998322,1.029732,1.022042,1.082914,1.112476,1.097445,1.126558,1.139392,1.139941,1.113325,1.174197,1.264182,1.279412,1.269375,1.259638,1.241561,1.332744,1.509218,1.510467,1.507071,1.532888,1.523450,1.507171,1.523050,1.527395,1.508719,1.506122,1.560502,1.325703,0.944241,0.890260,0.929161,0.935702,0.990832,0.774908,0.419663,0.406280,0.461310,0.408377,0.391699,0.410674,0.464705,0.423009,0.417216,0.435043,0.441834,0.439837,0.407578
0.430222,0.428164,0.441114,0.457327,0.443725,0.447640,0.464807,0.457127,0.444427,0.442068,0.474344,0.489252,0.461494,0.472035,0.468772,0.464154,0.467417,0.473892,0.465409,0.480066,0.470780,0.485387,0.502403,0.490306,0.481271,0.493167,0.503457,0.497684,0.502352,0.505615,0.504009,0.501449,0.490155,0.459687,0.694549,1.053695,1.085921,1.025988,1.040544,1.038336,1.038085,1.042100,1.023729,1.012937,0.981214,0.918821,1.116841,1.439545,1.439394,1.370226,1.347688,1.359936,1.336494,1.311698,1.272596,1.253321,1.242429,1.224861,1.290516,1.396227,1.409478,1.349093,1.346082,1.388497,1.170449,0.771047,0.720902,0.761359,0.736161,0.707148,0.697662,0.645107,0.687070,0.705392,0.707952,0.653942,0.784901,1.035424,1.097767,1.067800,1.061225,1.059418,1.165932,1.356522,1.389199,1.366160,1.377805,1.464040,1.253723,0.877310,0.876758,0.956317,0.946730,0.967008,0.989897,1.014292,1.007064,1.031158,1.027343,1.088531,1.113729,1.094705,1.140081,1.151827,1.139529,1.111821,1.178079,1.244336,1.277465,1.278469,1.263812,1.248001,1.339657,1.504748,1.523270,1.524324,1.540588,1.531352,1.514988,1.516243,1.538429,1.522718,1.504598,1.561419,1.328815,0.937343,0.894878,0.935988,0.945224,0.996021,0.778927,0.422442,0.401711,0.438354,0.404221,0.398198,0.413407,0.447790,0.425203,0.428164,0.437300,0.448041,0.446234,0.409692
0.428741,0.434044,0.432443,0.440396,0.432443,0.442347,0.463207,0.455553,0.442897,0.447349,0.475612,0.490569,0.476462,0.473311,0.467158,0.462556,0.460705,0.481915,0.485567,0.491669,0.472361,0.503424,0.501674,0.507026,0.479614,0.491469,0.503374,0.500923,0.500673,0.497322,0.497072,0.499723,0.484916,0.453052,0.687857,1.050068,1.075530,1.011151,1.026808,1.029059,1.036112,1.051219,1.019254,0.995794,0.975285,0.910356,1.101741,1.433739,1.443193,1.365809,1.353704,1.342299,1.328342,1.296578,1.251958,1.244355,1.224346,1.220644,1.286073,1.390070,1.404626,1.344449,1.341448,1.383717,1.171923,0.784250,0.721972,0.758738,0.733627,0.713668,0.690508,0.642887,0.669649,0.702963,0.703814,0.647789,0.782199,1.048668,1.096339,1.072028,1.057572,1.049368,1.178375,1.369010,1.380065,1.329343,1.372712,1.464303,1.249007,0.859983,0.863535,0.937968,0.918009,0.946972,0.976535,1.005548,1.003597,1.031510,1.029359,1.084784,1.109895,1.099790,1.129654,1.138458,1.135606,1.103742,1.163319,1.257111,1.280371,1.279721,1.265614,1.250508,1.335045,1.499569,1.522829,1.519077,1.505521,1.538136,1.511524,1.489814,1.524030,1.530132,1.502870,1.563197,1.334745,0.945872,0.903653,0.935117,0.937318,0.992593,0.776246,0.408582,0.406981,0.462106,0.411934,0.396827,0.421038,0.439496,0.421638,0.417686,0.417636,0.439896,0.439346,0.422238
0.439235,0.439684,0.431499,0.423463,0.421716,0.439884,0.460498,0.454558,0.452911,0.446373,0.474574,0.472278,0.475422,0.475023,0.482460,0.473326,0.459700,0.469882,0.488100,0.491295,0.470980,0.502325,0.500578,0.505919,0.465090,0.487252,0.502275,0.496585,0.499580,0.499530,0.501177,0.507816,0.483857,0.446972,0.686355,1.055312,1.063448,1.000308,1.020223,1.042435,1.045579,1.027511,1.008594,0.998461,0.974503,0.908368,1.110566,1.449426,1.442039,1.362827,1.346705,1.331182,1.299837,1.283265,1.249225,1.238194,1.221673,1.217979,1.283665,1.387035,1.399064,1.341514,1.343111,1.380696,1.165720,0.782537,0.707618,0.731626,0.720495,0.712110,0.686754,0.640934,0.654760,0.686305,0.668785,0.632149,0.785382,1.061402,1.100334,1.076126,1.062200,1.047077,1.174854,1.348901,1.377052,1.345757,1.370364,1.454417,1.248576,0.864844,0.858455,0.923492,0.922843,0.955336,0.988778,1.008594,1.011089,1.031604,1.027111,1.082415,1.114759,1.105275,1.119101,1.134075,1.125191,1.101332,1.146853,1.240740,1.277575,1.276926,1.262851,1.248576,1.346006,1.498041,1.519504,1.498740,1.487660,1.508124,1.503033,1.488059,1.532182,1.527989,1.494947,1.559784,1.331831,0.935521,0.905972,0.951843,0.933724,0.991523,0.783885,0.416724,0.399454,0.445674,0.411034,0.392267,0.420118,0.443029,0.421167,0.416774,0.414528,0.437738,0.430750,0.421316
0.335212,0.351011,0.375731,0.351210,0.352905,0.374236,0.356443,0.353353,0.353353,0.356643,0.373538,0.363819,0.371544,0.364268,0.354400,0.372441,0.372691,0.383206,0.391131,0.380266,0.356942,0.371046,0.387692,0.383854,0.407228,0.408773,0.388190,0.397161,0.411016,0.415252,0.384801,0.394769,0.409222,0.362773,0.517869,0.825969,0.867335,0.817347,0.825471,0.830206,0.835040,0.861654,0.854278,0.848746,0.824624,0.776480,0.880991,1.088019,1.073616,1.013012,1.009823,0.998858,0.996117,1.022133,1.000603,0.998809,0.950665,0.912289,0.995170,1.144386,1.139352,1.071323,1.058465,1.105014,0.856919,0.455073,0.441717,0.501124,0.450837,0.439723,0.468529,0.423077,0.415203,0.450289,0.452432,0.399155,0.535612,0.791332,0.814357,0.801001,0.847300,0.809174,0.891208,1.079048,1.115879,1.107107,1.162428,1.201949,0.946678,0.586696,0.599006,0.675807,0.657317,0.671471,0.681389,0.709198,0.723452,0.748571,0.768356,0.821634,0.798658,0.758788,0.792079,0.817696,0.788292,0.730430,0.878350,1.112540,1.127890,1.120862,1.136312,1.131478,1.199158,1.349421,1.371948,1.351713,1.347726,1.342045,1.321511,1.320564,1.351813,1.345035,1.341098,1.401701,1.156098,0.762824,0.727639,0.786199,0.789687,0.849593,0.664045,0.348070,0.302867,0.317071,0.302369,0.327338,0.340445,0.347871,0.347472,0.340246,0.335810,0.319065,0.356543,0.405335
0.324631,0.355560,0.378345,0.352112,0.353811,0.375197,0.357359,0.355810,0.363905,0.364804,0.374497,0.364754,0.383291,0.370200,0.355310,0.377745,0.368701,0.376696,0.417269,0.409873,0.373998,0.378345,0.389837,0.386389,0.408275,0.403828,0.389187,0.398181,0.418318,0.400230,0.382042,0.376546,0.398181,0.375197,0.524146,0.828091,0.869563,0.814700,0.827592,0.832338,0.834837,0.857222,0.871562,0.864267,0.821096,0.769031,0.878208,1.090814,1.073376,1.015615,1.012417,0.999826,0.999026,1.044445,1.016964,0.996977,0.952507,0.914633,0.997727,1.147326,1.142279,1.067380,1.053739,1.124242,0.867865,0.456242,0.442851,0.502411,0.451995,0.468684,0.477028,0.427112,0.423264,0.469983,0.460339,0.411123,0.560522,0.798611,0.831739,0.813101,0.849477,0.811253,0.893497,1.081820,1.120344,1.109951,1.151623,1.205037,0.964250,0.595049,0.590102,0.674095,0.673646,0.685388,0.696930,0.711020,0.721613,0.741500,0.770330,0.832488,0.820447,0.760737,0.794114,0.819797,0.788218,0.732306,0.880106,1.102956,1.125990,1.111700,1.138282,1.111550,1.185950,1.342744,1.364679,1.354236,1.360182,1.345492,1.337448,1.323957,1.355286,1.348490,1.361482,1.405302,1.159068,0.763335,0.728059,0.784071,0.791716,0.840483,0.655758,0.348965,0.310041,0.323132,0.308642,0.329678,0.350763,0.353811,0.350963,0.334274,0.318535,0.319435,0.357459,0.406376
0.428216,0.440106,0.437159,0.417224,0.420672,0.440306,0.454545,0.454995,0.472931,0.429914,0.435760,0.472731,0.488669,0.480775,0.482923,0.483223,0.467085,0.463238,0.488569,0.491766,0.471432,0.497162,0.501059,0.506405,0.485371,0.493365,0.502758,0.497062,0.510252,0.500010,0.499510,0.507953,0.482623,0.440206,0.677771,1.056325,1.074211,1.009912,1.014958,1.033044,1.046583,1.027598,0.999020,0.999770,0.978336,0.909240,1.110683,1.429634,1.433431,1.345700,1.365884,1.345550,1.322668,1.294989,1.261016,1.233387,1.213653,1.195417,1.284897,1.403904,1.402355,1.346249,1.344401,1.387217,1.166839,0.784138,0.722986,0.752413,0.721187,0.714342,0.689662,0.641849,0.668828,0.694808,0.649043,0.611623,0.787285,1.065019,1.115329,1.077159,1.056275,1.048082,1.175982,1.331361,1.378374,1.347048,1.370580,1.455814,1.250024,0.877615,0.859279,0.924378,0.928925,0.956254,0.981084,1.004316,1.002368,1.032594,1.047083,1.089849,1.109684,1.113831,1.115379,1.131067,1.126271,1.099692,1.147954,1.255570,1.280900,1.278152,1.262165,1.250674,1.347298,1.499479,1.520963,1.500179,1.489088,1.521912,1.509672,1.515917,1.524810,1.529456,1.499579,1.564529,1.336257,0.942015,0.902545,0.945762,0.939267,0.991426,0.781140,0.417124,0.399838,0.454295,0.410729,0.396141,0.424519,0.443454,0.419323,0.418973,0.433062,0.438158,0.427067,0.421721
0.438748,0.433912,0.429724,0.416362,0.419802,0.439396,0.455400,0.447124,0.450365,0.444831,0.460835,0.455650,0.474895,0.480329,0.491497,0.482224,0.456497,0.462281,0.484767,0.488506,0.482224,0.500572,0.503513,0.512438,0.494838,0.492345,0.497381,0.485166,0.495237,0.488307,0.498228,0.506903,0.497730,0.434909,0.665252,1.060225,1.071991,1.007824,1.014854,1.041279,1.047112,1.025474,0.992966,0.997703,0.976314,0.920124,1.111379,1.426679,1.440440,1.371187,1.368694,1.329706,1.295653,1.294556,1.260702,1.230838,1.208501,1.169712,1.270325,1.399756,1.399456,1.337035,1.334342,1.384350,1.165125,0.765216,0.702595,0.755394,0.729219,0.716705,0.696961,0.656128,0.667445,0.693371,0.650344,0.620430,0.785658,1.062817,1.113024,1.073387,1.056934,1.056336,1.175845,1.328609,1.363010,1.329157,1.360717,1.452804,1.247440,0.875801,0.845637,0.913543,0.927653,0.954177,0.978109,1.002240,0.993315,1.033202,1.061022,1.092183,1.104598,1.095673,1.113074,1.129178,1.125887,1.097418,1.145581,1.242105,1.278252,1.278651,1.262497,1.248088,1.344015,1.499072,1.517819,1.482918,1.472997,1.523802,1.513730,1.486408,1.519663,1.526295,1.496480,1.553268,1.333495,0.944654,0.899732,0.947396,0.937325,0.995260,0.770800,0.398912,0.388791,0.419902,0.402651,0.390137,0.419652,0.431070,0.413021,0.418107,0.448071,0.437252,0.421248,0.420849
0.439044,0.434205,0.423379,0.418190,0.423428,0.439693,0.454261,0.449671,0.458552,0.455459,0.461546,0.463940,0.475715,0.480654,0.493626,0.482550,0.459949,0.475515,0.482350,0.487140,0.482550,0.496170,0.501259,0.519220,0.519569,0.496420,0.494374,0.483099,0.495571,0.496170,0.498565,0.504502,0.498066,0.439593,0.661361,1.043379,1.062987,1.002319,1.013195,1.047670,1.049616,1.015689,0.991093,0.998377,0.976974,0.919349,1.112130,1.427643,1.431435,1.355350,1.365578,1.325815,1.274975,1.284953,1.259559,1.231669,1.199539,1.170503,1.268639,1.400702,1.399205,1.329157,1.335244,1.383788,1.165913,0.753311,0.682714,0.730360,0.730111,0.717189,0.686456,0.656571,0.661959,0.701124,0.668495,0.637163,0.786239,1.044726,1.093770,1.085737,1.083492,1.055603,1.161173,1.329706,1.359192,1.339335,1.368671,1.465061,1.248283,0.876393,0.846208,0.908124,0.921045,0.954822,0.978770,0.996282,0.997080,1.033900,1.072117,1.096663,1.108138,1.109735,1.113826,1.125750,1.121809,1.091824,1.153240,1.246986,1.277021,1.276372,1.276771,1.262852,1.355350,1.497192,1.518844,1.483920,1.478382,1.524831,1.517398,1.487413,1.520690,1.527326,1.499237,1.548081,1.319828,0.942848,0.900341,0.953974,0.948087,0.998527,0.789981,0.423728,0.374734,0.407812,0.402923,0.403971,0.423927,0.431361,0.410806,0.402973,0.431611,0.435851,0.421533,0.430064
0.435490,0.435540,0.427919,0.417509,0.419402,0.438977,0.443012,0.446449,0.443311,0.454717,0.460794,0.463185,0.474940,0.479871,0.490431,0.481764,0.468813,0.486944,0.486247,0.486347,0.468016,0.488090,0.488787,0.520566,0.511600,0.491875,0.483956,0.482312,0.505324,0.492274,0.503531,0.505523,0.489086,0.433149,0.660284,1.015530,1.055926,1.001882,1.017771,1.040285,1.046113,1.008357,0.989479,0.996751,0.979318,0.906595,1.107728,1.442752,1.447633,1.353143,1.363354,1.323108,1.272899,1.275639,1.259699,1.234744,1.197586,1.162769,1.252028,1.398421,1.396926,1.335759,1.333070,1.399168,1.164014,0.752084,0.701925,0.751685,0.728922,0.716021,0.684342,0.647283,0.660533,0.673732,0.649724,0.619838,0.780376,1.046113,1.089647,1.083969,1.081728,1.051592,1.151761,1.322709,1.350453,1.325897,1.363902,1.440909,1.233051,0.864107,0.844830,0.906645,0.919546,0.926469,0.961635,0.993763,0.997349,1.032216,1.070371,1.091142,1.101552,1.107928,1.112012,1.123369,1.114901,1.084915,1.153504,1.255814,1.277033,1.276137,1.274692,1.255167,1.346817,1.494753,1.508601,1.481504,1.475975,1.499485,1.504317,1.486435,1.511340,1.514080,1.504317,1.548698,1.307816,0.941313,0.894840,0.952520,0.958497,1.000388,0.788694,0.429513,0.367001,0.401420,0.402267,0.405953,0.423237,0.430659,0.402765,0.393650,0.413673,0.419800,0.406501,0.410137
