0.424800,0.424500,0.426900,0.427200,0.427100,0.428500,0.431100,0.430200,0.427900,0.431200,0.433300,0.431100,0.429300,0.432400,0.436700,0.434800,0.433500,0.435700,0.437400,0.437100,0.435600,0.435300,0.436000,0.437800,0.440100,0.438900,0.436400,0.439300,0.442200,0.439500,0.433300,0.443900,0.430100,0.371300,0.570800,0.909900,0.936800,0.875800,0.875900,0.860100,0.844200,0.833400,0.809200,0.797200,0.764400,0.689900,0.860000,1.161700,1.168300,1.095600,1.084900,1.061000,1.043000,1.036000,1.014700,0.992200,0.970000,0.942200,0.956900,0.997700,0.991900,0.958800,0.954900,0.983900,0.799000,0.502500,0.466200,0.500700,0.482700,0.478500,0.466200,0.443200,0.441100,0.455100,0.446300,0.411300,0.568200,0.827900,0.863600,0.841600,0.861800,0.862300,0.902600,0.975400,1.000200,0.997800,1.027100,1.090600,0.937600,0.669400,0.660000,0.721700,0.730800,0.753400,0.782300,0.805500,0.827100,0.851900,0.879100,0.902400,0.916300,0.926400,0.946200,0.974200,0.986200,0.976000,1.074200,1.231300,1.256100,1.244700,1.254500,1.252200,1.288100,1.346600,1.352300,1.344500,1.348300,1.349000,1.347300,1.348200,1.351300,1.340000,1.348900,1.395200,1.222600,0.933200,0.906800,0.937100,0.937100,0.987100,0.776400,0.420900,0.385900,0.436800,0.419800,0.418600,0.424100,0.423700,0.424800,0.424000,0.422000,0.424000,0.427100,0.427600
0.467566,0.500505,0.516859,0.468397,0.426350,0.432408,0.466680,0.457731,0.423709,0.450590,0.502656,0.530203,0.514835,0.498558,0.516663,0.573494,0.623551,0.617041,0.546840,0.498612,0.483675,0.457752,0.473905,0.523592,0.530106,0.516748,0.517660,0.541444,0.562062,0.541312,0.480280,0.515283,0.573321,0.490694,0.732578,1.162962,1.145413,1.066642,1.146042,1.197773,1.137677,1.068541,1.150570,1.191526,1.095149,1.024445,1.318288,1.756033,1.749868,1.618034,1.584560,1.553413,1.465057,1.389702,1.438362,1.454026,1.365813,1.291651,1.434943,1.672186,1.642608,1.586323,1.657341,1.715123,1.456006,1.047800,0.972790,1.035123,1.030770,1.002690,0.928290,0.927290,1.043380,1.063790,0.949650,0.925600,1.169037,1.378434,1.360355,1.348971,1.349085,1.176503,1.293978,1.633242,1.610199,1.535856,1.632597,1.732352,1.404269,0.928696,1.023369,1.144251,1.049139,1.050823,1.118775,1.162177,1.148670,1.175203,1.223882,1.197500,1.243803,1.345238,1.311668,1.215549,1.163627,1.203612,1.290553,1.374785,1.407239,1.321320,1.205287,1.228451,1.357614,1.523535,1.666760,1.688675,1.619713,1.591535,1.559765,1.535607,1.581405,1.580818,1.588691,1.716279,1.455179,0.973938,0.970309,1.043612,0.975086,0.927765,0.726727,0.462735,0.445411,0.471440,0.448112,0.467823,0.442423,0.404987,0.477477,0.505026,0.436205,0.394181,0.413399,0.428801
0.414931,0.419457,0.437085,0.433949,0.427801,0.433275,0.444396,0.441178,0.429641,0.436172,0.446129,0.445170,0.434194,0.430925,0.439748,0.446929,0.443238,0.439221,0.454423,0.463135,0.453548,0.451282,0.457244,0.463810,0.463275,0.453510,0.448308,0.463105,0.465925,0.452210,0.451178,0.469309,0.454205,0.388909,0.589694,0.938582,0.971686,0.914520,0.920316,0.913805,0.896896,0.880378,0.863879,0.858662,0.820662,0.736213,0.912232,1.231125,1.243544,1.170833,1.160191,1.135201,1.112914,1.102617,1.083749,1.061551,1.034532,1.007136,1.043919,1.110309,1.096762,1.055254,1.060369,1.097152,0.893388,0.566296,0.525277,0.570611,0.561635,0.556012,0.538214,0.512558,0.516471,0.534457,0.524895,0.486562,0.638041,0.891468,0.927942,0.912379,0.931955,0.916690,0.967760,1.074086,1.105576,1.092807,1.118738,1.196545,1.027195,0.723931,0.720844,0.786961,0.783650,0.808639,0.832188,0.844621,0.876060,0.905520,0.923639,0.943093,0.956895,0.968186,0.988657,1.016228,1.021824,0.996669,1.092474,1.255043,1.267456,1.252374,1.266921,1.244553,1.296363,1.393452,1.394997,1.386876,1.401997,1.389808,1.379213,1.386484,1.391702,1.382124,1.397004,1.448515,1.257287,0.937908,0.909983,0.952423,0.958081,1.002274,0.786736,0.429063,0.383313,0.421776,0.406232,0.424092,0.440469,0.436499,0.432216,0.430003,0.426771,0.428216,0.425311,0.422061
0.417067,0.410769,0.377648,0.382859,0.381077,0.349550,0.316371,0.304421,0.330142,0.392097,0.419496,0.388568,0.339142,0.278811,0.266598,0.364821,0.397163,0.343476,0.367152,0.417729,0.437851,0.441969,0.442592,0.441674,0.431859,0.401195,0.369236,0.369421,0.383948,0.395665,0.408319,0.442641,0.471446,0.469745,0.594851,0.812837,0.874971,0.832466,0.785811,0.793999,0.848630,0.883172,0.843779,0.906174,0.982830,0.824495,0.893293,1.166557,1.151878,1.053143,1.021053,0.999308,1.034190,1.084598,1.036051,0.977766,0.961270,0.971130,1.049441,1.132163,1.103815,1.123556,1.201715,1.142894,0.864006,0.551305,0.513022,0.561763,0.549459,0.491017,0.401087,0.347265,0.406546,0.462154,0.446894,0.434342,0.633557,0.900482,0.869692,0.790975,0.781951,0.751109,0.902189,1.158478,1.170104,1.090443,1.110903,1.228630,1.062336,0.699348,0.628849,0.686607,0.698181,0.670699,0.685488,0.756967,0.817705,0.785493,0.727849,0.779690,0.811220,0.787516,0.799553,0.803588,0.764668,0.729035,0.871743,1.088449,1.077661,1.081183,1.144166,1.079401,1.174814,1.396353,1.385944,1.331706,1.352338,1.376992,1.386357,1.383373,1.373154,1.357904,1.379297,1.436716,1.214924,0.829097,0.734343,0.736348,0.729586,0.778030,0.620584,0.323818,0.248279,0.274505,0.294409,0.321772,0.314727,0.296727,0.329262,0.334144,0.302613,0.312785,0.346760,0.366570
0.399775,0.411870,0.449165,0.429092,0.409626,0.426279,0.448187,0.441520,0.417213,0.422764,0.448633,0.462892,0.450607,0.446067,0.464901,0.489123,0.490360,0.478909,0.517952,0.522735,0.480358,0.460487,0.485670,0.520180,0.500775,0.472026,0.475599,0.506820,0.508654,0.483100,0.485394,0.524684,0.526820,0.452964,0.655633,1.020290,1.039139,0.987430,1.033491,1.057988,1.041073,1.020807,1.047659,1.067375,1.010999,0.896053,1.090811,1.460834,1.477568,1.388014,1.368610,1.343662,1.308288,1.282477,1.278103,1.263781,1.219716,1.179829,1.297000,1.478408,1.453943,1.383966,1.415115,1.474643,1.214625,0.779001,0.703989,0.772698,0.784250,0.751011,0.720147,0.719745,0.727593,0.746787,0.732245,0.695401,0.847755,1.094249,1.127780,1.139275,1.159572,1.058260,1.146286,1.404667,1.455569,1.400100,1.425476,1.552045,1.303342,0.852902,0.867326,0.943529,0.896087,0.946082,0.974764,0.954596,0.998832,1.053074,1.074626,1.061833,1.060424,1.077095,1.088765,1.087317,1.058828,1.017808,1.132144,1.311994,1.298732,1.257352,1.250673,1.204590,1.298403,1.491553,1.532211,1.530780,1.542120,1.502247,1.478033,1.493842,1.504528,1.491433,1.521403,1.619040,1.361904,0.916247,0.898005,0.975020,0.954830,0.950341,0.739939,0.427642,0.387829,0.406810,0.383829,0.427697,0.452799,0.435378,0.438078,0.434972,0.412983,0.402754,0.413393,0.430551
0.458100,0.464863,0.446250,0.435955,0.429496,0.462278,0.455464,0.475340,0.463185,0.446832,0.442933,0.460517,0.500792,0.529165,0.536167,0.474646,0.487485,0.550856,0.530578,0.504220,0.511995,0.477778,0.477284,0.532624,0.519625,0.464204,0.464330,0.527364,0.548262,0.485661,0.459482,0.488804,0.525644,0.446498,0.676371,1.068962,1.064339,1.023554,1.047758,1.061270,1.018043,1.023065,1.049335,1.049646,0.983725,0.891273,1.139529,1.466636,1.426675,1.371001,1.378518,1.335159,1.280093,1.298116,1.271291,1.272970,1.250937,1.193836,1.218767,1.380028,1.386798,1.350778,1.364109,1.456394,1.189391,0.709126,0.670923,0.770755,0.755138,0.714254,0.707043,0.762891,0.701695,0.675540,0.675115,0.652965,0.765376,1.067181,1.086947,1.113057,1.148258,1.089962,1.180531,1.382700,1.473440,1.428251,1.408804,1.516527,1.262513,0.819260,0.855647,0.947855,0.910130,0.965709,1.011349,1.018186,0.998118,1.051608,1.103037,1.082249,1.080168,1.109914,1.077934,1.106337,1.088476,1.044673,1.138882,1.335669,1.342511,1.308008,1.325471,1.259841,1.340392,1.504533,1.509328,1.514487,1.537531,1.493315,1.487473,1.524925,1.474864,1.461077,1.549014,1.596554,1.342006,0.944449,0.913873,1.011536,1.045487,1.034177,0.750826,0.438109,0.416154,0.475040,0.433727,0.441033,0.457229,0.450887,0.450301,0.433726,0.447255,0.453787,0.447212,0.473801
0.449433,0.428075,0.445197,0.449375,0.471203,0.488144,0.457822,0.468521,0.506463,0.476303,0.454032,0.456226,0.489114,0.505777,0.495245,0.481228,0.470119,0.472940,0.496382,0.530196,0.534203,0.504929,0.497677,0.517676,0.508088,0.486820,0.478651,0.526426,0.530338,0.486606,0.487195,0.530183,0.545203,0.499583,0.711893,1.071375,1.105818,1.044738,1.042882,1.071786,1.061990,1.039391,1.022046,1.027152,0.978018,0.893747,1.115888,1.480417,1.494627,1.409253,1.392590,1.333810,1.309561,1.333393,1.306781,1.294829,1.283271,1.212279,1.245747,1.382627,1.402239,1.360019,1.388987,1.462374,1.189369,0.782297,0.739260,0.806870,0.782019,0.760731,0.746986,0.731700,0.691031,0.664917,0.645902,0.590579,0.773270,1.072692,1.090686,1.043844,1.055222,1.071806,1.208011,1.388033,1.405112,1.367053,1.400782,1.485923,1.248481,0.862185,0.890476,0.971396,0.929860,0.977747,1.021692,1.022868,1.023369,1.060726,1.093364,1.086772,1.095775,1.111980,1.089498,1.105115,1.122631,1.098137,1.175911,1.320039,1.300712,1.275578,1.275830,1.237083,1.330822,1.497392,1.521775,1.509857,1.525420,1.509877,1.540592,1.577967,1.500452,1.462465,1.526920,1.602696,1.358950,0.962199,0.918467,0.987123,1.005623,1.055259,0.800799,0.414293,0.413837,0.472288,0.427749,0.428698,0.428594,0.424031,0.459121,0.469544,0.446097,0.433252,0.438895,0.455508
0.445175,0.395770,0.425326,0.439456,0.452469,0.452841,0.453791,0.456466,0.435422,0.450351,0.450195,0.441512,0.464062,0.492012,0.500967,0.496870,0.474113,0.482533,0.483119,0.485855,0.501509,0.477819,0.472253,0.489994,0.480166,0.491655,0.497297,0.508651,0.489225,0.484329,0.526579,0.507764,0.510604,0.448890,0.692799,1.054504,1.079478,1.031258,1.041223,1.076313,1.092291,1.049093,1.000222,1.001789,0.985821,0.900725,1.118313,1.468015,1.498567,1.401984,1.372413,1.339297,1.307254,1.307073,1.287432,1.281012,1.285253,1.203162,1.258360,1.411258,1.444413,1.357074,1.360782,1.435723,1.195466,0.847167,0.779466,0.806919,0.789732,0.788987,0.749083,0.710146,0.682796,0.731460,0.727894,0.700682,0.816387,1.100210,1.114498,1.102852,1.086976,1.071910,1.186527,1.360449,1.373845,1.349302,1.398955,1.502998,1.271091,0.897031,0.877777,0.962640,0.942128,0.993030,0.992889,0.984498,1.024223,1.078105,1.109391,1.113843,1.112645,1.107531,1.088927,1.102588,1.133221,1.115812,1.172663,1.312385,1.273156,1.250542,1.251044,1.241887,1.338759,1.513717,1.525711,1.501025,1.502986,1.496859,1.484840,1.503253,1.496930,1.463059,1.485519,1.590933,1.349940,0.943776,0.927221,0.981689,0.952655,1.029123,0.811248,0.400094,0.439353,0.501388,0.439055,0.424371,0.425598,0.440518,0.458085,0.441688,0.430045,0.437082,0.438297,0.453877
0.462261,0.457684,0.441957,0.423259,0.424065,0.456617,0.441771,0.427003,0.411049,0.457847,0.465959,0.447241,0.470092,0.477239,0.480411,0.486018,0.495378,0.487841,0.481559,0.463132,0.457773,0.470289,0.486771,0.507490,0.489932,0.483352,0.479045,0.488928,0.475266,0.477662,0.511001,0.508634,0.486895,0.447726,0.698732,1.047192,1.071232,1.031244,1.047551,1.060485,1.047618,1.039373,0.995910,1.019688,1.026613,0.956428,1.139863,1.468168,1.442806,1.356063,1.373027,1.350738,1.312349,1.261745,1.246188,1.255260,1.258704,1.193815,1.265320,1.421499,1.405032,1.344511,1.372945,1.413962,1.161821,0.755963,0.718232,0.787352,0.769105,0.756823,0.718449,0.695722,0.680971,0.697304,0.707519,0.652808,0.804035,1.074479,1.101588,1.068960,1.078534,1.065004,1.161928,1.344197,1.370366,1.366090,1.400698,1.489087,1.288601,0.912888,0.866533,0.943936,0.940069,0.974870,1.005422,1.013369,1.013730,1.042674,1.091634,1.121080,1.119674,1.100325,1.097800,1.122555,1.135302,1.112236,1.156545,1.284119,1.290169,1.291284,1.296897,1.254904,1.331252,1.491401,1.512007,1.494596,1.505279,1.487166,1.471040,1.506621,1.502266,1.488296,1.526430,1.581978,1.345079,0.951557,0.918806,0.971429,0.949515,1.000418,0.764322,0.398962,0.413921,0.474806,0.427985,0.407487,0.427297,0.465871,0.439239,0.421825,0.432514,0.449489,0.469533,0.463951
0.392013,0.386775,0.360403,0.345273,0.365433,0.381599,0.340200,0.322103,0.363521,0.371117,0.376369,0.384388,0.364554,0.335885,0.331163,0.387693,0.413350,0.391461,0.411790,0.430327,0.416032,0.411951,0.428944,0.434247,0.410479,0.388729,0.391182,0.374382,0.373212,0.389844,0.414685,0.456652,0.436919,0.416626,0.575300,0.836715,0.864531,0.818208,0.826889,0.803368,0.826311,0.872183,0.860371,0.884769,0.903598,0.773989,0.875144,1.161209,1.137876,1.045000,1.033831,1.022777,1.034575,1.038347,0.986580,0.952956,0.946692,0.941839,1.016468,1.115524,1.100165,1.082783,1.100908,1.088871,0.862437,0.529646,0.462677,0.486070,0.464528,0.423089,0.398717,0.386912,0.397511,0.413316,0.411321,0.386519,0.571052,0.834477,0.854967,0.820712,0.842170,0.797043,0.887355,1.083627,1.132891,1.094700,1.116142,1.205967,1.030737,0.671488,0.599244,0.639235,0.663700,0.687478,0.725171,0.752251,0.772111,0.790950,0.819074,0.840072,0.820714,0.793631,0.822851,0.831976,0.794169,0.763583,0.917177,1.117816,1.124069,1.129412,1.188419,1.132391,1.185240,1.335483,1.345987,1.326361,1.344394,1.346624,1.364864,1.375153,1.360848,1.335799,1.356809,1.427755,1.208191,0.820923,0.763495,0.779454,0.763887,0.803248,0.633042,0.329035,0.280723,0.327411,0.328746,0.332403,0.337195,0.329669,0.328447,0.333450,0.332735,0.346742,0.379743,0.397660
0.329068,0.317657,0.327313,0.356910,0.350396,0.353023,0.333234,0.359385,0.388170,0.342803,0.354479,0.417325,0.352824,0.312856,0.336559,0.366414,0.382746,0.415150,0.445287,0.466211,0.446609,0.379121,0.397867,0.423722,0.401940,0.363888,0.379811,0.400311,0.402551,0.382276,0.390739,0.426089,0.420712,0.368537,0.538116,0.825874,0.894507,0.854837,0.836182,0.829418,0.854549,0.888835,0.883112,0.876566,0.826513,0.728353,0.856414,1.120752,1.115277,1.038803,1.036776,1.016642,1.018511,1.023434,1.007119,0.971049,0.952052,0.972264,1.042784,1.140438,1.146296,1.093159,1.149461,1.111074,0.893175,0.530159,0.457048,0.487170,0.458638,0.432700,0.414782,0.435909,0.432422,0.486349,0.462104,0.441002,0.547460,0.776554,0.839625,0.825835,0.843642,0.840894,0.920306,1.069038,1.133887,1.120872,1.131271,1.246633,1.026509,0.619632,0.568869,0.673883,0.692860,0.676625,0.714211,0.787439,0.814355,0.787393,0.766135,0.801569,0.795726,0.759628,0.793355,0.839211,0.802074,0.766330,0.911882,1.130036,1.144713,1.097816,1.118833,1.122721,1.216751,1.350881,1.350216,1.343120,1.356215,1.351340,1.329834,1.344620,1.346785,1.351641,1.325916,1.414552,1.198285,0.770908,0.752848,0.762954,0.789157,0.820344,0.654411,0.345079,0.265138,0.297845,0.343446,0.338676,0.326032,0.345413,0.343009,0.355307,0.341409,0.328873,0.332508,0.321951
0.400231,0.415968,0.453019,0.414355,0.412408,0.451720,0.470744,0.487510,0.458357,0.468059,0.477576,0.455335,0.452745,0.477883,0.512997,0.462175,0.464799,0.500959,0.486599,0.474832,0.519855,0.493392,0.476078,0.502012,0.510528,0.500553,0.478273,0.517837,0.511216,0.501761,0.485249,0.504373,0.517495,0.434737,0.660724,1.041267,1.095989,1.056546,1.075538,1.113791,1.087093,1.045801,1.026127,1.027027,0.995871,0.948430,1.131992,1.428941,1.416690,1.354971,1.374211,1.340544,1.305438,1.283858,1.290313,1.298569,1.257194,1.208903,1.311548,1.445364,1.419210,1.366060,1.391410,1.461310,1.161088,0.737728,0.699946,0.789753,0.780830,0.777272,0.771061,0.741245,0.730437,0.709974,0.730571,0.658828,0.793839,1.027584,1.077691,1.056034,1.072114,1.092394,1.201042,1.349226,1.397686,1.393650,1.410158,1.498993,1.268412,0.870534,0.854798,0.960782,0.959721,0.989721,1.002583,0.993091,1.003716,1.038668,1.096199,1.112499,1.088072,1.077284,1.067364,1.121550,1.169971,1.110890,1.153822,1.305443,1.313909,1.264159,1.249206,1.238761,1.350930,1.518605,1.521594,1.515420,1.549255,1.525994,1.496003,1.496174,1.505709,1.479264,1.521522,1.586409,1.348172,0.943090,0.894774,0.975529,0.974011,1.046012,0.811916,0.399529,0.372784,0.422500,0.405376,0.422471,0.424919,0.444610,0.443992,0.430603,0.440808,0.458596,0.446223,0.435416
0.441162,0.431027,0.443248,0.431347,0.455262,0.484898,0.469186,0.477033,0.496436,0.478948,0.467496,0.451071,0.485864,0.524123,0.515576,0.498360,0.501090,0.508731,0.464980,0.451594,0.485374,0.493567,0.470601,0.474324,0.508680,0.527130,0.484409,0.465330,0.477781,0.524420,0.511535,0.527576,0.555726,0.497403,0.680597,1.045317,1.086298,1.047921,1.087053,1.103126,1.061393,1.016783,1.006754,1.033838,1.010280,0.947429,1.130562,1.445599,1.442135,1.373854,1.367748,1.318021,1.303343,1.302333,1.288535,1.263112,1.243929,1.192265,1.303192,1.449356,1.425668,1.371711,1.396293,1.451389,1.175063,0.786253,0.704743,0.776638,0.783558,0.762594,0.732171,0.693882,0.719029,0.702975,0.699920,0.600662,0.761770,1.050626,1.098628,1.043731,1.028656,1.066507,1.212443,1.348108,1.386945,1.378218,1.418880,1.495898,1.257492,0.868870,0.860594,0.951360,0.959634,0.980389,1.000095,1.006014,1.011264,1.055338,1.110024,1.121321,1.117280,1.118220,1.100821,1.125177,1.175727,1.127043,1.177159,1.311930,1.309290,1.287952,1.278427,1.239819,1.358317,1.538312,1.548635,1.505627,1.508875,1.511379,1.513629,1.507061,1.492539,1.485358,1.537804,1.605348,1.367817,0.964466,0.900028,0.950264,0.950500,1.015867,0.799288,0.405846,0.397149,0.430097,0.400745,0.420807,0.433147,0.423327,0.443121,0.422942,0.418691,0.463425,0.492821,0.467464
0.464026,0.441395,0.424769,0.437654,0.478060,0.482104,0.442650,0.452111,0.497666,0.473729,0.445289,0.436215,0.464984,0.496359,0.485921,0.484163,0.485038,0.501831,0.478436,0.471780,0.468555,0.461807,0.464921,0.503500,0.521886,0.530859,0.499834,0.491378,0.482238,0.485383,0.522452,0.561268,0.501928,0.435920,0.658701,1.025246,1.065613,1.031319,1.067824,1.077665,1.035936,0.998095,1.016747,1.048409,0.967559,0.856061,1.067159,1.448093,1.451628,1.358436,1.352789,1.311030,1.301941,1.291650,1.264392,1.225079,1.209322,1.206036,1.306247,1.423399,1.408891,1.370309,1.403024,1.402734,1.167460,0.794888,0.737279,0.725907,0.718514,0.750027,0.736932,0.657083,0.685984,0.709799,0.675088,0.590377,0.727983,1.026540,1.090887,1.052976,1.051230,1.069292,1.184740,1.338639,1.378066,1.356029,1.396232,1.482939,1.274760,0.889643,0.852871,0.940604,0.958613,0.958397,0.967007,1.000129,1.031998,1.044868,1.062624,1.109221,1.141892,1.121841,1.129332,1.146825,1.144122,1.103927,1.166629,1.290483,1.292688,1.268193,1.258687,1.235483,1.318790,1.497254,1.541128,1.495220,1.466233,1.493182,1.496608,1.460157,1.497290,1.499357,1.490182,1.571073,1.342497,0.945418,0.908723,0.950891,0.953606,0.993742,0.793714,0.428630,0.427590,0.473912,0.424154,0.403277,0.410111,0.438453,0.437681,0.408884,0.435457,0.464491,0.467144,0.423946
0.460415,0.475414,0.441911,0.432716,0.462239,0.468920,0.436592,0.422054,0.455261,0.481963,0.462566,0.426353,0.452025,0.473659,0.470813,0.456151,0.472457,0.495693,0.456746,0.460114,0.488531,0.479045,0.491773,0.547158,0.536033,0.500339,0.481560,0.472697,0.477412,0.489367,0.530698,0.529425,0.462871,0.431029,0.666843,1.010804,1.066729,1.034466,1.076338,1.087827,1.059082,1.026297,1.051716,1.051262,0.975634,0.900011,1.093111,1.437833,1.444419,1.364652,1.348216,1.334604,1.315567,1.289464,1.270476,1.244736,1.215087,1.223723,1.294733,1.384833,1.371276,1.349115,1.363766,1.368579,1.129158,0.790408,0.703690,0.725118,0.729615,0.750020,0.703895,0.636597,0.666417,0.697766,0.659934,0.603337,0.758172,1.015298,1.067855,1.053722,1.068169,1.084750,1.208067,1.369136,1.401756,1.358366,1.391775,1.496523,1.278551,0.890420,0.846003,0.929667,0.943158,0.953477,0.978547,1.024900,1.033960,1.041689,1.069795,1.105558,1.124122,1.108032,1.115318,1.148713,1.151516,1.085055,1.148460,1.297316,1.301634,1.268102,1.279505,1.254045,1.351929,1.503217,1.543389,1.516876,1.508724,1.524168,1.493196,1.451021,1.504036,1.521003,1.524312,1.557286,1.309316,0.939993,0.921221,0.973348,0.962817,0.986177,0.772504,0.433454,0.446911,0.471645,0.409927,0.388248,0.431538,0.473101,0.429937,0.407420,0.466228,0.481399,0.459616,0.431214
0.461274,0.491056,0.461859,0.459572,0.456527,0.462833,0.445174,0.452070,0.448245,0.464932,0.476090,0.473944,0.471579,0.450457,0.454819,0.450758,0.473693,0.492405,0.462501,0.475956,0.529558,0.516632,0.494291,0.517698,0.508231,0.479108,0.468450,0.480897,0.490363,0.498823,0.530207,0.541448,0.498548,0.438613,0.664709,1.043405,1.082204,1.037350,1.071152,1.079072,1.044030,1.004696,1.034676,1.042692,0.974521,0.890279,1.094245,1.463903,1.463129,1.387824,1.370733,1.388224,1.350450,1.294773,1.280879,1.251597,1.216668,1.206376,1.283847,1.408303,1.391686,1.335172,1.345662,1.369450,1.133789,0.782063,0.704645,0.749134,0.728320,0.738481,0.675112,0.632831,0.650192,0.699006,0.687823,0.625116,0.783301,1.057753,1.107888,1.076542,1.076405,1.095678,1.238696,1.391513,1.414364,1.377997,1.400695,1.484164,1.255768,0.867096,0.851680,0.915738,0.915307,0.943946,0.997706,1.034528,1.010062,1.018098,1.089175,1.091122,1.115294,1.135058,1.135456,1.141117,1.168383,1.128918,1.184571,1.318864,1.303514,1.275302,1.290280,1.260931,1.371786,1.536784,1.565928,1.513995,1.514608,1.555609,1.522048,1.509849,1.524346,1.542959,1.538637,1.589389,1.358428,0.955973,0.919265,0.960117,0.959554,0.982184,0.781651,0.460095,0.449188,0.464812,0.396881,0.407180,0.444766,0.449423,0.429263,0.431503,0.462077,0.482251,0.457833,0.426757
0.327953,0.347806,0.368833,0.366489,0.357697,0.356106,0.355801,0.369203,0.353231,0.371349,0.385042,0.382181,0.357745,0.346921,0.354405,0.383883,0.396302,0.404418,0.423372,0.445917,0.438255,0.399547,0.398090,0.408534,0.380808,0.372980,0.386844,0.388498,0.400021,0.401433,0.389566,0.411996,0.463103,0.401159,0.540236,0.831620,0.879260,0.840805,0.827815,0.840094,0.859103,0.893092,0.870311,0.860451,0.843335,0.761404,0.878330,1.109525,1.128374,1.055941,1.032089,1.017657,1.021656,1.043891,1.032111,0.995620,0.973495,0.941715,1.025276,1.150881,1.143954,1.076575,1.101751,1.114572,0.887807,0.521801,0.465043,0.514859,0.482196,0.439590,0.414074,0.441417,0.441699,0.464046,0.433965,0.445357,0.562871,0.786897,0.842781,0.822270,0.820357,0.809504,0.891354,1.069836,1.130953,1.115228,1.122483,1.227614,1.005276,0.593059,0.572948,0.664794,0.667987,0.682578,0.727001,0.744442,0.771308,0.787634,0.792800,0.820876,0.810999,0.777389,0.788964,0.806974,0.807472,0.790774,0.934372,1.161238,1.155713,1.130468,1.139003,1.117350,1.191389,1.352458,1.374356,1.364247,1.366659,1.362393,1.373949,1.380986,1.367462,1.342122,1.335421,1.443848,1.235519,0.803090,0.760207,0.773346,0.766252,0.818252,0.632134,0.337082,0.286067,0.325867,0.335993,0.348965,0.347625,0.328484,0.343561,0.353742,0.323672,0.337380,0.372316,0.395576
0.307098,0.357739,0.392523,0.376375,0.348316,0.347116,0.336822,0.344421,0.351224,0.380726,0.378086,0.354080,0.359302,0.361505,0.349881,0.379082,0.392793,0.393638,0.414074,0.407503,0.403441,0.401063,0.413453,0.406367,0.393903,0.408838,0.399092,0.399305,0.410213,0.420723,0.393009,0.374262,0.423271,0.397464,0.577012,0.832387,0.857915,0.825410,0.819073,0.794246,0.831530,0.913360,0.858037,0.832892,0.826891,0.735640,0.857108,1.069220,1.074714,1.032372,1.021026,0.989211,0.989529,1.041066,1.010734,0.976463,0.965840,0.934424,1.021215,1.142288,1.124859,1.058045,1.078348,1.106132,0.886940,0.509883,0.451280,0.490281,0.471633,0.464019,0.444335,0.460375,0.470821,0.449694,0.410022,0.410171,0.558902,0.800191,0.814094,0.779040,0.818111,0.791197,0.877038,1.063323,1.104446,1.083462,1.110422,1.214834,0.994090,0.619797,0.585728,0.676520,0.678811,0.663092,0.704032,0.695906,0.726797,0.781696,0.827210,0.854991,0.812854,0.748577,0.783221,0.806911,0.773005,0.759786,0.897231,1.108416,1.151203,1.131555,1.104156,1.095943,1.189793,1.343887,1.370489,1.364031,1.352079,1.329500,1.322681,1.344171,1.340964,1.309873,1.315761,1.430280,1.227198,0.795160,0.739336,0.764390,0.755257,0.834063,0.639950,0.322536,0.283703,0.331494,0.349870,0.335705,0.350463,0.362501,0.358244,0.343736,0.330234,0.350828,0.344136,0.331729
0.455653,0.454753,0.443944,0.461065,0.486299,0.493269,0.469584,0.465228,0.460828,0.464586,0.463247,0.444744,0.466555,0.481418,0.476727,0.458779,0.469009,0.474941,0.462647,0.471115,0.498305,0.504800,0.480929,0.480640,0.523413,0.513613,0.517487,0.528036,0.520617,0.510895,0.541682,0.546051,0.474361,0.430210,0.675043,1.037986,1.051366,1.008963,1.068157,1.047141,1.010611,0.992065,1.007019,1.014501,0.953742,0.879618,1.076863,1.439337,1.434445,1.349118,1.349799,1.324178,1.316979,1.291050,1.247282,1.224998,1.201814,1.216865,1.286659,1.379170,1.368436,1.316636,1.287481,1.390638,1.157793,0.764572,0.680110,0.725397,0.746101,0.760434,0.749741,0.699860,0.686720,0.682739,0.643234,0.563663,0.766853,1.052123,1.059298,1.020382,1.040807,1.081007,1.219112,1.352135,1.366347,1.332499,1.388327,1.454208,1.233225,0.850247,0.867027,0.933835,0.915721,0.945610,0.959383,0.997932,0.998361,1.014674,1.089941,1.103931,1.113840,1.109168,1.116975,1.127750,1.125326,1.104184,1.172600,1.279495,1.298303,1.265384,1.257025,1.227168,1.348847,1.506340,1.539774,1.496666,1.524680,1.523276,1.483288,1.477643,1.505330,1.489716,1.475185,1.561929,1.347975,0.971116,0.919510,0.959371,0.959005,1.018140,0.807969,0.425693,0.442805,0.516405,0.428169,0.433285,0.433394,0.430676,0.423434,0.424810,0.448986,0.475616,0.449333,0.422172
0.479843,0.447574,0.426566,0.453338,0.489737,0.491222,0.487626,0.484614,0.479369,0.475857,0.471202,0.463986,0.466523,0.478010,0.489678,0.467917,0.458925,0.469174,0.491654,0.504233,0.480155,0.490484,0.486280,0.478941,0.495712,0.492416,0.511920,0.521353,0.508049,0.505031,0.542692,0.551335,0.473911,0.429587,0.656902,1.018032,1.071123,1.031837,1.062439,1.065578,1.036688,0.992008,0.981658,1.012136,0.965610,0.863871,1.068652,1.430162,1.443060,1.362557,1.340716,1.307564,1.294315,1.275233,1.269307,1.253358,1.224473,1.193762,1.272108,1.390258,1.364771,1.313729,1.349183,1.417765,1.157217,0.760798,0.664918,0.723307,0.740194,0.748594,0.725238,0.664029,0.667936,0.691819,0.662471,0.596977,0.763513,1.036753,1.057378,1.041998,1.058504,1.099126,1.227123,1.369292,1.394512,1.342299,1.381569,1.485569,1.262835,0.859854,0.842353,0.906871,0.917317,0.964376,0.993472,1.023290,1.036933,1.052435,1.080881,1.090163,1.104479,1.105761,1.094173,1.134054,1.164709,1.123383,1.177393,1.305171,1.298972,1.276776,1.287464,1.234330,1.346062,1.529759,1.524358,1.482462,1.482445,1.505422,1.488006,1.493167,1.529993,1.507950,1.497886,1.575199,1.370859,0.985396,0.939257,0.988282,0.973567,0.996992,0.782751,0.430328,0.425033,0.491443,0.436914,0.446101,0.442268,0.430585,0.437208,0.432380,0.425381,0.437955,0.459060,0.475628
0.486785,0.457099,0.427990,0.433207,0.442344,0.441257,0.480432,0.496127,0.485976,0.477356,0.472121,0.483816,0.477240,0.486112,0.495351,0.469322,0.464463,0.479114,0.498818,0.495410,0.477404,0.481101,0.484616,0.497480,0.503429,0.497632,0.516206,0.525387,0.505054,0.483483,0.512393,0.512621,0.456359,0.396439,0.653191,1.044355,1.106600,1.048738,1.044867,1.052628,1.052077,1.048866,1.002157,0.994411,0.976000,0.877729,1.076616,1.449683,1.443904,1.357208,1.351795,1.349272,1.327192,1.284547,1.267043,1.258217,1.249107,1.162863,1.232151,1.389216,1.357433,1.324078,1.380093,1.410637,1.133892,0.737230,0.658986,0.702805,0.696815,0.732094,0.721935,0.646241,0.644517,0.673626,0.671333,0.635774,0.786483,1.039386,1.056360,1.042287,1.068910,1.080211,1.187027,1.384150,1.394349,1.336519,1.375765,1.481354,1.272398,0.895346,0.837405,0.905584,0.916246,0.961995,0.989443,1.003886,1.021401,1.052508,1.085199,1.101201,1.097124,1.102483,1.110467,1.143104,1.137620,1.097177,1.132837,1.259989,1.283777,1.285776,1.296780,1.254400,1.369920,1.552931,1.543594,1.488638,1.476357,1.494639,1.489161,1.504819,1.518787,1.502100,1.494737,1.576450,1.346105,0.961479,0.938114,0.988160,0.965783,0.991841,0.778616,0.428721,0.408957,0.459737,0.425513,0.406794,0.438183,0.455121,0.434243,0.423180,0.435632,0.447399,0.439226,0.438731
0.446724,0.434566,0.437314,0.423881,0.412479,0.419937,0.464756,0.490665,0.460256,0.461343,0.457117,0.460249,0.480412,0.484256,0.451795,0.458933,0.476867,0.485347,0.482460,0.480359,0.478567,0.484678,0.496280,0.497811,0.509488,0.497972,0.481569,0.484502,0.487195,0.499362,0.509954,0.509376,0.482474,0.434934,0.686754,1.077502,1.083715,1.021470,1.035009,1.034977,1.055589,1.072926,1.010296,0.979930,0.978513,0.898889,1.078494,1.417935,1.422804,1.335142,1.333754,1.353535,1.334033,1.265032,1.224706,1.227370,1.226098,1.123116,1.204692,1.380714,1.343738,1.297971,1.304156,1.362365,1.106868,0.690220,0.638500,0.674285,0.669909,0.678900,0.670762,0.622939,0.615092,0.639825,0.648429,0.600395,0.749326,1.012928,1.045673,1.010749,1.019723,1.040865,1.148490,1.328445,1.332662,1.313671,1.369937,1.441503,1.247648,0.884934,0.834350,0.904179,0.919215,0.951487,0.970934,0.987323,0.999824,1.065458,1.096586,1.095472,1.083544,1.087817,1.105478,1.108901,1.099826,1.078140,1.133638,1.251619,1.282574,1.287362,1.278307,1.256647,1.351978,1.512180,1.534706,1.517395,1.507536,1.460931,1.463024,1.502423,1.506493,1.479075,1.475182,1.555333,1.329777,0.944474,0.908388,0.958966,0.958394,0.998537,0.781915,0.415869,0.382795,0.431096,0.398883,0.426551,0.435489,0.422177,0.412144,0.411162,0.429593,0.459145,0.445811,0.419283
0.407068,0.415873,0.459800,0.422231,0.414801,0.428201,0.462124,0.474770,0.452401,0.475081,0.487064,0.476088,0.463190,0.479423,0.493546,0.482779,0.491459,0.502483,0.482118,0.480731,0.483375,0.508843,0.518904,0.510986,0.479698,0.483579,0.495406,0.492869,0.500154,0.514625,0.524391,0.535555,0.536909,0.439559,0.662066,1.075871,1.109949,1.041372,1.040640,1.057587,1.071395,1.065132,0.999062,0.991217,1.000599,0.889926,1.073678,1.430315,1.441591,1.349081,1.357391,1.377046,1.339764,1.267392,1.275457,1.282904,1.218334,1.145501,1.245124,1.425164,1.397645,1.328165,1.303772,1.387469,1.149134,0.732111,0.667604,0.707445,0.703347,0.690965,0.671640,0.640212,0.623682,0.655703,0.684907,0.627994,0.775640,1.035376,1.071762,1.063295,1.081035,1.041702,1.150202,1.359849,1.396105,1.357489,1.394356,1.484332,1.286547,0.889896,0.851743,0.928083,0.968123,0.980965,0.965268,0.965632,1.018318,1.082440,1.093702,1.103163,1.095684,1.083878,1.119349,1.128659,1.113885,1.118542,1.198430,1.296848,1.295198,1.293403,1.299295,1.269974,1.350413,1.532840,1.564864,1.543862,1.518032,1.502298,1.502476,1.515462,1.530566,1.517557,1.516359,1.582947,1.351177,0.956132,0.913577,0.976408,0.994787,1.044037,0.796222,0.413941,0.372782,0.446636,0.430515,0.433473,0.424278,0.412746,0.406082,0.410155,0.416169,0.450518,0.452142,0.437740
0.324320,0.360163,0.364253,0.362151,0.349287,0.369994,0.331829,0.336978,0.368788,0.365022,0.361378,0.361303,0.353452,0.349406,0.365466,0.395020,0.393142,0.393394,0.423178,0.413338,0.398055,0.409891,0.428713,0.421041,0.403680,0.408564,0.394399,0.409018,0.413827,0.420676,0.396862,0.410324,0.408391,0.387560,0.547132,0.820717,0.866592,0.823509,0.814935,0.813868,0.845196,0.888856,0.864239,0.855810,0.824268,0.746667,0.872616,1.088419,1.069308,1.021493,1.019202,0.986289,0.986617,1.034833,1.013931,0.978742,0.944279,0.935277,1.030247,1.148458,1.143604,1.083378,1.089352,1.115081,0.901302,0.527883,0.470492,0.521644,0.501807,0.459523,0.433597,0.465419,0.488671,0.488653,0.445012,0.405060,0.548709,0.801451,0.845726,0.817491,0.819712,0.805005,0.888992,1.063836,1.145479,1.114375,1.112665,1.228238,1.027889,0.607192,0.575533,0.675162,0.686724,0.687312,0.699830,0.679987,0.746146,0.792143,0.802975,0.810215,0.797350,0.758346,0.795731,0.818153,0.794124,0.767210,0.928437,1.167235,1.146132,1.105351,1.114996,1.124324,1.199477,1.323561,1.341642,1.329075,1.348498,1.358372,1.353715,1.342551,1.334757,1.322682,1.356945,1.437093,1.209509,0.787180,0.748693,0.775559,0.788383,0.831132,0.631844,0.324477,0.273434,0.331800,0.360265,0.331084,0.328505,0.345029,0.354599,0.338215,0.318876,0.320535,0.369989,0.415051
0.310091,0.336340,0.334737,0.367198,0.361306,0.374786,0.375256,0.363880,0.367484,0.366705,0.363665,0.362619,0.368842,0.369979,0.377924,0.383829,0.384812,0.408009,0.416468,0.404436,0.375501,0.383324,0.396883,0.396325,0.414581,0.425944,0.402509,0.440732,0.440652,0.410356,0.405645,0.386735,0.353025,0.355444,0.551321,0.810829,0.823992,0.782536,0.811368,0.805719,0.844826,0.897597,0.859182,0.831961,0.801816,0.747769,0.869583,1.072935,1.052710,0.987487,0.979288,0.971983,0.969152,0.998847,0.977840,0.949771,0.920157,0.912807,0.995379,1.112542,1.113043,1.045375,1.032637,1.103364,0.878846,0.476970,0.432685,0.487271,0.449117,0.410471,0.415350,0.446881,0.454856,0.440581,0.403803,0.352925,0.515929,0.781993,0.810024,0.776446,0.798968,0.818703,0.899218,1.018546,1.093207,1.094850,1.101532,1.196038,0.983360,0.579114,0.571927,0.662572,0.663397,0.685200,0.701361,0.694989,0.739020,0.789156,0.827001,0.843111,0.781811,0.736404,0.760459,0.788470,0.774624,0.747063,0.899856,1.143184,1.138039,1.087807,1.087975,1.102153,1.193168,1.312438,1.305927,1.298702,1.329579,1.345213,1.339289,1.316828,1.318389,1.304353,1.331996,1.419329,1.198930,0.791581,0.747901,0.782830,0.788615,0.835951,0.626655,0.293299,0.272476,0.364879,0.359652,0.347246,0.345855,0.356680,0.370694,0.333828,0.294454,0.351181,0.372407,0.338821
0.433640,0.418292,0.437872,0.423165,0.450084,0.451448,0.488838,0.496120,0.477954,0.499709,0.485976,0.444579,0.462875,0.500702,0.497090,0.466392,0.483243,0.503501,0.486708,0.468023,0.471730,0.496477,0.509171,0.491090,0.504773,0.504226,0.502857,0.515680,0.513307,0.504067,0.521693,0.529115,0.495574,0.435484,0.679334,1.067503,1.135919,1.077936,1.062174,1.067665,1.075945,1.053063,0.996389,0.979729,0.991363,0.917449,1.089995,1.439241,1.450009,1.346186,1.354572,1.364702,1.333123,1.260541,1.297449,1.288174,1.210328,1.126177,1.204160,1.353405,1.356060,1.309735,1.290917,1.383799,1.143749,0.697204,0.612101,0.656849,0.658294,0.671680,0.682717,0.624387,0.569561,0.598696,0.654612,0.605915,0.752694,1.017416,1.046840,1.016073,1.004167,1.044695,1.165044,1.298194,1.348511,1.338244,1.374252,1.444750,1.233792,0.858085,0.820722,0.894014,0.924154,0.947790,0.943428,0.976952,1.014396,1.058518,1.076141,1.096627,1.094345,1.089543,1.090790,1.122202,1.115798,1.114688,1.174014,1.277832,1.302092,1.298865,1.314685,1.284766,1.369082,1.531589,1.549707,1.519015,1.490880,1.508116,1.502953,1.493958,1.531569,1.535319,1.517550,1.587126,1.363370,0.980645,0.929368,0.993846,1.003293,1.050244,0.792214,0.387194,0.367743,0.445680,0.447018,0.435283,0.425523,0.420125,0.407575,0.422526,0.446726,0.469509,0.434361,0.403217
0.473509,0.430561,0.402040,0.398822,0.441747,0.453409,0.469920,0.465583,0.470169,0.493762,0.484316,0.466326,0.464309,0.485135,0.508139,0.482503,0.471061,0.475780,0.483697,0.474096,0.458672,0.487279,0.510415,0.502899,0.493893,0.499241,0.510724,0.518396,0.515366,0.516043,0.514705,0.531463,0.520289,0.444033,0.674163,1.082481,1.134006,1.066405,1.067942,1.052272,1.051278,1.048122,1.038566,1.011552,0.973174,0.890978,1.100442,1.441279,1.433719,1.354426,1.370728,1.349443,1.298426,1.234995,1.246553,1.233023,1.185419,1.132068,1.219528,1.362721,1.360162,1.322710,1.310281,1.382393,1.135462,0.702664,0.659042,0.709837,0.689665,0.725646,0.721047,0.651985,0.623529,0.660508,0.697137,0.639682,0.768042,1.044102,1.074639,1.048802,1.041871,1.046858,1.144071,1.297796,1.382552,1.372938,1.373946,1.441980,1.234431,0.864495,0.829392,0.894556,0.906306,0.930738,0.944843,0.974716,1.015986,1.050494,1.058236,1.054233,1.081766,1.114142,1.101942,1.125870,1.141565,1.109457,1.136510,1.274905,1.318381,1.316551,1.326235,1.299129,1.383498,1.525367,1.533342,1.510342,1.501371,1.521338,1.513291,1.496346,1.535256,1.549966,1.542603,1.586610,1.358731,0.971851,0.939132,0.991563,0.982250,1.001874,0.778127,0.415330,0.358797,0.410416,0.422929,0.419757,0.411600,0.407213,0.396089,0.416192,0.443440,0.450033,0.450320,0.476911
0.457630,0.416969,0.404783,0.400581,0.422656,0.448455,0.463514,0.463321,0.468350,0.471389,0.450604,0.442313,0.462024,0.473713,0.466830,0.470430,0.466151,0.461590,0.466757,0.478298,0.470968,0.467180,0.493374,0.512407,0.489192,0.496104,0.521331,0.513047,0.501922,0.515520,0.511657,0.513314,0.509382,0.438339,0.665885,1.046968,1.096610,1.041367,1.063655,1.030651,1.032877,1.051079,1.047996,1.005719,0.934891,0.866263,1.081268,1.412389,1.398031,1.333561,1.352127,1.327536,1.281500,1.234270,1.195286,1.177716,1.152535,1.130799,1.221886,1.346889,1.351783,1.301719,1.283650,1.347976,1.114006,0.724925,0.673185,0.734515,0.719707,0.707631,0.667303,0.640536,0.630985,0.672541,0.699160,0.609501,0.762429,1.067291,1.062349,1.022671,1.034738,1.030962,1.144670,1.282338,1.343288,1.342595,1.375215,1.419430,1.229835,0.886301,0.844403,0.899080,0.914827,0.955958,0.972880,0.979123,1.018782,1.045492,1.036885,1.058014,1.076252,1.078508,1.090972,1.114912,1.126881,1.088795,1.140703,1.282321,1.322644,1.287244,1.275473,1.269320,1.365825,1.484307,1.526617,1.517379,1.520823,1.546637,1.528806,1.492719,1.511265,1.493232,1.496068,1.560017,1.351018,0.957345,0.902993,0.951900,0.939976,1.011241,0.783693,0.417699,0.371034,0.422578,0.406307,0.404144,0.405289,0.396972,0.410311,0.419122,0.436289,0.448116,0.452601,0.460607
0.465542,0.434888,0.424859,0.422073,0.441606,0.465153,0.480300,0.482223,0.449770,0.469385,0.475154,0.447767,0.439596,0.443130,0.429705,0.460190,0.486767,0.496361,0.467864,0.478695,0.502866,0.486224,0.494084,0.510775,0.482140,0.492074,0.522178,0.503525,0.483465,0.507581,0.504206,0.505397,0.501667,0.442633,0.660422,1.026656,1.114568,1.061615,1.048124,1.028608,1.029861,1.036762,1.013113,0.974213,0.907886,0.862676,1.076006,1.418313,1.410069,1.334002,1.331095,1.332640,1.283124,1.222815,1.226381,1.230607,1.182881,1.150434,1.249116,1.367033,1.360578,1.306335,1.304901,1.364022,1.115655,0.713337,0.709147,0.761078,0.712165,0.684406,0.666141,0.647431,0.665249,0.686172,0.660027,0.592649,0.770753,1.060000,1.058227,1.043352,1.076622,1.072753,1.154372,1.304227,1.346584,1.330863,1.359001,1.433979,1.255995,0.916407,0.850658,0.890997,0.909044,0.975582,0.995444,0.990284,1.001488,1.021754,1.025911,1.065402,1.078889,1.066630,1.079463,1.108269,1.115253,1.096792,1.176069,1.297948,1.320026,1.285666,1.251177,1.239901,1.347182,1.522886,1.551089,1.526189,1.540837,1.560968,1.547483,1.529288,1.531352,1.518304,1.484488,1.560501,1.348806,0.944275,0.888978,0.922407,0.928868,1.027867,0.815131,0.424913,0.381850,0.413930,0.393185,0.415878,0.438058,0.417614,0.419249,0.441807,0.452440,0.443267,0.430190,0.437018
0.461605,0.454567,0.418573,0.439666,0.466679,0.477295,0.483579,0.462729,0.425569,0.448659,0.462289,0.449252,0.446370,0.453211,0.461785,0.454179,0.475929,0.511554,0.472987,0.452601,0.477227,0.471880,0.485317,0.513496,0.478733,0.471446,0.501914,0.515910,0.511810,0.488773,0.481350,0.507712,0.496261,0.426546,0.631908,1.004325,1.089852,1.025884,1.007662,1.011789,1.006564,1.014614,0.994104,0.962701,0.896736,0.858720,1.067406,1.408358,1.416694,1.340916,1.337242,1.323802,1.300947,1.259916,1.233761,1.204988,1.158905,1.140200,1.235482,1.352212,1.338073,1.285673,1.303632,1.367832,1.119544,0.732321,0.706260,0.747962,0.697613,0.711020,0.694865,0.662338,0.697560,0.704368,0.652627,0.589428,0.756604,1.031718,1.052857,1.049416,1.071698,1.055393,1.137458,1.294836,1.330381,1.304785,1.335394,1.436885,1.228222,0.862911,0.816117,0.856487,0.839341,0.910130,0.959397,0.987482,0.975695,0.985339,1.022601,1.033888,1.043703,1.068287,1.092878,1.116626,1.116627,1.085869,1.156785,1.275036,1.278533,1.255103,1.253775,1.233024,1.333752,1.508567,1.521369,1.497408,1.538981,1.559542,1.512385,1.466568,1.513129,1.516169,1.484601,1.547373,1.330736,0.936668,0.888746,0.928996,0.938116,1.015836,0.800144,0.431683,0.403782,0.434139,0.382394,0.404259,0.437006,0.424185,0.431219,0.442975,0.420202,0.410078,0.427758,0.470018
0.312427,0.353920,0.338645,0.367852,0.338167,0.349417,0.360225,0.345227,0.349632,0.366062,0.358221,0.356430,0.366449,0.375955,0.385314,0.373696,0.378172,0.418945,0.417802,0.406418,0.406463,0.399593,0.386416,0.392062,0.412944,0.419711,0.395067,0.436157,0.432493,0.420175,0.399808,0.404379,0.379051,0.368407,0.548257,0.808984,0.830425,0.795885,0.796960,0.795155,0.839520,0.888012,0.832297,0.813093,0.803886,0.735228,0.858350,1.074183,1.071569,1.003791,0.985339,0.974390,0.983721,1.021787,0.991059,0.949067,0.924287,0.915707,1.002290,1.128890,1.083643,1.018060,1.052852,1.102724,0.851258,0.476770,0.415288,0.474070,0.454628,0.431003,0.426711,0.438676,0.459949,0.436459,0.376811,0.354055,0.511056,0.720070,0.777567,0.742453,0.763824,0.767948,0.875593,1.029560,1.042878,1.031114,1.092901,1.191336,0.966068,0.564591,0.544085,0.634797,0.643972,0.654605,0.691728,0.692354,0.728512,0.768110,0.797633,0.797712,0.788386,0.775823,0.777375,0.799353,0.804470,0.750696,0.887270,1.127145,1.128301,1.094422,1.100879,1.085744,1.182217,1.327133,1.343025,1.334446,1.358170,1.341452,1.321896,1.323767,1.339693,1.308993,1.297158,1.388845,1.185922,0.801071,0.749548,0.778262,0.790892,0.845877,0.639294,0.304045,0.286334,0.348519,0.334263,0.321243,0.334957,0.343425,0.360305,0.339102,0.304301,0.348415,0.359719,0.355986
0.339079,0.365195,0.379459,0.371424,0.364489,0.363952,0.355813,0.339149,0.361574,0.383110,0.375422,0.361058,0.354280,0.371785,0.406501,0.392172,0.395345,0.425093,0.424357,0.418422,0.403847,0.414125,0.407933,0.394098,0.427421,0.429106,0.399802,0.410992,0.423029,0.423183,0.420241,0.412280,0.374267,0.381666,0.552461,0.808557,0.843989,0.841422,0.839504,0.822599,0.837956,0.871262,0.841235,0.831461,0.821525,0.743837,0.879294,1.102578,1.076998,0.991565,0.985705,0.974667,0.991740,1.019164,0.961558,0.942345,0.953260,0.918371,0.975851,1.118381,1.095881,1.036664,1.077020,1.107659,0.844284,0.442085,0.389579,0.465479,0.463774,0.429002,0.423056,0.427586,0.435336,0.423412,0.393863,0.358434,0.525375,0.761422,0.803892,0.758069,0.754295,0.761582,0.865487,1.022934,1.055540,1.036640,1.086264,1.174921,0.944425,0.562160,0.560942,0.653239,0.651874,0.663204,0.681902,0.682561,0.706027,0.757350,0.802537,0.803554,0.789355,0.779112,0.781185,0.803652,0.795364,0.743343,0.874902,1.125496,1.169496,1.150460,1.121639,1.081473,1.183172,1.356681,1.347859,1.319176,1.323430,1.359476,1.341419,1.333476,1.340350,1.321818,1.320395,1.407049,1.194536,0.798755,0.752788,0.795084,0.797736,0.863677,0.648282,0.278640,0.255418,0.347010,0.339044,0.331809,0.336285,0.321303,0.332757,0.323457,0.309581,0.356368,0.348477,0.329477
0.470820,0.435647,0.427846,0.424888,0.459402,0.476067,0.463763,0.461777,0.452294,0.473003,0.451101,0.407891,0.443450,0.486531,0.465967,0.448413,0.461407,0.493854,0.484522,0.478598,0.476504,0.475886,0.481612,0.480141,0.486762,0.490420,0.507930,0.499063,0.507171,0.484577,0.499848,0.516189,0.497285,0.423432,0.644557,1.004770,1.107524,1.063436,1.062903,1.034497,1.013085,1.009820,1.027564,0.989686,0.905239,0.859008,1.085069,1.442707,1.415011,1.330446,1.339043,1.310779,1.299402,1.268253,1.207574,1.173061,1.181688,1.161426,1.201021,1.269565,1.269423,1.235863,1.226645,1.285384,1.046129,0.698668,0.664773,0.672995,0.648926,0.663546,0.650857,0.618678,0.633524,0.688269,0.665449,0.581592,0.738398,1.072632,1.056072,1.028378,1.001966,0.987526,1.065937,1.233288,1.237182,1.215244,1.262209,1.331722,1.140184,0.844095,0.820534,0.869495,0.851879,0.902190,0.935255,0.968195,0.973449,0.983240,0.996950,1.018686,1.050264,1.087022,1.123810,1.133439,1.123613,1.091806,1.148714,1.256737,1.321560,1.319157,1.292803,1.258653,1.328641,1.451423,1.464873,1.436331,1.463641,1.491132,1.461230,1.418114,1.458742,1.469676,1.436672,1.496452,1.289404,0.927222,0.887004,0.943012,0.955068,1.042986,0.820783,0.413771,0.360700,0.409131,0.389347,0.420048,0.434172,0.425521,0.428201,0.448069,0.455621,0.421484,0.413357,0.431725
0.439092,0.418228,0.394886,0.399577,0.416019,0.434236,0.470325,0.456717,0.416533,0.439463,0.450325,0.394537,0.428786,0.464898,0.438531,0.414171,0.432535,0.474392,0.442361,0.431820,0.467398,0.471039,0.452048,0.446963,0.464856,0.478196,0.489730,0.485184,0.469368,0.455782,0.472270,0.490849,0.471022,0.395766,0.606346,0.969121,1.045495,1.002046,1.009895,0.998026,0.993050,0.979399,0.942058,0.912070,0.872659,0.815664,1.028060,1.344179,1.368397,1.296569,1.283961,1.256481,1.219613,1.194125,1.184637,1.156265,1.134059,1.093202,1.115696,1.161823,1.177360,1.137641,1.099689,1.151784,0.976328,0.661408,0.623930,0.628412,0.599077,0.610728,0.587163,0.558613,0.579981,0.621531,0.613733,0.529748,0.684572,0.975299,1.001698,0.960942,0.959935,0.954943,1.011623,1.131863,1.122642,1.104744,1.170719,1.224218,1.056809,0.814270,0.772412,0.815968,0.849501,0.869182,0.901583,0.937356,0.950775,0.955865,0.978206,0.996854,1.011998,1.029740,1.044269,1.078177,1.081779,1.052882,1.110661,1.231485,1.251017,1.250676,1.254413,1.231890,1.254727,1.341711,1.367615,1.355798,1.365611,1.370833,1.348267,1.329701,1.359114,1.356020,1.326153,1.368433,1.195448,0.914843,0.884806,0.914235,0.914875,0.973878,0.778113,0.416372,0.364111,0.396391,0.383668,0.411026,0.417842,0.392684,0.412103,0.426167,0.414310,0.410582,0.434061,0.447867
0.437850,0.428331,0.413933,0.429956,0.414782,0.415780,0.458367,0.445192,0.393792,0.432829,0.461080,0.435850,0.431753,0.454821,0.465109,0.425858,0.444823,0.485098,0.471601,0.440200,0.462943,0.493285,0.480187,0.456818,0.470080,0.494527,0.497413,0.482529,0.469766,0.475369,0.457795,0.461757,0.451064,0.417001,0.640210,0.992973,1.053306,1.038674,1.055995,1.040472,1.025749,0.986623,0.932626,0.931747,0.914160,0.845345,1.025104,1.317876,1.370694,1.320510,1.300095,1.279580,1.234645,1.193693,1.211989,1.210664,1.179213,1.142618,1.135862,1.176322,1.173207,1.142166,1.142376,1.164934,0.989819,0.663104,0.654790,0.692687,0.648021,0.645298,0.604409,0.546849,0.569213,0.619079,0.636523,0.565551,0.716998,0.990613,1.034291,0.976372,0.994498,1.000366,1.043230,1.126296,1.128853,1.110845,1.179304,1.254784,1.108504,0.826173,0.801495,0.838823,0.841849,0.861834,0.896236,0.940114,0.956428,0.968889,0.999968,1.035402,1.064617,1.064248,1.080593,1.087398,1.070888,1.064819,1.156738,1.281805,1.281522,1.266694,1.268712,1.257022,1.274436,1.347927,1.366661,1.376303,1.378521,1.398918,1.372940,1.345034,1.360676,1.338330,1.337541,1.395421,1.228758,0.942080,0.913955,0.937117,0.936856,0.994835,0.783957,0.423843,0.391218,0.443865,0.420327,0.421474,0.420231,0.386891,0.410882,0.425393,0.413829,0.414393,0.417972,0.415384
0.427157,0.417992,0.418423,0.425665,0.412797,0.415737,0.467120,0.453699,0.415686,0.425559,0.452992,0.435543,0.445701,0.472922,0.473893,0.447586,0.463181,0.493593,0.485347,0.455658,0.447588,0.490000,0.478221,0.436689,0.479835,0.518006,0.493363,0.488065,0.475197,0.456487,0.445497,0.457495,0.475072,0.424716,0.633199,1.019211,1.060612,1.031953,1.044171,1.065782,1.036982,1.003908,0.982275,0.971009,0.916581,0.836542,1.026889,1.366215,1.385350,1.316653,1.307007,1.268974,1.232721,1.217375,1.209727,1.212279,1.226730,1.192111,1.136430,1.126324,1.094300,1.062294,1.119197,1.137810,0.945326,0.687346,0.697376,0.720739,0.655243,0.663960,0.667772,0.633053,0.605967,0.638746,0.651304,0.572067,0.717075,1.013191,1.019591,0.987078,1.020272,1.036048,1.070643,1.080821,1.065814,1.087793,1.149253,1.183827,1.038089,0.812962,0.851625,0.874903,0.829063,0.847506,0.891437,0.938677,0.987300,0.998407,1.019375,1.029398,1.068898,1.106094,1.112865,1.099958,1.094378,1.095399,1.171493,1.278087,1.295446,1.293116,1.287670,1.279182,1.276073,1.264651,1.272427,1.298250,1.291306,1.286520,1.289041,1.314390,1.296519,1.259252,1.263218,1.328440,1.182678,0.928332,0.896468,0.927906,0.950941,1.007483,0.803371,0.441360,0.393387,0.450014,0.429572,0.417199,0.421741,0.434157,0.441104,0.438948,0.420521,0.424448,0.422205,0.424256
0.439307,0.413707,0.410910,0.407677,0.414188,0.439394,0.487468,0.464284,0.424664,0.451402,0.466679,0.406980,0.440201,0.481366,0.486736,0.465586,0.482259,0.486193,0.471460,0.446330,0.441868,0.480303,0.486290,0.461133,0.492036,0.506845,0.475394,0.474753,0.476549,0.472671,0.483175,0.513553,0.494947,0.403963,0.607867,1.016906,1.065470,1.015409,1.036425,1.083447,1.046547,1.007961,1.026443,1.010738,0.922287,0.827121,1.032357,1.387293,1.378062,1.313827,1.312946,1.251325,1.222671,1.253306,1.217382,1.209601,1.221017,1.185217,1.110080,1.059746,1.036077,1.039245,1.042773,1.030586,0.870371,0.718151,0.700750,0.720423,0.678001,0.686956,0.680372,0.620286,0.634980,0.660429,0.643634,0.559259,0.716787,1.001151,0.997484,0.972405,1.020698,1.033942,1.062403,1.042528,1.020993,1.058530,1.113061,1.077992,0.958071,0.826141,0.804558,0.833221,0.833013,0.839422,0.889183,0.954607,0.995248,1.013547,1.046175,1.044933,1.057029,1.088598,1.098800,1.102005,1.098576,1.083394,1.143648,1.261986,1.292507,1.267077,1.266136,1.265442,1.262611,1.189280,1.199783,1.222419,1.269195,1.217761,1.218382,1.267275,1.226925,1.174621,1.186417,1.244216,1.131643,0.929832,0.890684,0.927820,0.944408,0.995763,0.778604,0.412368,0.369705,0.441254,0.435224,0.388696,0.391171,0.414122,0.464887,0.436308,0.396983,0.406848,0.455678,0.466018
0.324670,0.345791,0.318336,0.345274,0.345951,0.351942,0.348378,0.343259,0.355971,0.375352,0.354853,0.346361,0.334260,0.342872,0.361982,0.382873,0.376570,0.375034,0.380779,0.378445,0.374612,0.380096,0.399095,0.406987,0.398661,0.383540,0.371476,0.390816,0.411400,0.422963,0.413324,0.403912,0.368601,0.348354,0.542856,0.802460,0.824766,0.774852,0.783198,0.781128,0.811878,0.849347,0.846248,0.818532,0.797753,0.712574,0.832387,1.054554,1.035562,0.954757,0.949396,0.934247,0.944210,0.974457,0.917793,0.897795,0.886563,0.879201,0.904799,1.003345,1.018280,0.993937,0.986540,1.009554,0.772039,0.420561,0.386586,0.441610,0.433457,0.433790,0.411229,0.388881,0.388275,0.434128,0.393079,0.348803,0.487369,0.724370,0.746380,0.719055,0.732382,0.745612,0.817456,0.939684,1.001308,0.998467,1.015575,1.080129,0.878648,0.535340,0.556009,0.648362,0.649957,0.641934,0.662980,0.669066,0.691046,0.734785,0.770242,0.770233,0.757633,0.730535,0.736271,0.759962,0.749945,0.721154,0.841969,1.079797,1.124528,1.088381,1.046280,1.052107,1.144341,1.270712,1.243304,1.241584,1.263357,1.264607,1.239827,1.236195,1.252374,1.245901,1.257849,1.336664,1.136040,0.760393,0.737274,0.780839,0.769773,0.801628,0.602097,0.289117,0.264957,0.336936,0.316576,0.317698,0.312654,0.307834,0.323247,0.321434,0.309497,0.331563,0.343919,0.333826
0.334236,0.337710,0.312141,0.322423,0.340834,0.341145,0.341938,0.342282,0.354967,0.366971,0.351081,0.316692,0.314165,0.336767,0.355704,0.361295,0.365698,0.375655,0.367735,0.382062,0.397246,0.390649,0.380292,0.393117,0.381003,0.362455,0.344716,0.373760,0.399546,0.394356,0.420648,0.412467,0.362549,0.327330,0.514647,0.795755,0.824821,0.770671,0.779414,0.795155,0.812626,0.816043,0.819573,0.802130,0.774810,0.692076,0.817072,1.047446,1.053092,0.976402,0.961454,0.963175,0.965769,0.949910,0.930732,0.915637,0.877731,0.886119,0.895532,0.972656,0.997838,0.975604,0.940616,0.965207,0.717101,0.387145,0.369952,0.408530,0.354249,0.377094,0.366798,0.360464,0.327551,0.356796,0.368803,0.325251,0.462299,0.679338,0.732651,0.700568,0.698496,0.698007,0.773772,0.861489,0.924259,0.929816,0.949340,1.046673,0.860871,0.539962,0.553621,0.628508,0.603659,0.634850,0.675256,0.679059,0.674816,0.698695,0.753368,0.771912,0.752941,0.732982,0.756374,0.774829,0.752612,0.712614,0.849232,1.091184,1.122753,1.075304,1.063926,1.063742,1.125173,1.234452,1.244803,1.213483,1.211954,1.223155,1.224763,1.196281,1.225509,1.229487,1.223902,1.289356,1.111927,0.770212,0.740710,0.783643,0.793637,0.820338,0.611415,0.299178,0.266833,0.315572,0.306466,0.328413,0.328081,0.320235,0.318460,0.322985,0.325733,0.342917,0.339480,0.331400
0.459053,0.411081,0.410347,0.401990,0.403412,0.409791,0.449846,0.453236,0.420006,0.432107,0.470536,0.446643,0.453788,0.478404,0.468605,0.426589,0.454314,0.479438,0.448709,0.427944,0.451924,0.461388,0.458980,0.453904,0.463440,0.490063,0.499350,0.480422,0.464678,0.459466,0.487191,0.512080,0.481611,0.401067,0.622053,1.019353,1.077058,1.027260,1.035327,1.072554,1.026337,0.969128,0.988165,0.995693,0.891701,0.805904,0.990893,1.373288,1.398717,1.350823,1.333126,1.296600,1.249121,1.229466,1.227329,1.220476,1.206822,1.185090,1.092943,0.989241,0.975138,0.995467,0.965230,0.928635,0.799958,0.607141,0.664316,0.687603,0.611878,0.615018,0.646140,0.606503,0.591411,0.564751,0.572844,0.513008,0.692982,0.991114,0.991547,0.956853,1.009585,1.042500,0.997745,0.954966,0.934832,0.945580,1.006682,1.032530,0.955144,0.858640,0.828132,0.827977,0.816013,0.845737,0.902172,0.990102,0.988579,0.973976,1.000289,1.039259,1.068826,1.097195,1.118681,1.116204,1.085215,1.063730,1.161534,1.291114,1.296708,1.268819,1.287591,1.268791,1.247487,1.194710,1.216148,1.218710,1.187194,1.169701,1.193890,1.212252,1.191502,1.163693,1.168799,1.218260,1.092410,0.906244,0.891601,0.930639,0.951585,1.002777,0.785071,0.417274,0.386771,0.445830,0.428914,0.402124,0.416826,0.397232,0.427107,0.431127,0.432064,0.437178,0.421128,0.420112
0.437138,0.432168,0.421497,0.421065,0.406773,0.405439,0.447089,0.455358,0.423793,0.416662,0.433746,0.463613,0.481395,0.492305,0.465018,0.455633,0.458676,0.466041,0.437096,0.428184,0.426316,0.441208,0.465093,0.464500,0.484430,0.483560,0.480797,0.471141,0.476493,0.494035,0.466994,0.474101,0.475551,0.430187,0.649627,1.023587,1.063522,1.011755,1.030470,1.034251,1.000969,0.974662,0.990029,0.994414,0.934318,0.841361,1.012913,1.346342,1.363662,1.306219,1.309615,1.271304,1.243404,1.241893,1.204329,1.192542,1.198041,1.158228,1.096727,1.057055,1.032119,1.021240,1.015031,1.013890,0.883542,0.678305,0.707861,0.703296,0.638503,0.647189,0.699804,0.655740,0.638242,0.620771,0.605837,0.558508,0.740316,1.042437,1.020242,0.979987,1.032571,1.064163,1.036346,0.998778,1.013906,1.035208,1.080707,1.083476,0.971672,0.826261,0.819115,0.864595,0.864533,0.868578,0.887437,0.952919,1.002929,0.985209,0.981201,1.025600,1.056431,1.063257,1.090841,1.106327,1.086867,1.068127,1.147394,1.281270,1.289769,1.257808,1.268160,1.255284,1.252994,1.251579,1.257499,1.255454,1.233979,1.235181,1.236384,1.219064,1.238345,1.225173,1.225702,1.276633,1.135803,0.904234,0.919303,0.936358,0.927894,1.012205,0.778660,0.387211,0.379436,0.456151,0.418375,0.410040,0.422199,0.388414,0.409307,0.425177,0.403651,0.403177,0.425639,0.441644
0.406592,0.412149,0.412347,0.403424,0.402233,0.393412,0.432661,0.459848,0.448226,0.412811,0.396340,0.439191,0.443505,0.455413,0.452771,0.472889,0.465838,0.457175,0.436284,0.439452,0.428859,0.433286,0.463864,0.515427,0.507850,0.479217,0.447432,0.459151,0.487414,0.498424,0.482493,0.487360,0.465060,0.420303,0.645569,1.002069,1.038944,0.980622,1.000398,0.991118,0.983159,0.972915,0.951409,0.944344,0.927246,0.835208,0.996399,1.306245,1.322469,1.273598,1.269320,1.217118,1.206198,1.221421,1.155708,1.140751,1.148181,1.117819,1.079946,1.055020,1.058395,1.036231,1.041190,1.063261,0.935554,0.698604,0.693216,0.678712,0.616601,0.645155,0.667911,0.616384,0.601563,0.616880,0.610645,0.550976,0.715846,0.989790,1.010683,0.946292,0.981318,1.003775,1.020466,1.016332,1.053592,1.071874,1.087198,1.120257,0.991073,0.787470,0.797903,0.850728,0.834883,0.857557,0.886647,0.922257,0.981258,0.983319,0.939526,0.989897,1.031852,1.040917,1.070888,1.087059,1.079840,1.077381,1.133079,1.216168,1.249397,1.226459,1.223081,1.251933,1.258609,1.268317,1.273409,1.268542,1.253810,1.280299,1.282647,1.272086,1.258864,1.244330,1.247732,1.300099,1.155725,0.903446,0.908340,0.937957,0.931955,1.019471,0.784699,0.398557,0.369242,0.427001,0.370035,0.403137,0.419635,0.397350,0.418223,0.420970,0.384146,0.382677,0.432262,0.450895
0.410945,0.402666,0.428446,0.415132,0.419879,0.428168,0.447732,0.462984,0.456289,0.442113,0.423188,0.416032,0.425960,0.449538,0.460193,0.467325,0.467786,0.469638,0.445945,0.441224,0.451382,0.455362,0.473010,0.501480,0.500588,0.496659,0.481076,0.481790,0.495492,0.488699,0.508097,0.494753,0.460926,0.415005,0.630839,0.991771,1.055056,1.016155,1.027596,0.998174,0.969332,0.968721,0.962090,0.957936,0.911827,0.841496,1.027120,1.333730,1.344843,1.288426,1.282463,1.244890,1.236933,1.226508,1.165499,1.150031,1.162817,1.118364,1.084837,1.059778,1.051158,1.023673,1.030751,1.030149,0.897888,0.668025,0.650209,0.658851,0.616544,0.629300,0.637514,0.602817,0.593720,0.598754,0.586686,0.519847,0.683436,0.973145,0.975495,0.936293,0.975710,0.999990,1.016042,1.031277,1.058126,1.061483,1.084067,1.142987,1.012417,0.782323,0.774388,0.823200,0.817323,0.839158,0.880068,0.909393,0.964833,0.980338,0.983851,1.004146,1.035822,1.044921,1.064587,1.082717,1.098604,1.085297,1.155791,1.250847,1.236568,1.226473,1.257758,1.282437,1.272900,1.269634,1.279327,1.269372,1.245933,1.256872,1.276604,1.286103,1.266777,1.265310,1.287942,1.317857,1.151789,0.892434,0.915368,0.953532,0.936221,0.994787,0.789020,0.438550,0.387045,0.434552,0.396540,0.410448,0.423288,0.417340,0.450613,0.430764,0.393745,0.387886,0.420091,0.431719
0.412867,0.422047,0.435469,0.452774,0.436903,0.419535,0.431468,0.439082,0.451056,0.461618,0.442756,0.415397,0.419590,0.431297,0.439218,0.456549,0.476886,0.474572,0.454856,0.443005,0.437837,0.463318,0.481379,0.483031,0.510589,0.488640,0.454291,0.481599,0.497702,0.480163,0.487761,0.484414,0.467347,0.448515,0.671737,1.015624,1.076824,1.034609,1.026108,0.974395,0.942457,0.970037,0.939666,0.955911,0.932772,0.848658,1.017835,1.318415,1.332243,1.269853,1.268100,1.266676,1.234872,1.211756,1.213223,1.190726,1.158421,1.106101,1.095521,1.076295,1.090780,1.077581,1.020087,1.039195,0.883148,0.626717,0.588914,0.615292,0.623757,0.608800,0.599051,0.587080,0.591962,0.583804,0.552106,0.529552,0.677306,0.953434,0.963562,0.983357,1.004246,1.014678,1.025508,1.050136,1.078242,1.075276,1.070386,1.155479,1.029298,0.773825,0.768471,0.794505,0.805895,0.860408,0.895252,0.903003,0.953760,0.984231,1.005645,1.010159,1.027266,1.038892,1.083586,1.098769,1.090447,1.073660,1.156984,1.278175,1.264600,1.244076,1.252285,1.240917,1.249415,1.247161,1.256176,1.279620,1.267657,1.254392,1.251757,1.284577,1.285107,1.289816,1.280094,1.315532,1.165450,0.914218,0.914318,0.939627,0.930218,0.984085,0.789002,0.444806,0.407731,0.438411,0.403006,0.424939,0.433828,0.416468,0.440112,0.439929,0.405275,0.384162,0.381907,0.410879
0.338255,0.342770,0.296915,0.320538,0.332542,0.328272,0.337822,0.332924,0.334999,0.371305,0.376530,0.328641,0.321299,0.352994,0.359614,0.348638,0.357069,0.388701,0.388267,0.386996,0.384701,0.394996,0.376391,0.361325,0.376985,0.383123,0.359587,0.378775,0.399725,0.389671,0.385630,0.383699,0.362270,0.350246,0.520966,0.787811,0.827042,0.792463,0.779593,0.781783,0.804121,0.823744,0.815446,0.798660,0.785735,0.719735,0.841158,1.048403,1.033305,0.942910,0.931376,0.944672,0.933937,0.912676,0.927708,0.922210,0.856198,0.843216,0.866271,0.929154,0.959286,0.917876,0.859894,0.903808,0.711745,0.370791,0.324570,0.369790,0.328818,0.328141,0.334846,0.364760,0.321101,0.313224,0.337970,0.329455,0.482458,0.679800,0.727670,0.699937,0.718412,0.701841,0.758128,0.846242,0.887505,0.877237,0.914394,0.998006,0.839975,0.527102,0.523153,0.593902,0.612720,0.619503,0.637690,0.651656,0.664343,0.695211,0.766827,0.754632,0.725219,0.725889,0.754329,0.773633,0.759755,0.710054,0.837393,1.088152,1.121033,1.099495,1.092440,1.072069,1.115543,1.201921,1.234443,1.196070,1.219001,1.187733,1.201169,1.196180,1.214850,1.200666,1.197767,1.252036,1.074732,0.764694,0.722365,0.774349,0.790226,0.838257,0.643674,0.297143,0.254737,0.313638,0.339583,0.359073,0.339205,0.319127,0.322846,0.328832,0.321975,0.341265,0.335797,0.312553
0.332575,0.331818,0.292098,0.321500,0.337172,0.318495,0.324310,0.321783,0.323613,0.361429,0.371040,0.323347,0.315704,0.342603,0.362859,0.342323,0.344361,0.385386,0.403065,0.402050,0.394952,0.398361,0.368702,0.350830,0.352609,0.382432,0.384465,0.389356,0.396519,0.398162,0.378675,0.372637,0.367370,0.372371,0.530795,0.789076,0.840841,0.804771,0.784129,0.789889,0.809156,0.808319,0.803472,0.787611,0.729498,0.686972,0.827301,1.033944,1.020998,0.938961,0.928686,0.915500,0.909051,0.918015,0.901942,0.874736,0.852559,0.844459,0.815785,0.774917,0.810138,0.776945,0.716012,0.741961,0.631553,0.378155,0.347592,0.386810,0.371658,0.394279,0.373443,0.318948,0.323410,0.333523,0.337297,0.299798,0.440633,0.659350,0.715343,0.681876,0.684477,0.690599,0.711924,0.731182,0.711856,0.720706,0.780891,0.824970,0.719375,0.487672,0.506021,0.569867,0.584329,0.578062,0.600870,0.655496,0.681743,0.697124,0.722497,0.719838,0.708912,0.713746,0.738667,0.757800,0.751475,0.710032,0.850884,1.088663,1.117184,1.114911,1.140679,1.115981,1.106878,1.108775,1.117379,1.091449,1.082319,1.076371,1.076498,1.082888,1.080476,1.072119,1.096753,1.122969,0.968271,0.750269,0.731603,0.767504,0.778875,0.832005,0.631073,0.272962,0.238173,0.325233,0.352441,0.353547,0.334566,0.325322,0.318817,0.324183,0.319883,0.323911,0.323296,0.309121
0.393645,0.395124,0.437651,0.467421,0.448937,0.409203,0.409428,0.436700,0.457121,0.432307,0.409702,0.441006,0.428502,0.428678,0.463842,0.475054,0.475534,0.460594,0.458964,0.462155,0.451959,0.443871,0.475704,0.484435,0.482908,0.472339,0.494558,0.487610,0.488048,0.488477,0.458592,0.463417,0.488464,0.465297,0.686757,1.031594,1.078651,1.018697,1.029566,0.995389,0.957040,0.936999,0.928888,0.929612,0.871026,0.803824,0.987804,1.304945,1.309931,1.242384,1.223817,1.197307,1.197228,1.190309,1.152720,1.136713,1.135441,1.062731,1.029594,1.018527,1.008663,0.997678,0.984093,1.014165,0.840413,0.618857,0.586235,0.613003,0.644651,0.625256,0.601645,0.567992,0.543326,0.565401,0.549548,0.496800,0.631235,0.916870,0.965646,0.976688,0.970271,1.010103,0.990571,0.991602,0.996737,0.976938,0.958208,1.037336,0.931615,0.743652,0.751755,0.792495,0.764507,0.837673,0.881558,0.915068,0.981735,0.994375,0.957316,0.981079,1.001826,1.027408,1.066226,1.066319,1.063936,1.092666,1.176768,1.263945,1.257394,1.249576,1.253456,1.273669,1.260998,1.234048,1.202804,1.230198,1.242975,1.252660,1.239468,1.252864,1.247280,1.246628,1.227588,1.286207,1.148105,0.897922,0.930100,0.941589,0.913413,0.999391,0.781666,0.406231,0.395033,0.456713,0.405033,0.403730,0.419449,0.413205,0.441574,0.443163,0.424949,0.391779,0.395546,0.419064
0.416219,0.413569,0.445762,0.486520,0.466294,0.427811,0.412346,0.439431,0.452719,0.425742,0.405207,0.421169,0.424893,0.442629,0.482581,0.491105,0.474873,0.445175,0.459417,0.465516,0.450632,0.437734,0.454669,0.450049,0.485925,0.483931,0.479939,0.469203,0.487287,0.494960,0.477455,0.480068,0.482298,0.431554,0.670772,1.041491,1.083978,1.037056,1.046430,1.005551,0.951737,0.921737,0.959894,0.963802,0.892990,0.823257,1.018732,1.329241,1.345113,1.277515,1.260651,1.247372,1.243463,1.196339,1.160316,1.163076,1.164901,1.085171,1.043781,1.087648,1.085961,1.063043,1.048192,1.071422,0.917073,0.651627,0.601849,0.632181,0.642231,0.611772,0.602005,0.606010,0.568944,0.563143,0.558607,0.527859,0.660788,0.903993,0.993485,1.000360,0.981424,1.011169,1.012403,1.014697,1.039843,1.031853,1.021072,1.096820,0.985205,0.794676,0.765573,0.785237,0.781322,0.865616,0.910991,0.922096,0.955064,0.975421,0.978335,1.012510,1.043977,1.064844,1.069642,1.089600,1.104951,1.117897,1.180589,1.256283,1.271367,1.263343,1.255806,1.249930,1.255773,1.293681,1.289954,1.301466,1.267414,1.286904,1.303768,1.320580,1.327694,1.275134,1.240518,1.331888,1.194726,0.914908,0.922579,0.940813,0.920008,1.006649,0.792673,0.409147,0.373180,0.433855,0.397180,0.404876,0.438015,0.432201,0.432565,0.438954,0.444100,0.424186,0.439013,0.479518
0.413493,0.404362,0.427810,0.477643,0.482108,0.443152,0.427801,0.416301,0.423846,0.448937,0.451894,0.423365,0.422202,0.438213,0.455897,0.462581,0.467507,0.466331,0.449757,0.451518,0.468568,0.439730,0.432722,0.451649,0.487601,0.505844,0.498361,0.494365,0.478677,0.464336,0.500542,0.485550,0.437804,0.413069,0.672553,1.032951,1.069584,1.013073,1.018489,1.018604,0.977257,0.945228,0.932521,0.926060,0.888606,0.822929,1.004037,1.328733,1.343415,1.252684,1.241524,1.228366,1.207602,1.169143,1.118664,1.117382,1.120448,1.064601,1.033372,1.056511,1.039061,1.019430,1.040589,1.067392,0.925726,0.642923,0.581555,0.600604,0.615410,0.615324,0.600433,0.572736,0.556169,0.570351,0.568243,0.531666,0.660114,0.904519,0.979948,0.972722,0.955920,0.962843,0.979256,0.984428,1.015346,1.021157,1.029333,1.075868,0.980477,0.773092,0.766775,0.796332,0.794984,0.865131,0.911949,0.891306,0.888601,0.918090,0.951687,0.982969,1.034846,1.069768,1.069641,1.086419,1.101746,1.097887,1.155805,1.241366,1.263223,1.268410,1.272349,1.282961,1.280378,1.290869,1.295297,1.305340,1.280571,1.261913,1.261330,1.290444,1.309300,1.269860,1.250201,1.310369,1.157858,0.907063,0.911882,0.937071,0.904583,1.001573,0.808838,0.403310,0.353746,0.414592,0.409387,0.413110,0.442356,0.454814,0.434558,0.421580,0.428737,0.436805,0.456636,0.455820
0.430454,0.393843,0.411440,0.448748,0.456843,0.445125,0.417849,0.421867,0.437576,0.463422,0.465739,0.415365,0.419677,0.425263,0.437139,0.455797,0.471885,0.462426,0.449152,0.447350,0.462392,0.455016,0.468772,0.469027,0.462015,0.486361,0.514259,0.516199,0.475441,0.445565,0.448068,0.468951,0.454686,0.408995,0.648162,1.019034,1.052677,0.989516,0.997163,1.031117,0.991788,0.931672,0.910772,0.915168,0.891005,0.807591,0.992049,1.332288,1.336543,1.235055,1.232329,1.263848,1.227481,1.143857,1.143953,1.154585,1.101575,1.042196,1.020781,1.033778,1.015105,1.009403,1.042001,1.042783,0.873316,0.630149,0.567380,0.584429,0.596791,0.597865,0.579679,0.555717,0.571266,0.591068,0.556072,0.529537,0.671553,0.920960,0.959497,0.947149,0.953441,0.938449,0.970704,1.011971,1.010663,1.011008,1.029463,1.061914,0.974758,0.787261,0.786822,0.814029,0.802291,0.844593,0.864489,0.855928,0.887754,0.927228,0.944622,0.972774,1.019209,1.060037,1.067614,1.072791,1.076462,1.094936,1.164515,1.236621,1.267225,1.265198,1.258975,1.263637,1.286697,1.288278,1.270670,1.288921,1.316582,1.265472,1.234214,1.258772,1.310926,1.286076,1.254643,1.314635,1.160611,0.899296,0.927902,0.949204,0.892929,0.979671,0.795245,0.420098,0.393718,0.431789,0.406772,0.410829,0.446699,0.480620,0.437982,0.417045,0.410057,0.403299,0.394415,0.411741
0.428908,0.411714,0.403188,0.410003,0.425740,0.453176,0.421557,0.422053,0.442077,0.451523,0.454871,0.451162,0.430435,0.431932,0.447141,0.453455,0.471445,0.473789,0.446655,0.438973,0.457648,0.462687,0.449249,0.444326,0.442264,0.468744,0.488429,0.517965,0.503908,0.464293,0.416818,0.449521,0.465923,0.394574,0.641567,1.051351,1.041138,0.984104,1.027976,1.003985,0.969279,0.963806,0.929992,0.905614,0.899291,0.798001,0.977709,1.336862,1.331331,1.235024,1.232850,1.274789,1.250738,1.178750,1.183740,1.185213,1.123191,1.075307,1.047378,1.011533,0.991520,1.001671,1.028416,1.035766,0.875748,0.621710,0.549420,0.572783,0.569673,0.575123,0.556438,0.536887,0.535008,0.531512,0.508020,0.506642,0.673953,0.933929,0.979343,0.968130,0.975061,0.986516,0.980002,1.003580,1.026915,1.030038,1.041346,1.080103,0.992506,0.814517,0.788618,0.801076,0.816960,0.867187,0.889037,0.866544,0.952398,0.963909,0.921659,0.979917,1.024201,1.036078,1.052074,1.072384,1.101647,1.099754,1.149806,1.244718,1.268318,1.258469,1.238623,1.248406,1.263289,1.278293,1.288676,1.299537,1.292680,1.267881,1.260899,1.262829,1.304171,1.284530,1.262012,1.305932,1.173573,0.930579,0.912572,0.924735,0.923347,1.003742,0.796257,0.431624,0.381724,0.434178,0.412570,0.407701,0.436048,0.441245,0.435028,0.417644,0.408720,0.420882,0.420510,0.428434
0.329767,0.339145,0.308199,0.306228,0.325043,0.338927,0.343139,0.344715,0.347645,0.343849,0.341304,0.338216,0.352001,0.373836,0.369808,0.342662,0.351899,0.389344,0.381675,0.383293,0.388348,0.382677,0.354551,0.359313,0.366492,0.388810,0.382923,0.392966,0.410116,0.404936,0.380713,0.384782,0.382471,0.338603,0.501999,0.805475,0.854728,0.813873,0.805529,0.798856,0.814676,0.817071,0.802752,0.803042,0.733372,0.669641,0.803418,1.026771,1.026251,0.956247,0.943669,0.923551,0.926146,0.940560,0.922874,0.874809,0.872833,0.896028,0.854888,0.799237,0.835361,0.801675,0.748886,0.786080,0.633534,0.369905,0.362071,0.404968,0.376687,0.371684,0.368270,0.331813,0.333099,0.329680,0.339143,0.301822,0.423243,0.671378,0.711587,0.676440,0.706209,0.706398,0.713363,0.708403,0.735721,0.753498,0.817942,0.871922,0.732511,0.518111,0.537556,0.595359,0.594403,0.608631,0.630779,0.659475,0.685767,0.705307,0.719437,0.751801,0.754628,0.725585,0.737518,0.777423,0.762210,0.703375,0.839034,1.112433,1.126736,1.092149,1.109369,1.081916,1.082848,1.107830,1.140636,1.122263,1.084655,1.101128,1.098508,1.087900,1.099019,1.106406,1.120668,1.148594,1.003590,0.783224,0.746374,0.790878,0.811187,0.840265,0.629869,0.294827,0.249514,0.333929,0.342295,0.337651,0.318706,0.332045,0.329681,0.316254,0.310613,0.313930,0.328507,0.326008
0.319130,0.342591,0.328165,0.335284,0.340081,0.332975,0.339449,0.361165,0.353861,0.347034,0.342245,0.333803,0.347852,0.345708,0.344157,0.344908,0.352587,0.359131,0.356758,0.365338,0.378208,0.364517,0.368108,0.381305,0.364165,0.366632,0.388701,0.378654,0.392836,0.408883,0.387322,0.393002,0.405006,0.362394,0.515736,0.805180,0.837944,0.796451,0.792303,0.791648,0.804068,0.786290,0.780660,0.776049,0.719087,0.657745,0.783160,1.005876,0.986576,0.921711,0.927889,0.872096,0.882201,0.892263,0.874708,0.849885,0.847614,0.823169,0.797993,0.782807,0.797726,0.760698,0.729159,0.789165,0.647275,0.373120,0.340767,0.364254,0.326952,0.355660,0.357219,0.300531,0.303756,0.303415,0.297335,0.282739,0.408156,0.640904,0.674180,0.662312,0.673361,0.669918,0.692806,0.720053,0.710429,0.701370,0.743734,0.816942,0.690125,0.492643,0.516968,0.551557,0.529640,0.556602,0.601594,0.654189,0.667742,0.678869,0.697302,0.730857,0.750007,0.725472,0.702444,0.734996,0.750051,0.711193,0.843013,1.086593,1.106564,1.084620,1.138693,1.078490,1.066644,1.089699,1.087299,1.099585,1.105285,1.104203,1.085215,1.081176,1.089737,1.085317,1.093257,1.142289,1.006005,0.774105,0.754375,0.778066,0.777340,0.807094,0.604391,0.300657,0.247421,0.317566,0.348579,0.359705,0.344588,0.352367,0.346165,0.337088,0.312150,0.319171,0.330368,0.311657
0.441981,0.418901,0.454839,0.486119,0.473028,0.455505,0.428872,0.422135,0.431737,0.444569,0.462081,0.469819,0.450781,0.441437,0.448693,0.464145,0.471383,0.452448,0.427252,0.424878,0.449438,0.461305,0.482029,0.477338,0.460722,0.454643,0.457111,0.473819,0.477755,0.478345,0.449732,0.475874,0.482823,0.428659,0.664634,1.059346,1.066744,1.006582,1.016058,1.003900,0.965073,0.961164,0.964600,0.924986,0.889577,0.800716,0.976753,1.308542,1.323584,1.250172,1.230048,1.223610,1.175802,1.138040,1.128550,1.137579,1.114219,1.056052,1.040846,1.023419,0.983535,0.982465,1.017398,1.052227,0.910142,0.635188,0.498461,0.521366,0.588799,0.562736,0.516761,0.528733,0.549571,0.520391,0.471095,0.525847,0.705635,0.904772,0.947417,0.947513,0.959502,0.967965,0.979701,0.997932,1.018830,1.005862,1.000190,1.059940,0.972685,0.758895,0.745306,0.770842,0.746825,0.790361,0.844687,0.862395,0.891366,0.916003,0.922634,0.963097,1.025231,1.073811,1.064143,1.077004,1.140431,1.127463,1.169440,1.251751,1.262420,1.267039,1.266735,1.270532,1.253426,1.269564,1.279432,1.322411,1.339701,1.289374,1.266969,1.270454,1.317587,1.277589,1.251651,1.322046,1.183663,0.918169,0.917210,0.945750,0.935819,0.989412,0.785023,0.435223,0.378734,0.419481,0.427462,0.423849,0.448403,0.457085,0.455712,0.420669,0.396081,0.432643,0.439374,0.418134
0.422174,0.419697,0.445019,0.438207,0.426902,0.447004,0.430004,0.424582,0.437306,0.424562,0.423126,0.426007,0.433681,0.453601,0.461864,0.453677,0.453789,0.457642,0.452931,0.433485,0.425744,0.452087,0.481921,0.501856,0.474564,0.463835,0.457066,0.489527,0.481376,0.457994,0.477010,0.503594,0.489136,0.413414,0.625888,1.028405,1.063931,1.032875,1.026098,0.987932,0.946023,0.947176,0.947886,0.913704,0.874219,0.803610,0.991409,1.330425,1.364309,1.283572,1.239466,1.236001,1.182890,1.123015,1.113220,1.131665,1.116326,1.094193,1.083426,1.072492,1.050494,1.014570,1.016772,1.064584,0.923535,0.615934,0.525826,0.574358,0.623691,0.572230,0.559373,0.600432,0.586960,0.590486,0.549961,0.571195,0.707982,0.901988,0.945559,0.937498,0.937696,0.970326,0.994159,0.995100,1.036552,1.020075,1.006910,1.058342,0.968634,0.759003,0.742507,0.796938,0.813264,0.851703,0.863714,0.869913,0.898940,0.927627,0.921593,0.981121,1.019410,1.043382,1.093683,1.114427,1.134141,1.099575,1.169387,1.276431,1.285814,1.267305,1.258082,1.285239,1.279074,1.248278,1.276780,1.316636,1.332851,1.289965,1.258111,1.259456,1.300877,1.280754,1.255341,1.321201,1.174217,0.899875,0.904288,0.962560,0.958604,1.000216,0.776556,0.415163,0.399785,0.434369,0.388853,0.393829,0.424070,0.453456,0.426563,0.407106,0.404909,0.426460,0.436559,0.438822
0.427685,0.449022,0.455614,0.428931,0.411106,0.430191,0.435168,0.450813,0.481801,0.443200,0.414645,0.425484,0.425915,0.442840,0.454664,0.419252,0.435266,0.453170,0.451445,0.424026,0.411677,0.435923,0.484099,0.514104,0.492241,0.456494,0.468107,0.493566,0.478728,0.455938,0.471698,0.493628,0.472177,0.406836,0.602659,0.969828,1.019343,1.012108,1.025870,1.021263,0.985814,0.934618,0.894977,0.904116,0.881433,0.780245,0.971632,1.330802,1.363430,1.263866,1.207146,1.202867,1.172553,1.149607,1.119037,1.088390,1.080823,1.040838,1.041233,1.068624,1.042017,1.013119,1.012391,1.027273,0.867296,0.591646,0.571590,0.600046,0.571831,0.564652,0.564237,0.550982,0.555144,0.547557,0.543541,0.527367,0.638478,0.876680,0.937259,0.930168,0.936502,0.920656,0.944288,0.981917,1.010178,0.988536,0.988292,1.072329,0.969571,0.732780,0.731096,0.796832,0.821830,0.859737,0.859600,0.867923,0.892732,0.932303,0.934021,1.000509,1.032433,1.021471,1.081519,1.118978,1.105163,1.059554,1.134899,1.274598,1.279608,1.244285,1.250645,1.289832,1.302898,1.236116,1.252122,1.270888,1.295549,1.272694,1.256421,1.257731,1.244019,1.260329,1.281508,1.326026,1.172497,0.924871,0.924470,0.952833,0.949175,0.990673,0.776312,0.409157,0.376997,0.437852,0.424707,0.401517,0.417558,0.456553,0.442665,0.431632,0.415934,0.399231,0.408212,0.435894
0.463804,0.463635,0.427650,0.407820,0.419485,0.433546,0.445956,0.455275,0.459701,0.435886,0.421857,0.413717,0.405332,0.429623,0.448462,0.421044,0.430846,0.452175,0.457437,0.430487,0.428102,0.442898,0.465445,0.478944,0.488070,0.469401,0.456444,0.459919,0.465865,0.469522,0.475725,0.490427,0.453432,0.404612,0.623732,0.994320,1.006870,0.991638,1.029280,0.988722,0.957821,0.942862,0.934170,0.900090,0.869451,0.779747,0.963938,1.297803,1.332837,1.247351,1.196951,1.177195,1.142559,1.121209,1.104792,1.075240,1.043872,0.994955,0.983768,1.004351,0.978271,0.982363,0.981923,0.977028,0.806343,0.565313,0.553759,0.566842,0.525013,0.535443,0.519015,0.503334,0.505699,0.487181,0.490274,0.441226,0.618060,0.917818,0.952695,0.920263,0.937247,0.913001,0.909363,0.945506,0.979732,0.967162,0.971487,1.067390,0.964854,0.742399,0.739679,0.795703,0.793265,0.823726,0.843898,0.870373,0.894761,0.924949,0.931054,0.999910,1.012660,1.004496,1.045726,1.090472,1.094117,1.069759,1.147375,1.272731,1.267950,1.241935,1.258577,1.254010,1.253002,1.251045,1.272935,1.275890,1.273672,1.274226,1.267460,1.271115,1.250412,1.256105,1.284025,1.313663,1.164879,0.957351,0.926309,0.942135,0.937877,0.976266,0.763414,0.419843,0.389704,0.444164,0.419651,0.411720,0.415848,0.430443,0.424023,0.422451,0.407433,0.403017,0.398321,0.395518
0.433780,0.444381,0.417875,0.412184,0.420462,0.429390,0.452686,0.444507,0.417941,0.444063,0.443256,0.430946,0.443302,0.446750,0.442785,0.439087,0.457095,0.483896,0.481945,0.453349,0.443968,0.441473,0.456787,0.478126,0.500033,0.493958,0.478284,0.466588,0.473557,0.480357,0.469547,0.490643,0.465139,0.401421,0.626301,1.024416,1.035265,0.996811,1.029728,0.959422,0.940721,0.983533,0.955012,0.903640,0.857325,0.786335,0.964319,1.293140,1.306340,1.246460,1.207656,1.173903,1.140330,1.096483,1.093610,1.074957,1.033569,1.044393,1.035463,1.004558,0.979118,0.960276,0.930657,0.956464,0.794253,0.581660,0.515428,0.535248,0.521956,0.529909,0.543188,0.548682,0.516985,0.510499,0.512880,0.478665,0.642986,0.930314,0.977983,0.928581,0.911169,0.931154,0.938743,0.946050,1.010253,0.994281,0.977672,1.057052,0.980164,0.767503,0.717274,0.782391,0.815878,0.860664,0.878468,0.901988,0.921917,0.946609,0.958184,1.002415,1.019672,1.006101,1.049398,1.113946,1.119220,1.102808,1.175301,1.280588,1.265252,1.250344,1.302192,1.270328,1.246239,1.272304,1.300029,1.281205,1.255957,1.268407,1.288891,1.285215,1.292472,1.294705,1.291675,1.299293,1.168002,0.962246,0.911960,0.941347,0.979293,0.997026,0.753610,0.411196,0.372496,0.428759,0.443115,0.423606,0.419383,0.413187,0.412479,0.413783,0.415317,0.407613,0.399839,0.413879
0.302041,0.322138,0.322511,0.348029,0.361631,0.334924,0.342267,0.341251,0.326405,0.369765,0.381191,0.350179,0.347151,0.348418,0.367102,0.371374,0.378937,0.377210,0.376613,0.391138,0.394496,0.378330,0.364088,0.359550,0.369491,0.381644,0.398543,0.379127,0.381319,0.403328,0.387954,0.384684,0.394205,0.337549,0.508523,0.813620,0.847805,0.802104,0.808152,0.806607,0.792277,0.784480,0.773735,0.763325,0.699734,0.643370,0.761389,0.996172,1.013528,0.940275,0.911274,0.875149,0.884844,0.911315,0.905159,0.887418,0.877157,0.853949,0.827264,0.796977,0.789063,0.748196,0.730740,0.760984,0.607107,0.336212,0.316839,0.369112,0.362351,0.347362,0.356471,0.303955,0.307555,0.309935,0.292924,0.288201,0.406506,0.651696,0.673383,0.670203,0.684537,0.718438,0.735708,0.729159,0.734679,0.748835,0.768057,0.812344,0.724707,0.537649,0.512701,0.552163,0.571550,0.582386,0.636899,0.690494,0.678279,0.702400,0.743575,0.731306,0.735714,0.723542,0.717025,0.753537,0.763831,0.732145,0.864261,1.114935,1.128478,1.107570,1.111760,1.089309,1.104761,1.133816,1.113960,1.108572,1.105390,1.121976,1.108607,1.105236,1.139236,1.122689,1.097100,1.146691,1.015808,0.760852,0.736036,0.777110,0.795070,0.839499,0.626129,0.303383,0.264243,0.341646,0.340912,0.341195,0.331344,0.335054,0.342446,0.334291,0.312371,0.324509,0.343037,0.335619
0.294169,0.315254,0.344777,0.341192,0.351995,0.351539,0.328538,0.318576,0.333695,0.365159,0.366353,0.334581,0.346617,0.367643,0.367680,0.376169,0.370410,0.350389,0.352345,0.345550,0.370014,0.356468,0.343680,0.345859,0.352258,0.363725,0.374281,0.370022,0.387974,0.394560,0.375160,0.374602,0.375990,0.354211,0.523199,0.792010,0.819201,0.784772,0.790641,0.779395,0.774326,0.775005,0.744267,0.744603,0.712879,0.651192,0.757973,0.960012,0.978313,0.898366,0.874106,0.838251,0.821432,0.865953,0.887078,0.875682,0.840917,0.790436,0.764477,0.773318,0.762547,0.728099,0.705437,0.746761,0.596862,0.338269,0.316668,0.362187,0.388433,0.361244,0.323565,0.280933,0.295606,0.298884,0.263380,0.273324,0.455086,0.668914,0.676590,0.670868,0.700166,0.703283,0.706497,0.716003,0.709542,0.704167,0.755384,0.810769,0.712639,0.512470,0.478104,0.520556,0.556574,0.569620,0.591983,0.627273,0.628341,0.649900,0.693105,0.723955,0.719350,0.703786,0.700372,0.727165,0.731852,0.699738,0.863237,1.113538,1.112590,1.091725,1.139435,1.075963,1.072577,1.112953,1.083797,1.087347,1.125477,1.110904,1.072198,1.064600,1.133280,1.119578,1.099592,1.136597,1.011440,0.771079,0.760385,0.763758,0.767911,0.833969,0.644060,0.316353,0.278856,0.341832,0.323702,0.300955,0.300958,0.342124,0.358591,0.325231,0.299153,0.309046,0.323021,0.308493
0.424812,0.439651,0.462955,0.435275,0.411705,0.424488,0.417698,0.420051,0.440192,0.444644,0.424903,0.418619,0.405438,0.435665,0.448764,0.436972,0.445348,0.451187,0.436196,0.409342,0.406395,0.407452,0.441237,0.489858,0.503492,0.474095,0.439856,0.469845,0.469276,0.445208,0.454260,0.497083,0.469013,0.402014,0.607552,0.973472,1.006439,0.978731,0.991755,0.967872,0.936363,0.924586,0.912098,0.884607,0.849738,0.756820,0.941496,1.298238,1.325447,1.233852,1.168667,1.156324,1.164646,1.130292,1.107459,1.075157,1.030099,1.015883,1.011548,1.008302,0.981525,0.950249,0.915124,0.917484,0.781997,0.623024,0.536229,0.548578,0.549030,0.528713,0.505789,0.528611,0.513405,0.511924,0.516491,0.466913,0.648009,0.924220,0.966481,0.904914,0.896217,0.892125,0.897727,0.941357,0.955798,0.964489,0.980216,1.061218,0.943556,0.726561,0.687832,0.752486,0.800127,0.867034,0.834535,0.792634,0.851504,0.919736,0.947011,0.988902,0.997416,0.990750,1.065588,1.123653,1.105408,1.058831,1.141971,1.261200,1.253714,1.254812,1.321646,1.291287,1.244995,1.249444,1.269616,1.281767,1.293026,1.275609,1.261674,1.273418,1.296154,1.309703,1.288373,1.322326,1.181469,0.982848,0.951590,0.961727,0.943879,0.991024,0.780972,0.427803,0.372379,0.423852,0.425245,0.370854,0.388297,0.442019,0.420695,0.406152,0.416704,0.383559,0.386301,0.404066
0.430295,0.422309,0.423735,0.425384,0.412991,0.404499,0.426898,0.453710,0.449762,0.447113,0.438302,0.415960,0.392875,0.409276,0.452065,0.469327,0.473367,0.452377,0.435171,0.431790,0.432326,0.411645,0.443079,0.508862,0.515696,0.468304,0.432027,0.450116,0.457831,0.436059,0.462606,0.487009,0.445539,0.395392,0.615986,0.962181,1.022572,0.990927,1.008815,0.954604,0.921495,0.906887,0.915569,0.888015,0.822122,0.729331,0.916651,1.279554,1.325414,1.245634,1.199152,1.198794,1.209982,1.195790,1.121303,1.065690,1.037207,1.030898,1.030739,1.026327,0.995419,0.948364,0.952142,0.968582,0.833446,0.645622,0.565323,0.572510,0.548137,0.511672,0.514840,0.554648,0.534545,0.557972,0.588303,0.513779,0.650334,0.924342,0.982532,0.933857,0.921400,0.935311,0.973300,1.009491,1.059389,1.034946,1.035343,1.097021,0.980169,0.742620,0.739071,0.797840,0.814089,0.883864,0.891028,0.871948,0.895528,0.927396,0.975635,1.002164,1.018374,1.021217,1.045274,1.112786,1.146788,1.122455,1.167852,1.255169,1.297271,1.290871,1.283958,1.278546,1.279758,1.295801,1.278087,1.295235,1.311344,1.274196,1.269877,1.325767,1.277378,1.260217,1.285260,1.302205,1.163160,0.973547,0.954712,0.977862,0.960348,1.011122,0.770173,0.395364,0.361925,0.428643,0.403048,0.392942,0.407253,0.405621,0.411211,0.424266,0.438789,0.429172,0.423910,0.452614
0.414668,0.398466,0.419789,0.407713,0.405589,0.412857,0.444386,0.442517,0.424355,0.462519,0.478615,0.440931,0.405042,0.401970,0.436495,0.465807,0.475615,0.457219,0.448335,0.471686,0.478938,0.459488,0.438111,0.462593,0.496143,0.463070,0.409179,0.429586,0.448584,0.450538,0.451417,0.445594,0.423394,0.380947,0.607086,0.964173,1.016442,0.987170,1.025907,0.959114,0.925827,0.909578,0.882449,0.876126,0.837581,0.740944,0.924344,1.283746,1.297116,1.230673,1.212265,1.192417,1.182849,1.201541,1.143052,1.092105,1.063356,1.055974,1.059450,1.054142,1.007024,0.960474,0.972737,0.988380,0.839657,0.630853,0.609503,0.607952,0.569302,0.547236,0.555411,0.568152,0.554277,0.566490,0.573319,0.544505,0.694094,0.967736,0.994240,0.967022,0.990222,0.978805,0.997518,1.019756,1.055853,1.059355,1.092113,1.157640,1.041948,0.778013,0.777864,0.827284,0.840171,0.884939,0.897446,0.902616,0.919988,0.965145,0.978797,1.003351,1.007800,1.002880,1.015444,1.074483,1.130060,1.117916,1.153931,1.254587,1.277452,1.272046,1.255732,1.247455,1.251620,1.291208,1.293884,1.290702,1.287396,1.253944,1.258580,1.291563,1.288655,1.279865,1.273267,1.297700,1.173067,0.946967,0.926496,0.961545,0.983289,1.025077,0.768451,0.399463,0.351156,0.422344,0.410676,0.422220,0.411914,0.378528,0.411138,0.418478,0.404809,0.431745,0.436526,0.405211
0.416757,0.414201,0.398733,0.412746,0.415072,0.416062,0.451395,0.438210,0.408546,0.458396,0.499795,0.446575,0.406322,0.402093,0.422599,0.435764,0.442979,0.446028,0.455679,0.502985,0.504527,0.469434,0.422641,0.440690,0.483732,0.461377,0.410080,0.442237,0.467449,0.458215,0.432515,0.448040,0.452390,0.371447,0.580886,0.963090,1.000365,0.965784,1.007622,0.949239,0.898414,0.883373,0.860327,0.857525,0.832380,0.741233,0.944965,1.301534,1.306829,1.220386,1.198983,1.165453,1.147711,1.129521,1.119547,1.109629,1.085274,1.083311,1.090590,1.059979,0.987607,0.953816,0.966019,0.935356,0.803643,0.626950,0.621111,0.618035,0.581407,0.580597,0.584699,0.551535,0.567880,0.581497,0.562802,0.531573,0.686447,0.932040,0.943387,0.913885,0.930482,0.944115,0.954050,0.954728,1.009994,1.067696,1.107950,1.096006,0.985834,0.780741,0.750159,0.797938,0.828312,0.865386,0.856816,0.871460,0.912157,0.958154,0.959068,0.967274,0.985647,1.005083,1.015324,1.054370,1.098224,1.073412,1.125698,1.248396,1.238974,1.245279,1.275147,1.253876,1.240880,1.271246,1.289083,1.274796,1.254772,1.250416,1.247799,1.237873,1.281027,1.284817,1.262808,1.285888,1.177535,0.948877,0.906600,0.941341,0.973691,1.017931,0.770762,0.414417,0.339535,0.397654,0.402575,0.414870,0.405340,0.397674,0.427840,0.424646,0.399165,0.410814,0.420182,0.402586
0.402130,0.401398,0.386312,0.411873,0.437059,0.433043,0.452543,0.424121,0.400235,0.464748,0.480755,0.429286,0.406430,0.410733,0.416116,0.422475,0.434605,0.436499,0.433598,0.463923,0.474963,0.433618,0.416784,0.456632,0.485697,0.448401,0.403945,0.444052,0.458551,0.439622,0.418294,0.449719,0.475868,0.397618,0.597475,0.946284,0.999981,0.961752,0.985970,0.945186,0.888381,0.860244,0.841849,0.869184,0.834248,0.738517,0.928880,1.302759,1.305262,1.211350,1.174056,1.147675,1.131333,1.121939,1.098321,1.082525,1.060095,1.054841,1.057311,1.035959,0.995983,0.942563,0.923185,0.934817,0.811888,0.605984,0.604791,0.619949,0.562981,0.561126,0.554395,0.525760,0.560309,0.581562,0.541952,0.510673,0.671975,0.904471,0.931275,0.903650,0.946371,0.967059,0.976906,0.982686,1.023850,1.048058,1.070624,1.108865,0.980306,0.753287,0.685097,0.742013,0.815353,0.840359,0.842213,0.876288,0.914063,0.931160,0.948808,0.976060,1.000760,1.011511,1.017491,1.055970,1.092699,1.057777,1.129504,1.260881,1.243955,1.231881,1.268024,1.277741,1.267617,1.259351,1.266210,1.251980,1.229215,1.263434,1.260231,1.233251,1.287660,1.298280,1.264439,1.297642,1.182390,0.948320,0.899569,0.920685,0.956660,1.010505,0.772707,0.392450,0.348818,0.412594,0.405687,0.391531,0.377321,0.391749,0.444020,0.450645,0.382324,0.406305,0.445702,0.446181
0.300461,0.304564,0.324125,0.336262,0.356851,0.360553,0.323781,0.328537,0.357014,0.354948,0.347649,0.321254,0.347149,0.355344,0.364563,0.354607,0.347987,0.327370,0.337395,0.341305,0.373247,0.352802,0.351784,0.367708,0.354449,0.358659,0.347923,0.352492,0.381754,0.409430,0.368886,0.373375,0.395017,0.367670,0.516251,0.796782,0.831857,0.783874,0.773932,0.770491,0.775827,0.783120,0.749972,0.728904,0.684155,0.658839,0.773150,0.962453,0.957083,0.885154,0.877494,0.826044,0.814218,0.871214,0.874127,0.847228,0.833851,0.801214,0.763579,0.755549,0.778049,0.748617,0.700535,0.791824,0.636000,0.352841,0.311280,0.361899,0.394376,0.366988,0.320562,0.296431,0.293958,0.305540,0.269406,0.257486,0.402914,0.634360,0.653115,0.671277,0.700940,0.709503,0.703321,0.730461,0.716091,0.705800,0.738302,0.814538,0.700222,0.494912,0.475569,0.514670,0.524656,0.540864,0.585935,0.660195,0.637620,0.652857,0.677976,0.700688,0.705859,0.691029,0.703976,0.733263,0.742205,0.721377,0.874330,1.107429,1.123448,1.103652,1.144819,1.090006,1.094204,1.108013,1.090341,1.095487,1.131573,1.126368,1.105044,1.086957,1.126304,1.108603,1.120834,1.149493,1.014791,0.786299,0.771625,0.768270,0.774004,0.811540,0.624305,0.310042,0.274682,0.346185,0.324903,0.305757,0.323455,0.360456,0.360213,0.334240,0.314348,0.326185,0.342567,0.351253
0.325498,0.330495,0.330662,0.360332,0.354700,0.337413,0.336309,0.346226,0.351811,0.336769,0.337133,0.346816,0.360469,0.364176,0.365212,0.349346,0.348761,0.346314,0.321609,0.331735,0.378870,0.360845,0.335879,0.357127,0.342076,0.363178,0.365121,0.349613,0.359092,0.396613,0.378421,0.383360,0.377761,0.326317,0.487876,0.759714,0.793212,0.754510,0.787544,0.760629,0.756780,0.757221,0.760506,0.732568,0.667893,0.616639,0.735200,0.931496,0.932641,0.872286,0.850966,0.811790,0.837947,0.891488,0.848512,0.824723,0.825487,0.803417,0.760605,0.731069,0.747036,0.708977,0.672079,0.744335,0.594934,0.308556,0.293072,0.313272,0.325461,0.285444,0.280500,0.271590,0.275219,0.279470,0.265919,0.274394,0.417002,0.630947,0.665617,0.679863,0.710939,0.722516,0.716551,0.728555,0.721825,0.734313,0.755493,0.816239,0.694548,0.491705,0.519201,0.540326,0.517538,0.565674,0.614050,0.622909,0.615032,0.607018,0.652099,0.685614,0.693182,0.713912,0.732323,0.761706,0.733053,0.737807,0.875626,1.073294,1.115163,1.098835,1.095953,1.099799,1.110625,1.116567,1.109334,1.120435,1.135751,1.118565,1.105542,1.115193,1.123033,1.111757,1.129803,1.149390,1.005120,0.776358,0.775978,0.776261,0.764821,0.814901,0.639817,0.319931,0.290941,0.316077,0.302961,0.282980,0.310568,0.344356,0.350394,0.342826,0.321863,0.318353,0.323132,0.346757
0.448321,0.411946,0.381495,0.417798,0.430496,0.400820,0.464482,0.445188,0.375634,0.413027,0.465333,0.458197,0.403840,0.407420,0.427715,0.417334,0.410356,0.434666,0.416073,0.433668,0.470187,0.453470,0.432659,0.445734,0.492901,0.470133,0.440192,0.439043,0.427518,0.409205,0.454621,0.472554,0.438206,0.369059,0.589160,0.933751,0.971326,0.954948,1.002244,0.947470,0.890080,0.878829,0.838426,0.836173,0.789581,0.677297,0.878387,1.253535,1.253063,1.157795,1.119060,1.137902,1.158025,1.142243,1.054246,1.033776,1.057403,1.037576,1.037372,1.018904,0.957240,0.903553,0.898447,0.883949,0.736043,0.528713,0.568764,0.568004,0.453851,0.450715,0.509499,0.527868,0.487837,0.491496,0.522176,0.506782,0.663560,0.909167,0.968295,0.930000,0.958504,0.998073,1.005854,0.986536,1.006039,1.032622,1.063768,1.130519,0.982932,0.720252,0.745391,0.819066,0.799544,0.847791,0.860466,0.854364,0.862784,0.905529,0.961611,0.973145,0.968491,0.997048,1.027844,1.064732,1.088512,1.079370,1.134857,1.237837,1.260190,1.252836,1.256144,1.309977,1.292413,1.265760,1.283958,1.285020,1.258965,1.263328,1.255028,1.260293,1.259238,1.291028,1.291373,1.339286,1.173400,0.924783,0.900198,0.947271,0.944887,1.026063,0.792290,0.414341,0.382573,0.422328,0.371032,0.401128,0.394034,0.363897,0.400101,0.422158,0.382094,0.386622,0.420460,0.413275
0.432600,0.390865,0.379367,0.395604,0.421291,0.421105,0.465013,0.436250,0.386098,0.420981,0.434754,0.413950,0.417715,0.431221,0.434056,0.416610,0.413934,0.418986,0.431871,0.450409,0.473646,0.453454,0.441796,0.449061,0.468979,0.437575,0.428071,0.458794,0.459006,0.432617,0.443387,0.472030,0.452591,0.382530,0.584009,0.926957,0.963429,0.946171,0.974903,0.932492,0.884772,0.880869,0.835654,0.822898,0.784689,0.695719,0.901840,1.256889,1.261395,1.149526,1.141066,1.164977,1.127094,1.086700,1.056200,1.042489,1.043805,1.016670,1.008055,1.008788,0.955172,0.915652,0.913975,0.940387,0.786779,0.556349,0.578423,0.608467,0.532026,0.549245,0.555990,0.530845,0.478194,0.481336,0.498847,0.469001,0.624419,0.881241,0.918816,0.891589,0.928725,0.954735,0.964203,0.972121,1.008723,1.012574,1.031962,1.103973,0.982768,0.735568,0.702658,0.759455,0.791060,0.812618,0.829503,0.847468,0.862112,0.901160,0.957955,0.958993,0.966117,0.975951,0.980682,1.024268,1.077534,1.064271,1.142498,1.247590,1.257605,1.256926,1.280679,1.301405,1.280501,1.264762,1.265544,1.256704,1.251478,1.238171,1.230099,1.240438,1.239487,1.263542,1.289180,1.317261,1.161800,0.915673,0.884417,0.925857,0.971707,1.029385,0.791959,0.404044,0.374837,0.425906,0.389110,0.429544,0.416471,0.359570,0.394064,0.413816,0.396252,0.418673,0.428459,0.410438
0.416664,0.403556,0.399273,0.422653,0.433802,0.429375,0.464668,0.447812,0.406341,0.435347,0.456436,0.445182,0.458735,0.463620,0.445992,0.432744,0.432980,0.431448,0.443694,0.456823,0.480262,0.456173,0.439799,0.442954,0.448419,0.432989,0.434560,0.448584,0.474763,0.477727,0.458683,0.478032,0.465798,0.386902,0.602708,0.963988,0.993490,0.942899,0.957989,0.927244,0.905226,0.896235,0.863813,0.862799,0.838462,0.717177,0.913738,1.275750,1.285477,1.183670,1.179220,1.199946,1.146312,1.085872,1.108853,1.114053,1.065999,1.068032,1.043609,1.017583,0.983153,0.949548,0.917029,1.002674,0.867944,0.614388,0.598614,0.632483,0.610039,0.608214,0.596979,0.541109,0.531426,0.538955,0.527872,0.499243,0.650916,0.883038,0.910341,0.922496,0.958326,0.940856,0.922264,0.951499,1.009475,1.027350,1.038456,1.085372,0.984807,0.804255,0.755398,0.750996,0.789228,0.848479,0.871567,0.852423,0.861578,0.888619,0.926566,0.943865,0.987401,1.018640,1.034058,1.065807,1.064579,1.066990,1.145294,1.265806,1.257143,1.250520,1.321934,1.333432,1.321507,1.301425,1.281441,1.262350,1.291515,1.289741,1.268300,1.245761,1.289395,1.301363,1.293722,1.316809,1.171876,0.927219,0.902989,0.942597,0.969026,1.014970,0.794692,0.420336,0.370283,0.401874,0.416377,0.440230,0.427660,0.403221,0.407002,0.417554,0.424221,0.445374,0.443213,0.433508
0.435898,0.433224,0.413708,0.437933,0.429961,0.424103,0.456019,0.452542,0.409641,0.415244,0.439859,0.439605,0.431330,0.475001,0.476094,0.446114,0.408656,0.410122,0.432833,0.441779,0.430885,0.425472,0.417768,0.431075,0.443692,0.451728,0.440842,0.448984,0.484306,0.494253,0.460993,0.464343,0.456846,0.386347,0.614005,0.984818,1.004732,0.918306,0.921790,0.931396,0.918576,0.878190,0.854572,0.841881,0.810091,0.726159,0.922640,1.258646,1.269944,1.175012,1.147154,1.146991,1.142409,1.111189,1.112661,1.070273,1.031285,1.017667,1.008430,0.961526,0.973798,0.961032,0.928421,0.951168,0.833917,0.629781,0.557118,0.577791,0.573546,0.608278,0.600910,0.549912,0.516588,0.504726,0.488510,0.494178,0.652785,0.880500,0.936564,0.943079,0.947127,0.905205,0.891900,0.919578,0.958485,0.994032,1.030306,1.046538,0.958785,0.778601,0.745877,0.766016,0.792921,0.820012,0.833716,0.854487,0.883792,0.911856,0.938038,0.957572,0.997413,1.012569,1.028915,1.059756,1.069130,1.035791,1.129963,1.271898,1.267257,1.242967,1.291149,1.307057,1.331703,1.309024,1.263941,1.252833,1.298504,1.282537,1.260472,1.248412,1.270759,1.280639,1.266123,1.311809,1.177482,0.933357,0.896697,0.928740,0.956279,0.977630,0.773197,0.426763,0.376518,0.415850,0.406010,0.408469,0.412426,0.431480,0.414446,0.414986,0.418929,0.403609,0.418063,0.429289
0.426820,0.427487,0.421542,0.420089,0.416204,0.418067,0.438464,0.425618,0.420244,0.427896,0.450406,0.451549,0.448624,0.454001,0.461703,0.450845,0.434010,0.436773,0.416404,0.407117,0.408039,0.422939,0.423031,0.415713,0.414574,0.431206,0.422053,0.450231,0.469097,0.458363,0.438956,0.437986,0.442216,0.414021,0.628363,0.985390,1.007252,0.911743,0.920046,0.943464,0.919646,0.852963,0.835517,0.832579,0.787182,0.701992,0.894622,1.241150,1.263418,1.185730,1.150503,1.110081,1.124691,1.136595,1.084990,1.010098,0.982001,0.972749,0.961158,0.926271,0.938694,0.922157,0.912843,0.940070,0.808183,0.575513,0.539478,0.547944,0.531862,0.547483,0.541847,0.502509,0.450153,0.442703,0.469844,0.442443,0.606080,0.864616,0.932954,0.926805,0.932230,0.895032,0.902101,0.956741,0.984099,0.989155,1.015106,1.042426,0.947246,0.748391,0.755602,0.794298,0.796834,0.773668,0.810550,0.883693,0.869023,0.886425,0.951448,0.969841,0.979996,1.001656,0.991802,1.042797,1.102383,1.068336,1.133468,1.280657,1.281188,1.264499,1.286343,1.305147,1.315871,1.280436,1.242335,1.257190,1.310257,1.296930,1.255859,1.253264,1.245225,1.268259,1.306400,1.310308,1.153081,0.937721,0.899779,0.918713,0.941674,0.972123,0.761741,0.392109,0.367349,0.428035,0.413758,0.420407,0.422585,0.428148,0.421575,0.421980,0.418370,0.389633,0.374547,0.382944
0.312000,0.335545,0.353425,0.339750,0.333710,0.317981,0.315434,0.320738,0.339210,0.363856,0.354576,0.344109,0.339228,0.336355,0.380439,0.361783,0.350399,0.343013,0.308980,0.326255,0.359516,0.363868,0.356231,0.369073,0.360886,0.348197,0.339753,0.362125,0.365723,0.350180,0.352381,0.370528,0.366656,0.335758,0.511625,0.764973,0.794030,0.762929,0.786507,0.759336,0.740632,0.756359,0.734203,0.726719,0.673750,0.615811,0.726269,0.943762,0.933450,0.881440,0.842531,0.815846,0.829776,0.853870,0.832054,0.818487,0.803409,0.787328,0.761592,0.749531,0.752800,0.711146,0.695198,0.732701,0.602904,0.343330,0.309554,0.339311,0.330117,0.296670,0.276622,0.275114,0.279841,0.300175,0.295292,0.285260,0.416583,0.639034,0.649755,0.640321,0.681204,0.680389,0.704942,0.725887,0.723444,0.709381,0.724450,0.786909,0.654358,0.450627,0.476904,0.505051,0.490150,0.542647,0.581344,0.593499,0.603796,0.628091,0.667071,0.707170,0.680947,0.691371,0.721374,0.757165,0.743021,0.729447,0.853291,1.070524,1.122656,1.102923,1.105309,1.081968,1.083219,1.104805,1.102289,1.115268,1.130384,1.119256,1.126343,1.141317,1.113474,1.080087,1.115790,1.120947,0.991084,0.772134,0.758824,0.755510,0.759426,0.839041,0.651362,0.328417,0.288167,0.325918,0.310131,0.301570,0.324149,0.340900,0.360826,0.343013,0.310881,0.316309,0.324837,0.352002
0.309121,0.332389,0.350343,0.325004,0.320076,0.334877,0.321342,0.308559,0.302713,0.334038,0.352899,0.339296,0.331711,0.326469,0.346935,0.334401,0.332143,0.374888,0.349814,0.348506,0.341219,0.340834,0.326652,0.359911,0.403756,0.371867,0.309062,0.342264,0.372710,0.374000,0.352222,0.349366,0.331690,0.340005,0.523593,0.768724,0.781051,0.743888,0.751733,0.719285,0.703417,0.726033,0.730122,0.718269,0.640199,0.560271,0.702216,0.929718,0.905612,0.833454,0.805802,0.807203,0.821404,0.821386,0.813777,0.790802,0.797260,0.766988,0.741540,0.741019,0.720317,0.684156,0.672066,0.699293,0.536866,0.287800,0.287553,0.325866,0.306671,0.259397,0.244402,0.267162,0.297718,0.304681,0.271634,0.259027,0.397976,0.636140,0.638646,0.602262,0.659178,0.718202,0.734128,0.711179,0.725255,0.748939,0.748494,0.779544,0.668398,0.488214,0.442968,0.484635,0.526910,0.566029,0.585803,0.591776,0.613165,0.656659,0.698873,0.687125,0.671501,0.662697,0.716465,0.757375,0.749475,0.715611,0.856167,1.103114,1.144151,1.109702,1.071899,1.096917,1.097611,1.107225,1.107113,1.102897,1.099262,1.115354,1.138085,1.140706,1.115558,1.084692,1.112138,1.144921,1.011508,0.776296,0.724833,0.746772,0.777057,0.835817,0.642581,0.324502,0.279614,0.315235,0.300965,0.307987,0.320885,0.298775,0.327519,0.336615,0.311437,0.312077,0.331383,0.366669
0.448811,0.435532,0.416000,0.434157,0.430219,0.426174,0.449889,0.431580,0.407677,0.421603,0.441782,0.446465,0.455447,0.446418,0.414995,0.421414,0.443726,0.447315,0.464336,0.454746,0.450232,0.434763,0.436558,0.431491,0.432983,0.446035,0.442946,0.448848,0.463374,0.467849,0.448599,0.440005,0.444178,0.434434,0.662139,1.013167,1.002131,0.915601,0.920120,0.873013,0.867751,0.856319,0.841300,0.810255,0.771557,0.669771,0.858783,1.229886,1.263851,1.160691,1.137179,1.096953,1.095533,1.087918,1.078646,1.043255,1.011936,1.000529,1.017077,0.989954,0.962629,0.945320,0.967593,1.006974,0.816006,0.563545,0.531282,0.568397,0.534203,0.603271,0.633163,0.583784,0.504959,0.482306,0.480092,0.412915,0.609589,0.883806,0.931462,0.908845,0.935403,0.925722,0.925010,0.966675,1.009401,1.025239,1.057031,1.071421,0.968096,0.782223,0.746551,0.791064,0.799712,0.801766,0.821552,0.871369,0.867405,0.884094,0.938851,0.964833,0.999674,1.018261,0.992348,1.043222,1.097589,1.082264,1.165840,1.307691,1.314124,1.292395,1.333291,1.340826,1.343965,1.310535,1.265522,1.257538,1.273226,1.311201,1.286769,1.254633,1.268399,1.294178,1.298905,1.346332,1.190159,0.962016,0.892125,0.928768,0.963165,0.985245,0.759838,0.383335,0.349850,0.421699,0.425274,0.459825,0.432364,0.407619,0.413620,0.433083,0.446841,0.406500,0.398403,0.413159
0.464422,0.430139,0.421988,0.425892,0.413106,0.389468,0.433642,0.442857,0.412839,0.422737,0.430116,0.423281,0.425652,0.452761,0.477940,0.462796,0.447437,0.454507,0.446342,0.417848,0.415968,0.441701,0.438483,0.407500,0.425672,0.444159,0.448387,0.453349,0.443608,0.400918,0.429714,0.452804,0.447364,0.385665,0.621760,0.987166,1.006044,0.930436,0.919987,0.893473,0.897772,0.882383,0.840181,0.819354,0.803394,0.695955,0.876048,1.249485,1.273791,1.176688,1.151430,1.113314,1.080253,1.030765,1.057370,1.035044,0.951733,0.968486,1.001939,0.962317,1.003162,1.009626,0.964976,1.009676,0.846896,0.582450,0.539808,0.556518,0.530843,0.619124,0.645086,0.552842,0.488609,0.504517,0.534733,0.501793,0.647047,0.879599,0.948395,0.938003,0.949036,0.914394,0.912648,0.956100,0.973980,0.979534,0.990853,1.052957,0.927229,0.733581,0.717997,0.786329,0.786817,0.781295,0.787469,0.847360,0.855223,0.869670,0.898161,0.947736,0.995848,1.015842,0.986951,1.023468,1.079376,1.086952,1.163020,1.280291,1.276045,1.264481,1.311858,1.295370,1.304629,1.309875,1.256340,1.245607,1.271397,1.278106,1.259603,1.261085,1.264477,1.258262,1.243504,1.306135,1.172365,0.948272,0.900600,0.924482,0.946645,0.990583,0.773928,0.410668,0.359328,0.430487,0.433082,0.445288,0.424517,0.411978,0.406802,0.422518,0.441348,0.412119,0.406682,0.427096
0.429176,0.415698,0.427924,0.425224,0.385560,0.367469,0.413247,0.421057,0.390371,0.425484,0.457511,0.439050,0.422465,0.435945,0.461764,0.436561,0.416684,0.447961,0.423773,0.405551,0.419647,0.425486,0.422637,0.429990,0.469885,0.443023,0.394722,0.417848,0.425900,0.390576,0.408498,0.442799,0.437889,0.370994,0.591301,0.955510,1.001413,0.937502,0.899950,0.905035,0.899719,0.848151,0.817381,0.816198,0.802932,0.715001,0.874722,1.226233,1.237885,1.132465,1.123451,1.099567,1.050545,1.009912,1.032837,0.995511,0.896105,0.901688,0.906201,0.890644,0.942058,0.942198,0.889009,0.935952,0.804017,0.556145,0.503544,0.490603,0.470427,0.473214,0.473429,0.463157,0.458814,0.474480,0.475624,0.475505,0.633660,0.875572,0.941428,0.922389,0.930963,0.890414,0.893392,0.903826,0.911068,0.923007,0.925272,1.002985,0.898476,0.704346,0.689889,0.757938,0.754752,0.777837,0.795921,0.851886,0.859402,0.860421,0.895901,0.948619,0.967650,0.981726,1.005354,1.052970,1.067336,1.056935,1.132993,1.257501,1.254013,1.238997,1.244990,1.249807,1.261804,1.272271,1.245796,1.261883,1.274366,1.252245,1.247968,1.267288,1.238938,1.217504,1.245022,1.282986,1.154641,0.943457,0.902495,0.899325,0.897968,0.962068,0.773716,0.432087,0.375775,0.424602,0.433119,0.411887,0.412277,0.408550,0.389616,0.398896,0.435792,0.415503,0.396593,0.409496
0.420687,0.429901,0.446613,0.418425,0.382199,0.400647,0.419849,0.420183,0.412763,0.423927,0.438342,0.434064,0.434334,0.436488,0.432542,0.430927,0.422546,0.436319,0.441385,0.442676,0.453803,0.448359,0.434610,0.417195,0.456852,0.451338,0.417013,0.439778,0.447588,0.424120,0.412231,0.437710,0.432151,0.398626,0.591536,0.954480,1.005306,0.956424,0.920865,0.935048,0.907697,0.826626,0.789263,0.810934,0.793066,0.759703,0.928782,1.214458,1.243235,1.177337,1.155323,1.136987,1.105609,1.102401,1.074491,1.028687,0.920916,0.920558,0.938121,0.936194,0.967317,0.940822,0.898709,0.930251,0.792051,0.550201,0.496978,0.501249,0.502046,0.465591,0.450519,0.455812,0.471549,0.458016,0.441104,0.428413,0.618318,0.883358,0.935368,0.887488,0.896813,0.884851,0.894804,0.908450,0.911170,0.916195,0.954950,1.019897,0.912669,0.696369,0.686742,0.764778,0.760100,0.763627,0.793206,0.850741,0.863072,0.869435,0.904139,0.951463,0.968010,0.988619,1.040453,1.078917,1.062497,1.049622,1.142424,1.283169,1.271177,1.258324,1.283061,1.287994,1.275972,1.294946,1.275559,1.284608,1.291560,1.263643,1.267612,1.279643,1.255038,1.232628,1.268761,1.308814,1.175767,0.951679,0.929063,0.927778,0.913958,0.989216,0.783353,0.418594,0.392805,0.438054,0.425053,0.406909,0.430829,0.436546,0.405851,0.394009,0.441759,0.424206,0.401008,0.404766
0.419642,0.418395,0.413631,0.402062,0.396934,0.389031,0.400987,0.414338,0.424429,0.431262,0.447190,0.456284,0.468361,0.439265,0.420023,0.440366,0.430802,0.424430,0.440615,0.464077,0.474030,0.455898,0.440807,0.427987,0.455157,0.443187,0.413015,0.429546,0.437400,0.437280,0.422016,0.450650,0.462334,0.391513,0.601446,0.990984,1.016846,0.940078,0.919085,0.933955,0.905299,0.829549,0.787311,0.795886,0.776228,0.716684,0.934067,1.242728,1.239116,1.177597,1.190635,1.149689,1.114665,1.125004,1.094612,1.038650,0.949832,0.951577,0.959851,0.944523,0.984303,0.950935,0.896831,0.928546,0.781584,0.527725,0.485713,0.529312,0.525844,0.517107,0.496803,0.459808,0.485768,0.490851,0.445361,0.402663,0.582609,0.846097,0.894640,0.863343,0.877183,0.903805,0.907135,0.912144,0.927658,0.945789,0.991833,1.036522,0.924244,0.705305,0.681650,0.744361,0.787030,0.799511,0.789202,0.790704,0.829488,0.862520,0.905738,0.921187,0.941566,0.973059,1.024729,1.058287,1.040472,1.057266,1.147904,1.266455,1.252621,1.252108,1.299463,1.289041,1.264111,1.273735,1.269910,1.276751,1.285360,1.264421,1.257602,1.261361,1.249606,1.249290,1.285246,1.315483,1.178073,0.947471,0.927692,0.937303,0.934726,1.006207,0.789052,0.415545,0.361897,0.423512,0.419317,0.428360,0.440717,0.431627,0.403260,0.395757,0.432927,0.421754,0.407127,0.416135
0.332227,0.327174,0.321529,0.331464,0.333811,0.313421,0.332036,0.357434,0.346668,0.352513,0.346995,0.343702,0.367877,0.361210,0.365350,0.358689,0.331029,0.319687,0.339652,0.369574,0.339639,0.335994,0.343502,0.368043,0.356696,0.356231,0.364534,0.357001,0.369933,0.361011,0.376697,0.399220,0.383678,0.319973,0.493761,0.784900,0.787902,0.732577,0.761219,0.747109,0.734188,0.755718,0.741071,0.713417,0.640972,0.557640,0.698807,0.934724,0.923168,0.872496,0.816833,0.820989,0.838768,0.833688,0.821862,0.791597,0.852796,0.806041,0.759181,0.743664,0.719764,0.684169,0.670967,0.687944,0.535961,0.280668,0.294954,0.347958,0.335759,0.309149,0.303132,0.284092,0.282883,0.280919,0.283092,0.268971,0.391571,0.631499,0.634212,0.603218,0.647044,0.694443,0.702305,0.702434,0.726312,0.740535,0.764709,0.813200,0.683711,0.453364,0.436538,0.478420,0.518754,0.576043,0.594741,0.583059,0.591962,0.629912,0.677088,0.680243,0.666675,0.666047,0.692670,0.742419,0.745447,0.717377,0.860699,1.108381,1.125710,1.104585,1.127586,1.112213,1.093111,1.097846,1.111353,1.092739,1.087494,1.119285,1.130427,1.117559,1.116454,1.111682,1.130297,1.187240,1.034879,0.772843,0.761993,0.801861,0.818253,0.849245,0.665489,0.333984,0.262375,0.304772,0.307933,0.310311,0.326596,0.308489,0.340466,0.332738,0.299785,0.301253,0.342014,0.376734
0.326514,0.339700,0.330985,0.346000,0.331987,0.310409,0.326525,0.346021,0.325080,0.302140,0.315927,0.321077,0.349674,0.356106,0.368409,0.353386,0.330558,0.326478,0.309346,0.339401,0.342237,0.331151,0.330300,0.371858,0.350790,0.340769,0.358075,0.372601,0.354950,0.326275,0.345319,0.382167,0.360150,0.290641,0.449711,0.757521,0.769368,0.725514,0.722161,0.678494,0.670520,0.714638,0.681990,0.637781,0.601846,0.525562,0.643270,0.873211,0.872370,0.795228,0.767025,0.746433,0.768914,0.792463,0.794762,0.769406,0.768406,0.751896,0.718693,0.712185,0.683294,0.646028,0.628009,0.652041,0.489408,0.251995,0.266974,0.280745,0.219946,0.228804,0.240428,0.255412,0.235867,0.236597,0.247641,0.230463,0.362137,0.586506,0.615752,0.573636,0.601748,0.628666,0.660282,0.671624,0.695975,0.710856,0.736931,0.757099,0.639585,0.419509,0.418897,0.455727,0.463395,0.521451,0.562007,0.561228,0.574360,0.609378,0.643723,0.675495,0.668339,0.644251,0.650489,0.705575,0.724957,0.693957,0.821973,1.057034,1.107616,1.097132,1.104099,1.088761,1.093598,1.100652,1.099099,1.066077,1.033877,1.090397,1.106761,1.095957,1.087760,1.093781,1.110727,1.148859,0.978455,0.739190,0.727430,0.774408,0.783818,0.810303,0.617530,0.287173,0.249878,0.299380,0.294890,0.308507,0.311100,0.291700,0.315598,0.324499,0.308246,0.315355,0.324914,0.333561
0.418333,0.427794,0.428213,0.415288,0.418502,0.431384,0.407925,0.397309,0.429031,0.439071,0.437640,0.446479,0.435090,0.445158,0.446534,0.442820,0.433232,0.435898,0.428632,0.428304,0.467566,0.453818,0.439239,0.448814,0.470384,0.433865,0.395018,0.449243,0.450320,0.413456,0.406258,0.451452,0.471598,0.360293,0.584887,0.985193,1.013752,0.949956,0.920629,0.902742,0.875108,0.819395,0.782032,0.781473,0.781285,0.694387,0.880210,1.213881,1.232567,1.167935,1.159337,1.062524,1.021360,1.069453,1.083747,1.050608,0.950670,0.949849,0.950052,0.940146,0.949113,0.932775,0.883501,0.893899,0.744208,0.519877,0.439731,0.459023,0.475113,0.462270,0.433379,0.392361,0.400265,0.424390,0.402258,0.395813,0.586044,0.846691,0.913219,0.919062,0.948761,0.930235,0.898141,0.879843,0.894595,0.929489,0.986171,1.039427,0.900669,0.698907,0.660975,0.731358,0.753687,0.788288,0.783183,0.812035,0.851025,0.877697,0.903647,0.938097,0.965384,0.976344,1.009158,1.045835,1.047622,1.051472,1.146358,1.257529,1.277009,1.270994,1.281646,1.290219,1.295229,1.324745,1.304063,1.275142,1.279090,1.251431,1.252224,1.274616,1.284793,1.279401,1.296027,1.310884,1.170013,0.957840,0.917858,0.934655,0.939370,0.982051,0.757063,0.417617,0.376179,0.433476,0.431720,0.442769,0.438039,0.406681,0.375895,0.397139,0.468625,0.451997,0.389959,0.373237
0.402161,0.410375,0.422187,0.400412,0.410557,0.427838,0.403494,0.392852,0.442793,0.471840,0.464843,0.454871,0.431863,0.433156,0.433241,0.442832,0.445581,0.441714,0.428809,0.428742,0.455329,0.453940,0.438650,0.445545,0.476798,0.450293,0.391520,0.411298,0.446264,0.454044,0.422079,0.445116,0.449927,0.377802,0.606627,1.004002,1.022514,0.948841,0.935871,0.925842,0.891240,0.846899,0.789401,0.787702,0.790549,0.712650,0.886801,1.177670,1.237562,1.181439,1.152027,1.083350,1.067286,1.109813,1.068530,1.025039,0.991414,1.001703,0.983932,0.898470,0.940330,0.952545,0.909527,0.907846,0.782240,0.568420,0.482507,0.511833,0.545259,0.464866,0.429426,0.429362,0.403145,0.445800,0.473378,0.407736,0.583020,0.875945,0.912961,0.888128,0.901402,0.915216,0.893150,0.879321,0.881887,0.902392,0.952760,1.011370,0.907881,0.710955,0.652349,0.731054,0.748253,0.760263,0.778531,0.855781,0.862251,0.862692,0.891903,0.919441,0.922395,0.946893,0.998713,1.034544,1.047231,1.028943,1.140735,1.287503,1.262675,1.230725,1.268221,1.292973,1.290573,1.278943,1.275852,1.283692,1.304042,1.254506,1.231485,1.233373,1.259330,1.275015,1.293559,1.294966,1.166443,0.967110,0.909780,0.926779,0.969650,0.982225,0.764195,0.439549,0.358638,0.425059,0.455979,0.460817,0.448106,0.434268,0.387294,0.392115,0.434708,0.421176,0.391595,0.406711
0.420051,0.426920,0.418659,0.410313,0.427446,0.425450,0.377556,0.396615,0.446607,0.439452,0.440347,0.447916,0.441170,0.439246,0.438742,0.434164,0.426955,0.439997,0.429860,0.460441,0.478477,0.449836,0.432803,0.453688,0.457382,0.441097,0.420718,0.406677,0.430533,0.450253,0.422135,0.443966,0.445252,0.368231,0.587630,1.021162,1.028149,0.951664,0.945257,0.942244,0.896949,0.833621,0.796594,0.792785,0.779449,0.684786,0.860146,1.199529,1.232422,1.149925,1.127981,1.112056,1.110061,1.088165,1.028879,1.021677,1.045904,1.012554,0.964536,0.921863,0.934794,0.924818,0.901203,0.892911,0.752839,0.574505,0.534902,0.526281,0.514620,0.481171,0.475115,0.472738,0.446029,0.472503,0.474608,0.401052,0.565877,0.858724,0.868224,0.833413,0.862844,0.866468,0.860273,0.883960,0.908092,0.908048,0.938666,1.031659,0.915618,0.684268,0.658321,0.727376,0.727822,0.774684,0.799692,0.829025,0.809392,0.845646,0.904020,0.930486,0.934699,0.964359,0.993620,1.039392,1.059605,1.026597,1.119653,1.278202,1.275737,1.248321,1.267811,1.280845,1.269500,1.246023,1.265810,1.286882,1.278966,1.262050,1.258653,1.248954,1.250830,1.241438,1.273519,1.320004,1.175214,0.940236,0.899814,0.924032,0.965450,1.002813,0.762026,0.399178,0.344444,0.432904,0.447644,0.415563,0.421972,0.455819,0.424446,0.392675,0.386964,0.427078,0.428859,0.433188
0.424027,0.420324,0.412829,0.401965,0.423421,0.440905,0.396414,0.382207,0.427042,0.426642,0.439994,0.433012,0.433834,0.437767,0.444632,0.442844,0.435875,0.436427,0.440993,0.459451,0.462785,0.437587,0.426992,0.442870,0.456732,0.448809,0.419488,0.408986,0.421230,0.429618,0.411268,0.453525,0.461387,0.362895,0.573619,0.996259,1.013558,0.949250,0.970621,0.939573,0.892577,0.852186,0.821898,0.813934,0.767013,0.683387,0.857813,1.204195,1.233955,1.152325,1.140293,1.153742,1.127328,1.090305,1.066146,1.030407,1.013595,1.001367,0.996718,1.018739,0.967292,0.957505,0.934171,0.920249,0.757060,0.551852,0.521229,0.520465,0.505015,0.517007,0.483208,0.455534,0.471550,0.492701,0.451090,0.400550,0.559514,0.805850,0.849064,0.835700,0.875583,0.850800,0.840916,0.883776,0.932930,0.956371,0.996786,1.046944,0.914165,0.685843,0.701880,0.754664,0.751552,0.802770,0.820281,0.804114,0.803061,0.858281,0.924276,0.942771,0.954852,0.976757,0.983427,1.034362,1.065500,1.049739,1.117546,1.242988,1.273879,1.291156,1.289102,1.280805,1.273375,1.269330,1.271512,1.284961,1.287529,1.282371,1.267228,1.236729,1.268493,1.258439,1.253929,1.325445,1.182280,0.915715,0.910245,0.959376,0.976617,1.013076,0.778731,0.413720,0.377470,0.455941,0.413586,0.415282,0.426657,0.436383,0.435325,0.411885,0.400253,0.434226,0.448048,0.442543
0.425932,0.404381,0.397017,0.399005,0.416699,0.445049,0.410296,0.394587,0.427859,0.421119,0.437201,0.439397,0.427526,0.431348,0.448082,0.441863,0.423872,0.420908,0.423103,0.430909,0.436770,0.431994,0.432921,0.438349,0.455618,0.453175,0.421784,0.412027,0.420261,0.413725,0.409727,0.450705,0.462378,0.375630,0.582808,0.982277,1.005587,0.927859,0.943385,0.902101,0.856429,0.833051,0.799858,0.799791,0.774765,0.698373,0.869673,1.177397,1.194849,1.135069,1.142123,1.136209,1.111534,1.089014,1.055617,1.008444,0.978362,0.977759,0.970911,0.931705,0.932876,0.917917,0.913604,0.921602,0.739916,0.494277,0.471435,0.497483,0.481464,0.485965,0.457388,0.426925,0.450033,0.470907,0.427612,0.380329,0.525742,0.786137,0.857242,0.855521,0.872274,0.863063,0.854595,0.884924,0.926239,0.946081,0.959604,1.006306,0.871574,0.658616,0.679406,0.739668,0.728338,0.776735,0.786024,0.789336,0.817338,0.859124,0.892463,0.928403,0.976373,0.978280,0.982327,1.015259,1.049966,1.051424,1.124259,1.244346,1.252392,1.256999,1.280792,1.270745,1.268374,1.275809,1.266629,1.261819,1.264456,1.289242,1.270528,1.227392,1.264456,1.274330,1.251821,1.295389,1.174391,0.939092,0.915888,0.952705,0.976649,0.989082,0.752346,0.420836,0.384917,0.454533,0.434434,0.409341,0.413894,0.423183,0.425043,0.407327,0.393757,0.410869,0.416334,0.416338
0.328123,0.333711,0.312578,0.307522,0.311271,0.320875,0.334195,0.337960,0.326196,0.316312,0.326103,0.333601,0.359481,0.356596,0.362185,0.359598,0.363003,0.359488,0.317374,0.321018,0.315718,0.329303,0.337166,0.352086,0.371703,0.372232,0.377722,0.395359,0.368045,0.332517,0.360135,0.376177,0.340656,0.319972,0.491290,0.747652,0.758133,0.730899,0.731889,0.672619,0.650195,0.691812,0.684412,0.674638,0.642791,0.564512,0.664424,0.896855,0.892742,0.818922,0.799063,0.764896,0.785905,0.833119,0.815365,0.772990,0.740985,0.774659,0.745530,0.701463,0.697009,0.669772,0.639219,0.654387,0.494971,0.255144,0.247258,0.257735,0.211795,0.193635,0.217812,0.220417,0.209687,0.212005,0.260127,0.244436,0.354030,0.579379,0.624104,0.625332,0.668462,0.707825,0.722403,0.703020,0.714089,0.707737,0.737836,0.763725,0.645603,0.424586,0.454884,0.502668,0.493150,0.500742,0.550864,0.596666,0.607238,0.619464,0.625874,0.672446,0.680606,0.654209,0.664214,0.698271,0.718189,0.704943,0.854159,1.101854,1.138787,1.105357,1.103810,1.103597,1.112363,1.124854,1.112183,1.087879,1.071539,1.096207,1.134363,1.162534,1.119668,1.118618,1.143509,1.154787,0.995929,0.787616,0.750407,0.776048,0.792723,0.821872,0.620514,0.310005,0.300774,0.325257,0.307620,0.325870,0.321834,0.293961,0.326748,0.344934,0.313861,0.304264,0.323306,0.334674
0.318570,0.320366,0.299510,0.317319,0.330614,0.352357,0.335599,0.323260,0.350232,0.372952,0.367952,0.334446,0.349246,0.342851,0.339442,0.348492,0.356856,0.344022,0.339160,0.343180,0.326095,0.309000,0.325796,0.380375,0.391101,0.344318,0.316953,0.378159,0.370382,0.336551,0.355858,0.364446,0.333728,0.306388,0.496643,0.766080,0.772554,0.720497,0.723092,0.683915,0.655439,0.656833,0.670160,0.642957,0.609954,0.547298,0.693113,0.923031,0.873949,0.769338,0.796197,0.775635,0.784405,0.797592,0.809684,0.787399,0.754688,0.748724,0.710286,0.683995,0.652751,0.623365,0.629175,0.632295,0.475208,0.237873,0.217148,0.249733,0.213743,0.194799,0.215718,0.202401,0.180103,0.167159,0.192955,0.171079,0.332591,0.580409,0.600683,0.582742,0.631725,0.631906,0.645612,0.680794,0.695421,0.667800,0.706721,0.759728,0.638909,0.411153,0.417604,0.453585,0.464196,0.487008,0.519359,0.560371,0.575095,0.593325,0.621621,0.669655,0.668010,0.638047,0.648777,0.688002,0.713711,0.686412,0.834705,1.108712,1.147287,1.114422,1.098287,1.091812,1.080060,1.077010,1.114179,1.105557,1.079072,1.097925,1.127189,1.133398,1.104770,1.108354,1.147200,1.159813,0.986012,0.763104,0.747202,0.785155,0.799634,0.828288,0.617966,0.288134,0.246992,0.308246,0.326632,0.334145,0.320748,0.299475,0.320413,0.324664,0.313406,0.329395,0.330458,0.325176
0.425312,0.419685,0.407306,0.414902,0.456084,0.467151,0.448832,0.423519,0.464714,0.474595,0.462469,0.452913,0.432804,0.439618,0.444041,0.444489,0.438297,0.436308,0.426491,0.432679,0.455074,0.436101,0.430153,0.443819,0.442606,0.460700,0.461405,0.423998,0.430492,0.451109,0.411315,0.419336,0.431041,0.366246,0.584852,0.997545,1.018642,0.939104,0.938737,0.933587,0.888439,0.816320,0.768322,0.800995,0.792372,0.694354,0.878526,1.195998,1.177268,1.128748,1.153146,1.116863,1.082479,1.064818,1.049297,1.028805,1.017533,0.954949,0.944254,0.928296,0.910822,0.888168,0.895271,0.913230,0.751437,0.471270,0.497208,0.492082,0.407037,0.422500,0.430112,0.394773,0.386367,0.387334,0.359165,0.326722,0.553520,0.823904,0.835594,0.832087,0.863825,0.833546,0.771894,0.801769,0.880484,0.914085,0.912449,1.011848,0.869399,0.606898,0.587942,0.658349,0.672641,0.754000,0.784033,0.761910,0.784764,0.849216,0.909858,0.910629,0.941801,0.991101,0.984129,1.021605,1.055381,1.017138,1.095345,1.277544,1.307382,1.285106,1.260283,1.256620,1.254634,1.254825,1.283185,1.314695,1.304302,1.315262,1.284619,1.250794,1.287475,1.285395,1.268721,1.307615,1.180637,0.931130,0.925535,0.973122,0.981166,1.001661,0.770955,0.419164,0.355493,0.425627,0.439161,0.413887,0.421619,0.445552,0.418611,0.381867,0.389814,0.416527,0.402044,0.412098
0.425539,0.419624,0.417587,0.414323,0.428059,0.424840,0.397328,0.401186,0.450537,0.440077,0.438293,0.447693,0.417801,0.424915,0.447600,0.450282,0.447651,0.449054,0.422509,0.414278,0.414421,0.442990,0.439511,0.434981,0.451250,0.469417,0.441345,0.412589,0.429317,0.446172,0.411245,0.426060,0.439606,0.367134,0.568953,0.956202,1.006205,0.927742,0.913898,0.883266,0.848750,0.818179,0.784527,0.793757,0.767508,0.679141,0.846634,1.162301,1.168472,1.114026,1.110509,1.079426,1.066002,1.077672,1.034626,0.991862,0.957757,0.941992,0.930680,0.937491,0.939824,0.924499,0.883921,0.884257,0.733226,0.504764,0.490576,0.465282,0.392393,0.420731,0.421188,0.362032,0.387915,0.416782,0.358426,0.348100,0.534850,0.777209,0.824358,0.812121,0.848969,0.856317,0.803322,0.784083,0.884184,0.938608,0.947949,1.026915,0.881967,0.621975,0.615297,0.688867,0.716177,0.780597,0.808857,0.787359,0.801388,0.860082,0.904773,0.881237,0.901069,0.951194,0.989808,1.026069,1.044029,1.032201,1.100861,1.248259,1.263463,1.267350,1.252648,1.240502,1.256547,1.275780,1.261513,1.273959,1.278544,1.264470,1.268938,1.298743,1.276623,1.261476,1.248970,1.276924,1.155288,0.932376,0.915317,0.934054,0.951510,0.988094,0.752545,0.394007,0.381595,0.450223,0.416231,0.389613,0.398343,0.408296,0.387252,0.370387,0.385244,0.405148,0.423752,0.436315
0.423662,0.407385,0.389770,0.415734,0.435711,0.444446,0.400405,0.383419,0.434557,0.426607,0.429692,0.447896,0.411931,0.416263,0.450037,0.431674,0.432698,0.460369,0.431910,0.412276,0.422123,0.443881,0.433012,0.439014,0.454835,0.446626,0.393534,0.412017,0.435747,0.435068,0.422917,0.442880,0.448947,0.393387,0.603052,0.958493,0.992931,0.910704,0.881381,0.858517,0.837127,0.804393,0.785135,0.788363,0.771222,0.658028,0.840860,1.183608,1.181853,1.104983,1.112789,1.098867,1.090364,1.075208,1.031286,0.981232,0.934007,0.982734,0.962449,0.936194,0.934210,0.919833,0.910906,0.891398,0.697549,0.485135,0.455174,0.478883,0.466583,0.463542,0.446037,0.405605,0.444734,0.460965,0.406120,0.384669,0.568304,0.830594,0.880796,0.873899,0.890137,0.901606,0.879116,0.909171,0.955591,0.958332,0.961913,1.040009,0.930246,0.682626,0.695716,0.747769,0.737151,0.800240,0.843702,0.818802,0.817896,0.855362,0.897203,0.921881,0.951860,0.962144,0.984295,1.025796,1.066650,1.044352,1.090647,1.209905,1.271052,1.276118,1.265415,1.252354,1.268500,1.270650,1.270490,1.258028,1.254943,1.251807,1.275836,1.301571,1.279467,1.260258,1.264972,1.308063,1.177863,0.921168,0.914730,0.939081,0.960189,1.018840,0.778273,0.368495,0.368326,0.452475,0.422613,0.394285,0.389638,0.397488,0.393733,0.380392,0.404583,0.440239,0.453664,0.432099
0.428728,0.410844,0.393626,0.448558,0.453442,0.448233,0.416751,0.416567,0.444188,0.435061,0.421143,0.428364,0.417674,0.429643,0.445679,0.440273,0.461077,0.465967,0.430238,0.425559,0.453603,0.467177,0.460532,0.438029,0.435250,0.437911,0.436275,0.440751,0.449900,0.448706,0.444979,0.460358,0.454974,0.428049,0.648582,0.952868,0.988945,0.904042,0.862738,0.875523,0.880824,0.803257,0.749357,0.764460,0.750884,0.646201,0.826075,1.169549,1.183785,1.114319,1.099514,1.053152,1.031248,1.061432,1.033777,1.000653,0.971159,1.006238,0.995928,0.962665,0.935773,0.890897,0.916833,0.934940,0.772709,0.520358,0.503413,0.548875,0.540584,0.505911,0.470402,0.442744,0.492390,0.513798,0.461755,0.417543,0.618298,0.918353,0.931863,0.921943,0.944746,0.947399,0.935859,0.935916,0.953200,0.949949,0.976708,1.047010,0.930469,0.690694,0.695335,0.762964,0.751555,0.799322,0.818986,0.828830,0.861880,0.887229,0.901671,0.911331,0.950549,0.975580,0.989289,1.029283,1.077633,1.056458,1.116678,1.249907,1.290389,1.274372,1.241275,1.261309,1.289150,1.306330,1.272706,1.255327,1.274379,1.303379,1.273402,1.257514,1.283076,1.287675,1.286529,1.327920,1.174397,0.925471,0.912786,0.945529,0.971944,1.030767,0.818072,0.415435,0.369025,0.434363,0.433752,0.420886,0.397669,0.398602,0.404230,0.411034,0.424555,0.433109,0.451786,0.448451
0.446563,0.421497,0.410940,0.456419,0.481087,0.469996,0.418949,0.416088,0.451247,0.431613,0.413678,0.426075,0.414351,0.422474,0.426996,0.439274,0.442417,0.453676,0.443062,0.444364,0.462926,0.468818,0.485238,0.461324,0.444047,0.438559,0.485549,0.476724,0.445161,0.430529,0.444278,0.470703,0.462534,0.435366,0.645996,0.972312,1.005412,0.903220,0.848106,0.848795,0.837801,0.811283,0.765839,0.753560,0.736127,0.658386,0.847039,1.194984,1.197894,1.135501,1.143088,1.081056,1.052152,1.068948,1.061006,1.037898,1.025061,1.015815,1.013387,1.006783,0.967458,0.910957,0.925532,0.949756,0.803295,0.577826,0.568715,0.591923,0.550413,0.514342,0.483243,0.475963,0.489041,0.504136,0.490067,0.432525,0.633194,0.924135,0.895926,0.891622,0.960625,0.919487,0.896448,0.936676,0.936172,0.925185,0.967826,1.038631,0.910486,0.662390,0.665663,0.726565,0.721490,0.746137,0.770227,0.812085,0.850128,0.878635,0.893536,0.872391,0.883138,0.959905,0.977215,0.995725,1.030862,1.032271,1.122023,1.250670,1.270464,1.256671,1.255337,1.259729,1.276118,1.299064,1.263688,1.244978,1.281160,1.303249,1.279405,1.256075,1.280909,1.291175,1.291335,1.323286,1.161465,0.919386,0.918970,0.946739,0.945514,1.010035,0.796078,0.401753,0.367080,0.427364,0.424695,0.414288,0.387287,0.391857,0.418674,0.428785,0.417925,0.403139,0.409936,0.415869
0.316598,0.337304,0.349326,0.342953,0.332391,0.332789,0.315057,0.311535,0.346347,0.360917,0.373709,0.348368,0.355245,0.339597,0.345919,0.353559,0.343566,0.324944,0.329169,0.348183,0.339173,0.322140,0.334262,0.368991,0.366254,0.333931,0.318850,0.360265,0.350336,0.339562,0.355985,0.377032,0.349227,0.292170,0.468653,0.762544,0.766339,0.717455,0.711997,0.661573,0.646662,0.682760,0.659650,0.626206,0.610953,0.567236,0.675892,0.895335,0.882104,0.799455,0.795497,0.759418,0.768555,0.777387,0.805177,0.790228,0.760739,0.708331,0.691834,0.676524,0.622518,0.590309,0.609456,0.625007,0.478377,0.238851,0.219829,0.248675,0.190480,0.186393,0.198658,0.203752,0.177701,0.190296,0.180245,0.158033,0.317591,0.548904,0.592505,0.557112,0.589157,0.599592,0.640350,0.682673,0.664367,0.665100,0.733111,0.754442,0.619846,0.404707,0.404566,0.429489,0.453078,0.491798,0.517901,0.531709,0.574649,0.599220,0.614290,0.655998,0.646414,0.619931,0.634419,0.673851,0.693967,0.683215,0.835241,1.079214,1.114862,1.089514,1.099800,1.089496,1.082780,1.087975,1.091190,1.083970,1.083559,1.105759,1.120008,1.111805,1.087766,1.105616,1.142832,1.178123,1.010545,0.750858,0.738672,0.766741,0.764463,0.807104,0.612585,0.293103,0.260829,0.305243,0.299587,0.331626,0.338649,0.291223,0.304825,0.331484,0.330397,0.324592,0.316472,0.333093
0.308432,0.332179,0.338777,0.337404,0.334607,0.318765,0.287405,0.309323,0.349385,0.361568,0.360228,0.355741,0.353192,0.343311,0.347971,0.357061,0.344723,0.314859,0.311531,0.333625,0.339918,0.343185,0.341158,0.347067,0.334212,0.334726,0.329842,0.343694,0.342833,0.361343,0.363671,0.377938,0.362612,0.285053,0.447792,0.753187,0.761392,0.719453,0.718167,0.673356,0.670372,0.696619,0.660356,0.635645,0.626604,0.544650,0.642855,0.856989,0.862042,0.777129,0.766582,0.750430,0.737416,0.756442,0.778653,0.763573,0.729598,0.676329,0.637374,0.626769,0.631697,0.611527,0.574383,0.610002,0.452848,0.195729,0.192608,0.233319,0.201179,0.219639,0.238078,0.203523,0.185154,0.199113,0.175789,0.124754,0.285805,0.532959,0.562129,0.523003,0.546453,0.563056,0.589511,0.638020,0.624801,0.632475,0.678898,0.720719,0.598515,0.398503,0.368420,0.405114,0.433441,0.474205,0.505250,0.539491,0.538097,0.561758,0.596304,0.654380,0.659312,0.618260,0.634553,0.685446,0.708538,0.706560,0.845744,1.060747,1.097302,1.090972,1.109777,1.099777,1.104956,1.131846,1.102762,1.078576,1.066861,1.088175,1.125310,1.125708,1.092567,1.101896,1.155951,1.189089,1.014496,0.759098,0.753824,0.788349,0.767765,0.813114,0.633666,0.310940,0.254774,0.303686,0.330076,0.324767,0.341321,0.317314,0.307206,0.299259,0.310535,0.309392,0.319063,0.314960
0.421518,0.411313,0.420330,0.435522,0.457800,0.453507,0.412446,0.397212,0.441525,0.430991,0.426829,0.452858,0.417957,0.425392,0.431205,0.423895,0.412266,0.429628,0.436554,0.431134,0.441410,0.464541,0.494188,0.466031,0.442869,0.426888,0.455573,0.407922,0.431574,0.459742,0.429181,0.452322,0.465067,0.418441,0.624103,0.971562,0.992262,0.898145,0.878258,0.860965,0.849264,0.817805,0.745659,0.741780,0.736701,0.630607,0.813883,1.174790,1.165039,1.112866,1.107649,1.098884,1.084507,1.081935,1.021894,0.979922,0.984536,0.984265,0.933636,0.890000,0.981325,0.979128,0.930020,0.929929,0.800065,0.581410,0.524432,0.519431,0.537282,0.548813,0.503967,0.437308,0.440138,0.452309,0.455815,0.374310,0.561757,0.868835,0.860825,0.869506,0.938207,0.894551,0.863656,0.877378,0.917401,0.920543,0.937402,1.006581,0.899878,0.679592,0.673800,0.756085,0.764006,0.785840,0.803921,0.827265,0.794640,0.805440,0.870453,0.893922,0.908064,0.928209,0.952819,1.013361,1.053561,1.047818,1.121275,1.224207,1.264910,1.267840,1.265223,1.261477,1.284693,1.316897,1.277207,1.250231,1.289015,1.297738,1.277490,1.273096,1.289006,1.276408,1.290910,1.341373,1.170110,0.927806,0.961473,0.989282,0.951323,1.012326,0.805727,0.420390,0.377157,0.439760,0.410820,0.422641,0.414741,0.431146,0.428039,0.427219,0.420354,0.404015,0.419356,0.419871
0.452961,0.422275,0.406866,0.424479,0.448075,0.443764,0.427784,0.413390,0.448150,0.447089,0.445571,0.437823,0.424128,0.433572,0.427849,0.430260,0.419536,0.413238,0.431801,0.454340,0.457080,0.445566,0.466681,0.460203,0.440660,0.439626,0.463517,0.408087,0.432665,0.480583,0.454714,0.442675,0.452805,0.432393,0.629472,0.954151,0.978200,0.893271,0.870619,0.846579,0.827710,0.809988,0.752998,0.743246,0.737433,0.664417,0.862327,1.197331,1.168052,1.091727,1.087497,1.128303,1.126104,1.039152,0.997116,0.965521,0.974424,0.954621,0.931599,0.888173,0.910814,0.906528,0.890611,0.895853,0.752957,0.577931,0.505142,0.484271,0.505224,0.536274,0.511127,0.472044,0.438700,0.429700,0.437511,0.403536,0.555594,0.823199,0.874764,0.892312,0.932362,0.903109,0.891947,0.885243,0.911041,0.926643,0.955306,1.031467,0.901278,0.667276,0.678017,0.772280,0.778179,0.796913,0.806179,0.812174,0.800333,0.813164,0.862460,0.863424,0.879592,0.916669,0.932756,1.001448,1.041685,1.008085,1.092347,1.235039,1.276264,1.250893,1.244136,1.241130,1.260552,1.285569,1.265434,1.254073,1.285403,1.296704,1.277113,1.264042,1.285158,1.286591,1.288548,1.318988,1.164190,0.924062,0.927724,0.974074,0.964948,1.010319,0.783651,0.415253,0.387793,0.439957,0.416979,0.433051,0.417616,0.380391,0.421196,0.436027,0.417950,0.411456,0.422035,0.421278
0.444996,0.438349,0.391919,0.406497,0.424863,0.419732,0.426771,0.432382,0.427060,0.430984,0.424367,0.414348,0.444642,0.454001,0.446544,0.442483,0.434453,0.409712,0.413057,0.454306,0.469200,0.445015,0.414670,0.408616,0.442935,0.452129,0.454925,0.426648,0.440070,0.483956,0.490336,0.475187,0.448171,0.418088,0.613768,0.920595,0.962853,0.893951,0.876964,0.862256,0.855136,0.831658,0.790639,0.782413,0.767654,0.673002,0.862187,1.202217,1.184071,1.093474,1.079662,1.100700,1.060209,0.974676,0.986456,0.999512,0.976104,0.935740,0.918278,0.872406,0.832240,0.809089,0.796304,0.843391,0.688346,0.471848,0.462042,0.489115,0.476483,0.505400,0.513290,0.510988,0.455642,0.443140,0.443781,0.434774,0.578607,0.817089,0.882579,0.866269,0.876679,0.858211,0.891407,0.889199,0.887298,0.897434,0.937398,1.021123,0.890649,0.648399,0.662356,0.740470,0.735784,0.753443,0.780348,0.807137,0.805170,0.826080,0.850269,0.870647,0.891143,0.922897,0.924597,0.963053,1.023629,0.994567,1.093323,1.238560,1.262135,1.245025,1.251435,1.253796,1.251922,1.245470,1.239102,1.245578,1.276529,1.279472,1.266766,1.260629,1.270996,1.271042,1.283059,1.323765,1.184625,0.927383,0.895467,0.930035,0.942110,1.022807,0.801529,0.407239,0.378556,0.441460,0.447742,0.410218,0.398701,0.410896,0.421716,0.424992,0.436240,0.415333,0.401513,0.404900
0.442945,0.451432,0.431655,0.396662,0.389999,0.415097,0.421587,0.423683,0.419786,0.420252,0.417714,0.423103,0.439757,0.439883,0.425808,0.429693,0.419353,0.398113,0.415920,0.456123,0.464913,0.433409,0.414108,0.455398,0.464501,0.474441,0.464560,0.458519,0.450960,0.473639,0.470312,0.467807,0.443766,0.409141,0.613120,0.941419,0.985070,0.908477,0.882193,0.873362,0.862655,0.828085,0.813939,0.798169,0.752547,0.682215,0.881687,1.222521,1.218387,1.134387,1.123756,1.118824,1.071169,1.013714,1.005008,0.997961,0.972018,0.932614,0.916985,0.899337,0.864268,0.841101,0.835729,0.852854,0.691080,0.452107,0.454962,0.484775,0.449576,0.472523,0.467572,0.461892,0.416195,0.416724,0.424292,0.405970,0.527964,0.781787,0.844418,0.831209,0.835384,0.860242,0.850971,0.887107,0.917374,0.926957,0.941803,1.006917,0.865005,0.629824,0.647567,0.727944,0.735633,0.745427,0.779051,0.792435,0.800720,0.821845,0.868921,0.890870,0.900533,0.915113,0.956011,1.004674,1.038088,1.036289,1.119577,1.248728,1.252161,1.254275,1.304017,1.276888,1.264801,1.256364,1.267138,1.255703,1.262462,1.288221,1.295298,1.286261,1.276613,1.275987,1.292411,1.337320,1.182315,0.918510,0.915015,0.933117,0.909572,1.004594,0.794488,0.416855,0.380599,0.439431,0.415347,0.396341,0.414319,0.439400,0.406690,0.404471,0.422333,0.399852,0.392139,0.423229
0.436409,0.441800,0.467119,0.416401,0.388837,0.419977,0.440726,0.434400,0.418094,0.420249,0.423170,0.425112,0.428035,0.426951,0.425220,0.434872,0.425744,0.400054,0.423254,0.451962,0.462960,0.448596,0.443373,0.482766,0.480144,0.474239,0.452949,0.451053,0.446777,0.452173,0.427246,0.442720,0.440291,0.401784,0.606039,0.969365,1.020346,0.935967,0.882335,0.876445,0.876886,0.846148,0.810273,0.789094,0.753277,0.684754,0.889269,1.233415,1.220701,1.143301,1.162242,1.122882,1.077798,1.041455,1.035853,1.027220,1.002336,0.957341,0.943832,0.934019,0.905632,0.889367,0.908556,0.916210,0.747811,0.495005,0.487589,0.510050,0.474862,0.498073,0.485633,0.460617,0.431198,0.436527,0.430732,0.374513,0.544431,0.827399,0.872825,0.849077,0.854313,0.872811,0.862683,0.904153,0.940793,0.953552,0.964748,1.021524,0.881945,0.651100,0.661300,0.742247,0.758459,0.771153,0.796576,0.808480,0.811257,0.839387,0.892852,0.894642,0.902409,0.937587,0.980684,1.006892,1.013796,1.037931,1.137979,1.266665,1.277739,1.267179,1.290044,1.263428,1.251719,1.265381,1.300622,1.277016,1.254559,1.303171,1.325662,1.297126,1.290575,1.286351,1.301004,1.346032,1.183705,0.917953,0.920845,0.945788,0.908755,0.986109,0.795571,0.437778,0.382378,0.434071,0.419182,0.428290,0.438709,0.410293,0.411911,0.418968,0.445941,0.404337,0.396040,0.413142
0.309563,0.311194,0.337631,0.366271,0.352973,0.332235,0.335857,0.344120,0.360306,0.383600,0.376345,0.332649,0.330126,0.329359,0.336119,0.352477,0.350083,0.344389,0.323765,0.333922,0.342671,0.344265,0.344914,0.357360,0.356101,0.349057,0.334442,0.357660,0.341637,0.328246,0.326417,0.360876,0.337211,0.273300,0.452145,0.760269,0.789119,0.743974,0.713568,0.680883,0.671171,0.692630,0.668504,0.653105,0.600311,0.510963,0.633400,0.853068,0.864467,0.790426,0.788153,0.741643,0.738023,0.788548,0.804785,0.785024,0.743748,0.720724,0.666916,0.679218,0.667314,0.634419,0.619017,0.630220,0.474681,0.232881,0.222341,0.245877,0.194781,0.200861,0.214000,0.168493,0.154114,0.180681,0.168996,0.142329,0.325712,0.574300,0.596550,0.564176,0.586297,0.608683,0.632885,0.644020,0.660073,0.672819,0.729246,0.769387,0.641861,0.417858,0.384914,0.426151,0.468870,0.528312,0.540779,0.561021,0.552590,0.589726,0.638695,0.652405,0.639495,0.638644,0.665224,0.697995,0.706132,0.687138,0.855480,1.109062,1.146463,1.114369,1.090615,1.087003,1.103919,1.147654,1.116619,1.105969,1.112762,1.128939,1.133211,1.130029,1.121256,1.131172,1.149540,1.172644,1.009522,0.781517,0.761721,0.790668,0.792823,0.812879,0.618309,0.313366,0.269730,0.320549,0.343992,0.337695,0.333685,0.299399,0.309108,0.315310,0.330739,0.327326,0.325070,0.321036
0.324611,0.327936,0.310435,0.329542,0.345969,0.365592,0.349139,0.334529,0.367122,0.395908,0.380914,0.352042,0.339124,0.325178,0.312024,0.340324,0.329586,0.301443,0.311544,0.343196,0.347034,0.336523,0.341362,0.347414,0.350369,0.352010,0.344479,0.365669,0.347505,0.324001,0.335039,0.377349,0.355314,0.296067,0.446056,0.721612,0.756881,0.713074,0.688396,0.647216,0.630787,0.650401,0.636907,0.631066,0.598497,0.522215,0.642619,0.850216,0.828959,0.761380,0.763377,0.727357,0.731685,0.778218,0.743379,0.712268,0.695596,0.682771,0.644489,0.658392,0.645665,0.615867,0.601437,0.608296,0.449688,0.205563,0.188818,0.220135,0.222450,0.193483,0.176319,0.159108,0.151487,0.147560,0.148357,0.132015,0.279198,0.501079,0.529781,0.512547,0.548721,0.555384,0.540183,0.563445,0.576122,0.607447,0.635005,0.696813,0.570678,0.387748,0.372618,0.427900,0.447441,0.443909,0.484120,0.532100,0.543589,0.571564,0.628041,0.630553,0.603797,0.589214,0.619300,0.663962,0.686779,0.655371,0.839481,1.098002,1.114615,1.083023,1.088908,1.081314,1.071881,1.114695,1.101090,1.097414,1.094244,1.115546,1.108507,1.104763,1.113087,1.095048,1.092962,1.134846,0.979515,0.745692,0.741486,0.786967,0.778957,0.797120,0.612364,0.314509,0.295533,0.322971,0.347410,0.314406,0.312338,0.302647,0.322687,0.319110,0.326939,0.286378,0.294458,0.302181
0.412325,0.433510,0.407203,0.393484,0.401171,0.437088,0.446869,0.453899,0.427433,0.427016,0.439897,0.436020,0.422465,0.419942,0.428534,0.446152,0.424215,0.374632,0.413954,0.445362,0.466036,0.470903,0.446548,0.437372,0.447415,0.469438,0.484480,0.460883,0.443382,0.434519,0.465763,0.476109,0.468078,0.419582,0.601978,0.953405,0.990600,0.871835,0.828992,0.834963,0.846274,0.804285,0.774008,0.767500,0.734821,0.652380,0.864270,1.234739,1.174330,1.092316,1.105689,1.063166,1.012404,1.010335,1.022871,1.030288,1.009931,0.914219,0.917450,0.914679,0.881811,0.856430,0.866229,0.914353,0.768716,0.529019,0.445207,0.466535,0.506307,0.526583,0.499562,0.481392,0.519599,0.519455,0.456874,0.413406,0.505852,0.755052,0.865581,0.842408,0.801335,0.851398,0.891213,0.856394,0.875640,0.898319,0.940285,0.983740,0.849235,0.641255,0.659307,0.767485,0.778673,0.731203,0.730385,0.781438,0.809334,0.836901,0.874992,0.866275,0.860655,0.870539,0.938235,0.981705,0.991800,1.032892,1.126650,1.242207,1.270822,1.255760,1.257785,1.276281,1.282237,1.259240,1.309692,1.291357,1.287832,1.294074,1.289799,1.276648,1.275659,1.246005,1.237985,1.302724,1.160894,0.878729,0.892878,0.945522,0.902221,0.965786,0.783088,0.450291,0.389443,0.438723,0.418420,0.419506,0.416921,0.434158,0.445939,0.454923,0.435960,0.434734,0.417490,0.416619
0.431645,0.421696,0.417326,0.404372,0.426955,0.439746,0.433883,0.442702,0.433640,0.410151,0.433752,0.449802,0.416948,0.389882,0.442089,0.449578,0.436772,0.416216,0.435986,0.435632,0.441657,0.480463,0.464453,0.438383,0.436812,0.460573,0.499615,0.457371,0.429204,0.431175,0.455325,0.449386,0.434279,0.405638,0.628354,0.968381,0.979596,0.870823,0.823550,0.843401,0.852581,0.833714,0.781854,0.764366,0.718550,0.624336,0.834825,1.205768,1.197541,1.105222,1.090437,1.059652,1.040377,1.034341,1.048306,1.033325,1.015617,0.954578,0.948300,0.955891,0.912736,0.866336,0.877779,0.925437,0.777686,0.536487,0.508107,0.537028,0.507352,0.532293,0.527143,0.508555,0.527844,0.538391,0.483881,0.449915,0.595751,0.829639,0.902059,0.878733,0.867587,0.870557,0.883383,0.872284,0.887782,0.889676,0.919514,1.015572,0.918652,0.661995,0.646275,0.736162,0.761006,0.771825,0.776081,0.788070,0.800007,0.838074,0.897643,0.894169,0.907025,0.921026,0.969835,0.996318,1.018906,1.033930,1.110720,1.221735,1.265397,1.258205,1.245806,1.262457,1.270987,1.255108,1.273216,1.280500,1.296487,1.282074,1.273472,1.269301,1.265111,1.243110,1.247668,1.320974,1.171460,0.891752,0.901958,0.918800,0.876578,0.940083,0.774316,0.452261,0.382493,0.408957,0.395572,0.417140,0.439805,0.429074,0.427460,0.421168,0.405281,0.451164,0.450077,0.461640
0.428362,0.426911,0.445124,0.432411,0.420918,0.397896,0.401643,0.397301,0.401115,0.414461,0.437747,0.462818,0.441569,0.410072,0.412479,0.428248,0.447256,0.462712,0.445186,0.426937,0.434520,0.485999,0.507277,0.481845,0.455792,0.456073,0.483092,0.457395,0.436576,0.451971,0.443297,0.438796,0.420206,0.373534,0.592951,0.967884,0.982142,0.880078,0.838922,0.836506,0.843466,0.859050,0.800908,0.771941,0.725554,0.641043,0.833298,1.166955,1.191684,1.106295,1.099189,1.050027,1.018912,1.051547,1.034781,0.999651,0.985519,0.961583,0.950219,0.951676,0.901532,0.862131,0.894866,0.917049,0.741263,0.446576,0.442646,0.484937,0.495562,0.476757,0.457765,0.441382,0.445058,0.448933,0.432905,0.391693,0.571580,0.818473,0.861394,0.822808,0.834631,0.852058,0.871776,0.878731,0.919087,0.904401,0.899593,0.957841,0.871497,0.660051,0.625557,0.678246,0.695546,0.728371,0.760120,0.780527,0.802183,0.848153,0.896459,0.898400,0.908783,0.924227,0.958701,0.983835,1.001346,1.011504,1.090767,1.214273,1.231711,1.235061,1.218932,1.237259,1.259665,1.253995,1.246375,1.243866,1.252023,1.269153,1.286169,1.278525,1.263441,1.225231,1.228053,1.313379,1.183105,0.937572,0.925003,0.924865,0.891466,0.960087,0.784711,0.421542,0.370996,0.409771,0.402265,0.401481,0.432093,0.443824,0.416849,0.390958,0.402812,0.420611,0.417878,0.441486
0.427357,0.414355,0.426401,0.422295,0.409692,0.407485,0.394594,0.411729,0.435134,0.428402,0.450958,0.461689,0.435112,0.420750,0.422275,0.420243,0.437295,0.461455,0.442385,0.422777,0.431452,0.458151,0.467073,0.469577,0.436327,0.436117,0.454088,0.456242,0.448351,0.406250,0.420812,0.453159,0.445442,0.338304,0.564423,0.961739,0.976746,0.848761,0.824140,0.818657,0.839272,0.850915,0.785272,0.751441,0.718118,0.649174,0.841743,1.166213,1.157303,1.086424,1.096351,1.025066,0.976259,1.007510,1.013161,0.993030,0.961417,0.907645,0.889818,0.902400,0.876830,0.849626,0.869772,0.887988,0.719569,0.439453,0.392128,0.442315,0.493023,0.426479,0.393137,0.392398,0.410900,0.432089,0.411441,0.373913,0.525506,0.809178,0.844910,0.805857,0.830745,0.861049,0.895352,0.908493,0.959417,0.932300,0.876132,0.932780,0.833468,0.642055,0.609284,0.654736,0.699935,0.731277,0.756215,0.766824,0.785516,0.826353,0.866115,0.867314,0.888255,0.920961,0.964428,1.000182,1.024627,1.018163,1.071755,1.194055,1.246945,1.251243,1.237612,1.252296,1.267407,1.251076,1.254763,1.254310,1.261778,1.276661,1.294492,1.314224,1.259391,1.215333,1.248985,1.288705,1.170622,0.957547,0.946934,0.938920,0.915928,0.976009,0.785635,0.428063,0.360813,0.400362,0.400130,0.397407,0.429547,0.458338,0.400997,0.351697,0.377459,0.402338,0.408632,0.413694
0.415781,0.412267,0.410431,0.437485,0.442743,0.440989,0.434065,0.433862,0.443694,0.452496,0.460502,0.461718,0.458569,0.441859,0.426880,0.429086,0.433417,0.442661,0.464040,0.440777,0.424110,0.450012,0.455665,0.448116,0.438377,0.454491,0.475415,0.464105,0.434702,0.414408,0.443798,0.486645,0.461005,0.351647,0.580965,0.968691,0.955538,0.850160,0.858391,0.844879,0.833841,0.838649,0.794547,0.766447,0.712041,0.648580,0.853867,1.181594,1.188892,1.117754,1.110865,1.073151,1.034458,1.032910,1.014775,0.996660,0.990512,0.949860,0.929746,0.941608,0.936769,0.889577,0.883876,0.926312,0.758864,0.489514,0.472422,0.543595,0.531154,0.504179,0.471312,0.458955,0.443219,0.449540,0.462905,0.411615,0.574438,0.853150,0.890256,0.840053,0.848871,0.896147,0.928863,0.949011,0.919123,0.910501,0.914072,1.000641,0.905291,0.692453,0.660651,0.721401,0.775735,0.772527,0.776514,0.805567,0.824992,0.834332,0.845059,0.865390,0.906360,0.945804,0.986451,1.012473,1.024494,1.026445,1.066569,1.182251,1.260468,1.267997,1.261010,1.262928,1.289613,1.277479,1.265402,1.276276,1.292766,1.289467,1.298367,1.295603,1.249891,1.226538,1.295639,1.330337,1.186943,0.963395,0.943795,0.950986,0.955339,1.012255,0.811945,0.437189,0.365965,0.406299,0.402205,0.409034,0.425060,0.423254,0.403664,0.402666,0.418684,0.425816,0.429299,0.421803
0.333564,0.327155,0.318220,0.350450,0.361612,0.347792,0.358791,0.346442,0.346403,0.362560,0.356238,0.342369,0.346712,0.351429,0.336600,0.341412,0.324210,0.312558,0.337060,0.349349,0.332943,0.324373,0.342936,0.356638,0.354713,0.353993,0.350867,0.358198,0.346694,0.370149,0.337370,0.353008,0.356608,0.316741,0.473245,0.755273,0.754791,0.727509,0.740449,0.661575,0.630145,0.626982,0.632699,0.621500,0.583541,0.510058,0.628851,0.845931,0.832616,0.783550,0.769807,0.758632,0.761864,0.754604,0.733120,0.713266,0.695578,0.655273,0.626809,0.641751,0.642655,0.621043,0.616611,0.643552,0.479777,0.225704,0.221341,0.251888,0.227173,0.231516,0.223009,0.200043,0.165506,0.164295,0.178223,0.145913,0.301896,0.533643,0.557903,0.546186,0.585234,0.600585,0.573732,0.609016,0.614155,0.621282,0.652442,0.773305,0.641145,0.382700,0.375517,0.435176,0.438998,0.477102,0.498916,0.519521,0.541561,0.542060,0.579826,0.641497,0.625365,0.597008,0.620513,0.675334,0.690436,0.651816,0.820839,1.091573,1.111305,1.105914,1.126436,1.099817,1.095105,1.167573,1.114260,1.097359,1.123218,1.130010,1.126135,1.122612,1.109790,1.109064,1.137894,1.189845,1.006067,0.750530,0.742637,0.799641,0.793125,0.837056,0.630521,0.309252,0.274891,0.301565,0.334642,0.336533,0.336991,0.308480,0.329216,0.322971,0.319661,0.294127,0.326771,0.356529
0.341657,0.351267,0.332693,0.321975,0.340707,0.349742,0.354180,0.341545,0.346408,0.346381,0.356349,0.359041,0.332928,0.334937,0.361853,0.354567,0.335661,0.322191,0.331579,0.346866,0.346214,0.323124,0.333818,0.359862,0.359897,0.356226,0.372518,0.373915,0.354882,0.352581,0.343068,0.365694,0.369464,0.315227,0.454117,0.720404,0.751771,0.711798,0.692417,0.635010,0.630808,0.636250,0.599726,0.584141,0.553746,0.476912,0.584232,0.820176,0.805721,0.776672,0.772827,0.732145,0.743962,0.771396,0.713373,0.675341,0.679385,0.618663,0.588632,0.641115,0.644981,0.616118,0.606430,0.641323,0.517820,0.247484,0.202978,0.230798,0.233503,0.229607,0.209111,0.183664,0.205589,0.222207,0.208569,0.169666,0.309350,0.540841,0.562116,0.538500,0.568181,0.552306,0.530217,0.587639,0.583363,0.595653,0.664505,0.750062,0.597243,0.365447,0.376170,0.442717,0.457548,0.518823,0.503019,0.496029,0.527318,0.566225,0.580506,0.613389,0.593395,0.557061,0.599032,0.663108,0.667001,0.644762,0.817233,1.080603,1.101601,1.095465,1.131143,1.111374,1.084088,1.130875,1.101051,1.110499,1.141254,1.110283,1.102676,1.100573,1.124429,1.114940,1.115548,1.165409,1.024895,0.771905,0.742657,0.773023,0.775156,0.806341,0.611417,0.305774,0.272137,0.306529,0.314418,0.326059,0.352682,0.336963,0.326741,0.294920,0.285637,0.292039,0.300126,0.333141
0.439878,0.437686,0.409826,0.432458,0.440850,0.441760,0.426543,0.422139,0.415957,0.412518,0.436593,0.466510,0.450194,0.440936,0.446224,0.431299,0.438037,0.455612,0.445715,0.437317,0.459289,0.450143,0.445195,0.467974,0.466085,0.466748,0.472913,0.464580,0.463384,0.439117,0.461718,0.487441,0.456570,0.358928,0.566380,0.914755,0.935901,0.847782,0.830989,0.843835,0.838723,0.831450,0.800416,0.782355,0.706785,0.619336,0.831227,1.173284,1.209088,1.121781,1.111307,1.060279,1.022958,1.052379,0.998410,0.972576,0.970429,0.945280,0.957127,0.964560,0.930008,0.878027,0.872687,0.908975,0.755109,0.503150,0.445962,0.444840,0.472853,0.456106,0.430492,0.414499,0.414224,0.441799,0.439000,0.398287,0.557732,0.850494,0.893550,0.825864,0.816865,0.837641,0.874800,0.864150,0.899170,0.909410,0.904041,0.965273,0.880200,0.687197,0.634235,0.668360,0.709690,0.747895,0.760940,0.742674,0.790279,0.845884,0.836859,0.838928,0.871879,0.904223,0.944513,0.968937,0.984205,0.999369,1.062972,1.185260,1.245696,1.242814,1.239546,1.255737,1.278723,1.248601,1.259595,1.278361,1.273226,1.255127,1.264130,1.280269,1.255621,1.223224,1.236227,1.298143,1.185542,0.957482,0.935266,0.933915,0.939290,0.980325,0.773834,0.404815,0.374320,0.438973,0.400232,0.408149,0.429337,0.432392,0.391443,0.387397,0.403292,0.427490,0.408982,0.398072
0.440014,0.421888,0.403050,0.431130,0.442875,0.432351,0.433063,0.434773,0.409943,0.395370,0.420923,0.435301,0.438552,0.439700,0.472514,0.423716,0.420021,0.456001,0.456982,0.439037,0.457018,0.443622,0.442594,0.454974,0.480088,0.464913,0.443417,0.441286,0.456188,0.453536,0.435905,0.457989,0.462239,0.370052,0.565271,0.925258,0.943748,0.866317,0.875583,0.865291,0.850471,0.827134,0.791444,0.753053,0.706426,0.644674,0.863099,1.198144,1.207450,1.116741,1.108838,1.095005,1.058819,1.044158,1.009837,0.999068,0.986562,0.973691,0.953943,0.907119,0.858970,0.837059,0.839630,0.886489,0.717803,0.453918,0.463609,0.478282,0.456911,0.452264,0.432730,0.404623,0.401230,0.447423,0.440072,0.370857,0.541630,0.839785,0.872085,0.813225,0.814445,0.836963,0.848574,0.870328,0.952372,0.961267,0.922840,0.950207,0.862872,0.663779,0.619716,0.643389,0.665621,0.712373,0.761279,0.768285,0.777345,0.813945,0.830739,0.843510,0.881026,0.928445,0.943237,0.966704,0.995181,0.997018,1.082272,1.208655,1.236364,1.225855,1.249982,1.243248,1.268233,1.271073,1.264631,1.273546,1.271611,1.251246,1.258912,1.281338,1.264359,1.223025,1.216297,1.302084,1.199621,0.967508,0.907325,0.923684,0.925862,0.987171,0.780106,0.419515,0.386912,0.444035,0.413680,0.425984,0.419013,0.399916,0.394156,0.414000,0.422333,0.420831,0.435300,0.447701
0.437618,0.416770,0.389972,0.419971,0.440069,0.424131,0.417622,0.431486,0.428557,0.407897,0.411760,0.428870,0.422691,0.417896,0.433135,0.433495,0.436277,0.462947,0.462504,0.447683,0.441610,0.429573,0.417223,0.421954,0.455041,0.456459,0.431774,0.448968,0.460411,0.456224,0.439970,0.462792,0.477735,0.371101,0.573875,0.944815,0.948656,0.870595,0.905481,0.858121,0.823790,0.769250,0.753056,0.740649,0.693802,0.638112,0.855486,1.185048,1.166088,1.083936,1.096985,1.050316,1.002629,0.985505,0.976460,0.968135,0.956272,0.932179,0.918932,0.899479,0.846743,0.832785,0.883528,0.882360,0.710916,0.470516,0.455282,0.477743,0.455204,0.448239,0.419421,0.364915,0.382091,0.426775,0.417502,0.360885,0.513852,0.777095,0.816521,0.773502,0.780723,0.824899,0.836524,0.870972,0.906306,0.920605,0.947197,0.959804,0.802052,0.618745,0.620877,0.650878,0.653638,0.707632,0.771701,0.768412,0.756451,0.781387,0.828416,0.847960,0.873654,0.919011,0.939247,0.964854,0.975759,0.967503,1.074531,1.220852,1.233596,1.220573,1.260996,1.231469,1.250715,1.307100,1.262639,1.250148,1.261385,1.250112,1.244869,1.257790,1.275805,1.236554,1.205807,1.288130,1.185345,0.956913,0.909966,0.935907,0.953638,0.997688,0.779342,0.416462,0.375632,0.420826,0.408377,0.424063,0.426754,0.426004,0.422111,0.399684,0.384031,0.421092,0.433120,0.414106
0.441369,0.439960,0.413246,0.412418,0.433549,0.422794,0.428095,0.439856,0.455152,0.415778,0.421022,0.457427,0.450780,0.433973,0.429868,0.429375,0.438782,0.462989,0.444981,0.450333,0.461971,0.446491,0.428624,0.435580,0.459305,0.466359,0.443457,0.456991,0.447343,0.447101,0.463147,0.491237,0.468273,0.371301,0.595468,0.967040,0.956805,0.858629,0.889725,0.850634,0.809369,0.762504,0.747215,0.732107,0.693820,0.651053,0.855324,1.177154,1.204291,1.107461,1.059715,1.047387,1.044880,0.981101,0.977263,0.980773,0.978703,0.964904,0.929957,0.888137,0.898575,0.893437,0.901885,0.921953,0.754291,0.477114,0.445373,0.467672,0.453988,0.446492,0.433508,0.400572,0.399488,0.393198,0.385922,0.387764,0.556425,0.818246,0.824758,0.782921,0.833871,0.889265,0.884919,0.856960,0.906033,0.927266,0.977125,1.038762,0.914562,0.655625,0.648884,0.694169,0.718326,0.750470,0.774468,0.765623,0.764054,0.782350,0.816836,0.854068,0.878313,0.909290,0.940163,0.966651,0.966337,0.979621,1.098414,1.256904,1.257918,1.258520,1.298509,1.272434,1.271272,1.302160,1.301295,1.288542,1.265894,1.283383,1.291878,1.269901,1.258924,1.247326,1.259024,1.310680,1.162081,0.916099,0.919093,0.963375,0.966632,0.998196,0.779105,0.427457,0.384956,0.436951,0.422562,0.440281,0.437042,0.416077,0.424082,0.434785,0.433481,0.436239,0.436471,0.405414
0.442259,0.456706,0.446896,0.433794,0.445839,0.458140,0.450665,0.438767,0.454138,0.433568,0.425068,0.438541,0.446795,0.450951,0.418377,0.409809,0.428201,0.459321,0.434254,0.435598,0.462297,0.467569,0.449360,0.424495,0.454249,0.472260,0.466788,0.443789,0.439677,0.456753,0.470776,0.463655,0.428831,0.386486,0.607750,0.972756,0.958276,0.869001,0.866648,0.843888,0.807508,0.781682,0.747988,0.745240,0.705466,0.634447,0.819143,1.143497,1.197329,1.102147,1.047589,1.044265,1.039279,0.979961,0.968921,0.985403,0.991322,0.967438,0.916569,0.868491,0.877835,0.872265,0.873570,0.908813,0.744450,0.464130,0.457473,0.495719,0.468832,0.481360,0.492822,0.487095,0.439303,0.435818,0.443374,0.423599,0.577629,0.839829,0.844891,0.813316,0.862462,0.878495,0.889497,0.886905,0.929781,0.910289,0.953956,1.024454,0.912555,0.662900,0.641196,0.684339,0.688020,0.711369,0.741854,0.757585,0.788944,0.801696,0.814779,0.840235,0.879864,0.909116,0.933476,0.968060,0.995233,0.997606,1.080552,1.229472,1.238428,1.259834,1.304990,1.291267,1.269906,1.263727,1.280497,1.277349,1.249839,1.260830,1.275849,1.286386,1.283057,1.248637,1.261707,1.340746,1.200371,0.919279,0.917794,0.958729,0.943158,1.011397,0.780100,0.410397,0.383311,0.449335,0.416189,0.424044,0.424742,0.413733,0.426640,0.438014,0.432685,0.410341,0.414797,0.431809
0.343404,0.355577,0.355771,0.348906,0.349559,0.364241,0.359557,0.346364,0.363408,0.388216,0.374641,0.339473,0.336262,0.341079,0.340020,0.331167,0.320376,0.313669,0.334308,0.344445,0.347282,0.359537,0.361249,0.370446,0.357011,0.350343,0.337378,0.332288,0.354828,0.366840,0.341588,0.360001,0.366480,0.316798,0.464580,0.741736,0.769997,0.725019,0.692710,0.631362,0.628945,0.651735,0.604546,0.594253,0.570435,0.477154,0.581193,0.830632,0.798924,0.749783,0.749130,0.739529,0.746747,0.797532,0.732494,0.685754,0.675697,0.645841,0.613136,0.644694,0.669081,0.619482,0.574913,0.616651,0.484347,0.231114,0.198245,0.249647,0.241499,0.241599,0.224285,0.194039,0.196360,0.206074,0.196217,0.142786,0.283059,0.532155,0.560320,0.512763,0.525489,0.511014,0.533525,0.598647,0.582209,0.588734,0.646906,0.696535,0.574400,0.374948,0.367322,0.433966,0.444061,0.478622,0.492685,0.503628,0.532584,0.538208,0.572550,0.623957,0.607907,0.549999,0.594924,0.658538,0.672188,0.673113,0.851945,1.073622,1.101147,1.098683,1.137651,1.130214,1.099269,1.117376,1.099982,1.107716,1.110045,1.101597,1.101049,1.112197,1.113985,1.095229,1.131101,1.191620,1.028217,0.762922,0.761207,0.784373,0.770818,0.814850,0.619045,0.290165,0.279594,0.333298,0.343509,0.324786,0.335107,0.328427,0.331616,0.297015,0.264331,0.257322,0.276268,0.332469
0.324344,0.327454,0.328044,0.354220,0.331002,0.319909,0.342077,0.358049,0.340545,0.359350,0.362725,0.337945,0.325857,0.333001,0.340016,0.312266,0.298760,0.321795,0.346670,0.355657,0.371521,0.347091,0.341078,0.365880,0.378410,0.362968,0.344316,0.328784,0.352956,0.360500,0.339416,0.338095,0.342842,0.299401,0.449064,0.695590,0.721772,0.669512,0.657567,0.633941,0.624035,0.607427,0.577630,0.560548,0.519149,0.486517,0.608341,0.790999,0.789147,0.730882,0.735181,0.710564,0.737176,0.782163,0.719215,0.659762,0.663401,0.666026,0.631838,0.634196,0.648455,0.625467,0.597438,0.608450,0.473533,0.238603,0.190488,0.209360,0.217247,0.208362,0.192611,0.162131,0.154277,0.157441,0.164015,0.132208,0.285064,0.532928,0.571450,0.536569,0.543902,0.540701,0.524643,0.547883,0.604389,0.623914,0.619122,0.663152,0.541915,0.321490,0.340767,0.407278,0.415495,0.449673,0.456380,0.465200,0.505437,0.524514,0.555822,0.593965,0.597236,0.548283,0.577242,0.620084,0.633213,0.666820,0.833129,1.047957,1.084726,1.075627,1.091695,1.108189,1.101727,1.104047,1.092638,1.099340,1.123350,1.108107,1.092873,1.083925,1.094426,1.106244,1.123717,1.141449,0.965844,0.730160,0.730858,0.758070,0.750385,0.807817,0.614732,0.282213,0.274616,0.332630,0.315625,0.323714,0.333204,0.298628,0.309240,0.285677,0.276809,0.309969,0.310576,0.289003
0.420568,0.419417,0.412347,0.421011,0.440835,0.401786,0.434987,0.443762,0.430718,0.410998,0.424016,0.442547,0.438175,0.442258,0.435244,0.408223,0.430477,0.498585,0.465165,0.452389,0.454080,0.439131,0.416221,0.408231,0.476147,0.481317,0.446802,0.431573,0.429838,0.449459,0.476148,0.447766,0.381889,0.358278,0.593244,0.942453,0.944603,0.874183,0.871314,0.843321,0.791685,0.757099,0.726220,0.702359,0.668697,0.628628,0.818879,1.116866,1.165965,1.072392,1.023595,1.010091,1.011070,0.964606,0.940881,0.941346,0.933700,0.940222,0.905944,0.821873,0.810400,0.840606,0.846879,0.868651,0.666948,0.371917,0.369125,0.389661,0.369045,0.361683,0.349067,0.327457,0.363865,0.414888,0.356465,0.306244,0.486415,0.791940,0.840148,0.812178,0.849984,0.842859,0.841073,0.829266,0.957226,0.939125,0.905271,0.929088,0.788323,0.583625,0.590806,0.629318,0.627201,0.631880,0.697034,0.744987,0.756152,0.784702,0.818710,0.840742,0.887996,0.964424,0.957824,0.949072,0.950125,0.978743,1.065716,1.209311,1.227555,1.244676,1.288034,1.286646,1.290161,1.274633,1.282580,1.262453,1.246290,1.256909,1.283495,1.303184,1.275497,1.235644,1.246514,1.310710,1.181001,0.923816,0.908663,0.953186,0.947884,1.025965,0.794407,0.417469,0.361456,0.434118,0.401546,0.407161,0.404585,0.428341,0.435339,0.445609,0.436413,0.489842,0.449294,0.396026
0.404826,0.422611,0.445243,0.419361,0.433367,0.422416,0.423980,0.421726,0.428700,0.415137,0.417666,0.420593,0.428183,0.428358,0.418400,0.430624,0.451074,0.480049,0.460086,0.450241,0.439833,0.463973,0.443359,0.416313,0.460178,0.476228,0.440177,0.432838,0.426937,0.436655,0.451951,0.440264,0.409918,0.340059,0.577953,0.947369,0.949018,0.873657,0.869098,0.820861,0.777842,0.767136,0.752927,0.734851,0.691164,0.633344,0.826758,1.160300,1.189893,1.103621,1.053952,1.024476,1.037059,1.011480,0.945257,0.931538,0.926239,0.917648,0.888331,0.847289,0.827411,0.798067,0.783702,0.836105,0.656698,0.376186,0.366236,0.405159,0.376836,0.361301,0.346657,0.323934,0.369244,0.417572,0.351741,0.302723,0.456092,0.775689,0.836346,0.809808,0.830047,0.813733,0.819517,0.843691,0.909981,0.906193,0.930350,0.977954,0.840685,0.609446,0.612847,0.678018,0.696087,0.695287,0.738900,0.800640,0.770425,0.779409,0.838496,0.871864,0.913061,0.967091,0.951735,0.965025,0.998178,0.982691,1.066352,1.222809,1.240285,1.250138,1.281111,1.278263,1.275013,1.260020,1.280510,1.253562,1.221606,1.246669,1.287980,1.297331,1.260196,1.241313,1.269947,1.319851,1.196329,0.964075,0.919674,0.946591,0.934324,1.022270,0.795969,0.416113,0.367596,0.430190,0.408662,0.399629,0.390984,0.416186,0.449928,0.461680,0.432159,0.411714,0.443567,0.461374
0.435905,0.455696,0.483398,0.457752,0.433241,0.423540,0.421132,0.433542,0.443352,0.431784,0.431456,0.436674,0.441774,0.433380,0.425285,0.410684,0.439138,0.466905,0.462448,0.464993,0.461280,0.467010,0.450643,0.425639,0.435181,0.457924,0.464011,0.462188,0.451407,0.443036,0.450041,0.479137,0.443073,0.353468,0.587288,0.971222,0.944681,0.861566,0.898034,0.843265,0.790531,0.784882,0.778058,0.782772,0.740988,0.638825,0.825348,1.178924,1.211988,1.146665,1.120199,1.079462,1.072047,1.055864,1.007343,0.992901,0.979991,0.964449,0.940978,0.936187,0.926685,0.891951,0.874444,0.938748,0.783721,0.513133,0.484788,0.533661,0.518302,0.483883,0.474230,0.469288,0.427894,0.435351,0.423036,0.376106,0.524418,0.811057,0.877150,0.868363,0.880981,0.878663,0.904663,0.890411,0.920351,0.922386,0.968483,1.017854,0.869856,0.618029,0.646241,0.706638,0.678100,0.727899,0.768513,0.791453,0.801585,0.803833,0.829219,0.881868,0.947144,0.970280,0.942959,0.974118,1.031077,1.041035,1.116503,1.241272,1.282966,1.277496,1.283752,1.281400,1.296304,1.314396,1.312731,1.284774,1.263374,1.282450,1.308053,1.288187,1.259108,1.266526,1.315134,1.358355,1.201974,0.971967,0.946811,0.958421,0.944217,1.018086,0.803114,0.424836,0.394169,0.449626,0.407414,0.391859,0.398604,0.408989,0.437729,0.439620,0.421344,0.397926,0.421599,0.448716
0.441779,0.447469,0.450794,0.444132,0.426401,0.402672,0.417129,0.429298,0.423239,0.422396,0.453088,0.475941,0.435954,0.411488,0.409288,0.405075,0.428166,0.448825,0.446225,0.455450,0.442757,0.424283,0.425752,0.452590,0.432645,0.430908,0.451014,0.450747,0.424013,0.403868,0.427715,0.438712,0.415569,0.343170,0.574739,0.942585,0.918230,0.824993,0.849315,0.800744,0.776938,0.771578,0.740683,0.732482,0.703366,0.601436,0.775051,1.121434,1.140416,1.077921,1.066501,1.056408,1.033401,1.006192,0.959033,0.939443,0.965881,0.952411,0.902355,0.870641,0.885242,0.854162,0.821324,0.882618,0.745213,0.459557,0.438556,0.502980,0.502754,0.501097,0.503472,0.473516,0.432677,0.431896,0.422613,0.375868,0.537236,0.805006,0.837569,0.824916,0.863150,0.896805,0.886698,0.850626,0.895693,0.909215,0.925994,0.992708,0.849901,0.637877,0.646964,0.713804,0.711330,0.747449,0.760842,0.764351,0.778812,0.795589,0.804045,0.849698,0.911703,0.921133,0.912542,0.939486,0.982188,0.999292,1.083543,1.193797,1.232703,1.231571,1.232674,1.240656,1.257863,1.258463,1.270381,1.268536,1.257584,1.274045,1.260394,1.241420,1.232615,1.239396,1.267892,1.321266,1.168566,0.916606,0.907348,0.940014,0.928106,0.999238,0.787102,0.401640,0.375143,0.435538,0.409156,0.392374,0.407152,0.422668,0.414920,0.400938,0.399533,0.402886,0.398694,0.411414
0.431756,0.419881,0.423407,0.437098,0.448178,0.419922,0.433760,0.433803,0.425936,0.412004,0.431890,0.446247,0.433927,0.406737,0.418077,0.455567,0.435000,0.406913,0.442599,0.448362,0.417631,0.403091,0.437926,0.433164,0.439289,0.446732,0.445946,0.443155,0.437791,0.427098,0.419054,0.408077,0.403682,0.352145,0.569146,0.908899,0.915060,0.852605,0.846674,0.805571,0.778324,0.767899,0.738715,0.724890,0.687983,0.607249,0.792127,1.125671,1.128464,1.044924,1.056314,1.031948,0.984007,0.949810,0.907387,0.878209,0.905931,0.893114,0.855122,0.817725,0.840285,0.845269,0.808799,0.836065,0.698649,0.470866,0.469853,0.523045,0.498374,0.506577,0.462923,0.406275,0.415317,0.428112,0.430353,0.374572,0.549132,0.831149,0.857736,0.799756,0.824671,0.820213,0.798706,0.806664,0.843895,0.874980,0.887804,0.954500,0.832384,0.589804,0.593140,0.657158,0.656997,0.679450,0.723860,0.742322,0.749120,0.765395,0.799857,0.848015,0.900174,0.933425,0.915856,0.938506,0.973433,0.982649,1.056233,1.201476,1.228621,1.223169,1.215886,1.250753,1.255742,1.248046,1.270738,1.276311,1.274123,1.280009,1.271516,1.262982,1.273845,1.276224,1.261374,1.312429,1.185670,0.954285,0.897516,0.931795,0.956024,1.008720,0.771432,0.386786,0.377542,0.440888,0.397203,0.390765,0.399479,0.403089,0.402847,0.391788,0.385393,0.399945,0.403626,0.421742
0.326739,0.351263,0.311417,0.297840,0.321054,0.358404,0.341023,0.329013,0.334503,0.345383,0.354357,0.360337,0.351127,0.340502,0.339655,0.339005,0.319834,0.306248,0.333655,0.352393,0.358839,0.337986,0.330616,0.358701,0.368651,0.358274,0.361293,0.355789,0.361997,0.315788,0.346984,0.361884,0.364524,0.309023,0.439790,0.674536,0.734452,0.689616,0.631768,0.619272,0.626493,0.610692,0.605461,0.591510,0.540944,0.502314,0.637908,0.812695,0.783841,0.723507,0.756296,0.706251,0.708516,0.760452,0.722116,0.679124,0.644524,0.620096,0.602545,0.624082,0.611837,0.607689,0.605421,0.585394,0.424290,0.231987,0.197062,0.210338,0.208858,0.209564,0.190916,0.156357,0.164897,0.190469,0.157832,0.117647,0.287402,0.555504,0.565455,0.531474,0.551832,0.518294,0.517707,0.560560,0.604328,0.619150,0.650949,0.682228,0.575844,0.366054,0.367378,0.428143,0.458591,0.465642,0.462383,0.461157,0.496431,0.530418,0.585327,0.608634,0.596369,0.550316,0.585331,0.618225,0.632768,0.658792,0.836946,1.064535,1.118720,1.098011,1.121545,1.125727,1.125387,1.110851,1.117934,1.129670,1.133455,1.125519,1.120687,1.115431,1.110236,1.078162,1.095037,1.147041,1.003095,0.778221,0.751047,0.763015,0.768303,0.798320,0.609055,0.317347,0.288351,0.322238,0.335095,0.323432,0.325402,0.297359,0.316778,0.300347,0.293117,0.334534,0.332984,0.320319
0.353324,0.381416,0.343482,0.328915,0.330236,0.366472,0.363848,0.361591,0.354087,0.355103,0.347191,0.354740,0.344935,0.352818,0.378862,0.355041,0.326106,0.324158,0.359447,0.375235,0.379392,0.375908,0.360911,0.377673,0.401379,0.384937,0.374275,0.379302,0.387517,0.380938,0.372180,0.367123,0.353457,0.302042,0.445238,0.706235,0.767105,0.703752,0.643471,0.623174,0.638547,0.647522,0.627610,0.606640,0.581774,0.533843,0.645244,0.822731,0.817724,0.778221,0.776354,0.735603,0.755560,0.810521,0.771775,0.698503,0.673578,0.669474,0.667710,0.651142,0.644836,0.642157,0.633804,0.656561,0.510479,0.264264,0.221954,0.240700,0.219028,0.233053,0.233035,0.213724,0.227518,0.271427,0.273806,0.211904,0.335760,0.590184,0.615012,0.604855,0.614907,0.613060,0.589328,0.630979,0.680799,0.691341,0.706951,0.760442,0.629801,0.411982,0.418785,0.492941,0.501421,0.490599,0.496315,0.508674,0.539698,0.573681,0.631585,0.656278,0.637430,0.594488,0.637671,0.675429,0.672084,0.666299,0.849470,1.118390,1.178549,1.154769,1.159462,1.195643,1.193254,1.159844,1.178121,1.193534,1.192081,1.172823,1.164024,1.159478,1.129444,1.124355,1.179215,1.227939,1.094537,0.843424,0.801226,0.801290,0.797039,0.871275,0.669403,0.307548,0.277366,0.345306,0.374011,0.356230,0.338494,0.355472,0.368562,0.340846,0.313363,0.385022,0.382469,0.333985
0.454501,0.441681,0.447874,0.437669,0.437731,0.417066,0.426517,0.453708,0.441009,0.406818,0.425412,0.455022,0.429478,0.421302,0.437407,0.457538,0.436424,0.402145,0.446809,0.479001,0.449006,0.428506,0.458587,0.461796,0.434720,0.447190,0.467298,0.454698,0.434114,0.435572,0.433450,0.429325,0.422866,0.358245,0.574456,0.944648,0.928398,0.837629,0.840491,0.775071,0.769335,0.787186,0.760226,0.749829,0.728889,0.644042,0.807851,1.138260,1.160589,1.096533,1.082013,1.062702,1.053314,0.986497,0.929081,0.904075,0.911752,0.920845,0.909521,0.864085,0.863193,0.850214,0.824673,0.890362,0.774314,0.478081,0.496398,0.531470,0.460779,0.485534,0.541225,0.549159,0.494546,0.522544,0.590387,0.474131,0.540908,0.815911,0.880962,0.847612,0.911655,0.906750,0.882721,0.875678,0.911299,0.950242,0.937526,0.989356,0.850150,0.649045,0.688508,0.742911,0.696623,0.689902,0.747670,0.820432,0.809982,0.818328,0.851630,0.894906,0.931174,1.014113,0.985810,1.001973,1.014443,0.989455,1.081685,1.240238,1.258565,1.261805,1.277705,1.275147,1.274692,1.318173,1.327853,1.306815,1.285198,1.301558,1.302789,1.300800,1.273740,1.276864,1.314687,1.348826,1.209035,0.995849,0.918825,0.959526,1.015090,1.057125,0.812703,0.408671,0.398418,0.479526,0.448232,0.414395,0.396070,0.418172,0.457672,0.479281,0.461167,0.426513,0.412423,0.419133
0.420342,0.429832,0.463587,0.443990,0.438214,0.425809,0.422437,0.438581,0.427480,0.413724,0.440711,0.477055,0.433697,0.411165,0.425670,0.484428,0.459021,0.408007,0.434100,0.459418,0.427048,0.399070,0.426499,0.457399,0.424564,0.428495,0.475672,0.465897,0.416884,0.388183,0.428272,0.461534,0.443744,0.372420,0.588144,0.938645,0.906382,0.815106,0.808847,0.797314,0.788331,0.780809,0.741853,0.730939,0.702713,0.608163,0.789419,1.148316,1.154504,1.063772,1.067412,1.049203,1.009358,0.934912,0.923457,0.904195,0.884625,0.879882,0.872214,0.835637,0.851509,0.827987,0.813170,0.786015,0.657469,0.446746,0.469743,0.521590,0.490440,0.498311,0.500378,0.484850,0.456637,0.495035,0.493894,0.367435,0.512836,0.821095,0.881364,0.825543,0.872044,0.876489,0.868633,0.852894,0.869029,0.892583,0.896552,0.933723,0.811984,0.629778,0.635048,0.690322,0.677751,0.690894,0.733580,0.783575,0.797108,0.818463,0.862017,0.899680,0.906720,0.968056,0.942097,0.974781,1.021388,1.003500,1.073120,1.221217,1.248187,1.259020,1.283118,1.265107,1.281845,1.332979,1.323225,1.299796,1.300028,1.286415,1.290455,1.303842,1.298991,1.297396,1.284699,1.303207,1.199051,1.007543,0.942453,0.960624,1.000632,1.009267,0.795521,0.456804,0.441353,0.473615,0.428955,0.415732,0.413526,0.394313,0.424391,0.456352,0.455046,0.426508,0.427685,0.471461
0.440499,0.443536,0.471190,0.461050,0.454617,0.435558,0.419787,0.429296,0.446916,0.441489,0.447032,0.466010,0.432186,0.428677,0.458737,0.435213,0.407233,0.399265,0.452687,0.474211,0.432359,0.411238,0.417876,0.441983,0.446805,0.443334,0.459534,0.482967,0.464426,0.435873,0.455786,0.487324,0.449805,0.380301,0.594676,0.933814,0.922223,0.840477,0.828093,0.821890,0.800943,0.785258,0.748970,0.744354,0.729652,0.630661,0.821190,1.178968,1.174734,1.078807,1.076541,1.082232,1.043999,0.978089,0.976743,0.960227,0.937665,0.917387,0.885936,0.869000,0.880949,0.893491,0.885225,0.861842,0.696567,0.512606,0.483626,0.521607,0.550573,0.514200,0.464931,0.419628,0.435318,0.473951,0.460000,0.377162,0.573399,0.871130,0.893312,0.830977,0.869016,0.921938,0.904677,0.869355,0.872072,0.900634,0.936032,0.936777,0.825517,0.658878,0.644564,0.655419,0.659794,0.703757,0.717951,0.743177,0.800892,0.851129,0.898225,0.922062,0.925795,0.944532,0.929484,0.972762,1.038168,1.034372,1.103940,1.225478,1.266134,1.284606,1.304461,1.297047,1.322160,1.357368,1.317066,1.310540,1.345103,1.328129,1.305023,1.312927,1.333331,1.309230,1.299299,1.344085,1.237692,1.038743,0.988989,0.981827,0.987313,1.016087,0.801724,0.445260,0.429599,0.472272,0.434823,0.459523,0.467218,0.439045,0.431867,0.434042,0.423213,0.419833,0.425625,0.442171
0.424989,0.440811,0.467453,0.470249,0.446283,0.415230,0.424539,0.437516,0.442870,0.435615,0.413702,0.426800,0.421855,0.457283,0.475495,0.457465,0.409811,0.395818,0.445062,0.488848,0.467255,0.433553,0.416386,0.453454,0.461326,0.458360,0.443850,0.456682,0.471042,0.475676,0.463074,0.475284,0.427773,0.355235,0.561328,0.926537,0.938024,0.847705,0.835039,0.825530,0.784129,0.745973,0.769656,0.780838,0.719602,0.705165,0.908154,1.193985,1.178656,1.099995,1.097477,1.086191,1.050920,1.001220,0.972756,0.966107,0.976701,0.960527,0.919429,0.893969,0.900842,0.898920,0.849091,0.839591,0.692187,0.456105,0.418497,0.430390,0.453156,0.457850,0.446473,0.404138,0.391011,0.390992,0.384069,0.357635,0.516404,0.814577,0.852034,0.815144,0.837995,0.863286,0.886058,0.854683,0.873667,0.902504,0.916737,0.918560,0.803648,0.662016,0.656713,0.668640,0.656529,0.693841,0.723377,0.746109,0.765447,0.812892,0.892110,0.921010,0.938324,0.921647,0.932811,0.986614,1.036558,1.032145,1.102843,1.223378,1.242979,1.274677,1.330637,1.307839,1.329893,1.346464,1.310614,1.297683,1.327327,1.338884,1.323875,1.287699,1.303478,1.301259,1.300423,1.341256,1.233710,1.031040,0.997198,0.977427,0.967864,1.041761,0.835193,0.435267,0.417890,0.468514,0.440625,0.469753,0.481622,0.464637,0.431738,0.427075,0.430653,0.406990,0.415779,0.442643
0.416562,0.439550,0.512755,0.478015,0.444274,0.446100,0.470205,0.460680,0.448923,0.449543,0.428462,0.435370,0.414330,0.446171,0.476203,0.444243,0.431625,0.425790,0.446382,0.456096,0.462725,0.429497,0.423614,0.462110,0.455583,0.445429,0.434604,0.455068,0.471470,0.482932,0.474552,0.487953,0.451221,0.350516,0.561285,0.931736,0.928814,0.842646,0.844045,0.838299,0.806533,0.764825,0.776766,0.796035,0.753190,0.692975,0.869453,1.174286,1.176508,1.120190,1.123147,1.102271,1.063648,1.034482,0.996760,0.983173,0.938954,0.928694,0.937307,0.935658,0.894241,0.891176,0.874826,0.888701,0.706693,0.473763,0.469510,0.502151,0.473996,0.453176,0.435583,0.389507,0.378311,0.405877,0.413332,0.358578,0.511715,0.815916,0.853961,0.811503,0.801332,0.798263,0.823920,0.849249,0.873106,0.905356,0.941980,0.950090,0.817132,0.647260,0.664769,0.695578,0.669254,0.696166,0.733306,0.757743,0.762590,0.814784,0.888533,0.910788,0.907765,0.908079,0.953599,1.020895,1.052876,1.042838,1.116737,1.244137,1.261963,1.261540,1.301493,1.296529,1.315731,1.336177,1.329374,1.322156,1.315439,1.344227,1.328925,1.287216,1.303528,1.298681,1.314151,1.355554,1.222570,1.009423,0.984524,0.983382,0.969795,0.995334,0.788316,0.499378,0.443471,0.475242,0.450266,0.444041,0.441126,0.456376,0.436552,0.424274,0.424490,0.400102,0.402455,0.448283
0.353975,0.354848,0.334047,0.302236,0.316077,0.360256,0.352043,0.344562,0.346296,0.366180,0.371607,0.366855,0.341021,0.333159,0.366937,0.359374,0.354184,0.351260,0.351946,0.353271,0.371969,0.358966,0.344353,0.361122,0.381863,0.367227,0.349059,0.337989,0.371272,0.369513,0.376143,0.354960,0.343772,0.302125,0.452693,0.697232,0.725046,0.685344,0.660234,0.629901,0.631985,0.637611,0.613236,0.588504,0.549092,0.501097,0.595789,0.777858,0.811939,0.780709,0.756093,0.716770,0.725386,0.791402,0.735067,0.686533,0.676684,0.680509,0.662146,0.629292,0.639264,0.632248,0.600260,0.626013,0.456105,0.242142,0.194639,0.221562,0.183164,0.195100,0.205258,0.192100,0.200164,0.215441,0.196017,0.131064,0.299432,0.580139,0.603366,0.574810,0.576991,0.564717,0.554555,0.610073,0.666784,0.671348,0.693568,0.783875,0.652071,0.393256,0.386815,0.476261,0.489025,0.498581,0.508631,0.508041,0.540057,0.570195,0.585993,0.593035,0.600113,0.579068,0.619207,0.654434,0.651123,0.652251,0.824569,1.077925,1.127404,1.104137,1.097874,1.151933,1.159485,1.120835,1.109478,1.123090,1.160067,1.121367,1.122680,1.148356,1.147158,1.153326,1.172639,1.178553,1.020509,0.784002,0.761691,0.784764,0.765948,0.847667,0.681246,0.311824,0.267584,0.339328,0.362343,0.323942,0.314250,0.327802,0.321248,0.317891,0.294742,0.353371,0.360562,0.333978
0.350274,0.362159,0.338269,0.341413,0.333870,0.359717,0.350132,0.337584,0.326229,0.342421,0.343191,0.330709,0.328183,0.330662,0.362202,0.357942,0.351899,0.345907,0.355521,0.350341,0.355868,0.351372,0.354482,0.348972,0.369103,0.368234,0.361327,0.340652,0.335340,0.364616,0.375931,0.367015,0.348571,0.308992,0.446801,0.677997,0.710588,0.664669,0.634078,0.584910,0.618349,0.655258,0.630066,0.582976,0.524135,0.489283,0.592392,0.768914,0.811894,0.776733,0.755108,0.724389,0.737839,0.787884,0.758698,0.695451,0.677641,0.677897,0.645503,0.613975,0.647270,0.646808,0.589609,0.616285,0.474159,0.254565,0.197015,0.200172,0.179934,0.199271,0.221959,0.218892,0.180993,0.179354,0.179925,0.143023,0.299250,0.558449,0.588252,0.563581,0.572976,0.575823,0.585665,0.616124,0.677271,0.667759,0.665517,0.744643,0.628661,0.376441,0.375205,0.471857,0.479558,0.472533,0.496965,0.542620,0.535324,0.535078,0.569275,0.588650,0.597989,0.597588,0.656617,0.658308,0.620491,0.626696,0.821632,1.078281,1.123276,1.097266,1.103258,1.161298,1.167302,1.131533,1.125865,1.119856,1.151659,1.132791,1.152087,1.191428,1.150356,1.140156,1.157326,1.166123,1.012943,0.787850,0.778074,0.786504,0.757375,0.850941,0.703472,0.336887,0.286289,0.349138,0.372095,0.347782,0.323367,0.318183,0.346336,0.371607,0.322481,0.348034,0.347195,0.318111
0.423243,0.449096,0.538338,0.504855,0.457391,0.423875,0.434620,0.418005,0.417240,0.421521,0.448265,0.450166,0.407188,0.445330,0.476498,0.457332,0.434775,0.437224,0.441346,0.440592,0.418987,0.423352,0.430741,0.437231,0.424205,0.434250,0.431739,0.460349,0.460403,0.457783,0.463943,0.505934,0.484003,0.356960,0.549566,0.927294,0.902239,0.814486,0.825053,0.819489,0.786852,0.791640,0.790759,0.788671,0.740860,0.654609,0.833469,1.186082,1.174029,1.122965,1.130011,1.142176,1.095343,1.007098,1.021750,1.025166,0.928398,0.910218,0.912869,0.913658,0.927446,0.913989,0.874590,0.911867,0.779366,0.537051,0.531834,0.529566,0.506570,0.463299,0.438424,0.407236,0.430694,0.443647,0.405844,0.395717,0.548214,0.832434,0.855461,0.827813,0.878686,0.893711,0.908100,0.892190,0.880900,0.907507,0.946189,0.942706,0.806236,0.618109,0.657395,0.693199,0.683057,0.693953,0.744616,0.775217,0.803800,0.831082,0.879176,0.900606,0.893928,0.906044,0.947583,0.977314,1.007308,1.010184,1.123675,1.258632,1.270843,1.270283,1.321422,1.308771,1.323893,1.344700,1.314748,1.313308,1.329896,1.357430,1.325193,1.308835,1.335374,1.322733,1.299130,1.351651,1.242779,1.039845,0.994140,0.987515,0.987569,1.027474,0.819515,0.521577,0.436630,0.460659,0.449642,0.469019,0.481559,0.475889,0.453597,0.454334,0.470454,0.403891,0.361572,0.429802
0.417626,0.436741,0.513012,0.475634,0.434011,0.419169,0.458249,0.447684,0.417078,0.434140,0.485254,0.456035,0.426989,0.432872,0.459042,0.448239,0.439465,0.453051,0.457228,0.457700,0.434230,0.454399,0.443466,0.445542,0.435385,0.439908,0.430610,0.450326,0.468326,0.459538,0.443284,0.465689,0.460840,0.341164,0.535789,0.926130,0.923186,0.829508,0.821574,0.820399,0.770468,0.746288,0.754042,0.769224,0.708258,0.619434,0.790206,1.153355,1.164211,1.108325,1.129716,1.120787,1.054854,0.995632,1.014466,1.006553,0.948437,0.965240,0.959100,0.950078,0.946396,0.940781,0.951432,0.939904,0.772970,0.544749,0.517484,0.548716,0.538439,0.472240,0.417668,0.405340,0.466114,0.466944,0.408233,0.370990,0.541481,0.837596,0.866281,0.859585,0.909947,0.921189,0.910783,0.912322,0.895078,0.933853,0.992732,1.043806,0.869385,0.625596,0.646833,0.676778,0.684411,0.707227,0.755379,0.780210,0.821333,0.834277,0.854829,0.887390,0.873826,0.864106,0.898101,0.960406,1.006928,1.013423,1.104471,1.240600,1.248799,1.260137,1.323023,1.320496,1.333883,1.329207,1.282050,1.291781,1.337852,1.363069,1.321197,1.320411,1.331009,1.328659,1.327648,1.356898,1.238513,1.005741,0.966901,0.971367,0.994301,1.057886,0.836108,0.485452,0.415390,0.469821,0.453038,0.433746,0.448226,0.490324,0.447195,0.439282,0.466440,0.431337,0.433833,0.468037
0.424382,0.429883,0.464746,0.457931,0.440550,0.446386,0.456373,0.433905,0.412785,0.436907,0.455428,0.430146,0.419464,0.428487,0.458073,0.438216,0.439575,0.465884,0.474494,0.452696,0.423554,0.456503,0.469585,0.440712,0.433652,0.439072,0.446067,0.452638,0.469965,0.466377,0.446952,0.445080,0.435218,0.321586,0.520992,0.893855,0.950267,0.863435,0.829837,0.812223,0.775911,0.738616,0.744433,0.746165,0.685378,0.608833,0.776093,1.095883,1.133577,1.088537,1.092499,1.056247,1.013587,1.004197,0.989649,0.955604,0.922336,0.960466,0.927379,0.888358,0.889054,0.899758,0.908392,0.879863,0.712882,0.504311,0.492485,0.520385,0.498323,0.494866,0.462375,0.445001,0.465690,0.464442,0.450340,0.411001,0.577988,0.840144,0.874755,0.862938,0.877939,0.878207,0.875307,0.879716,0.885931,0.915419,0.960888,1.020705,0.865109,0.624239,0.614216,0.661995,0.690741,0.713145,0.736234,0.758004,0.800932,0.820211,0.816371,0.857783,0.898356,0.919294,0.939851,0.995523,1.030793,1.004567,1.079637,1.213710,1.247224,1.262578,1.315237,1.315223,1.311759,1.298144,1.294343,1.304999,1.348913,1.356265,1.314296,1.280648,1.311263,1.322284,1.310083,1.345626,1.212502,0.947445,0.927093,0.942583,0.950960,1.026998,0.829378,0.468505,0.419413,0.458371,0.434304,0.386543,0.438873,0.485535,0.464748,0.423410,0.433869,0.444108,0.452108,0.431157
0.408946,0.416891,0.454101,0.442802,0.439002,0.469785,0.445903,0.425861,0.416398,0.424538,0.444774,0.453642,0.431426,0.420494,0.467709,0.483667,0.460769,0.447905,0.431688,0.415492,0.436004,0.450615,0.447824,0.428329,0.416087,0.424847,0.446744,0.457431,0.462112,0.463436,0.466495,0.478428,0.419197,0.307593,0.537375,0.920852,0.934589,0.852725,0.863851,0.833076,0.767124,0.732550,0.756239,0.768447,0.712198,0.637178,0.786719,1.077996,1.121008,1.091216,1.108459,1.059646,1.025523,1.025880,0.998924,0.964540,0.933835,0.960949,0.955944,0.907098,0.899033,0.871997,0.862434,0.896877,0.731558,0.475196,0.504249,0.551566,0.513644,0.536834,0.523126,0.501627,0.474689,0.454053,0.445344,0.404671,0.556382,0.841888,0.873946,0.840473,0.827676,0.844590,0.873506,0.874656,0.863239,0.878553,0.920896,1.007403,0.859083,0.620538,0.615650,0.668607,0.687735,0.734782,0.745884,0.746343,0.797113,0.838923,0.852308,0.882765,0.901721,0.906103,0.945894,0.987344,1.004206,0.992815,1.108307,1.244888,1.254071,1.260922,1.331136,1.316475,1.283968,1.295647,1.334000,1.337843,1.327525,1.329746,1.319971,1.316488,1.314541,1.312072,1.316872,1.346852,1.194792,0.956135,0.966395,0.978389,0.947849,1.007962,0.822605,0.468679,0.413026,0.449121,0.448462,0.427385,0.439229,0.471093,0.486040,0.440741,0.409034,0.428633,0.459385,0.438455
0.419412,0.421149,0.433355,0.424805,0.438288,0.461872,0.447776,0.430421,0.411860,0.409927,0.436477,0.456706,0.449740,0.423220,0.446036,0.444698,0.444254,0.428690,0.449263,0.436439,0.452536,0.454262,0.447609,0.435268,0.412775,0.402381,0.427096,0.437747,0.440023,0.463997,0.492669,0.494565,0.412181,0.287065,0.508235,0.915116,0.908521,0.824744,0.854731,0.829983,0.767023,0.730348,0.741681,0.762160,0.721620,0.640255,0.793798,1.088468,1.135754,1.107605,1.121759,1.067007,1.004527,0.990141,0.985913,0.963849,0.926505,0.914745,0.909697,0.920558,0.898635,0.880588,0.895822,0.923027,0.790929,0.532416,0.503194,0.540370,0.541796,0.515771,0.486742,0.467920,0.446061,0.440581,0.412172,0.370671,0.513941,0.804397,0.849765,0.855444,0.866608,0.851454,0.866950,0.895264,0.869580,0.869455,0.938284,0.997851,0.851937,0.626919,0.623587,0.683842,0.688884,0.710111,0.732656,0.772927,0.790483,0.823724,0.861189,0.854459,0.865162,0.867247,0.936184,0.962104,0.960373,0.997714,1.130608,1.246790,1.264115,1.261748,1.307946,1.320618,1.299043,1.282717,1.295086,1.305383,1.284262,1.269722,1.300954,1.323712,1.296279,1.287983,1.313952,1.368459,1.194769,0.938645,0.958535,1.004428,0.968798,1.025882,0.807008,0.425298,0.371345,0.432700,0.437297,0.418218,0.432774,0.446619,0.470679,0.463700,0.412013,0.440967,0.455667,0.433400
0.326875,0.344270,0.328917,0.336643,0.325333,0.338369,0.348750,0.365328,0.351791,0.333825,0.334756,0.370831,0.341888,0.328204,0.336032,0.344648,0.332553,0.329352,0.356340,0.389495,0.385473,0.353544,0.336975,0.357891,0.379945,0.385485,0.359641,0.334635,0.343189,0.361255,0.353986,0.337380,0.340883,0.286644,0.442372,0.711104,0.733538,0.654358,0.622311,0.583144,0.597036,0.617047,0.600922,0.583767,0.547938,0.522741,0.634023,0.799432,0.826363,0.786698,0.746971,0.712026,0.721063,0.744873,0.723002,0.675150,0.692413,0.671141,0.640474,0.610051,0.630606,0.644375,0.623782,0.634710,0.503565,0.273995,0.194111,0.196797,0.173411,0.176776,0.194847,0.186118,0.202818,0.215700,0.184764,0.140781,0.299992,0.557994,0.611308,0.594501,0.638751,0.624737,0.616012,0.638425,0.665115,0.663115,0.664596,0.722341,0.593394,0.352588,0.399844,0.489924,0.483640,0.456527,0.487527,0.549611,0.553830,0.585311,0.627252,0.613519,0.602086,0.599981,0.633394,0.646601,0.630940,0.638403,0.821975,1.080555,1.111183,1.105636,1.118327,1.167674,1.168884,1.140528,1.136269,1.119990,1.130180,1.130092,1.157922,1.172097,1.137465,1.127933,1.156424,1.189456,1.050370,0.802417,0.786323,0.803243,0.797417,0.885574,0.690318,0.337255,0.278721,0.343578,0.357303,0.341177,0.319434,0.316427,0.327686,0.353486,0.347475,0.381062,0.384694,0.366748
0.312686,0.324580,0.326942,0.309410,0.314623,0.339352,0.347966,0.341725,0.331926,0.331512,0.342461,0.357141,0.328705,0.318659,0.339504,0.357161,0.328516,0.301205,0.331272,0.346398,0.338219,0.314837,0.345380,0.375227,0.371104,0.358109,0.347085,0.332762,0.322712,0.328313,0.338846,0.330366,0.321438,0.278302,0.418397,0.673150,0.715210,0.651379,0.600123,0.555454,0.548328,0.585656,0.581627,0.563191,0.518005,0.473639,0.601644,0.776797,0.789628,0.744801,0.712551,0.682275,0.697050,0.727275,0.705657,0.651785,0.644109,0.629921,0.599199,0.594551,0.602856,0.579390,0.550948,0.602577,0.460522,0.184757,0.159428,0.182463,0.162621,0.178844,0.187679,0.170081,0.173240,0.184049,0.168490,0.138958,0.294081,0.540046,0.606227,0.588957,0.595498,0.593745,0.595187,0.604512,0.624187,0.632341,0.644511,0.696845,0.562817,0.331805,0.371223,0.460837,0.465896,0.438686,0.464952,0.527127,0.546873,0.563507,0.593637,0.591886,0.574264,0.576120,0.609417,0.648490,0.629716,0.610708,0.782246,1.050062,1.089632,1.077292,1.087042,1.125619,1.128090,1.111823,1.118652,1.111127,1.122293,1.142934,1.122148,1.116295,1.140763,1.138123,1.134140,1.141075,1.014046,0.808435,0.784538,0.799530,0.832509,0.900103,0.692779,0.338649,0.279202,0.340594,0.353261,0.328430,0.314733,0.345715,0.332323,0.334498,0.353319,0.356974,0.349665,0.351018
0.435071,0.429791,0.452807,0.418143,0.421344,0.445606,0.448196,0.427761,0.412005,0.417170,0.449921,0.447334,0.452550,0.442901,0.435362,0.429693,0.424305,0.409364,0.441780,0.436404,0.426925,0.449024,0.467010,0.454597,0.438367,0.426247,0.427790,0.459106,0.458436,0.443294,0.449383,0.464823,0.399319,0.284541,0.502128,0.912748,0.926108,0.835011,0.832927,0.821038,0.759537,0.704852,0.705401,0.717696,0.674808,0.611478,0.793468,1.121046,1.127979,1.055787,1.073515,1.044887,0.973823,0.954382,0.981665,0.991640,0.924518,0.882748,0.875282,0.904996,0.895841,0.852090,0.849884,0.862790,0.706019,0.456780,0.481171,0.570269,0.622513,0.580713,0.514668,0.493216,0.447564,0.436649,0.450758,0.465723,0.581445,0.829484,0.885018,0.892216,0.888915,0.884318,0.897952,0.913364,0.868591,0.860736,0.963085,1.013194,0.867991,0.646142,0.597291,0.655160,0.702391,0.702322,0.698960,0.763122,0.791580,0.814559,0.841388,0.871170,0.897705,0.904271,0.936051,0.974288,1.004098,1.003548,1.087762,1.229629,1.272761,1.279414,1.315561,1.314414,1.331594,1.313480,1.305863,1.305231,1.316452,1.320954,1.310521,1.270435,1.311542,1.338428,1.326700,1.348502,1.192636,0.973537,0.970264,1.002873,1.000121,1.041214,0.823416,0.456005,0.408091,0.444877,0.449653,0.438287,0.469032,0.484091,0.475140,0.447060,0.438441,0.451837,0.459365,0.442036
0.447215,0.435099,0.434146,0.432965,0.421268,0.432512,0.440204,0.442208,0.425452,0.427035,0.450890,0.447742,0.448408,0.432785,0.399028,0.414085,0.430668,0.430435,0.479931,0.479737,0.454713,0.446936,0.425099,0.428777,0.442343,0.449250,0.459760,0.461692,0.462236,0.461869,0.413784,0.421819,0.410013,0.314334,0.529633,0.918045,0.910630,0.803410,0.822502,0.820574,0.780727,0.734426,0.724568,0.716767,0.671657,0.611721,0.817025,1.158152,1.146447,1.069826,1.107266,1.076198,0.991957,0.951184,0.949943,0.980910,0.961758,0.915854,0.902253,0.944835,0.897303,0.869790,0.877847,0.874945,0.718763,0.522920,0.542429,0.603109,0.611030,0.549001,0.531398,0.553713,0.528894,0.531452,0.556400,0.497463,0.586853,0.852778,0.889883,0.875477,0.892899,0.882116,0.898122,0.934721,0.913826,0.899338,0.954868,1.002896,0.887303,0.673418,0.613995,0.652900,0.675069,0.706117,0.721029,0.735297,0.765460,0.801259,0.838019,0.865126,0.885936,0.907296,0.933423,0.966719,1.017274,1.024610,1.091648,1.220649,1.254781,1.280602,1.315598,1.290654,1.292570,1.324004,1.304433,1.297498,1.320691,1.334942,1.323616,1.298956,1.314446,1.323804,1.331667,1.357275,1.203368,0.967772,0.981592,1.017484,0.955053,1.003397,0.817274,0.449826,0.406404,0.465494,0.465589,0.438201,0.449817,0.442413,0.453447,0.427973,0.429113,0.447472,0.466617,0.466632
0.428400,0.416531,0.418542,0.428232,0.421262,0.422591,0.445888,0.450440,0.427734,0.409619,0.412061,0.420900,0.434400,0.426874,0.426840,0.424067,0.442647,0.443369,0.465052,0.447356,0.444720,0.433208,0.428525,0.437942,0.417153,0.416494,0.440797,0.438263,0.441870,0.477440,0.429420,0.399120,0.389681,0.361069,0.572359,0.872598,0.868525,0.807449,0.814037,0.795438,0.761421,0.747862,0.753004,0.736005,0.673145,0.601075,0.801618,1.149606,1.158421,1.065132,1.057376,1.050547,0.998793,0.920000,0.921877,0.941071,0.927390,0.891772,0.878512,0.861285,0.837359,0.815783,0.837318,0.890119,0.736697,0.471681,0.477720,0.511117,0.473911,0.456875,0.438808,0.413384,0.408819,0.437281,0.461028,0.412232,0.537915,0.801933,0.844056,0.806629,0.798382,0.802424,0.831183,0.868516,0.850062,0.864184,0.905704,0.946915,0.812206,0.608389,0.596621,0.629760,0.647835,0.677999,0.719750,0.754260,0.777785,0.811317,0.814827,0.820265,0.837754,0.893934,0.918978,0.946453,0.992903,1.014086,1.095753,1.215842,1.245822,1.248324,1.262191,1.261475,1.266935,1.296808,1.314232,1.299802,1.286900,1.299045,1.296876,1.278900,1.307150,1.318733,1.318161,1.341447,1.191452,0.968102,0.965469,0.984019,0.946220,1.001060,0.816396,0.440853,0.396753,0.444207,0.440384,0.423105,0.412632,0.391541,0.418020,0.435126,0.420746,0.419618,0.440422,0.444247
0.439051,0.436223,0.445394,0.437230,0.417464,0.428610,0.470983,0.473330,0.448994,0.392718,0.383069,0.411788,0.426394,0.420304,0.425413,0.444959,0.459731,0.446233,0.430195,0.438786,0.456635,0.459378,0.432574,0.442088,0.452645,0.459038,0.441673,0.442205,0.451150,0.464005,0.459575,0.434622,0.390600,0.343600,0.583023,0.925075,0.905361,0.813932,0.810978,0.828982,0.788300,0.743934,0.752070,0.747423,0.693366,0.641748,0.821143,1.134887,1.160635,1.072337,1.054175,1.069701,1.038762,0.962241,0.961898,0.961861,0.931176,0.901459,0.891618,0.881245,0.883663,0.849954,0.843955,0.920976,0.794685,0.511146,0.471434,0.500187,0.503012,0.477911,0.443631,0.417865,0.406524,0.422473,0.438434,0.432308,0.569353,0.807774,0.860282,0.846127,0.850705,0.866249,0.883686,0.920010,0.879656,0.889933,0.947569,1.005672,0.872445,0.633874,0.639637,0.697228,0.687970,0.708487,0.745897,0.777405,0.791268,0.815610,0.865625,0.864653,0.866934,0.899375,0.920442,0.955768,0.994722,1.033088,1.113916,1.237048,1.279164,1.276951,1.255395,1.285060,1.322273,1.340767,1.352477,1.327357,1.301396,1.306181,1.331401,1.331934,1.338916,1.345833,1.356240,1.363432,1.198071,0.972048,0.951705,0.973150,0.968650,1.030965,0.824030,0.446457,0.415127,0.462643,0.436716,0.447243,0.436122,0.399756,0.417810,0.443821,0.417241,0.423843,0.442499,0.439934
0.442047,0.448556,0.447022,0.451231,0.420614,0.408508,0.447131,0.464135,0.457597,0.404344,0.387869,0.422797,0.429179,0.427153,0.421931,0.450273,0.466134,0.464572,0.464980,0.448856,0.447401,0.436729,0.443109,0.460523,0.480566,0.497390,0.466632,0.441422,0.437344,0.443544,0.432503,0.419153,0.394294,0.318098,0.543505,0.913344,0.899324,0.803151,0.818804,0.836944,0.782447,0.717863,0.712342,0.713523,0.664517,0.618375,0.812702,1.121970,1.145503,1.061869,1.039805,1.046080,1.036744,0.993837,0.978188,0.963820,0.938513,0.913940,0.906314,0.907076,0.894883,0.849548,0.858735,0.914386,0.779425,0.525381,0.458179,0.491317,0.507882,0.465711,0.419902,0.399173,0.408299,0.440664,0.451884,0.427287,0.562944,0.787376,0.849330,0.838949,0.854170,0.836499,0.842652,0.879932,0.879527,0.922367,0.978987,1.026957,0.896271,0.663018,0.670169,0.719710,0.702839,0.738442,0.751060,0.729165,0.760095,0.811133,0.838003,0.837346,0.865500,0.902644,0.939387,0.972677,0.983760,1.012573,1.094024,1.229540,1.285719,1.286540,1.266125,1.286431,1.303088,1.305792,1.298265,1.305766,1.301283,1.309786,1.319647,1.320146,1.307448,1.297886,1.316919,1.355225,1.210979,0.971768,0.934167,0.936053,0.946058,1.029940,0.826605,0.443015,0.396305,0.447831,0.426678,0.451220,0.454229,0.421926,0.430570,0.440129,0.434953,0.446221,0.448678,0.417886
0.341373,0.346551,0.321577,0.321456,0.333552,0.328846,0.338798,0.354325,0.351094,0.353945,0.356783,0.369251,0.344753,0.345945,0.381885,0.378654,0.341034,0.318602,0.351092,0.357187,0.354653,0.345878,0.352014,0.365531,0.359178,0.348842,0.345180,0.344212,0.346149,0.331924,0.329750,0.343505,0.345778,0.288532,0.419082,0.689789,0.697960,0.628860,0.626266,0.581409,0.575493,0.603270,0.578761,0.563098,0.537201,0.467029,0.596427,0.800422,0.808557,0.769036,0.740371,0.704043,0.731947,0.780200,0.760270,0.696059,0.702570,0.677386,0.669941,0.650006,0.647224,0.617390,0.615563,0.638496,0.479761,0.233874,0.218425,0.225303,0.180198,0.194563,0.243153,0.249536,0.244320,0.232952,0.198666,0.148509,0.305489,0.553820,0.608109,0.592099,0.651766,0.651944,0.625060,0.624514,0.687417,0.684759,0.673727,0.722044,0.588372,0.373513,0.390599,0.465366,0.477708,0.469098,0.489252,0.518646,0.536623,0.566842,0.588276,0.600156,0.603699,0.606901,0.669784,0.680760,0.643168,0.608821,0.795830,1.081783,1.139376,1.122330,1.145097,1.157984,1.148263,1.122799,1.118776,1.136246,1.178930,1.182599,1.145801,1.140842,1.148467,1.155098,1.167257,1.182619,1.036283,0.840592,0.793284,0.774483,0.796071,0.886924,0.701317,0.380283,0.294726,0.343342,0.369793,0.357094,0.338504,0.367149,0.356183,0.367489,0.368487,0.343680,0.338715,0.353307
0.328851,0.326552,0.321864,0.325638,0.328778,0.341870,0.365406,0.358888,0.312640,0.328368,0.357071,0.368810,0.348833,0.353408,0.380327,0.372232,0.344710,0.329254,0.329873,0.344949,0.357107,0.352094,0.351502,0.366576,0.359878,0.343890,0.317570,0.344532,0.353667,0.335003,0.301311,0.326976,0.324660,0.249099,0.398106,0.683839,0.682834,0.608698,0.596641,0.585017,0.602334,0.588538,0.554876,0.538354,0.510975,0.441450,0.571623,0.777434,0.787632,0.736556,0.705560,0.673335,0.674951,0.723056,0.715168,0.688508,0.676310,0.674632,0.656961,0.626001,0.618711,0.584542,0.591393,0.583236,0.402721,0.181319,0.202182,0.231232,0.183953,0.177981,0.196361,0.220165,0.201988,0.199759,0.196843,0.160497,0.330226,0.597669,0.642868,0.614461,0.637929,0.603425,0.593895,0.624235,0.666414,0.652220,0.638524,0.719730,0.586265,0.328738,0.380986,0.445588,0.439050,0.465162,0.506354,0.511393,0.524527,0.538314,0.568991,0.601559,0.589896,0.564940,0.613903,0.643520,0.617644,0.596043,0.771324,1.037737,1.104659,1.093411,1.125723,1.150760,1.150336,1.126149,1.127059,1.139675,1.170759,1.155797,1.120504,1.136802,1.141466,1.144699,1.148711,1.154106,1.013293,0.805965,0.796925,0.779671,0.770327,0.841838,0.678847,0.354665,0.314839,0.350998,0.344805,0.361975,0.358240,0.330159,0.337554,0.351332,0.348509,0.325709,0.317872,0.347146
0.426623,0.429372,0.445253,0.449218,0.429910,0.445974,0.481909,0.471153,0.443759,0.410119,0.418987,0.451144,0.463697,0.458741,0.446062,0.445932,0.467605,0.473539,0.475660,0.448733,0.431495,0.432488,0.442674,0.460294,0.470590,0.468948,0.440738,0.452160,0.467262,0.445489,0.409006,0.405272,0.392748,0.302892,0.518529,0.877396,0.892695,0.803603,0.798496,0.811548,0.803235,0.770525,0.691874,0.676159,0.668592,0.585411,0.782292,1.157928,1.157352,1.042033,1.037545,1.044372,1.020569,0.977780,0.960845,0.952514,0.918765,0.907986,0.902927,0.893733,0.868754,0.839876,0.842625,0.881317,0.730050,0.453612,0.437433,0.497057,0.495845,0.445205,0.398130,0.347727,0.376057,0.426466,0.438332,0.434331,0.623934,0.904070,0.862296,0.810085,0.807828,0.754795,0.769533,0.844866,0.855658,0.885392,0.952983,1.029258,0.897130,0.639578,0.624567,0.655956,0.632501,0.693898,0.727088,0.711167,0.736678,0.784355,0.811154,0.847672,0.862461,0.884528,0.858466,0.927010,1.000021,1.001858,1.071086,1.226442,1.259506,1.257712,1.256333,1.294032,1.299008,1.297510,1.318092,1.341658,1.308297,1.293937,1.309398,1.301493,1.283846,1.284122,1.304955,1.338395,1.195469,0.984865,0.963414,0.949115,0.927576,1.019827,0.816394,0.418234,0.418826,0.474948,0.432074,0.462703,0.473431,0.415587,0.417252,0.425898,0.426503,0.410304,0.438947,0.418410
0.443161,0.444139,0.443363,0.434714,0.422245,0.440232,0.465322,0.488055,0.487374,0.434117,0.426691,0.460648,0.441142,0.417001,0.419802,0.431792,0.455078,0.465856,0.464690,0.427094,0.415845,0.436002,0.437778,0.440560,0.463169,0.458361,0.425273,0.433913,0.462049,0.471578,0.419383,0.403596,0.406286,0.358370,0.557427,0.884655,0.910981,0.819876,0.790443,0.810111,0.806312,0.769870,0.693023,0.679333,0.656285,0.571160,0.764950,1.146840,1.144102,1.031084,1.023662,1.043621,1.041127,1.036724,0.995472,0.961926,0.918352,0.894576,0.888044,0.892893,0.859358,0.827953,0.829806,0.898263,0.752447,0.448926,0.418668,0.466000,0.451758,0.458149,0.422608,0.348944,0.362203,0.415868,0.418261,0.419265,0.593188,0.828649,0.793984,0.768968,0.813224,0.782428,0.792738,0.860628,0.880097,0.893873,0.948282,0.977146,0.839661,0.614546,0.587986,0.636847,0.636822,0.673529,0.717844,0.720759,0.741535,0.768492,0.802994,0.790052,0.839760,0.886510,0.874017,0.928155,1.021841,1.037276,1.100010,1.212116,1.252139,1.255806,1.275972,1.286057,1.293749,1.291873,1.276049,1.300518,1.286756,1.293148,1.314690,1.320759,1.302534,1.298597,1.321536,1.367507,1.231720,1.027873,0.968871,0.952192,0.944436,1.036576,0.819494,0.419694,0.393992,0.478170,0.466405,0.481016,0.474109,0.430391,0.436869,0.431835,0.392099,0.395231,0.425299,0.435992
0.432800,0.454046,0.448740,0.406295,0.397774,0.445093,0.458580,0.478496,0.496274,0.446120,0.438272,0.469122,0.430122,0.416978,0.435622,0.416328,0.423352,0.446910,0.420204,0.431786,0.446165,0.448433,0.440661,0.463199,0.475182,0.441282,0.429989,0.455034,0.480517,0.445678,0.432848,0.435831,0.412088,0.342583,0.560463,0.902316,0.909661,0.816203,0.790613,0.803969,0.782913,0.750546,0.716655,0.712679,0.678397,0.595408,0.779644,1.121545,1.165223,1.083030,1.053255,1.043485,1.044648,1.047406,1.008861,0.968678,0.931963,0.907508,0.910352,0.947966,0.920329,0.878109,0.890485,0.950955,0.795401,0.495517,0.477164,0.500200,0.450098,0.476376,0.466038,0.413666,0.421776,0.450263,0.436964,0.425664,0.618378,0.846600,0.833894,0.803666,0.858341,0.866775,0.847363,0.867970,0.849801,0.890869,0.931599,0.932942,0.774384,0.590297,0.603276,0.658167,0.660868,0.698822,0.739693,0.755392,0.800486,0.825661,0.834109,0.843342,0.883982,0.930096,0.917193,0.943763,0.987570,1.009945,1.102512,1.204579,1.254575,1.248127,1.258165,1.303837,1.331873,1.327703,1.330775,1.318070,1.297020,1.299667,1.316641,1.305622,1.305663,1.293311,1.323272,1.365827,1.224908,1.006553,0.949407,0.949565,0.938862,1.029929,0.829723,0.470577,0.420124,0.469826,0.455217,0.475963,0.471937,0.437754,0.428288,0.423023,0.389700,0.419499,0.444366,0.443233
0.420929,0.427676,0.430646,0.403185,0.391097,0.421711,0.412043,0.427310,0.458853,0.436000,0.436464,0.443981,0.421099,0.414147,0.417175,0.410890,0.447617,0.455150,0.424461,0.436837,0.464228,0.445599,0.445119,0.484310,0.478781,0.448947,0.453530,0.500081,0.488267,0.417697,0.413598,0.468145,0.432544,0.330733,0.542751,0.914091,0.916751,0.825842,0.823611,0.789458,0.755189,0.733325,0.719533,0.730461,0.723710,0.631429,0.808123,1.132734,1.175745,1.104322,1.082506,1.030844,1.025026,1.033195,0.987472,0.945690,0.941543,0.906018,0.899090,0.947501,0.961078,0.935862,0.944493,0.957857,0.800405,0.515515,0.482284,0.488267,0.421611,0.467448,0.469062,0.407816,0.431187,0.455522,0.423348,0.394579,0.599001,0.878190,0.827011,0.787939,0.869092,0.865774,0.832114,0.854174,0.860376,0.874633,0.900883,0.929291,0.824282,0.611322,0.598014,0.641734,0.641656,0.691329,0.740937,0.758818,0.798494,0.816526,0.826374,0.850072,0.879806,0.905671,0.901808,0.919646,0.954423,0.958284,1.066404,1.209692,1.247721,1.243677,1.262134,1.282744,1.310681,1.335090,1.340999,1.330556,1.310132,1.294682,1.285506,1.292404,1.298459,1.296034,1.311915,1.319935,1.171116,0.954743,0.908761,0.936591,0.950331,1.036162,0.816961,0.434249,0.410524,0.491112,0.466169,0.447865,0.454101,0.453706,0.420582,0.390675,0.419893,0.445958,0.434919,0.425302
0.423792,0.409635,0.402973,0.427534,0.427830,0.415369,0.392795,0.432463,0.464188,0.437971,0.421856,0.434904,0.443083,0.449977,0.446202,0.405460,0.424030,0.473644,0.483054,0.461048,0.435914,0.447810,0.456864,0.465580,0.448936,0.430146,0.453400,0.521482,0.499380,0.439614,0.414394,0.448680,0.425118,0.313059,0.525575,0.935848,0.931935,0.817939,0.836664,0.818724,0.787711,0.759164,0.715114,0.736912,0.754240,0.627714,0.815163,1.179979,1.182383,1.076262,1.079073,1.047100,1.032666,1.024635,0.994862,0.958519,0.937900,0.926534,0.928949,0.969170,0.971004,0.931162,0.908587,0.927759,0.766046,0.493996,0.486456,0.502125,0.440152,0.470648,0.476300,0.428760,0.436469,0.457192,0.431363,0.358506,0.549060,0.835704,0.803216,0.768507,0.841966,0.831936,0.818805,0.836873,0.853180,0.854311,0.882190,0.934298,0.805091,0.596831,0.575494,0.623397,0.625931,0.695303,0.763783,0.785848,0.805099,0.834701,0.846393,0.851412,0.887893,0.945250,0.927095,0.955309,0.982940,0.968101,1.062734,1.220404,1.225711,1.242151,1.287725,1.285339,1.318226,1.349967,1.319646,1.312740,1.337056,1.329035,1.315942,1.321047,1.317796,1.310705,1.317591,1.334995,1.196238,0.974444,0.940910,0.965961,0.972008,1.055275,0.817152,0.435804,0.414321,0.483172,0.452429,0.436344,0.455398,0.459411,0.432949,0.423978,0.464503,0.428245,0.421366,0.436233
0.332262,0.334438,0.349407,0.347766,0.340413,0.341991,0.340205,0.338790,0.324893,0.337203,0.353128,0.370547,0.360763,0.344826,0.365145,0.374691,0.340572,0.339277,0.337097,0.343531,0.341757,0.367308,0.360064,0.327461,0.331141,0.338943,0.317709,0.333929,0.359399,0.366960,0.334728,0.334234,0.309921,0.216114,0.380472,0.685200,0.689034,0.613629,0.600175,0.579403,0.607712,0.609234,0.565852,0.528561,0.518553,0.465795,0.595372,0.803109,0.808442,0.741544,0.718477,0.696046,0.714291,0.739408,0.737803,0.709281,0.705396,0.687433,0.664126,0.622440,0.631909,0.580446,0.570254,0.592644,0.446793,0.211635,0.216776,0.230297,0.204789,0.207379,0.200664,0.221362,0.195200,0.185584,0.200770,0.144273,0.280003,0.538329,0.623787,0.614305,0.614658,0.569538,0.577108,0.616467,0.642603,0.625173,0.650204,0.744933,0.588993,0.328301,0.364667,0.436179,0.418428,0.436768,0.454975,0.530650,0.531381,0.541983,0.582275,0.605883,0.584831,0.565153,0.621025,0.644447,0.633460,0.626594,0.781131,1.042476,1.091051,1.082833,1.119953,1.147510,1.142617,1.120225,1.129414,1.134382,1.154728,1.175984,1.169691,1.161958,1.153859,1.151625,1.157667,1.169871,1.017059,0.815897,0.827222,0.834060,0.814007,0.862244,0.676036,0.340054,0.293009,0.334976,0.330975,0.333455,0.343262,0.355971,0.338431,0.349118,0.339258,0.328128,0.335063,0.374685
0.316148,0.327080,0.323331,0.330400,0.333357,0.328561,0.346630,0.340962,0.316621,0.333597,0.358229,0.371617,0.371922,0.364086,0.376799,0.373544,0.347203,0.349996,0.328968,0.342832,0.391190,0.395443,0.362750,0.312335,0.338191,0.337215,0.324231,0.337491,0.368159,0.364548,0.333528,0.329413,0.313841,0.243096,0.397795,0.673795,0.708958,0.640518,0.615215,0.591904,0.605962,0.609355,0.577557,0.536459,0.512550,0.473681,0.600590,0.789067,0.806824,0.766777,0.740267,0.697899,0.684708,0.754073,0.757048,0.732825,0.683888,0.672644,0.653683,0.607632,0.587362,0.567330,0.571877,0.617184,0.472525,0.224735,0.212255,0.241563,0.191316,0.155363,0.150333,0.140196,0.140626,0.169904,0.213707,0.146796,0.280802,0.539217,0.632580,0.670805,0.692254,0.601469,0.601240,0.670168,0.649498,0.620374,0.685541,0.762147,0.618926,0.367051,0.401228,0.447756,0.419829,0.458703,0.470642,0.498378,0.542584,0.575804,0.609017,0.615418,0.594739,0.571505,0.611958,0.650919,0.669253,0.651269,0.794627,1.046744,1.101370,1.099081,1.118095,1.131492,1.121662,1.121499,1.125377,1.129004,1.154526,1.152385,1.151000,1.167336,1.146143,1.151278,1.187900,1.210748,1.049356,0.818056,0.813606,0.832342,0.843652,0.863365,0.666402,0.330371,0.294358,0.345769,0.354421,0.361796,0.364790,0.357045,0.344511,0.345289,0.341608,0.353856,0.354349,0.359916
0.412386,0.377898,0.387664,0.427599,0.441687,0.432709,0.397097,0.415973,0.455937,0.439099,0.427478,0.431768,0.428319,0.441629,0.448478,0.409529,0.445158,0.481923,0.454008,0.441069,0.457672,0.450318,0.442165,0.446861,0.450967,0.435066,0.444161,0.520415,0.505040,0.451630,0.414864,0.440393,0.426373,0.340744,0.525262,0.900810,0.947114,0.886229,0.849355,0.828487,0.806437,0.798061,0.742311,0.759879,0.752541,0.659240,0.805910,1.145721,1.175460,1.131529,1.151623,1.081144,1.032369,1.045442,1.033188,0.990205,0.936652,0.913543,0.922890,0.968379,0.967172,0.947511,0.931095,0.955547,0.827082,0.572529,0.517875,0.528923,0.440979,0.402409,0.402409,0.449492,0.460164,0.492617,0.504486,0.446710,0.582593,0.830410,0.835626,0.816590,0.867592,0.868110,0.870689,0.914159,0.892484,0.891147,0.928336,0.970058,0.848756,0.658393,0.618777,0.647393,0.636259,0.704046,0.779044,0.753867,0.805124,0.850901,0.848503,0.859366,0.911580,0.952630,0.909589,0.969675,1.044472,0.998595,1.092140,1.230700,1.249394,1.245644,1.271612,1.263884,1.304835,1.350354,1.345228,1.335059,1.328663,1.312407,1.320620,1.334815,1.330115,1.298217,1.334423,1.365962,1.219543,0.973074,0.923206,0.959690,0.964856,1.031321,0.793156,0.408594,0.413877,0.494376,0.457671,0.421939,0.442477,0.442356,0.449700,0.427947,0.415361,0.433957,0.462618,0.449048
0.470025,0.443502,0.454692,0.470360,0.469507,0.466607,0.429843,0.441703,0.498434,0.479822,0.481953,0.481170,0.444936,0.451702,0.472683,0.442398,0.466356,0.490634,0.462371,0.438645,0.452757,0.442121,0.454282,0.487663,0.502173,0.480210,0.478959,0.501349,0.501767,0.493853,0.455098,0.452083,0.424760,0.374571,0.584042,0.955724,0.976845,0.877755,0.830213,0.811664,0.822405,0.824696,0.768085,0.770453,0.768653,0.670566,0.837587,1.193656,1.207595,1.164044,1.192156,1.131560,1.086417,1.081997,1.077722,1.055722,1.011615,0.998199,1.018372,1.037439,1.046075,1.035469,1.009012,1.028600,0.875242,0.672000,0.591810,0.602477,0.588732,0.558145,0.578774,0.612975,0.564075,0.555262,0.529729,0.525966,0.666149,0.925824,0.915393,0.866753,0.907252,0.931208,0.939342,0.951622,0.959065,0.962892,0.992523,1.030793,0.896440,0.674194,0.653324,0.712080,0.702527,0.749641,0.827512,0.845315,0.836515,0.861038,0.894394,0.907984,0.945869,0.970193,0.981919,1.009397,1.040460,1.011559,1.124206,1.280508,1.293766,1.281764,1.330593,1.351511,1.374285,1.402794,1.408501,1.417038,1.390955,1.373187,1.401857,1.407960,1.392812,1.369351,1.395360,1.391705,1.248806,1.032927,1.037537,1.033884,1.031643,1.087754,0.839376,0.434208,0.443569,0.522023,0.473697,0.431864,0.448665,0.461423,0.482258,0.474766,0.459318,0.478312,0.484341,0.531170
0.483317,0.476008,0.496198,0.495631,0.499711,0.474202,0.451644,0.464369,0.482910,0.468884,0.468476,0.481995,0.475931,0.484521,0.463404,0.431420,0.456671,0.481376,0.471462,0.466032,0.487147,0.457471,0.445159,0.462431,0.468681,0.464883,0.467571,0.458390,0.458121,0.454760,0.434759,0.444224,0.449786,0.359163,0.550800,0.940864,0.942157,0.838995,0.824415,0.787634,0.799606,0.831124,0.777864,0.750029,0.734116,0.660063,0.855124,1.213773,1.248813,1.194865,1.156201,1.121893,1.094171,1.080049,1.057481,1.043879,1.028641,0.995322,0.980573,0.982822,0.968609,0.953079,0.948185,0.995519,0.831847,0.598026,0.558431,0.585983,0.568922,0.559837,0.559131,0.528926,0.528665,0.546934,0.526554,0.484189,0.664244,0.964352,0.980404,0.952824,0.939830,0.929444,0.935281,0.982121,0.997128,0.988779,1.013278,1.052182,0.917886,0.684308,0.723031,0.772066,0.752735,0.783835,0.845157,0.874130,0.867903,0.895180,0.968753,0.962178,0.974665,1.022600,1.038782,1.032077,1.035147,1.004654,1.099127,1.277296,1.298323,1.280746,1.330740,1.357493,1.370268,1.378009,1.363719,1.375786,1.384860,1.351037,1.361383,1.400162,1.369649,1.375153,1.394838,1.373296,1.223095,1.011360,0.989326,1.043752,1.066648,1.101079,0.848766,0.505084,0.485331,0.534286,0.481368,0.474910,0.480329,0.456280,0.491926,0.492342,0.498838,0.495440,0.494288,0.465322
0.492491,0.488616,0.448426,0.494983,0.513945,0.463374,0.460140,0.477320,0.479898,0.456370,0.448521,0.470559,0.490613,0.489571,0.433296,0.455440,0.486798,0.506442,0.494486,0.478221,0.472085,0.459368,0.467117,0.464195,0.463789,0.445562,0.442496,0.422517,0.426633,0.436349,0.419409,0.449265,0.488852,0.362673,0.533250,0.920635,0.922117,0.829224,0.830895,0.803030,0.808837,0.842582,0.796464,0.750014,0.723915,0.662489,0.860821,1.204914,1.247062,1.175031,1.151671,1.123979,1.105326,1.069419,1.066700,1.073899,1.040126,0.984178,0.953594,0.952402,0.954915,0.925807,0.893093,0.962920,0.800945,0.508593,0.512328,0.558963,0.542298,0.534479,0.533127,0.515650,0.478347,0.521685,0.557412,0.450743,0.593798,0.927845,0.973199,0.944404,0.932077,0.936356,0.960656,1.008648,1.023111,1.024763,1.053505,1.110160,0.949569,0.709247,0.705328,0.763595,0.794317,0.824693,0.871063,0.896114,0.876586,0.894620,0.956066,0.964908,0.964759,1.012027,1.030422,1.050526,1.053629,1.025995,1.118614,1.290808,1.301144,1.297707,1.322733,1.361007,1.360637,1.373528,1.342225,1.334288,1.363397,1.361938,1.354219,1.358447,1.351714,1.368672,1.392881,1.387751,1.226226,0.991877,0.974909,1.028222,1.070209,1.096218,0.846244,0.502771,0.512178,0.559998,0.502582,0.468442,0.451422,0.451429,0.527060,0.540247,0.486249,0.506402,0.478387,0.441087
0.499027,0.531473,0.480466,0.506515,0.490369,0.483176,0.506635,0.511480,0.488793,0.459735,0.472019,0.510100,0.508480,0.491610,0.471330,0.476222,0.449333,0.457458,0.518600,0.516014,0.482154,0.457277,0.449435,0.475222,0.457225,0.440242,0.432925,0.431262,0.433486,0.457002,0.463902,0.465446,0.466548,0.362776,0.549052,0.930057,0.919082,0.834135,0.832269,0.818472,0.817593,0.849122,0.799260,0.764539,0.741699,0.682813,0.883170,1.204018,1.223934,1.144143,1.138430,1.143127,1.105699,1.060722,1.080049,1.051788,1.001301,0.978807,0.999954,0.986148,0.989762,0.940575,0.911774,0.977761,0.838057,0.558749,0.548628,0.580450,0.545566,0.551410,0.574775,0.579674,0.520332,0.522316,0.556372,0.518257,0.671357,0.961612,1.006123,0.967271,0.989877,1.004218,1.034982,1.034726,0.996714,1.016717,1.087741,1.123711,0.944259,0.717332,0.686568,0.781365,0.872820,0.863756,0.849035,0.868999,0.873961,0.892621,0.922759,0.930889,0.943966,0.985519,1.012973,1.075149,1.093161,1.057535,1.131831,1.270869,1.298847,1.291623,1.302084,1.340953,1.373112,1.400424,1.378469,1.352571,1.347313,1.378061,1.377789,1.362888,1.361158,1.375779,1.394011,1.409981,1.257138,1.018202,1.014052,1.052937,1.086038,1.097248,0.854971,0.471362,0.464594,0.538890,0.519371,0.502032,0.485812,0.483727,0.542713,0.552429,0.508271,0.510827,0.514460,0.503464
0.324360,0.326054,0.333808,0.330794,0.329946,0.353733,0.376761,0.356739,0.310942,0.341365,0.374484,0.373407,0.384007,0.368718,0.389506,0.379475,0.339925,0.351825,0.361195,0.374868,0.351203,0.343107,0.342411,0.361543,0.360742,0.331620,0.314842,0.342244,0.357531,0.333158,0.349959,0.359032,0.304792,0.235122,0.412285,0.677733,0.689394,0.626458,0.617355,0.617471,0.631084,0.590148,0.560699,0.532583,0.515290,0.462029,0.598878,0.784873,0.778350,0.725006,0.715992,0.705094,0.701306,0.770160,0.762148,0.717787,0.660541,0.669721,0.675395,0.636004,0.612856,0.582335,0.591620,0.608307,0.450547,0.206208,0.207735,0.225247,0.184642,0.175091,0.178737,0.177366,0.170594,0.187659,0.220086,0.187887,0.347359,0.585486,0.646148,0.653252,0.666208,0.628951,0.623126,0.675017,0.644685,0.627016,0.691908,0.774266,0.644777,0.398519,0.416528,0.461146,0.441441,0.479748,0.481649,0.498341,0.544106,0.553872,0.560313,0.599871,0.595386,0.561688,0.611355,0.655411,0.657205,0.643984,0.800029,1.050975,1.102557,1.088317,1.118280,1.126130,1.136959,1.143968,1.156083,1.166399,1.164849,1.175152,1.148700,1.139695,1.154027,1.157013,1.171277,1.186005,1.050022,0.841233,0.825416,0.841467,0.838357,0.846848,0.669530,0.344348,0.291954,0.341564,0.351794,0.382117,0.384286,0.373226,0.351707,0.344280,0.340515,0.338984,0.372171,0.394554
0.378349,0.391966,0.376738,0.364230,0.379676,0.412060,0.392130,0.362803,0.361406,0.388287,0.403078,0.400270,0.414562,0.416159,0.389245,0.360021,0.368850,0.419427,0.404053,0.386160,0.393921,0.373985,0.370735,0.386310,0.386231,0.365765,0.345152,0.359687,0.374457,0.370099,0.363735,0.367425,0.330645,0.261608,0.447752,0.729983,0.736842,0.663593,0.653063,0.674303,0.673187,0.652464,0.607774,0.584539,0.571014,0.528930,0.648284,0.846069,0.860010,0.831767,0.820479,0.796078,0.799698,0.853511,0.851207,0.810110,0.772694,0.742674,0.731117,0.735311,0.687202,0.653851,0.689636,0.714518,0.546692,0.312790,0.266275,0.282953,0.230145,0.220586,0.235583,0.294713,0.297295,0.304068,0.306804,0.281059,0.438111,0.653028,0.711787,0.746609,0.761226,0.724221,0.746408,0.786044,0.756771,0.734056,0.789400,0.857744,0.724640,0.468174,0.492631,0.554919,0.517011,0.576012,0.599858,0.571662,0.611347,0.637835,0.680074,0.703733,0.689386,0.664182,0.667656,0.711441,0.733011,0.714172,0.880126,1.145062,1.189410,1.172869,1.209747,1.221907,1.229801,1.240821,1.244580,1.268568,1.264540,1.234540,1.242675,1.236065,1.228303,1.233294,1.264776,1.273203,1.114804,0.900876,0.895528,0.889626,0.877298,0.901000,0.721598,0.394011,0.352900,0.390965,0.391430,0.391235,0.400142,0.394486,0.395339,0.387713,0.368287,0.373957,0.411896,0.404279
0.532056,0.548949,0.532182,0.526072,0.523800,0.524907,0.506290,0.502261,0.519368,0.474684,0.466136,0.502237,0.497773,0.481392,0.482279,0.437525,0.437950,0.486349,0.527270,0.515290,0.475055,0.464048,0.456992,0.469346,0.444142,0.451439,0.475143,0.425031,0.410731,0.458877,0.450956,0.453273,0.480762,0.390979,0.573411,0.937315,0.928043,0.841539,0.847971,0.811804,0.795615,0.832608,0.812396,0.814390,0.794675,0.722486,0.908502,1.251502,1.304140,1.232582,1.222123,1.247461,1.195675,1.106295,1.109671,1.124853,1.085648,1.027612,1.052309,1.076764,1.074823,1.063391,1.051275,1.096771,0.954084,0.749725,0.708574,0.695670,0.713802,0.735406,0.747426,0.735603,0.656059,0.664203,0.702892,0.660985,0.868127,1.048507,1.088817,1.040123,1.036777,1.097410,1.156807,1.142545,1.130453,1.157171,1.215794,1.163804,0.991767,0.819787,0.820235,0.945750,1.052648,0.988763,0.980332,1.013111,0.988462,1.007678,1.045395,1.062941,1.069307,1.073546,1.060131,1.088969,1.115044,1.120044,1.181653,1.302342,1.323176,1.324718,1.346039,1.376937,1.392935,1.408313,1.403711,1.391517,1.373180,1.351628,1.346738,1.389131,1.403046,1.422854,1.418725,1.414607,1.261400,1.034792,1.027667,1.080178,1.076592,1.115931,0.885234,0.561824,0.548244,0.575122,0.523355,0.483112,0.480097,0.495281,0.562066,0.576121,0.550322,0.556821,0.523688,0.464882
0.485668,0.484623,0.483111,0.493793,0.485743,0.486594,0.502237,0.482113,0.467077,0.470244,0.479682,0.480355,0.468997,0.474911,0.511866,0.443218,0.430857,0.481838,0.501003,0.490603,0.446099,0.454046,0.433935,0.429552,0.437694,0.456144,0.464888,0.407719,0.386148,0.423590,0.436156,0.443775,0.445384,0.370027,0.568052,0.906034,0.904754,0.826597,0.842372,0.799173,0.769279,0.773019,0.779120,0.779449,0.736399,0.672062,0.873292,1.195982,1.192140,1.100188,1.119523,1.134915,1.090228,1.039561,1.034432,1.029377,0.960446,0.956857,0.989927,0.997727,1.013356,0.986968,0.958422,1.006133,0.878439,0.641317,0.605238,0.619128,0.614075,0.675837,0.723464,0.664437,0.640954,0.645904,0.649919,0.629729,0.733840,0.966314,1.026640,0.957567,0.934729,0.988509,1.031027,1.034000,1.055656,1.072647,1.088961,1.085650,0.938759,0.743393,0.739404,0.827832,0.890064,0.850074,0.864321,0.948431,0.927952,0.949666,0.987353,0.964682,0.961574,0.990791,1.002865,1.023731,1.038468,1.054600,1.140760,1.245788,1.265579,1.267984,1.298590,1.303910,1.328267,1.363385,1.375474,1.367605,1.353151,1.320587,1.304118,1.336312,1.371607,1.374192,1.365333,1.393889,1.245027,1.007337,0.993081,1.040911,1.043551,1.092339,0.865601,0.536677,0.488855,0.519767,0.481799,0.472388,0.480579,0.480395,0.519355,0.534552,0.536358,0.526664,0.510221,0.516389
0.480901,0.453379,0.466626,0.499450,0.504207,0.485331,0.499885,0.487367,0.460693,0.478335,0.492805,0.489917,0.500618,0.506489,0.489266,0.450732,0.452995,0.495947,0.485469,0.482911,0.497838,0.473700,0.446659,0.455279,0.459771,0.461399,0.461873,0.453550,0.437195,0.433456,0.439173,0.450190,0.424494,0.358321,0.566401,0.906472,0.930110,0.860382,0.876901,0.845721,0.814743,0.787021,0.809697,0.806529,0.725024,0.662545,0.879500,1.230259,1.234817,1.148878,1.133590,1.122631,1.074145,1.016738,1.006904,0.978920,0.912624,0.954779,0.949669,0.915198,0.936105,0.951884,0.937070,0.947507,0.829146,0.612633,0.576249,0.579288,0.538798,0.547451,0.559636,0.530289,0.528096,0.556316,0.544058,0.515220,0.682628,0.948818,1.008047,0.958577,0.968276,1.001869,1.023334,0.984005,0.997089,1.026906,1.072848,1.084065,0.957595,0.767363,0.769916,0.834935,0.853171,0.844410,0.848865,0.910801,0.935765,0.974678,0.998442,0.947035,0.956389,1.024353,1.044378,1.064964,1.079439,1.082272,1.160181,1.266374,1.324430,1.308238,1.312800,1.328303,1.370171,1.399649,1.384555,1.362104,1.365602,1.366211,1.360752,1.378827,1.388997,1.388630,1.398764,1.432621,1.269875,1.022138,0.992778,1.019251,1.044030,1.082125,0.852515,0.496785,0.441235,0.496981,0.480949,0.473940,0.491069,0.519805,0.519758,0.508003,0.491815,0.518797,0.515638,0.475648
0.495377,0.478542,0.442069,0.488277,0.507419,0.469978,0.508084,0.517953,0.463709,0.460237,0.494792,0.513290,0.489180,0.488921,0.516751,0.468029,0.444050,0.458180,0.469802,0.473329,0.468353,0.463689,0.466729,0.484751,0.457367,0.449366,0.473761,0.478283,0.468522,0.458609,0.437689,0.442203,0.409954,0.363869,0.560230,0.886005,0.920512,0.865757,0.866336,0.845840,0.830067,0.806825,0.804585,0.788210,0.718784,0.649411,0.886949,1.245901,1.226065,1.135472,1.146613,1.147345,1.102613,1.055117,1.059710,1.034996,0.963775,1.012779,0.988215,0.972465,0.985784,0.973400,0.937411,0.945055,0.813808,0.589521,0.562505,0.605502,0.597648,0.596550,0.592239,0.562127,0.522386,0.521804,0.535161,0.513261,0.688130,0.956129,1.001320,0.943935,0.958238,1.015236,1.020445,0.990621,1.009461,1.038721,1.037863,1.092673,0.996137,0.797409,0.775448,0.834207,0.865145,0.860474,0.851733,0.887887,0.937093,0.970070,0.949570,0.958085,0.976930,0.987684,1.022413,1.076054,1.116500,1.100048,1.147359,1.256476,1.301480,1.301698,1.316196,1.355560,1.402521,1.397945,1.398839,1.358771,1.342047,1.383507,1.397969,1.360521,1.370213,1.374610,1.393746,1.434275,1.278792,1.031696,0.987313,1.013629,1.027319,1.053208,0.849959,0.499057,0.443159,0.495217,0.472000,0.466104,0.462517,0.487934,0.510937,0.515806,0.506847,0.511159,0.498541,0.458152
0.487864,0.481913,0.481100,0.499509,0.495068,0.470172,0.509695,0.526708,0.477791,0.482486,0.513156,0.497717,0.470021,0.479874,0.503231,0.473544,0.459951,0.462258,0.475768,0.464059,0.432059,0.431646,0.439424,0.459981,0.455570,0.456343,0.465639,0.455346,0.483683,0.481865,0.442335,0.419423,0.406455,0.346166,0.555693,0.927585,0.933903,0.873499,0.873608,0.862644,0.835095,0.835396,0.814715,0.804143,0.744855,0.675226,0.899870,1.233396,1.215587,1.125252,1.125421,1.133291,1.116131,1.108255,1.141492,1.089674,1.016348,1.033847,1.016715,1.022431,1.026896,1.005467,0.966912,0.988751,0.834740,0.578774,0.545343,0.607227,0.618976,0.622587,0.581961,0.560933,0.532464,0.549492,0.550209,0.539360,0.730114,1.000398,1.027391,0.990078,1.003471,1.028197,1.039235,1.069624,1.094393,1.076093,1.063549,1.111355,1.015346,0.821337,0.794731,0.853907,0.877345,0.901281,0.873809,0.875679,0.953673,0.976748,0.939873,0.962055,0.981455,0.972425,1.026313,1.067338,1.082325,1.079208,1.151102,1.263567,1.269033,1.297946,1.349723,1.354079,1.367049,1.401049,1.409253,1.377742,1.361995,1.394211,1.400857,1.346401,1.361551,1.375616,1.391334,1.440007,1.286795,1.028929,0.999508,1.035039,1.041347,1.098902,0.874779,0.475667,0.433135,0.492465,0.478808,0.487527,0.471602,0.465030,0.495370,0.512424,0.498893,0.480380,0.494426,0.512580
0.345962,0.358935,0.388243,0.374616,0.385836,0.381572,0.377652,0.370066,0.379073,0.389832,0.391989,0.383247,0.377258,0.365597,0.369769,0.398051,0.383119,0.400313,0.390806,0.364246,0.377331,0.394560,0.390440,0.362531,0.375722,0.357982,0.326836,0.350671,0.389374,0.371482,0.345644,0.342489,0.315995,0.243863,0.414422,0.718958,0.740199,0.683033,0.671099,0.653816,0.654982,0.649434,0.590589,0.562225,0.570672,0.523357,0.613745,0.832306,0.866677,0.850820,0.828243,0.753041,0.771960,0.851394,0.844916,0.809906,0.790823,0.740952,0.729020,0.719311,0.697196,0.680923,0.673077,0.707078,0.550793,0.273922,0.216698,0.246457,0.212451,0.192191,0.185295,0.216874,0.230918,0.247727,0.259185,0.230550,0.415436,0.707253,0.722227,0.712766,0.735310,0.663841,0.676402,0.750599,0.716108,0.667870,0.717825,0.845300,0.715024,0.417564,0.426228,0.476446,0.439339,0.515773,0.557863,0.532409,0.571548,0.620479,0.628232,0.632517,0.626327,0.623886,0.642950,0.684066,0.721775,0.688818,0.845816,1.140090,1.140722,1.131845,1.187420,1.227452,1.209364,1.212469,1.213933,1.239737,1.230363,1.219615,1.209943,1.215142,1.206193,1.193444,1.225793,1.269436,1.112743,0.867684,0.864022,0.868731,0.885401,0.929464,0.721415,0.344811,0.306304,0.360405,0.390955,0.395128,0.396753,0.362498,0.365465,0.357081,0.334311,0.355544,0.391671,0.399319
0.370788,0.385039,0.382852,0.370563,0.366501,0.352570,0.348334,0.359261,0.380685,0.357619,0.367349,0.376021,0.355361,0.359823,0.379449,0.369778,0.346330,0.395036,0.410872,0.391743,0.387122,0.377678,0.383281,0.362802,0.336564,0.330803,0.339993,0.367254,0.379664,0.357363,0.347264,0.345249,0.324653,0.256691,0.428174,0.697006,0.708754,0.646068,0.648158,0.641027,0.641300,0.642607,0.586564,0.593828,0.604686,0.510355,0.629359,0.888058,0.907838,0.865445,0.856304,0.802754,0.835693,0.866237,0.826365,0.829174,0.832859,0.750295,0.719508,0.754126,0.752775,0.747496,0.744367,0.762474,0.612196,0.368759,0.318834,0.315314,0.263623,0.305465,0.303578,0.322339,0.361482,0.378659,0.348256,0.309995,0.404530,0.591966,0.626252,0.668708,0.740351,0.719579,0.722947,0.726887,0.704499,0.715326,0.790700,0.840527,0.709082,0.494304,0.483738,0.526965,0.534825,0.559672,0.580067,0.617724,0.670932,0.708108,0.702394,0.700400,0.702640,0.674358,0.668160,0.698904,0.746533,0.745704,0.889863,1.100653,1.135797,1.134615,1.163805,1.166906,1.189725,1.221869,1.226169,1.231732,1.228575,1.201240,1.208414,1.232627,1.215633,1.175643,1.231073,1.290918,1.128033,0.872641,0.870393,0.885175,0.882601,0.927648,0.717084,0.383740,0.341392,0.392242,0.416825,0.399168,0.387716,0.363517,0.385431,0.382916,0.374937,0.402387,0.394155,0.370885
0.503603,0.490336,0.489218,0.479878,0.463031,0.458682,0.493070,0.509356,0.460426,0.449345,0.471887,0.479649,0.491833,0.493537,0.478374,0.438538,0.439338,0.459455,0.490794,0.508047,0.449991,0.429365,0.431959,0.444601,0.431456,0.429446,0.472239,0.483142,0.454447,0.423537,0.431320,0.435079,0.406341,0.348399,0.560925,0.909296,0.923201,0.841092,0.830542,0.828447,0.808123,0.783096,0.823661,0.829784,0.748037,0.662496,0.879607,1.210910,1.251259,1.150445,1.098220,1.127518,1.125164,1.106452,1.073184,1.046187,1.042312,1.043412,1.005461,0.998034,1.047559,1.026313,0.972835,0.989994,0.885671,0.721740,0.697782,0.732943,0.759480,0.797594,0.758828,0.662329,0.644152,0.636764,0.604986,0.568113,0.710120,0.964434,1.005276,0.957824,0.986282,1.058994,1.061433,1.038330,1.086411,1.115108,1.113014,1.118309,1.017712,0.873912,0.850208,0.897005,0.925865,0.929665,0.936436,0.975948,1.004329,1.011590,1.013196,1.030159,1.041185,1.027675,1.063836,1.091274,1.080485,1.114111,1.166373,1.247939,1.284942,1.310734,1.334967,1.318254,1.355358,1.386928,1.399844,1.373260,1.373508,1.378224,1.385026,1.386676,1.378398,1.374444,1.380075,1.410213,1.292019,1.077016,0.996691,1.041317,1.067184,1.086808,0.866490,0.537276,0.458995,0.516325,0.502073,0.517611,0.506258,0.521020,0.527545,0.518435,0.499522,0.527390,0.526672,0.471435
0.479889,0.476827,0.504242,0.475774,0.464157,0.477021,0.484289,0.494816,0.492599,0.476621,0.474156,0.473785,0.489000,0.471891,0.464754,0.458826,0.443724,0.428547,0.454996,0.496058,0.497400,0.491849,0.473006,0.464339,0.454629,0.442362,0.454932,0.458932,0.442209,0.418449,0.441581,0.442178,0.387449,0.362082,0.552736,0.877496,0.933081,0.862809,0.812556,0.785537,0.788994,0.778882,0.785207,0.759212,0.731434,0.681148,0.859618,1.140807,1.218740,1.152024,1.082325,1.116865,1.108870,1.077165,1.046145,1.046410,1.043329,0.995568,0.963161,0.977067,1.012055,0.992832,0.957321,0.984000,0.874729,0.668390,0.596563,0.635425,0.713132,0.693314,0.643356,0.557910,0.563601,0.558838,0.543833,0.526962,0.716446,0.986947,1.056571,1.009613,1.027983,1.077706,1.076306,1.079898,1.110092,1.093374,1.076551,1.112378,1.008884,0.814843,0.784917,0.836672,0.854436,0.867829,0.872281,0.901483,0.942301,0.969900,0.986580,0.977677,0.983842,1.021429,1.048148,1.068865,1.064188,1.060243,1.132416,1.257616,1.288488,1.290791,1.312814,1.359061,1.397778,1.375634,1.379571,1.346698,1.342282,1.367190,1.397589,1.406349,1.362989,1.349989,1.367296,1.391178,1.263617,1.042663,0.998712,1.040998,1.065842,1.098584,0.861743,0.504335,0.446205,0.501706,0.503885,0.520692,0.523606,0.548891,0.509320,0.490437,0.492477,0.507795,0.522643,0.519462
0.483952,0.484974,0.509035,0.472260,0.467694,0.472191,0.476583,0.488034,0.508058,0.494614,0.483419,0.457823,0.449098,0.452291,0.458794,0.467289,0.455932,0.428843,0.460726,0.482198,0.481313,0.498987,0.502548,0.489488,0.466310,0.456288,0.454853,0.469871,0.468861,0.463899,0.439116,0.431844,0.384494,0.320035,0.539519,0.890056,0.933707,0.852252,0.825693,0.815414,0.817621,0.821558,0.781823,0.754198,0.751521,0.686257,0.878158,1.173851,1.229548,1.172999,1.140471,1.146474,1.136500,1.126125,1.125771,1.079243,1.030216,1.009565,1.000861,1.010777,0.994586,0.978767,0.980850,0.996892,0.853510,0.602822,0.553351,0.579040,0.591103,0.627154,0.606458,0.529731,0.559321,0.572522,0.521005,0.569532,0.761655,0.979365,1.036250,1.017401,1.008621,1.041398,1.060593,1.094236,1.101607,1.059066,1.053173,1.107357,1.032588,0.812082,0.767154,0.814869,0.857885,0.869882,0.869854,0.855230,0.912375,0.945716,0.929718,0.970278,0.977964,1.001319,1.028585,1.052830,1.063851,1.076235,1.148025,1.255962,1.283828,1.296102,1.322095,1.362845,1.402460,1.391391,1.358093,1.332192,1.339289,1.363170,1.389307,1.396392,1.343584,1.319892,1.358024,1.395592,1.244768,1.015153,1.001902,1.045918,1.052758,1.073925,0.838752,0.470618,0.450490,0.510908,0.480981,0.509408,0.509599,0.514131,0.491619,0.483551,0.477312,0.481816,0.497165,0.505137
0.512239,0.514798,0.495892,0.467321,0.475978,0.483137,0.492233,0.485346,0.485047,0.468326,0.479059,0.470679,0.460114,0.463345,0.466698,0.457605,0.471746,0.486299,0.488766,0.466706,0.451792,0.449282,0.470468,0.482404,0.459729,0.450183,0.436754,0.456614,0.469692,0.483200,0.446174,0.436437,0.396505,0.319772,0.545626,0.913591,0.946975,0.857622,0.829066,0.840932,0.848396,0.832181,0.774307,0.742671,0.743248,0.690274,0.908279,1.210335,1.234187,1.150274,1.145733,1.125523,1.116180,1.116432,1.111474,1.054218,1.004658,1.007225,1.033793,1.012091,0.989101,0.988574,1.017303,1.049634,0.882877,0.603885,0.556917,0.588157,0.618635,0.644047,0.609875,0.548814,0.592002,0.622970,0.559906,0.619866,0.844494,1.046914,1.067294,1.036676,1.061553,1.068460,1.085871,1.067656,1.102408,1.091167,1.069823,1.129562,1.035023,0.791798,0.755134,0.821754,0.863377,0.875152,0.885925,0.892250,0.926593,0.924519,0.927544,0.969987,0.979931,0.967563,1.008512,1.047911,1.049452,1.060120,1.139141,1.249521,1.281646,1.299939,1.352617,1.366709,1.371434,1.386282,1.379099,1.367669,1.363229,1.362026,1.371451,1.380598,1.362808,1.351241,1.376694,1.428501,1.280123,1.030058,0.996050,1.027130,1.034578,1.070037,0.858188,0.489987,0.435515,0.484278,0.479441,0.502475,0.503802,0.480395,0.494736,0.502603,0.498307,0.475784,0.480019,0.528246
0.500309,0.487862,0.487676,0.455196,0.450185,0.476462,0.488186,0.476666,0.471108,0.446907,0.441859,0.461096,0.480723,0.467189,0.464452,0.460441,0.476841,0.490599,0.478923,0.463589,0.456939,0.446197,0.458704,0.468562,0.452318,0.433402,0.421267,0.433608,0.458987,0.473338,0.469932,0.459581,0.402214,0.335561,0.545613,0.889860,0.928723,0.867068,0.856651,0.827444,0.818607,0.832229,0.780421,0.754259,0.749428,0.682365,0.845252,1.173664,1.214245,1.131832,1.121575,1.104697,1.091356,1.072573,1.056266,1.026679,1.000158,0.964006,0.991866,1.014972,0.991451,0.986517,1.030745,1.063730,0.881124,0.612307,0.589422,0.621271,0.605666,0.629558,0.593166,0.541569,0.598605,0.629266,0.583590,0.585449,0.799787,1.088399,1.070073,1.037182,1.086221,1.080631,1.064413,1.039217,1.070450,1.076018,1.073685,1.111635,0.979175,0.757241,0.734318,0.783000,0.831013,0.872473,0.892437,0.884594,0.909333,0.912722,0.927124,0.963234,0.986726,1.019132,1.017418,1.030527,1.050020,1.058381,1.150090,1.268469,1.272582,1.283228,1.339214,1.363211,1.353432,1.361198,1.359942,1.382300,1.373731,1.348506,1.359559,1.404062,1.372122,1.345720,1.362271,1.379889,1.244849,0.985322,0.979966,1.028612,1.064535,1.102785,0.864187,0.481853,0.425935,0.488264,0.483661,0.481837,0.479752,0.505176,0.495181,0.504775,0.506981,0.484439,0.484563,0.515450
0.388267,0.407542,0.380081,0.374353,0.362493,0.355125,0.367451,0.359731,0.360393,0.363525,0.366122,0.372729,0.370065,0.389987,0.374727,0.362037,0.344443,0.383316,0.386518,0.390141,0.366054,0.355785,0.352777,0.354439,0.342330,0.350436,0.362370,0.379828,0.386939,0.373823,0.350394,0.344816,0.340383,0.290076,0.437673,0.714510,0.731530,0.679158,0.661911,0.625720,0.618168,0.633606,0.603948,0.615937,0.604480,0.522843,0.628133,0.808242,0.836325,0.816040,0.840447,0.786344,0.816163,0.803509,0.798469,0.800156,0.835598,0.755885,0.700280,0.736707,0.761147,0.722167,0.698893,0.729340,0.583139,0.369260,0.347336,0.347010,0.296685,0.309089,0.348049,0.364397,0.357868,0.365254,0.344644,0.275705,0.394786,0.641579,0.691288,0.691320,0.725249,0.706482,0.712981,0.720223,0.729601,0.751548,0.793040,0.828593,0.692717,0.505265,0.503998,0.539372,0.531343,0.576789,0.598639,0.653791,0.715406,0.731026,0.701130,0.707400,0.723472,0.684751,0.674476,0.698731,0.744808,0.719007,0.892762,1.144989,1.151610,1.149298,1.168619,1.170096,1.176833,1.194893,1.243114,1.260251,1.226505,1.205221,1.201724,1.213220,1.226080,1.196437,1.229232,1.253326,1.108233,0.884874,0.882586,0.880283,0.893980,0.928598,0.723543,0.405518,0.365731,0.398567,0.403923,0.380120,0.382245,0.381747,0.386442,0.390490,0.389584,0.394538,0.399855,0.433073
0.381921,0.379746,0.360124,0.374718,0.397427,0.371224,0.358304,0.372326,0.382218,0.399768,0.386869,0.363430,0.353564,0.377942,0.366432,0.347632,0.330309,0.351386,0.375330,0.399924,0.374576,0.364702,0.361233,0.342759,0.331600,0.339829,0.350280,0.351637,0.349758,0.342178,0.321674,0.328322,0.335007,0.292252,0.428647,0.695343,0.721859,0.658731,0.611862,0.584131,0.590013,0.622539,0.592699,0.584931,0.573282,0.485887,0.601831,0.828847,0.851832,0.806867,0.816951,0.772656,0.793507,0.820205,0.783328,0.779366,0.812168,0.778999,0.727995,0.728405,0.735297,0.702235,0.695661,0.731145,0.570465,0.344059,0.310977,0.334204,0.353117,0.345671,0.342917,0.336981,0.364008,0.364569,0.321529,0.274947,0.420838,0.683382,0.698382,0.672599,0.711123,0.697305,0.718283,0.746890,0.745871,0.745904,0.775087,0.796136,0.673558,0.512369,0.494216,0.522247,0.521302,0.577853,0.606030,0.629673,0.682241,0.695635,0.676064,0.711837,0.719262,0.681462,0.673713,0.718438,0.734787,0.711748,0.867097,1.130538,1.167901,1.138489,1.139407,1.139666,1.171864,1.205338,1.212053,1.214939,1.196739,1.175681,1.173163,1.202371,1.189528,1.166403,1.198574,1.225990,1.116098,0.915563,0.863745,0.855538,0.876060,0.926982,0.735072,0.434269,0.360538,0.384619,0.391586,0.391776,0.392102,0.415141,0.379775,0.378185,0.386194,0.379488,0.384318,0.415792
0.485154,0.465238,0.504224,0.475389,0.462527,0.486735,0.492248,0.503195,0.526543,0.491647,0.469501,0.473135,0.482821,0.463959,0.467801,0.455609,0.458878,0.428124,0.455843,0.468209,0.483673,0.487071,0.476546,0.457111,0.457268,0.439249,0.414704,0.430501,0.438218,0.439665,0.444981,0.452198,0.396157,0.342708,0.539178,0.883128,0.927220,0.839754,0.803160,0.773364,0.779138,0.793398,0.742437,0.718710,0.695907,0.617235,0.775643,1.176603,1.225115,1.128523,1.078159,1.096906,1.084612,1.112963,1.085121,1.039376,0.978453,0.956728,0.985840,1.000020,0.939019,0.941961,0.978819,0.984871,0.812314,0.546282,0.525174,0.556722,0.539833,0.589641,0.549692,0.476962,0.528374,0.558836,0.491312,0.482076,0.686751,0.964590,1.005427,0.962092,0.969623,1.025018,1.068851,1.059466,1.068729,1.052054,1.071130,1.083452,0.956278,0.754669,0.737163,0.755021,0.790325,0.824452,0.863955,0.850658,0.840222,0.855727,0.896620,0.932179,0.951201,0.999072,1.011230,1.034004,1.045790,1.056737,1.138499,1.248858,1.278648,1.284738,1.321108,1.338049,1.356357,1.396402,1.361198,1.353413,1.347655,1.337008,1.342872,1.371491,1.329505,1.309843,1.324276,1.374220,1.256154,1.019130,0.979013,1.023885,1.054822,1.093410,0.874866,0.487681,0.436867,0.502916,0.488920,0.494162,0.498271,0.514038,0.499244,0.493098,0.486266,0.458132,0.459247,0.495153
0.505526,0.514679,0.535631,0.469175,0.435096,0.482877,0.513894,0.516430,0.515025,0.479501,0.458462,0.469105,0.476239,0.460984,0.447805,0.480714,0.485595,0.452321,0.451216,0.445884,0.436950,0.484837,0.467387,0.443301,0.459235,0.469005,0.432062,0.429159,0.446008,0.440901,0.443248,0.450318,0.405796,0.337126,0.535006,0.881248,0.921561,0.850610,0.839746,0.821816,0.779072,0.760790,0.743942,0.766457,0.699885,0.636883,0.827953,1.199268,1.182947,1.102586,1.079228,1.089552,1.081650,1.094745,1.088660,1.043284,0.978701,0.950661,0.967670,0.976167,0.927699,0.929213,0.959269,0.967211,0.790815,0.543121,0.569806,0.587945,0.549215,0.577003,0.576579,0.506156,0.503089,0.544280,0.526560,0.467145,0.623949,0.882350,1.025451,1.012000,0.983291,0.994433,1.017901,1.035267,1.121463,1.101872,1.068572,1.116001,0.991005,0.756683,0.739736,0.779348,0.783951,0.798203,0.825676,0.808036,0.848672,0.884813,0.918572,0.917508,0.926608,0.971528,1.011315,1.032605,1.051311,1.064360,1.142948,1.253231,1.273776,1.271998,1.314387,1.333624,1.360514,1.367091,1.361215,1.363511,1.361710,1.360272,1.368832,1.383022,1.340940,1.325702,1.346757,1.387059,1.254729,1.022506,0.993172,1.017773,1.035340,1.091567,0.860845,0.464790,0.458848,0.540641,0.506922,0.491684,0.469058,0.481462,0.491315,0.491078,0.480210,0.477361,0.501938,0.513194
0.493811,0.498873,0.501575,0.462560,0.437061,0.464809,0.489940,0.487624,0.462254,0.464747,0.458634,0.441546,0.452265,0.452793,0.434724,0.460073,0.485797,0.493611,0.473126,0.453356,0.436715,0.466161,0.467087,0.455132,0.451202,0.459249,0.451363,0.447051,0.464671,0.461634,0.440459,0.438615,0.421168,0.345379,0.531098,0.871816,0.911523,0.859422,0.875409,0.841936,0.776926,0.734210,0.740267,0.771178,0.713831,0.620281,0.826690,1.183883,1.151721,1.083622,1.092755,1.095446,1.076892,1.050804,1.063255,1.046066,1.018159,0.993601,0.966263,0.955507,0.939959,0.905686,0.894081,0.914436,0.764990,0.566611,0.557425,0.596453,0.577337,0.596742,0.573403,0.519855,0.550244,0.590243,0.562844,0.491164,0.657030,0.935686,1.014791,0.997214,1.051075,1.001409,0.995230,1.037045,1.116398,1.107672,1.065850,1.131350,0.992068,0.768486,0.758654,0.794530,0.780754,0.803191,0.820158,0.806124,0.879318,0.921258,0.912717,0.936083,0.971457,1.008242,1.023470,1.047055,1.063241,1.067049,1.144592,1.274784,1.298378,1.274320,1.290871,1.324988,1.362188,1.328400,1.344183,1.372658,1.390345,1.368450,1.375532,1.386883,1.366011,1.342685,1.373441,1.396042,1.258616,1.052466,0.995931,0.994705,1.019587,1.078079,0.860985,0.484674,0.467661,0.525289,0.487914,0.501047,0.478082,0.454771,0.497497,0.504742,0.482448,0.498243,0.516179,0.500148
0.479728,0.473353,0.493024,0.497040,0.466764,0.444793,0.468624,0.492952,0.485924,0.475607,0.479156,0.489762,0.495623,0.482527,0.468204,0.448021,0.470758,0.486707,0.470422,0.460598,0.490324,0.466454,0.463011,0.467681,0.446476,0.426771,0.436289,0.460407,0.482906,0.480255,0.464001,0.463144,0.439740,0.362614,0.562780,0.906657,0.930601,0.871572,0.882240,0.855772,0.815632,0.786563,0.760092,0.756164,0.737160,0.646062,0.847921,1.227077,1.232397,1.149505,1.144154,1.138807,1.123054,1.107593,1.113819,1.109237,1.093302,1.040162,1.017477,1.024298,1.012552,0.994150,0.999565,1.029922,0.869318,0.633437,0.606959,0.644001,0.619968,0.632732,0.608082,0.563237,0.592440,0.622157,0.616934,0.529935,0.689483,0.972545,1.033137,1.032957,1.084308,1.070276,1.052803,1.068385,1.092307,1.123253,1.133369,1.183819,1.004466,0.759172,0.779960,0.816782,0.788134,0.829600,0.859867,0.867789,0.939515,0.964856,0.969256,0.971500,0.993156,1.025961,1.044273,1.070663,1.095543,1.091929,1.164576,1.312979,1.328866,1.311910,1.316827,1.347948,1.388542,1.378746,1.394055,1.413499,1.433661,1.406781,1.389537,1.402722,1.408880,1.395553,1.390859,1.432216,1.297100,1.038247,1.001281,1.022316,1.019944,1.072622,0.863062,0.513645,0.478930,0.508198,0.480866,0.506372,0.505010,0.485173,0.521509,0.546961,0.522759,0.495451,0.485389,0.505334
0.464666,0.444706,0.480563,0.505420,0.468859,0.424470,0.447310,0.491459,0.493528,0.471510,0.463114,0.475738,0.472882,0.457603,0.449794,0.438267,0.451057,0.463188,0.432795,0.427312,0.480436,0.466483,0.442714,0.447830,0.436168,0.434925,0.436236,0.431152,0.448405,0.457821,0.448805,0.444564,0.416866,0.351270,0.555865,0.907813,0.924312,0.848697,0.856695,0.860361,0.814589,0.743010,0.737386,0.749115,0.729077,0.655838,0.852131,1.196641,1.202279,1.124862,1.115268,1.120136,1.118241,1.129781,1.096883,1.088351,1.094571,1.043333,1.009248,1.060888,1.050599,1.010212,1.010958,1.053208,0.887523,0.638135,0.671159,0.704734,0.642985,0.649055,0.644084,0.609644,0.579545,0.588997,0.566051,0.517897,0.693419,0.975424,1.040987,0.989975,1.029754,1.013656,0.995912,1.029277,1.016493,1.035167,1.093725,1.168995,1.011184,0.752022,0.752818,0.801040,0.799444,0.853207,0.849789,0.827026,0.887049,0.939767,0.928151,0.940071,0.957421,0.983349,1.012445,1.044365,1.069501,1.078734,1.158625,1.292303,1.313100,1.300597,1.318241,1.332337,1.367716,1.392452,1.354973,1.376977,1.404943,1.365964,1.343158,1.360425,1.386313,1.363933,1.334274,1.392533,1.257796,1.010162,1.007175,1.036329,1.019655,1.070216,0.857053,0.505453,0.462070,0.487792,0.464185,0.505514,0.513151,0.478481,0.491687,0.492883,0.493044,0.486535,0.478282,0.484353
0.372635,0.391402,0.385204,0.368928,0.385052,0.366933,0.362183,0.356886,0.388488,0.395445,0.390607,0.370111,0.363892,0.361928,0.367933,0.352464,0.333593,0.336195,0.365191,0.398022,0.376223,0.376646,0.367616,0.351549,0.335650,0.341507,0.345157,0.309778,0.309269,0.321955,0.302430,0.317005,0.326858,0.272380,0.407899,0.688932,0.705418,0.632542,0.571198,0.590835,0.607463,0.621251,0.601018,0.589784,0.578767,0.524088,0.638733,0.815139,0.843292,0.798156,0.788239,0.777830,0.831715,0.831612,0.813170,0.788590,0.800516,0.774587,0.729452,0.709819,0.748971,0.736602,0.725668,0.736148,0.590109,0.383958,0.332774,0.332317,0.337677,0.314692,0.328140,0.351908,0.361135,0.352510,0.320699,0.277321,0.420032,0.700024,0.704076,0.666404,0.680929,0.680732,0.731676,0.754471,0.765084,0.755485,0.784176,0.844941,0.673010,0.469136,0.462281,0.528408,0.537793,0.568764,0.580511,0.618789,0.661676,0.668678,0.652324,0.689226,0.700206,0.666829,0.668628,0.702817,0.704123,0.682212,0.844495,1.094082,1.128861,1.119039,1.144046,1.139087,1.155692,1.193160,1.200446,1.196248,1.166653,1.149692,1.147787,1.175741,1.183836,1.165977,1.192402,1.216897,1.081643,0.863815,0.854350,0.859976,0.867270,0.901915,0.711272,0.421758,0.357633,0.401090,0.416139,0.388572,0.378956,0.396624,0.367901,0.370706,0.365923,0.392088,0.386449,0.397108
0.383834,0.395140,0.366419,0.363615,0.359188,0.370711,0.363759,0.363175,0.387193,0.390360,0.379370,0.359154,0.366903,0.376348,0.372477,0.377897,0.354624,0.345687,0.359860,0.394558,0.364197,0.366558,0.368500,0.356557,0.325212,0.330080,0.371862,0.378700,0.356206,0.337381,0.294997,0.312132,0.337758,0.282777,0.414343,0.689744,0.705154,0.633237,0.595549,0.569268,0.596862,0.627307,0.597067,0.575513,0.552591,0.477822,0.608533,0.820363,0.835946,0.793075,0.798445,0.756042,0.789808,0.813021,0.811170,0.790203,0.793685,0.782449,0.756851,0.707879,0.719799,0.714000,0.705508,0.694357,0.540406,0.304763,0.269979,0.287313,0.282367,0.292679,0.303482,0.315947,0.346332,0.350520,0.330455,0.240242,0.371271,0.613154,0.661643,0.652533,0.683555,0.692200,0.712819,0.718634,0.755531,0.772960,0.766024,0.801091,0.671559,0.493475,0.462658,0.504395,0.508139,0.541201,0.549299,0.575330,0.615132,0.627553,0.612510,0.674914,0.694025,0.667552,0.669159,0.687866,0.676609,0.659798,0.832227,1.087325,1.116933,1.115039,1.130664,1.132150,1.143297,1.185603,1.208729,1.192048,1.164852,1.181460,1.192370,1.185554,1.187349,1.169530,1.200717,1.235793,1.087244,0.836006,0.848193,0.883793,0.878766,0.915920,0.714014,0.395548,0.349225,0.385369,0.392772,0.390992,0.378956,0.373903,0.382381,0.391686,0.384718,0.414217,0.386454,0.383570
0.485953,0.484098,0.502592,0.503321,0.475058,0.462600,0.477189,0.500098,0.480895,0.456611,0.459593,0.447638,0.466919,0.457628,0.443979,0.463507,0.484126,0.464692,0.441360,0.416576,0.455779,0.451127,0.449566,0.453714,0.450035,0.458907,0.458691,0.494476,0.498080,0.464966,0.423335,0.419501,0.435410,0.340095,0.533657,0.884779,0.928071,0.847155,0.879494,0.861081,0.802434,0.738297,0.744022,0.751422,0.703727,0.637833,0.852442,1.208923,1.202735,1.143686,1.160733,1.140231,1.100061,1.132279,1.092989,1.074976,1.047531,1.039159,1.015564,0.990813,0.956451,0.954924,0.942964,0.979378,0.789209,0.502204,0.473600,0.522526,0.501370,0.562212,0.551837,0.486449,0.453583,0.500103,0.522011,0.456677,0.606020,0.904697,1.018991,0.975992,1.000031,0.991509,0.955961,0.996118,1.045799,1.079700,1.083397,1.136370,1.016035,0.749050,0.765599,0.790333,0.799122,0.799739,0.814147,0.812884,0.835856,0.893671,0.922827,0.935069,0.962212,0.991897,1.013439,1.014003,0.998225,1.032037,1.136591,1.270225,1.307086,1.284096,1.290545,1.328798,1.358999,1.363097,1.366790,1.381162,1.402684,1.399461,1.386908,1.370011,1.380093,1.367643,1.338671,1.398018,1.258870,1.010119,1.001912,1.041993,1.031965,1.090343,0.880927,0.498066,0.467878,0.508963,0.477599,0.484841,0.488044,0.474714,0.514794,0.506993,0.487192,0.482698,0.473830,0.451759
0.478614,0.494053,0.501083,0.497508,0.457652,0.435904,0.483651,0.513418,0.462425,0.444463,0.463914,0.474378,0.471096,0.446215,0.453042,0.482477,0.474941,0.446217,0.455537,0.452439,0.447305,0.444498,0.450254,0.466965,0.478818,0.465645,0.437503,0.449146,0.448430,0.461338,0.442659,0.436059,0.423419,0.336547,0.533550,0.870005,0.921851,0.843803,0.841777,0.855637,0.810865,0.753720,0.763845,0.772103,0.719182,0.680872,0.879725,1.185939,1.192030,1.155378,1.173932,1.155857,1.145513,1.174674,1.088941,1.059744,1.073613,1.063824,1.046818,1.015641,0.970938,0.945430,0.915798,0.937448,0.807149,0.579073,0.568730,0.616855,0.595400,0.634822,0.614421,0.554970,0.511181,0.542913,0.568071,0.518472,0.691053,0.991530,1.034594,0.977903,0.997787,1.010321,0.990387,1.008970,1.042072,1.059605,1.063073,1.123915,0.996674,0.744577,0.779692,0.810374,0.808324,0.844260,0.852680,0.832944,0.856266,0.918298,0.961669,0.961281,0.948960,0.966990,1.007466,1.031327,1.032326,1.064198,1.146902,1.259933,1.291395,1.283287,1.308865,1.358314,1.365443,1.332574,1.376527,1.391175,1.391294,1.389317,1.396081,1.371803,1.394460,1.378152,1.347890,1.389744,1.274424,1.051221,1.014751,1.034540,1.041419,1.087298,0.874172,0.520115,0.472663,0.510179,0.479055,0.492705,0.474258,0.443199,0.494415,0.528863,0.487693,0.459059,0.461566,0.484300
0.488240,0.486105,0.481174,0.469317,0.457660,0.445556,0.445313,0.450597,0.450016,0.466362,0.479978,0.490212,0.450247,0.432845,0.466551,0.485280,0.474342,0.443720,0.468068,0.483812,0.452243,0.440605,0.448345,0.464328,0.456570,0.453723,0.460972,0.449126,0.416807,0.446840,0.453535,0.439383,0.387887,0.342065,0.563316,0.897640,0.936213,0.856776,0.836477,0.809459,0.808756,0.821054,0.803130,0.791780,0.746244,0.693814,0.880949,1.187674,1.179058,1.130955,1.190706,1.144310,1.115433,1.123831,1.066361,1.056167,1.065230,1.044630,1.029709,1.046307,1.015255,0.995187,0.967915,1.003183,0.841768,0.603870,0.582940,0.597002,0.580810,0.582891,0.585755,0.597057,0.592126,0.612903,0.633176,0.596487,0.742422,0.989583,0.983886,0.930246,0.947281,0.960749,0.978489,0.974464,0.986428,0.980550,1.004998,1.091680,0.973718,0.729782,0.737277,0.801270,0.801508,0.857484,0.868183,0.834510,0.866929,0.917190,0.922014,0.931567,0.933766,0.973144,1.016110,1.036621,1.027645,1.030057,1.127108,1.279225,1.298781,1.278046,1.301718,1.331479,1.357326,1.384000,1.369721,1.362698,1.368273,1.378662,1.357476,1.340470,1.363066,1.365948,1.368627,1.408119,1.268689,1.016480,0.992986,1.024690,1.041849,1.090494,0.862403,0.494008,0.445882,0.488549,0.469056,0.495131,0.470260,0.421462,0.480886,0.518058,0.476775,0.464991,0.486619,0.508375
0.550109,0.557280,0.514927,0.495179,0.509724,0.525751,0.493747,0.505097,0.528137,0.521192,0.516626,0.546675,0.517052,0.481915,0.488151,0.523990,0.508581,0.478651,0.490022,0.500902,0.494301,0.485487,0.475461,0.477256,0.483353,0.496440,0.492819,0.488681,0.468824,0.487719,0.478276,0.458249,0.415141,0.365383,0.607250,0.975550,0.986957,0.892805,0.872511,0.881003,0.877476,0.882901,0.841260,0.842946,0.797457,0.738584,0.929861,1.262082,1.243175,1.194233,1.236695,1.209859,1.172027,1.160502,1.146429,1.112530,1.075078,1.053118,1.105622,1.173119,1.181336,1.107463,1.098505,1.134577,0.970581,0.651931,0.595221,0.638768,0.634208,0.652939,0.662997,0.644502,0.595423,0.594272,0.632414,0.576050,0.726828,1.000495,1.025283,0.978304,0.976609,0.982621,1.039941,1.084304,1.092549,1.084580,1.127021,1.227892,1.100439,0.805334,0.792689,0.856216,0.877316,0.895520,0.887548,0.867947,0.916576,0.962385,0.976193,0.989986,1.008482,1.047999,1.050185,1.094002,1.117404,1.114856,1.193878,1.351217,1.364424,1.338493,1.382575,1.404487,1.456743,1.546115,1.532428,1.508572,1.514074,1.515405,1.487111,1.466036,1.509136,1.511096,1.504774,1.562943,1.381930,1.060945,1.062988,1.104424,1.119900,1.158480,0.916842,0.509410,0.472302,0.536360,0.522171,0.522054,0.489209,0.491033,0.518756,0.538719,0.511481,0.516125,0.531460,0.548768
0.566774,0.572646,0.528416,0.505109,0.526918,0.552830,0.519169,0.526722,0.531379,0.537246,0.518327,0.540051,0.531288,0.494306,0.479617,0.531728,0.522007,0.493691,0.497017,0.504123,0.489535,0.498677,0.495319,0.487228,0.514767,0.513602,0.515712,0.503050,0.478454,0.513632,0.500213,0.468518,0.439939,0.379065,0.593074,0.924462,0.965405,0.868134,0.817300,0.860785,0.863520,0.806557,0.784825,0.794498,0.761166,0.694062,0.886169,1.233912,1.212772,1.138677,1.183569,1.171751,1.152349,1.138989,1.077519,1.064633,1.023153,1.006101,1.078291,1.163162,1.167514,1.103786,1.102963,1.145191,0.962836,0.602995,0.535518,0.583749,0.607836,0.635829,0.597837,0.582318,0.567229,0.543327,0.542827,0.499905,0.695688,0.966929,1.008102,0.951265,0.937972,0.961558,1.033335,1.108794,1.128363,1.129387,1.171351,1.281062,1.097363,0.744661,0.718596,0.823648,0.872137,0.854720,0.850995,0.864662,0.921197,0.964536,0.975948,1.000649,1.038390,1.080912,1.053288,1.086177,1.117972,1.110027,1.172886,1.325216,1.344754,1.337867,1.397088,1.387505,1.446520,1.569130,1.590113,1.568629,1.547712,1.533387,1.554912,1.545062,1.571648,1.547647,1.542197,1.596827,1.405084,1.123420,1.104790,1.117930,1.094511,1.162571,0.912966,0.506916,0.488007,0.563692,0.553857,0.543645,0.504971,0.507541,0.526097,0.536817,0.528814,0.540121,0.550692,0.550564
0.398848,0.420979,0.437204,0.387575,0.370370,0.390132,0.402429,0.384270,0.368009,0.388541,0.397031,0.378465,0.396535,0.409871,0.410103,0.382506,0.348541,0.335935,0.381235,0.417207,0.374724,0.368177,0.390303,0.376716,0.348264,0.349581,0.369360,0.404123,0.405370,0.348260,0.322224,0.353690,0.357095,0.288598,0.426488,0.704947,0.712453,0.622778,0.582850,0.570414,0.596527,0.605291,0.596096,0.569767,0.547051,0.478833,0.622765,0.846331,0.854910,0.790566,0.775685,0.740376,0.784596,0.818648,0.807957,0.793912,0.801124,0.758592,0.740491,0.766157,0.778578,0.749107,0.743782,0.756207,0.566578,0.294028,0.281227,0.305416,0.310367,0.301828,0.307886,0.285595,0.328683,0.354026,0.299219,0.245031,0.365697,0.559079,0.658033,0.665048,0.710930,0.701696,0.750021,0.821821,0.870426,0.869795,0.865453,0.903783,0.720178,0.508318,0.487804,0.538694,0.533834,0.581404,0.607318,0.623949,0.636751,0.650367,0.669119,0.720916,0.719193,0.681095,0.691185,0.722904,0.732849,0.681327,0.853194,1.113342,1.156637,1.152713,1.143909,1.146554,1.196795,1.288721,1.296652,1.316456,1.304694,1.281438,1.294693,1.348188,1.308396,1.246858,1.288874,1.361244,1.211580,0.898667,0.871948,0.900735,0.898030,0.945850,0.732481,0.406142,0.397475,0.458167,0.422734,0.403117,0.411070,0.426771,0.396440,0.393051,0.409766,0.409570,0.394451,0.408918
0.441160,0.440547,0.438159,0.439045,0.426340,0.429134,0.465536,0.460542,0.445094,0.458037,0.455320,0.428967,0.451748,0.453371,0.433309,0.430196,0.397764,0.379171,0.405107,0.412101,0.385497,0.417010,0.415929,0.402017,0.388412,0.380725,0.396411,0.432660,0.431842,0.384231,0.344107,0.365814,0.374339,0.293216,0.436714,0.746371,0.743308,0.681815,0.659496,0.629574,0.629964,0.631446,0.633109,0.611411,0.582808,0.524642,0.657745,0.888556,0.917615,0.865850,0.835761,0.780261,0.795868,0.844273,0.844587,0.832435,0.829183,0.770334,0.759024,0.835265,0.861077,0.822424,0.801625,0.817236,0.613224,0.267739,0.243266,0.285836,0.235140,0.253783,0.283738,0.265559,0.261511,0.289836,0.272214,0.209772,0.332282,0.657483,0.727443,0.729991,0.772227,0.757323,0.829290,0.927072,0.978031,0.962714,0.968388,1.034111,0.843637,0.547324,0.518530,0.594631,0.589240,0.639529,0.656332,0.657539,0.662972,0.674099,0.680630,0.754631,0.750649,0.716788,0.728506,0.769146,0.775645,0.734268,0.924416,1.226177,1.229917,1.190992,1.226242,1.238241,1.293243,1.386767,1.387974,1.392038,1.388367,1.373076,1.380048,1.420802,1.410281,1.360418,1.383557,1.460616,1.285445,0.943317,0.917662,0.966621,0.972504,1.018963,0.800133,0.449433,0.409385,0.481314,0.457482,0.441813,0.461276,0.448158,0.426464,0.430134,0.443249,0.452985,0.428723,0.479268
0.626824,0.599001,0.544620,0.546593,0.583304,0.581189,0.607344,0.614648,0.565629,0.563071,0.537345,0.572070,0.559493,0.547529,0.508289,0.540416,0.560743,0.559395,0.537252,0.516090,0.504645,0.505079,0.496780,0.516085,0.542615,0.534615,0.560964,0.528433,0.510412,0.555016,0.543484,0.476334,0.446805,0.363791,0.577217,0.918188,0.956170,0.897391,0.897128,0.892039,0.843589,0.828629,0.806976,0.828019,0.789842,0.712255,0.882671,1.225692,1.224098,1.189468,1.198730,1.173245,1.129173,1.127066,1.108760,1.067783,1.005232,0.966361,1.063515,1.215754,1.283222,1.250315,1.218170,1.293918,1.000193,0.568615,0.490274,0.559929,0.578507,0.580438,0.542275,0.532681,0.555716,0.537241,0.498840,0.438514,0.670797,0.982921,1.007054,0.960988,0.948885,0.964770,1.064031,1.236676,1.290390,1.281892,1.314092,1.414752,1.212927,0.782934,0.786072,0.874941,0.951671,0.866434,0.863779,0.898789,0.938253,0.983056,1.033475,1.030418,1.055832,1.080620,1.081140,1.120560,1.138020,1.151662,1.217770,1.373013,1.352595,1.331445,1.423527,1.441729,1.527992,1.740314,1.710913,1.674541,1.700654,1.681432,1.724558,1.710185,1.718454,1.683100,1.693227,1.785115,1.537999,1.109226,1.098991,1.129172,1.120515,1.205553,0.930288,0.513244,0.471469,0.566709,0.564551,0.570899,0.520340,0.524767,0.579702,0.596738,0.563184,0.575949,0.605027,0.569018
0.610882,0.605179,0.576339,0.545763,0.546938,0.554227,0.575538,0.575431,0.543932,0.538512,0.524543,0.545891,0.553282,0.564357,0.518848,0.502171,0.507726,0.532757,0.523392,0.511300,0.514850,0.486397,0.501193,0.525837,0.543146,0.541007,0.538065,0.511602,0.515290,0.508508,0.501655,0.470413,0.454895,0.393925,0.593187,0.914280,0.946002,0.877710,0.876694,0.864096,0.825432,0.817729,0.767990,0.793611,0.802808,0.691553,0.854244,1.195346,1.202602,1.173700,1.161654,1.136256,1.103554,1.083440,1.084896,1.080406,1.031831,0.961833,1.044072,1.285034,1.366045,1.251809,1.218291,1.309819,1.009913,0.563406,0.535655,0.617041,0.621245,0.626212,0.587465,0.563209,0.592363,0.597115,0.551533,0.489001,0.689519,0.951022,0.994886,0.958516,0.970318,0.960196,1.094550,1.334152,1.330648,1.297817,1.390011,1.482954,1.224181,0.802818,0.802881,0.906843,0.921478,0.866280,0.866173,0.910457,0.942880,0.965612,1.030777,1.026483,1.038422,1.052733,1.085169,1.134999,1.156900,1.147071,1.196496,1.315936,1.332628,1.352095,1.386408,1.412047,1.559467,1.774972,1.773426,1.705016,1.755044,1.774062,1.786771,1.783025,1.785064,1.735234,1.748589,1.868738,1.598607,1.117111,1.059642,1.110824,1.114341,1.170130,0.938720,0.531809,0.517923,0.565627,0.537211,0.563018,0.550772,0.547221,0.566110,0.568821,0.535297,0.560899,0.565388,0.540534
0.556163,0.559375,0.541559,0.539521,0.524816,0.527155,0.549577,0.534595,0.513716,0.528535,0.538370,0.529332,0.556806,0.560042,0.530507,0.509957,0.499354,0.519973,0.513972,0.507828,0.502568,0.509265,0.525663,0.506575,0.528899,0.537919,0.509138,0.512511,0.523178,0.509874,0.481647,0.483889,0.487140,0.410917,0.578413,0.897020,0.928895,0.880450,0.882334,0.850473,0.810612,0.793235,0.759470,0.766816,0.757250,0.654902,0.829991,1.183316,1.226148,1.144195,1.119053,1.121994,1.093354,1.045700,1.058050,1.058496,1.000161,0.934787,1.029591,1.240026,1.244855,1.161469,1.190778,1.234307,0.984378,0.583913,0.535300,0.578483,0.557576,0.577017,0.533545,0.495690,0.507760,0.540621,0.546251,0.504137,0.680558,0.952955,0.993305,0.959060,0.968692,0.963824,1.121415,1.321992,1.301149,1.252871,1.313158,1.393654,1.149211,0.761062,0.770382,0.886048,0.862598,0.869201,0.884530,0.900384,0.899755,0.924921,0.981107,1.006577,1.007192,1.023744,1.059063,1.096549,1.109404,1.089904,1.152971,1.286519,1.302159,1.350997,1.380889,1.393392,1.522905,1.688325,1.713043,1.628512,1.654551,1.716315,1.691718,1.686453,1.709335,1.704889,1.684189,1.754696,1.522385,1.110750,1.040857,1.084017,1.121345,1.137405,0.915013,0.538476,0.538015,0.579900,0.562555,0.552962,0.571416,0.541831,0.538197,0.541526,0.544952,0.537111,0.528889,0.558385
0.535838,0.532618,0.536184,0.557044,0.537891,0.530091,0.552760,0.534066,0.498379,0.540780,0.560919,0.544231,0.537246,0.534083,0.516834,0.531908,0.535338,0.538397,0.518857,0.504887,0.509441,0.499770,0.500110,0.503632,0.519087,0.522579,0.490641,0.506746,0.537508,0.555672,0.509178,0.502201,0.478621,0.397784,0.576016,0.909998,0.941776,0.879436,0.860433,0.858625,0.847696,0.797686,0.773012,0.771119,0.750783,0.646438,0.824230,1.179865,1.215028,1.177825,1.163785,1.143671,1.094338,1.063965,1.061633,1.022836,0.974091,0.955411,1.074213,1.256913,1.240844,1.137517,1.159351,1.202676,0.967433,0.583426,0.519884,0.569498,0.603529,0.574676,0.515341,0.452687,0.474518,0.499764,0.502234,0.487459,0.652634,0.916794,0.953703,0.920581,0.916173,0.941432,1.071504,1.235472,1.295131,1.286228,1.310801,1.368553,1.133787,0.788859,0.780424,0.855234,0.834746,0.843448,0.880794,0.895157,0.914965,0.946255,0.983961,1.026361,1.036368,1.023170,1.094700,1.108298,1.085458,1.089182,1.188542,1.301648,1.333279,1.341251,1.368000,1.376575,1.489611,1.658056,1.661445,1.603768,1.647228,1.678567,1.649397,1.641013,1.686689,1.697321,1.671346,1.734855,1.510922,1.112476,1.065103,1.110565,1.111001,1.148896,0.928511,0.534376,0.525863,0.583721,0.565473,0.554071,0.572247,0.559297,0.550831,0.541995,0.556845,0.546172,0.545735,0.551770
0.517773,0.512659,0.536310,0.568135,0.549191,0.526796,0.554250,0.544381,0.516371,0.564659,0.593884,0.568496,0.535972,0.504288,0.490390,0.521713,0.521120,0.531440,0.528493,0.516744,0.507163,0.519410,0.524648,0.532719,0.514515,0.493048,0.483649,0.487501,0.494699,0.501287,0.496122,0.496076,0.464105,0.397238,0.590613,0.928695,0.962480,0.880409,0.845476,0.852157,0.842352,0.802151,0.777739,0.761137,0.720363,0.658632,0.861750,1.225825,1.208115,1.162715,1.178740,1.120100,1.069371,1.076558,1.029882,0.977739,0.959462,0.947096,1.043170,1.181621,1.182848,1.137177,1.137784,1.206780,0.971501,0.545787,0.473685,0.548049,0.577360,0.568609,0.534368,0.486708,0.495978,0.480338,0.470224,0.489232,0.667375,0.886837,0.914697,0.926294,0.955543,0.930690,1.035354,1.250053,1.321817,1.331507,1.354350,1.354775,1.108301,0.772238,0.754639,0.814431,0.821584,0.843849,0.871072,0.895225,0.948388,0.970116,0.984849,1.007543,1.016828,1.037480,1.091991,1.103725,1.087660,1.109350,1.227524,1.327289,1.383567,1.362819,1.342430,1.324081,1.478836,1.679139,1.646059,1.621817,1.680648,1.670348,1.634289,1.665627,1.685796,1.658599,1.655771,1.735108,1.514158,1.112097,1.062322,1.109088,1.115661,1.171795,0.933928,0.548277,0.533541,0.599116,0.554857,0.541989,0.559767,0.574179,0.564181,0.539681,0.547244,0.564677,0.547359,0.510362
0.385661,0.409861,0.436083,0.432316,0.407902,0.401976,0.442380,0.447251,0.450936,0.423261,0.414478,0.421185,0.417211,0.401834,0.404682,0.404977,0.367972,0.362310,0.385248,0.423921,0.410011,0.424642,0.387438,0.363634,0.378037,0.362219,0.383539,0.439342,0.432428,0.355922,0.323512,0.354849,0.335663,0.278355,0.448436,0.722968,0.728071,0.671586,0.667925,0.642764,0.620186,0.630212,0.633721,0.599608,0.554594,0.513855,0.642053,0.864076,0.866220,0.805545,0.812437,0.766705,0.799946,0.858626,0.828583,0.791526,0.762647,0.762305,0.767814,0.746089,0.748226,0.729839,0.719282,0.737161,0.562921,0.246853,0.208745,0.277465,0.241171,0.268255,0.288183,0.280786,0.280046,0.296918,0.254409,0.203575,0.334021,0.607069,0.703080,0.700987,0.738118,0.731081,0.777328,0.816862,0.826690,0.847396,0.870267,0.887478,0.742751,0.539281,0.501893,0.540184,0.533540,0.604673,0.639868,0.637521,0.636652,0.653920,0.656901,0.743717,0.755923,0.710309,0.702259,0.749758,0.774271,0.731998,0.887559,1.169931,1.211212,1.185911,1.194524,1.166257,1.205112,1.288258,1.279947,1.296331,1.292856,1.240144,1.248391,1.281947,1.259982,1.223519,1.265483,1.294114,1.155280,0.927030,0.891940,0.931761,0.927652,0.992632,0.796365,0.445012,0.398846,0.462779,0.418434,0.406931,0.427742,0.442531,0.411000,0.412359,0.412291,0.405250,0.384415,0.430155
0.428069,0.449727,0.474074,0.437706,0.417305,0.446088,0.498458,0.476100,0.426651,0.403316,0.407500,0.436891,0.456875,0.473672,0.434370,0.410710,0.389205,0.402284,0.418267,0.422929,0.417522,0.431563,0.402361,0.391448,0.396683,0.416859,0.439845,0.441445,0.449933,0.417930,0.391820,0.392677,0.371281,0.293824,0.460116,0.737878,0.727444,0.685376,0.740856,0.682835,0.648483,0.656394,0.658508,0.634844,0.588804,0.546483,0.654316,0.848585,0.857669,0.807701,0.820494,0.790723,0.846808,0.902451,0.833362,0.806691,0.800583,0.771846,0.809180,0.904562,0.955829,0.908366,0.880565,0.902160,0.664014,0.276907,0.232723,0.298016,0.271646,0.292687,0.309198,0.303577,0.302726,0.323994,0.294294,0.234142,0.367981,0.645695,0.729503,0.714453,0.722395,0.699098,0.779948,0.938451,0.962876,0.960956,0.977794,1.022665,0.844869,0.529137,0.496085,0.587892,0.600980,0.559596,0.585894,0.615459,0.630446,0.650878,0.676318,0.754160,0.750588,0.686470,0.692613,0.724124,0.757335,0.769275,0.925409,1.168083,1.195133,1.184250,1.253103,1.232195,1.302064,1.469849,1.504627,1.477509,1.469583,1.452273,1.477813,1.503641,1.475744,1.433144,1.461527,1.516578,1.315942,0.957983,0.912369,0.963010,0.959678,0.966602,0.752324,0.448374,0.431038,0.493703,0.440438,0.450806,0.460818,0.454076,0.437943,0.457497,0.440903,0.437952,0.454921,0.496700
0.551258,0.564923,0.548877,0.550260,0.553768,0.566301,0.545268,0.514283,0.493261,0.550033,0.561467,0.547374,0.560201,0.557261,0.514692,0.535930,0.529158,0.522453,0.544834,0.543068,0.522871,0.527771,0.516813,0.504562,0.514017,0.535059,0.504904,0.482183,0.484351,0.496644,0.540066,0.521622,0.475733,0.422651,0.608736,0.908622,0.929041,0.890189,0.886702,0.844616,0.837085,0.846457,0.804614,0.787301,0.757811,0.705005,0.902398,1.167990,1.170867,1.132417,1.124029,1.108862,1.062581,1.071577,1.026898,0.988945,1.000614,0.958375,1.079976,1.330908,1.355071,1.275028,1.299861,1.395064,1.111536,0.678918,0.605334,0.616939,0.632145,0.614636,0.584642,0.519817,0.519011,0.520161,0.584708,0.634663,0.767716,0.908540,0.904228,0.909151,0.911240,0.896490,1.059145,1.335081,1.421129,1.366541,1.371940,1.442292,1.194024,0.773109,0.776299,0.851441,0.825337,0.838670,0.836786,0.857691,0.924604,0.955484,0.996019,0.993813,0.986113,1.019648,1.104901,1.123131,1.088281,1.174433,1.253879,1.298563,1.315939,1.348767,1.362902,1.358464,1.524402,1.764433,1.764895,1.712692,1.794694,1.801811,1.769344,1.754225,1.776276,1.788949,1.769302,1.864909,1.582756,1.120312,1.069726,1.111195,1.105781,1.148255,0.929673,0.576549,0.578904,0.603037,0.557357,0.557378,0.589255,0.599863,0.574026,0.545380,0.557226,0.569687,0.571801,0.525275
0.538864,0.522677,0.548284,0.560160,0.549212,0.553843,0.534083,0.511926,0.509918,0.538980,0.551957,0.551611,0.530489,0.495341,0.502690,0.528486,0.526109,0.502298,0.504410,0.514460,0.529449,0.531498,0.496055,0.452608,0.497203,0.512459,0.476264,0.472811,0.482435,0.449755,0.479312,0.481209,0.432860,0.387375,0.576805,0.893442,0.916167,0.871431,0.857508,0.826735,0.821931,0.824776,0.782160,0.745000,0.706838,0.692267,0.883350,1.159534,1.178174,1.113338,1.076517,1.076099,1.039943,1.045300,1.007295,1.001603,0.999449,0.910321,1.005084,1.198786,1.187173,1.144922,1.152038,1.254584,1.018570,0.623833,0.517707,0.547718,0.535947,0.510962,0.488144,0.424773,0.423654,0.449035,0.450776,0.511631,0.649195,0.822672,0.843712,0.841115,0.861043,0.869668,1.005933,1.223850,1.285647,1.251343,1.264889,1.345317,1.122434,0.769355,0.794981,0.841388,0.789245,0.840208,0.862203,0.857796,0.893403,0.901764,0.971472,0.984359,0.981958,1.004179,1.045709,1.101112,1.127939,1.141893,1.196942,1.297762,1.303509,1.336329,1.359946,1.332533,1.463870,1.671543,1.683664,1.641367,1.656927,1.684131,1.682743,1.674076,1.680948,1.676196,1.671951,1.746781,1.510864,1.100544,1.043998,1.088726,1.083850,1.115542,0.919367,0.591948,0.551235,0.559690,0.521334,0.535322,0.575884,0.562891,0.523873,0.505590,0.534140,0.554597,0.548317,0.534166
0.530887,0.522887,0.540832,0.550138,0.548318,0.554648,0.591100,0.574616,0.512569,0.548315,0.592039,0.551484,0.509715,0.477495,0.506481,0.516375,0.518606,0.527678,0.537669,0.549697,0.562187,0.560491,0.497100,0.449099,0.496395,0.495034,0.456255,0.472981,0.503297,0.471607,0.477446,0.477111,0.417000,0.373781,0.569821,0.937007,0.938143,0.865502,0.849860,0.844330,0.851054,0.834002,0.784722,0.747273,0.706713,0.686248,0.884225,1.171986,1.225828,1.137863,1.060852,1.062038,1.083373,1.093936,1.054614,1.028229,0.981303,0.964901,1.056023,1.187937,1.186625,1.135802,1.130493,1.231997,1.014810,0.585620,0.470435,0.501169,0.503351,0.493380,0.471290,0.451363,0.448798,0.446358,0.408101,0.422446,0.625692,0.879000,0.880648,0.863115,0.925174,0.914487,1.002425,1.196210,1.227635,1.197035,1.228216,1.301925,1.080268,0.748740,0.770867,0.826557,0.795817,0.827129,0.857166,0.876094,0.884035,0.887338,0.933289,0.992917,1.006364,0.994233,0.998545,1.055283,1.119110,1.125645,1.201629,1.342488,1.337890,1.347787,1.361026,1.378978,1.507206,1.688079,1.692374,1.668792,1.671656,1.667657,1.694762,1.736186,1.684350,1.633539,1.646441,1.726608,1.508824,1.116355,1.080747,1.121815,1.107267,1.119136,0.908815,0.547117,0.511537,0.561983,0.563162,0.564703,0.585856,0.592194,0.547673,0.532715,0.550062,0.550059,0.524023,0.507570
0.528450,0.516690,0.515173,0.571176,0.574763,0.541351,0.579763,0.588686,0.520706,0.557643,0.581007,0.534446,0.490465,0.505247,0.528283,0.526956,0.506804,0.513143,0.531679,0.549991,0.542306,0.522370,0.479641,0.482390,0.475273,0.474071,0.473579,0.481601,0.475367,0.469105,0.487146,0.477917,0.414199,0.350516,0.567250,0.919834,0.956759,0.882897,0.860182,0.879642,0.864462,0.819004,0.784905,0.743318,0.688961,0.655524,0.870030,1.186915,1.201382,1.116378,1.064944,1.044938,1.077594,1.086658,1.033910,0.990870,0.993010,0.985270,1.037030,1.179949,1.208417,1.141545,1.122946,1.200951,0.997220,0.580165,0.492886,0.533565,0.534343,0.538760,0.521503,0.506639,0.524789,0.511215,0.478631,0.478455,0.667282,0.916252,0.931946,0.906771,0.925358,0.942097,1.057385,1.242139,1.217419,1.181915,1.238743,1.322333,1.112841,0.773977,0.750297,0.791546,0.788561,0.844186,0.876427,0.894619,0.938076,0.958323,0.913236,0.966534,1.000555,1.003503,1.016507,1.070081,1.144593,1.118504,1.199999,1.346464,1.355802,1.342765,1.355500,1.388573,1.527096,1.705719,1.714740,1.689236,1.681169,1.662633,1.652809,1.702514,1.677743,1.617890,1.631189,1.730232,1.505382,1.088935,1.064297,1.108835,1.090154,1.148504,0.936563,0.566739,0.510666,0.559726,0.555250,0.535076,0.572552,0.629775,0.589734,0.558511,0.557962,0.533893,0.499148,0.507379
0.535377,0.533738,0.532391,0.529373,0.537809,0.528124,0.550239,0.566087,0.545580,0.543182,0.536308,0.527797,0.527035,0.554470,0.545056,0.506054,0.501583,0.510351,0.506560,0.511809,0.514147,0.503772,0.480345,0.490127,0.516535,0.512011,0.471994,0.480211,0.470335,0.477273,0.502693,0.492855,0.424728,0.350398,0.592344,0.932908,0.973664,0.897116,0.867190,0.872794,0.850316,0.784968,0.768086,0.750582,0.709933,0.660303,0.863521,1.186808,1.172015,1.079952,1.079774,1.061022,1.054842,1.038074,0.997982,0.970077,0.966030,0.927242,1.007477,1.145310,1.145525,1.101332,1.125926,1.191127,0.978112,0.589571,0.518746,0.556897,0.549145,0.546194,0.543352,0.557903,0.564851,0.572831,0.547035,0.537148,0.691329,0.964178,0.966705,0.935358,0.932679,0.927737,1.056305,1.258883,1.213791,1.190119,1.272249,1.327831,1.121365,0.798942,0.751429,0.783430,0.804935,0.868760,0.892983,0.898321,0.948895,0.979851,0.941744,0.945825,0.978889,1.008347,1.028767,1.075810,1.160236,1.143732,1.203284,1.340538,1.372578,1.382217,1.401022,1.404771,1.506971,1.684685,1.699549,1.663282,1.649744,1.663945,1.650258,1.662923,1.670699,1.640887,1.622308,1.709079,1.480505,1.067249,1.038597,1.106922,1.084765,1.146755,0.940860,0.599132,0.541636,0.589814,0.564005,0.525304,0.542884,0.602853,0.572075,0.549761,0.555249,0.541036,0.518003,0.530023
0.482670,0.471746,0.446624,0.431083,0.434219,0.452014,0.462957,0.451366,0.443293,0.405085,0.391250,0.410340,0.438915,0.447102,0.413863,0.386739,0.387599,0.404244,0.412216,0.387183,0.388583,0.415691,0.395331,0.397286,0.398919,0.426618,0.417605,0.420286,0.449557,0.427517,0.387020,0.369278,0.368262,0.288828,0.448596,0.737170,0.736072,0.693323,0.717447,0.639099,0.627028,0.633126,0.604148,0.587953,0.575195,0.529335,0.634062,0.848362,0.843978,0.809782,0.829802,0.793359,0.794388,0.827538,0.825416,0.811830,0.803464,0.783060,0.789408,0.899428,0.977324,0.938411,0.876293,0.889324,0.631072,0.248990,0.223495,0.296204,0.302420,0.296630,0.290755,0.270291,0.294382,0.341028,0.313445,0.226879,0.338996,0.623519,0.731693,0.715999,0.726405,0.690488,0.766072,0.957609,1.013920,0.994079,1.024241,1.083822,0.879158,0.539836,0.506761,0.587417,0.604146,0.599398,0.620761,0.641564,0.659145,0.674212,0.716309,0.740348,0.726463,0.698471,0.703175,0.733818,0.752001,0.761825,0.930182,1.170396,1.212919,1.204827,1.255583,1.237958,1.322464,1.479517,1.504262,1.481390,1.465834,1.486130,1.483632,1.459725,1.515016,1.489322,1.470311,1.544117,1.339219,0.926064,0.895562,0.952658,0.947604,0.986922,0.772132,0.439706,0.424175,0.481659,0.412964,0.439126,0.465594,0.436499,0.416019,0.444010,0.451785,0.463740,0.504824,0.512165
0.464635,0.454301,0.426558,0.433120,0.445472,0.439517,0.455465,0.474692,0.472245,0.437067,0.414790,0.400320,0.414194,0.427127,0.427369,0.409753,0.408957,0.417183,0.410526,0.402624,0.433831,0.424179,0.386299,0.370927,0.360190,0.392795,0.416104,0.405565,0.422081,0.406463,0.386252,0.381489,0.377236,0.291477,0.450813,0.740346,0.729935,0.678098,0.703631,0.624265,0.609453,0.644925,0.626760,0.582202,0.549233,0.546985,0.668446,0.853512,0.849888,0.816951,0.824212,0.782104,0.789611,0.833674,0.811849,0.781404,0.780516,0.783011,0.837191,0.953298,0.976210,0.933472,0.941247,0.968348,0.703132,0.282151,0.283149,0.344336,0.314511,0.321618,0.301791,0.274624,0.317769,0.334068,0.302154,0.285950,0.379967,0.596958,0.696852,0.686675,0.683233,0.669335,0.792878,0.946774,1.017329,1.018104,1.052735,1.111647,0.874361,0.534499,0.504214,0.574087,0.580091,0.577542,0.625415,0.660272,0.669034,0.652813,0.689220,0.735383,0.724320,0.684503,0.715113,0.773375,0.769777,0.780964,0.955132,1.158771,1.183513,1.189462,1.223556,1.225181,1.322583,1.490234,1.514183,1.508353,1.504390,1.479254,1.466784,1.510374,1.520063,1.482146,1.473063,1.566122,1.345838,0.924005,0.912259,0.959491,0.930431,0.960960,0.771209,0.453025,0.423343,0.456610,0.436097,0.469616,0.478110,0.480227,0.447829,0.436447,0.455169,0.486407,0.502810,0.471447
0.519915,0.542781,0.521207,0.525418,0.536540,0.517178,0.538482,0.564868,0.552880,0.571040,0.541470,0.507615,0.480071,0.516896,0.529820,0.528007,0.532579,0.544442,0.513755,0.510065,0.524522,0.544221,0.502506,0.454473,0.474753,0.482956,0.454451,0.454676,0.446112,0.464599,0.510074,0.499293,0.443504,0.367571,0.591507,0.948618,0.943900,0.854747,0.824661,0.849017,0.839640,0.820565,0.777578,0.732705,0.700669,0.668978,0.886885,1.195306,1.186862,1.095625,1.067071,1.062921,1.060756,1.071396,1.022606,0.995937,0.961739,0.958780,1.071070,1.191944,1.166195,1.117639,1.170228,1.245127,1.011852,0.627388,0.526106,0.574814,0.566426,0.572136,0.532086,0.453410,0.485823,0.507281,0.465204,0.500319,0.706696,0.898029,0.890108,0.866770,0.858155,0.902653,1.029479,1.191013,1.183060,1.203072,1.291998,1.329726,1.112711,0.774037,0.769735,0.795166,0.769417,0.830927,0.873180,0.898207,0.912030,0.941292,0.917518,0.947634,0.974720,1.012594,1.059070,1.091261,1.149138,1.144023,1.189415,1.323191,1.361284,1.368791,1.360472,1.382556,1.522877,1.668927,1.674592,1.658214,1.680860,1.652564,1.648726,1.675792,1.671771,1.631738,1.637743,1.731591,1.492665,1.077599,1.064457,1.109996,1.054606,1.123755,0.945257,0.596169,0.512863,0.555181,0.598082,0.553773,0.552863,0.575219,0.550350,0.523768,0.547228,0.563910,0.538180,0.503537
0.544329,0.522636,0.520785,0.550164,0.560157,0.541980,0.533766,0.546615,0.547223,0.553135,0.525391,0.484744,0.480873,0.486005,0.524366,0.535192,0.532260,0.525032,0.506742,0.499463,0.503420,0.527977,0.534263,0.512064,0.519653,0.493990,0.466308,0.485235,0.479144,0.461361,0.464223,0.465413,0.433118,0.347381,0.560434,0.934280,0.934193,0.838933,0.829672,0.850048,0.854847,0.840164,0.778680,0.750680,0.729541,0.653505,0.841585,1.172797,1.184032,1.105789,1.080437,1.081530,1.063844,1.014884,0.995237,1.011083,0.976001,0.931765,1.024909,1.178367,1.196879,1.137687,1.131205,1.197583,0.971605,0.586840,0.494804,0.570514,0.599584,0.609896,0.513947,0.402093,0.422884,0.443726,0.403062,0.404096,0.655187,0.918199,0.892927,0.863109,0.904680,0.928160,1.014671,1.162282,1.186332,1.194640,1.238454,1.305180,1.108250,0.756870,0.746128,0.815699,0.806946,0.829651,0.832452,0.836211,0.898165,0.932469,0.906391,0.913344,0.980105,1.020947,1.034345,1.064141,1.095558,1.108432,1.181125,1.315757,1.372206,1.399271,1.403783,1.372154,1.498933,1.649706,1.658590,1.630685,1.657631,1.637881,1.623815,1.612148,1.672745,1.639919,1.636632,1.709263,1.491219,1.090153,1.053681,1.094002,1.077348,1.141150,0.939230,0.567403,0.493725,0.539741,0.560190,0.556963,0.540677,0.519239,0.540611,0.549856,0.544217,0.551720,0.563243,0.554647
0.549562,0.531314,0.519021,0.528630,0.557105,0.560421,0.543142,0.544165,0.550653,0.541004,0.527698,0.518401,0.510405,0.532164,0.527939,0.520386,0.510311,0.497948,0.501781,0.521940,0.537040,0.522600,0.499029,0.503822,0.499660,0.502229,0.505499,0.522067,0.495816,0.468549,0.489145,0.488752,0.444776,0.368737,0.578362,0.937870,0.945353,0.870574,0.869968,0.845757,0.839540,0.834250,0.779641,0.746424,0.744673,0.685392,0.864758,1.175541,1.182819,1.131535,1.136930,1.114535,1.058726,1.023858,1.015363,1.020497,1.000192,0.968851,1.036122,1.171836,1.208480,1.157108,1.141779,1.173529,0.923515,0.535531,0.514029,0.608378,0.605447,0.576716,0.521284,0.536419,0.556620,0.557416,0.516928,0.494555,0.688579,0.945790,0.929279,0.908188,0.960743,0.948329,1.019805,1.185732,1.224276,1.218364,1.260547,1.328281,1.128253,0.777645,0.711775,0.795857,0.845178,0.857969,0.864791,0.892043,0.942645,0.968671,0.930154,0.928415,0.993220,1.033779,1.044777,1.075652,1.108253,1.125896,1.226746,1.343398,1.361730,1.371489,1.379794,1.372782,1.497193,1.688132,1.691995,1.657958,1.648162,1.658939,1.643601,1.635163,1.694256,1.682554,1.644651,1.717824,1.502360,1.090203,1.048151,1.098426,1.093068,1.159547,0.944739,0.543948,0.503471,0.558112,0.541606,0.557160,0.577165,0.595893,0.564407,0.546529,0.541897,0.549014,0.564797,0.548330
0.528913,0.539974,0.556184,0.554083,0.570462,0.546681,0.555535,0.556802,0.538574,0.536277,0.533964,0.498662,0.501934,0.524844,0.508422,0.482045,0.467484,0.480013,0.508204,0.527853,0.528561,0.500515,0.490864,0.499958,0.503913,0.520435,0.513518,0.494072,0.481021,0.504242,0.536337,0.539811,0.464139,0.389355,0.596324,0.957614,0.948356,0.879989,0.905350,0.874412,0.841744,0.822828,0.765763,0.750002,0.748560,0.683871,0.853302,1.172163,1.182415,1.097244,1.092113,1.080481,1.053075,1.041144,1.023206,1.023664,1.013436,0.961725,1.021873,1.161305,1.190065,1.135200,1.124861,1.180506,0.945160,0.563403,0.535360,0.575366,0.543683,0.526474,0.510278,0.527210,0.559667,0.562877,0.533153,0.549066,0.714703,0.957636,0.956247,0.935193,0.969382,0.947822,1.025900,1.191173,1.234615,1.228593,1.267537,1.348730,1.147430,0.794855,0.711644,0.779384,0.834937,0.847925,0.852929,0.854630,0.914347,0.950084,0.937719,0.945891,0.979422,1.022949,1.074746,1.100489,1.122409,1.121735,1.218151,1.353142,1.353290,1.359611,1.395336,1.379002,1.481534,1.653244,1.669961,1.654642,1.647263,1.645583,1.652552,1.658143,1.694567,1.671506,1.628594,1.706892,1.489117,1.070173,1.053047,1.093662,1.072525,1.144687,0.963795,0.590924,0.515594,0.556294,0.559901,0.570035,0.580722,0.565342,0.565579,0.549393,0.541415,0.544009,0.565652,0.556739
0.525405,0.528737,0.572036,0.565025,0.543438,0.537627,0.546088,0.530403,0.519489,0.536727,0.543587,0.519295,0.517246,0.493702,0.489898,0.487361,0.494869,0.481070,0.497924,0.511509,0.499508,0.495056,0.504051,0.510285,0.529851,0.530189,0.517743,0.497843,0.478960,0.493955,0.520954,0.549409,0.487651,0.404332,0.608314,0.951286,0.946108,0.886182,0.892309,0.853673,0.836080,0.833144,0.787810,0.766281,0.735133,0.656485,0.860029,1.197039,1.198241,1.108620,1.112648,1.101818,1.060730,1.048386,1.049397,1.044343,0.992840,0.924695,1.013591,1.197595,1.250571,1.159227,1.112019,1.176504,0.961131,0.557662,0.560507,0.601051,0.568645,0.546786,0.529184,0.501561,0.462007,0.486432,0.487193,0.496601,0.656932,0.910081,0.930678,0.943952,0.989378,0.978547,1.041837,1.195195,1.251560,1.245030,1.272630,1.369559,1.155023,0.763291,0.702295,0.790051,0.840159,0.822826,0.842797,0.881585,0.879687,0.892270,0.968653,0.978655,1.003036,1.037976,1.083770,1.116454,1.127771,1.102410,1.187736,1.339981,1.365784,1.377477,1.407469,1.366417,1.447281,1.629551,1.657755,1.635974,1.639077,1.667321,1.674473,1.669841,1.687038,1.668759,1.635403,1.686541,1.455978,1.064598,1.056283,1.095446,1.063543,1.119041,0.940951,0.567230,0.515847,0.565219,0.566445,0.562937,0.560218,0.528967,0.536744,0.529122,0.555204,0.552135,0.559055,0.572663
0.447108,0.439927,0.457718,0.464920,0.442150,0.434821,0.454174,0.467112,0.454124,0.430403,0.402790,0.423512,0.460533,0.481195,0.438997,0.431876,0.423182,0.403126,0.417573,0.408474,0.406722,0.409194,0.402682,0.385012,0.397054,0.404201,0.395341,0.399827,0.404943,0.387082,0.373082,0.395942,0.393813,0.312265,0.447906,0.698977,0.682340,0.667361,0.719764,0.635081,0.603324,0.638465,0.640817,0.593488,0.529634,0.503585,0.624772,0.844973,0.832631,0.779164,0.786186,0.760594,0.771864,0.807860,0.793343,0.772530,0.753901,0.741732,0.812282,0.918254,0.948155,0.911790,0.954422,0.985640,0.732327,0.309144,0.262993,0.321205,0.308748,0.306802,0.273734,0.272074,0.289075,0.287191,0.261845,0.247510,0.378408,0.579273,0.671302,0.680523,0.676319,0.678670,0.797871,0.955723,1.007610,0.981467,1.021125,1.105784,0.876750,0.517309,0.519217,0.612286,0.591366,0.562126,0.607650,0.662222,0.654298,0.640987,0.683418,0.740629,0.721659,0.704772,0.709484,0.756364,0.760718,0.767547,0.941767,1.172025,1.166618,1.161764,1.222366,1.212177,1.301806,1.472643,1.491992,1.475814,1.502847,1.504528,1.476399,1.501525,1.486529,1.468739,1.480750,1.555043,1.309697,0.923190,0.898022,0.915922,0.881118,0.965345,0.771483,0.460451,0.419072,0.472773,0.449249,0.431436,0.442958,0.462324,0.414589,0.432697,0.457574,0.443493,0.453114,0.495777
0.441993,0.462273,0.444546,0.440706,0.436811,0.446877,0.431234,0.438888,0.422812,0.394933,0.383054,0.386896,0.414923,0.439864,0.458813,0.417067,0.413809,0.418580,0.415797,0.403993,0.416872,0.434142,0.409830,0.374720,0.417068,0.415565,0.386705,0.399322,0.397897,0.390916,0.400640,0.410454,0.352970,0.291662,0.438937,0.686845,0.701218,0.672105,0.692957,0.612010,0.588896,0.644355,0.619797,0.565548,0.526437,0.528644,0.670481,0.853455,0.839426,0.769352,0.751360,0.757514,0.784029,0.794792,0.753300,0.733944,0.743733,0.739129,0.805431,0.908544,0.937377,0.948642,0.980878,1.014198,0.718423,0.287450,0.239792,0.298782,0.283460,0.277079,0.262050,0.304304,0.291374,0.285016,0.263188,0.237853,0.383664,0.612698,0.652302,0.656517,0.688590,0.681791,0.781752,0.948150,0.969522,0.944680,0.989511,1.080223,0.874363,0.527251,0.499315,0.552772,0.543496,0.555828,0.588773,0.614534,0.633738,0.650962,0.680247,0.730867,0.719150,0.682898,0.694267,0.744871,0.770965,0.791718,0.951857,1.166311,1.179497,1.177759,1.231824,1.207491,1.291464,1.480457,1.472779,1.464719,1.514799,1.509385,1.484786,1.490277,1.480835,1.450262,1.459563,1.531745,1.305522,0.904551,0.879150,0.925826,0.911465,0.970898,0.771871,0.476803,0.426806,0.470872,0.458306,0.449927,0.454618,0.463917,0.471894,0.462946,0.448949,0.438283,0.449938,0.466369
0.527092,0.511510,0.512312,0.534633,0.580128,0.566257,0.528524,0.495891,0.527282,0.532337,0.533783,0.484132,0.472348,0.464528,0.495212,0.520076,0.514567,0.524771,0.510019,0.504128,0.508391,0.511028,0.521828,0.542416,0.545125,0.518967,0.497408,0.504432,0.514181,0.512440,0.521234,0.513837,0.466308,0.398598,0.602541,0.932071,0.970847,0.886846,0.866541,0.827292,0.828281,0.831038,0.739381,0.723395,0.749105,0.668394,0.875282,1.213733,1.226877,1.142845,1.127345,1.100723,1.075650,1.069685,0.994202,0.962876,0.957160,0.897622,0.975745,1.168846,1.216487,1.156508,1.116728,1.165174,0.925968,0.527348,0.521105,0.600849,0.590087,0.528090,0.535689,0.512623,0.468014,0.474108,0.506838,0.508422,0.703754,0.969818,0.940148,0.937944,1.027250,0.997168,1.036083,1.191725,1.238215,1.238692,1.281674,1.379249,1.165357,0.765658,0.657365,0.739302,0.826075,0.838086,0.855348,0.882849,0.897049,0.931927,0.984437,0.982152,1.001419,1.034074,1.059369,1.096230,1.135944,1.114397,1.189287,1.358901,1.378082,1.381905,1.401957,1.378522,1.470537,1.640764,1.663076,1.657977,1.668905,1.659958,1.662847,1.657555,1.686479,1.670672,1.664576,1.703709,1.458007,1.047075,1.029295,1.099834,1.105494,1.133809,0.914004,0.524907,0.516637,0.579287,0.563661,0.558444,0.571783,0.550750,0.572800,0.553700,0.550746,0.533638,0.543454,0.531793
0.524361,0.491679,0.515622,0.537119,0.563354,0.580823,0.541351,0.532589,0.568780,0.538179,0.514699,0.517827,0.546750,0.514212,0.485334,0.529798,0.535152,0.518963,0.493600,0.498033,0.494153,0.501470,0.525151,0.561667,0.529265,0.499645,0.499906,0.492038,0.494080,0.516248,0.503505,0.500391,0.480853,0.406572,0.598816,0.932093,0.967293,0.893094,0.893783,0.870675,0.845663,0.831295,0.779808,0.778368,0.767088,0.679934,0.865001,1.196946,1.222147,1.166571,1.177074,1.109248,1.077820,1.092366,1.046280,1.002304,0.959359,0.906802,0.998192,1.180238,1.187019,1.117994,1.092643,1.163031,0.949131,0.578266,0.539528,0.601402,0.578847,0.506976,0.523077,0.493813,0.477785,0.492717,0.533303,0.527256,0.698846,0.958471,0.940831,0.933763,0.982254,0.959669,1.027355,1.196950,1.254851,1.254604,1.297692,1.411851,1.195137,0.786347,0.719529,0.822569,0.832365,0.822316,0.846899,0.883103,0.893803,0.926778,0.984804,0.944561,0.966200,1.013224,1.061770,1.058189,1.083552,1.100771,1.208186,1.352596,1.378581,1.374321,1.383599,1.398639,1.496966,1.640372,1.657443,1.651303,1.656882,1.664984,1.656426,1.651509,1.675422,1.669180,1.677425,1.706975,1.454739,1.072883,1.041661,1.089132,1.086646,1.147185,0.910691,0.512588,0.508259,0.590879,0.582531,0.553419,0.551322,0.545960,0.546593,0.559876,0.566617,0.536531,0.535817,0.573306
0.557365,0.537955,0.518907,0.520950,0.513113,0.533676,0.524195,0.526323,0.518452,0.519268,0.529398,0.523195,0.555087,0.553077,0.524545,0.525060,0.517541,0.505989,0.506825,0.517510,0.514265,0.494511,0.488241,0.503071,0.490709,0.490307,0.488672,0.479970,0.491601,0.532002,0.499552,0.503096,0.478773,0.385973,0.571348,0.908524,0.949171,0.912230,0.927590,0.892266,0.850715,0.843185,0.800643,0.770885,0.737566,0.695077,0.899946,1.225302,1.204997,1.165958,1.214838,1.146346,1.087358,1.079453,1.095403,1.067062,1.002460,0.960141,1.029629,1.174456,1.222527,1.174337,1.156797,1.217318,0.966722,0.574449,0.533198,0.563455,0.551984,0.505156,0.504611,0.518041,0.514037,0.537203,0.537029,0.529571,0.722394,0.975683,0.972583,0.952656,0.983292,0.915919,1.012080,1.224442,1.289564,1.250530,1.270397,1.396299,1.204070,0.796878,0.771268,0.835658,0.801066,0.826421,0.879710,0.920199,0.942324,0.977957,0.968283,1.001139,1.011276,1.021120,1.062290,1.107528,1.111816,1.141894,1.251614,1.365096,1.380309,1.361042,1.364287,1.391859,1.494818,1.647997,1.655764,1.637714,1.639960,1.663668,1.659697,1.656081,1.658659,1.646650,1.672095,1.719253,1.467678,1.062749,1.046715,1.100003,1.089133,1.127278,0.918005,0.553946,0.522409,0.593363,0.582035,0.566141,0.544595,0.528330,0.520408,0.565294,0.602326,0.578103,0.560600,0.555466
0.535641,0.552039,0.561573,0.534600,0.508549,0.522068,0.512735,0.487890,0.474159,0.535286,0.573150,0.539057,0.549145,0.536796,0.506578,0.519454,0.517172,0.490482,0.514779,0.523727,0.509746,0.488016,0.488282,0.500037,0.486894,0.468122,0.470462,0.452070,0.477608,0.531094,0.501804,0.479810,0.458598,0.409240,0.614391,0.920553,0.945704,0.905952,0.921199,0.881243,0.846046,0.832262,0.761171,0.742221,0.738650,0.664498,0.864694,1.217782,1.198052,1.138942,1.170358,1.094854,1.058549,1.054166,1.061856,1.054653,1.018807,0.969394,1.041383,1.218604,1.267085,1.202925,1.201363,1.259987,1.024688,0.638224,0.601610,0.616703,0.592309,0.593566,0.552462,0.530640,0.524599,0.546055,0.543338,0.545471,0.708377,0.967191,1.027286,0.999797,0.984999,0.947975,1.057593,1.245577,1.304450,1.242260,1.257814,1.377461,1.175476,0.767861,0.734341,0.821376,0.812433,0.813763,0.850338,0.913428,0.929597,0.956250,0.979751,1.037684,1.074904,1.056388,1.052058,1.069896,1.124779,1.109640,1.200702,1.336257,1.371578,1.366358,1.364969,1.382792,1.488376,1.662306,1.669248,1.636517,1.650867,1.672494,1.667503,1.659919,1.640094,1.636478,1.665761,1.721254,1.461106,1.042460,1.037732,1.103162,1.089422,1.121580,0.904028,0.552983,0.533000,0.597740,0.580824,0.571999,0.531447,0.508976,0.511865,0.572471,0.601274,0.571070,0.543371,0.543225
0.528452,0.531151,0.552106,0.536844,0.527491,0.551291,0.526085,0.485843,0.479469,0.539385,0.580900,0.567630,0.569990,0.545521,0.524190,0.518995,0.521747,0.516219,0.520755,0.525628,0.507604,0.486667,0.491219,0.509246,0.523774,0.485566,0.476946,0.495424,0.489863,0.495630,0.489673,0.485740,0.450267,0.394573,0.574989,0.902406,0.932478,0.889814,0.885461,0.862308,0.829648,0.803134,0.739875,0.730816,0.754412,0.670594,0.867555,1.226569,1.205568,1.127298,1.150206,1.134932,1.081768,1.084313,1.072390,1.036988,0.992946,0.956253,1.038823,1.205879,1.242498,1.204493,1.217879,1.225890,0.977501,0.615789,0.592465,0.667266,0.634199,0.627723,0.566051,0.522110,0.518476,0.525889,0.523612,0.493706,0.634207,0.917709,0.972105,0.951150,0.936497,0.906850,1.034144,1.229641,1.271128,1.211422,1.226820,1.353725,1.140146,0.736146,0.744291,0.830786,0.838839,0.827673,0.866617,0.911754,0.925754,0.941455,0.979579,1.012707,1.046688,1.057834,1.056035,1.059250,1.104140,1.080941,1.175841,1.346927,1.394173,1.395149,1.383304,1.395563,1.533862,1.669020,1.658427,1.617111,1.652188,1.693554,1.682416,1.651957,1.649398,1.638548,1.644610,1.695629,1.462804,1.066378,1.039261,1.085067,1.110609,1.147690,0.916612,0.526080,0.518298,0.589592,0.567566,0.544986,0.529663,0.521168,0.504997,0.537582,0.568920,0.535763,0.514908,0.539871
0.418677,0.432340,0.436612,0.442715,0.445770,0.460133,0.439764,0.458019,0.474480,0.441850,0.399992,0.401581,0.415383,0.439626,0.466580,0.423758,0.422856,0.458781,0.424394,0.388459,0.425921,0.433566,0.434683,0.376246,0.409696,0.415938,0.413872,0.404253,0.391162,0.364663,0.383083,0.405697,0.361055,0.292138,0.452731,0.711081,0.722959,0.675795,0.679091,0.633798,0.631439,0.630509,0.617047,0.578619,0.545243,0.537807,0.656042,0.839539,0.866492,0.797740,0.792555,0.769770,0.800110,0.823341,0.775614,0.756534,0.772523,0.776960,0.852570,0.935626,0.939826,0.924051,0.953689,1.005966,0.744446,0.344267,0.293890,0.340316,0.328156,0.347227,0.303495,0.290802,0.277361,0.296879,0.301161,0.295444,0.399659,0.595792,0.628014,0.619734,0.637713,0.646040,0.764666,0.941927,0.953049,0.952616,0.994294,1.079900,0.860013,0.516398,0.476932,0.562852,0.574102,0.582766,0.609040,0.621844,0.622104,0.632506,0.659139,0.714832,0.694539,0.666157,0.708718,0.773783,0.764789,0.802761,0.953081,1.155510,1.216921,1.214867,1.228297,1.234378,1.331057,1.476926,1.477111,1.490359,1.523077,1.511386,1.474245,1.489923,1.495553,1.478294,1.481068,1.579248,1.345813,0.943953,0.906056,0.941135,0.919849,0.985410,0.779701,0.463217,0.404363,0.461782,0.448604,0.450065,0.464185,0.472580,0.464807,0.437373,0.425662,0.441771,0.484984,0.518173
0.404142,0.423200,0.452856,0.443757,0.430416,0.438999,0.424459,0.418561,0.464660,0.434655,0.395497,0.392256,0.416147,0.432962,0.418121,0.419189,0.410969,0.426569,0.425181,0.403301,0.410712,0.411108,0.433381,0.388871,0.397654,0.403031,0.414241,0.401462,0.398568,0.391138,0.390405,0.383195,0.343322,0.274188,0.421336,0.707632,0.723092,0.665779,0.641680,0.605210,0.594961,0.638162,0.605609,0.569300,0.543841,0.515450,0.656167,0.869982,0.888724,0.804989,0.757910,0.736898,0.742774,0.739344,0.714432,0.691951,0.712835,0.710218,0.785936,0.905527,0.945158,0.885367,0.902666,0.947766,0.711016,0.285838,0.284468,0.336023,0.277528,0.272789,0.253479,0.254111,0.239411,0.240100,0.258288,0.217989,0.349293,0.559105,0.608173,0.611958,0.612888,0.644722,0.753371,0.901706,0.933120,0.946201,0.999630,1.063402,0.843385,0.503034,0.441186,0.512839,0.538402,0.579006,0.597588,0.603262,0.624901,0.634368,0.641299,0.685576,0.684960,0.672758,0.702274,0.757603,0.773763,0.802067,0.927999,1.118703,1.181378,1.192364,1.196563,1.220926,1.316109,1.453700,1.462246,1.477413,1.500406,1.466831,1.452380,1.469498,1.467701,1.454356,1.487656,1.572269,1.311592,0.876148,0.849937,0.905131,0.888861,0.976568,0.775208,0.446585,0.393949,0.455491,0.455424,0.453028,0.471490,0.486365,0.480479,0.434056,0.418690,0.435507,0.454998,0.439571
0.529674,0.528215,0.534006,0.525174,0.523284,0.535763,0.506736,0.497703,0.523668,0.527554,0.534123,0.542154,0.572688,0.555456,0.533721,0.519312,0.504715,0.492200,0.522097,0.572077,0.525331,0.497145,0.488121,0.537114,0.491031,0.466735,0.468588,0.505077,0.531899,0.542968,0.496298,0.484061,0.460795,0.380598,0.571570,0.909403,0.927321,0.873416,0.880537,0.855957,0.816360,0.776321,0.751709,0.764515,0.780988,0.671495,0.875340,1.250193,1.217774,1.144187,1.142630,1.101952,1.034419,1.025332,1.012610,0.995800,0.945629,0.853338,0.963218,1.202022,1.226905,1.157955,1.134081,1.163156,0.911249,0.506315,0.462498,0.528301,0.494149,0.486219,0.492208,0.484440,0.454012,0.460479,0.463873,0.432122,0.602892,0.939800,0.985619,0.950835,0.971209,0.897185,0.994119,1.207870,1.267000,1.217316,1.245084,1.354416,1.162749,0.764528,0.719736,0.756234,0.772234,0.864090,0.903603,0.893163,0.926963,0.946648,0.944640,0.995302,1.066150,1.039444,1.042280,1.047839,1.117756,1.115271,1.197985,1.325516,1.388414,1.398527,1.372863,1.396462,1.537004,1.661965,1.670478,1.633137,1.641899,1.664250,1.683976,1.674068,1.641460,1.630639,1.671859,1.711377,1.459458,1.053796,1.006500,1.060218,1.105564,1.121709,0.884918,0.494003,0.502543,0.590489,0.573194,0.559339,0.548595,0.533628,0.513881,0.528813,0.561277,0.539513,0.516781,0.529490
0.517280,0.495598,0.495619,0.496263,0.502734,0.522967,0.505816,0.506614,0.513968,0.513421,0.505618,0.508534,0.519610,0.512425,0.524762,0.519202,0.493000,0.476028,0.488717,0.529766,0.509550,0.506127,0.506501,0.503982,0.459799,0.458572,0.483550,0.489961,0.490634,0.496514,0.475696,0.473033,0.443452,0.387354,0.576202,0.892067,0.933807,0.870654,0.846544,0.833475,0.798475,0.734656,0.715360,0.739822,0.730559,0.637770,0.828772,1.174623,1.155465,1.092484,1.116246,1.072366,1.018973,1.018676,1.006724,0.981723,0.927934,0.847988,0.956557,1.162343,1.148292,1.084213,1.109397,1.141741,0.899091,0.517902,0.423912,0.477435,0.511355,0.507208,0.487253,0.459937,0.440231,0.453400,0.447196,0.391812,0.565355,0.888778,0.898721,0.863972,0.918188,0.844797,0.933533,1.151704,1.192844,1.151581,1.187237,1.299806,1.096813,0.710660,0.693172,0.753174,0.730913,0.781318,0.829022,0.844963,0.858779,0.894828,0.913779,0.975428,1.001110,0.970082,0.990115,1.041646,1.102609,1.120572,1.183276,1.287921,1.353786,1.359476,1.337587,1.340779,1.478413,1.629286,1.637775,1.604551,1.618728,1.634640,1.646113,1.639871,1.602369,1.599153,1.648599,1.651181,1.418703,1.078664,1.008056,1.044607,1.081677,1.111114,0.871671,0.509082,0.477836,0.555325,0.548391,0.558646,0.524118,0.459947,0.463788,0.505525,0.554339,0.538562,0.523393,0.545789
0.523244,0.531860,0.519400,0.507151,0.508801,0.525951,0.495827,0.467359,0.473581,0.512905,0.514225,0.495952,0.501473,0.514234,0.514239,0.513159,0.501905,0.471467,0.485610,0.504263,0.504634,0.510233,0.517826,0.502414,0.487593,0.509040,0.517396,0.528345,0.494213,0.468981,0.468981,0.491365,0.462369,0.381222,0.567522,0.936211,0.955889,0.882285,0.863358,0.828765,0.805644,0.788856,0.749283,0.730414,0.677430,0.591882,0.800808,1.167138,1.160476,1.080203,1.088062,1.045938,1.014197,0.975358,0.997695,0.985527,0.948060,0.906492,0.971186,1.124762,1.145745,1.100853,1.131274,1.167127,0.924659,0.539925,0.476354,0.528055,0.541301,0.538000,0.501199,0.462909,0.446417,0.472155,0.470690,0.409114,0.547664,0.818040,0.871957,0.853531,0.848000,0.843520,0.949540,1.149372,1.162614,1.122454,1.160987,1.275420,1.073128,0.671089,0.673858,0.777679,0.786504,0.791118,0.801534,0.852161,0.898377,0.931261,0.947346,0.958997,0.975302,1.005140,1.045678,1.087467,1.109818,1.108657,1.191282,1.325712,1.343168,1.341043,1.340241,1.351104,1.463538,1.614587,1.636254,1.614472,1.617869,1.651635,1.671059,1.643163,1.619748,1.614727,1.652885,1.678652,1.467182,1.107766,1.032302,1.058277,1.086960,1.154923,0.929663,0.546930,0.483615,0.537703,0.548167,0.562000,0.543042,0.486806,0.507559,0.537577,0.528028,0.533473,0.529632,0.538924
0.541581,0.540677,0.533630,0.518258,0.513871,0.525392,0.511177,0.493768,0.503243,0.534535,0.525993,0.496527,0.515886,0.505122,0.494409,0.527620,0.524064,0.472843,0.494304,0.511878,0.503090,0.509016,0.534159,0.532968,0.515159,0.496860,0.495852,0.539340,0.520257,0.464512,0.460104,0.479898,0.455712,0.388004,0.606044,0.947743,0.943089,0.875940,0.891402,0.861882,0.830044,0.805351,0.724480,0.721028,0.684491,0.567088,0.775143,1.158114,1.184692,1.109007,1.105435,1.026734,0.994841,0.981780,0.966562,0.958931,0.907184,0.899607,1.016987,1.169511,1.126461,1.074791,1.141026,1.159935,0.896682,0.530686,0.445557,0.484209,0.499644,0.502973,0.487813,0.437981,0.390239,0.419419,0.432998,0.364406,0.516677,0.789830,0.877101,0.846256,0.812453,0.836477,0.976820,1.139975,1.170815,1.127303,1.153563,1.258345,1.069880,0.679242,0.693528,0.795402,0.786036,0.789574,0.814773,0.840555,0.899247,0.913843,0.951111,0.949341,0.965852,1.024703,1.033149,1.062361,1.082524,1.057855,1.181643,1.310062,1.344694,1.348867,1.365563,1.377914,1.504633,1.653081,1.650499,1.597422,1.624256,1.673534,1.679075,1.644722,1.638521,1.619109,1.619321,1.691380,1.475660,1.091965,1.049072,1.071408,1.076330,1.157361,0.958760,0.532585,0.481310,0.544589,0.553462,0.541860,0.542169,0.543101,0.534759,0.538492,0.542796,0.547917,0.544919,0.550820
0.539566,0.520447,0.526930,0.517798,0.513285,0.522903,0.549563,0.555568,0.534487,0.531430,0.524437,0.509548,0.518677,0.503942,0.512403,0.547666,0.542738,0.508022,0.506475,0.515052,0.502948,0.529178,0.532936,0.507465,0.499843,0.484336,0.481181,0.516005,0.517825,0.491227,0.479699,0.492272,0.450050,0.404101,0.627534,0.950013,0.938839,0.890296,0.910474,0.856768,0.816445,0.782996,0.706796,0.711554,0.706184,0.599329,0.778685,1.159300,1.213842,1.126483,1.092539,1.041116,1.011029,0.976110,0.943422,0.931782,0.896958,0.877085,1.004121,1.147978,1.084783,1.055737,1.140432,1.183788,0.916912,0.523414,0.445423,0.483708,0.517763,0.503605,0.453588,0.400389,0.363706,0.393610,0.404375,0.384767,0.556686,0.815840,0.894226,0.872319,0.867912,0.874511,1.000109,1.165707,1.194409,1.165503,1.204686,1.301493,1.105510,0.745947,0.745828,0.829591,0.844213,0.849012,0.879190,0.886686,0.907774,0.920542,0.964533,0.946865,0.947901,0.994458,1.026622,1.061569,1.073049,1.084892,1.194987,1.345643,1.383146,1.402997,1.412062,1.402802,1.500835,1.656681,1.648664,1.592896,1.654939,1.676286,1.665029,1.641884,1.669999,1.651574,1.618991,1.710486,1.482123,1.076159,1.070380,1.106711,1.091514,1.180690,0.966493,0.536134,0.487294,0.548738,0.553476,0.551009,0.555737,0.559559,0.537587,0.543471,0.559318,0.532303,0.536272,0.558429
0.421362,0.435536,0.460550,0.455934,0.437180,0.423454,0.445630,0.461842,0.476254,0.432779,0.410155,0.406153,0.412340,0.422099,0.435712,0.420390,0.410903,0.433789,0.404686,0.372498,0.409394,0.421728,0.423194,0.382035,0.395309,0.397087,0.377674,0.339927,0.367908,0.401880,0.423082,0.418134,0.371653,0.291040,0.424166,0.701708,0.711276,0.666020,0.655184,0.618925,0.579703,0.640716,0.595470,0.558323,0.564045,0.535775,0.663411,0.884313,0.868834,0.786675,0.755689,0.731091,0.757174,0.769243,0.684667,0.645274,0.696428,0.671508,0.730172,0.886512,0.904107,0.871536,0.895401,0.948907,0.697171,0.266328,0.251724,0.312671,0.278910,0.263993,0.236144,0.234436,0.227249,0.217599,0.218213,0.190539,0.366869,0.586751,0.636223,0.654675,0.675693,0.663190,0.745390,0.878844,0.936200,0.952198,1.013901,1.064750,0.843002,0.525655,0.475477,0.516825,0.514599,0.570532,0.603989,0.615007,0.618460,0.635215,0.645097,0.668839,0.664994,0.653352,0.701482,0.749247,0.761282,0.783915,0.920066,1.152150,1.186800,1.201402,1.231778,1.216934,1.291078,1.465032,1.454398,1.455108,1.474821,1.453209,1.452047,1.489418,1.500369,1.473179,1.490812,1.556367,1.284152,0.884102,0.854161,0.921600,0.927785,0.975385,0.774775,0.443805,0.424369,0.473447,0.449182,0.446739,0.461950,0.461584,0.473012,0.445491,0.435494,0.432793,0.467246,0.488606
0.386627,0.422045,0.483971,0.446055,0.425240,0.454791,0.440147,0.442714,0.442763,0.419739,0.387645,0.381303,0.414233,0.428155,0.412451,0.398600,0.385986,0.416818,0.404989,0.388385,0.397386,0.390576,0.389902,0.378010,0.403176,0.390631,0.347967,0.364726,0.376979,0.373179,0.386583,0.389687,0.356276,0.253727,0.402501,0.701243,0.720078,0.659603,0.631474,0.640648,0.640099,0.637800,0.568606,0.544648,0.561756,0.524688,0.620454,0.829657,0.850563,0.787773,0.733695,0.689278,0.713149,0.736078,0.696338,0.661063,0.683276,0.618157,0.692844,0.874675,0.849700,0.797466,0.816147,0.874492,0.617061,0.225848,0.211970,0.250172,0.202757,0.177574,0.214921,0.207784,0.180947,0.189546,0.174981,0.137144,0.288991,0.558730,0.583438,0.577889,0.595513,0.578894,0.675516,0.839505,0.885932,0.874490,0.927778,0.984793,0.789721,0.467086,0.400324,0.427404,0.443562,0.529530,0.572038,0.582824,0.589148,0.601888,0.637506,0.668665,0.654402,0.634864,0.663353,0.728951,0.747063,0.735413,0.886445,1.149782,1.198987,1.177894,1.189349,1.192411,1.298527,1.444814,1.417617,1.412187,1.463406,1.471468,1.436789,1.446212,1.476441,1.472827,1.464845,1.485779,1.247705,0.897854,0.845297,0.881732,0.901415,0.941900,0.748394,0.448373,0.410826,0.465802,0.456825,0.445199,0.441820,0.435532,0.449107,0.440202,0.435736,0.447131,0.455451,0.472022
0.527589,0.514716,0.546126,0.528009,0.528590,0.551658,0.527760,0.497785,0.492413,0.518459,0.525410,0.514337,0.533919,0.521533,0.506465,0.493990,0.497219,0.482366,0.493233,0.502888,0.486589,0.480717,0.480861,0.494656,0.490360,0.476916,0.471404,0.502220,0.478083,0.451801,0.442799,0.477842,0.450009,0.372385,0.601010,0.977979,0.983574,0.891658,0.897165,0.867657,0.859665,0.809313,0.747971,0.725850,0.684539,0.595964,0.789023,1.134558,1.175689,1.103365,1.069456,0.998584,0.934045,0.947653,0.944570,0.927587,0.884093,0.843057,0.954146,1.095102,1.053492,1.015973,1.116754,1.139500,0.863493,0.476994,0.417577,0.440111,0.410598,0.432050,0.445451,0.411546,0.339039,0.360137,0.401749,0.368849,0.488737,0.781542,0.872842,0.832714,0.786771,0.742758,0.893423,1.124435,1.128097,1.087084,1.127347,1.204139,0.999495,0.656220,0.690301,0.753318,0.730272,0.742510,0.813870,0.845501,0.875321,0.852359,0.896010,0.936089,0.981963,1.043611,1.044694,1.060222,1.076182,1.036959,1.168374,1.339454,1.375173,1.366989,1.367434,1.382178,1.487683,1.629176,1.641203,1.583930,1.614163,1.662071,1.680359,1.644936,1.643966,1.630930,1.613508,1.668894,1.467830,1.107214,1.069661,1.074866,1.063013,1.125284,0.931430,0.550600,0.491975,0.555953,0.574335,0.553359,0.546997,0.547985,0.536184,0.532768,0.540171,0.548569,0.527886,0.515762
0.564198,0.554992,0.542175,0.549096,0.554565,0.536535,0.516850,0.492963,0.496560,0.520878,0.556775,0.546425,0.521662,0.512440,0.521121,0.541957,0.545729,0.499585,0.491646,0.478217,0.473524,0.493385,0.525536,0.533349,0.494075,0.488281,0.510363,0.477050,0.467175,0.485331,0.469334,0.477901,0.441685,0.390756,0.608310,0.966751,0.958774,0.887377,0.900909,0.804288,0.780324,0.794678,0.769406,0.744785,0.683071,0.572678,0.805202,1.170562,1.176301,1.105395,1.096060,1.017310,0.945888,0.970977,0.954892,0.923274,0.881423,0.877576,0.985763,1.116702,1.089697,1.053920,1.119638,1.132662,0.873687,0.472493,0.402754,0.464784,0.443072,0.462045,0.471357,0.458868,0.408857,0.424028,0.462578,0.459351,0.570850,0.825950,0.923275,0.873923,0.818539,0.816897,0.964201,1.162806,1.162450,1.120270,1.151914,1.241818,1.020883,0.686522,0.699882,0.766566,0.739294,0.754711,0.821569,0.880540,0.899429,0.856735,0.884178,0.949893,1.007813,1.061532,1.076945,1.091965,1.107167,1.095286,1.190733,1.323761,1.357851,1.371338,1.392617,1.403376,1.503649,1.653119,1.670718,1.635660,1.643510,1.658482,1.672595,1.651627,1.639987,1.620610,1.640449,1.726168,1.506654,1.125552,1.064584,1.089915,1.083660,1.146484,0.932460,0.536011,0.509207,0.579508,0.557217,0.542633,0.545665,0.558598,0.537599,0.530908,0.556405,0.549445,0.547367,0.550376
0.527966,0.535397,0.567985,0.565249,0.540070,0.531784,0.543010,0.529557,0.494617,0.504052,0.538917,0.531709,0.493035,0.482363,0.495144,0.499880,0.508875,0.486352,0.483542,0.466810,0.475476,0.486546,0.509919,0.497538,0.481515,0.478577,0.508134,0.491196,0.472209,0.475695,0.460766,0.459616,0.418514,0.388967,0.596092,0.923477,0.920423,0.853382,0.867384,0.826007,0.796718,0.767703,0.756841,0.752882,0.713088,0.616583,0.810935,1.149345,1.173556,1.099694,1.075986,1.040684,1.016179,1.018046,0.991688,0.956620,0.930040,0.924108,1.015545,1.135779,1.128803,1.070361,1.056969,1.094283,0.854910,0.462889,0.431632,0.483200,0.443035,0.449114,0.450933,0.413481,0.422243,0.462612,0.448199,0.400483,0.592868,0.868722,0.890613,0.836056,0.840822,0.855147,0.964767,1.124622,1.153947,1.130829,1.156599,1.249787,1.056680,0.698857,0.697251,0.776337,0.777368,0.798365,0.847191,0.886214,0.886412,0.886343,0.907211,0.916891,0.959688,1.011836,1.041007,1.075244,1.100792,1.110050,1.192007,1.321268,1.330934,1.355256,1.388798,1.363928,1.465420,1.647249,1.644472,1.631980,1.677101,1.647845,1.611081,1.622757,1.650079,1.630988,1.639780,1.722876,1.482123,1.067560,1.036628,1.078907,1.082283,1.129297,0.917519,0.540338,0.522486,0.585625,0.548804,0.529643,0.531535,0.551988,0.535159,0.536356,0.559187,0.569115,0.550434,0.529024
0.492706,0.509313,0.567021,0.556772,0.522366,0.519062,0.547259,0.533335,0.498388,0.528398,0.544867,0.520212,0.495919,0.495817,0.489149,0.467388,0.482103,0.511265,0.508741,0.500534,0.489801,0.501478,0.496863,0.443499,0.466463,0.480942,0.473429,0.473658,0.488678,0.511199,0.508013,0.486777,0.437537,0.380303,0.593482,0.946474,0.943311,0.848824,0.836844,0.836049,0.838964,0.766414,0.728206,0.735505,0.737976,0.658269,0.810586,1.144403,1.177854,1.099304,1.072428,1.064025,1.047606,1.032945,0.989905,0.961326,0.955867,0.946355,1.034051,1.160729,1.169432,1.103374,1.100496,1.140781,0.900536,0.513527,0.474406,0.511333,0.481606,0.468806,0.458442,0.408485,0.404454,0.436756,0.436984,0.418060,0.619181,0.911184,0.896646,0.842875,0.853985,0.879224,0.993957,1.116215,1.167088,1.178981,1.226267,1.282565,1.059942,0.713069,0.710616,0.801225,0.810345,0.845049,0.884100,0.933111,0.899674,0.911728,0.941838,0.968810,0.997832,1.009261,1.012833,1.047263,1.102681,1.136982,1.218825,1.349459,1.358256,1.381481,1.430203,1.384935,1.461870,1.659052,1.683497,1.678359,1.668694,1.648123,1.615932,1.648188,1.670412,1.655451,1.664404,1.716007,1.475179,1.086066,1.057318,1.090779,1.073110,1.130978,0.921863,0.568191,0.544376,0.595341,0.567034,0.535985,0.535635,0.538251,0.530495,0.531824,0.553944,0.563073,0.536103,0.524932
0.509289,0.513388,0.537083,0.547487,0.554871,0.537305,0.539191,0.533528,0.515592,0.529234,0.523702,0.508076,0.524442,0.521915,0.501145,0.499908,0.521598,0.554808,0.515834,0.505593,0.502819,0.499291,0.471074,0.450946,0.463137,0.499754,0.507603,0.475812,0.499481,0.555702,0.502919,0.486766,0.486711,0.382091,0.570372,0.958579,0.964972,0.865123,0.801726,0.806737,0.804286,0.765474,0.744091,0.737571,0.724370,0.651119,0.817495,1.114150,1.147552,1.096914,1.078191,1.065710,1.068852,1.039734,1.013877,0.966493,0.943194,0.907151,0.984854,1.156853,1.169063,1.107335,1.145166,1.221904,0.968153,0.541842,0.480229,0.546131,0.517520,0.470288,0.439641,0.425030,0.399116,0.428207,0.470563,0.411887,0.597996,0.922961,0.913652,0.839936,0.860824,0.916220,1.045675,1.172670,1.192566,1.203943,1.217023,1.294723,1.071256,0.700276,0.702340,0.786069,0.779778,0.806455,0.866623,0.915332,0.889189,0.922796,0.975957,0.958345,0.967413,1.013918,1.023369,1.067612,1.123040,1.137496,1.200794,1.332942,1.386075,1.402138,1.399564,1.376425,1.459089,1.638886,1.658872,1.656532,1.624176,1.621388,1.617039,1.647121,1.646164,1.633347,1.651350,1.719245,1.475072,1.092588,1.053059,1.089113,1.064882,1.126424,0.913228,0.565297,0.532825,0.580708,0.543034,0.538728,0.535844,0.503063,0.510367,0.514156,0.532123,0.521808,0.521470,0.546866
0.419142,0.449773,0.460927,0.440252,0.432680,0.460447,0.421657,0.415831,0.420342,0.427491,0.405278,0.399137,0.418823,0.421086,0.394890,0.425380,0.416120,0.407832,0.406793,0.399124,0.404665,0.388281,0.412882,0.419482,0.420006,0.407183,0.389085,0.379976,0.394989,0.400661,0.395687,0.393420,0.390777,0.267693,0.421567,0.721307,0.756799,0.682899,0.647261,0.591671,0.580376,0.654660,0.591620,0.562764,0.569848,0.545043,0.650517,0.849360,0.870274,0.807502,0.759026,0.725782,0.739633,0.785420,0.697846,0.658601,0.685157,0.602468,0.699231,0.891500,0.891606,0.825846,0.871975,0.928769,0.638718,0.231037,0.211068,0.267939,0.226010,0.196078,0.232400,0.274767,0.223231,0.217011,0.242900,0.170342,0.330508,0.601861,0.647873,0.650066,0.659306,0.617805,0.678180,0.860898,0.935589,0.916008,0.945635,1.010499,0.815539,0.480519,0.412170,0.435624,0.450158,0.541507,0.567775,0.555193,0.598753,0.625378,0.641616,0.696183,0.698467,0.653003,0.681443,0.739724,0.770221,0.759728,0.911618,1.157649,1.204686,1.202746,1.217098,1.195079,1.300546,1.461995,1.471562,1.454687,1.477842,1.456775,1.467809,1.484379,1.457832,1.421682,1.453136,1.542565,1.292964,0.887945,0.859327,0.922226,0.919731,0.940978,0.736920,0.403766,0.397721,0.457280,0.445955,0.439745,0.460208,0.470486,0.490477,0.449939,0.420085,0.408946,0.447920,0.468232
0.400759,0.416540,0.456907,0.438358,0.440694,0.448598,0.403810,0.406537,0.421294,0.431121,0.415110,0.399547,0.399181,0.408257,0.402981,0.406462,0.390959,0.399890,0.410703,0.396903,0.386097,0.375946,0.401091,0.403327,0.426986,0.414091,0.374332,0.377805,0.388077,0.367449,0.371971,0.398688,0.388744,0.314869,0.462196,0.761845,0.747265,0.674372,0.679592,0.658227,0.642961,0.678346,0.599252,0.586402,0.584204,0.516458,0.618355,0.846945,0.846221,0.780756,0.740994,0.728341,0.739862,0.751577,0.689435,0.628485,0.631147,0.582679,0.705400,0.862771,0.819403,0.797858,0.825498,0.867896,0.595021,0.221108,0.187391,0.215977,0.194900,0.192623,0.205198,0.214294,0.196743,0.186001,0.202989,0.205325,0.345393,0.546073,0.612843,0.610530,0.584767,0.536932,0.639941,0.847010,0.909090,0.862270,0.893380,0.991005,0.796419,0.450529,0.432433,0.482135,0.473082,0.547266,0.553994,0.550614,0.598864,0.633348,0.650258,0.681000,0.677422,0.674238,0.718137,0.747192,0.760584,0.732291,0.900025,1.150513,1.195327,1.198351,1.225070,1.216294,1.320255,1.479539,1.495001,1.450620,1.456143,1.480499,1.494790,1.491033,1.480212,1.465307,1.488499,1.581378,1.322437,0.894045,0.870823,0.932273,0.932132,0.966953,0.755494,0.395842,0.402307,0.463009,0.432417,0.426923,0.454853,0.469210,0.484699,0.467011,0.443241,0.435721,0.461840,0.472079
0.571005,0.524006,0.514044,0.543503,0.571922,0.543328,0.543488,0.507133,0.474704,0.505129,0.525759,0.492924,0.497552,0.513797,0.512554,0.481755,0.478135,0.513160,0.494752,0.501183,0.492157,0.502160,0.455883,0.456134,0.477856,0.493068,0.508617,0.498270,0.499273,0.514331,0.500957,0.506231,0.470905,0.421255,0.635274,0.992440,0.938757,0.840160,0.867483,0.873008,0.863339,0.786375,0.789876,0.766427,0.702562,0.592904,0.789460,1.137139,1.117827,1.015033,1.029768,1.066689,1.070433,1.004879,0.977230,0.949787,0.903760,0.880390,0.959154,1.128317,1.124238,1.044608,1.045224,1.083922,0.861789,0.477774,0.398844,0.483146,0.502878,0.464361,0.344892,0.351847,0.337351,0.421844,0.430945,0.409935,0.576225,0.870313,0.878072,0.800264,0.788648,0.800263,0.972912,1.141144,1.149275,1.120775,1.169132,1.274967,1.051336,0.656199,0.675740,0.784866,0.779643,0.785296,0.852886,0.879028,0.888830,0.910318,0.921911,0.937416,0.974402,1.030376,1.057793,1.094089,1.111207,1.103663,1.190864,1.337949,1.362889,1.376048,1.406742,1.386916,1.476734,1.665390,1.668736,1.625993,1.605409,1.663647,1.651215,1.644572,1.646772,1.635199,1.670400,1.746436,1.493223,1.087702,1.064532,1.109170,1.080860,1.144454,0.919331,0.557138,0.548378,0.593805,0.539111,0.529343,0.527221,0.498000,0.495824,0.531404,0.562665,0.549670,0.509524,0.507331
0.568794,0.528010,0.505161,0.546423,0.558713,0.517313,0.516288,0.495866,0.476800,0.498013,0.507337,0.469716,0.500398,0.523191,0.509522,0.528833,0.514157,0.502365,0.512383,0.515573,0.501285,0.507862,0.461983,0.440316,0.451245,0.473946,0.493289,0.487043,0.493192,0.510195,0.486336,0.506081,0.471686,0.375223,0.583191,0.952016,0.976690,0.852044,0.814729,0.843594,0.834980,0.775813,0.794013,0.766334,0.685786,0.630496,0.816478,1.128691,1.102209,1.030847,1.050606,1.035992,1.028593,1.021661,0.991015,0.958893,0.924964,0.872109,0.937904,1.119136,1.145802,1.064216,1.036011,1.069523,0.821137,0.437172,0.406122,0.493454,0.484379,0.443927,0.375961,0.352300,0.357618,0.431123,0.468636,0.421755,0.599490,0.913396,0.916418,0.840030,0.853983,0.835877,0.948330,1.101235,1.117598,1.106495,1.160122,1.234949,1.022463,0.666226,0.645447,0.737690,0.780210,0.815888,0.842999,0.838677,0.886702,0.901258,0.892572,0.961075,1.008898,0.991584,1.037567,1.084096,1.094839,1.115282,1.223412,1.347279,1.378067,1.392901,1.423772,1.402752,1.473994,1.644520,1.669740,1.661749,1.673869,1.622531,1.602286,1.626630,1.633669,1.620309,1.652055,1.710681,1.461017,1.058243,1.059546,1.103154,1.080064,1.119627,0.903051,0.561723,0.526322,0.563055,0.516419,0.514190,0.530452,0.532673,0.478088,0.499723,0.564094,0.528057,0.517031,0.558660
0.525539,0.503452,0.531796,0.539383,0.542771,0.543229,0.503100,0.491123,0.529943,0.546181,0.532737,0.485902,0.502594,0.518623,0.509539,0.533374,0.514636,0.476555,0.517819,0.530261,0.514060,0.511732,0.478003,0.457953,0.466301,0.480673,0.479111,0.482513,0.469405,0.467241,0.496608,0.533169,0.474102,0.382072,0.582339,0.976991,1.029029,0.904348,0.811184,0.835605,0.835288,0.792926,0.768382,0.760310,0.730119,0.673856,0.849834,1.147966,1.146003,1.087562,1.095441,1.099038,1.076330,1.044442,1.023654,0.985072,0.926337,0.859453,0.950449,1.121003,1.132983,1.088216,1.099594,1.113079,0.834653,0.431136,0.404074,0.464281,0.438497,0.418940,0.413147,0.389585,0.378277,0.433210,0.476361,0.408298,0.568409,0.902331,0.912316,0.849069,0.857493,0.874303,0.980056,1.122671,1.133727,1.141016,1.191929,1.246771,1.013581,0.682806,0.673051,0.749897,0.759354,0.833257,0.843168,0.838043,0.872092,0.910039,0.947001,0.966821,0.990393,1.001876,1.029657,1.082113,1.124399,1.137271,1.236758,1.358841,1.402816,1.397610,1.400887,1.366327,1.476564,1.643206,1.674680,1.684539,1.680834,1.618409,1.611061,1.654072,1.650585,1.637888,1.662718,1.734123,1.475934,1.043278,1.026221,1.081018,1.062142,1.129099,0.921293,0.554775,0.509712,0.556220,0.512346,0.524512,0.547877,0.551853,0.512522,0.495579,0.517207,0.534998,0.549678,0.554791
0.533690,0.516986,0.521797,0.537568,0.547636,0.526402,0.521875,0.507205,0.527771,0.540252,0.537795,0.509360,0.512429,0.510343,0.518796,0.544693,0.525688,0.491126,0.524416,0.536106,0.523353,0.505882,0.496463,0.493676,0.463227,0.468792,0.493539,0.504887,0.506012,0.483200,0.491970,0.519349,0.487447,0.415162,0.605156,0.956379,0.995519,0.897116,0.829200,0.827672,0.820104,0.803604,0.740802,0.734636,0.719234,0.649139,0.830044,1.165324,1.138346,1.086073,1.108432,1.091893,1.051133,1.007200,0.984560,0.949708,0.902377,0.866904,0.965011,1.106308,1.099983,1.071007,1.090203,1.115401,0.853079,0.478989,0.408181,0.472406,0.473951,0.447787,0.422267,0.415340,0.400006,0.444372,0.473952,0.429718,0.577965,0.847602,0.879647,0.840746,0.858643,0.865497,0.978732,1.161198,1.173227,1.154960,1.208590,1.270096,1.039768,0.696144,0.659444,0.729895,0.748469,0.784641,0.831811,0.898478,0.867641,0.892892,0.972113,0.966676,0.958978,0.977127,1.006009,1.073648,1.126109,1.127696,1.225279,1.360466,1.367627,1.361335,1.393089,1.363301,1.455852,1.626332,1.649848,1.643590,1.673222,1.639541,1.641732,1.659963,1.649067,1.635346,1.652850,1.709670,1.459464,1.059407,1.058242,1.079813,1.041695,1.123416,0.919198,0.551480,0.532060,0.568646,0.511368,0.541269,0.549465,0.510540,0.515653,0.506638,0.492736,0.522704,0.522377,0.530343
0.544316,0.550228,0.539186,0.548740,0.555314,0.564173,0.518050,0.481162,0.521095,0.528049,0.524569,0.513573,0.509160,0.501757,0.504185,0.534468,0.528837,0.515762,0.550147,0.556319,0.514351,0.501499,0.499962,0.498765,0.481298,0.475788,0.492063,0.538467,0.526247,0.467057,0.471441,0.496573,0.492458,0.433968,0.642626,0.956047,1.002968,0.929418,0.892151,0.873683,0.843525,0.840136,0.793092,0.756609,0.728397,0.649402,0.845214,1.187461,1.181400,1.128348,1.149882,1.122748,1.090830,1.061093,1.033014,0.987164,0.928975,0.896461,0.986746,1.096294,1.116375,1.091913,1.112238,1.149591,0.888069,0.504275,0.443993,0.511129,0.532540,0.499912,0.474782,0.467151,0.457110,0.485749,0.488059,0.420199,0.567296,0.822816,0.866489,0.840444,0.898488,0.880081,0.982053,1.187734,1.199273,1.168838,1.212353,1.292759,1.092694,0.720812,0.656339,0.724141,0.773993,0.795819,0.819374,0.853083,0.859098,0.896958,0.979716,0.979209,0.960697,0.990727,1.025892,1.089382,1.149545,1.138373,1.244875,1.384934,1.400351,1.385398,1.435323,1.400633,1.488120,1.647916,1.686127,1.670861,1.678892,1.665938,1.679275,1.682151,1.701430,1.681189,1.669424,1.718653,1.496038,1.103810,1.066887,1.094712,1.057068,1.125190,0.914967,0.551939,0.522626,0.561212,0.517808,0.533677,0.549803,0.539766,0.524540,0.543805,0.534313,0.539901,0.538562,0.548340
0.416073,0.454669,0.489273,0.426597,0.406616,0.436163,0.397219,0.404984,0.417488,0.419386,0.404261,0.410117,0.407957,0.412983,0.406130,0.398163,0.415072,0.448611,0.432308,0.402752,0.399971,0.388488,0.427875,0.426689,0.400190,0.370253,0.369186,0.392318,0.396542,0.355797,0.358666,0.374055,0.372766,0.287977,0.428872,0.729121,0.712566,0.670309,0.675959,0.641975,0.610939,0.653466,0.610884,0.601939,0.555615,0.493435,0.620657,0.849223,0.837290,0.775292,0.743120,0.679912,0.669979,0.701052,0.676212,0.652637,0.641742,0.589848,0.703968,0.847382,0.849859,0.808745,0.836787,0.886218,0.637656,0.232425,0.191821,0.234157,0.203273,0.223957,0.235787,0.207720,0.185457,0.201330,0.184414,0.167598,0.314993,0.531469,0.601180,0.633695,0.629567,0.539621,0.665788,0.879943,0.916295,0.857490,0.918040,1.012817,0.819418,0.457317,0.393828,0.433776,0.477987,0.550307,0.556117,0.563670,0.606148,0.619048,0.611703,0.683898,0.694530,0.659209,0.701840,0.734303,0.750381,0.720294,0.906400,1.168747,1.216712,1.218550,1.238048,1.236477,1.327774,1.460735,1.498631,1.460998,1.442893,1.478668,1.491078,1.486340,1.474487,1.472969,1.496910,1.535086,1.305554,0.949006,0.854436,0.888854,0.921629,0.911282,0.730340,0.387313,0.389797,0.465457,0.471714,0.420455,0.443492,0.461101,0.457037,0.432526,0.468763,0.437860,0.464757,0.473383
0.433411,0.456740,0.480939,0.436590,0.401775,0.419302,0.404445,0.433221,0.440477,0.439067,0.428151,0.423855,0.421374,0.420205,0.422896,0.427111,0.442968,0.440624,0.413256,0.390607,0.406782,0.401531,0.435335,0.435855,0.394965,0.379464,0.394207,0.390040,0.397762,0.385390,0.336731,0.361100,0.389385,0.305837,0.447171,0.754077,0.688449,0.629407,0.677358,0.681431,0.663446,0.639935,0.596026,0.591123,0.555817,0.474610,0.598763,0.850927,0.837244,0.744235,0.697467,0.644074,0.641950,0.692585,0.693723,0.653402,0.635484,0.602884,0.725983,0.841281,0.841381,0.814873,0.844450,0.893019,0.629967,0.223499,0.181899,0.248104,0.228270,0.212183,0.168990,0.154016,0.147655,0.179567,0.174934,0.183789,0.340067,0.565351,0.625848,0.626735,0.623750,0.570361,0.685313,0.865937,0.926382,0.895964,0.950565,1.047969,0.844627,0.483058,0.448457,0.501411,0.501490,0.530924,0.538207,0.591058,0.606006,0.632472,0.666598,0.705419,0.705147,0.683642,0.708949,0.740849,0.761314,0.740712,0.915348,1.176486,1.237553,1.245148,1.261804,1.216487,1.321423,1.503214,1.513867,1.469422,1.453543,1.479877,1.491658,1.500601,1.445958,1.452038,1.516779,1.558736,1.288570,0.925647,0.865754,0.930484,0.946264,0.945905,0.755165,0.417580,0.397965,0.459635,0.458425,0.432358,0.451148,0.445809,0.419289,0.407020,0.447202,0.433829,0.458924,0.465763
0.532369,0.519965,0.533035,0.554472,0.541445,0.524226,0.525662,0.472082,0.494356,0.533714,0.553018,0.513585,0.504158,0.506518,0.518205,0.557161,0.525171,0.474368,0.503677,0.523645,0.506342,0.520365,0.501461,0.476640,0.469500,0.500859,0.522655,0.488337,0.490403,0.516834,0.468516,0.461321,0.468195,0.425955,0.628832,0.936555,1.006187,0.920636,0.907852,0.874832,0.851251,0.808291,0.767605,0.729314,0.712996,0.629073,0.810701,1.156115,1.188411,1.071183,1.056337,1.075390,1.063878,1.043700,1.025871,1.018046,0.965976,0.958232,1.011708,1.116809,1.137845,1.110796,1.111799,1.143953,0.866321,0.463223,0.445967,0.545083,0.557909,0.442439,0.395035,0.440435,0.555224,0.523961,0.462476,0.412287,0.570747,0.819217,0.877897,0.839581,0.919988,0.974460,1.026433,1.171145,1.184050,1.193821,1.214821,1.278226,1.057514,0.688849,0.639714,0.755879,0.809689,0.778812,0.813441,0.877744,0.879062,0.918919,0.984753,0.960435,0.978660,1.040996,1.018740,1.079808,1.150616,1.163829,1.229601,1.351902,1.399487,1.384448,1.408454,1.367505,1.451180,1.631583,1.672683,1.674508,1.661743,1.619099,1.634496,1.646448,1.648453,1.617919,1.633896,1.703410,1.481014,1.059958,1.055262,1.071608,1.040274,1.132406,0.910350,0.559708,0.501838,0.539067,0.489313,0.530766,0.542149,0.528936,0.486242,0.496835,0.493674,0.512767,0.517638,0.531950
0.517514,0.494460,0.528578,0.543333,0.533489,0.512224,0.534171,0.501750,0.482661,0.509985,0.526670,0.504425,0.507436,0.520460,0.525958,0.531071,0.499041,0.475503,0.507204,0.527084,0.506305,0.505141,0.491364,0.462440,0.457068,0.473481,0.475363,0.471360,0.470319,0.484999,0.457491,0.462925,0.464512,0.417857,0.589189,0.908945,1.019481,0.943499,0.874657,0.850947,0.828328,0.803942,0.785153,0.761411,0.699426,0.629190,0.827443,1.145241,1.137959,1.063175,1.093081,1.045903,1.031178,1.061871,1.042922,1.030681,0.981586,0.923755,0.977705,1.114962,1.125478,1.082726,1.071363,1.100561,0.849267,0.448586,0.454459,0.516831,0.451837,0.405818,0.399009,0.432072,0.491027,0.481233,0.431975,0.384166,0.543164,0.782249,0.815047,0.826433,0.905399,0.907540,0.978574,1.160355,1.198122,1.165973,1.179821,1.262052,1.065074,0.678642,0.636292,0.751697,0.790354,0.783180,0.804662,0.828719,0.867456,0.918553,0.981149,0.963276,0.958383,1.014413,1.030006,1.091539,1.110060,1.148130,1.223517,1.337864,1.385536,1.394341,1.402024,1.401682,1.482007,1.626685,1.649514,1.651840,1.648456,1.623285,1.640456,1.646091,1.652874,1.624865,1.625686,1.688206,1.474677,1.084816,1.030724,1.050297,1.053616,1.147803,0.930383,0.522764,0.485103,0.537973,0.520052,0.505282,0.522331,0.537413,0.504190,0.504834,0.521142,0.526615,0.540537,0.554192
0.537488,0.527464,0.530790,0.548283,0.537066,0.509720,0.528701,0.546929,0.508860,0.509608,0.518213,0.502030,0.512852,0.529272,0.535947,0.511794,0.507235,0.520500,0.517247,0.520684,0.517481,0.499330,0.499823,0.512845,0.488722,0.471744,0.460383,0.466941,0.462350,0.460506,0.458509,0.496055,0.509707,0.412102,0.581680,0.928936,0.983390,0.937916,0.898056,0.865384,0.832880,0.804585,0.773330,0.777469,0.734630,0.638260,0.831549,1.165991,1.169079,1.094737,1.113613,1.046733,1.011633,1.017793,1.013918,1.014978,0.974729,0.892469,0.958170,1.111432,1.127024,1.089823,1.113876,1.167835,0.897215,0.488351,0.437666,0.500456,0.482089,0.496342,0.481051,0.444482,0.465246,0.462621,0.440479,0.422209,0.580859,0.836470,0.866737,0.858879,0.911115,0.892728,0.982829,1.164943,1.213692,1.208120,1.246663,1.321672,1.111540,0.748604,0.702242,0.801453,0.813112,0.801744,0.826740,0.888317,0.874377,0.919399,0.998876,0.992905,0.990577,1.027407,1.051340,1.080780,1.099064,1.150127,1.240959,1.349661,1.399861,1.419382,1.426485,1.384713,1.477180,1.640670,1.668167,1.660014,1.661152,1.661686,1.663994,1.663074,1.638382,1.645870,1.677538,1.714724,1.477883,1.101132,1.014205,1.056890,1.089670,1.152933,0.899207,0.518478,0.505676,0.557691,0.523061,0.503874,0.519028,0.534942,0.539836,0.553601,0.544585,0.540798,0.536219,0.536388
0.530904,0.529030,0.532550,0.534482,0.517611,0.491310,0.498699,0.514010,0.500758,0.513007,0.517159,0.485437,0.467299,0.480110,0.524594,0.529145,0.520300,0.503481,0.482085,0.484822,0.497273,0.499336,0.498477,0.493996,0.498145,0.494036,0.460343,0.439163,0.471902,0.493622,0.463304,0.485589,0.510879,0.406630,0.553061,0.894827,0.936962,0.918060,0.929031,0.869264,0.820866,0.793196,0.757130,0.765097,0.733035,0.637128,0.830821,1.175202,1.174810,1.090819,1.115880,1.038874,0.997415,0.999622,0.983753,0.970232,0.941259,0.890284,0.959438,1.092561,1.127553,1.118930,1.123491,1.167883,0.927898,0.532736,0.422323,0.473713,0.480845,0.497419,0.472409,0.429707,0.457578,0.475511,0.461362,0.421186,0.574387,0.847309,0.898896,0.913762,0.910004,0.872713,0.965683,1.155884,1.195200,1.186713,1.220037,1.305351,1.086387,0.722937,0.713176,0.811799,0.784990,0.769009,0.829068,0.912674,0.920647,0.927382,0.961530,0.982316,1.018726,1.049461,1.070305,1.066605,1.085561,1.118452,1.231154,1.352438,1.394238,1.406741,1.409150,1.369244,1.444317,1.606960,1.646102,1.629579,1.605739,1.642220,1.654700,1.653613,1.656722,1.646738,1.647897,1.690197,1.439043,1.076088,1.012744,1.064810,1.071971,1.134113,0.889924,0.517109,0.503421,0.539883,0.488927,0.496307,0.513401,0.509910,0.530129,0.544275,0.527728,0.531722,0.530465,0.527155
0.494711,0.498441,0.532835,0.538998,0.522156,0.503338,0.504713,0.505792,0.494633,0.508247,0.493004,0.469072,0.471947,0.477265,0.494714,0.505884,0.505362,0.486633,0.465803,0.466225,0.482619,0.510413,0.499649,0.462329,0.479472,0.502201,0.470387,0.417201,0.453443,0.497048,0.466849,0.494051,0.532129,0.430373,0.582128,0.942439,0.955057,0.892475,0.886421,0.867893,0.846138,0.811252,0.752879,0.759124,0.750981,0.633264,0.825687,1.211002,1.210560,1.125762,1.139269,1.060225,1.023285,1.052864,1.011836,0.991218,0.970118,0.892675,0.946783,1.099005,1.122620,1.093032,1.092568,1.186738,0.941878,0.524458,0.444285,0.505225,0.493569,0.491876,0.458057,0.405164,0.372951,0.416999,0.430122,0.371578,0.537098,0.831950,0.876523,0.882095,0.891048,0.903109,1.006150,1.193483,1.219774,1.202554,1.246578,1.313642,1.081373,0.708928,0.693248,0.790927,0.802183,0.818088,0.845753,0.902399,0.930024,0.935415,0.988675,0.985873,0.996517,1.025039,1.101309,1.117078,1.106755,1.138260,1.242535,1.348022,1.387786,1.406070,1.425633,1.380205,1.455768,1.617412,1.636345,1.603161,1.614853,1.655652,1.680323,1.678151,1.680042,1.651695,1.641488,1.702266,1.463086,1.061713,1.024460,1.065854,1.056478,1.137220,0.909766,0.512922,0.487588,0.541268,0.526092,0.494903,0.505799,0.536025,0.542853,0.528424,0.517536,0.540752,0.567564,0.547818
0.406119,0.405701,0.450844,0.439499,0.432394,0.443039,0.445457,0.431057,0.399122,0.412693,0.407577,0.391016,0.444047,0.451987,0.401878,0.405224,0.410080,0.413775,0.406511,0.384364,0.386720,0.390805,0.396144,0.369084,0.375740,0.390896,0.406408,0.389566,0.371275,0.356763,0.354651,0.386696,0.401636,0.304678,0.475879,0.798594,0.752203,0.650739,0.662335,0.664871,0.650116,0.641149,0.609203,0.582353,0.552782,0.478039,0.601734,0.864094,0.843828,0.761173,0.696109,0.687144,0.694862,0.742713,0.724111,0.687268,0.660724,0.635778,0.748922,0.882053,0.865110,0.822346,0.872091,0.920176,0.658549,0.249635,0.216819,0.269762,0.222620,0.196844,0.155422,0.168729,0.144183,0.171592,0.171221,0.173762,0.337358,0.564753,0.584528,0.583855,0.602578,0.537066,0.677347,0.877638,0.901696,0.854764,0.905009,1.009722,0.798452,0.435062,0.408156,0.435731,0.483634,0.538379,0.572924,0.594826,0.612136,0.640567,0.668610,0.684021,0.683087,0.698331,0.733980,0.776830,0.764563,0.725596,0.912593,1.182164,1.202850,1.210808,1.265395,1.226677,1.324018,1.491554,1.492254,1.452161,1.484244,1.490753,1.473235,1.496656,1.496763,1.496507,1.496120,1.552038,1.300898,0.936277,0.909059,0.944946,0.924213,0.949003,0.780014,0.435594,0.404438,0.462313,0.457267,0.436181,0.446800,0.444126,0.435669,0.416886,0.440385,0.406026,0.436110,0.468296
0.424317,0.416265,0.414646,0.423895,0.423621,0.429437,0.424982,0.432777,0.410792,0.411283,0.416356,0.434587,0.436491,0.430832,0.411989,0.423684,0.423043,0.410621,0.395539,0.384120,0.367774,0.380571,0.395647,0.432418,0.397867,0.410393,0.408033,0.420531,0.401850,0.378315,0.350474,0.373940,0.381488,0.308782,0.478404,0.786617,0.728722,0.684124,0.733741,0.684336,0.635504,0.668701,0.653820,0.613073,0.563925,0.494591,0.632035,0.888240,0.853244,0.761841,0.711174,0.711084,0.735946,0.735910,0.729962,0.696059,0.657228,0.641178,0.755434,0.879512,0.862791,0.820708,0.861530,0.898622,0.646768,0.241782,0.221315,0.285014,0.241960,0.213554,0.182346,0.209406,0.186728,0.181014,0.181166,0.189840,0.370939,0.587976,0.626189,0.594070,0.612156,0.570557,0.676746,0.857943,0.900423,0.858094,0.889948,0.995731,0.797334,0.442300,0.444570,0.509884,0.510170,0.547734,0.568049,0.608841,0.646755,0.672441,0.683049,0.684688,0.685128,0.699884,0.723079,0.763617,0.779250,0.762552,0.935788,1.200075,1.222795,1.212801,1.254313,1.243653,1.312036,1.467189,1.482868,1.463191,1.481958,1.462697,1.455945,1.500806,1.514765,1.509452,1.503770,1.540523,1.292323,0.904453,0.864832,0.923480,0.919696,0.938681,0.748979,0.440925,0.434612,0.489625,0.437061,0.449172,0.460198,0.429015,0.416344,0.413056,0.405824,0.422215,0.431685,0.433853
0.501512,0.501198,0.493712,0.530936,0.533444,0.497740,0.504704,0.506203,0.505966,0.501775,0.488681,0.487817,0.493700,0.498109,0.498533,0.521867,0.521173,0.473087,0.482383,0.503089,0.513308,0.501265,0.484936,0.482448,0.479143,0.497246,0.496663,0.468969,0.470673,0.491186,0.475678,0.517320,0.521079,0.433663,0.588215,0.921833,0.963546,0.930900,0.927736,0.874152,0.824847,0.793880,0.784315,0.795329,0.764730,0.659805,0.856927,1.200901,1.202056,1.109575,1.138349,1.078932,1.028299,1.024638,1.022386,1.026458,1.001108,0.897762,0.934711,1.090148,1.101288,1.074666,1.067497,1.159157,0.893150,0.449729,0.418356,0.505274,0.491008,0.526375,0.558858,0.469664,0.505757,0.496223,0.447861,0.392057,0.561378,0.843543,0.873393,0.883005,0.917943,0.945875,1.003885,1.184426,1.217923,1.209953,1.247463,1.313335,1.113827,0.768134,0.747340,0.850290,0.861957,0.814109,0.858546,0.923350,0.934653,0.950487,0.995955,0.994135,0.993452,1.015450,1.073124,1.108440,1.119355,1.171932,1.264095,1.367522,1.400044,1.419297,1.413623,1.366831,1.431962,1.595609,1.644551,1.634056,1.664461,1.644273,1.661345,1.681146,1.707842,1.675443,1.643557,1.714056,1.482128,1.072174,0.994818,1.046528,1.071519,1.145718,0.914147,0.520135,0.502295,0.541220,0.519030,0.512156,0.517088,0.518578,0.518527,0.533460,0.530675,0.590661,0.573899,0.514702
0.504732,0.503521,0.488642,0.526599,0.535241,0.497838,0.489202,0.479164,0.482890,0.500784,0.490357,0.458372,0.490680,0.499004,0.471414,0.483538,0.486029,0.473887,0.501114,0.505988,0.486135,0.478474,0.461246,0.473114,0.474633,0.489852,0.494369,0.458160,0.453156,0.460226,0.465765,0.497141,0.497234,0.421636,0.596861,0.945232,0.989388,0.911593,0.863868,0.849316,0.816827,0.768726,0.770586,0.795982,0.757372,0.671548,0.854019,1.132169,1.145255,1.094745,1.091986,1.027032,0.988106,1.012740,0.986151,0.985455,0.973227,0.880446,0.929102,1.102086,1.096412,1.058015,1.084426,1.149524,0.897380,0.471082,0.403617,0.480629,0.502751,0.463806,0.447938,0.440169,0.489109,0.511467,0.442608,0.365591,0.536257,0.818592,0.825778,0.825671,0.900225,0.865614,0.955284,1.166389,1.209608,1.170204,1.212804,1.299579,1.117831,0.761294,0.727181,0.822514,0.844294,0.827671,0.877730,0.917667,0.886741,0.913293,0.995863,0.992671,0.977075,1.007429,1.054021,1.093626,1.114149,1.129567,1.219108,1.345019,1.389995,1.414091,1.406186,1.334260,1.413508,1.613930,1.658063,1.628443,1.642729,1.634291,1.644667,1.658894,1.679751,1.628692,1.605525,1.704790,1.475919,1.051598,0.991444,1.047535,1.068091,1.142162,0.913919,0.509990,0.485071,0.528070,0.499393,0.503570,0.508239,0.493028,0.509064,0.535100,0.560763,0.550697,0.529638,0.514505
0.460034,0.454173,0.460175,0.480888,0.481174,0.446804,0.452227,0.443947,0.428588,0.446106,0.442790,0.432041,0.462974,0.450015,0.417856,0.442906,0.446454,0.428459,0.455304,0.441929,0.411375,0.428338,0.438959,0.455808,0.437738,0.457611,0.467836,0.442407,0.406313,0.413182,0.422244,0.435521,0.434930,0.371095,0.562810,0.896331,0.916936,0.866748,0.859949,0.823985,0.778300,0.747007,0.729952,0.720113,0.695997,0.616491,0.791769,1.091897,1.105651,1.049737,1.024832,0.990026,0.952861,0.946301,0.922949,0.901757,0.888957,0.862150,0.914875,1.032473,1.011062,0.976418,1.003374,1.044495,0.832600,0.494914,0.439507,0.480214,0.494375,0.445453,0.428424,0.437307,0.442355,0.440556,0.435863,0.389845,0.530298,0.785873,0.815755,0.794563,0.822789,0.799040,0.863271,1.006805,1.063802,1.016329,1.048459,1.143174,0.977528,0.646600,0.642400,0.717093,0.716434,0.754625,0.812442,0.835806,0.811506,0.841618,0.899446,0.916127,0.920100,0.953715,0.988761,1.011836,1.037672,1.028066,1.115629,1.259802,1.292628,1.311420,1.313021,1.262642,1.329861,1.479053,1.485302,1.473205,1.478164,1.474407,1.476074,1.493235,1.491482,1.462443,1.460460,1.526916,1.314729,0.954177,0.925807,0.972104,0.990427,1.037670,0.815112,0.470553,0.465028,0.510718,0.452922,0.465689,0.469186,0.439259,0.476302,0.497871,0.476359,0.462638,0.413825,0.395713
0.431521,0.429746,0.466197,0.469757,0.443652,0.443851,0.433841,0.431057,0.446908,0.462875,0.460638,0.452390,0.460305,0.441360,0.412181,0.442907,0.449392,0.432388,0.420076,0.399968,0.398780,0.437109,0.452819,0.427835,0.409895,0.446699,0.458206,0.442689,0.421666,0.406203,0.441674,0.452215,0.420888,0.364841,0.564587,0.906113,0.937085,0.872035,0.851668,0.850481,0.823978,0.780686,0.733746,0.728012,0.720360,0.606865,0.788345,1.141509,1.144335,1.070669,1.077244,1.060014,1.027206,0.997537,0.945164,0.901127,0.890847,0.920786,0.921716,0.967332,0.963564,0.916677,0.956440,0.970718,0.792259,0.491723,0.435903,0.464156,0.466764,0.439112,0.412779,0.402444,0.346988,0.387140,0.408799,0.366501,0.507879,0.790554,0.809524,0.781219,0.815370,0.791558,0.845424,0.951491,0.984767,0.994035,0.986823,1.067774,0.912022,0.666118,0.671262,0.702543,0.685434,0.727783,0.778219,0.811483,0.790685,0.826180,0.833983,0.873706,0.902625,0.952425,1.000850,1.030572,1.033498,1.015104,1.106439,1.265736,1.287773,1.295424,1.306960,1.285220,1.341976,1.440439,1.430738,1.426760,1.411980,1.411831,1.414471,1.452684,1.452100,1.408980,1.394522,1.463154,1.290580,0.954329,0.949785,0.977507,0.973264,1.027072,0.812847,0.461488,0.429684,0.497849,0.461702,0.449007,0.431920,0.420949,0.464304,0.474101,0.459713,0.461882,0.407859,0.363442
0.476136,0.479787,0.468620,0.455845,0.451004,0.448805,0.429990,0.423051,0.449043,0.458889,0.442395,0.438677,0.461542,0.450624,0.418150,0.417240,0.426262,0.459425,0.473309,0.437375,0.388257,0.416356,0.450327,0.408591,0.422406,0.443705,0.458691,0.451979,0.447785,0.441062,0.436731,0.453113,0.434427,0.363851,0.573701,0.944695,0.993338,0.893662,0.827545,0.858140,0.835060,0.779953,0.753022,0.740530,0.712383,0.591704,0.772675,1.122108,1.147036,1.086385,1.071829,1.062467,1.039373,1.007746,0.955673,0.917109,0.923944,0.977644,0.964716,0.915106,0.868888,0.852395,0.881566,0.890321,0.734039,0.496245,0.461253,0.473169,0.467540,0.437584,0.408397,0.399907,0.374580,0.385827,0.397939,0.382846,0.531933,0.786698,0.787581,0.763174,0.825707,0.862355,0.840935,0.867639,0.910881,0.953040,0.922244,0.994775,0.885612,0.700704,0.713561,0.720337,0.677090,0.792563,0.852472,0.805041,0.798699,0.846535,0.867469,0.880340,0.909085,0.964078,0.993262,1.022071,1.065021,1.074667,1.155875,1.275808,1.316324,1.312048,1.310567,1.320639,1.348004,1.353876,1.358247,1.350399,1.343830,1.319104,1.301998,1.320738,1.349607,1.324865,1.319621,1.367046,1.247028,1.011864,0.974453,0.972218,0.970020,1.014715,0.789634,0.438957,0.417273,0.490883,0.472602,0.458823,0.459353,0.459421,0.459483,0.467327,0.475059,0.454857,0.411871,0.391968
0.428509,0.452291,0.404893,0.400726,0.404685,0.410843,0.403348,0.412026,0.397234,0.391177,0.406225,0.415812,0.392876,0.389269,0.423615,0.414422,0.413907,0.436229,0.403161,0.383903,0.376655,0.377802,0.363367,0.376296,0.394386,0.411205,0.404410,0.390669,0.390800,0.410303,0.355788,0.371767,0.401063,0.332551,0.484957,0.781729,0.746921,0.665349,0.699428,0.679390,0.645974,0.630861,0.636470,0.607204,0.549208,0.478999,0.601656,0.850349,0.823902,0.714931,0.675688,0.666193,0.692820,0.681608,0.679080,0.670309,0.649701,0.615174,0.701568,0.762237,0.761721,0.719784,0.728559,0.754073,0.564576,0.225052,0.184824,0.247879,0.217765,0.211435,0.158265,0.147066,0.162977,0.182161,0.171795,0.173384,0.330413,0.545668,0.611201,0.605560,0.594521,0.595745,0.679001,0.804035,0.842292,0.797443,0.859701,0.959436,0.778372,0.437992,0.440360,0.522582,0.514849,0.560873,0.587303,0.603259,0.635869,0.655997,0.700217,0.703971,0.693961,0.699364,0.702016,0.745802,0.781026,0.787273,0.939669,1.198151,1.253425,1.220826,1.225450,1.245077,1.302576,1.404532,1.431633,1.386113,1.372166,1.390750,1.384904,1.376588,1.387719,1.400835,1.430536,1.469970,1.246527,0.921561,0.855301,0.905800,0.918984,0.943910,0.744998,0.396504,0.384000,0.425001,0.402863,0.422544,0.445145,0.433263,0.384276,0.405169,0.455112,0.438759,0.445232,0.483925
0.364080,0.369479,0.361097,0.360744,0.356156,0.353265,0.357765,0.369102,0.337733,0.351444,0.371318,0.376407,0.364094,0.360289,0.369973,0.392626,0.387009,0.356208,0.351862,0.360234,0.354945,0.348936,0.341496,0.361409,0.336024,0.357306,0.381944,0.347164,0.337022,0.362272,0.326358,0.313564,0.346529,0.297978,0.457245,0.719670,0.697658,0.659534,0.679971,0.624324,0.583081,0.588241,0.566138,0.545996,0.504563,0.444326,0.557456,0.781683,0.757663,0.678723,0.650642,0.637235,0.632687,0.620438,0.622923,0.612781,0.591210,0.578766,0.586182,0.683703,0.698710,0.654412,0.627165,0.672280,0.500756,0.187335,0.161003,0.220800,0.201499,0.194888,0.164758,0.145145,0.167146,0.176681,0.165320,0.166516,0.312573,0.511933,0.556162,0.542629,0.544259,0.538085,0.609026,0.724955,0.743933,0.715868,0.771588,0.850200,0.678018,0.385395,0.351084,0.417844,0.450660,0.476896,0.507833,0.552650,0.589755,0.597339,0.623505,0.645815,0.644152,0.632442,0.647111,0.678105,0.700305,0.700964,0.852548,1.104647,1.155016,1.122140,1.115535,1.109393,1.173906,1.285662,1.317436,1.277320,1.262563,1.281124,1.284218,1.282033,1.276322,1.284590,1.284040,1.332888,1.134859,0.814905,0.775808,0.809611,0.806252,0.846908,0.677799,0.372016,0.338376,0.376565,0.371099,0.364037,0.368600,0.373186,0.348782,0.367519,0.372784,0.378444,0.391719,0.406227
0.410251,0.404067,0.422971,0.417636,0.402381,0.400976,0.412745,0.398073,0.394890,0.416721,0.416756,0.399826,0.414676,0.411312,0.402184,0.423339,0.415319,0.405908,0.432349,0.413835,0.390143,0.432599,0.457011,0.409931,0.404221,0.437010,0.469698,0.424243,0.403762,0.422447,0.450362,0.443327,0.412634,0.370464,0.587997,0.931616,0.997249,0.938494,0.900651,0.848747,0.806028,0.784937,0.756651,0.748103,0.716092,0.636768,0.835302,1.145580,1.178290,1.136301,1.146675,1.096164,1.028210,1.007849,0.960724,0.927766,0.949540,0.975507,0.928223,0.800309,0.758849,0.743972,0.735288,0.739394,0.611850,0.452843,0.435647,0.450549,0.445867,0.431284,0.414689,0.369371,0.370504,0.393591,0.406028,0.356816,0.496721,0.752529,0.747626,0.694783,0.763287,0.774985,0.774114,0.723324,0.721861,0.779151,0.818913,0.877688,0.759166,0.604112,0.620729,0.658433,0.625959,0.690697,0.763592,0.783737,0.807205,0.830880,0.816298,0.885153,0.929356,0.940806,0.968502,0.991826,1.021745,1.023715,1.125499,1.259679,1.307991,1.287962,1.252995,1.278944,1.272336,1.213968,1.215865,1.221617,1.198104,1.213040,1.231970,1.206155,1.209360,1.181663,1.188533,1.224453,1.133881,0.942607,0.937116,0.927712,0.920488,0.987553,0.774463,0.409090,0.401447,0.467422,0.433296,0.387612,0.403210,0.427158,0.462042,0.460328,0.436578,0.432150,0.399171,0.372872
0.410678,0.422104,0.421214,0.411953,0.402424,0.413013,0.427213,0.427496,0.421584,0.417953,0.419213,0.412110,0.400717,0.388751,0.410088,0.439492,0.433482,0.410314,0.414106,0.408557,0.410946,0.457465,0.449485,0.396027,0.423811,0.460350,0.453687,0.421556,0.413678,0.456550,0.475805,0.481494,0.445989,0.381956,0.590972,0.942986,0.981725,0.913525,0.900160,0.877625,0.842684,0.807983,0.794561,0.800694,0.748468,0.617633,0.824438,1.199841,1.234094,1.162740,1.124029,1.102006,1.059711,1.033285,1.001771,0.980601,0.996799,0.983031,0.947576,0.867148,0.853560,0.829998,0.791802,0.800297,0.662963,0.479730,0.437686,0.483209,0.474411,0.430634,0.406671,0.379537,0.359702,0.401119,0.426937,0.367881,0.503223,0.754243,0.815087,0.777913,0.787687,0.796996,0.812383,0.801056,0.776067,0.812249,0.874207,0.921598,0.806336,0.610227,0.628436,0.682883,0.675726,0.728463,0.790550,0.835305,0.845418,0.835430,0.841243,0.886944,0.910228,0.952089,1.013753,1.049977,1.058032,1.052098,1.156226,1.303138,1.337877,1.299175,1.277338,1.326306,1.332786,1.274670,1.283606,1.291615,1.301114,1.308943,1.306700,1.305829,1.295698,1.250588,1.261712,1.315746,1.206614,0.993875,0.990629,0.994770,0.976841,1.008529,0.778160,0.407669,0.379541,0.458177,0.451296,0.408535,0.415124,0.435320,0.447892,0.454858,0.462181,0.423720,0.396618,0.409468
0.426677,0.437221,0.428896,0.394772,0.406804,0.442071,0.443612,0.449092,0.450277,0.415573,0.419922,0.442525,0.422126,0.413702,0.444209,0.452574,0.444362,0.438892,0.449795,0.432948,0.407328,0.440086,0.433480,0.423895,0.443672,0.453962,0.438497,0.441420,0.428296,0.432009,0.448720,0.467220,0.459946,0.394720,0.606085,0.967732,0.985368,0.921580,0.925687,0.886591,0.837413,0.811321,0.792288,0.789394,0.718400,0.597952,0.809623,1.219110,1.243792,1.135986,1.055842,1.061737,1.026457,0.996835,0.995117,0.967982,0.958036,0.959624,0.958007,0.934172,0.925377,0.893413,0.869812,0.880848,0.697230,0.451759,0.441379,0.511462,0.465677,0.424161,0.433919,0.444866,0.402599,0.428072,0.471997,0.404577,0.526367,0.781825,0.872543,0.860542,0.866935,0.865292,0.882179,0.911337,0.909196,0.927411,0.964115,1.010274,0.898706,0.698853,0.701656,0.732437,0.730973,0.768973,0.802565,0.843623,0.863976,0.884295,0.894150,0.921734,0.947153,1.000402,1.047310,1.063291,1.060020,1.078714,1.186368,1.319860,1.345158,1.316839,1.314127,1.345780,1.347136,1.329995,1.335411,1.351788,1.352963,1.348248,1.346080,1.345993,1.324374,1.315134,1.315814,1.378719,1.243386,1.016740,0.986841,1.004510,1.012939,1.032055,0.801018,0.442166,0.396657,0.449136,0.447684,0.427259,0.421923,0.427276,0.476504,0.478633,0.452743,0.425823,0.433765,0.444537
0.434566,0.413905,0.415159,0.397185,0.419893,0.448303,0.414981,0.419790,0.447863,0.431803,0.434301,0.452658,0.404184,0.400460,0.431891,0.414651,0.424219,0.459700,0.456959,0.442823,0.414358,0.432049,0.416821,0.420094,0.469787,0.457535,0.415009,0.429470,0.455347,0.418702,0.417321,0.440741,0.468337,0.416787,0.592369,0.937816,0.983615,0.918334,0.874885,0.841973,0.801496,0.784054,0.776774,0.792377,0.744271,0.625078,0.807142,1.183913,1.192134,1.095463,1.037388,1.017936,0.991177,0.970839,0.942362,0.922972,0.930513,0.914515,0.895003,0.893146,0.866709,0.831339,0.828643,0.821282,0.670403,0.426963,0.428309,0.461753,0.420799,0.430370,0.432841,0.380968,0.361141,0.376276,0.383639,0.324981,0.470116,0.753370,0.794935,0.784708,0.844216,0.864182,0.885025,0.920482,0.934885,0.943760,0.967578,1.035724,0.897273,0.687283,0.709113,0.755502,0.732820,0.792445,0.803569,0.826227,0.874141,0.888039,0.878249,0.944224,0.996570,1.013646,1.020944,1.031809,1.041378,1.085306,1.186044,1.306267,1.326225,1.329281,1.347968,1.339299,1.309875,1.287284,1.294224,1.320226,1.310797,1.321716,1.308924,1.289304,1.291209,1.306051,1.310951,1.342331,1.200571,0.977199,0.955523,0.972075,0.963101,1.011591,0.799257,0.451098,0.415666,0.448270,0.402736,0.434594,0.460691,0.465149,0.488970,0.457874,0.419414,0.416959,0.455744,0.444541
0.451916,0.403849,0.399753,0.434959,0.455258,0.454734,0.436876,0.432678,0.453219,0.463509,0.463896,0.447174,0.418625,0.416637,0.432303,0.410682,0.425966,0.470039,0.481070,0.464472,0.450958,0.438646,0.422668,0.428653,0.471088,0.480326,0.461385,0.446213,0.449396,0.435033,0.419669,0.433087,0.456675,0.399182,0.627126,0.974132,1.002674,0.920396,0.886483,0.842596,0.829248,0.806060,0.789031,0.803168,0.767506,0.655113,0.836228,1.196219,1.218303,1.134834,1.098178,1.064269,1.026250,1.008017,0.973295,0.983470,0.985600,0.943708,0.892344,0.885204,0.905295,0.869384,0.837612,0.796221,0.682398,0.487024,0.456347,0.477391,0.456458,0.466687,0.448902,0.402955,0.385734,0.394561,0.392109,0.387340,0.551652,0.790945,0.869670,0.846423,0.871082,0.913868,0.920079,0.956714,0.943985,0.942790,0.971541,1.042110,0.901516,0.645687,0.683562,0.766920,0.755115,0.807028,0.823385,0.835854,0.882733,0.905495,0.925458,0.954844,1.009341,1.030334,1.017764,1.057858,1.093773,1.115310,1.208931,1.348402,1.357422,1.339450,1.348497,1.354133,1.346951,1.304641,1.314727,1.336263,1.347878,1.337426,1.299199,1.294986,1.328355,1.341737,1.350997,1.387401,1.250819,1.004936,0.980061,0.984230,0.979790,1.046206,0.821722,0.441131,0.429836,0.459359,0.380132,0.438616,0.487233,0.495295,0.495200,0.451491,0.415579,0.422074,0.438150,0.422850
0.408649,0.415186,0.379365,0.399065,0.400051,0.388276,0.396096,0.392966,0.375044,0.394415,0.413494,0.414198,0.399313,0.382047,0.380209,0.397722,0.376199,0.355414,0.358067,0.370843,0.376943,0.360917,0.354435,0.355774,0.326949,0.359747,0.407160,0.360961,0.343649,0.360127,0.327642,0.325286,0.318644,0.304462,0.469110,0.712179,0.690697,0.647925,0.663968,0.625913,0.601020,0.625043,0.591729,0.577390,0.540840,0.473643,0.572700,0.797399,0.803396,0.720637,0.702667,0.689718,0.706097,0.700484,0.694053,0.692122,0.656405,0.611060,0.658833,0.745907,0.761144,0.736988,0.767738,0.817751,0.551853,0.200352,0.173704,0.216196,0.192245,0.194633,0.163380,0.145743,0.165362,0.160293,0.149371,0.152901,0.313175,0.505398,0.547009,0.577672,0.583522,0.561343,0.657298,0.819916,0.874949,0.805103,0.815779,0.914999,0.741006,0.388394,0.363995,0.446433,0.486354,0.489880,0.525944,0.582292,0.566295,0.603833,0.659470,0.645556,0.642690,0.650243,0.655012,0.695872,0.748685,0.734061,0.871450,1.120853,1.158345,1.134825,1.154860,1.125078,1.214521,1.362939,1.401681,1.389299,1.392708,1.357144,1.366764,1.402036,1.392952,1.367970,1.381823,1.421567,1.204915,0.826133,0.808729,0.847491,0.849787,0.890004,0.716086,0.405732,0.357643,0.394062,0.384525,0.411537,0.409609,0.366669,0.345259,0.377530,0.394244,0.382897,0.382277,0.408199
0.361740,0.369310,0.358481,0.352358,0.350312,0.356694,0.367066,0.356031,0.351962,0.345934,0.345399,0.354988,0.367353,0.364725,0.387078,0.395498,0.382863,0.367525,0.346853,0.344515,0.342286,0.330261,0.344619,0.340940,0.331017,0.361610,0.381218,0.328211,0.328919,0.368324,0.329553,0.326366,0.342040,0.311872,0.470045,0.736563,0.708064,0.667974,0.732643,0.652694,0.608580,0.642853,0.625557,0.612428,0.575475,0.500653,0.618676,0.844345,0.832046,0.765731,0.762514,0.697534,0.705475,0.742053,0.716971,0.710085,0.697902,0.633625,0.611667,0.670462,0.648397,0.627217,0.641963,0.688145,0.480818,0.198136,0.189206,0.186716,0.163885,0.177649,0.184733,0.142975,0.165223,0.194485,0.157005,0.118349,0.265368,0.499665,0.525394,0.537274,0.575476,0.567846,0.568268,0.607042,0.641373,0.638322,0.674709,0.748009,0.620471,0.409914,0.389083,0.426962,0.451798,0.495599,0.557118,0.594382,0.581807,0.588593,0.618078,0.669157,0.666233,0.625751,0.629970,0.683249,0.717191,0.704646,0.886409,1.164307,1.171443,1.151634,1.171155,1.135790,1.148905,1.204136,1.223291,1.240598,1.251585,1.238994,1.230224,1.230349,1.249231,1.225110,1.193932,1.255615,1.089273,0.811307,0.833190,0.872583,0.833122,0.877387,0.695577,0.373469,0.338138,0.395323,0.389477,0.404133,0.384976,0.338105,0.361197,0.404426,0.389355,0.347213,0.344196,0.354782
0.415242,0.392375,0.390699,0.385357,0.392181,0.399405,0.400448,0.430432,0.455751,0.407799,0.388300,0.402340,0.383725,0.401405,0.446113,0.423156,0.428985,0.468589,0.447283,0.405113,0.394100,0.420469,0.407210,0.418493,0.465380,0.475348,0.460951,0.421594,0.414534,0.422648,0.417766,0.439571,0.468076,0.400071,0.640901,0.988333,0.995898,0.914855,0.908498,0.870452,0.860778,0.834387,0.791037,0.787374,0.749681,0.685693,0.883832,1.240781,1.236159,1.180028,1.149759,1.097099,1.024761,0.993038,0.985949,0.958595,0.941028,0.944240,0.878496,0.793252,0.802850,0.792474,0.757646,0.716812,0.611202,0.390760,0.397058,0.415411,0.355488,0.366630,0.366696,0.329153,0.305210,0.389902,0.445637,0.330495,0.460026,0.784193,0.854204,0.790654,0.825530,0.865485,0.839216,0.787537,0.779865,0.819397,0.867306,0.926039,0.827388,0.661677,0.723775,0.765133,0.716565,0.765238,0.828855,0.839544,0.881254,0.880478,0.877559,0.961747,1.011806,1.010627,1.032514,1.050085,1.012694,1.034741,1.171933,1.328636,1.325965,1.288499,1.310212,1.351196,1.297747,1.208807,1.217910,1.242098,1.220091,1.242802,1.230883,1.209391,1.207802,1.205171,1.226090,1.289852,1.155676,0.944687,0.960924,0.984251,0.968163,1.019906,0.801103,0.417834,0.400961,0.434061,0.373646,0.420995,0.453329,0.438981,0.464471,0.447662,0.419308,0.380569,0.378250,0.388294
0.451854,0.426650,0.402501,0.409179,0.426430,0.426450,0.442160,0.449043,0.456024,0.445701,0.451513,0.436461,0.415457,0.424868,0.421078,0.396252,0.401559,0.464116,0.486871,0.460135,0.436617,0.460098,0.428762,0.418265,0.446013,0.464590,0.438920,0.483000,0.473681,0.422429,0.439770,0.458716,0.433687,0.378939,0.620094,0.973921,1.007716,0.927302,0.871467,0.856382,0.836481,0.820279,0.786208,0.784993,0.736264,0.628528,0.847899,1.230530,1.250486,1.165424,1.149310,1.156708,1.097840,1.037906,1.010968,0.980566,0.941098,0.946251,0.943689,0.918909,0.905599,0.864061,0.846181,0.822356,0.658622,0.399062,0.363421,0.420926,0.425580,0.400138,0.378272,0.389494,0.347307,0.391396,0.470742,0.373355,0.504460,0.808687,0.872385,0.809508,0.816239,0.864923,0.899238,0.893415,0.928319,0.941927,0.946392,1.000703,0.878796,0.662102,0.699742,0.780906,0.756878,0.765672,0.821423,0.872157,0.886394,0.882316,0.904916,0.958683,1.005233,1.043244,1.074355,1.083961,1.045220,1.056887,1.185515,1.341207,1.352531,1.322493,1.319594,1.345934,1.318204,1.288686,1.298885,1.291637,1.267511,1.290233,1.312051,1.312170,1.312373,1.292421,1.296965,1.343470,1.217763,1.005355,0.956422,0.976588,0.994297,1.025187,0.802977,0.453248,0.418037,0.457435,0.416384,0.442730,0.446391,0.432711,0.443352,0.446511,0.441169,0.402097,0.389129,0.428392
0.464571,0.444321,0.420278,0.445749,0.456055,0.438711,0.463191,0.456511,0.448913,0.454330,0.467902,0.458445,0.436749,0.440066,0.449073,0.410506,0.407774,0.449388,0.474102,0.459358,0.450979,0.464554,0.449986,0.415500,0.422686,0.429920,0.428271,0.502436,0.479127,0.423106,0.422319,0.450048,0.436664,0.400645,0.615523,0.967830,0.997139,0.934220,0.891864,0.858935,0.822218,0.807032,0.770688,0.768824,0.734494,0.654448,0.835856,1.189701,1.199387,1.114584,1.083238,1.120511,1.098483,1.072972,1.015830,0.988382,0.978482,0.933058,0.912581,0.920437,0.896685,0.876917,0.864046,0.837970,0.667297,0.426563,0.386223,0.416373,0.430993,0.455322,0.436651,0.380680,0.393225,0.407360,0.378440,0.332382,0.494125,0.777055,0.806798,0.770045,0.814969,0.840050,0.881100,0.909205,0.943149,0.960843,0.958660,1.005874,0.897177,0.692190,0.692626,0.754464,0.775028,0.756367,0.792306,0.843631,0.849701,0.856891,0.885625,0.931254,0.970271,0.996657,0.999036,1.020842,1.056142,1.084525,1.191423,1.349102,1.341793,1.311640,1.305864,1.308793,1.301918,1.325617,1.336751,1.308202,1.269739,1.280532,1.324438,1.341258,1.327581,1.303335,1.299433,1.343272,1.217753,1.003315,0.952109,0.965918,0.974532,1.019072,0.801664,0.444637,0.404686,0.449981,0.444930,0.460005,0.468843,0.433848,0.443738,0.470121,0.477758,0.416157,0.381271,0.440587
0.489857,0.481224,0.437432,0.432189,0.435066,0.431255,0.444799,0.442670,0.432849,0.443593,0.456118,0.448233,0.435370,0.438064,0.445805,0.446616,0.447097,0.449384,0.463518,0.443749,0.434350,0.451093,0.453366,0.430490,0.436903,0.440815,0.439203,0.493969,0.472767,0.424831,0.442508,0.473563,0.464697,0.389625,0.620962,0.996530,1.019909,0.942055,0.915231,0.893727,0.877962,0.825978,0.791027,0.788345,0.764757,0.697979,0.866454,1.190219,1.186382,1.101638,1.115520,1.098209,1.070874,1.042366,0.996247,0.988512,0.993034,0.918692,0.879312,0.891716,0.867114,0.848776,0.838479,0.836616,0.671459,0.440613,0.417658,0.451849,0.447847,0.454645,0.436872,0.389225,0.393962,0.403098,0.384586,0.370117,0.545638,0.812292,0.826686,0.801454,0.853164,0.853256,0.854453,0.892197,0.908463,0.927477,0.965623,1.028950,0.917120,0.700264,0.705469,0.754278,0.750419,0.777904,0.814525,0.844831,0.873324,0.887754,0.898429,0.925598,0.955409,0.992045,1.007416,1.041647,1.070760,1.086145,1.198198,1.351865,1.340378,1.298569,1.322370,1.337954,1.347726,1.354301,1.380978,1.333728,1.282118,1.294371,1.329975,1.342332,1.334595,1.320761,1.320516,1.365732,1.240202,0.999342,0.970464,0.989154,0.998043,1.052006,0.832838,0.452154,0.423390,0.470099,0.448631,0.467180,0.496598,0.465226,0.435008,0.454739,0.475109,0.430207,0.412627,0.453132
0.479366,0.477678,0.435293,0.411420,0.432752,0.446033,0.449416,0.430677,0.432452,0.427433,0.421724,0.431210,0.444425,0.454273,0.440090,0.461077,0.468265,0.465858,0.492811,0.471700,0.438862,0.410716,0.437545,0.459699,0.437011,0.423885,0.425537,0.461604,0.441145,0.417579,0.454305,0.488264,0.456889,0.370243,0.617086,1.013910,1.030404,0.923631,0.884776,0.868220,0.861486,0.828532,0.798185,0.785270,0.757195,0.688125,0.869298,1.171288,1.186174,1.145862,1.164463,1.103749,1.071415,1.091011,1.047418,1.011411,0.979230,0.962377,0.941623,0.949315,0.938885,0.915561,0.877090,0.904178,0.733182,0.484475,0.463413,0.505491,0.521629,0.495778,0.479781,0.407630,0.444423,0.450649,0.432779,0.377708,0.538479,0.816760,0.863721,0.837344,0.894251,0.884186,0.896361,0.874384,0.918951,0.950677,0.969201,1.028772,0.896464,0.655734,0.675720,0.748605,0.760350,0.768155,0.808101,0.847344,0.879667,0.896585,0.916079,0.938072,0.967590,0.986749,0.994418,1.044406,1.064192,1.062487,1.173658,1.320253,1.316379,1.295395,1.324569,1.335766,1.340372,1.336534,1.357824,1.342812,1.307254,1.303038,1.308195,1.316318,1.348263,1.334502,1.310525,1.348308,1.226669,0.990983,0.977957,1.005703,0.999992,1.077738,0.858393,0.462080,0.419848,0.461404,0.435299,0.477812,0.494830,0.457836,0.433471,0.437396,0.462416,0.449253,0.432333,0.429568
0.331076,0.333423,0.342522,0.345536,0.331414,0.343575,0.338736,0.343926,0.355699,0.315009,0.308571,0.312975,0.364240,0.370646,0.362688,0.378675,0.392527,0.388435,0.359261,0.354434,0.358824,0.318770,0.332760,0.350450,0.348896,0.356205,0.351610,0.330077,0.360778,0.393063,0.350590,0.347325,0.339839,0.291441,0.448233,0.730638,0.707402,0.654701,0.710576,0.650762,0.600737,0.644373,0.635876,0.627093,0.572229,0.473389,0.617417,0.856531,0.843400,0.780531,0.763193,0.705213,0.697565,0.744755,0.700084,0.679546,0.646468,0.621098,0.631632,0.696614,0.645989,0.574726,0.579564,0.622674,0.464993,0.174754,0.162966,0.202426,0.191605,0.183468,0.174120,0.146986,0.174238,0.172489,0.164874,0.122743,0.275121,0.520516,0.552950,0.536143,0.566589,0.578613,0.555760,0.531582,0.580924,0.605892,0.643731,0.707076,0.579466,0.391391,0.399731,0.446915,0.447918,0.493123,0.555814,0.598352,0.592769,0.597795,0.616511,0.675465,0.652401,0.620902,0.638201,0.692120,0.690395,0.685726,0.852344,1.126854,1.164793,1.147524,1.145062,1.126727,1.131490,1.146865,1.133848,1.148502,1.186852,1.170958,1.165721,1.136574,1.169105,1.150324,1.147208,1.221825,1.059415,0.796227,0.805219,0.840235,0.818243,0.878912,0.690723,0.362680,0.340817,0.390036,0.365796,0.371058,0.365499,0.333224,0.369848,0.389004,0.349533,0.355034,0.385187,0.374547
0.342909,0.354235,0.360539,0.341737,0.327230,0.350788,0.366885,0.366580,0.339678,0.329691,0.346595,0.338161,0.313859,0.331200,0.341608,0.364674,0.365252,0.359235,0.336666,0.328504,0.347569,0.359987,0.359481,0.358457,0.358462,0.362756,0.372172,0.344646,0.359016,0.393315,0.346548,0.355185,0.365511,0.306477,0.469747,0.770560,0.763706,0.697151,0.713750,0.685796,0.644827,0.674852,0.645874,0.626089,0.598220,0.516863,0.661763,0.903143,0.891990,0.810869,0.764265,0.739879,0.730088,0.734278,0.716130,0.711687,0.712346,0.660978,0.651977,0.677416,0.659632,0.606148,0.614184,0.640221,0.482090,0.207934,0.190668,0.219402,0.204040,0.208335,0.199907,0.169529,0.199177,0.224429,0.181067,0.150390,0.305452,0.529526,0.550274,0.538747,0.562185,0.582650,0.583642,0.587892,0.606502,0.615095,0.686861,0.748939,0.615040,0.408434,0.432062,0.479073,0.477153,0.512036,0.563641,0.608642,0.603473,0.625145,0.653799,0.682152,0.686942,0.673687,0.685189,0.711807,0.699319,0.691679,0.860155,1.170876,1.246118,1.213290,1.160603,1.159061,1.152682,1.149228,1.159059,1.172131,1.171132,1.185845,1.196927,1.181363,1.173063,1.149427,1.161381,1.228138,1.082233,0.831119,0.823502,0.877601,0.878737,0.913604,0.688821,0.342765,0.317948,0.377277,0.395957,0.382441,0.365315,0.352548,0.366226,0.373010,0.351431,0.296380,0.337588,0.384441
0.479485,0.464550,0.420532,0.408972,0.437354,0.452169,0.476165,0.441330,0.418888,0.432210,0.454720,0.444765,0.402367,0.392751,0.409800,0.417806,0.423615,0.426076,0.462038,0.448625,0.423646,0.448268,0.449394,0.445446,0.441244,0.426997,0.402827,0.421879,0.441577,0.396791,0.425738,0.460634,0.469754,0.369461,0.614820,1.029380,1.070913,0.959143,0.890097,0.890916,0.900049,0.849355,0.791715,0.768262,0.763564,0.738891,0.899102,1.190273,1.225387,1.187283,1.176941,1.139937,1.127652,1.112244,1.060267,1.028742,1.024008,0.994085,0.955449,0.949821,0.936293,0.944327,0.925260,0.898748,0.727662,0.547129,0.504733,0.501526,0.487905,0.565233,0.546702,0.445992,0.497797,0.490826,0.396688,0.392312,0.523613,0.781697,0.857245,0.836227,0.823803,0.853117,0.917502,0.973405,0.956838,0.960740,0.996272,1.018354,0.905384,0.702533,0.670798,0.767497,0.823187,0.776201,0.800791,0.859052,0.864279,0.865721,0.934053,0.949635,0.987486,1.020724,1.021396,1.028002,1.071638,1.072174,1.193246,1.335119,1.363855,1.321096,1.293835,1.290740,1.318716,1.344503,1.367435,1.316717,1.260688,1.276880,1.301621,1.325850,1.326575,1.322712,1.299227,1.336731,1.238375,1.015533,0.943403,0.975501,1.014795,1.037876,0.797639,0.439873,0.412433,0.469282,0.450639,0.450726,0.461581,0.452542,0.433781,0.434678,0.456003,0.434134,0.399494,0.428580
0.457620,0.417961,0.409156,0.441784,0.457211,0.421789,0.423395,0.431773,0.442173,0.438353,0.446095,0.447895,0.439572,0.410533,0.420393,0.432185,0.432812,0.427060,0.474481,0.489361,0.448699,0.443412,0.436735,0.435394,0.445446,0.448556,0.411018,0.415372,0.434293,0.425786,0.444925,0.450378,0.434747,0.378320,0.619977,0.994248,1.024752,0.941225,0.923826,0.913739,0.897724,0.856366,0.816110,0.774063,0.749746,0.682235,0.852227,1.187246,1.210011,1.143658,1.150181,1.099508,1.089383,1.097744,1.033895,1.011610,1.014726,0.937783,0.911147,0.944301,0.932268,0.902475,0.886944,0.876077,0.712116,0.497173,0.493530,0.497839,0.467055,0.529032,0.536686,0.489417,0.458125,0.455048,0.417138,0.381028,0.543348,0.825292,0.896756,0.872632,0.901806,0.884256,0.922833,0.931327,0.936656,0.941073,0.949883,0.981970,0.866761,0.686539,0.671608,0.737397,0.776913,0.771230,0.806321,0.846808,0.861221,0.890129,0.944308,0.976809,0.995075,0.995064,1.041846,1.079950,1.089769,1.087189,1.186919,1.323234,1.357988,1.324765,1.308847,1.302335,1.333285,1.363745,1.336281,1.296266,1.288952,1.304667,1.309508,1.294017,1.312388,1.322761,1.306363,1.357078,1.256608,1.022830,0.948593,0.944730,0.970786,1.050629,0.817990,0.435886,0.420806,0.472320,0.412320,0.402824,0.421781,0.442387,0.431788,0.435519,0.440338,0.436648,0.423373,0.445742
0.435781,0.414705,0.428983,0.466098,0.464760,0.413169,0.397701,0.438085,0.458725,0.445634,0.435212,0.426255,0.449911,0.473385,0.457486,0.472045,0.456898,0.445799,0.442875,0.450791,0.465313,0.463869,0.453460,0.437635,0.429831,0.435960,0.449461,0.409441,0.410618,0.440479,0.443006,0.449980,0.452615,0.421109,0.631115,0.969726,1.005076,0.940842,0.921299,0.915591,0.903767,0.873015,0.826664,0.791330,0.754572,0.667775,0.869326,1.215980,1.196126,1.096098,1.102058,1.062483,1.045109,1.063929,1.019293,1.009291,1.010450,0.928360,0.905995,0.930834,0.937723,0.889036,0.844225,0.864691,0.732589,0.527650,0.507982,0.501146,0.478909,0.490693,0.487847,0.430283,0.420491,0.428257,0.434360,0.417486,0.583716,0.835543,0.888241,0.883493,0.923807,0.904144,0.882532,0.893160,0.899915,0.890648,0.922081,1.008952,0.881899,0.631883,0.673346,0.746260,0.750792,0.797603,0.831663,0.832061,0.879564,0.951253,0.958316,0.973381,0.983213,1.008387,1.048582,1.093066,1.111684,1.102772,1.183226,1.322962,1.332663,1.310852,1.325237,1.326156,1.338668,1.363333,1.366765,1.342408,1.334952,1.335365,1.322176,1.307335,1.336782,1.331653,1.297722,1.367060,1.255274,1.004942,0.983828,1.005175,1.004803,1.062259,0.828240,0.441977,0.419293,0.465536,0.425530,0.421398,0.470890,0.465352,0.425343,0.413425,0.447909,0.442882,0.421663,0.429607
0.417609,0.421690,0.442976,0.432728,0.438624,0.431653,0.415940,0.431273,0.450348,0.429255,0.412443,0.419892,0.453478,0.484163,0.453287,0.459243,0.459880,0.464307,0.451589,0.428467,0.426342,0.431656,0.458325,0.447294,0.419184,0.418713,0.430780,0.414499,0.400155,0.420613,0.435872,0.454061,0.451200,0.384303,0.616907,0.996960,1.020183,0.937153,0.916599,0.906532,0.884450,0.849992,0.815462,0.811982,0.773243,0.688376,0.858160,1.193689,1.187004,1.109807,1.120250,1.084609,1.017441,1.009376,1.006672,1.021562,1.009275,0.964257,0.954220,0.975091,0.973730,0.915037,0.878135,0.891132,0.757558,0.558517,0.473567,0.473963,0.472422,0.502749,0.466052,0.392182,0.394293,0.411581,0.415188,0.385901,0.548991,0.823052,0.899737,0.886709,0.885226,0.876746,0.888475,0.905231,0.912937,0.911988,0.955111,1.059155,0.918413,0.668121,0.690617,0.760556,0.758418,0.790224,0.835835,0.856548,0.904951,0.958751,0.975398,0.985828,0.972219,1.020253,1.089720,1.127048,1.103696,1.103413,1.190012,1.298714,1.318256,1.334906,1.342356,1.341772,1.309453,1.323947,1.326611,1.341802,1.357427,1.333970,1.315816,1.309739,1.320111,1.327535,1.322337,1.373292,1.232359,0.981708,0.971843,1.007014,1.019753,1.046923,0.836180,0.473478,0.415151,0.459086,0.448256,0.436475,0.449839,0.477281,0.423650,0.406166,0.441798,0.443906,0.423356,0.419419
0.424316,0.428200,0.429318,0.422450,0.420957,0.422905,0.412295,0.421939,0.441230,0.442462,0.423399,0.439403,0.481397,0.487356,0.446665,0.427069,0.448591,0.475818,0.456093,0.418072,0.413867,0.413772,0.438125,0.445163,0.417440,0.400058,0.413071,0.428809,0.425117,0.438796,0.437001,0.457387,0.453905,0.364320,0.591761,0.959464,0.995270,0.921312,0.897488,0.905016,0.898763,0.874097,0.815054,0.807732,0.780748,0.691974,0.857543,1.195546,1.197633,1.141366,1.143845,1.109012,1.065677,1.055923,1.050397,1.020396,0.986621,0.965131,0.945369,0.951009,0.963088,0.960220,0.917913,0.877291,0.737650,0.530862,0.434135,0.455589,0.477962,0.509825,0.469843,0.413014,0.419414,0.433774,0.418023,0.386098,0.538621,0.808522,0.880710,0.842713,0.827956,0.858341,0.876414,0.870040,0.902524,0.944282,0.942577,1.004072,0.883575,0.673584,0.691382,0.753428,0.755491,0.746718,0.815796,0.879590,0.881326,0.909595,0.960298,0.968718,0.963589,0.998709,1.026478,1.054886,1.069146,1.116092,1.187033,1.265495,1.325386,1.364724,1.346234,1.315909,1.290992,1.292590,1.311776,1.325088,1.331955,1.322709,1.329088,1.318435,1.276666,1.293759,1.367408,1.360360,1.204282,0.974134,0.956938,0.977620,1.013034,1.039958,0.825940,0.469442,0.417653,0.461892,0.457034,0.445430,0.430360,0.437932,0.432422,0.433102,0.438770,0.441041,0.436853,0.439742
0.358415,0.348368,0.339162,0.336720,0.338978,0.354843,0.332481,0.343414,0.333507,0.333954,0.345401,0.350533,0.317144,0.321075,0.343443,0.349860,0.354517,0.351190,0.362475,0.348027,0.332950,0.326869,0.334750,0.333856,0.348752,0.347787,0.379041,0.364539,0.369518,0.378846,0.342027,0.356903,0.324162,0.288342,0.460796,0.768893,0.752276,0.706094,0.719995,0.677722,0.651181,0.688329,0.668290,0.643307,0.605829,0.531902,0.677153,0.905799,0.900003,0.821707,0.794572,0.768909,0.760728,0.761775,0.742884,0.716348,0.695659,0.678100,0.646067,0.623477,0.608826,0.582976,0.595365,0.632647,0.450906,0.184831,0.185976,0.202517,0.160294,0.184244,0.187025,0.160948,0.186481,0.212583,0.185108,0.120012,0.264142,0.518869,0.534901,0.517455,0.558374,0.582495,0.566261,0.552061,0.602469,0.620852,0.675952,0.706589,0.607178,0.417826,0.432241,0.469308,0.452634,0.508516,0.579550,0.626945,0.592358,0.584730,0.635731,0.691163,0.698771,0.646024,0.687668,0.716728,0.699151,0.695092,0.862402,1.161310,1.196856,1.163583,1.168951,1.155784,1.150204,1.166870,1.172757,1.176817,1.154018,1.168351,1.182323,1.203505,1.174855,1.143811,1.171871,1.226360,1.063802,0.829066,0.808706,0.864673,0.836853,0.879449,0.673827,0.347658,0.325935,0.372143,0.367649,0.353394,0.356045,0.352938,0.378114,0.380899,0.353855,0.308124,0.361717,0.399101
0.342280,0.353159,0.349201,0.337129,0.346788,0.358424,0.325403,0.332184,0.316541,0.311918,0.306442,0.328504,0.313029,0.323187,0.356605,0.338331,0.350414,0.366638,0.331569,0.322823,0.345304,0.361266,0.355569,0.333994,0.369860,0.374348,0.352490,0.359949,0.381847,0.396042,0.353538,0.350873,0.344052,0.297578,0.459342,0.761870,0.791836,0.730083,0.718265,0.675175,0.679597,0.690181,0.669752,0.634718,0.597261,0.551043,0.677742,0.900849,0.894207,0.814513,0.792080,0.782673,0.788473,0.796227,0.772258,0.755487,0.733193,0.714322,0.702813,0.680753,0.649409,0.607421,0.639087,0.668284,0.486894,0.210908,0.207854,0.222576,0.186793,0.216006,0.226679,0.193000,0.229711,0.241499,0.179433,0.135481,0.290189,0.536609,0.562569,0.544226,0.594794,0.608603,0.613580,0.616193,0.630970,0.628349,0.672236,0.732826,0.643846,0.458204,0.446686,0.474858,0.488012,0.534226,0.573171,0.600439,0.599639,0.621263,0.684773,0.716259,0.705962,0.655617,0.690939,0.735217,0.742170,0.713671,0.853793,1.151168,1.183240,1.144697,1.149977,1.150603,1.151976,1.166577,1.172210,1.184471,1.187460,1.180629,1.182808,1.180468,1.151892,1.130724,1.167974,1.209441,1.047215,0.820194,0.813217,0.853510,0.815907,0.875140,0.687142,0.348156,0.314972,0.361303,0.341408,0.345323,0.375340,0.372543,0.370289,0.353108,0.331345,0.315006,0.341856,0.365753
0.422392,0.405767,0.424797,0.448231,0.443772,0.413057,0.406989,0.417128,0.444493,0.421773,0.408496,0.441957,0.485766,0.499428,0.450843,0.428513,0.443597,0.474057,0.460997,0.426155,0.423006,0.452092,0.463779,0.448034,0.420237,0.410481,0.403857,0.428526,0.441947,0.444311,0.454206,0.461820,0.459085,0.374821,0.598433,0.947817,1.035101,0.978705,0.918151,0.920994,0.928685,0.903749,0.837566,0.814751,0.765424,0.668853,0.847362,1.194778,1.180843,1.108293,1.117058,1.081501,1.076260,1.122024,1.084600,1.030411,0.985696,0.949831,0.959589,0.951933,0.952007,0.953094,0.906491,0.880906,0.717716,0.548439,0.459777,0.530357,0.599139,0.535212,0.511935,0.569535,0.524174,0.444832,0.459159,0.532142,0.701899,0.869013,0.895711,0.885438,0.869996,0.880849,0.906043,0.954273,0.939543,0.925505,0.936485,1.022646,0.920816,0.705447,0.704936,0.781923,0.790159,0.766692,0.808107,0.869682,0.894593,0.939949,0.968919,0.986938,0.968161,0.992742,1.034006,1.091962,1.095889,1.128535,1.205005,1.272293,1.303031,1.327887,1.323863,1.311281,1.304916,1.331316,1.351070,1.339409,1.332232,1.319356,1.314969,1.314394,1.297857,1.298596,1.354245,1.336029,1.195652,0.974081,0.976345,0.965173,0.976269,1.043011,0.829887,0.437191,0.409381,0.458647,0.431274,0.439253,0.442169,0.444546,0.422385,0.424658,0.450956,0.489017,0.441786,0.414924
0.438486,0.415114,0.421664,0.453365,0.476070,0.454351,0.432478,0.429436,0.450617,0.447792,0.443412,0.456705,0.505858,0.480058,0.421830,0.433725,0.446180,0.444265,0.458005,0.446672,0.435971,0.417934,0.439630,0.457756,0.414872,0.410200,0.451403,0.434594,0.425074,0.445289,0.463388,0.475693,0.457651,0.408190,0.625178,0.952498,0.996345,0.955415,0.951689,0.941178,0.917498,0.892709,0.867009,0.853650,0.810956,0.699763,0.885184,1.195230,1.193242,1.123112,1.105246,1.081840,1.062704,1.093229,1.062996,1.017171,0.983253,0.944314,0.925586,0.924705,0.939889,0.955980,0.910436,0.870541,0.728397,0.580056,0.500523,0.521668,0.549278,0.498670,0.475687,0.510144,0.456116,0.448663,0.492232,0.544200,0.676014,0.882653,0.902401,0.889134,0.927633,0.904906,0.900495,0.917457,0.935863,0.970078,0.987168,1.056306,0.934867,0.739730,0.747631,0.779422,0.750622,0.755584,0.814498,0.869506,0.896716,0.936819,0.947817,0.999022,0.992563,1.014031,1.074199,1.131143,1.124392,1.152533,1.228039,1.289267,1.319669,1.315412,1.329049,1.322720,1.331296,1.350519,1.320158,1.333906,1.360440,1.327417,1.317275,1.362018,1.333708,1.310486,1.336933,1.353753,1.205055,0.986950,0.970293,0.970992,0.968529,1.032546,0.830519,0.460478,0.404536,0.457925,0.459179,0.450190,0.454332,0.466737,0.423459,0.432252,0.475057,0.470573,0.450586,0.467069
0.453683,0.431975,0.417034,0.422326,0.445860,0.454291,0.429970,0.427676,0.450974,0.438413,0.426238,0.444797,0.474425,0.463664,0.468245,0.439296,0.454354,0.462323,0.439304,0.428024,0.439094,0.414955,0.405789,0.437184,0.437377,0.439764,0.459533,0.429898,0.430072,0.456165,0.454967,0.459577,0.445125,0.377591,0.626884,0.996471,1.016560,0.941213,0.957640,0.926642,0.902789,0.887060,0.849817,0.832328,0.832559,0.726876,0.896897,1.209681,1.211034,1.157884,1.148876,1.139428,1.107942,1.080440,1.048668,1.023339,0.993164,0.969223,0.955189,0.957317,0.941538,0.929251,0.937452,0.928728,0.809421,0.567789,0.482053,0.485098,0.477403,0.456413,0.442599,0.416437,0.412623,0.464923,0.489122,0.457656,0.617390,0.848908,0.878808,0.867507,0.906990,0.907521,0.892495,0.861890,0.902493,0.979732,1.010384,1.048124,0.905638,0.708927,0.743966,0.776459,0.766347,0.776671,0.813091,0.875235,0.887347,0.933256,0.955573,0.968675,0.991177,1.030406,1.070369,1.100794,1.102878,1.126185,1.192061,1.285531,1.312013,1.287504,1.316007,1.315783,1.331389,1.342846,1.297045,1.312811,1.329895,1.298539,1.292904,1.359319,1.338867,1.310003,1.353925,1.357565,1.199471,0.979135,0.934017,0.962672,0.981295,1.032501,0.808932,0.449633,0.394849,0.451076,0.449974,0.447072,0.475818,0.489324,0.447990,0.438141,0.449161,0.447677,0.447698,0.489465
0.453803,0.443535,0.432309,0.428652,0.406583,0.430279,0.429319,0.423866,0.428916,0.415253,0.409091,0.427374,0.449697,0.455660,0.443759,0.431329,0.429310,0.465931,0.450769,0.428417,0.420284,0.420655,0.416745,0.443591,0.451809,0.456792,0.453684,0.456686,0.459350,0.457743,0.451285,0.450003,0.417303,0.372055,0.610225,0.986422,1.016108,0.948500,0.944155,0.935064,0.928220,0.928450,0.871835,0.847759,0.804320,0.716349,0.901763,1.237553,1.231525,1.163734,1.178845,1.159789,1.124445,1.091280,1.086100,1.045903,1.006571,0.992160,0.978257,0.963787,0.960117,0.952707,0.937850,0.952239,0.825240,0.573561,0.476880,0.482946,0.485782,0.486200,0.470777,0.448156,0.425476,0.442072,0.438378,0.425990,0.592879,0.840180,0.886015,0.871836,0.894131,0.941116,0.924216,0.909917,0.926972,0.981301,1.023677,1.052546,0.921850,0.725892,0.722341,0.797947,0.800267,0.793624,0.824477,0.899448,0.919264,0.948608,0.974365,0.962440,0.982045,1.034098,1.052723,1.063062,1.097188,1.127322,1.201294,1.294855,1.296390,1.290639,1.334246,1.326662,1.329603,1.337059,1.287382,1.293703,1.310004,1.303108,1.310460,1.348622,1.337749,1.316464,1.352850,1.363106,1.214929,1.000397,0.953305,0.971781,0.970855,1.037408,0.808462,0.443074,0.402621,0.442078,0.424044,0.441045,0.460461,0.459220,0.441656,0.442809,0.452825,0.454150,0.442003,0.458260
0.427214,0.431216,0.425945,0.416530,0.397055,0.399851,0.410363,0.387878,0.386634,0.401568,0.396955,0.403359,0.439669,0.441255,0.400689,0.416117,0.424015,0.444769,0.446034,0.433011,0.424465,0.428697,0.427834,0.418364,0.432588,0.441980,0.430512,0.443585,0.462232,0.444505,0.432157,0.446286,0.435884,0.361321,0.574738,0.947589,0.948484,0.895749,0.921129,0.891239,0.875136,0.874226,0.840535,0.808199,0.742528,0.681070,0.880461,1.194152,1.179205,1.102233,1.108852,1.092129,1.053207,1.021606,1.018264,0.982108,0.937069,0.901409,0.878510,0.870099,0.898024,0.877646,0.856943,0.862576,0.719121,0.493395,0.432456,0.430856,0.433566,0.419693,0.429040,0.428655,0.404937,0.394443,0.365842,0.351159,0.539063,0.809814,0.816158,0.779762,0.836250,0.869011,0.869413,0.894033,0.901393,0.919042,0.943326,0.989860,0.871167,0.661057,0.664766,0.713414,0.736035,0.763179,0.786166,0.832985,0.842653,0.877810,0.909964,0.921960,0.946460,0.971638,1.006330,1.043040,1.086779,1.088687,1.151568,1.242061,1.226168,1.243541,1.273050,1.245420,1.258885,1.284427,1.253647,1.240186,1.253299,1.233865,1.252936,1.295142,1.288200,1.254798,1.252206,1.296550,1.162220,0.956560,0.916538,0.922864,0.913838,0.974037,0.774961,0.407712,0.375379,0.426456,0.398301,0.400237,0.412327,0.420669,0.429578,0.421892,0.425231,0.429493,0.433330,0.431790
0.352654,0.356782,0.350196,0.335474,0.345114,0.337692,0.337716,0.353465,0.316323,0.316661,0.317914,0.318361,0.319387,0.356292,0.364901,0.341665,0.352266,0.369252,0.370529,0.334263,0.337965,0.376259,0.382159,0.334843,0.363972,0.369048,0.350846,0.362114,0.367893,0.363592,0.343612,0.352562,0.359192,0.308932,0.484466,0.800817,0.811788,0.736679,0.736124,0.688278,0.675046,0.686791,0.649378,0.617404,0.584090,0.546490,0.679029,0.899304,0.871600,0.785984,0.773575,0.737178,0.707159,0.729428,0.708136,0.712796,0.720830,0.655389,0.607617,0.619477,0.603643,0.591644,0.608892,0.612176,0.441942,0.205775,0.189265,0.203993,0.168099,0.212094,0.217858,0.173192,0.198392,0.199554,0.152399,0.129069,0.279114,0.515638,0.536084,0.526093,0.590813,0.588418,0.600888,0.639597,0.620721,0.624161,0.660269,0.724973,0.613841,0.428486,0.413456,0.456237,0.494608,0.510405,0.544894,0.589880,0.596430,0.636120,0.682784,0.708598,0.697172,0.658527,0.721219,0.748277,0.733203,0.721707,0.881677,1.151966,1.185822,1.169794,1.145622,1.132811,1.125761,1.147479,1.167805,1.175553,1.167081,1.177084,1.174885,1.161440,1.150638,1.131927,1.144338,1.205467,1.061245,0.790158,0.800717,0.849457,0.830516,0.892944,0.684777,0.328003,0.313192,0.366455,0.340648,0.340681,0.334305,0.336401,0.363742,0.342614,0.310989,0.310569,0.357156,0.377118
0.321372,0.322008,0.322147,0.334611,0.349806,0.334521,0.307257,0.310057,0.328167,0.325916,0.325377,0.311949,0.308291,0.315509,0.332391,0.343235,0.347038,0.332282,0.324081,0.339758,0.341479,0.331992,0.339988,0.353670,0.358527,0.333004,0.347279,0.339110,0.338089,0.343635,0.354515,0.351739,0.346961,0.327341,0.486148,0.749305,0.783252,0.720609,0.707218,0.679598,0.686762,0.714188,0.641990,0.595055,0.584500,0.544246,0.641163,0.846809,0.859886,0.785294,0.738963,0.738947,0.732013,0.718145,0.705697,0.682098,0.662002,0.683729,0.660895,0.614836,0.566075,0.571737,0.601351,0.564649,0.389113,0.184850,0.182105,0.198529,0.155812,0.188247,0.196941,0.163085,0.173745,0.179565,0.154694,0.142591,0.255841,0.461593,0.505384,0.499722,0.555056,0.592792,0.602617,0.623491,0.640476,0.634861,0.638839,0.701915,0.606800,0.419856,0.417552,0.463896,0.473190,0.468347,0.509720,0.560411,0.560009,0.602406,0.657530,0.667599,0.651836,0.627733,0.684246,0.715276,0.717682,0.701097,0.828663,1.102705,1.128031,1.102580,1.079816,1.081730,1.101007,1.109017,1.114569,1.101525,1.103577,1.117845,1.132699,1.126435,1.106173,1.085339,1.127654,1.155575,1.016390,0.765396,0.766548,0.785778,0.771517,0.831036,0.634553,0.318799,0.291943,0.338614,0.305770,0.317329,0.327132,0.316284,0.341483,0.336144,0.303665,0.328635,0.332147,0.332613
0.380998,0.387887,0.408518,0.437953,0.425676,0.408346,0.409002,0.410030,0.436878,0.448489,0.422686,0.419218,0.457191,0.437939,0.389018,0.434852,0.458116,0.447009,0.403339,0.431945,0.456944,0.403951,0.395947,0.450743,0.416032,0.415509,0.435557,0.416194,0.425077,0.459847,0.459939,0.467048,0.454739,0.387669,0.620516,1.006159,0.998836,0.943193,0.966911,0.952098,0.931770,0.895638,0.839738,0.836032,0.832418,0.717643,0.888244,1.213501,1.212228,1.140808,1.097739,1.106026,1.088652,1.036519,1.009658,0.980072,0.948481,0.939540,0.955796,0.909137,0.904665,0.877437,0.849731,0.871850,0.735894,0.517361,0.433470,0.432391,0.399392,0.363317,0.341826,0.357680,0.336831,0.351661,0.368144,0.375985,0.556630,0.785385,0.813951,0.798834,0.832279,0.865421,0.878021,0.875529,0.908331,0.914629,0.937807,0.988238,0.875823,0.663484,0.691907,0.734472,0.708944,0.760058,0.770474,0.767879,0.806210,0.846174,0.888351,0.910224,0.924491,0.958553,0.990541,1.049021,1.093929,1.094907,1.162748,1.251536,1.227949,1.221309,1.259424,1.263681,1.286565,1.280603,1.231789,1.237850,1.269551,1.219844,1.243932,1.293318,1.287501,1.266022,1.280179,1.305994,1.157270,0.954293,0.910966,0.905397,0.899573,0.971274,0.776884,0.379624,0.366761,0.424757,0.406823,0.403959,0.413185,0.416035,0.420397,0.434109,0.455178,0.439956,0.423270,0.387066
0.404852,0.409206,0.433952,0.419546,0.414271,0.430755,0.447778,0.443453,0.436896,0.430779,0.406836,0.418480,0.468148,0.458098,0.404178,0.428237,0.448585,0.444506,0.430593,0.436067,0.445381,0.432147,0.431736,0.440900,0.438714,0.428666,0.434459,0.445804,0.471729,0.475930,0.445610,0.451377,0.463482,0.413998,0.637510,0.995807,1.012252,0.970160,0.994986,0.956157,0.913092,0.863323,0.833369,0.844723,0.836821,0.718176,0.912306,1.266230,1.242279,1.135908,1.094774,1.054872,1.073404,1.099505,1.041257,1.000594,0.979217,0.935794,0.921698,0.917470,0.896969,0.882641,0.863098,0.872336,0.738266,0.525844,0.470653,0.513829,0.487446,0.406936,0.375685,0.342775,0.353564,0.364721,0.355912,0.335837,0.540502,0.829989,0.840516,0.827362,0.868612,0.842716,0.825850,0.849385,0.934765,0.950679,0.927913,0.990613,0.883233,0.655692,0.673470,0.755486,0.777607,0.771174,0.777343,0.795425,0.829619,0.869762,0.901393,0.925856,0.955859,1.010392,1.019846,1.051632,1.093204,1.112482,1.201683,1.262331,1.259887,1.252628,1.252121,1.272895,1.281962,1.288110,1.258988,1.256308,1.264105,1.266597,1.284654,1.303197,1.301200,1.259362,1.264086,1.308190,1.162526,0.959236,0.949031,0.950763,0.924714,0.986103,0.784653,0.380503,0.375618,0.427514,0.420543,0.433891,0.426018,0.384912,0.422113,0.443558,0.421745,0.425814,0.444784,0.440314
0.421958,0.431127,0.452216,0.438122,0.435004,0.439434,0.436274,0.437175,0.431483,0.434780,0.423335,0.427431,0.441133,0.458741,0.450556,0.453989,0.463181,0.474084,0.474821,0.462095,0.423278,0.424226,0.441386,0.456373,0.478455,0.463297,0.441155,0.470767,0.495278,0.470012,0.455024,0.464868,0.473230,0.442688,0.648261,0.992927,1.035257,0.978695,0.964220,0.923206,0.877184,0.840720,0.813561,0.807550,0.767658,0.706082,0.902998,1.245063,1.231307,1.135267,1.124564,1.061645,1.035958,1.032406,1.039570,1.002659,0.958036,0.952777,0.917458,0.855846,0.851971,0.864881,0.835756,0.813533,0.691835,0.506172,0.444718,0.441866,0.472448,0.458550,0.443522,0.397348,0.386130,0.379872,0.363423,0.354437,0.526415,0.796389,0.821050,0.842336,0.872630,0.839615,0.834735,0.871097,0.947298,0.963880,0.938113,0.996885,0.902127,0.685825,0.668507,0.737292,0.782460,0.756367,0.776732,0.846231,0.854854,0.892369,0.937245,0.942397,0.977653,1.049848,1.032417,1.042399,1.103139,1.115254,1.165293,1.232576,1.264599,1.256936,1.302673,1.291821,1.262408,1.264109,1.278605,1.265954,1.264929,1.289345,1.312508,1.308147,1.296380,1.283107,1.299284,1.330536,1.178264,0.962040,0.945756,0.960772,0.946542,0.993565,0.760990,0.385408,0.332792,0.403297,0.383649,0.393063,0.406956,0.400476,0.443148,0.445231,0.411993,0.438790,0.448505,0.436852
0.431939,0.421777,0.432871,0.461857,0.448719,0.409426,0.422413,0.436359,0.431744,0.439894,0.430292,0.419480,0.421393,0.440137,0.457246,0.455586,0.466819,0.487578,0.458129,0.447710,0.411719,0.402181,0.429166,0.481644,0.469151,0.434634,0.434638,0.480570,0.489886,0.462991,0.461876,0.486678,0.466388,0.417985,0.630341,1.006617,1.036807,0.958785,0.925868,0.892959,0.842161,0.822096,0.825159,0.809431,0.732370,0.694537,0.909672,1.232859,1.253872,1.143630,1.105059,1.092962,1.060274,1.048211,1.056984,1.053893,0.985054,0.959050,0.909836,0.870199,0.876464,0.881573,0.855655,0.843395,0.718472,0.475983,0.448407,0.465860,0.485765,0.511264,0.482719,0.401116,0.385612,0.402531,0.381899,0.352307,0.518842,0.799961,0.828927,0.797237,0.831141,0.827776,0.861071,0.906846,0.921437,0.944087,0.975043,1.017805,0.894228,0.697849,0.688199,0.747684,0.772070,0.773610,0.795080,0.843788,0.865280,0.897360,0.918791,0.927446,0.947572,1.001582,1.018092,1.057001,1.120483,1.114591,1.139136,1.217760,1.259430,1.262248,1.287983,1.284002,1.260285,1.245636,1.270729,1.271282,1.256663,1.274055,1.291638,1.289138,1.274778,1.290379,1.312464,1.328683,1.172469,0.937217,0.918632,0.962108,0.954304,0.988404,0.763821,0.406835,0.388911,0.424770,0.357792,0.372204,0.395225,0.403200,0.431043,0.430635,0.384992,0.423514,0.449057,0.444491
0.425159,0.398747,0.411706,0.431576,0.443323,0.426414,0.430897,0.431097,0.444236,0.446389,0.433616,0.418111,0.438033,0.448428,0.448369,0.467170,0.483887,0.471586,0.435268,0.424532,0.415006,0.425174,0.447282,0.470921,0.437411,0.426938,0.443520,0.472370,0.480408,0.465606,0.448559,0.466346,0.465012,0.404570,0.607828,0.979724,1.015294,0.966057,0.953560,0.902202,0.858725,0.845647,0.846976,0.828621,0.771013,0.694393,0.892169,1.220606,1.263075,1.150322,1.081008,1.067220,1.050863,1.025977,1.035522,1.000450,0.963306,0.922117,0.904110,0.876273,0.892241,0.879524,0.835827,0.864289,0.706895,0.443427,0.458948,0.500390,0.469483,0.468947,0.460480,0.394314,0.395053,0.423690,0.406304,0.346613,0.534004,0.838310,0.840909,0.787569,0.820086,0.799618,0.824902,0.889093,0.889887,0.894366,0.912056,0.977850,0.864729,0.654848,0.681098,0.744955,0.759861,0.776463,0.791031,0.804680,0.835225,0.881761,0.881769,0.894850,0.929883,0.978023,1.028780,1.072360,1.105598,1.100191,1.152196,1.245206,1.263176,1.254605,1.274876,1.246749,1.243872,1.276215,1.282276,1.266899,1.256687,1.265284,1.270435,1.266501,1.262605,1.268160,1.294284,1.315891,1.165160,0.924928,0.899191,0.941134,0.952869,0.995554,0.766718,0.408927,0.413435,0.472481,0.404907,0.370276,0.375533,0.389141,0.417251,0.415992,0.396839,0.403208,0.434859,0.459747
0.332564,0.340101,0.342377,0.319098,0.334198,0.356774,0.363324,0.343020,0.328139,0.339983,0.355337,0.338300,0.325948,0.319877,0.327355,0.348853,0.347170,0.329907,0.324614,0.353340,0.363686,0.366698,0.352518,0.334448,0.343928,0.345668,0.342989,0.354998,0.352299,0.351089,0.348329,0.360285,0.370739,0.305559,0.457815,0.748910,0.797010,0.747429,0.722406,0.703623,0.723852,0.744803,0.692959,0.630501,0.609593,0.588576,0.674514,0.868816,0.892300,0.831341,0.774846,0.768429,0.759683,0.765413,0.762974,0.730150,0.705219,0.696136,0.684017,0.654394,0.631840,0.622422,0.634158,0.662010,0.479408,0.234154,0.225535,0.264207,0.232621,0.228395,0.232626,0.192105,0.218857,0.228530,0.189836,0.182821,0.328310,0.516375,0.554387,0.550162,0.604775,0.603731,0.609978,0.656149,0.653296,0.623364,0.656584,0.718548,0.623335,0.431027,0.432861,0.486645,0.513198,0.533151,0.562465,0.578813,0.590627,0.608974,0.672850,0.701777,0.690805,0.644341,0.706983,0.743429,0.724469,0.712590,0.884638,1.180405,1.168500,1.142042,1.106931,1.112588,1.117311,1.133755,1.156497,1.143525,1.141830,1.157485,1.151883,1.130037,1.117960,1.113861,1.163439,1.179918,1.023281,0.778924,0.767773,0.779218,0.784390,0.852437,0.649444,0.331260,0.302398,0.371437,0.358344,0.325899,0.338628,0.340826,0.332721,0.337401,0.365759,0.324687,0.330021,0.396807
0.332697,0.345557,0.346785,0.311479,0.317897,0.331860,0.337125,0.316746,0.320473,0.328429,0.331142,0.321013,0.319641,0.326227,0.335058,0.343894,0.345723,0.319640,0.311914,0.340410,0.373299,0.352656,0.319710,0.319164,0.338795,0.335699,0.335344,0.359720,0.379495,0.350276,0.340449,0.351700,0.344354,0.292407,0.457170,0.760429,0.797093,0.736548,0.713265,0.721772,0.731970,0.725444,0.694522,0.678067,0.624201,0.553790,0.648594,0.857708,0.863657,0.798763,0.774125,0.765002,0.773585,0.769303,0.739749,0.683906,0.664241,0.676997,0.663399,0.624370,0.572850,0.574087,0.617262,0.592971,0.407042,0.195862,0.184297,0.196552,0.158675,0.192138,0.170377,0.131697,0.151162,0.169258,0.150126,0.117786,0.228918,0.457444,0.515463,0.513843,0.558706,0.569586,0.582560,0.604541,0.618331,0.613131,0.652373,0.704265,0.602910,0.424354,0.430151,0.477674,0.488987,0.512293,0.557612,0.572953,0.573994,0.594272,0.681196,0.722807,0.682645,0.642423,0.695804,0.741357,0.712597,0.698568,0.853852,1.095936,1.127961,1.119164,1.099279,1.096877,1.093091,1.090656,1.081416,1.089355,1.118713,1.120389,1.099149,1.094925,1.082227,1.089630,1.122313,1.155671,1.012428,0.771055,0.745922,0.768805,0.767729,0.801989,0.608473,0.300740,0.294598,0.362197,0.344741,0.317913,0.313967,0.312009,0.299130,0.321137,0.349934,0.335492,0.328001,0.353262
0.439618,0.410227,0.421240,0.425438,0.409859,0.413849,0.436984,0.456665,0.435597,0.441017,0.423437,0.417925,0.450337,0.469000,0.474088,0.484859,0.479879,0.479437,0.449679,0.418932,0.388580,0.417860,0.445860,0.464484,0.447449,0.446099,0.461250,0.482660,0.479963,0.444787,0.435495,0.473878,0.474912,0.430292,0.638341,0.989704,1.027659,0.970140,0.973119,0.958638,0.898478,0.865072,0.863701,0.875495,0.830150,0.698321,0.890413,1.226524,1.245774,1.153631,1.118340,1.082458,1.077284,1.045275,1.030888,0.995429,0.939341,0.922137,0.919468,0.896810,0.884528,0.864425,0.830089,0.838641,0.720323,0.461468,0.380352,0.425639,0.462550,0.433557,0.421260,0.377949,0.325623,0.333077,0.345952,0.304584,0.478917,0.729770,0.793134,0.771729,0.784252,0.765363,0.771110,0.801502,0.815859,0.856641,0.893157,0.963346,0.850783,0.650784,0.676645,0.732250,0.749613,0.767659,0.790514,0.824996,0.831019,0.902665,0.921479,0.917614,0.944943,1.014500,1.044355,1.073697,1.108080,1.099030,1.131370,1.205518,1.252148,1.247920,1.280917,1.251076,1.249288,1.277332,1.274540,1.262297,1.254555,1.242393,1.255214,1.264941,1.276508,1.279600,1.285479,1.335773,1.185182,0.946315,0.915782,0.957190,0.958086,0.962377,0.721342,0.355915,0.388713,0.470018,0.404079,0.383804,0.384167,0.382051,0.391733,0.392377,0.405211,0.432528,0.446577,0.425534
0.441816,0.410400,0.401934,0.412839,0.416534,0.411215,0.437719,0.449488,0.414123,0.433373,0.446711,0.421347,0.439159,0.466957,0.488531,0.490145,0.471724,0.450134,0.457615,0.428960,0.382829,0.419382,0.449432,0.458816,0.451129,0.457353,0.458802,0.477005,0.462818,0.431695,0.429564,0.466601,0.463045,0.402446,0.610213,0.965707,1.014153,0.979396,0.992182,0.966893,0.909528,0.873075,0.877278,0.840756,0.772142,0.730902,0.934987,1.232634,1.254778,1.160673,1.100717,1.095025,1.097247,1.085526,1.074413,1.056203,0.967445,0.933321,0.930731,0.938655,0.933559,0.878151,0.840180,0.898935,0.775266,0.531558,0.462026,0.520095,0.548579,0.512158,0.484508,0.455267,0.426302,0.424260,0.430677,0.418414,0.585490,0.861635,0.859460,0.830439,0.849131,0.827222,0.843761,0.880826,0.891343,0.924150,0.947710,0.989135,0.866166,0.671440,0.687761,0.741578,0.751635,0.782352,0.813263,0.834148,0.860749,0.907902,0.923445,0.914770,0.947234,1.021595,1.049710,1.085131,1.119273,1.108162,1.135893,1.211740,1.278328,1.283691,1.283303,1.251673,1.251870,1.297006,1.286730,1.276784,1.272976,1.270184,1.280684,1.289616,1.289060,1.290299,1.313031,1.321613,1.163542,0.943879,0.926703,0.943219,0.943833,0.965864,0.746325,0.390150,0.382208,0.410025,0.378857,0.394661,0.420227,0.394345,0.403014,0.411510,0.420041,0.433812,0.459872,0.475334
0.444349,0.421784,0.414276,0.433734,0.437236,0.435158,0.411623,0.392655,0.409887,0.453143,0.459161,0.419085,0.416535,0.442839,0.474833,0.475828,0.453612,0.425192,0.446549,0.448944,0.413942,0.410206,0.419610,0.424655,0.431538,0.463920,0.472373,0.471422,0.467541,0.460383,0.440474,0.450782,0.438638,0.361610,0.567324,0.966556,1.033572,0.970742,0.944491,0.964277,0.956455,0.879690,0.845776,0.807164,0.734220,0.742885,0.940008,1.211017,1.228879,1.173398,1.131376,1.102239,1.076337,1.063533,1.056070,1.048109,0.988533,0.956538,0.907367,0.887437,0.897400,0.868113,0.857072,0.883193,0.737213,0.523277,0.482024,0.491447,0.467531,0.462040,0.443097,0.415955,0.452354,0.457110,0.427861,0.403133,0.603783,0.904812,0.858190,0.801440,0.843647,0.861953,0.900437,0.916959,0.894138,0.893557,0.952570,1.007672,0.882331,0.678965,0.678244,0.708286,0.713721,0.770262,0.829528,0.841603,0.877916,0.904434,0.939748,0.960859,0.970884,1.019518,1.027658,1.063088,1.105882,1.083933,1.134849,1.255031,1.303399,1.293350,1.272091,1.238563,1.246266,1.262683,1.252923,1.258436,1.291163,1.285130,1.265521,1.281852,1.259348,1.264867,1.298770,1.314468,1.155678,0.926281,0.917066,0.937831,0.948596,0.981379,0.769236,0.429592,0.383698,0.400141,0.356582,0.385683,0.399819,0.392206,0.416486,0.430495,0.420444,0.402430,0.416844,0.452231
0.435365,0.427763,0.439064,0.414874,0.426347,0.479129,0.441749,0.430160,0.436314,0.466712,0.462486,0.427586,0.415170,0.435335,0.459779,0.450572,0.445057,0.448572,0.445234,0.436165,0.430343,0.423512,0.427792,0.445727,0.428269,0.437731,0.478496,0.462185,0.461920,0.497736,0.456055,0.459103,0.460408,0.385509,0.578057,0.960960,1.051895,0.987257,0.943775,0.942265,0.935928,0.895997,0.859081,0.821495,0.785267,0.754472,0.945667,1.234317,1.226801,1.172489,1.177087,1.143027,1.092541,1.101074,1.059271,1.046521,1.044728,0.981075,0.920263,0.897582,0.890859,0.863006,0.860753,0.898286,0.756575,0.500838,0.488442,0.523331,0.475512,0.459858,0.432993,0.408295,0.402996,0.434488,0.422431,0.382725,0.584453,0.883185,0.864299,0.802180,0.855792,0.881400,0.904369,0.906564,0.895149,0.895647,0.907796,0.986863,0.874101,0.687245,0.675021,0.724266,0.752431,0.789010,0.824057,0.850691,0.882168,0.918782,0.957600,0.975157,0.980115,1.001522,1.030777,1.071825,1.094646,1.074327,1.143032,1.285186,1.289715,1.266390,1.262567,1.252090,1.259424,1.271740,1.285819,1.265323,1.258116,1.293553,1.297217,1.291158,1.244422,1.274121,1.322941,1.333876,1.146450,0.923983,0.919377,0.957685,0.969443,1.006868,0.774184,0.407974,0.367539,0.433516,0.409844,0.401782,0.384542,0.385497,0.403973,0.427368,0.427173,0.397342,0.382085,0.416123
0.429003,0.437045,0.427579,0.410091,0.427984,0.486871,0.493824,0.436107,0.416090,0.447300,0.451613,0.424583,0.437510,0.464486,0.478964,0.443178,0.425771,0.462106,0.471372,0.459533,0.425205,0.426136,0.438778,0.437289,0.431261,0.444544,0.485929,0.477109,0.471944,0.467105,0.439596,0.448936,0.459622,0.410092,0.601403,0.966192,1.029287,0.987716,0.968916,0.944243,0.914329,0.902861,0.905164,0.865344,0.782173,0.741504,0.955669,1.246810,1.238276,1.175982,1.200376,1.127549,1.106430,1.115158,1.064920,1.029450,1.012813,0.930386,0.913224,0.918023,0.906215,0.871409,0.867353,0.908527,0.768079,0.507049,0.488118,0.540528,0.508319,0.485226,0.438295,0.405457,0.387700,0.420172,0.436170,0.386043,0.569931,0.877307,0.896463,0.861584,0.884776,0.899339,0.889970,0.914478,0.937762,0.922837,0.914295,0.992906,0.884438,0.685604,0.665486,0.727931,0.773944,0.797654,0.820030,0.844132,0.865182,0.910215,0.950642,0.965520,0.975098,1.005639,1.058454,1.082509,1.085475,1.093140,1.157324,1.258881,1.295791,1.271608,1.261112,1.260664,1.265871,1.279035,1.309807,1.275392,1.259226,1.288691,1.299416,1.281628,1.256191,1.293547,1.362098,1.330160,1.151373,0.939152,0.931672,0.954209,0.940481,0.981262,0.765909,0.408978,0.373303,0.420655,0.406962,0.371007,0.359255,0.379668,0.397558,0.422329,0.434024,0.415415,0.388024,0.380885
0.332046,0.347894,0.336255,0.331438,0.332506,0.324425,0.344979,0.353562,0.338504,0.319037,0.322948,0.328106,0.334483,0.351570,0.363077,0.353874,0.344559,0.334382,0.330653,0.340310,0.354845,0.360367,0.361107,0.338323,0.350689,0.342410,0.342172,0.371781,0.382163,0.349030,0.351814,0.359380,0.340966,0.306841,0.512259,0.801695,0.821837,0.768647,0.760773,0.740836,0.725752,0.727520,0.731046,0.712840,0.630327,0.547023,0.663021,0.883843,0.888396,0.825771,0.792788,0.774040,0.787232,0.796675,0.761003,0.697087,0.694149,0.698495,0.700944,0.671082,0.639343,0.637558,0.640844,0.610309,0.444732,0.229131,0.178715,0.230217,0.254658,0.223525,0.191948,0.174995,0.190542,0.203575,0.185864,0.179204,0.323946,0.528172,0.582045,0.588864,0.639242,0.631502,0.622643,0.636234,0.672364,0.664013,0.673448,0.735262,0.653222,0.453530,0.468428,0.517092,0.513839,0.518523,0.552240,0.566129,0.597413,0.636257,0.679635,0.712865,0.709885,0.662143,0.704206,0.741545,0.729370,0.745576,0.879265,1.098077,1.147114,1.121784,1.094754,1.121755,1.132062,1.127509,1.115380,1.137782,1.160073,1.158962,1.139379,1.133728,1.122956,1.115963,1.150267,1.167562,1.027737,0.808105,0.782177,0.794828,0.778741,0.814802,0.643653,0.319402,0.287172,0.342405,0.349554,0.332581,0.338670,0.320989,0.316802,0.330332,0.328823,0.338521,0.352276,0.358973
0.299249,0.318904,0.321392,0.319105,0.323398,0.326494,0.351829,0.359550,0.357135,0.365594,0.352075,0.327320,0.318463,0.320609,0.356786,0.358028,0.347733,0.323751,0.310366,0.332915,0.360950,0.339424,0.332456,0.340190,0.328926,0.321678,0.333676,0.355733,0.343223,0.348665,0.382086,0.386411,0.358501,0.306668,0.505578,0.819650,0.839778,0.782905,0.769464,0.743098,0.746937,0.746768,0.746197,0.699217,0.633056,0.568219,0.672829,0.888719,0.891260,0.831102,0.793587,0.762189,0.742664,0.764201,0.762247,0.723867,0.700366,0.674815,0.659392,0.632573,0.617857,0.640890,0.650930,0.624849,0.450066,0.234645,0.206218,0.242973,0.242453,0.207374,0.181793,0.168505,0.166162,0.194236,0.199969,0.178694,0.314781,0.539293,0.592085,0.608997,0.638156,0.613928,0.638225,0.686564,0.723197,0.699003,0.697885,0.743596,0.650760,0.446955,0.463524,0.514964,0.519672,0.525323,0.569550,0.609804,0.619427,0.642601,0.666197,0.711224,0.715980,0.685452,0.721636,0.748341,0.735391,0.747237,0.889208,1.107079,1.149978,1.101797,1.086709,1.116994,1.121837,1.099183,1.118892,1.142602,1.155888,1.147565,1.136290,1.125211,1.113861,1.098306,1.113288,1.168769,1.044077,0.820434,0.784091,0.797082,0.806450,0.834969,0.660078,0.333671,0.276591,0.328622,0.352186,0.377549,0.361357,0.330865,0.327414,0.344691,0.332324,0.335403,0.341943,0.355568
0.409345,0.391433,0.401160,0.434823,0.451106,0.460068,0.438064,0.422487,0.422447,0.457660,0.464056,0.417996,0.409901,0.458932,0.471451,0.432252,0.413894,0.468261,0.468601,0.447807,0.410959,0.425245,0.433337,0.432134,0.433024,0.450281,0.465849,0.455344,0.454767,0.459448,0.460219,0.481891,0.446388,0.378844,0.568179,0.960754,1.029102,0.985454,0.976355,0.949299,0.922864,0.907569,0.883445,0.831970,0.768596,0.744630,0.964414,1.269667,1.253898,1.182805,1.175569,1.127542,1.086644,1.065107,1.054165,1.072253,1.028168,0.919750,0.862615,0.879863,0.880227,0.859644,0.880563,0.944733,0.784857,0.501399,0.533735,0.570810,0.510888,0.465582,0.429973,0.423845,0.419941,0.439184,0.471433,0.428197,0.595852,0.909247,0.913400,0.845724,0.849205,0.880313,0.898601,0.964409,0.986615,0.980099,0.965199,1.050088,0.933392,0.717599,0.672239,0.718032,0.767164,0.810820,0.838814,0.882244,0.919456,0.927178,0.933049,0.976503,1.005167,1.035456,1.047061,1.096080,1.114666,1.090962,1.133771,1.249250,1.300204,1.268437,1.234475,1.229821,1.247101,1.275893,1.288490,1.277469,1.270877,1.271900,1.270157,1.288974,1.258472,1.271309,1.308481,1.316084,1.168882,0.956206,0.929578,0.947575,0.935946,0.982272,0.783099,0.454813,0.356677,0.389054,0.397056,0.405387,0.394366,0.386905,0.404986,0.415770,0.422149,0.430487,0.412524,0.399269
0.442643,0.429096,0.436039,0.464328,0.441621,0.406119,0.395091,0.418015,0.428633,0.412816,0.425004,0.428937,0.423684,0.444667,0.456204,0.421752,0.399950,0.421513,0.467952,0.438850,0.397670,0.441432,0.464656,0.454279,0.445997,0.462864,0.465634,0.443983,0.462154,0.488691,0.446872,0.442014,0.426481,0.375237,0.592932,0.977398,1.027113,0.970976,0.995009,0.970077,0.918031,0.889101,0.879456,0.876993,0.793682,0.743499,0.943421,1.254502,1.268073,1.195736,1.187347,1.153046,1.143898,1.101279,1.040122,1.035731,1.049988,0.980405,0.917180,0.931165,0.902011,0.875411,0.898270,0.948167,0.773819,0.481120,0.485433,0.547008,0.505154,0.461694,0.420943,0.413408,0.460134,0.489948,0.488993,0.452953,0.627479,0.902179,0.915626,0.826861,0.832993,0.885316,0.921086,0.947621,1.002076,1.000490,1.002406,1.067275,0.985825,0.762879,0.715265,0.747526,0.791563,0.833409,0.848207,0.865564,0.925160,0.966046,0.959754,0.994088,1.010985,1.023812,1.071046,1.108655,1.129682,1.107363,1.164994,1.233939,1.293250,1.296025,1.267248,1.252175,1.271609,1.299809,1.287176,1.272916,1.282112,1.273739,1.291011,1.317799,1.287633,1.257354,1.281026,1.311191,1.158839,0.934088,0.908682,0.930614,0.923974,0.998201,0.785534,0.426662,0.338539,0.409449,0.417392,0.388047,0.362496,0.391649,0.404909,0.425696,0.435944,0.421209,0.426959,0.443688
0.444269,0.438311,0.457769,0.446228,0.435928,0.443494,0.422221,0.431515,0.426460,0.419107,0.416743,0.437979,0.429891,0.434310,0.446518,0.456996,0.422200,0.404235,0.462362,0.454450,0.390422,0.421918,0.470624,0.470142,0.435956,0.452857,0.475741,0.453863,0.460469,0.466683,0.429761,0.410059,0.430923,0.412751,0.645535,0.974977,1.026148,0.986292,0.976249,0.958835,0.930809,0.897633,0.875674,0.888782,0.847181,0.751308,0.924987,1.252285,1.241112,1.185452,1.212879,1.195884,1.144089,1.123872,1.055051,1.034960,1.049950,1.022836,0.983180,0.981403,0.932588,0.915240,0.932639,0.958841,0.773076,0.507920,0.475545,0.509012,0.482065,0.466177,0.428479,0.399983,0.428540,0.458795,0.442363,0.392847,0.563813,0.870693,0.920673,0.887693,0.916680,0.921791,0.945683,0.952528,0.964959,0.959009,0.999619,1.047421,0.945730,0.727822,0.733221,0.780827,0.796663,0.849686,0.854511,0.877759,0.948006,0.993156,0.976394,0.974111,1.005793,1.030310,1.061500,1.088738,1.108599,1.096781,1.172958,1.283438,1.307256,1.271849,1.237440,1.247348,1.266322,1.281187,1.302846,1.278889,1.272632,1.288486,1.313222,1.297304,1.278706,1.268551,1.302224,1.319979,1.160299,0.918884,0.908117,0.942229,0.960435,0.992286,0.768493,0.405806,0.320965,0.410192,0.422583,0.396478,0.376699,0.425270,0.442289,0.437405,0.413381,0.414933,0.419539,0.426693
0.419468,0.423278,0.438571,0.448116,0.437254,0.406298,0.417174,0.424814,0.427176,0.430023,0.426292,0.424265,0.422776,0.430249,0.442837,0.444870,0.441407,0.466568,0.460398,0.436357,0.398723,0.439727,0.464942,0.449352,0.426037,0.436278,0.461867,0.455311,0.468652,0.459093,0.409027,0.436674,0.463251,0.445695,0.650048,0.971397,1.011660,0.967539,0.973693,0.938871,0.930971,0.912434,0.873119,0.890449,0.891152,0.762269,0.926200,1.263147,1.246699,1.161605,1.205544,1.209278,1.152902,1.124665,1.083681,1.054935,1.056211,1.043286,1.025772,1.021004,0.987054,0.941332,0.953259,0.983325,0.816184,0.534162,0.498278,0.521337,0.539339,0.515474,0.485792,0.441672,0.450323,0.483034,0.455681,0.404842,0.574717,0.879428,0.935063,0.937010,0.963189,0.947131,0.938298,0.951246,0.991432,1.009766,1.041570,1.052886,0.932897,0.722599,0.742062,0.793456,0.801541,0.838405,0.873161,0.899869,0.939494,0.963515,0.971413,1.000169,1.016758,1.045770,1.051375,1.066112,1.082498,1.112501,1.200746,1.302624,1.318480,1.265070,1.232669,1.250612,1.268343,1.268771,1.293127,1.275885,1.263823,1.311563,1.313151,1.262140,1.278777,1.294000,1.292912,1.320873,1.168644,0.933965,0.934823,0.959549,0.937041,0.970865,0.761003,0.411927,0.338353,0.402471,0.399220,0.404379,0.406238,0.444054,0.408584,0.412134,0.418624,0.430549,0.420726,0.387465
0.409163,0.417283,0.425395,0.440754,0.434028,0.412833,0.424078,0.421748,0.430160,0.446520,0.440742,0.403132,0.413380,0.448111,0.451768,0.436140,0.439545,0.444571,0.442315,0.421034,0.410602,0.455002,0.458289,0.441571,0.442446,0.453301,0.452315,0.441175,0.449062,0.444641,0.416862,0.435532,0.447903,0.415361,0.630356,0.982876,1.013654,0.962517,0.983154,0.950016,0.939275,0.928921,0.900441,0.905087,0.927955,0.777443,0.930575,1.257248,1.274801,1.199998,1.178386,1.207256,1.186371,1.130174,1.087488,1.078232,1.087286,1.075401,1.054665,1.028418,1.012470,0.963663,0.964682,0.982479,0.812313,0.555645,0.503881,0.528291,0.508426,0.528831,0.500930,0.454913,0.462300,0.503781,0.480470,0.460512,0.620780,0.879264,0.923676,0.900267,0.900920,0.898815,0.923709,0.945828,0.991341,1.001645,1.015961,1.035883,0.928705,0.728274,0.711957,0.763417,0.798716,0.824527,0.867527,0.900424,0.922867,0.946738,0.967373,1.006324,1.037616,1.073502,1.063702,1.065465,1.081621,1.103987,1.190714,1.290553,1.316482,1.287259,1.249670,1.265062,1.271294,1.257893,1.260162,1.268341,1.268604,1.291011,1.281223,1.249882,1.276863,1.269730,1.256136,1.320425,1.195077,0.961702,0.936841,0.952609,0.926822,0.971463,0.779119,0.436955,0.349372,0.382102,0.382093,0.386578,0.420966,0.431291,0.392773,0.389538,0.428133,0.434725,0.419677,0.408623
0.281628,0.310334,0.334602,0.303306,0.303688,0.316174,0.333745,0.327563,0.360597,0.371114,0.347071,0.333548,0.333416,0.327429,0.333207,0.359977,0.360248,0.323398,0.299159,0.322109,0.381637,0.350546,0.339897,0.359888,0.350597,0.333945,0.339372,0.352201,0.353026,0.362914,0.374947,0.368066,0.355402,0.292537,0.487098,0.809316,0.835816,0.789605,0.778120,0.749976,0.750061,0.741518,0.727081,0.695103,0.643807,0.576146,0.679390,0.895141,0.907419,0.829939,0.767795,0.755151,0.784497,0.792120,0.786179,0.760728,0.730647,0.702430,0.691657,0.642245,0.611751,0.604588,0.614888,0.635359,0.489032,0.219830,0.181893,0.223981,0.227047,0.199411,0.176760,0.180854,0.181800,0.196655,0.188435,0.183623,0.326445,0.522635,0.555153,0.543146,0.583240,0.599786,0.601900,0.625611,0.657859,0.649715,0.662960,0.713734,0.617451,0.431149,0.431087,0.477154,0.488500,0.512927,0.555495,0.575947,0.574253,0.609822,0.661423,0.694946,0.706424,0.705909,0.735386,0.757673,0.743410,0.725726,0.842999,1.068726,1.139812,1.119810,1.104510,1.099348,1.098099,1.092895,1.093323,1.106622,1.127978,1.122066,1.117315,1.132512,1.120853,1.098726,1.099418,1.161024,1.032331,0.791467,0.752723,0.776713,0.795791,0.840416,0.644653,0.296737,0.297199,0.357363,0.361444,0.335427,0.321458,0.304258,0.312300,0.330502,0.343015,0.328399,0.338382,0.387523
0.323805,0.324901,0.338668,0.318460,0.304692,0.291270,0.324116,0.331758,0.351643,0.360146,0.359714,0.349943,0.341256,0.338427,0.369984,0.365870,0.336031,0.322964,0.335962,0.332896,0.356634,0.363283,0.360499,0.327459,0.344050,0.331419,0.323365,0.354516,0.392811,0.399385,0.390901,0.367306,0.351342,0.309164,0.500552,0.801823,0.824172,0.786417,0.807472,0.772833,0.740286,0.730431,0.727208,0.709369,0.668562,0.585885,0.714673,0.937137,0.923303,0.850671,0.819123,0.773855,0.794146,0.820150,0.814970,0.773519,0.733320,0.701574,0.683995,0.649633,0.629082,0.600672,0.597342,0.626288,0.493385,0.261258,0.242135,0.270836,0.229011,0.204735,0.212931,0.234188,0.205291,0.190806,0.183778,0.168623,0.323774,0.576782,0.576713,0.559365,0.610318,0.608415,0.613693,0.649983,0.696326,0.697903,0.705456,0.786911,0.665247,0.424131,0.434874,0.502837,0.523248,0.545300,0.569058,0.594202,0.618651,0.637669,0.692770,0.740964,0.744930,0.721115,0.749041,0.774869,0.770443,0.747034,0.870540,1.088097,1.146636,1.124883,1.124271,1.109352,1.093177,1.096914,1.141854,1.127839,1.116131,1.121912,1.125094,1.112157,1.112258,1.105396,1.118279,1.153439,1.014155,0.782825,0.767372,0.798219,0.817432,0.843435,0.616372,0.287370,0.302423,0.371153,0.356870,0.338598,0.324802,0.310805,0.310244,0.305804,0.325665,0.311543,0.334137,0.370440
0.437169,0.429453,0.437896,0.463656,0.450396,0.397802,0.412400,0.424079,0.432277,0.433739,0.429688,0.415521,0.418516,0.473050,0.484641,0.441525,0.415773,0.420877,0.465281,0.441467,0.387575,0.458719,0.465742,0.420624,0.446728,0.476949,0.452949,0.418293,0.444674,0.478699,0.428145,0.409999,0.399501,0.395908,0.619819,0.934107,0.975921,0.945648,0.974996,0.970352,0.928759,0.901968,0.867105,0.891036,0.884351,0.800250,0.967676,1.266935,1.284754,1.235939,1.232501,1.220279,1.179471,1.140440,1.120495,1.101535,1.067683,1.067701,1.033497,1.019554,0.976520,0.932026,0.928589,0.962361,0.799102,0.560484,0.537966,0.523196,0.431385,0.461435,0.491856,0.502903,0.479143,0.481185,0.462265,0.433010,0.611409,0.903107,0.947878,0.906627,0.888016,0.895017,0.937102,0.969213,1.024636,1.071125,1.074328,1.108018,0.977842,0.755118,0.731704,0.797651,0.846386,0.870025,0.875972,0.881112,0.947315,1.000312,0.993925,1.016777,1.044166,1.075865,1.067117,1.093207,1.124691,1.107348,1.166527,1.278022,1.291095,1.267847,1.255773,1.245627,1.248227,1.257218,1.285884,1.265305,1.226546,1.250845,1.282801,1.264519,1.262027,1.252685,1.281845,1.307400,1.143102,0.899601,0.921442,0.959544,0.928755,0.961408,0.764116,0.416574,0.310516,0.365026,0.377106,0.380332,0.387162,0.415242,0.424570,0.406562,0.387896,0.405939,0.416931,0.398571
0.438547,0.436983,0.446715,0.425195,0.425494,0.434706,0.426277,0.435810,0.457557,0.455359,0.428987,0.422913,0.423661,0.449873,0.464103,0.443476,0.439879,0.429265,0.441210,0.436689,0.422501,0.465748,0.480821,0.454793,0.439399,0.461613,0.481120,0.451301,0.439406,0.449889,0.403781,0.418453,0.437393,0.394683,0.617685,0.972506,1.001948,0.946904,0.964879,0.973504,0.960598,0.935737,0.854318,0.869723,0.900015,0.777404,0.922566,1.287092,1.297484,1.207599,1.173313,1.179137,1.143594,1.100467,1.091844,1.084717,1.063350,1.054519,1.021280,1.008495,1.000610,0.975497,0.951521,0.972287,0.794038,0.531591,0.490202,0.479069,0.434068,0.466977,0.473113,0.434711,0.492795,0.530773,0.498391,0.458249,0.608604,0.860660,0.926970,0.921504,0.942587,0.915950,0.928236,0.959702,0.991299,1.035226,1.060953,1.072468,0.940893,0.755481,0.743597,0.784959,0.803903,0.844148,0.885138,0.891983,0.941538,0.976592,0.959644,0.975528,1.017275,1.050304,1.063742,1.104568,1.126131,1.091216,1.132629,1.262840,1.284317,1.263338,1.268093,1.259278,1.248059,1.259451,1.280512,1.265331,1.240379,1.258424,1.292356,1.293979,1.278322,1.257282,1.276666,1.312937,1.156601,0.914522,0.899332,0.937456,0.940227,0.966985,0.770780,0.402103,0.332334,0.370171,0.377237,0.386473,0.389749,0.409008,0.450115,0.425672,0.394675,0.431325,0.447599,0.451224
0.417252,0.414027,0.417283,0.394359,0.424949,0.449355,0.426536,0.427454,0.450790,0.451110,0.437085,0.437657,0.424192,0.433614,0.450955,0.447093,0.426748,0.404924,0.418263,0.445918,0.449542,0.473977,0.467382,0.439033,0.448466,0.458504,0.450984,0.432755,0.425194,0.417763,0.386234,0.416917,0.441327,0.405608,0.627192,1.000925,1.027644,0.983399,0.994091,0.975170,0.950498,0.928000,0.870257,0.876893,0.884243,0.781389,0.950478,1.296396,1.262456,1.163856,1.183660,1.175722,1.129803,1.095008,1.068013,1.048480,1.031833,1.014348,0.998590,0.959756,0.954963,0.925044,0.903369,0.920222,0.762728,0.508139,0.477563,0.479363,0.458615,0.460461,0.450916,0.426282,0.454279,0.485864,0.461655,0.423554,0.563784,0.837203,0.898878,0.898069,0.939851,0.940584,0.934591,0.959018,0.981763,1.003998,1.032474,1.063292,0.935987,0.734470,0.745372,0.802534,0.803426,0.840092,0.883144,0.905644,0.920081,0.937238,0.956543,1.001165,1.041367,1.049209,1.059767,1.098168,1.113615,1.058420,1.114544,1.259443,1.288943,1.243145,1.237675,1.254645,1.261111,1.265051,1.285699,1.272435,1.255804,1.282923,1.286759,1.270762,1.274427,1.274158,1.263193,1.293191,1.154598,0.927300,0.893927,0.927692,0.963517,0.979510,0.759959,0.389696,0.363016,0.404477,0.400129,0.402792,0.407165,0.425019,0.451067,0.421300,0.376930,0.431654,0.442269,0.433062
0.428362,0.426446,0.411339,0.402140,0.422660,0.419321,0.399287,0.412221,0.431321,0.451625,0.447352,0.413528,0.414935,0.436317,0.465468,0.455339,0.431414,0.420358,0.428375,0.438753,0.445632,0.467605,0.454732,0.425018,0.453248,0.462936,0.447854,0.433304,0.431034,0.420414,0.425190,0.453590,0.470042,0.390151,0.605780,0.977734,1.026566,0.984495,1.001568,0.973009,0.938211,0.916230,0.907894,0.912729,0.869156,0.778831,0.968962,1.312268,1.319382,1.207876,1.196931,1.218797,1.176497,1.094838,1.082013,1.062154,1.005898,0.960673,0.951915,0.941623,0.931203,0.906055,0.902942,0.911836,0.742286,0.471583,0.419408,0.467309,0.481612,0.470853,0.441409,0.444408,0.445147,0.468700,0.475814,0.449818,0.609118,0.860443,0.929394,0.916735,0.913801,0.944780,0.956989,0.977477,0.979798,0.994839,1.025720,1.090784,0.967274,0.766719,0.753733,0.807826,0.832914,0.859374,0.895023,0.920410,0.923014,0.946608,0.965263,1.006282,1.042438,1.060690,1.074946,1.092924,1.093218,1.078617,1.131133,1.239696,1.291304,1.264704,1.230084,1.256225,1.288780,1.280924,1.282521,1.280638,1.274787,1.273614,1.286373,1.282420,1.293077,1.291611,1.277009,1.314230,1.173074,0.913961,0.916813,0.953504,0.965233,1.006236,0.784696,0.421722,0.377533,0.419643,0.400039,0.415390,0.427544,0.427662,0.423915,0.419510,0.406083,0.420682,0.426007,0.433605
0.429350,0.423329,0.416929,0.427055,0.434694,0.423774,0.432657,0.433240,0.444551,0.459264,0.450032,0.413867,0.413760,0.437424,0.463346,0.458709,0.444814,0.439332,0.445342,0.445110,0.428925,0.461877,0.467461,0.444912,0.441112,0.450759,0.478405,0.475770,0.449352,0.419902,0.441173,0.470390,0.448297,0.370376,0.592555,0.979231,1.019398,0.981383,1.017116,0.973681,0.938365,0.931631,0.902234,0.899968,0.886956,0.782202,0.964875,1.337031,1.361228,1.245564,1.204247,1.225433,1.193985,1.118448,1.140099,1.109881,1.042987,0.999939,0.994921,0.997857,0.984531,0.953055,0.945017,0.954377,0.781240,0.510151,0.462108,0.500045,0.502203,0.511919,0.496359,0.489308,0.489000,0.498647,0.500021,0.464207,0.634248,0.892066,0.962499,0.952541,0.946127,0.945653,0.963161,0.992375,0.991513,1.000466,1.021272,1.109342,0.989729,0.768302,0.739577,0.809538,0.855140,0.854611,0.864391,0.902355,0.928076,0.971766,0.992748,0.995615,1.028884,1.076504,1.089700,1.112283,1.123704,1.098134,1.140169,1.248260,1.309749,1.294503,1.246464,1.261087,1.290170,1.284299,1.277594,1.271131,1.264202,1.276437,1.306296,1.314195,1.303195,1.283360,1.295191,1.351430,1.200091,0.940882,0.936948,0.962439,0.968566,1.016518,0.793168,0.426867,0.383494,0.430605,0.402962,0.405318,0.410868,0.422327,0.415147,0.416473,0.416216,0.408439,0.439300,0.457792
0.339556,0.318673,0.337946,0.355528,0.340446,0.318379,0.345537,0.346927,0.361052,0.333920,0.317104,0.335104,0.336848,0.341176,0.370121,0.370264,0.359247,0.359467,0.366086,0.339095,0.376388,0.357463,0.357435,0.332269,0.336151,0.332032,0.339204,0.359608,0.390248,0.381581,0.371129,0.373428,0.363988,0.317492,0.483703,0.786165,0.811764,0.758826,0.763108,0.750298,0.743473,0.736996,0.727975,0.704915,0.660157,0.567927,0.692190,0.912577,0.903112,0.830927,0.794723,0.766802,0.781503,0.795167,0.784959,0.762790,0.738263,0.706691,0.709473,0.679785,0.652184,0.626490,0.634762,0.661336,0.500296,0.246861,0.215839,0.260889,0.244459,0.211814,0.211454,0.210725,0.213756,0.193516,0.188393,0.183932,0.325759,0.585936,0.593944,0.572224,0.588133,0.604106,0.622701,0.648980,0.738791,0.731406,0.717682,0.777937,0.672636,0.431267,0.455636,0.503199,0.507746,0.536919,0.579343,0.589619,0.628707,0.656716,0.732664,0.734147,0.711898,0.705733,0.758044,0.784485,0.783005,0.753758,0.885682,1.087620,1.133049,1.104326,1.099570,1.113690,1.107427,1.103868,1.137558,1.134171,1.135028,1.122412,1.124060,1.137785,1.135209,1.114130,1.140948,1.166017,1.028863,0.823505,0.775654,0.802649,0.812441,0.832464,0.622622,0.299739,0.278937,0.339848,0.368919,0.340767,0.324960,0.315710,0.308032,0.309206,0.317725,0.314591,0.343953,0.383603
0.335076,0.309586,0.315210,0.330036,0.329448,0.338637,0.331802,0.337375,0.365429,0.361349,0.356504,0.350377,0.331878,0.330513,0.359819,0.355202,0.362568,0.400244,0.366374,0.340720,0.356253,0.329077,0.345463,0.362104,0.362287,0.339155,0.318200,0.345124,0.380653,0.384356,0.368850,0.384377,0.391500,0.341456,0.504945,0.782801,0.810897,0.781025,0.806680,0.792147,0.784974,0.754735,0.733047,0.718369,0.678660,0.611357,0.722491,0.950566,0.917440,0.860798,0.844894,0.801552,0.805730,0.856600,0.832121,0.790160,0.762301,0.735153,0.725062,0.726732,0.694580,0.664773,0.678154,0.697532,0.516949,0.278746,0.258538,0.307876,0.277294,0.247596,0.262397,0.244923,0.234955,0.226849,0.218527,0.198792,0.351303,0.599927,0.634621,0.616780,0.633839,0.645491,0.670858,0.689295,0.745412,0.764090,0.775391,0.808538,0.700088,0.499012,0.494894,0.534548,0.535688,0.590925,0.618148,0.608533,0.646705,0.699199,0.738715,0.754597,0.762241,0.738861,0.750079,0.791885,0.817066,0.752849,0.887039,1.120243,1.149705,1.112668,1.124070,1.135104,1.132586,1.132944,1.136719,1.140075,1.159970,1.141988,1.133939,1.162689,1.158603,1.117604,1.124495,1.152720,0.999752,0.795355,0.795617,0.827752,0.839780,0.833149,0.626377,0.319473,0.280132,0.323291,0.335851,0.339985,0.333727,0.337613,0.330840,0.315510,0.295652,0.327850,0.359239,0.351796
0.401097,0.400162,0.397760,0.376255,0.411740,0.440863,0.411675,0.422042,0.444429,0.452133,0.444973,0.432502,0.406978,0.414209,0.425691,0.423506,0.439711,0.433971,0.433622,0.454577,0.437745,0.461460,0.445053,0.426439,0.425547,0.441854,0.459130,0.439823,0.410945,0.392511,0.400058,0.445766,0.466381,0.386909,0.604094,0.980415,0.995069,0.963691,1.004917,0.977085,0.965497,0.939800,0.883750,0.882385,0.893202,0.802197,0.942409,1.284608,1.306698,1.244537,1.244590,1.238168,1.192766,1.146035,1.100714,1.075566,1.061102,0.999776,0.959083,0.977189,0.966453,0.954656,0.964008,0.961579,0.791388,0.532063,0.472647,0.506748,0.532971,0.573663,0.560132,0.558733,0.561066,0.593993,0.541335,0.476059,0.626643,0.888085,0.956892,0.958434,0.987044,0.987230,0.969603,0.988617,0.990535,1.030291,1.059995,1.119231,0.986708,0.804546,0.805636,0.859197,0.861603,0.864388,0.876760,0.916397,0.968069,1.005385,0.968581,1.000742,1.046247,1.068862,1.056583,1.114629,1.149030,1.072641,1.120224,1.290400,1.297289,1.252055,1.267589,1.272896,1.285770,1.257214,1.240509,1.247105,1.248775,1.269657,1.290722,1.273599,1.278028,1.269174,1.249582,1.279784,1.174766,0.919468,0.898113,0.928328,0.965005,1.001975,0.777471,0.422973,0.368421,0.404698,0.386155,0.380218,0.401832,0.422260,0.447519,0.424350,0.386467,0.409033,0.429990,0.419328
0.408686,0.411210,0.420870,0.392791,0.412257,0.438055,0.436650,0.425618,0.431820,0.422519,0.428044,0.436052,0.433135,0.446155,0.457093,0.444409,0.437186,0.436765,0.459628,0.469884,0.428995,0.475418,0.464395,0.419552,0.421767,0.454169,0.480867,0.473933,0.423982,0.402238,0.413261,0.461361,0.488306,0.395566,0.597044,0.968721,0.990502,0.963574,0.990011,0.964141,0.943883,0.950314,0.912424,0.911231,0.906584,0.796132,0.947156,1.276852,1.284505,1.224957,1.246906,1.241435,1.156588,1.105348,1.077907,1.064194,1.067447,1.022746,0.999340,0.978941,0.971416,0.953059,0.942021,0.971497,0.788710,0.503982,0.494000,0.516197,0.482546,0.497743,0.479204,0.453401,0.490255,0.539729,0.527426,0.475292,0.603724,0.895074,0.984428,0.961067,0.939129,0.960315,0.983089,1.002719,1.030716,1.037047,1.042969,1.128181,1.015262,0.753117,0.776834,0.844899,0.838772,0.851807,0.873699,0.908863,0.976272,0.998363,0.966730,0.990739,1.042385,1.078196,1.088553,1.127601,1.121975,1.076584,1.145786,1.306358,1.275726,1.229595,1.266301,1.272358,1.267652,1.253930,1.273650,1.286119,1.245461,1.261839,1.273101,1.268165,1.293915,1.309988,1.293044,1.296772,1.179920,0.942430,0.887686,0.906407,0.950177,1.001435,0.793155,0.444049,0.373306,0.401495,0.389690,0.397748,0.422084,0.427649,0.407996,0.409982,0.426897,0.421018,0.422240,0.436932
0.429625,0.430705,0.434093,0.431791,0.428019,0.435077,0.442108,0.419340,0.403348,0.405643,0.428498,0.452140,0.434218,0.461749,0.488320,0.461513,0.435450,0.442496,0.474708,0.482603,0.455280,0.449664,0.445456,0.424880,0.453291,0.464831,0.452610,0.446263,0.446936,0.440016,0.434149,0.460395,0.476646,0.402566,0.607216,0.986697,1.005153,0.968770,1.003279,0.991880,0.937212,0.915174,0.900425,0.906095,0.872551,0.777425,0.944520,1.280131,1.276713,1.209527,1.228517,1.222408,1.150864,1.105644,1.109898,1.092106,1.070153,1.088176,1.084627,1.024090,1.014855,0.962157,0.945482,1.024689,0.860095,0.533374,0.528844,0.580232,0.549421,0.519180,0.489259,0.468979,0.472338,0.515566,0.518994,0.466977,0.621252,0.908375,0.962382,0.937444,0.933866,0.947037,0.966174,0.984507,1.013681,1.018947,1.029025,1.120606,0.991436,0.727351,0.741448,0.815823,0.845249,0.886960,0.906473,0.899320,0.933739,0.971927,1.005122,1.007318,1.040349,1.093943,1.109924,1.115786,1.104277,1.101878,1.192810,1.300142,1.282339,1.241478,1.269213,1.264927,1.268242,1.286897,1.301427,1.320742,1.286877,1.268228,1.264070,1.294091,1.314697,1.296663,1.289083,1.302353,1.181538,0.980364,0.939883,0.944645,0.957239,0.978494,0.775100,0.453848,0.392124,0.420186,0.405955,0.411065,0.412279,0.423858,0.385895,0.401989,0.449946,0.427207,0.393073,0.385791
0.420889,0.447204,0.423512,0.447874,0.421078,0.406647,0.410975,0.411354,0.409867,0.397801,0.414732,0.427087,0.412128,0.439117,0.467025,0.449579,0.430324,0.428436,0.440485,0.445672,0.431756,0.432517,0.438810,0.443981,0.429937,0.437970,0.466456,0.465899,0.450298,0.459162,0.430178,0.461229,0.483491,0.380466,0.585070,0.967314,0.990565,0.947376,1.009991,0.982998,0.929428,0.921468,0.874115,0.863021,0.868786,0.779259,0.951144,1.309181,1.299276,1.201174,1.187585,1.209055,1.163545,1.086638,1.093885,1.108920,1.075479,1.064320,1.060504,1.044900,1.005870,0.947517,0.965232,0.993270,0.834532,0.561206,0.548214,0.588123,0.594210,0.551484,0.497435,0.478473,0.501959,0.512602,0.490131,0.442669,0.612359,0.895637,0.921489,0.888097,0.902456,0.914454,0.947467,0.974925,0.977680,0.973440,1.007877,1.105445,0.998624,0.741272,0.743642,0.813289,0.843898,0.858914,0.893002,0.921428,0.938771,0.966602,1.002990,1.003113,1.022179,1.064817,1.086424,1.097520,1.092487,1.105667,1.205469,1.302471,1.290119,1.257459,1.266492,1.265443,1.270091,1.261773,1.260299,1.281074,1.294238,1.262667,1.250344,1.277922,1.284761,1.265945,1.278881,1.320645,1.180766,0.962661,0.938286,0.951898,0.949024,0.984483,0.783355,0.430781,0.401197,0.432066,0.403563,0.410722,0.429270,0.419567,0.400065,0.413715,0.448111,0.430996,0.407980,0.411926
0.417228,0.436309,0.445925,0.438451,0.414075,0.408279,0.432345,0.435900,0.440409,0.421713,0.426761,0.445169,0.436483,0.427693,0.431987,0.441452,0.441586,0.436425,0.432814,0.428597,0.411251,0.431802,0.446254,0.445473,0.423911,0.434036,0.464809,0.460318,0.461757,0.478545,0.438067,0.457019,0.471664,0.375419,0.591739,0.979570,1.000609,0.976849,1.053054,0.994990,0.941470,0.959283,0.901364,0.881188,0.892177,0.806687,0.992213,1.327822,1.300949,1.209243,1.215338,1.210690,1.155696,1.102558,1.082829,1.110662,1.098369,1.105161,1.091621,1.080884,1.048121,0.988422,0.962285,0.972955,0.809981,0.556312,0.550179,0.588369,0.560601,0.554978,0.530064,0.514094,0.510310,0.517153,0.514292,0.441385,0.602655,0.907103,0.907480,0.848523,0.889361,0.940519,0.974935,0.963255,0.985165,1.011710,1.033422,1.118989,1.000425,0.748660,0.749909,0.813506,0.827386,0.842613,0.902415,0.947020,0.956367,0.969216,0.998025,1.026882,1.043741,1.063232,1.097096,1.121426,1.112680,1.099277,1.189262,1.309253,1.300233,1.254111,1.259865,1.264662,1.267026,1.260445,1.255818,1.274620,1.285530,1.288642,1.273475,1.254051,1.262146,1.269573,1.299242,1.314523,1.177192,0.977991,0.916178,0.932288,0.937217,0.996878,0.797018,0.448847,0.419050,0.456644,0.428435,0.418947,0.427814,0.445855,0.425768,0.414132,0.433798,0.434860,0.426016,0.403294
0.316101,0.315719,0.332143,0.332176,0.331668,0.350685,0.337755,0.339444,0.360248,0.363703,0.357535,0.339333,0.336360,0.322852,0.339399,0.343923,0.346155,0.378690,0.347906,0.314881,0.339312,0.342931,0.357588,0.332794,0.352949,0.343827,0.324603,0.339771,0.385602,0.388359,0.368915,0.365831,0.358655,0.349267,0.518794,0.792214,0.832431,0.793222,0.771638,0.744971,0.746567,0.742377,0.729257,0.719168,0.678096,0.613887,0.730388,0.961976,0.932961,0.866734,0.845562,0.809169,0.794992,0.794141,0.824129,0.795889,0.772726,0.756053,0.725583,0.707594,0.677001,0.687459,0.689866,0.694177,0.503326,0.257927,0.239043,0.285502,0.236280,0.211693,0.239743,0.243459,0.221841,0.226290,0.227346,0.209636,0.373490,0.605012,0.644162,0.626795,0.625509,0.625830,0.650929,0.682781,0.729536,0.741629,0.771867,0.816343,0.699426,0.499816,0.480693,0.528634,0.531713,0.550588,0.591126,0.627061,0.656060,0.690444,0.707247,0.744819,0.758278,0.714877,0.735596,0.787826,0.805778,0.736808,0.874401,1.111977,1.158919,1.108032,1.098426,1.107695,1.102847,1.105126,1.114573,1.102832,1.097532,1.101756,1.113169,1.113800,1.135676,1.107660,1.111076,1.153955,0.991577,0.773210,0.780789,0.802188,0.793383,0.831236,0.638617,0.311749,0.299236,0.347811,0.339946,0.320663,0.310942,0.320579,0.320469,0.314937,0.321070,0.341677,0.372626,0.382491
0.343202,0.317589,0.311515,0.334296,0.359492,0.354881,0.323245,0.329121,0.343097,0.338291,0.326279,0.352496,0.342370,0.342675,0.333676,0.332472,0.335299,0.369272,0.366536,0.339679,0.323675,0.342383,0.357802,0.356109,0.382455,0.370137,0.351265,0.352283,0.392551,0.401074,0.337505,0.346756,0.348869,0.345924,0.529821,0.800116,0.833182,0.792659,0.809255,0.780885,0.764517,0.758284,0.733439,0.711704,0.681444,0.643680,0.771648,0.962364,0.933991,0.907615,0.955791,0.882640,0.848182,0.877827,0.874442,0.833571,0.791149,0.758272,0.741572,0.759126,0.744434,0.715053,0.698008,0.714670,0.540845,0.305184,0.274554,0.287108,0.246128,0.226995,0.252012,0.273824,0.283747,0.265402,0.228939,0.221630,0.374593,0.594822,0.625557,0.585507,0.581323,0.625550,0.664400,0.705697,0.721905,0.733358,0.765852,0.808191,0.688312,0.482093,0.465055,0.526906,0.565125,0.601125,0.602621,0.607498,0.635248,0.686537,0.720609,0.785120,0.788152,0.748600,0.751896,0.786145,0.800434,0.742181,0.876819,1.123678,1.172099,1.129117,1.114386,1.144527,1.127475,1.127445,1.095452,1.097614,1.112901,1.121225,1.128372,1.132515,1.144157,1.130483,1.139902,1.172027,1.002309,0.748295,0.763482,0.781275,0.759820,0.831654,0.651751,0.293669,0.275972,0.355030,0.333329,0.317046,0.321014,0.332463,0.329102,0.321186,0.306974,0.319787,0.360059,0.422232
0.452726,0.431714,0.404316,0.437201,0.446471,0.427009,0.424768,0.422382,0.416801,0.409488,0.429067,0.455361,0.468100,0.456193,0.441887,0.444690,0.430981,0.411599,0.448344,0.468486,0.408150,0.412095,0.417580,0.441772,0.458495,0.471424,0.460982,0.441796,0.436792,0.446216,0.423951,0.440529,0.461875,0.372947,0.599391,1.000672,1.024372,0.977019,1.024357,1.019588,0.979179,0.970642,0.920709,0.896313,0.881116,0.829517,1.024832,1.318323,1.311102,1.244372,1.271472,1.270189,1.210024,1.174031,1.144880,1.148378,1.108256,1.135896,1.135736,1.095054,1.107951,1.036422,0.987032,1.018943,0.883833,0.616045,0.571014,0.608576,0.620163,0.595366,0.526970,0.532085,0.558996,0.597962,0.615688,0.502956,0.624224,0.929402,0.925388,0.875999,0.935945,0.975025,1.019716,0.996098,0.966139,0.971454,1.015692,1.097719,0.934689,0.657726,0.696539,0.810563,0.850713,0.876209,0.893549,0.909987,0.965405,0.970061,0.988959,1.038517,1.069923,1.102986,1.116125,1.115622,1.101108,1.121262,1.176930,1.273835,1.284731,1.265190,1.279436,1.280623,1.284807,1.274094,1.260763,1.285629,1.300689,1.299299,1.283447,1.272379,1.283048,1.292010,1.316131,1.340611,1.198687,0.945308,0.909397,0.922091,0.912649,1.023945,0.831733,0.448369,0.397130,0.447512,0.429961,0.414511,0.444847,0.490240,0.463368,0.434839,0.440278,0.415734,0.405605,0.398291
0.425152,0.410333,0.406531,0.428101,0.435542,0.430102,0.446000,0.432645,0.418975,0.401867,0.421247,0.446546,0.465172,0.456947,0.446539,0.453137,0.423542,0.394392,0.444836,0.460025,0.421182,0.410948,0.428299,0.444051,0.474786,0.492521,0.447548,0.435777,0.429352,0.429478,0.419765,0.434326,0.438031,0.377409,0.592212,0.958494,1.041194,0.993116,0.977613,0.986020,0.963867,0.947236,0.927669,0.916558,0.879671,0.810846,1.019190,1.323767,1.332028,1.228130,1.216747,1.195885,1.163508,1.138989,1.134977,1.132235,1.114020,1.150837,1.108895,1.035248,1.031102,1.003872,0.972762,1.004582,0.866809,0.586653,0.538806,0.606301,0.636323,0.585443,0.544910,0.553653,0.535986,0.571874,0.599723,0.501692,0.646986,0.933001,0.963715,0.936876,0.963325,0.961902,0.987106,0.985269,0.977493,0.988821,1.026791,1.114753,0.980815,0.712081,0.732304,0.834049,0.858135,0.854486,0.890644,0.963959,1.005710,0.987372,0.989529,1.028607,1.062550,1.078342,1.099512,1.109688,1.106379,1.089432,1.148542,1.247024,1.280138,1.250485,1.247931,1.248268,1.267151,1.255039,1.275943,1.302679,1.289554,1.277798,1.266719,1.270171,1.267981,1.276258,1.305908,1.318384,1.186895,0.969046,0.946666,0.926315,0.922776,1.012787,0.827507,0.470694,0.401314,0.424592,0.390622,0.410502,0.436871,0.447746,0.418741,0.396071,0.422015,0.416746,0.442599,0.425482
0.394187,0.396803,0.438422,0.436554,0.414659,0.408145,0.421518,0.459636,0.453674,0.431596,0.431356,0.450958,0.426882,0.431765,0.464523,0.466983,0.433017,0.391751,0.429727,0.444476,0.437813,0.417805,0.449335,0.488456,0.479013,0.446935,0.458635,0.444036,0.442912,0.447558,0.430950,0.436723,0.412321,0.374121,0.634356,1.012532,1.065100,1.003339,0.975445,0.983413,0.965686,0.960821,0.932597,0.920559,0.886963,0.832065,1.022890,1.341316,1.333038,1.250456,1.252041,1.225741,1.191300,1.154384,1.137191,1.142199,1.152322,1.118207,1.059603,1.027334,1.014599,1.014195,0.983118,0.995479,0.841327,0.611879,0.567676,0.602500,0.599300,0.589745,0.590435,0.549119,0.533645,0.542117,0.552990,0.520457,0.665521,0.900333,0.932803,0.931620,0.957492,0.935980,0.931784,0.962047,0.994399,1.018855,1.068345,1.130828,1.020924,0.811157,0.790762,0.854699,0.883370,0.892405,0.931239,0.987204,0.975724,1.010971,1.048099,1.062215,1.055073,1.085165,1.098626,1.107063,1.123606,1.117149,1.172223,1.269140,1.298658,1.252455,1.227107,1.279663,1.290287,1.251917,1.277875,1.303839,1.286847,1.273229,1.261819,1.284110,1.281277,1.269551,1.277084,1.303699,1.193365,1.025550,0.951624,0.913421,0.895555,1.007471,0.824508,0.426229,0.382804,0.416563,0.391816,0.415183,0.417575,0.390413,0.429821,0.417335,0.401972,0.445106,0.451254,0.400381
0.409052,0.430201,0.429967,0.418225,0.394536,0.411435,0.425219,0.449487,0.445993,0.472181,0.466923,0.444499,0.421458,0.427969,0.458310,0.450901,0.428188,0.402913,0.404573,0.435277,0.449733,0.429364,0.455066,0.476517,0.428609,0.406209,0.463976,0.452063,0.441612,0.456578,0.466942,0.462256,0.394717,0.364768,0.634814,1.034505,1.069516,0.988649,1.005353,0.993400,0.982619,0.960864,0.931865,0.932952,0.905879,0.812200,0.996806,1.336741,1.329334,1.251908,1.246840,1.216977,1.190150,1.191008,1.145472,1.130626,1.143048,1.138827,1.091764,1.043446,1.053206,1.024300,0.967263,1.004951,0.849235,0.592436,0.571656,0.605510,0.584689,0.571924,0.566583,0.527367,0.514585,0.525761,0.523453,0.506857,0.662691,0.902051,0.952987,0.949832,0.944946,0.956562,0.953956,0.940426,0.971760,1.011652,1.060331,1.131289,1.005299,0.781382,0.791045,0.860093,0.871210,0.888294,0.925980,0.957413,0.957016,1.010274,1.050905,1.045976,1.040145,1.067969,1.095174,1.105687,1.106804,1.082549,1.158742,1.269304,1.300774,1.260381,1.230753,1.280472,1.276856,1.237606,1.272163,1.286201,1.262198,1.278980,1.277365,1.285261,1.285445,1.271731,1.265108,1.288919,1.173003,0.975243,0.927741,0.918919,0.909238,1.025768,0.812285,0.395199,0.374172,0.422625,0.402529,0.407885,0.411301,0.434017,0.468768,0.475119,0.421145,0.432496,0.436513,0.441795
0.441061,0.439747,0.420518,0.401012,0.405140,0.443204,0.454313,0.449581,0.448536,0.441890,0.432938,0.430576,0.455185,0.462342,0.461719,0.435902,0.428250,0.420683,0.439775,0.450470,0.453395,0.442760,0.453229,0.437142,0.439988,0.410870,0.439445,0.469594,0.466827,0.442830,0.444950,0.465576,0.423236,0.378380,0.626332,1.004692,1.041630,0.982247,1.014433,0.993405,0.973483,0.962074,0.946074,0.938124,0.905900,0.807651,0.983408,1.317492,1.343682,1.271306,1.262133,1.229240,1.215172,1.212486,1.167006,1.128034,1.131677,1.131244,1.087774,1.044547,1.089311,1.009225,0.930790,0.987585,0.854863,0.578988,0.540837,0.580263,0.551882,0.561938,0.538464,0.501585,0.501186,0.517175,0.507402,0.495141,0.662716,0.920367,0.975059,0.938690,0.927055,0.970129,0.963962,0.926976,0.971399,1.019527,1.041480,1.118630,0.978281,0.727527,0.752676,0.829667,0.832496,0.863056,0.902055,0.930252,0.966208,1.008801,1.029609,1.055139,1.079296,1.101404,1.097122,1.111019,1.101118,1.042876,1.135432,1.282354,1.297866,1.244481,1.239765,1.254402,1.246289,1.220042,1.276027,1.295010,1.260559,1.274548,1.286547,1.277801,1.301542,1.278080,1.272448,1.287798,1.166299,0.955820,0.922656,0.912743,0.926618,1.021411,0.812742,0.433785,0.382531,0.405874,0.384393,0.394274,0.405597,0.401973,0.422348,0.415693,0.397311,0.399524,0.427903,0.458401
0.354724,0.326026,0.318129,0.330328,0.344074,0.363088,0.346382,0.332293,0.331673,0.331688,0.326747,0.331081,0.333901,0.368434,0.356200,0.342005,0.339454,0.367054,0.373647,0.344355,0.330411,0.352869,0.361118,0.327004,0.367067,0.356528,0.315552,0.361635,0.401484,0.360603,0.353325,0.377735,0.357504,0.336200,0.504271,0.767240,0.784788,0.754563,0.791506,0.779378,0.773941,0.759510,0.730340,0.720619,0.705291,0.624741,0.732127,0.943365,0.932066,0.899618,0.906546,0.838154,0.841865,0.910232,0.860153,0.803640,0.770651,0.735787,0.734748,0.743590,0.710835,0.676583,0.687360,0.704773,0.553263,0.304127,0.270943,0.278753,0.242963,0.232782,0.245919,0.269808,0.292978,0.274709,0.234943,0.220795,0.375645,0.614262,0.648750,0.610023,0.642224,0.640788,0.676177,0.720991,0.752739,0.752930,0.762829,0.825232,0.709476,0.469040,0.467276,0.551042,0.560095,0.590439,0.603772,0.614836,0.638062,0.696441,0.734016,0.783390,0.794698,0.751941,0.756362,0.797422,0.796466,0.752667,0.883704,1.128284,1.146983,1.125795,1.149590,1.139995,1.096031,1.104888,1.124023,1.129399,1.120797,1.114214,1.127867,1.132865,1.146809,1.135296,1.145146,1.174242,1.008932,0.758372,0.748962,0.805549,0.826475,0.830765,0.641364,0.312509,0.269362,0.315303,0.316598,0.306201,0.309369,0.302674,0.309760,0.301996,0.292283,0.293814,0.358215,0.419181
0.339062,0.324956,0.329375,0.339953,0.340543,0.350992,0.353927,0.343273,0.347651,0.319611,0.335853,0.356854,0.339881,0.341574,0.363138,0.346046,0.337033,0.363998,0.358695,0.334515,0.327736,0.347809,0.356377,0.343151,0.362042,0.369018,0.348778,0.358878,0.380824,0.364812,0.361309,0.373630,0.358914,0.338064,0.501488,0.768642,0.808043,0.789172,0.785186,0.811567,0.792904,0.759145,0.749000,0.735562,0.727408,0.645184,0.752952,0.964043,0.947708,0.903976,0.927750,0.872608,0.875326,0.914946,0.875657,0.826586,0.803819,0.779471,0.782566,0.770805,0.711308,0.679114,0.706262,0.728604,0.599078,0.353775,0.294729,0.318260,0.286648,0.279470,0.283510,0.324154,0.315306,0.309338,0.271186,0.274391,0.420458,0.638271,0.679735,0.654588,0.681707,0.690796,0.737159,0.770523,0.753978,0.755920,0.802655,0.840395,0.727818,0.560840,0.555030,0.577100,0.579419,0.597088,0.633480,0.644854,0.654331,0.693917,0.747737,0.781739,0.768127,0.745825,0.760291,0.785393,0.766196,0.733845,0.876012,1.133308,1.167999,1.120404,1.125463,1.149987,1.156011,1.139015,1.102911,1.115936,1.163160,1.146226,1.128445,1.132528,1.139074,1.126302,1.129382,1.200823,1.038821,0.748220,0.769575,0.827283,0.818308,0.834190,0.638155,0.300838,0.253043,0.305078,0.317680,0.304136,0.311364,0.327076,0.348370,0.323024,0.291969,0.318721,0.358825,0.383292
0.384968,0.418478,0.454523,0.434545,0.415628,0.437343,0.454724,0.481599,0.468306,0.434243,0.435057,0.461506,0.443421,0.436652,0.470678,0.462180,0.430141,0.399062,0.442419,0.468531,0.462098,0.459030,0.449941,0.447879,0.461607,0.450605,0.467907,0.457909,0.446689,0.442980,0.457589,0.459971,0.402400,0.379773,0.624654,0.964257,1.047744,0.979896,0.977062,0.974408,0.979990,0.972730,0.949744,0.951274,0.929371,0.835197,1.017054,1.324238,1.360528,1.292585,1.282476,1.282264,1.253405,1.208773,1.159322,1.151223,1.169811,1.140243,1.089623,1.091188,1.075431,1.027438,0.985439,1.018961,0.844782,0.598957,0.575464,0.623966,0.634044,0.663805,0.633848,0.560481,0.560708,0.577260,0.606765,0.621176,0.764642,0.956875,0.987006,0.981160,0.964045,1.000271,1.006261,0.996291,1.005614,1.017289,1.056079,1.147479,1.027144,0.818888,0.853376,0.890397,0.858335,0.885721,0.944435,0.992444,0.966798,0.983874,1.046146,1.059142,1.060987,1.085649,1.092541,1.084247,1.088096,1.064094,1.150139,1.265768,1.276434,1.246835,1.239717,1.263107,1.280874,1.239503,1.259090,1.271759,1.256513,1.275052,1.276970,1.275353,1.287173,1.262352,1.259030,1.306212,1.183520,0.955077,0.942949,0.919735,0.901854,1.016464,0.820170,0.413348,0.370261,0.412564,0.386692,0.401549,0.413062,0.399985,0.467107,0.456725,0.397712,0.426867,0.432658,0.382350
0.414763,0.431146,0.433843,0.417751,0.429621,0.467228,0.468667,0.455160,0.426846,0.435071,0.462733,0.441986,0.419009,0.431066,0.451323,0.472825,0.445670,0.413017,0.466222,0.495387,0.464811,0.448596,0.438145,0.431171,0.453651,0.447055,0.436915,0.432325,0.425276,0.450510,0.477830,0.474756,0.424178,0.378854,0.600687,0.980391,1.016312,0.957671,0.975424,0.988940,0.982180,0.974237,0.960490,0.966843,0.932920,0.827644,0.983066,1.303359,1.343289,1.304164,1.282720,1.247056,1.220932,1.219251,1.171902,1.139030,1.136108,1.086985,1.064307,1.071648,1.067519,1.037111,0.996021,1.032175,0.856133,0.590845,0.557998,0.605935,0.609353,0.618971,0.576172,0.508377,0.517734,0.543033,0.576678,0.554636,0.699305,0.907302,0.958291,0.954192,0.954120,0.976531,0.974895,0.977308,1.026893,1.037387,1.050182,1.149818,1.044192,0.790021,0.799059,0.873915,0.876088,0.882327,0.922388,0.972979,0.960043,0.973602,1.017984,1.048834,1.077902,1.102137,1.111711,1.114041,1.129722,1.100292,1.177580,1.275276,1.278550,1.262249,1.272835,1.270423,1.249526,1.238120,1.272849,1.270435,1.238818,1.287047,1.309663,1.282679,1.273438,1.263359,1.282919,1.309412,1.181618,0.963320,0.933370,0.918733,0.933259,0.998191,0.792003,0.409545,0.372160,0.428489,0.407270,0.391046,0.392238,0.403756,0.405517,0.413553,0.417437,0.427808,0.431735,0.430630
0.412866,0.413378,0.430799,0.439776,0.440497,0.470995,0.482597,0.451353,0.395306,0.421461,0.466217,0.459507,0.437534,0.429769,0.442116,0.452420,0.460983,0.456379,0.463821,0.446703,0.429987,0.432709,0.451123,0.437676,0.431776,0.422412,0.404754,0.418433,0.425047,0.475447,0.479366,0.467829,0.431449,0.388242,0.625873,0.979816,1.006601,0.971734,0.985772,0.993545,0.971844,0.960828,0.976441,0.985131,0.922672,0.818656,0.986743,1.317269,1.326886,1.286333,1.302452,1.252102,1.212365,1.209696,1.186213,1.129972,1.104288,1.072368,1.047137,1.032333,1.036403,1.008797,1.001889,1.053343,0.911521,0.626663,0.578722,0.613359,0.583130,0.587774,0.568230,0.508175,0.493746,0.507681,0.526409,0.495843,0.656508,0.898732,0.941871,0.928898,0.956348,0.953987,0.953197,0.948101,1.006696,1.034622,1.048466,1.125232,0.993937,0.746724,0.757500,0.850621,0.878724,0.881351,0.901719,0.928557,0.932243,0.972807,1.021438,1.065305,1.100700,1.131501,1.115191,1.099350,1.098090,1.126322,1.212324,1.297464,1.271251,1.257520,1.263221,1.288367,1.265445,1.245825,1.276784,1.285896,1.264970,1.291065,1.285278,1.257706,1.251033,1.250782,1.288490,1.315090,1.175350,0.951917,0.910079,0.943357,0.963431,1.007622,0.776933,0.405532,0.362633,0.431379,0.432459,0.399645,0.391440,0.402344,0.440160,0.430174,0.393084,0.404791,0.418010,0.401591
0.402145,0.408005,0.424655,0.443964,0.449363,0.461709,0.494924,0.480610,0.426971,0.429417,0.445017,0.453114,0.440095,0.431985,0.427643,0.429216,0.456066,0.477014,0.452360,0.433982,0.437604,0.453160,0.442591,0.424507,0.408186,0.413602,0.432099,0.463622,0.435798,0.441883,0.461877,0.459379,0.404641,0.366261,0.613769,0.991911,1.024397,0.965623,0.978642,0.994811,0.992999,0.982581,0.949364,0.946554,0.915040,0.824020,1.000429,1.323241,1.346459,1.290852,1.287962,1.242331,1.204498,1.197501,1.177431,1.121865,1.088823,1.079999,1.057089,1.030343,1.033469,1.013089,1.003826,1.067148,0.917028,0.611100,0.577317,0.605343,0.572925,0.588748,0.584889,0.537928,0.529004,0.540227,0.537015,0.508817,0.677724,0.930357,0.957063,0.955954,0.972209,0.966617,0.967593,1.010844,1.067393,1.055153,1.033988,1.124818,1.019004,0.769584,0.781154,0.859848,0.877412,0.887878,0.905941,0.933753,0.964938,0.999272,1.039203,1.089772,1.099089,1.096119,1.120809,1.127039,1.096165,1.072287,1.169112,1.304615,1.264528,1.230019,1.244159,1.280952,1.281118,1.264933,1.279167,1.296977,1.285389,1.284045,1.267269,1.254338,1.257845,1.246209,1.263210,1.296818,1.173444,0.962420,0.934086,0.944026,0.938109,1.004655,0.782592,0.423837,0.387544,0.442504,0.433053,0.427812,0.428234,0.424521,0.439627,0.415788,0.383656,0.409427,0.424885,0.402233
0.427533,0.432582,0.411138,0.431480,0.459067,0.457412,0.472919,0.473288,0.469280,0.442945,0.439977,0.451933,0.460422,0.442470,0.415388,0.429871,0.460869,0.481568,0.468528,0.468928,0.461185,0.464357,0.456506,0.430634,0.430510,0.442307,0.463138,0.499819,0.464619,0.443039,0.434588,0.443020,0.395721,0.374295,0.613651,1.008163,1.026081,0.945038,0.972186,0.989383,1.007299,1.005213,0.973564,0.960729,0.922457,0.824825,0.997427,1.324954,1.355663,1.287356,1.283049,1.258051,1.228049,1.198315,1.144982,1.102345,1.108567,1.092790,1.061212,1.041799,1.041672,1.026196,1.024593,1.067092,0.902235,0.640427,0.615860,0.618191,0.591094,0.612369,0.597262,0.566510,0.567335,0.595578,0.564421,0.509984,0.666747,0.920436,0.967806,0.972649,1.005356,0.957471,0.976868,1.092228,1.096772,1.069672,1.066394,1.159195,1.071333,0.845035,0.822709,0.863872,0.858769,0.894875,0.913917,0.930855,0.997089,1.036534,1.054472,1.072128,1.086765,1.118933,1.126440,1.135270,1.113171,1.084306,1.168943,1.311995,1.279920,1.248178,1.293848,1.300981,1.277453,1.250125,1.274406,1.298363,1.285146,1.286922,1.283471,1.271273,1.246207,1.238082,1.241020,1.284815,1.172092,0.967818,0.928924,0.926141,0.923876,0.998277,0.800880,0.433180,0.388711,0.436024,0.429610,0.452668,0.434653,0.426075,0.432882,0.413730,0.390823,0.428029,0.440475,0.418245
0.333846,0.325422,0.309123,0.325000,0.334068,0.348337,0.343474,0.326796,0.333607,0.325162,0.333397,0.334237,0.335936,0.333869,0.336368,0.337104,0.343324,0.359134,0.357521,0.340890,0.334648,0.348018,0.363921,0.354393,0.393445,0.385196,0.372139,0.333001,0.367890,0.372853,0.347394,0.360924,0.366569,0.347487,0.517682,0.781637,0.815733,0.777005,0.766181,0.800393,0.799682,0.768807,0.755590,0.743986,0.715983,0.633596,0.740988,0.981025,0.958658,0.915303,0.909257,0.850753,0.860143,0.900235,0.876499,0.837378,0.807232,0.794593,0.787876,0.763518,0.746010,0.722813,0.708614,0.706995,0.572522,0.338421,0.277069,0.320260,0.309148,0.278977,0.273033,0.331825,0.315094,0.298982,0.258815,0.251915,0.406464,0.653742,0.683920,0.664533,0.685044,0.702228,0.729930,0.748066,0.741553,0.759507,0.811495,0.871269,0.743708,0.532117,0.567962,0.591643,0.578430,0.598838,0.637639,0.644167,0.678416,0.696632,0.685151,0.751759,0.769202,0.750021,0.725561,0.761726,0.796787,0.746413,0.864396,1.117615,1.183204,1.132048,1.131161,1.131588,1.132981,1.124538,1.100508,1.103347,1.144037,1.125407,1.128005,1.125263,1.145540,1.127367,1.110134,1.185225,1.038956,0.774576,0.763194,0.790689,0.806421,0.821362,0.641019,0.323057,0.272149,0.315420,0.310714,0.300941,0.330430,0.360352,0.349129,0.322342,0.330307,0.332953,0.354763,0.394878
0.331388,0.330349,0.351574,0.322376,0.325278,0.353716,0.336344,0.316876,0.336242,0.341802,0.340829,0.311845,0.313720,0.329010,0.355075,0.354514,0.348680,0.359829,0.338455,0.335802,0.359648,0.359631,0.351672,0.350695,0.370126,0.374123,0.359879,0.312779,0.336853,0.388538,0.352906,0.358757,0.372188,0.341230,0.503265,0.755564,0.805807,0.747584,0.742747,0.803519,0.810721,0.789781,0.763759,0.762232,0.712890,0.679588,0.798444,0.986337,0.995728,0.954471,0.892455,0.852017,0.876438,0.910926,0.914832,0.869395,0.827762,0.837069,0.814278,0.753878,0.750208,0.729253,0.693528,0.727517,0.568256,0.281231,0.249316,0.324150,0.326884,0.294103,0.287050,0.333965,0.348753,0.336745,0.323320,0.296450,0.428241,0.667117,0.697310,0.677961,0.680193,0.714974,0.747179,0.750768,0.768020,0.766364,0.811739,0.885523,0.748435,0.522105,0.554817,0.599269,0.581211,0.589486,0.648518,0.701788,0.709031,0.698365,0.695031,0.766685,0.779882,0.749199,0.757527,0.793117,0.790619,0.746883,0.873889,1.111347,1.177747,1.120347,1.100340,1.102817,1.103414,1.114987,1.110066,1.116609,1.118925,1.104255,1.106210,1.130278,1.154833,1.136615,1.121351,1.170848,1.024104,0.786460,0.786064,0.806233,0.771566,0.823791,0.655597,0.317574,0.264660,0.319393,0.320740,0.307956,0.331081,0.345502,0.335607,0.315330,0.325496,0.332078,0.337042,0.362561
0.407528,0.423071,0.425501,0.450712,0.452017,0.449200,0.462507,0.471943,0.431993,0.460955,0.453510,0.441033,0.396389,0.418376,0.444759,0.435754,0.441523,0.455265,0.454826,0.446304,0.447176,0.456184,0.456459,0.448137,0.442600,0.433686,0.416071,0.452888,0.436101,0.442676,0.450234,0.441477,0.398053,0.371018,0.599263,0.993346,1.016676,0.950187,0.971463,0.972499,0.997637,0.999541,0.962594,0.950233,0.929627,0.835176,1.007697,1.344971,1.384588,1.302867,1.265711,1.244864,1.230400,1.231986,1.164067,1.118008,1.125946,1.108198,1.070093,1.050092,1.038110,1.024168,1.003806,1.055743,0.884447,0.623339,0.621044,0.621590,0.600106,0.642958,0.612816,0.547170,0.627859,0.661502,0.568059,0.540107,0.694532,0.913321,0.996680,0.986999,0.978335,0.962852,1.001912,1.084244,1.081210,1.077001,1.087276,1.148712,1.018558,0.804705,0.812237,0.868732,0.865946,0.891650,0.932674,0.968236,1.009889,1.021807,1.095395,1.091680,1.118592,1.132443,1.120162,1.099550,1.102831,1.113301,1.195011,1.279247,1.258760,1.262623,1.267032,1.276499,1.268439,1.245417,1.279342,1.290505,1.255658,1.265215,1.252693,1.258106,1.259246,1.250997,1.220120,1.241755,1.146123,0.970397,0.960725,0.951338,0.929042,1.004449,0.796450,0.429083,0.385885,0.450992,0.448812,0.455584,0.424210,0.395149,0.416399,0.426601,0.392047,0.417573,0.426828,0.387272
0.418401,0.420917,0.428115,0.464536,0.449278,0.418368,0.447089,0.467337,0.438349,0.425113,0.432089,0.449179,0.387130,0.395959,0.442458,0.438873,0.450820,0.472193,0.442708,0.437221,0.457770,0.472070,0.466887,0.466188,0.454844,0.459553,0.473646,0.481965,0.455422,0.458899,0.438629,0.454249,0.423147,0.383853,0.627787,1.027620,1.023751,0.945559,0.986731,0.973379,0.980807,0.998454,0.996613,0.977554,0.920719,0.819994,0.996167,1.344388,1.373141,1.293978,1.271260,1.260288,1.241498,1.236042,1.174312,1.128737,1.141356,1.121690,1.093160,1.097468,1.093443,1.054087,1.039192,1.053340,0.902716,0.688671,0.673450,0.628452,0.599338,0.620317,0.591642,0.550384,0.565301,0.576206,0.533041,0.465085,0.641997,0.906669,0.942585,0.933688,0.973112,0.950996,0.971479,1.060017,1.058891,1.054737,1.064604,1.136321,1.028387,0.820041,0.804532,0.864106,0.872673,0.892850,0.914985,0.956655,1.020974,1.026414,1.050971,1.054578,1.121974,1.144564,1.120768,1.083573,1.085404,1.084701,1.174179,1.296776,1.291430,1.273496,1.270333,1.297454,1.290236,1.266423,1.277432,1.295182,1.295495,1.293372,1.269633,1.253550,1.272190,1.262226,1.229140,1.290958,1.177623,0.958319,0.949141,0.948146,0.928775,0.964930,0.750667,0.423656,0.421379,0.455574,0.417242,0.413529,0.413992,0.406211,0.429918,0.430220,0.395472,0.409768,0.423215,0.427316
0.430330,0.441698,0.437756,0.439521,0.418278,0.424516,0.436521,0.442680,0.447724,0.417052,0.436385,0.457179,0.413494,0.398458,0.426318,0.430447,0.453240,0.480426,0.425691,0.425016,0.477206,0.484261,0.469522,0.478666,0.465912,0.464461,0.477760,0.470377,0.458037,0.446940,0.433357,0.459142,0.446199,0.412497,0.625371,0.993047,1.032955,0.969853,0.982180,0.996082,1.005567,1.000838,0.978037,0.953930,0.898022,0.806968,0.985736,1.324329,1.345132,1.260435,1.241642,1.234604,1.234577,1.212211,1.162353,1.102289,1.088688,1.099352,1.077200,1.041013,1.033134,1.018375,1.020321,1.033040,0.867940,0.606495,0.579582,0.616808,0.615185,0.613498,0.576233,0.547556,0.534186,0.569794,0.559060,0.478749,0.651205,0.922190,0.935173,0.934448,0.995099,0.972610,0.972072,1.027000,1.034398,1.043476,1.076528,1.134407,1.040503,0.857319,0.799874,0.840102,0.860011,0.897246,0.923450,0.949639,0.987585,0.998252,1.009539,1.016379,1.065968,1.103399,1.088932,1.077015,1.063459,1.073437,1.137247,1.270703,1.296567,1.287154,1.259131,1.288750,1.302108,1.282734,1.271424,1.279668,1.290262,1.308265,1.287827,1.249357,1.296871,1.285496,1.258769,1.299719,1.181173,0.963608,0.934379,0.943715,0.932661,0.982015,0.771997,0.437255,0.401157,0.416014,0.375672,0.398678,0.430513,0.427130,0.446034,0.433107,0.398096,0.409460,0.411590,0.425317
0.469281,0.470203,0.412852,0.398923,0.415568,0.444797,0.424186,0.423166,0.449862,0.419189,0.429712,0.438982,0.404420,0.392568,0.417469,0.433892,0.443320,0.461690,0.441934,0.448096,0.458644,0.469187,0.465147,0.478501,0.472510,0.459154,0.463845,0.451936,0.448067,0.447399,0.439912,0.455304,0.452703,0.411000,0.616743,0.978247,1.037086,0.984146,0.975630,0.984738,0.992572,0.988037,0.945015,0.921784,0.888428,0.818014,0.997199,1.318634,1.340638,1.271561,1.266526,1.251364,1.245413,1.221672,1.185043,1.126802,1.083852,1.075063,1.053619,1.032211,1.037522,1.029744,1.002378,0.981888,0.823119,0.597609,0.591749,0.628517,0.631588,0.622495,0.588538,0.559779,0.561916,0.593763,0.585840,0.534232,0.682289,0.958223,0.995193,0.976975,1.000772,0.995888,1.029122,1.059244,1.041012,1.051227,1.097269,1.131404,1.025463,0.838236,0.799832,0.839900,0.869978,0.904181,0.924561,0.944435,0.977095,1.018239,1.041145,1.034092,1.047812,1.071972,1.076822,1.082173,1.082554,1.067546,1.134169,1.263421,1.298987,1.286738,1.276877,1.274370,1.280902,1.275549,1.276854,1.284181,1.286939,1.300022,1.281984,1.249518,1.285933,1.264400,1.238824,1.296545,1.181556,0.963579,0.934525,0.936180,0.901793,0.998461,0.809028,0.442861,0.377731,0.405464,0.379587,0.410363,0.436774,0.434045,0.421037,0.409582,0.396820,0.442327,0.451188,0.413525
0.434437,0.446611,0.433819,0.417182,0.425690,0.449422,0.415636,0.414181,0.431302,0.415104,0.430634,0.449943,0.416466,0.404295,0.426581,0.440286,0.440373,0.442592,0.455719,0.447553,0.438966,0.456521,0.453319,0.456491,0.457209,0.465382,0.472481,0.446371,0.441292,0.441285,0.427560,0.431949,0.438555,0.415936,0.630800,0.980055,1.047180,1.016663,0.986628,0.966080,0.971800,0.981437,0.978672,0.954757,0.887115,0.817628,1.013005,1.340317,1.350933,1.292782,1.292532,1.261242,1.238149,1.215205,1.172067,1.153612,1.165004,1.127512,1.081355,1.091485,1.108254,1.071177,1.025777,1.022145,0.867630,0.620793,0.617991,0.677247,0.643040,0.637816,0.610478,0.592850,0.586824,0.593993,0.551147,0.512415,0.684564,0.970146,1.031710,0.999787,0.999821,1.020148,1.039525,1.051660,1.061462,1.060582,1.082834,1.120743,1.020714,0.822633,0.815430,0.858085,0.856397,0.909088,0.951441,0.961255,0.997094,1.028722,1.045869,1.046852,1.083072,1.124765,1.098645,1.099044,1.107391,1.102821,1.166966,1.277663,1.305709,1.280980,1.275713,1.284203,1.290782,1.281142,1.277785,1.286590,1.274653,1.286509,1.282247,1.255000,1.262913,1.242713,1.225830,1.314834,1.183012,0.931722,0.932613,0.943368,0.926553,1.006283,0.805647,0.419696,0.343433,0.387302,0.403871,0.418198,0.415859,0.397797,0.396863,0.416937,0.427247,0.452499,0.463172,0.426734
0.320071,0.306749,0.310483,0.330294,0.344875,0.348663,0.331866,0.333346,0.347733,0.329899,0.342106,0.349794,0.336236,0.341914,0.369897,0.348492,0.331596,0.348666,0.361044,0.332045,0.305237,0.335366,0.348730,0.340139,0.360034,0.355980,0.356647,0.322981,0.338720,0.381016,0.355597,0.366024,0.369834,0.327494,0.515978,0.780403,0.819973,0.780132,0.801376,0.788824,0.770292,0.805100,0.778054,0.772967,0.733033,0.696584,0.819288,0.994772,0.988530,0.941310,0.923180,0.858807,0.870524,0.908497,0.901992,0.888478,0.860197,0.842524,0.828911,0.790629,0.779479,0.748696,0.730443,0.760247,0.590273,0.335504,0.283882,0.338318,0.312960,0.302699,0.308176,0.328541,0.357632,0.336805,0.295568,0.274552,0.438520,0.685418,0.704635,0.664942,0.661728,0.723195,0.759983,0.760521,0.776434,0.768296,0.788568,0.843814,0.718323,0.515229,0.573911,0.607915,0.587216,0.599633,0.664970,0.721245,0.696700,0.706573,0.736931,0.802759,0.800648,0.767959,0.772600,0.784722,0.789935,0.748475,0.876783,1.115280,1.147877,1.111589,1.116741,1.110797,1.102663,1.109761,1.090782,1.096744,1.128207,1.115516,1.126122,1.149679,1.143566,1.129128,1.146461,1.200677,1.017228,0.757706,0.765928,0.817707,0.792179,0.830265,0.646558,0.298745,0.244488,0.309379,0.331325,0.298400,0.306591,0.348467,0.353500,0.339345,0.341426,0.342054,0.350271,0.382811
0.313985,0.307250,0.328741,0.331687,0.330225,0.331004,0.342522,0.365240,0.358910,0.334462,0.325980,0.319413,0.305293,0.319078,0.355790,0.344852,0.344191,0.348203,0.329479,0.334979,0.363613,0.352157,0.351196,0.343639,0.347625,0.351676,0.355536,0.329288,0.330884,0.350173,0.360072,0.365548,0.354701,0.341735,0.521528,0.781452,0.802325,0.762822,0.784469,0.752892,0.753577,0.782864,0.786574,0.774376,0.761984,0.703593,0.815397,1.003123,0.993107,0.935996,0.926550,0.870359,0.863598,0.896551,0.903966,0.887054,0.860193,0.831280,0.809446,0.761267,0.781335,0.756531,0.742349,0.763618,0.603453,0.348128,0.298151,0.337712,0.339019,0.327057,0.336573,0.348432,0.369515,0.358529,0.329721,0.296112,0.430916,0.669360,0.713837,0.678608,0.697527,0.733297,0.757860,0.782199,0.782127,0.769484,0.791472,0.872060,0.756571,0.519600,0.567140,0.634924,0.612441,0.606164,0.654799,0.719918,0.723244,0.727650,0.778018,0.767682,0.755841,0.755468,0.779001,0.774580,0.757089,0.723162,0.872992,1.127371,1.147877,1.113367,1.132109,1.103414,1.072165,1.083732,1.103050,1.122785,1.141132,1.127839,1.124180,1.127790,1.129216,1.117534,1.120582,1.166046,1.007058,0.753042,0.760665,0.808867,0.787134,0.807510,0.619687,0.319946,0.262727,0.313108,0.308131,0.291696,0.309325,0.326955,0.329920,0.322100,0.359442,0.349168,0.337057,0.327941
0.386160,0.409314,0.437972,0.417267,0.405761,0.429103,0.449554,0.435460,0.421296,0.430967,0.448242,0.439239,0.410321,0.398824,0.408441,0.430569,0.441998,0.450813,0.416695,0.419110,0.476744,0.476856,0.457610,0.451875,0.433885,0.439544,0.450316,0.446585,0.431799,0.423447,0.433904,0.442143,0.437675,0.409583,0.636297,0.996262,1.020163,0.988635,1.018445,0.975092,0.959458,0.978782,0.974863,0.962301,0.924426,0.835530,1.028297,1.364883,1.361962,1.280112,1.274131,1.282877,1.251930,1.184366,1.132002,1.133837,1.148524,1.151018,1.100407,1.084516,1.061575,1.039245,1.047375,1.076629,0.931949,0.680950,0.680290,0.685450,0.664243,0.702806,0.678428,0.628644,0.614683,0.631066,0.614412,0.553242,0.720253,0.997887,1.075788,1.059289,1.063721,1.021825,1.003543,1.062618,1.090685,1.082717,1.088640,1.165964,1.070095,0.848846,0.803894,0.894948,0.957561,0.954106,0.956044,0.959397,0.993843,1.035074,1.070497,1.052312,1.066599,1.100127,1.104681,1.097036,1.043655,1.065781,1.163513,1.282168,1.307807,1.297526,1.273910,1.277295,1.280507,1.255633,1.276712,1.283189,1.271954,1.298831,1.289370,1.241057,1.273855,1.264226,1.245998,1.293424,1.159664,0.904075,0.913570,0.937952,0.950498,0.996850,0.779088,0.428433,0.388145,0.387989,0.361758,0.414515,0.419931,0.384467,0.372577,0.415882,0.457271,0.436388,0.418582,0.411909
0.391800,0.411871,0.454690,0.432566,0.413758,0.427662,0.425481,0.414619,0.421365,0.437083,0.452931,0.446723,0.417518,0.408774,0.420772,0.431286,0.438730,0.450739,0.429267,0.431644,0.468166,0.456189,0.463985,0.467885,0.407142,0.419380,0.457324,0.451822,0.419274,0.434649,0.429350,0.457313,0.478975,0.412323,0.622086,0.989275,1.040103,1.014075,1.021437,0.999084,0.992245,1.010298,0.967775,0.941781,0.901770,0.858941,1.067382,1.377983,1.371544,1.286736,1.281944,1.295182,1.285274,1.238803,1.169348,1.154508,1.188924,1.185023,1.142869,1.137164,1.118125,1.072414,1.059692,1.086892,0.948520,0.701171,0.693327,0.697099,0.692643,0.704642,0.682792,0.637172,0.624071,0.641858,0.627232,0.562331,0.738456,1.037754,1.094931,1.068466,1.063561,1.028893,1.016804,1.070858,1.111894,1.111602,1.106602,1.170811,1.067941,0.855621,0.830580,0.888697,0.932974,0.931202,0.951915,0.983521,0.974352,1.013253,1.076349,1.096407,1.093581,1.104448,1.093191,1.098048,1.080213,1.085628,1.153468,1.274482,1.291960,1.283776,1.281514,1.272118,1.262088,1.242372,1.263650,1.267853,1.294353,1.290543,1.294491,1.281099,1.305376,1.293191,1.307217,1.319223,1.160375,0.905766,0.920556,0.955476,0.954682,1.009281,0.780953,0.404995,0.388603,0.404576,0.365488,0.387913,0.414746,0.413023,0.399746,0.435636,0.463196,0.440130,0.424097,0.459178
0.450885,0.442688,0.470263,0.461935,0.457633,0.466105,0.446412,0.429230,0.444138,0.473720,0.475701,0.473898,0.459136,0.450348,0.459993,0.459984,0.463527,0.474274,0.462356,0.468967,0.489786,0.469183,0.468913,0.477438,0.456344,0.469981,0.493802,0.491173,0.464718,0.470428,0.477356,0.509531,0.502687,0.416641,0.642448,1.041744,1.136174,1.079776,1.067429,1.060321,1.077758,1.057905,1.005643,0.980517,0.946013,0.907692,1.128363,1.460659,1.434189,1.359041,1.361068,1.321733,1.305934,1.298098,1.276307,1.262024,1.239399,1.206839,1.198761,1.226426,1.230441,1.176236,1.147184,1.168653,0.993336,0.694263,0.672761,0.694896,0.687881,0.685681,0.693706,0.651477,0.678031,0.669987,0.623438,0.568282,0.742752,1.046895,1.111670,1.079768,1.091892,1.065860,1.098491,1.193564,1.223669,1.207761,1.219185,1.264782,1.125026,0.880584,0.865727,0.936874,0.957058,0.954908,0.999729,1.042263,1.023824,1.054251,1.086460,1.111570,1.133550,1.148221,1.145699,1.143161,1.156828,1.125647,1.183060,1.297915,1.316477,1.321119,1.331120,1.291243,1.318421,1.368040,1.378074,1.366150,1.384734,1.386309,1.405412,1.415491,1.419429,1.411256,1.429011,1.433052,1.249826,0.940374,0.947680,0.988795,0.969088,1.041337,0.814444,0.401961,0.398121,0.439168,0.399682,0.384338,0.418234,0.452695,0.436745,0.459929,0.492445,0.464773,0.455741,0.461325
0.465320,0.453584,0.444039,0.431488,0.434920,0.447656,0.447112,0.437338,0.456646,0.490256,0.509934,0.494313,0.478832,0.489460,0.495597,0.470893,0.473702,0.486237,0.475927,0.478805,0.487702,0.477876,0.470749,0.469366,0.475591,0.493977,0.493331,0.497756,0.485078,0.530447,0.502865,0.509529,0.498475,0.412397,0.649744,1.089685,1.130194,1.077736,1.074214,1.048876,1.040887,1.064284,1.035289,1.006678,0.970807,0.911257,1.117416,1.454871,1.436257,1.349879,1.375245,1.356999,1.307044,1.296288,1.308097,1.300884,1.275055,1.214818,1.227750,1.281604,1.294446,1.253479,1.231285,1.281118,1.063974,0.736575,0.687002,0.717878,0.693036,0.695484,0.693506,0.656919,0.675909,0.689475,0.658920,0.617164,0.770985,1.045641,1.097565,1.078011,1.090901,1.061462,1.131008,1.226969,1.279220,1.271841,1.270703,1.363207,1.195150,0.874324,0.867745,0.949691,0.988131,0.984128,1.005853,1.025266,1.049091,1.056287,1.058068,1.084799,1.114956,1.129413,1.141268,1.162399,1.157369,1.096874,1.159441,1.278455,1.310373,1.313810,1.325387,1.287877,1.343842,1.423430,1.423142,1.431852,1.438410,1.430721,1.443585,1.479614,1.451130,1.432509,1.446590,1.485176,1.288515,0.938628,0.934074,0.984693,0.974178,1.039734,0.819378,0.417704,0.393896,0.460699,0.425852,0.416628,0.420937,0.429939,0.438283,0.461068,0.467250,0.480057,0.486882,0.457916
0.382427,0.394166,0.452492,0.460557,0.436733,0.444002,0.454289,0.444693,0.425741,0.460442,0.507903,0.500525,0.503544,0.509949,0.474154,0.462680,0.473131,0.503719,0.472712,0.472674,0.479790,0.447878,0.455256,0.481819,0.486394,0.498966,0.496203,0.492947,0.509643,0.517727,0.501162,0.517148,0.513627,0.422851,0.660193,1.107974,1.113462,1.063683,1.084288,1.039970,1.036513,1.046032,1.021949,1.013804,0.983944,0.898945,1.093387,1.440077,1.431028,1.342896,1.349740,1.338123,1.303005,1.292049,1.268416,1.243852,1.230709,1.200336,1.262419,1.368700,1.404485,1.368779,1.368936,1.418277,1.129884,0.720099,0.668307,0.721756,0.698216,0.716119,0.685083,0.664918,0.667719,0.690292,0.659099,0.625969,0.793413,1.055324,1.095372,1.067373,1.087370,1.068411,1.155346,1.303096,1.381687,1.381698,1.403896,1.515256,1.284819,0.872698,0.852331,0.962912,0.990174,0.961346,0.974577,1.015185,1.042179,1.032505,1.046951,1.076789,1.108861,1.134991,1.108940,1.124637,1.133495,1.100304,1.161479,1.267465,1.298005,1.300278,1.291852,1.249081,1.332773,1.518747,1.524186,1.495406,1.492903,1.513943,1.521989,1.510965,1.518385,1.530912,1.543561,1.608432,1.343861,0.936485,0.911875,0.964098,0.978757,1.014817,0.786571,0.421745,0.400075,0.472559,0.441067,0.437632,0.430707,0.424101,0.433151,0.442222,0.450336,0.450251,0.444667,0.435960
0.315344,0.319939,0.337404,0.335872,0.344343,0.351376,0.366405,0.384603,0.370324,0.328355,0.321611,0.338111,0.327260,0.327861,0.354012,0.347749,0.350377,0.363706,0.344714,0.345016,0.388471,0.377274,0.373864,0.369916,0.390424,0.374424,0.361489,0.346073,0.363780,0.358443,0.361390,0.375618,0.374767,0.361352,0.529376,0.766594,0.803281,0.769474,0.796011,0.804300,0.796156,0.797676,0.807688,0.796667,0.771105,0.700758,0.803318,0.999142,1.009874,0.964702,0.934594,0.898131,0.901265,0.936215,0.914116,0.874493,0.857832,0.822906,0.840348,0.892915,0.874694,0.821283,0.817679,0.805338,0.625231,0.363793,0.320213,0.342909,0.342545,0.347382,0.360009,0.363497,0.373827,0.359433,0.337602,0.327141,0.481685,0.680513,0.695383,0.667128,0.694078,0.734042,0.776227,0.841784,0.841296,0.839632,0.902478,0.945453,0.789779,0.524803,0.553967,0.626958,0.568452,0.591880,0.658287,0.723501,0.711262,0.720097,0.776578,0.790295,0.766479,0.754398,0.763982,0.773451,0.758832,0.727880,0.864963,1.104848,1.134996,1.098888,1.110915,1.097610,1.103381,1.157749,1.170422,1.175432,1.184919,1.172205,1.167928,1.182890,1.210745,1.191215,1.188397,1.250009,1.059665,0.767680,0.752905,0.795906,0.782391,0.808915,0.623402,0.330596,0.277977,0.322049,0.324678,0.320727,0.334100,0.339252,0.327626,0.306793,0.321708,0.332157,0.349433,0.350849
0.357117,0.357395,0.363123,0.346232,0.363170,0.379273,0.394782,0.388826,0.382237,0.369009,0.362773,0.358933,0.341918,0.350591,0.386717,0.382125,0.394893,0.384748,0.366431,0.350744,0.390634,0.393475,0.397220,0.400270,0.422893,0.394095,0.374580,0.354870,0.374501,0.398509,0.381989,0.399493,0.401396,0.371635,0.539067,0.817140,0.847940,0.814578,0.837018,0.840604,0.846024,0.864412,0.856048,0.850748,0.827250,0.778379,0.877126,1.063642,1.088417,1.037392,0.992847,0.964331,0.956929,0.979953,0.984955,0.960475,0.939419,0.883171,0.902276,1.006836,0.964133,0.917133,0.901707,0.905498,0.704817,0.396794,0.343035,0.378853,0.400684,0.387637,0.382776,0.395771,0.412507,0.416512,0.384687,0.341784,0.496191,0.720822,0.741242,0.748851,0.803965,0.779405,0.827316,0.932388,0.949455,0.943349,0.986062,1.038488,0.841180,0.547534,0.588263,0.683426,0.658099,0.659366,0.708947,0.765453,0.782843,0.785660,0.781888,0.792328,0.791347,0.798892,0.826679,0.850507,0.836425,0.790800,0.920309,1.146597,1.167947,1.157720,1.180510,1.163975,1.179532,1.229468,1.252219,1.257095,1.254545,1.226374,1.240852,1.279958,1.291235,1.267284,1.257945,1.307880,1.112868,0.799670,0.769808,0.820297,0.796256,0.861913,0.681264,0.336970,0.274365,0.318172,0.323585,0.339703,0.345646,0.337300,0.334883,0.345338,0.371184,0.349306,0.357949,0.374592
0.440148,0.432823,0.454845,0.457720,0.458405,0.467772,0.463443,0.434474,0.416786,0.476865,0.509717,0.490204,0.543306,0.545879,0.496031,0.481357,0.485193,0.504681,0.464747,0.463289,0.453616,0.464306,0.456345,0.490409,0.516509,0.516633,0.483411,0.516470,0.563434,0.544040,0.515843,0.525752,0.533376,0.424988,0.646432,1.092597,1.155843,1.086724,1.062379,1.067865,1.085972,1.092478,1.028541,1.014616,0.992257,0.947782,1.134476,1.423782,1.453717,1.402261,1.424555,1.366807,1.326689,1.322031,1.318291,1.295954,1.256505,1.227279,1.351339,1.568115,1.665014,1.619643,1.636397,1.677146,1.296711,0.773733,0.743142,0.829836,0.792338,0.791230,0.746573,0.680957,0.682756,0.733571,0.730902,0.623322,0.778543,1.059549,1.098484,1.103730,1.167536,1.077209,1.220980,1.562905,1.629100,1.586567,1.649506,1.734437,1.377109,0.870382,0.843259,0.967284,1.030552,1.001452,0.984071,1.004982,1.039227,1.036809,1.038208,1.080263,1.123106,1.139282,1.124821,1.138470,1.140137,1.105781,1.170813,1.262313,1.269879,1.286252,1.306153,1.246618,1.355827,1.653939,1.690328,1.633414,1.610573,1.616345,1.619524,1.612562,1.627216,1.632718,1.660758,1.737365,1.423951,0.919702,0.892378,0.938806,0.953020,1.040008,0.827193,0.424662,0.389890,0.434439,0.390037,0.389733,0.427374,0.434554,0.435137,0.464604,0.463657,0.431293,0.408470,0.442876
0.427964,0.410575,0.460008,0.485180,0.482753,0.478409,0.433977,0.425165,0.447383,0.469142,0.454931,0.454659,0.506374,0.509528,0.472798,0.488446,0.488629,0.473108,0.486068,0.483901,0.461609,0.486981,0.484879,0.470637,0.484217,0.503768,0.505659,0.520173,0.540760,0.535367,0.524067,0.508673,0.481640,0.412571,0.676833,1.076678,1.108484,1.034596,1.027150,1.070129,1.077116,1.067866,1.047276,1.026987,0.987497,0.894220,1.076733,1.387080,1.417809,1.380961,1.384602,1.302701,1.275518,1.298486,1.281036,1.265352,1.264506,1.205253,1.286169,1.465461,1.547449,1.507617,1.508311,1.534837,1.246268,0.785006,0.714132,0.777126,0.758806,0.755320,0.710348,0.639691,0.661950,0.719754,0.721899,0.627724,0.786300,1.071542,1.105655,1.061828,1.081204,1.063626,1.202434,1.450702,1.511042,1.472525,1.512714,1.564526,1.291991,0.887290,0.845863,0.949152,1.003825,0.985819,0.966329,0.982524,1.028295,1.036468,1.045303,1.098083,1.121261,1.096124,1.089225,1.108328,1.110083,1.097836,1.148690,1.234313,1.273360,1.287365,1.298981,1.245829,1.364756,1.597158,1.604863,1.548660,1.544381,1.548035,1.539546,1.521413,1.542473,1.557703,1.593909,1.655719,1.376940,0.929128,0.874754,0.934872,0.953997,0.989885,0.781707,0.453016,0.413001,0.443693,0.416280,0.429116,0.442855,0.450493,0.435662,0.440388,0.448822,0.441364,0.440139,0.436795
0.434981,0.450422,0.450910,0.453274,0.473422,0.482371,0.466324,0.450470,0.457736,0.485481,0.488467,0.463668,0.472809,0.476725,0.468235,0.492665,0.481208,0.456255,0.478847,0.495284,0.493030,0.480167,0.483993,0.488711,0.490435,0.503817,0.534698,0.522957,0.518829,0.535600,0.511088,0.508348,0.491930,0.428819,0.667926,1.054680,1.061056,1.006961,1.070849,1.061078,1.040321,1.035505,1.029502,1.017209,0.975210,0.896706,1.076168,1.403081,1.436026,1.358727,1.330438,1.285163,1.255944,1.244630,1.236093,1.239494,1.231606,1.168868,1.236098,1.407795,1.422830,1.362923,1.329400,1.361254,1.149001,0.763567,0.642076,0.700699,0.714054,0.684024,0.662862,0.640738,0.663231,0.688159,0.663272,0.598986,0.772890,1.064383,1.102236,1.053202,1.056176,1.079494,1.201659,1.355283,1.395578,1.374145,1.389031,1.427617,1.210144,0.876591,0.852279,0.944425,0.963739,0.969254,0.963220,0.973005,1.034992,1.034859,1.014995,1.069711,1.112519,1.110531,1.108138,1.121252,1.107776,1.106843,1.152571,1.228756,1.279536,1.292972,1.291892,1.262720,1.366701,1.513222,1.511872,1.468930,1.464914,1.477898,1.502245,1.501246,1.479003,1.480207,1.530157,1.607076,1.365319,0.930973,0.862547,0.938888,0.966705,1.006003,0.765090,0.420869,0.389745,0.438231,0.428657,0.444057,0.433741,0.436470,0.424998,0.428911,0.440023,0.444480,0.446836,0.422778
0.439745,0.464153,0.457306,0.421340,0.444441,0.473351,0.486947,0.457158,0.442198,0.466432,0.469898,0.459219,0.468698,0.463796,0.470685,0.474496,0.463511,0.435200,0.468493,0.499778,0.490318,0.485081,0.489631,0.491625,0.498172,0.491085,0.487072,0.515236,0.520812,0.501498,0.477126,0.510699,0.530630,0.441073,0.650816,1.030646,1.054210,1.018458,1.074081,1.047086,1.022989,1.043611,1.000648,0.982509,0.974507,0.915115,1.108570,1.428395,1.454606,1.373423,1.335092,1.306238,1.283273,1.270784,1.242906,1.229449,1.227262,1.167928,1.250922,1.399477,1.388648,1.327525,1.356802,1.336483,1.091694,0.746203,0.661300,0.712577,0.726005,0.699871,0.665065,0.636841,0.651665,0.669726,0.647380,0.597740,0.775537,1.055441,1.077876,1.050356,1.079172,1.106760,1.206391,1.366557,1.397717,1.387055,1.385227,1.457151,1.245263,0.871892,0.846028,0.926229,0.936344,0.939908,0.940115,0.964045,1.025775,1.048572,1.044661,1.062324,1.100781,1.138721,1.125304,1.132672,1.130326,1.118287,1.172888,1.267078,1.281644,1.272985,1.274420,1.251387,1.357992,1.501567,1.516173,1.480298,1.479897,1.490166,1.515682,1.502374,1.478210,1.482654,1.524939,1.585562,1.354885,0.955785,0.888076,0.944744,0.965278,1.000697,0.755686,0.408683,0.367985,0.416699,0.409052,0.425552,0.417070,0.393102,0.409313,0.426843,0.424027,0.441889,0.443210,0.396700
0.411105,0.454106,0.486959,0.454342,0.434187,0.448510,0.474030,0.471812,0.453496,0.430888,0.437820,0.464667,0.468532,0.475194,0.480208,0.459950,0.458819,0.452753,0.456185,0.486448,0.492259,0.470261,0.473273,0.511556,0.519385,0.504553,0.504346,0.518646,0.523909,0.503210,0.496650,0.517741,0.500991,0.433606,0.661588,1.023002,1.067634,1.039660,1.078738,1.058080,1.044344,1.046426,1.002121,1.000700,0.994722,0.904389,1.114883,1.455546,1.455951,1.373172,1.361516,1.316883,1.306958,1.327484,1.263878,1.229425,1.223793,1.173708,1.248417,1.385201,1.350364,1.326148,1.390703,1.372695,1.107248,0.737761,0.675415,0.719540,0.703019,0.695401,0.685736,0.669983,0.684592,0.689936,0.670223,0.618079,0.790471,1.075689,1.110713,1.058143,1.075899,1.073051,1.193546,1.391646,1.405968,1.401715,1.420658,1.490565,1.229446,0.869424,0.861129,0.946200,0.953539,0.956479,0.974258,1.010197,1.045000,1.084723,1.088438,1.076747,1.099927,1.139389,1.140863,1.123841,1.119202,1.130782,1.182414,1.259905,1.303470,1.286563,1.247645,1.242311,1.371689,1.542277,1.559223,1.502392,1.503548,1.489988,1.500640,1.532123,1.511464,1.505345,1.534946,1.599295,1.376328,0.988546,0.906770,0.933017,0.946586,0.972653,0.767505,0.421538,0.395306,0.426505,0.398200,0.403907,0.409120,0.415448,0.405823,0.420215,0.431071,0.435746,0.446531,0.413886
0.336769,0.336043,0.381804,0.363600,0.339058,0.334540,0.350258,0.379680,0.379149,0.356280,0.361048,0.373978,0.323962,0.337848,0.397375,0.353238,0.357640,0.389200,0.345578,0.336786,0.389928,0.374949,0.372937,0.389370,0.392660,0.374954,0.375787,0.363549,0.360186,0.382238,0.370079,0.373478,0.369316,0.354539,0.532089,0.824476,0.850554,0.809783,0.825038,0.841106,0.847496,0.842112,0.837293,0.845886,0.814957,0.753345,0.862606,1.062147,1.058647,0.997161,0.979215,0.970086,0.968902,0.991851,0.973260,0.938750,0.936922,0.911148,0.894797,0.897422,0.836564,0.806036,0.809237,0.872426,0.711707,0.415632,0.374630,0.392897,0.392843,0.392846,0.418297,0.432875,0.420635,0.415555,0.399491,0.346426,0.487749,0.719744,0.766226,0.791199,0.803230,0.752256,0.783054,0.816782,0.869852,0.874075,0.897496,0.951155,0.809216,0.552483,0.577303,0.677544,0.695787,0.680316,0.711480,0.757711,0.768150,0.790250,0.823385,0.854440,0.802304,0.778287,0.806150,0.841514,0.806810,0.757591,0.922041,1.165665,1.188985,1.153567,1.145430,1.150919,1.161519,1.157923,1.164395,1.205420,1.222381,1.196273,1.164038,1.203400,1.236778,1.203367,1.186464,1.223512,1.065314,0.798388,0.788007,0.822275,0.783920,0.854767,0.680780,0.337888,0.290305,0.332732,0.329730,0.333041,0.345499,0.340936,0.345287,0.336804,0.347733,0.338996,0.358468,0.412170
0.312406,0.325272,0.372810,0.361255,0.339008,0.324974,0.344881,0.365206,0.366831,0.357509,0.361476,0.374425,0.341170,0.319697,0.343918,0.334562,0.344262,0.367260,0.379568,0.359834,0.365089,0.359929,0.363348,0.394817,0.410944,0.398624,0.384241,0.376884,0.390682,0.365901,0.362345,0.378855,0.396241,0.372463,0.543837,0.837863,0.874711,0.832129,0.833644,0.837470,0.827451,0.832374,0.846324,0.837067,0.814201,0.757124,0.869335,1.049720,1.060796,1.019966,1.014473,0.985314,0.999610,0.996542,0.999018,0.981696,0.962034,0.922947,0.977242,1.082465,1.087899,1.020971,1.026626,1.081941,0.840745,0.457362,0.392069,0.429218,0.419406,0.442156,0.475914,0.478493,0.449909,0.443584,0.445180,0.394629,0.528951,0.789369,0.800410,0.808307,0.791452,0.752790,0.817675,0.956352,1.055774,1.064100,1.086681,1.151677,0.939453,0.558456,0.568150,0.678269,0.691603,0.685787,0.695315,0.729102,0.762260,0.779692,0.821474,0.862899,0.806784,0.772613,0.799207,0.830119,0.798066,0.748977,0.897020,1.113077,1.132150,1.103885,1.146535,1.143245,1.190112,1.330280,1.349667,1.354364,1.349044,1.313730,1.289048,1.298860,1.352387,1.328386,1.320769,1.388789,1.161112,0.776528,0.745670,0.794017,0.784464,0.829387,0.634436,0.335672,0.317665,0.342482,0.309727,0.335062,0.355901,0.342344,0.363387,0.336187,0.319295,0.321866,0.356989,0.387737
0.417858,0.445972,0.477973,0.470453,0.456234,0.452681,0.468557,0.465661,0.451204,0.464914,0.450638,0.454530,0.500252,0.497071,0.443045,0.459296,0.451938,0.429931,0.463618,0.503795,0.497704,0.449344,0.464784,0.509971,0.514832,0.502265,0.498197,0.523872,0.524682,0.507885,0.492007,0.519159,0.491512,0.434621,0.656669,1.026207,1.065947,1.020183,1.029423,1.045718,1.043303,1.039139,1.010222,1.012087,0.976678,0.878921,1.076745,1.418676,1.443461,1.366109,1.355104,1.310642,1.279664,1.284142,1.247038,1.227671,1.210411,1.167979,1.307362,1.547062,1.559198,1.485043,1.502055,1.522998,1.229466,0.763842,0.717409,0.778218,0.707560,0.718212,0.708204,0.681581,0.674881,0.723618,0.715948,0.681274,0.837497,1.124032,1.143732,1.080513,1.086494,1.068319,1.232623,1.501379,1.537715,1.497885,1.510571,1.578487,1.297579,0.876894,0.849789,0.911238,0.915454,0.970967,0.990139,0.969459,1.019135,1.055224,1.056107,1.062056,1.109369,1.116491,1.100181,1.089428,1.096299,1.094657,1.132191,1.220622,1.256775,1.250755,1.235420,1.226794,1.385446,1.602723,1.602280,1.542451,1.546757,1.534305,1.573249,1.607390,1.585067,1.559543,1.602569,1.690298,1.425474,0.936651,0.848853,0.907509,0.948583,0.952088,0.748252,0.427797,0.410849,0.459432,0.415051,0.411480,0.421919,0.445670,0.408733,0.416243,0.417358,0.406379,0.422763,0.378421
0.422813,0.430218,0.473359,0.472011,0.452874,0.468278,0.500654,0.481433,0.432476,0.445660,0.444712,0.447715,0.471987,0.492475,0.467673,0.469234,0.460494,0.442928,0.459423,0.501698,0.499405,0.458778,0.453409,0.516569,0.510336,0.505966,0.530026,0.527298,0.528815,0.556975,0.538385,0.529182,0.491357,0.428502,0.658508,1.040580,1.075419,1.024382,1.050620,1.057773,1.067573,1.071682,1.036517,1.028388,0.985797,0.885970,1.083583,1.455468,1.471288,1.387115,1.351409,1.346754,1.323054,1.291471,1.250400,1.232534,1.240082,1.207491,1.310970,1.440216,1.463049,1.410510,1.389462,1.454268,1.207928,0.795158,0.736567,0.744188,0.687056,0.705169,0.707671,0.709556,0.652169,0.680708,0.702183,0.619481,0.797667,1.101681,1.136668,1.115952,1.151736,1.122747,1.223652,1.428985,1.482138,1.437177,1.441859,1.527026,1.305824,0.910921,0.881364,0.921121,0.920075,0.987847,1.004536,0.984366,1.012251,1.063694,1.097309,1.092656,1.126770,1.136507,1.125368,1.131224,1.129401,1.113072,1.167836,1.292095,1.321931,1.286399,1.257707,1.255321,1.391432,1.567083,1.556829,1.520628,1.538780,1.541813,1.566359,1.580307,1.545144,1.529019,1.560462,1.626544,1.380022,0.967713,0.912988,0.952057,0.932525,0.982269,0.783416,0.439883,0.400085,0.452677,0.421047,0.410192,0.422054,0.456647,0.407012,0.422579,0.458471,0.420811,0.423112,0.443158
0.425327,0.420396,0.453035,0.455032,0.444518,0.447226,0.470624,0.459470,0.425624,0.429552,0.463287,0.471727,0.433185,0.445765,0.487753,0.476532,0.457096,0.459112,0.468503,0.474365,0.476164,0.448820,0.433760,0.479132,0.493641,0.489844,0.479340,0.503433,0.521962,0.527756,0.516188,0.526495,0.509195,0.454749,0.670638,1.030434,1.087704,1.041133,1.053575,1.061118,1.055150,1.036443,1.024232,1.012495,0.967773,0.906886,1.117938,1.451499,1.437742,1.347322,1.333792,1.363020,1.365995,1.320343,1.260398,1.239041,1.243015,1.202388,1.270234,1.402101,1.429792,1.371397,1.347549,1.404493,1.173174,0.782701,0.741722,0.758101,0.732926,0.705374,0.724065,0.758321,0.689066,0.651403,0.673297,0.640092,0.785328,1.051723,1.077240,1.089892,1.117446,1.085851,1.148197,1.336367,1.416746,1.392438,1.388825,1.476931,1.305858,0.907551,0.870574,0.934057,0.960892,0.989581,1.002904,1.013385,1.025896,1.043355,1.077509,1.087021,1.109499,1.117786,1.136661,1.159628,1.136846,1.128377,1.180601,1.268152,1.281182,1.270094,1.254570,1.255709,1.375466,1.538954,1.510801,1.506884,1.561010,1.537987,1.517484,1.527446,1.538827,1.511870,1.514211,1.551205,1.323932,0.959984,0.908633,0.925913,0.923700,1.005267,0.802869,0.424548,0.379581,0.446452,0.397589,0.375153,0.407517,0.458761,0.419569,0.418406,0.452270,0.437339,0.438932,0.448959
0.402191,0.413776,0.489376,0.475394,0.449339,0.451294,0.436808,0.439107,0.434535,0.421092,0.443515,0.491955,0.458297,0.456466,0.484496,0.466552,0.459320,0.470781,0.458529,0.444330,0.468205,0.451325,0.444230,0.459019,0.488094,0.486131,0.469099,0.491307,0.501559,0.469716,0.478945,0.515787,0.511425,0.454522,0.662661,1.022581,1.087884,1.049561,1.054809,1.042876,1.036243,1.051736,1.018309,0.995747,0.957932,0.886360,1.100142,1.435818,1.422422,1.347705,1.340902,1.356441,1.350250,1.322630,1.269154,1.237015,1.212295,1.184713,1.266195,1.405825,1.397481,1.338933,1.341389,1.409849,1.172044,0.745119,0.730994,0.774134,0.733173,0.697185,0.708578,0.732127,0.692552,0.670304,0.706196,0.683259,0.788766,1.032988,1.067442,1.056343,1.070425,1.063918,1.164853,1.354003,1.395999,1.367411,1.368890,1.464673,1.274202,0.884888,0.886745,0.955238,0.941087,0.971724,0.986540,1.001204,1.018640,1.037380,1.061189,1.086252,1.088628,1.085365,1.132983,1.159866,1.137530,1.114667,1.173580,1.285707,1.291020,1.270353,1.258427,1.249835,1.358977,1.522399,1.529122,1.507733,1.542466,1.530951,1.505797,1.509262,1.518768,1.500267,1.506655,1.519698,1.300123,0.946778,0.883810,0.898598,0.930225,0.989161,0.784740,0.420337,0.394722,0.444550,0.390322,0.376094,0.398399,0.439349,0.425504,0.423410,0.430376,0.442505,0.454990,0.435762
0.406452,0.417539,0.454705,0.474391,0.457738,0.460167,0.456976,0.462392,0.445786,0.447305,0.462203,0.477334,0.469621,0.471574,0.462265,0.449447,0.470661,0.486431,0.451747,0.455214,0.488284,0.465802,0.460669,0.497644,0.487117,0.482796,0.490714,0.493077,0.493628,0.500116,0.503721,0.498202,0.483960,0.457513,0.674617,1.026884,1.075939,1.035214,1.040207,1.042349,1.048909,1.057590,1.016478,0.989917,0.957969,0.886806,1.098706,1.440456,1.441209,1.363302,1.337890,1.313645,1.296546,1.283841,1.255764,1.248846,1.239374,1.196986,1.261437,1.385517,1.391004,1.321035,1.317922,1.402017,1.185515,0.757681,0.713582,0.761762,0.726392,0.701001,0.694406,0.695130,0.670515,0.704821,0.725043,0.659907,0.779180,1.044720,1.100186,1.077850,1.072711,1.041241,1.149931,1.368270,1.369424,1.313558,1.363540,1.446820,1.228075,0.846428,0.865133,0.930316,0.920602,0.972206,1.009152,1.016806,1.042450,1.041355,1.056036,1.093538,1.103719,1.089453,1.121105,1.143588,1.140300,1.120098,1.173402,1.243815,1.293199,1.274992,1.272614,1.248563,1.345415,1.484602,1.508386,1.499418,1.514370,1.504034,1.484882,1.497070,1.517990,1.509601,1.499739,1.555896,1.324670,0.944245,0.898285,0.916762,0.917714,0.985534,0.773855,0.409284,0.387752,0.441449,0.404482,0.388757,0.401210,0.423977,0.427835,0.410853,0.420973,0.444877,0.459301,0.429060
0.332069,0.346528,0.358582,0.357157,0.356340,0.355276,0.388803,0.389744,0.380888,0.365585,0.363762,0.360145,0.370325,0.357620,0.329632,0.347555,0.380986,0.396933,0.373620,0.372628,0.377106,0.393798,0.401761,0.404149,0.408303,0.397988,0.401435,0.390678,0.394835,0.397041,0.380863,0.378286,0.399484,0.366484,0.552386,0.845297,0.864892,0.810492,0.833799,0.833065,0.850507,0.866229,0.859676,0.842686,0.844502,0.790448,0.900408,1.081780,1.073468,1.017776,1.028697,1.001157,0.998916,0.977654,0.992559,1.003271,0.998698,0.939838,1.009228,1.163995,1.190776,1.105990,1.080694,1.120805,0.878503,0.484099,0.414307,0.430184,0.402815,0.434110,0.446441,0.408867,0.409272,0.460876,0.440266,0.365613,0.504256,0.797436,0.808158,0.797871,0.834468,0.796001,0.889156,1.063497,1.113970,1.117516,1.176640,1.216148,0.940053,0.568540,0.562862,0.681355,0.686466,0.682948,0.692035,0.718853,0.748362,0.769612,0.788652,0.856249,0.816071,0.793009,0.818207,0.829649,0.799205,0.731408,0.904471,1.153451,1.138461,1.124994,1.156333,1.127329,1.179872,1.364513,1.397077,1.374963,1.365183,1.344208,1.340697,1.351252,1.391057,1.370662,1.375504,1.443072,1.172629,0.760846,0.749486,0.831289,0.810285,0.843012,0.645279,0.340729,0.304832,0.325083,0.314504,0.340177,0.364879,0.336222,0.341790,0.340176,0.359358,0.348010,0.353910,0.378694
0.330161,0.356271,0.380166,0.349123,0.345543,0.371316,0.365523,0.364383,0.354843,0.330203,0.356591,0.407814,0.396245,0.337908,0.343913,0.375793,0.376367,0.375586,0.397140,0.384304,0.342224,0.373935,0.399485,0.385152,0.411194,0.415994,0.396508,0.395712,0.409095,0.428729,0.385755,0.371025,0.394332,0.376532,0.545032,0.850163,0.869216,0.801068,0.811769,0.809693,0.821300,0.848664,0.868618,0.878109,0.854370,0.794245,0.897726,1.097819,1.077246,1.002432,1.017641,1.000597,1.004691,1.019468,1.008888,1.004626,0.963911,0.924867,1.010983,1.153489,1.165130,1.097504,1.064452,1.094601,0.849347,0.464991,0.455268,0.499550,0.436221,0.420915,0.463768,0.444570,0.403718,0.428815,0.456404,0.407593,0.553310,0.811181,0.833381,0.807491,0.856383,0.816152,0.907558,1.101457,1.138301,1.135566,1.182659,1.193200,0.940180,0.590869,0.596748,0.679470,0.666519,0.668924,0.681712,0.687035,0.719362,0.745573,0.777199,0.830343,0.808894,0.771702,0.787992,0.816488,0.791641,0.740793,0.886153,1.127278,1.132648,1.113347,1.140754,1.128865,1.205175,1.351093,1.375894,1.369267,1.367845,1.359342,1.317964,1.321950,1.363935,1.355606,1.345615,1.406219,1.161180,0.757286,0.735491,0.814605,0.824901,0.850999,0.646779,0.337931,0.298166,0.328609,0.317798,0.332311,0.355859,0.356297,0.350745,0.331839,0.327790,0.332316,0.358399,0.387462
0.443520,0.433395,0.428956,0.458587,0.451561,0.462186,0.425119,0.424427,0.425032,0.426013,0.469848,0.523295,0.459426,0.449936,0.468175,0.476409,0.465414,0.467376,0.500217,0.502185,0.467708,0.470194,0.460171,0.479707,0.491414,0.498506,0.488129,0.512235,0.528122,0.521289,0.512451,0.517519,0.495248,0.462497,0.689832,1.037449,1.057742,1.006450,1.024330,1.039732,1.029193,1.030516,1.037386,1.041737,0.966185,0.882908,1.094801,1.456877,1.461282,1.378135,1.325762,1.354267,1.355922,1.327269,1.266433,1.250166,1.252052,1.203348,1.253392,1.370569,1.395033,1.332732,1.311208,1.367249,1.145617,0.742128,0.723654,0.761689,0.743454,0.715599,0.717862,0.742517,0.618859,0.610396,0.686209,0.686076,0.797192,1.017242,1.093325,1.088470,1.079981,1.045972,1.138102,1.344813,1.396619,1.348783,1.373206,1.431015,1.259127,0.921465,0.900017,0.894791,0.871748,0.932593,0.979588,0.997389,0.998973,1.002811,1.006593,1.039224,1.093827,1.073983,1.116832,1.142268,1.128402,1.116128,1.146935,1.241427,1.272511,1.276339,1.269110,1.263362,1.352042,1.459899,1.478905,1.501416,1.564549,1.538741,1.495857,1.486185,1.515627,1.510725,1.484197,1.536679,1.320319,0.952378,0.903230,0.925372,0.941496,1.002298,0.794556,0.421101,0.383739,0.446291,0.407373,0.379263,0.397662,0.473557,0.426086,0.396266,0.391987,0.438678,0.444028,0.404140
0.449229,0.431410,0.420378,0.434259,0.441060,0.455127,0.461844,0.437508,0.427203,0.441944,0.467477,0.462120,0.439587,0.461981,0.467456,0.460716,0.460034,0.475988,0.505460,0.512615,0.474675,0.486118,0.497157,0.465000,0.460611,0.487176,0.504411,0.514407,0.506918,0.493602,0.524499,0.551357,0.493542,0.448529,0.688906,1.040008,1.070560,1.036312,1.056528,1.029435,1.018601,1.058658,1.026063,1.009386,0.963674,0.894460,1.087731,1.438767,1.474597,1.389565,1.339699,1.361977,1.356676,1.325680,1.270616,1.253391,1.253852,1.221013,1.271478,1.379001,1.401992,1.355502,1.315151,1.376951,1.159621,0.788627,0.726388,0.776538,0.748294,0.741584,0.713393,0.646924,0.668308,0.675005,0.656745,0.599045,0.768642,1.047441,1.095140,1.063114,1.054563,1.063837,1.157139,1.326278,1.355459,1.344117,1.362943,1.455528,1.257753,0.912608,0.890669,0.928730,0.892922,0.927690,0.977944,1.014689,0.978247,0.986373,0.990487,1.066547,1.102340,1.083029,1.121500,1.144400,1.140144,1.096141,1.142298,1.240495,1.279942,1.276860,1.258491,1.237655,1.321537,1.489313,1.509383,1.506758,1.516516,1.518911,1.514488,1.518438,1.517500,1.498507,1.494340,1.546559,1.326969,0.954002,0.880715,0.916300,0.934538,0.993075,0.777547,0.421513,0.412790,0.463561,0.399965,0.376243,0.406755,0.471851,0.427311,0.417466,0.435217,0.436636,0.432505,0.410098
0.434206,0.434470,0.436930,0.438768,0.431257,0.438410,0.479196,0.475114,0.456590,0.462356,0.492478,0.492824,0.463223,0.473838,0.488886,0.475467,0.457098,0.454401,0.471216,0.489532,0.478078,0.512589,0.526846,0.480443,0.479421,0.499003,0.507409,0.496322,0.496493,0.499198,0.506700,0.508261,0.491212,0.452604,0.695511,1.067595,1.093118,1.023663,1.037195,1.034047,1.034741,1.035220,1.030377,1.017837,0.984786,0.928755,1.118170,1.424641,1.438799,1.383134,1.373665,1.365011,1.334889,1.319889,1.284975,1.252858,1.233271,1.229271,1.294125,1.388280,1.389374,1.338711,1.351026,1.381149,1.152792,0.762923,0.721975,0.767884,0.735645,0.723229,0.695858,0.620579,0.702212,0.733315,0.706199,0.654038,0.792676,1.044275,1.103311,1.061222,1.043470,1.061461,1.179610,1.344760,1.381357,1.383160,1.408566,1.485242,1.260590,0.890193,0.879350,0.974202,0.973507,0.969589,0.991969,1.019417,0.997437,1.004999,1.022983,1.096135,1.112875,1.090067,1.139625,1.159107,1.138848,1.106617,1.164430,1.230926,1.281572,1.284780,1.258902,1.244755,1.342172,1.506807,1.541203,1.533383,1.528437,1.533014,1.525717,1.516756,1.541634,1.517876,1.490988,1.557641,1.334354,0.934549,0.892986,0.940877,0.948091,0.994097,0.777307,0.424896,0.402150,0.431549,0.400781,0.403309,0.425112,0.440885,0.427545,0.436608,0.450406,0.446262,0.436266,0.417659
0.435533,0.441864,0.424742,0.424363,0.422614,0.431759,0.462380,0.470305,0.464408,0.471397,0.488670,0.496388,0.486890,0.489251,0.502779,0.481460,0.455339,0.470813,0.492770,0.497945,0.482131,0.522137,0.521162,0.522168,0.480534,0.484320,0.506400,0.511615,0.506079,0.493496,0.489680,0.500288,0.491539,0.444878,0.675117,1.049840,1.075741,1.001496,1.013158,1.033147,1.044369,1.040506,1.013974,0.993948,0.974230,0.907626,1.096749,1.426073,1.440130,1.370032,1.373428,1.338759,1.313238,1.281152,1.243407,1.236528,1.212163,1.198652,1.267801,1.386706,1.391195,1.338620,1.357182,1.392133,1.160899,0.769395,0.713425,0.755513,0.731893,0.718514,0.684337,0.642436,0.665207,0.709548,0.710837,0.664552,0.794096,1.051408,1.096353,1.073677,1.054003,1.043504,1.188648,1.379257,1.382918,1.335995,1.404369,1.487590,1.255959,0.860063,0.851882,0.929802,0.918751,0.942094,0.975584,1.003920,1.006492,1.026150,1.041626,1.084001,1.107053,1.111536,1.129803,1.135376,1.127767,1.096906,1.149829,1.254156,1.281053,1.282360,1.273065,1.267463,1.351482,1.495726,1.525495,1.515068,1.500082,1.557680,1.519918,1.464297,1.524995,1.539709,1.494334,1.565893,1.349658,0.953467,0.911238,0.939990,0.935894,0.999284,0.784937,0.410369,0.412177,0.465377,0.406248,0.400075,0.432512,0.431567,0.416708,0.411850,0.415807,0.435907,0.437415,0.442954
0.453033,0.453585,0.435091,0.404588,0.408224,0.437755,0.447888,0.447296,0.457002,0.439455,0.452085,0.460258,0.490965,0.498404,0.508284,0.490650,0.461429,0.460749,0.497894,0.495666,0.469154,0.502629,0.505958,0.500339,0.450901,0.471982,0.502492,0.502339,0.497212,0.493699,0.502947,0.524217,0.497271,0.437396,0.671766,1.053689,1.055862,0.986568,1.010851,1.047779,1.050771,1.016241,0.993716,0.991653,0.971027,0.898631,1.115885,1.476624,1.451112,1.350552,1.335951,1.301370,1.267064,1.263979,1.241915,1.227415,1.203419,1.183160,1.265195,1.399830,1.400101,1.340613,1.352358,1.401056,1.170334,0.774982,0.695154,0.720403,0.708868,0.703819,0.675996,0.643778,0.643926,0.672718,0.651742,0.626143,0.793147,1.073544,1.110015,1.088827,1.080727,1.062577,1.186660,1.350445,1.373468,1.339869,1.368570,1.456444,1.248259,0.862418,0.847618,0.908475,0.908099,0.945158,0.992640,1.015410,1.023532,1.035663,1.044941,1.085500,1.117700,1.120464,1.109943,1.120363,1.116086,1.093555,1.133331,1.241200,1.279065,1.277876,1.270263,1.261074,1.364579,1.507603,1.523022,1.481725,1.467924,1.498974,1.494781,1.467360,1.528637,1.530111,1.493463,1.561283,1.339513,0.942345,0.912339,0.955281,0.930007,1.000814,0.802588,0.429502,0.395061,0.441787,0.411839,0.387775,0.417025,0.443063,0.423915,0.411679,0.408726,0.424526,0.427407,0.441798
0.338795,0.353744,0.383761,0.343964,0.346758,0.377460,0.352121,0.357650,0.364786,0.343474,0.340325,0.350340,0.381184,0.374357,0.354841,0.384074,0.383444,0.371615,0.380997,0.375108,0.358778,0.366279,0.383333,0.374956,0.421023,0.410607,0.371760,0.387449,0.413939,0.424631,0.387867,0.394728,0.409755,0.358961,0.510347,0.822513,0.883561,0.829645,0.819404,0.831674,0.839887,0.854884,0.844820,0.850204,0.832644,0.782566,0.892939,1.103146,1.070106,0.999513,1.005188,0.986647,0.985983,1.025142,1.006088,0.991199,0.938072,0.894983,0.992622,1.159606,1.139521,1.065332,1.056838,1.115401,0.858842,0.449404,0.435447,0.500338,0.451694,0.437687,0.466964,0.434733,0.427198,0.451758,0.440432,0.390446,0.537021,0.798088,0.829110,0.812799,0.857017,0.819296,0.887801,1.061561,1.106786,1.107941,1.159463,1.194055,0.942493,0.592096,0.591878,0.667448,0.660606,0.679825,0.689612,0.710180,0.727208,0.751489,0.785161,0.830785,0.801711,0.762970,0.788687,0.814790,0.787333,0.727667,0.877856,1.124891,1.136442,1.121859,1.137151,1.132430,1.202586,1.349837,1.371616,1.338919,1.334488,1.331862,1.325443,1.330068,1.350899,1.336250,1.345655,1.412767,1.165816,0.764970,0.726435,0.789084,0.794267,0.846930,0.665438,0.358099,0.290783,0.300863,0.299547,0.332754,0.338032,0.337448,0.342806,0.341779,0.345277,0.316521,0.339682,0.372281
0.307650,0.356570,0.392357,0.355119,0.346990,0.372434,0.361873,0.366626,0.377985,0.373560,0.365289,0.359777,0.392846,0.388820,0.368573,0.385785,0.370628,0.367451,0.420750,0.429908,0.397112,0.381179,0.389036,0.396543,0.429567,0.399195,0.362394,0.387703,0.427797,0.406536,0.372875,0.357698,0.384724,0.378313,0.521167,0.803495,0.871238,0.835818,0.839189,0.835425,0.837845,0.860303,0.876031,0.871714,0.829240,0.773287,0.879283,1.083494,1.064137,1.016280,1.027554,1.005234,1.005036,1.057537,1.032345,0.992984,0.938634,0.891579,0.979230,1.138645,1.135996,1.061420,1.049718,1.132787,0.869279,0.439263,0.414491,0.481165,0.448647,0.483247,0.487967,0.445812,0.446741,0.481116,0.458379,0.420233,0.572326,0.801780,0.857704,0.839983,0.850977,0.812584,0.898220,1.083488,1.117411,1.102823,1.145079,1.210403,0.975887,0.596520,0.570822,0.661678,0.685917,0.704327,0.717498,0.719816,0.717589,0.731871,0.777399,0.835160,0.826493,0.774616,0.806646,0.824179,0.784421,0.734450,0.885472,1.112812,1.133148,1.103018,1.120216,1.096953,1.175822,1.325948,1.355232,1.350980,1.359616,1.343862,1.355745,1.357215,1.355058,1.337474,1.380230,1.430488,1.177185,0.768210,0.725749,0.776438,0.784591,0.832002,0.643495,0.335470,0.311712,0.333922,0.309773,0.337410,0.358425,0.347102,0.342903,0.332382,0.324034,0.320119,0.328003,0.336933
0.398590,0.429295,0.437761,0.434765,0.421864,0.420917,0.465430,0.467515,0.461710,0.422505,0.418983,0.451617,0.477346,0.492761,0.505035,0.489604,0.474158,0.465554,0.484728,0.502262,0.502317,0.519785,0.514480,0.526901,0.490258,0.483827,0.482638,0.471938,0.487225,0.491127,0.506874,0.515063,0.469365,0.434246,0.680639,1.030484,1.047257,1.003512,1.017740,1.035500,1.044992,1.020440,1.009312,1.011340,0.968798,0.882838,1.091932,1.422998,1.449426,1.366151,1.373998,1.341184,1.318823,1.281231,1.253637,1.221888,1.213194,1.180788,1.264147,1.388898,1.397412,1.354153,1.366198,1.404450,1.174427,0.768887,0.676750,0.711209,0.712020,0.714046,0.671309,0.644167,0.694321,0.703671,0.652659,0.653090,0.825758,1.073370,1.133255,1.099828,1.050642,1.047640,1.190230,1.344778,1.391393,1.345174,1.357601,1.471856,1.280479,0.881357,0.844858,0.912743,0.930848,0.976953,1.021718,1.032332,1.008599,1.034150,1.066478,1.091024,1.115112,1.143694,1.143665,1.143649,1.118516,1.099205,1.151136,1.266736,1.290065,1.256369,1.218859,1.230425,1.351184,1.492446,1.512685,1.503243,1.502433,1.526645,1.531500,1.564495,1.528195,1.519375,1.516149,1.576804,1.329415,0.928018,0.914572,0.950972,0.920663,0.994098,0.780552,0.383142,0.393889,0.477654,0.406948,0.385243,0.419008,0.433757,0.407425,0.413440,0.433556,0.438085,0.412505,0.399150
0.432618,0.413291,0.411083,0.434838,0.433503,0.422314,0.460121,0.452415,0.421753,0.427431,0.439220,0.421363,0.443432,0.470070,0.490794,0.472730,0.467862,0.487933,0.475027,0.472179,0.497467,0.518370,0.518803,0.527576,0.506046,0.491130,0.482211,0.464096,0.468072,0.473917,0.498529,0.521264,0.501867,0.418604,0.658029,1.061043,1.062633,0.990350,1.004805,1.047942,1.046538,1.008556,0.993944,1.008978,0.975227,0.906357,1.100749,1.435773,1.475200,1.402864,1.365340,1.313888,1.278345,1.272003,1.253309,1.235714,1.219881,1.165766,1.259772,1.402928,1.414295,1.350839,1.341933,1.390944,1.173712,0.771744,0.697536,0.756659,0.744332,0.703201,0.673596,0.662364,0.679090,0.687705,0.652010,0.642982,0.803471,1.062453,1.098619,1.065630,1.056669,1.056430,1.174236,1.333866,1.367400,1.324908,1.344705,1.436336,1.240420,0.876853,0.843164,0.904368,0.914903,0.954187,0.987737,1.000247,0.991304,1.051505,1.105875,1.094471,1.084660,1.097469,1.125195,1.138797,1.125470,1.092222,1.148561,1.257577,1.284217,1.270427,1.251467,1.239043,1.344896,1.502305,1.508519,1.468794,1.476383,1.536971,1.530597,1.497545,1.521073,1.528059,1.510035,1.551240,1.316639,0.932668,0.909055,0.963641,0.946665,1.004509,0.764398,0.371517,0.368826,0.411414,0.381156,0.366830,0.401813,0.416932,0.394359,0.406927,0.457749,0.445804,0.421743,0.418073
0.434533,0.424273,0.409223,0.423406,0.436362,0.443554,0.454396,0.449486,0.449882,0.469906,0.474136,0.460749,0.461054,0.477476,0.496215,0.472498,0.459571,0.493434,0.492103,0.489954,0.486168,0.486034,0.498088,0.525924,0.536968,0.499691,0.483541,0.479730,0.489404,0.489249,0.484045,0.500048,0.507972,0.444954,0.653422,1.021589,1.045740,0.989801,1.017859,1.063552,1.053075,1.004969,0.991669,0.997792,0.967912,0.917231,1.109268,1.423810,1.437869,1.370640,1.366210,1.318699,1.259491,1.270997,1.274687,1.250670,1.196273,1.172598,1.261198,1.386398,1.396580,1.324638,1.315449,1.376335,1.162269,0.743794,0.662609,0.713085,0.733374,0.727240,0.688793,0.656476,0.659440,0.701652,0.685743,0.648889,0.782157,1.025592,1.075426,1.098775,1.125041,1.065553,1.147539,1.333340,1.350623,1.341489,1.388011,1.459654,1.239327,0.890810,0.850622,0.902522,0.908592,0.927800,0.958116,0.986420,0.989240,1.030349,1.098531,1.108004,1.100566,1.103224,1.116156,1.126226,1.114795,1.090575,1.158864,1.247452,1.262930,1.275724,1.304620,1.270179,1.349013,1.497778,1.514011,1.473667,1.478715,1.524034,1.521921,1.484655,1.518889,1.525419,1.510896,1.542021,1.308892,0.943624,0.897673,0.959885,0.972538,1.002229,0.788855,0.436009,0.362104,0.392299,0.398810,0.407233,0.427204,0.436373,0.404409,0.391088,0.426795,0.430482,0.413509,0.420486
0.422070,0.431694,0.433372,0.428379,0.424619,0.434118,0.439285,0.446480,0.437807,0.467429,0.479607,0.477518,0.469118,0.467319,0.477910,0.480721,0.484409,0.498852,0.488512,0.478744,0.450295,0.452740,0.476017,0.535244,0.514967,0.482362,0.479027,0.494623,0.512306,0.495383,0.510884,0.506389,0.472809,0.441064,0.663801,0.981282,1.034835,1.002205,1.029485,1.033176,1.026529,0.998081,0.991760,0.992457,0.965150,0.892584,1.095716,1.433058,1.442941,1.355603,1.364161,1.326641,1.271403,1.260673,1.273310,1.254444,1.196855,1.168981,1.245226,1.377505,1.383435,1.335839,1.333096,1.402976,1.157637,0.746588,0.700599,0.748748,0.726996,0.722268,0.677325,0.622778,0.649365,0.669812,0.654816,0.619645,0.779086,1.033414,1.055421,1.068841,1.103574,1.041844,1.121922,1.316864,1.344751,1.331520,1.390317,1.450804,1.238189,0.880267,0.861824,0.920853,0.915558,0.891231,0.933554,0.992917,1.000332,1.023827,1.071670,1.089852,1.095008,1.105126,1.112286,1.119663,1.104517,1.081440,1.158097,1.267386,1.276700,1.276039,1.286855,1.264999,1.347957,1.491842,1.508090,1.488561,1.485309,1.486345,1.498485,1.498228,1.507150,1.499396,1.508980,1.547122,1.297175,0.931548,0.892858,0.957470,0.974134,1.007356,0.805530,0.459949,0.360638,0.390119,0.407248,0.425752,0.434960,0.431205,0.399030,0.386134,0.397318,0.404996,0.395725,0.403579
