0.000000,0.000000,0.000000,0.000000,0.000000,0.000000,0.000000,0.000000,0.000000,0.000000,0.000000,0.000000,0.000000,0.000000,0.000000,0.000000,0.000000,0.000000,0.000000,0.000000,0.000000,0.000000,0.000000,0.000000,0.000000,0.000000,0.000000,0.099900,0.039083,0.048083,3.113017,9.078300,18.161967,30.693383,46.176367,64.758233,86.880050,112.127950,140.704350,173.279067,209.889583,251.438633,298.568450,347.581083,396.876850,447.195867,497.725867,548.200667,598.893550,648.455533,696.890283,745.294283,792.137867,836.984567,880.902100,923.862367,964.734883,1002.021733,1036.025467,1068.265683,1099.896800,1127.786733,1152.432050,1177.367550,1199.571917,1217.185700,1231.280800,1243.204500,1253.453183,1261.367317,1265.358983,1266.840550,1268.719333,1267.108733,1259.031200,1245.456400,1232.236200,1218.799650,1199.090167,1175.522850,1151.734400,1128.734583,1101.226667,1068.751417,1035.669300,1000.118533,961.163600,920.251100,878.130167,834.952533,790.574733,745.204000,698.033750,648.232183,599.099100,550.647967,499.737450,447.902183,397.196317,348.187433,298.513817,250.288050,209.195383,172.722050,139.462917,110.871883,86.112633,64.445517,45.965550,30.492100,18.056900,9.052017,3.109483,0.045883,0.038267,0.100117,0.000000,0.000000,0.000000,0.000000,0.000000,0.000000,0.000000,0.000000,0.000000,0.000000,0.000000,0.000000,0.000000,0.000000,0.000000,0.000000,0.000000,0.000000,0.000000,0.000000,0.000000,0.000000,0.000000,0.000000,0.000000,0.000000,0.000000,0.000000
0.000000,0.000000,0.000000,0.000000,0.000000,0.000000,0.000000,0.000000,0.000000,0.000000,0.000000,0.000000,0.000000,0.000000,0.000000,0.000000,0.000000,0.000000,0.000000,0.000000,0.000000,0.000000,0.000000,0.000000,0.000000,0.000000,0.000000,0.000000,0.000000,0.000000,0.000297,0.000000,0.000000,0.004236,0.000000,0.000000,0.059061,0.000000,0.000000,0.822545,0.000000,0.435625,24.904334,59.711933,95.922500,134.698253,177.872488,225.574062,274.482170,315.226198,352.765938,400.394568,442.301962,474.719687,510.254674,549.048320,593.743045,635.727715,672.126241,707.194359,749.350943,795.906598,821.761947,802.008049,786.831397,776.980390,734.932160,726.962656,751.869124,778.120558,781.305467,755.967888,726.275884,725.119346,752.054722,775.141162,774.092975,753.989138,725.789910,717.988145,727.112188,718.844346,684.413659,634.471875,596.330378,575.227810,557.376875,516.817411,486.060657,471.372812,444.708312,405.226918,354.875000,296.040125,249.638795,216.155000,176.970354,137.164769,100.103437,62.395426,25.625375,0.419687,0.000000,0.844022,0.000000,0.000000,0.060591,0.000000,0.000000,0.004349,0.000000,0.000000,0.000312,0.000000,0.000000,0.000000,0.000000,0.000000,0.000000,0.000000,0.000000,0.000000,0.000000,0.000000,0.000000,0.000000,0.000000,0.000000,0.000000,0.000000,0.000000,0.000000,0.000000,0.000000,0.000000,0.000000,0.000000,0.000000,0.000000,0.000000,0.000000,0.000000,0.000000,0.000000
0.000000,0.000000,0.000000,0.000000,0.000000,0.000000,0.000000,0.000000,0.000000,0.000000,0.000000,0.000000,0.000000,0.000000,0.000000,0.000000,0.000000,0.000000,0.000000,0.000000,0.000000,0.000000,0.000000,0.000000,0.000000,0.000000,0.000000,0.000000,0.000000,0.000000,0.000305,0.000000,0.000000,0.004293,0.000000,0.000000,0.059840,0.000000,0.000000,0.833411,0.000000,0.841866,26.091713,61.420873,97.641094,136.522800,179.199082,224.801937,272.338939,320.546958,370.913830,424.332488,466.993317,502.197942,546.008240,579.794599,606.762852,648.586517,681.166272,700.036027,728.680128,775.100953,812.255023,804.579450,805.299773,824.903430,824.107776,816.890424,821.355128,839.323464,842.161094,821.888027,799.207447,795.343914,808.463020,818.871670,826.910851,831.213547,825.674667,815.149348,798.785844,772.332450,752.101019,727.752756,672.584852,627.074850,599.314527,559.316509,519.690858,486.131527,448.618972,405.733223,358.815065,311.423153,272.810374,235.906889,186.612263,140.435659,103.723906,66.229372,27.961409,0.854352,0.000000,0.898337,0.000000,0.000000,0.064494,0.000000,0.000000,0.004632,0.000000,0.000000,0.000333,0.000000,0.000000,0.000000,0.000000,0.000000,0.000000,0.000000,0.000000,0.000000,0.000000,0.000000,0.000000,0.000000,0.000000,0.000000,0.000000,0.000000,0.000000,0.000000,0.000000,0.000000,0.000000,0.000000,0.000000,0.000000,0.000000,0.000000,0.000000,0.000000,0.000000,0.000000
0.000000,0.000000,0.000000,0.000000,0.000000,0.000000,0.000000,0.000000,0.000000,0.000000,0.000000,0.000000,0.000000,0.000000,0.000000,0.000000,0.000000,0.000000,0.000000,0.000000,0.000000,0.000000,0.000000,0.000000,0.000000,0.000000,0.000000,0.000000,0.000000,0.000000,0.000339,0.000000,0.000000,0.004776,0.000000,0.000000,0.066521,0.000000,0.000000,0.926472,0.000000,1.269792,31.912542,74.127979,117.295683,162.549734,208.107235,255.051235,305.302357,350.587829,394.665243,449.042482,500.542502,543.640690,583.518113,614.018471,645.179513,694.785932,738.827984,766.603606,788.733631,805.900214,821.467794,840.177988,856.001363,870.513979,892.731883,911.152081,928.151879,958.290708,979.255738,978.007023,963.501495,957.744129,956.471599,935.926255,911.378595,899.023133,901.463591,902.499945,886.572960,851.922398,826.545285,809.282588,771.531294,727.252614,687.869640,648.148589,593.500838,534.148640,492.709431,446.062582,393.983058,358.579782,316.166431,260.539838,211.613312,167.343746,123.567160,79.693981,34.679346,1.238646,0.000000,1.034734,0.000000,0.000000,0.074286,0.000000,0.000000,0.005334,0.000000,0.000000,0.000381,0.000000,0.000000,0.000000,0.000000,0.000000,0.000000,0.000000,0.000000,0.000000,0.000000,0.000000,0.000000,0.000000,0.000000,0.000000,0.000000,0.000000,0.000000,0.000000,0.000000,0.000000,0.000000,0.000000,0.000000,0.000000,0.000000,0.000000,0.000000,0.000000,0.000000,0.000000
0.000000,0.000000,0.000000,0.000000,0.000000,0.000000,0.000000,0.000000,0.000000,0.000000,0.000000,0.000000,0.000000,0.000000,0.000000,0.000000,0.000000,0.000000,0.000000,0.000000,0.000000,0.000000,0.000000,0.000000,0.000000,0.000000,0.000000,0.000000,0.000000,0.000000,0.000345,0.000000,0.000000,0.004907,0.000000,0.000000,0.068384,0.000000,0.000000,0.952496,0.000000,1.701641,34.876091,78.681978,122.507175,169.560391,217.200906,263.044070,307.177094,351.652833,397.103773,443.669850,496.784644,549.097292,585.132439,615.892926,654.712682,704.457940,744.040921,771.627794,804.159249,834.220338,857.509933,877.158932,893.304746,909.817273,934.898670,969.098179,1001.911949,1019.803924,1029.420548,1039.368882,1051.073478,1047.916995,1029.249230,1006.849087,962.117336,912.630898,900.319598,900.326921,880.548666,833.714763,809.431550,805.865616,772.872008,729.037660,691.327513,654.417915,603.294842,545.434417,501.372666,451.831243,397.219870,356.620708,307.704048,249.738900,205.050540,163.708433,119.223095,75.861166,33.016312,1.577656,0.000000,0.914901,0.000000,0.000000,0.065681,0.000000,0.000000,0.004711,0.000000,0.000000,0.000338,0.000000,0.000000,0.000000,0.000000,0.000000,0.000000,0.000000,0.000000,0.000000,0.000000,0.000000,0.000000,0.000000,0.000000,0.000000,0.000000,0.000000,0.000000,0.000000,0.000000,0.000000,0.000000,0.000000,0.000000,0.000000,0.000000,0.000000,0.000000,0.000000,0.000000,0.000000
0.000000,0.000000,0.000000,0.000000,0.000000,0.000000,0.000000,0.000000,0.000000,0.000000,0.000000,0.000000,0.000000,0.000000,0.000000,0.000000,0.000000,0.000000,0.000000,0.000000,0.000000,0.000000,0.000000,0.000000,0.000000,0.000000,0.000000,0.000000,0.000000,0.000000,0.000323,0.000000,0.000000,0.004553,0.000000,0.000000,0.063459,0.000000,0.000000,0.883916,0.000000,2.334141,35.258127,77.111667,119.527103,168.744955,216.631592,259.740099,303.588926,354.620719,408.210195,453.881841,503.170128,551.786232,581.370868,602.926289,635.583958,689.837935,738.812362,771.671132,801.128111,832.295840,861.286427,880.165375,892.253912,907.780297,935.273522,960.513057,981.655942,1009.701791,1032.224491,1046.640719,1060.779589,1056.293178,1034.601268,1015.664040,988.871758,959.461112,945.682664,930.705563,898.204717,849.433648,817.423829,800.523964,765.999595,729.030848,693.320705,644.823939,594.073594,546.910009,499.654374,453.341416,408.761273,364.406874,316.247559,264.263321,212.469704,163.715227,118.560685,75.567660,33.358081,2.305391,0.000000,0.809878,0.000000,0.000000,0.058147,0.000000,0.000000,0.004175,0.000000,0.000000,0.000302,0.000000,0.000000,0.000000,0.000000,0.000000,0.000000,0.000000,0.000000,0.000000,0.000000,0.000000,0.000000,0.000000,0.000000,0.000000,0.000000,0.000000,0.000000,0.000000,0.000000,0.000000,0.000000,0.000000,0.000000,0.000000,0.000000,0.000000,0.000000,0.000000,0.000000,0.000000
0.000000,0.000000,0.000000,0.000000,0.000000,0.000000,0.000000,0.000000,0.000000,0.000000,0.000000,0.000000,0.000000,0.000000,0.000000,0.000000,0.000000,0.000000,0.000000,0.000000,0.000000,0.000000,0.000000,0.000000,0.000000,0.000000,0.000000,0.000000,0.000000,0.000000,0.000286,0.000000,0.000000,0.004027,0.000000,0.000000,0.056085,0.000000,0.000000,0.781211,0.000000,3.106797,35.173344,76.339522,118.265541,165.870805,210.527903,253.432461,304.041992,352.243239,394.588236,438.809567,490.009713,535.539956,557.819726,585.711735,631.088784,680.981028,737.145403,782.654285,793.986253,814.455985,848.920346,861.830473,872.844232,886.407664,888.661502,908.801825,951.958477,992.231356,1019.989299,1028.345092,1017.519270,1021.412883,1036.564316,1025.932165,1003.818163,986.027838,972.208790,946.158098,910.291120,880.038893,837.342229,793.608616,779.011715,756.652503,711.290780,663.886146,614.397148,563.927154,518.223162,473.079008,427.697718,384.322145,334.380452,276.636481,219.111018,166.540141,119.834368,76.830927,34.837887,3.241562,0.000000,0.712082,0.000000,0.000000,0.051123,0.000000,0.000000,0.003667,0.000000,0.000000,0.000264,0.000000,0.000000,0.000000,0.000000,0.000000,0.000000,0.000000,0.000000,0.000000,0.000000,0.000000,0.000000,0.000000,0.000000,0.000000,0.000000,0.000000,0.000000,0.000000,0.000000,0.000000,0.000000,0.000000,0.000000,0.000000,0.000000,0.000000,0.000000,0.000000,0.000000,0.000000
0.000000,0.000000,0.000000,0.000000,0.000000,0.000000,0.000000,0.000000,0.000000,0.000000,0.000000,0.000000,0.000000,0.000000,0.000000,0.000000,0.000000,0.000000,0.000000,0.000000,0.000000,0.000000,0.000000,0.000000,0.000000,0.000000,0.000000,0.000000,0.000000,0.000000,0.000262,0.000000,0.000000,0.003684,0.000000,0.000000,0.051353,0.000000,0.000000,0.715285,0.000000,4.032187,37.794132,81.624513,125.043920,170.054324,213.963592,260.067864,313.697683,359.493415,395.408544,436.121976,488.655570,541.319496,574.518038,603.778356,639.954387,680.015133,721.527835,754.483517,773.120813,817.882562,868.723801,864.097994,867.732731,889.962275,881.531974,889.259458,922.412216,940.468367,949.557871,952.456180,943.680043,945.755343,955.017685,943.563071,921.896204,902.034969,885.722044,868.823758,848.450831,823.638513,791.599261,759.203414,736.218635,706.435044,666.942207,630.934707,592.460133,548.889028,505.459900,465.096988,426.234902,383.688344,335.115738,280.729288,223.591525,171.748873,126.581629,82.518846,38.113399,4.289141,0.000000,0.661357,0.000000,0.000000,0.047479,0.000000,0.000000,0.003405,0.000000,0.000000,0.000249,0.000000,0.000000,0.000000,0.000000,0.000000,0.000000,0.000000,0.000000,0.000000,0.000000,0.000000,0.000000,0.000000,0.000000,0.000000,0.000000,0.000000,0.000000,0.000000,0.000000,0.000000,0.000000,0.000000,0.000000,0.000000,0.000000,0.000000,0.000000,0.000000,0.000000,0.000000
0.000000,0.000000,0.000000,0.000000,0.000000,0.000000,0.000000,0.000000,0.000000,0.000000,0.000000,0.000000,0.000000,0.000000,0.000000,0.000000,0.000000,0.000000,0.000000,0.000000,0.000000,0.000000,0.000000,0.000000,0.000000,0.000000,0.000000,0.000000,0.000000,0.000000,0.000170,0.000000,0.000000,0.002876,0.000000,0.000000,0.040067,0.000000,0.000000,0.558078,0.000000,4.871328,35.809258,77.153889,119.359031,163.160774,209.066534,260.176916,318.311666,369.186428,407.682047,443.620383,492.332797,549.599194,594.315071,620.859062,643.170659,681.298805,719.768982,749.620599,777.692531,811.970501,843.243535,854.575591,869.002675,888.775313,896.377896,914.299779,944.080134,962.785987,972.915784,971.121983,952.314686,951.951938,966.816237,959.505441,950.169777,940.853586,910.538697,880.500217,864.232464,852.693134,818.423849,767.356280,731.689580,698.113967,657.254336,615.016300,577.448731,542.479887,502.775419,463.397530,422.304600,371.515651,322.096220,275.620182,223.540294,174.343079,130.917519,86.933028,41.130513,5.480469,0.000000,0.605534,0.000000,0.000000,0.043476,0.000000,0.000000,0.003123,0.000000,0.000000,0.000226,0.000000,0.000000,0.000000,0.000000,0.000000,0.000000,0.000000,0.000000,0.000000,0.000000,0.000000,0.000000,0.000000,0.000000,0.000000,0.000000,0.000000,0.000000,0.000000,0.000000,0.000000,0.000000,0.000000,0.000000,0.000000,0.000000,0.000000,0.000000,0.000000,0.000000,0.000000
0.000000,0.000000,0.000000,0.000000,0.000000,0.000000,0.000000,0.000000,0.000000,0.000000,0.000000,0.000000,0.000000,0.000000,0.000000,0.000000,0.000000,0.000000,0.000000,0.000000,0.000000,0.000000,0.000000,0.000000,0.000000,0.000000,0.000000,0.000000,0.000000,0.000000,0.000110,0.000000,0.000000,0.002518,0.000000,0.000000,0.035077,0.000000,0.000000,0.488584,0.000000,6.123750,38.428270,80.138001,122.388780,167.491063,213.139033,262.209337,319.372476,371.252772,411.393003,447.302267,494.505107,550.774482,598.480857,635.422834,666.254455,695.813349,717.702115,737.788343,771.780942,815.727033,859.133181,894.769863,930.586181,954.852542,951.076090,969.267592,1006.083048,1008.725113,1005.421457,1005.099942,986.985406,966.909636,952.722825,937.864304,932.649295,928.828004,904.770644,880.414043,863.174439,839.375215,801.971275,762.653455,738.178440,700.050764,647.679875,608.909285,572.408219,529.185476,483.132945,439.354019,396.780102,350.922134,308.217489,267.662892,221.543589,176.288088,133.829430,89.087579,42.550029,6.693359,0.000000,0.505465,0.000000,0.000000,0.036288,0.000000,0.000000,0.002603,0.000000,0.000000,0.000156,0.000000,0.000000,0.000000,0.000000,0.000000,0.000000,0.000000,0.000000,0.000000,0.000000,0.000000,0.000000,0.000000,0.000000,0.000000,0.000000,0.000000,0.000000,0.000000,0.000000,0.000000,0.000000,0.000000,0.000000,0.000000,0.000000,0.000000,0.000000,0.000000,0.000000,0.000000
0.000000,0.000000,0.000000,0.000000,0.000000,0.000000,0.000000,0.000000,0.000000,0.000000,0.000000,0.000000,0.000000,0.000000,0.000000,0.000000,0.000000,0.000000,0.000000,0.000000,0.000000,0.000000,0.000000,0.000000,0.000000,0.000000,0.000000,0.000000,0.000000,0.000000,0.000050,0.000000,0.000000,0.002051,0.000000,0.000000,0.028564,0.000000,0.000000,0.397839,0.000000,7.681641,44.060309,91.118788,139.424335,189.671131,238.552288,287.117116,339.087536,386.854061,428.711163,471.206493,517.597721,566.039537,610.990852,650.072459,686.087350,722.287063,746.260240,764.823703,798.454676,832.766600,865.846084,909.850383,947.477886,967.101985,973.110492,971.940316,968.386700,965.060183,968.698946,971.905333,957.952107,933.366568,907.468609,886.313425,883.750047,890.857580,882.173883,868.618258,845.008476,794.237717,751.281747,724.165671,689.225728,650.730509,612.936085,574.972178,544.288078,516.705592,479.048110,438.788131,401.318239,363.562756,319.096287,269.963077,224.630970,180.533308,135.201403,89.299682,43.147810,7.868516,0.000000,0.423629,0.000000,0.000000,0.030412,0.000000,0.000000,0.002182,0.000000,0.000000,0.000099,0.000000,0.000000,0.000000,0.000000,0.000000,0.000000,0.000000,0.000000,0.000000,0.000000,0.000000,0.000000,0.000000,0.000000,0.000000,0.000000,0.000000,0.000000,0.000000,0.000000,0.000000,0.000000,0.000000,0.000000,0.000000,0.000000,0.000000,0.000000,0.000000,0.000000,0.000000
0.000000,0.000000,0.000000,0.000000,0.000000,0.000000,0.000000,0.000000,0.000000,0.000000,0.000000,0.000000,0.000000,0.000000,0.000000,0.000000,0.000000,0.000000,0.000000,0.000000,0.000000,0.000000,0.000000,0.000000,0.000000,0.000000,0.000000,0.000000,0.000000,0.000000,0.000000,0.000000,0.000000,0.001636,0.000000,0.000000,0.022791,0.000000,0.000000,0.317422,0.000000,9.014922,45.640907,90.287904,135.099592,184.729304,232.174963,276.987866,326.691171,381.630885,436.642049,484.867013,528.170987,570.045013,610.644248,643.361733,672.881261,711.495232,750.392713,776.553734,785.257892,799.600284,836.873233,895.189252,945.172685,975.387711,996.659909,1000.537520,993.504179,994.552207,999.339820,994.115910,970.832514,959.609731,967.183886,973.291934,980.135925,978.063606,949.367791,913.746157,874.255548,819.734078,782.844791,756.823377,702.876735,652.341043,617.476003,581.417553,551.292524,525.533909,491.762894,456.375660,421.811965,381.800354,332.191402,280.243857,237.650939,191.969618,140.376106,92.992388,46.488062,9.350937,0.000000,0.336990,0.000000,0.000000,0.024193,0.000000,0.000000,0.001735,0.000000,0.000000,0.000046,0.000000,0.000000,0.000000,0.000000,0.000000,0.000000,0.000000,0.000000,0.000000,0.000000,0.000000,0.000000,0.000000,0.000000,0.000000,0.000000,0.000000,0.000000,0.000000,0.000000,0.000000,0.000000,0.000000,0.000000,0.000000,0.000000,0.000000,0.000000,0.000000,0.000000,0.000000
0.000000,0.000000,0.000000,0.000000,0.000000,0.000000,0.000000,0.000000,0.000000,0.000000,0.000000,0.000000,0.000000,0.000000,0.000000,0.000000,0.000000,0.000000,0.000000,0.000000,0.000000,0.000000,0.000000,0.000000,0.000000,0.000000,0.000000,0.000000,0.000000,0.000000,0.000000,0.000000,0.000000,0.001147,0.000000,0.000000,0.016274,0.000000,0.000000,0.226621,0.105541,10.642891,46.594167,89.298272,131.524723,179.535293,225.301106,269.032344,320.113606,377.126934,434.548772,485.366280,524.389495,557.954032,597.015426,631.886505,656.180984,675.722575,709.171925,747.231015,763.675286,788.193083,834.447313,885.331686,918.049324,932.046660,945.167933,955.040247,958.961377,959.517308,960.590110,958.321897,945.932261,936.571390,938.537833,947.364904,946.429565,937.471067,934.305923,912.556826,866.080834,817.683876,788.060852,765.192742,718.277777,671.019405,638.110969,610.859021,576.063725,532.212304,489.405630,453.777850,421.004711,380.360121,334.134185,287.897146,244.296740,195.189680,142.254279,95.648378,49.381935,10.894453,0.034534,0.238747,0.000000,0.000000,0.017138,0.000000,0.000000,0.001229,0.000000,0.000000,0.000000,0.000000,0.000000,0.000000,0.000000,0.000000,0.000000,0.000000,0.000000,0.000000,0.000000,0.000000,0.000000,0.000000,0.000000,0.000000,0.000000,0.000000,0.000000,0.000000,0.000000,0.000000,0.000000,0.000000,0.000000,0.000000,0.000000,0.000000,0.000000,0.000000,0.000000,0.000000
0.000000,0.000000,0.000000,0.000000,0.000000,0.000000,0.000000,0.000000,0.000000,0.000000,0.000000,0.000000,0.000000,0.000000,0.000000,0.000000,0.000000,0.000000,0.000000,0.000000,0.000000,0.000000,0.000000,0.000000,0.000000,0.000000,0.000000,0.000000,0.000000,0.000000,0.000000,0.000000,0.000000,0.000659,0.000000,0.000000,0.009470,0.000053,0.000000,0.131853,0.246464,12.394844,50.533262,96.813245,142.413758,192.028050,244.932020,297.505017,347.027523,400.067938,453.760179,498.053061,539.628038,578.723956,608.324234,636.087756,665.635721,695.664678,733.995400,774.847957,803.023266,829.149007,862.669271,897.579980,901.715364,889.759053,910.995606,950.540144,970.737474,948.443697,940.471522,958.597038,964.214647,970.535103,985.209954,996.221463,990.933391,980.625495,984.891707,963.271456,912.574739,871.806429,833.554911,791.295284,750.371301,712.991035,676.712629,636.564060,593.197218,552.914665,521.418752,485.399054,441.625788,398.749766,352.385059,301.584097,250.559071,196.885651,143.126551,95.582819,49.534535,12.421797,0.259406,0.151909,0.000000,0.006545,0.010905,0.000000,0.000470,0.000783,0.000000,0.000000,0.000000,0.000000,0.000000,0.000000,0.000000,0.000000,0.000000,0.000000,0.000000,0.000000,0.000000,0.000000,0.000000,0.000000,0.000000,0.000000,0.000000,0.000000,0.000000,0.000000,0.000000,0.000000,0.000000,0.000000,0.000000,0.000000,0.000000,0.000000,0.000000,0.000000,0.000000,0.000000
0.000000,0.000000,0.000000,0.000000,0.000000,0.000000,0.000000,0.000000,0.000000,0.000000,0.000000,0.000000,0.000000,0.000000,0.000000,0.000000,0.000000,0.000000,0.000000,0.000000,0.000000,0.000000,0.000000,0.000000,0.000000,0.000000,0.000000,0.000000,0.000000,0.000000,0.000000,0.000000,0.000000,0.000283,0.000000,0.000000,0.004686,0.000053,0.000000,0.065206,0.361929,13.422656,51.658198,96.013587,137.652477,185.123915,240.097088,298.664867,353.529556,401.214993,443.272566,485.473281,534.829704,578.210530,596.447395,625.764173,670.921842,703.319516,739.680116,786.257959,830.415285,871.418435,908.266368,936.297446,947.854341,949.259334,958.374285,982.231717,999.631269,984.435003,990.647163,1018.522821,1016.356654,1016.386985,1030.077899,1031.732057,1020.349604,1008.559799,1005.439163,980.333168,932.444829,891.526764,850.445268,808.311175,775.086244,741.489547,700.039301,651.667217,601.828542,556.409249,518.554164,481.838140,440.189473,392.505735,344.788232,299.379130,252.873624,200.957054,147.257330,99.838156,53.089584,14.358828,0.542493,0.080212,0.000000,0.015257,0.005759,0.000000,0.001092,0.000414,0.000000,0.000000,0.000000,0.000000,0.000000,0.000000,0.000000,0.000000,0.000000,0.000000,0.000000,0.000000,0.000000,0.000000,0.000000,0.000000,0.000000,0.000000,0.000000,0.000000,0.000000,0.000000,0.000000,0.000000,0.000000,0.000000,0.000000,0.000000,0.000000,0.000000,0.000000,0.000000,0.000000,0.000000
0.000000,0.000000,0.000000,0.000000,0.000000,0.000000,0.000000,0.000000,0.000000,0.000000,0.000000,0.000000,0.000000,0.000000,0.000000,0.000000,0.000000,0.000000,0.000000,0.000000,0.000000,0.000000,0.000000,0.000000,0.000000,0.000000,0.000000,0.000000,0.000000,0.000000,0.000000,0.000101,0.000000,0.000000,0.001385,0.000000,0.000723,0.019315,0.000000,0.010026,0.789647,14.557072,51.206452,95.669999,139.348810,186.669126,237.492007,290.927306,345.762198,397.771795,440.390864,470.614194,505.862194,544.178043,570.299435,610.248349,667.078170,714.493351,746.974030,783.120435,844.205405,889.279494,902.520587,908.897161,920.812824,934.338882,939.845140,952.024666,973.710473,992.150681,1000.148780,1002.350815,1008.904324,1010.706525,1004.966163,998.234543,988.353462,975.173904,958.288077,920.533752,871.058099,838.098445,805.021866,768.751720,744.998970,723.475632,693.857540,654.448489,607.983484,563.326542,528.395268,487.799047,436.857586,385.831196,338.946883,295.077187,249.818352,200.853755,150.699999,103.709713,55.943540,16.064062,0.973590,0.026548,0.000000,0.033705,0.001905,0.000000,0.002415,0.000138,0.000000,0.000096,0.000000,0.000000,0.000000,0.000000,0.000000,0.000000,0.000000,0.000000,0.000000,0.000000,0.000000,0.000000,0.000000,0.000000,0.000000,0.000000,0.000000,0.000000,0.000000,0.000000,0.000000,0.000000,0.000000,0.000000,0.000000,0.000000,0.000000,0.000000,0.000000,0.000000,0.000000,0.000000
0.000000,0.000000,0.000000,0.000000,0.000000,0.000000,0.000000,0.000000,0.000000,0.000000,0.000000,0.000000,0.000000,0.000000,0.000000,0.000000,0.000000,0.000000,0.000000,0.000000,0.000000,0.000000,0.000000,0.000000,0.000000,0.000000,0.000000,0.000000,0.000000,0.000000,0.000000,0.000278,0.000000,0.000000,0.003829,0.000000,0.000436,0.053379,0.000000,0.006053,1.331825,16.202683,50.303677,93.994547,138.568365,183.299515,229.201550,277.186445,326.658219,372.440394,412.125006,449.342142,495.072114,543.252552,577.672835,614.192805,662.994521,715.917189,747.532077,772.584127,828.169445,867.302691,876.959365,892.862750,920.218660,949.289249,967.499009,981.360843,994.030978,1001.391319,1004.804731,1012.421675,1029.541846,1030.484550,1015.921441,1010.722267,999.035564,980.913551,972.162245,948.672546,910.864402,884.843630,860.163316,824.232459,777.481597,740.762233,713.401560,674.668213,627.557102,583.890356,549.910800,500.551047,435.738689,380.979592,336.482525,293.765296,245.191623,196.661406,150.889697,104.338959,56.605454,17.988516,1.583972,0.000000,0.000000,0.065895,0.000000,0.000000,0.004725,0.000000,0.000000,0.000264,0.000000,0.000000,0.000000,0.000000,0.000000,0.000000,0.000000,0.000000,0.000000,0.000000,0.000000,0.000000,0.000000,0.000000,0.000000,0.000000,0.000000,0.000000,0.000000,0.000000,0.000000,0.000000,0.000000,0.000000,0.000000,0.000000,0.000000,0.000000,0.000000,0.000000,0.000000,0.000000
0.000000,0.000000,0.000000,0.000000,0.000000,0.000000,0.000000,0.000000,0.000000,0.000000,0.000000,0.000000,0.000000,0.000000,0.000000,0.000000,0.000000,0.000000,0.000000,0.000000,0.000000,0.000000,0.000000,0.000000,0.000000,0.000000,0.000000,0.000000,0.000000,0.000000,0.000000,0.000484,0.000000,0.000000,0.006727,0.000000,0.000436,0.093735,0.000000,0.006053,1.969164,18.477266,54.007494,97.853130,141.587658,185.058687,230.667004,280.185131,331.415906,371.499096,405.682388,452.500834,503.612152,550.240565,593.185620,642.015459,693.042460,730.413199,749.863705,778.096042,846.458556,896.101829,903.495483,903.790609,927.746729,966.735492,983.116031,978.477137,967.968629,966.331983,981.249110,997.635107,991.666381,989.217128,998.252435,998.579154,980.417238,961.382292,965.089603,945.703476,903.182446,884.044083,867.156706,830.979798,778.247878,736.931066,716.426194,699.269930,654.551617,591.105836,545.269086,491.723324,428.295254,381.180484,338.919220,293.020315,246.507014,197.808250,149.729901,107.222393,61.991140,20.581406,2.146628,0.000000,0.000000,0.099398,0.000000,0.000000,0.007130,0.000000,0.000000,0.000470,0.000000,0.000000,0.000000,0.000000,0.000000,0.000000,0.000000,0.000000,0.000000,0.000000,0.000000,0.000000,0.000000,0.000000,0.000000,0.000000,0.000000,0.000000,0.000000,0.000000,0.000000,0.000000,0.000000,0.000000,0.000000,0.000000,0.000000,0.000000,0.000000,0.000000,0.000000,0.000000
0.000000,0.000000,0.000000,0.000000,0.000000,0.000000,0.000000,0.000000,0.000000,0.000000,0.000000,0.000000,0.000000,0.000000,0.000000,0.000000,0.000000,0.000000,0.000000,0.000000,0.000000,0.000000,0.000000,0.000000,0.000000,0.000000,0.000000,0.000000,0.000000,0.000000,0.000000,0.000776,0.000000,0.000000,0.010800,0.000000,0.000000,0.150487,0.000000,0.000000,2.886562,21.345078,59.746527,107.030511,156.596217,206.208965,251.805647,297.426632,350.491290,399.822764,445.250793,495.648291,534.336861,566.341175,615.575878,672.730535,722.758043,755.667050,766.046019,781.086924,836.166386,878.046488,886.796463,892.239578,896.970686,905.122646,924.846304,947.008567,957.848048,950.882636,949.838833,957.309778,957.049483,969.034405,991.532707,997.428024,984.985585,972.663284,975.324958,943.810526,886.636586,863.955900,849.719448,818.954294,775.624349,742.809415,724.186508,700.805835,658.455420,603.921673,555.144718,495.899992,431.333288,385.855738,343.574134,294.563532,244.161031,192.365060,143.473950,103.338119,61.090383,21.525264,2.657875,0.000000,0.000000,0.132351,0.000000,0.000000,0.009497,0.000000,0.000000,0.000685,0.000000,0.000000,0.000000,0.000000,0.000000,0.000000,0.000000,0.000000,0.000000,0.000000,0.000000,0.000000,0.000000,0.000000,0.000000,0.000000,0.000000,0.000000,0.000000,0.000000,0.000000,0.000000,0.000000,0.000000,0.000000,0.000000,0.000000,0.000000,0.000000,0.000000,0.000000,0.000000
0.000000,0.000000,0.000000,0.000000,0.000000,0.000000,0.000000,0.000000,0.000000,0.000000,0.000000,0.000000,0.000000,0.000000,0.000000,0.000000,0.000000,0.000000,0.000000,0.000000,0.000000,0.000000,0.000000,0.000000,0.000000,0.000000,0.000000,0.000000,0.000000,0.000000,0.000000,0.000997,0.000000,0.000000,0.013901,0.000000,0.000000,0.193684,0.000000,0.000000,3.584023,23.930781,62.669247,109.116685,158.232967,210.076555,254.293018,294.348404,343.924230,395.340138,448.200378,508.556795,557.575366,592.976828,631.144755,673.045658,710.934041,736.205422,753.756183,775.040825,808.524390,838.254335,866.546825,908.821453,931.284224,935.233313,956.417312,979.279894,987.037628,980.983711,984.725012,996.721328,995.546749,999.451991,1005.538066,989.564045,966.277962,954.620221,958.237931,942.109473,899.481612,858.184219,833.272273,811.985135,769.999187,730.968708,700.788255,661.082084,616.794671,575.261089,536.459392,487.025435,428.771243,377.903741,334.126926,290.064123,239.163836,188.609368,143.475713,102.399071,60.051157,22.647052,3.347688,0.000000,0.000000,0.176559,0.000000,0.000000,0.012674,0.000000,0.000000,0.000910,0.000000,0.000000,0.000000,0.000000,0.000000,0.000000,0.000000,0.000000,0.000000,0.000000,0.000000,0.000000,0.000000,0.000000,0.000000,0.000000,0.000000,0.000000,0.000000,0.000000,0.000000,0.000000,0.000000,0.000000,0.000000,0.000000,0.000000,0.000000,0.000000,0.000000,0.000000,0.000000
0.000000,0.000000,0.000000,0.000000,0.000000,0.000000,0.000000,0.000000,0.000000,0.000000,0.000000,0.000000,0.000000,0.000000,0.000000,0.000000,0.000000,0.000000,0.000000,0.000000,0.000000,0.000000,0.000000,0.000000,0.000000,0.000000,0.000000,0.000000,0.000000,0.000000,0.000000,0.001193,0.000000,0.000000,0.016689,0.000000,0.000000,0.232511,0.000000,0.000000,4.218799,25.878433,64.339559,106.480130,148.648660,196.506110,239.354842,278.736492,327.645197,380.454580,432.998244,485.691228,533.224780,576.543213,621.248445,660.338683,694.947554,734.426051,776.299571,816.133602,849.038902,867.949268,891.675550,945.711144,972.052645,967.864335,986.761349,1000.106489,996.935718,1002.931038,1034.069418,1058.573874,1028.391968,1007.068987,1010.445023,995.665089,977.973949,963.758075,942.103211,924.804815,905.112341,862.488427,820.897494,787.803198,748.826630,709.873524,676.699331,646.807239,608.236265,564.847358,530.705781,489.253329,438.737821,394.545803,350.981669,302.223252,249.420467,199.987977,155.485180,110.780404,64.565695,25.059612,3.894063,0.000000,0.000000,0.210484,0.000000,0.000000,0.015113,0.000000,0.000000,0.001083,0.000000,0.000000,0.000000,0.000000,0.000000,0.000000,0.000000,0.000000,0.000000,0.000000,0.000000,0.000000,0.000000,0.000000,0.000000,0.000000,0.000000,0.000000,0.000000,0.000000,0.000000,0.000000,0.000000,0.000000,0.000000,0.000000,0.000000,0.000000,0.000000,0.000000,0.000000,0.000000
0.000000,0.000000,0.000000,0.000000,0.000000,0.000000,0.000000,0.000000,0.000000,0.000000,0.000000,0.000000,0.000000,0.000000,0.000000,0.000000,0.000000,0.000000,0.000000,0.000000,0.000000,0.000000,0.000000,0.000000,0.000000,0.000000,0.000000,0.000000,0.000000,0.000000,0.000000,0.001356,0.000000,0.000000,0.018927,0.000000,0.000000,0.263633,0.000000,0.000000,4.719001,26.780386,65.867533,108.256107,150.374738,198.566942,244.155725,288.173631,340.987622,396.299730,452.735249,512.664960,557.868791,593.619763,641.934722,678.297232,702.770717,743.521649,798.815537,852.303037,885.487743,905.752435,929.322057,966.797829,994.712933,1017.471921,1060.909017,1092.947850,1101.337890,1106.678558,1120.457737,1130.013406,1114.285013,1103.669283,1099.823279,1076.495750,1056.606150,1042.199758,1011.581695,980.751629,958.180006,935.479561,903.318480,861.874933,816.872627,759.858835,703.676221,672.314478,643.052813,601.998606,553.918488,498.207716,439.169429,386.050491,340.370741,296.035168,245.649232,197.911047,155.254500,111.036121,65.453078,26.554740,4.530276,0.000000,0.000000,0.251821,0.000000,0.000000,0.018079,0.000000,0.000000,0.001299,0.000000,0.000000,0.000000,0.000000,0.000000,0.000000,0.000000,0.000000,0.000000,0.000000,0.000000,0.000000,0.000000,0.000000,0.000000,0.000000,0.000000,0.000000,0.000000,0.000000,0.000000,0.000000,0.000000,0.000000,0.000000,0.000000,0.000000,0.000000,0.000000,0.000000,0.000000,0.000000
0.000000,0.000000,0.000000,0.000000,0.000000,0.000000,0.000000,0.000000,0.000000,0.000000,0.000000,0.000000,0.000000,0.000000,0.000000,0.000000,0.000000,0.000000,0.000000,0.000000,0.000000,0.000000,0.000000,0.000000,0.000000,0.000000,0.000000,0.000000,0.000000,0.000000,0.000000,0.001512,0.000000,0.000000,0.021097,0.000000,0.000000,0.293758,0.000000,0.000000,5.150965,28.682793,70.024788,116.178798,160.746869,206.962765,255.344903,303.743976,350.433158,402.629456,458.437696,508.309233,555.737884,602.676921,646.016829,683.088743,716.012118,750.049048,787.460100,830.392445,878.345971,920.443877,945.616504,954.044263,977.995275,1019.414264,1049.469984,1071.841910,1083.781781,1076.937880,1080.119105,1091.300070,1082.122318,1080.229146,1084.932355,1065.096365,1036.746778,1007.860532,970.823811,935.236068,905.896161,878.666108,846.582720,807.519582,764.923301,723.209563,688.114349,662.437980,638.227188,607.279987,563.515328,503.748523,439.380856,389.501602,348.330645,307.100990,262.248152,215.778711,168.608474,119.927494,71.385543,30.228869,5.391502,0.000000,0.000000,0.305095,0.000000,0.000000,0.021903,0.000000,0.000000,0.001572,0.000000,0.000000,0.000000,0.000000,0.000000,0.000000,0.000000,0.000000,0.000000,0.000000,0.000000,0.000000,0.000000,0.000000,0.000000,0.000000,0.000000,0.000000,0.000000,0.000000,0.000000,0.000000,0.000000,0.000000,0.000000,0.000000,0.000000,0.000000,0.000000,0.000000,0.000000,0.000000
0.000000,0.000000,0.000000,0.000000,0.000000,0.000000,0.000000,0.000000,0.000000,0.000000,0.000000,0.000000,0.000000,0.000000,0.000000,0.000000,0.000000,0.000000,0.000000,0.000000,0.000000,0.000000,0.000000,0.000000,0.000000,0.000000,0.000000,0.000000,0.000000,0.000000,0.000000,0.001730,0.000000,0.000000,0.024121,0.000000,0.000000,0.335958,0.000000,0.000000,5.879461,31.008426,71.581752,116.007863,158.781275,203.345016,252.238565,303.351025,351.340812,395.955443,434.413442,465.511634,506.537444,557.299468,601.856342,649.368660,699.342192,737.737559,765.427485,798.216225,850.268640,887.543906,897.217815,901.796145,925.305778,956.561863,964.993366,979.397769,993.697338,975.166855,978.197653,999.174042,981.505035,972.749202,987.854671,990.258805,974.946891,952.647795,934.976223,908.476742,874.137576,847.317910,818.201892,783.741150,751.889032,720.933872,692.323180,668.721718,635.417851,591.796001,549.760982,500.051014,445.507574,401.425300,363.383030,322.234731,272.304622,219.073913,167.869500,120.156308,73.504466,32.293819,6.081085,0.000000,0.000000,0.348369,0.000000,0.000000,0.025008,0.000000,0.000000,0.001797,0.000000,0.000000,0.000000,0.000000,0.000000,0.000000,0.000000,0.000000,0.000000,0.000000,0.000000,0.000000,0.000000,0.000000,0.000000,0.000000,0.000000,0.000000,0.000000,0.000000,0.000000,0.000000,0.000000,0.000000,0.000000,0.000000,0.000000,0.000000,0.000000,0.000000,0.000000,0.000000
0.000000,0.000000,0.000000,0.000000,0.000000,0.000000,0.000000,0.000000,0.000000,0.000000,0.000000,0.000000,0.000000,0.000000,0.000000,0.000000,0.000000,0.000000,0.000000,0.000000,0.000000,0.000000,0.000000,0.000000,0.000000,0.000000,0.000000,0.000000,0.000000,0.000000,0.000000,0.001931,0.000000,0.000000,0.026920,0.000000,0.000000,0.374919,0.000000,0.000000,6.524832,33.851508,76.572402,121.149689,162.356944,205.818625,255.271584,309.373178,361.250052,401.191853,434.075133,474.937245,522.425764,567.683066,604.637557,650.595207,706.723806,754.966588,791.360164,829.843007,887.751839,941.285906,958.195552,933.174162,952.061082,1013.259772,1034.024820,1042.148185,1056.700838,1061.904738,1053.358500,1039.265902,1032.430232,1033.048823,1036.424565,1034.850621,1014.777146,981.032513,952.096313,921.981301,890.526549,866.133362,842.794222,814.060899,778.080723,737.485189,697.930470,664.545719,631.895705,593.178562,545.300044,495.196999,447.741944,402.114496,354.779960,307.709235,265.091938,217.730103,166.207423,120.805276,76.625304,35.301682,7.024008,0.000000,0.000000,0.407296,0.000000,0.000000,0.029239,0.000000,0.000000,0.002104,0.000000,0.000000,0.000000,0.000000,0.000000,0.000000,0.000000,0.000000,0.000000,0.000000,0.000000,0.000000,0.000000,0.000000,0.000000,0.000000,0.000000,0.000000,0.000000,0.000000,0.000000,0.000000,0.000000,0.000000,0.000000,0.000000,0.000000,0.000000,0.000000,0.000000,0.000000,0.000000
0.000000,0.000000,0.000000,0.000000,0.000000,0.000000,0.000000,0.000000,0.000000,0.000000,0.000000,0.000000,0.000000,0.000000,0.000000,0.000000,0.000000,0.000000,0.000000,0.000000,0.000000,0.000000,0.000000,0.000000,0.000000,0.000000,0.000000,0.000000,0.000048,0.000000,0.000000,0.002252,0.000000,0.000000,0.031385,0.000000,0.000000,0.437120,0.000000,0.000000,7.489284,36.185491,76.754169,121.551215,164.255364,204.093171,251.814839,305.825676,352.862459,393.366158,431.174315,471.193442,523.829615,581.039966,624.043825,671.796383,727.740017,773.531657,805.852732,840.552526,898.098940,957.718239,989.741444,982.698083,989.398349,1026.885034,1060.107036,1051.682986,1031.166996,1060.708074,1081.863210,1072.033499,1066.605868,1061.205868,1060.540753,1077.395356,1078.850877,1055.664364,1029.596909,1000.809958,967.039889,929.118445,886.913619,843.269874,802.472514,762.044467,725.447147,697.571455,658.862476,608.427701,562.439203,509.776558,458.773743,429.350753,381.815726,316.069871,271.129717,226.466248,173.288674,126.029824,81.141264,39.044157,8.029238,0.000000,0.000000,0.470503,0.000000,0.000000,0.033781,0.000000,0.000000,0.002429,0.000000,0.000000,0.000053,0.000000,0.000000,0.000000,0.000000,0.000000,0.000000,0.000000,0.000000,0.000000,0.000000,0.000000,0.000000,0.000000,0.000000,0.000000,0.000000,0.000000,0.000000,0.000000,0.000000,0.000000,0.000000,0.000000,0.000000,0.000000,0.000000,0.000000,0.000000,0.000000
0.000000,0.000000,0.000000,0.000000,0.000000,0.000000,0.000000,0.000000,0.000000,0.000000,0.000000,0.000000,0.000000,0.000000,0.000000,0.000000,0.000000,0.000000,0.000000,0.000000,0.000000,0.000000,0.000000,0.000000,0.000000,0.000000,0.000000,0.000000,0.000101,0.000000,0.000000,0.002540,0.000000,0.000000,0.035367,0.000000,0.000000,0.492583,0.000000,0.000000,8.354036,37.983412,75.836451,116.703996,158.492475,202.653230,252.245165,306.587070,360.579390,407.742102,453.098851,507.697787,558.218637,602.861280,653.504504,706.821835,758.471792,803.841253,826.677247,844.356850,893.462403,944.343720,973.445455,983.678729,991.526666,1014.083552,1049.019120,1035.934037,1000.913127,1028.347975,1054.167857,1042.577779,1021.505910,998.194592,983.176381,987.299957,990.095455,985.610018,985.883456,983.203036,972.492603,952.872694,910.650074,859.193064,826.235537,780.614780,726.527708,697.159146,645.663206,579.802469,553.254525,518.056599,463.151763,426.117517,379.022944,317.075695,267.070821,220.262804,171.951885,127.848804,83.801507,41.109167,8.866692,0.000000,0.000000,0.522915,0.000000,0.000000,0.037547,0.000000,0.000000,0.002703,0.000000,0.000000,0.000105,0.000000,0.000000,0.000000,0.000000,0.000000,0.000000,0.000000,0.000000,0.000000,0.000000,0.000000,0.000000,0.000000,0.000000,0.000000,0.000000,0.000000,0.000000,0.000000,0.000000,0.000000,0.000000,0.000000,0.000000,0.000000,0.000000,0.000000,0.000000,0.000000
0.000000,0.000000,0.000000,0.000000,0.000000,0.000000,0.000000,0.000000,0.000000,0.000000,0.000000,0.000000,0.000000,0.000000,0.000000,0.000000,0.000000,0.000000,0.000000,0.000000,0.000000,0.000000,0.000000,0.000000,0.000000,0.000000,0.000000,0.000000,0.000158,0.000000,0.000000,0.002822,0.000000,0.000000,0.039340,0.000000,0.000000,0.547889,0.000000,0.000000,9.140982,40.767400,80.407680,123.442730,167.843216,213.854538,265.283294,321.078835,375.055591,423.379435,475.208527,542.908437,600.766954,641.892317,685.930278,742.921701,802.503913,843.683089,874.117957,904.221597,941.639574,999.245381,1043.988745,1024.023563,1001.715612,1015.722889,1045.321316,1045.335445,1030.021853,1055.142527,1086.530051,1095.565827,1082.081868,1046.617966,1006.380605,983.217369,958.378250,939.516443,953.158036,957.573275,942.553433,934.393170,905.889616,859.173097,825.401360,779.766249,727.374764,698.723396,652.651482,590.471132,556.386521,527.246016,486.843373,441.030393,385.470263,325.741627,275.554756,229.222720,182.851044,137.827389,90.733959,44.481847,9.598038,0.000000,0.000000,0.570924,0.000000,0.000000,0.040994,0.000000,0.000000,0.002945,0.000000,0.000000,0.000168,0.000000,0.000000,0.000000,0.000000,0.000000,0.000000,0.000000,0.000000,0.000000,0.000000,0.000000,0.000000,0.000000,0.000000,0.000000,0.000000,0.000000,0.000000,0.000000,0.000000,0.000000,0.000000,0.000000,0.000000,0.000000,0.000000,0.000000,0.000000,0.000000
0.000000,0.000000,0.000000,0.000000,0.000000,0.000000,0.000000,0.000000,0.000000,0.000000,0.000000,0.000000,0.000000,0.000000,0.000000,0.000000,0.000000,0.000000,0.000000,0.000000,0.000000,0.000000,0.000000,0.000000,0.000000,0.000000,0.000000,0.000000,0.000225,0.000000,0.000000,0.003177,0.000000,0.000000,0.044217,0.000000,0.000000,0.615875,0.000000,0.000000,10.231960,44.755780,86.155945,131.612600,179.552822,227.592749,275.269282,322.602684,370.773176,426.447556,485.112118,534.634328,585.284568,635.334551,675.237605,730.650029,788.381654,810.062841,843.949023,895.899364,925.376677,961.663672,1000.444852,1004.609887,1008.054749,1025.066804,1034.628416,1024.308051,1010.553821,1024.426453,1046.761772,1055.003721,1041.123570,1018.919697,997.077831,973.577177,948.746081,939.184113,960.181391,959.213433,931.536516,920.861411,900.432218,858.536935,812.639510,761.651865,716.226412,692.211240,659.924347,610.429061,563.923017,527.479331,494.081333,449.744333,399.315822,346.307849,289.364540,235.645784,186.981371,139.064807,92.134246,47.968186,10.960077,0.000000,0.000000,0.655634,0.000000,0.000000,0.047073,0.000000,0.000000,0.003383,0.000000,0.000000,0.000240,0.000000,0.000000,0.000000,0.000000,0.000000,0.000000,0.000000,0.000000,0.000000,0.000000,0.000000,0.000000,0.000000,0.000000,0.000000,0.000000,0.000000,0.000000,0.000000,0.000000,0.000000,0.000000,0.000000,0.000000,0.000000,0.000000,0.000000,0.000000,0.000000
0.000000,0.000000,0.000000,0.000000,0.000000,0.000000,0.000000,0.000000,0.000000,0.000000,0.000000,0.000000,0.000000,0.000000,0.000000,0.000000,0.000000,0.000000,0.000000,0.000000,0.000000,0.000000,0.000000,0.000000,0.000000,0.000000,0.000000,0.000000,0.000259,0.000000,0.000000,0.003656,0.000000,0.000000,0.050887,0.000000,0.000000,0.708798,0.000000,0.000000,11.793921,51.656044,95.341557,142.357051,192.893043,244.328010,295.161457,345.613137,396.714040,449.220804,502.476968,553.786633,600.555720,644.802244,691.935768,740.784996,785.119887,820.016794,859.207535,907.806716,955.496139,983.156140,993.596464,1007.670023,1027.808214,1046.509459,1055.949921,1059.948844,1057.099573,1043.771922,1039.155366,1037.950589,1019.833416,1011.522889,1008.481790,979.166494,958.447315,962.469612,971.204996,960.959981,939.195530,933.198131,923.587551,891.412259,836.742653,786.912751,748.312581,706.963826,675.356455,647.826500,602.847071,562.612683,524.228203,461.562779,403.475945,356.608165,299.448496,241.330649,189.660738,141.928518,95.517421,50.373640,11.596662,0.000000,0.000000,0.698913,0.000000,0.000000,0.050174,0.000000,0.000000,0.003606,0.000000,0.000000,0.000259,0.000000,0.000000,0.000000,0.000000,0.000000,0.000000,0.000000,0.000000,0.000000,0.000000,0.000000,0.000000,0.000000,0.000000,0.000000,0.000000,0.000000,0.000000,0.000000,0.000000,0.000000,0.000000,0.000000,0.000000,0.000000,0.000000,0.000000,0.000000,0.000000
0.000000,0.000000,0.000000,0.000000,0.000000,0.000000,0.000000,0.000000,0.000000,0.000000,0.000000,0.000000,0.000000,0.000000,0.000000,0.000000,0.000000,0.000000,0.000000,0.000000,0.000000,0.000000,0.000000,0.000000,0.000000,0.000000,0.000000,0.000000,0.000283,0.000000,0.000000,0.003996,0.000000,0.000000,0.055598,0.000000,0.000000,0.774448,0.000000,0.000000,12.834609,53.504399,95.792562,140.825681,190.345937,241.973475,295.019171,347.669053,396.445716,438.007913,479.926990,533.808432,586.466193,632.966164,680.955248,730.709595,775.344820,809.702310,856.501880,916.189225,963.327718,987.657964,996.019625,1004.640849,1021.692564,1045.058049,1065.127460,1075.687184,1083.758459,1098.348463,1094.577657,1079.538630,1088.996668,1108.261481,1116.595597,1107.285875,1096.325938,1088.366261,1071.742935,1035.874022,995.143462,975.943403,952.556873,916.961542,887.524804,864.319333,827.046599,757.344579,704.064958,675.516499,635.762291,593.824592,548.089008,483.078167,419.577599,364.474560,306.759619,250.334082,197.423746,145.756680,97.663339,52.979479,12.493828,0.000000,0.000000,0.756311,0.000000,0.000000,0.054294,0.000000,0.000000,0.003901,0.000000,0.000000,0.000279,0.000000,0.000000,0.000000,0.000000,0.000000,0.000000,0.000000,0.000000,0.000000,0.000000,0.000000,0.000000,0.000000,0.000000,0.000000,0.000000,0.000000,0.000000,0.000000,0.000000,0.000000,0.000000,0.000000,0.000000,0.000000,0.000000,0.000000,0.000000,0.000000
0.000000,0.000000,0.000000,0.000000,0.000000,0.000000,0.000000,0.000000,0.000000,0.000000,0.000000,0.000000,0.000000,0.000000,0.000000,0.000000,0.000000,0.000000,0.000000,0.000000,0.000000,0.000000,0.000000,0.000000,0.000000,0.000000,0.000000,0.000000,0.000289,0.000000,0.000000,0.004065,0.000000,0.000000,0.056543,0.000000,0.000000,0.787590,0.000000,0.000000,13.270844,55.316426,99.833902,144.247150,190.859520,239.951194,285.024986,328.807774,379.523637,426.378513,470.622592,523.776359,571.963428,610.213177,648.310745,693.683810,736.616773,762.525203,801.143975,853.266511,888.605034,914.943444,937.473277,953.608616,978.836723,1010.512397,1027.887573,1030.642548,1040.551230,1076.658945,1080.876447,1048.403346,1035.103219,1052.345527,1084.309061,1103.124704,1093.028425,1066.941601,1052.007167,1028.541718,998.188602,983.837412,959.835836,923.710672,899.213604,871.823897,824.414509,756.627294,701.381460,665.776892,627.840101,576.252760,517.555045,466.158643,415.218574,362.153545,312.372060,263.256185,209.977657,151.656975,101.185220,58.343798,14.595834,0.000000,0.000000,0.871545,0.000000,0.000000,0.062570,0.000000,0.000000,0.004490,0.000000,0.000000,0.000321,0.000000,0.000000,0.000000,0.000000,0.000000,0.000000,0.000000,0.000000,0.000000,0.000000,0.000000,0.000000,0.000000,0.000000,0.000000,0.000000,0.000000,0.000000,0.000000,0.000000,0.000000,0.000000,0.000000,0.000000,0.000000,0.000000,0.000000,0.000000,0.000000
0.000000,0.000000,0.000000,0.000000,0.000000,0.000000,0.000000,0.000000,0.000000,0.000000,0.000000,0.000000,0.000000,0.000000,0.000000,0.000000,0.000000,0.000000,0.000000,0.000000,0.000000,0.000000,0.000000,0.000000,0.000000,0.000000,0.000000,0.000000,0.000269,0.000000,0.000000,0.003802,0.000000,0.000000,0.052966,0.000000,0.000000,0.737753,0.000000,0.000000,14.676920,57.804029,103.851315,149.314812,194.309009,238.363957,284.018348,334.614163,390.252877,439.152542,485.903356,544.704042,591.420909,623.343905,663.611222,715.329237,768.015498,807.976368,842.172021,873.779561,899.638605,928.239296,955.403727,969.723236,992.310312,1018.693666,1024.344348,1038.729314,1073.990849,1107.618359,1109.670426,1087.006741,1074.478716,1067.103387,1066.066170,1078.819730,1076.787003,1058.180686,1048.235332,1034.904551,1018.688063,1010.565812,978.444906,924.648379,884.035797,843.246818,792.158806,737.157458,688.145181,646.498425,603.091968,546.095662,485.063023,440.384017,395.765164,345.190634,299.636284,257.056658,210.695133,156.722840,106.246619,60.825030,15.880192,0.000000,0.000000,0.803054,0.000000,0.000000,0.057656,0.000000,0.000000,0.004135,0.000000,0.000000,0.000295,0.000000,0.000000,0.000000,0.000000,0.000000,0.000000,0.000000,0.000000,0.000000,0.000000,0.000000,0.000000,0.000000,0.000000,0.000000,0.000000,0.000000,0.000000,0.000000,0.000000,0.000000,0.000000,0.000000,0.000000,0.000000,0.000000,0.000000,0.000000,0.000000
0.000000,0.000000,0.000000,0.000000,0.000000,0.000000,0.000000,0.000000,0.000000,0.000000,0.000000,0.000000,0.000000,0.000000,0.000000,0.000000,0.000000,0.000000,0.000000,0.000000,0.000000,0.000000,0.000000,0.000000,0.000000,0.000000,0.000000,0.000000,0.000238,0.000000,0.000000,0.003298,0.000000,0.000000,0.046002,0.000000,0.000000,0.640792,0.000000,0.000000,17.051021,60.825105,106.103721,151.074944,196.222889,239.930967,283.664994,328.011187,372.668329,420.272378,473.118419,529.635325,578.989039,622.340171,672.181738,729.688154,786.841600,831.833806,862.819920,884.333204,903.320077,923.552375,944.676365,967.095849,1006.038019,1040.777866,1035.411514,1049.366495,1093.597927,1118.220300,1124.984082,1121.475543,1107.714611,1090.523510,1083.108694,1092.431023,1087.653633,1064.458500,1049.473828,1047.160992,1041.417357,1008.836110,960.241613,912.119390,873.981509,837.899093,797.877687,752.759346,697.283497,638.891689,590.917197,538.590643,482.443772,437.434600,390.610826,338.435373,291.431121,248.715899,204.986220,156.067619,108.573805,63.080082,18.019580,0.000000,0.000000,0.682413,0.000000,0.000000,0.048992,0.000000,0.000000,0.003512,0.000000,0.000000,0.000249,0.000000,0.000000,0.000000,0.000000,0.000000,0.000000,0.000000,0.000000,0.000000,0.000000,0.000000,0.000000,0.000000,0.000000,0.000000,0.000000,0.000000,0.000000,0.000000,0.000000,0.000000,0.000000,0.000000,0.000000,0.000000,0.000000,0.000000,0.000000,0.000000
0.000000,0.000000,0.000000,0.000000,0.000000,0.000000,0.000000,0.000000,0.000000,0.000000,0.000000,0.000000,0.000000,0.000000,0.000000,0.000000,0.000000,0.000000,0.000000,0.000000,0.000000,0.000000,0.000000,0.000000,0.000000,0.000000,0.000000,0.000000,0.000159,0.000000,0.000000,0.002749,0.000000,0.000000,0.038314,0.000000,0.000000,0.533637,0.000000,0.000000,20.327505,69.430327,119.117398,170.312382,221.273399,267.292114,317.805532,371.004426,415.637276,461.150788,511.014038,559.843821,610.758371,655.906447,683.906410,720.102551,775.108614,834.053423,871.770267,891.592038,918.105168,938.008191,944.577143,952.534886,995.491692,1050.152714,1055.755550,1050.666410,1066.978080,1098.349871,1115.463397,1104.370350,1075.649122,1056.721138,1045.518661,1020.935361,1010.955066,1013.772959,1000.031919,997.431958,1001.828517,975.924807,942.869540,915.959132,886.029073,855.200865,824.269255,786.815459,726.494000,654.515625,599.618621,545.893517,488.201045,438.845467,393.745000,347.377160,297.937056,248.061993,199.467375,152.343134,108.598501,65.180400,20.328286,0.000000,0.000000,0.558145,0.000000,0.000000,0.040070,0.000000,0.000000,0.002872,0.000000,0.000000,0.000170,0.000000,0.000000,0.000000,0.000000,0.000000,0.000000,0.000000,0.000000,0.000000,0.000000,0.000000,0.000000,0.000000,0.000000,0.000000,0.000000,0.000000,0.000000,0.000000,0.000000,0.000000,0.000000,0.000000,0.000000,0.000000,0.000000,0.000000,0.000000,0.000000
0.000000,0.000000,0.000000,0.000000,0.000000,0.000000,0.000000,0.000000,0.000000,0.000000,0.000000,0.000000,0.000000,0.000000,0.000000,0.000000,0.000000,0.000000,0.000000,0.000000,0.000000,0.000000,0.000000,0.000000,0.000000,0.000000,0.000000,0.000000,0.000099,0.000000,0.000000,0.002061,0.000000,0.000000,0.028744,0.000000,0.000000,0.400350,0.000000,0.363649,22.591161,66.793398,112.275343,158.528528,205.719228,253.799793,315.441065,381.729847,428.525643,474.512673,523.143886,559.376128,594.671565,631.201483,661.790157,700.209984,750.684326,803.927879,851.541405,888.555073,913.499371,926.126004,930.865447,941.012668,986.342796,1041.623301,1046.603676,1041.444029,1057.960996,1088.866120,1109.898752,1110.099168,1097.580291,1087.073840,1073.195741,1040.554755,1016.149641,1006.230022,988.925573,954.955776,919.950656,906.139662,886.914075,853.154037,821.374228,792.397763,761.543110,722.970025,672.581865,614.721518,560.986058,520.305691,485.592837,440.254040,396.156781,351.992055,293.343325,237.623762,192.659118,150.775982,109.156956,65.659184,22.750915,0.455395,0.000000,0.408591,0.000000,0.000000,0.029332,0.000000,0.000000,0.002104,0.000000,0.000000,0.000099,0.000000,0.000000,0.000000,0.000000,0.000000,0.000000,0.000000,0.000000,0.000000,0.000000,0.000000,0.000000,0.000000,0.000000,0.000000,0.000000,0.000000,0.000000,0.000000,0.000000,0.000000,0.000000,0.000000,0.000000,0.000000,0.000000,0.000000,0.000000,0.000000
0.000000,0.000000,0.000000,0.000000,0.000000,0.000000,0.000000,0.000000,0.000000,0.000000,0.000000,0.000000,0.000000,0.000000,0.000000,0.000000,0.000000,0.000000,0.000000,0.000000,0.000000,0.000000,0.000000,0.000000,0.000000,0.000000,0.000000,0.000000,0.000050,0.000000,0.000000,0.001473,0.000000,0.000000,0.020524,0.000000,0.000000,0.285844,0.000000,1.086673,25.082412,65.678197,105.487848,148.115259,195.283810,243.302737,298.472210,356.160282,403.653104,451.168496,498.773959,535.187650,567.330958,604.949373,650.535004,683.205363,709.647057,757.635879,811.592607,853.445386,877.235893,893.243433,913.818100,944.854932,973.574006,992.562775,1004.514973,1016.367774,1020.507651,1009.350617,1029.390477,1066.147238,1058.025636,1059.054671,1081.884757,1077.919000,1048.076524,1015.777045,1001.145748,980.939689,956.824116,949.862795,925.431155,879.732416,842.250340,796.377916,749.022616,724.349353,678.620837,613.194602,577.007815,557.164754,526.739607,470.340776,415.360343,368.946204,313.725186,257.356843,206.026370,158.575896,114.410993,70.495202,26.170109,1.251497,0.000000,0.285129,0.000000,0.000000,0.020467,0.000000,0.000000,0.001470,0.000000,0.000000,0.000046,0.000000,0.000000,0.000000,0.000000,0.000000,0.000000,0.000000,0.000000,0.000000,0.000000,0.000000,0.000000,0.000000,0.000000,0.000000,0.000000,0.000000,0.000000,0.000000,0.000000,0.000000,0.000000,0.000000,0.000000,0.000000,0.000000,0.000000,0.000000,0.000000
0.000000,0.000000,0.000000,0.000000,0.000000,0.000000,0.000000,0.000000,0.000000,0.000000,0.000000,0.000000,0.000000,0.000000,0.000000,0.000000,0.000000,0.000000,0.000000,0.000000,0.000000,0.000000,0.000000,0.000000,0.000000,0.000000,0.000000,0.000000,0.000000,0.000000,0.000000,0.000804,0.000000,0.000661,0.011177,0.000000,0.009190,0.155646,0.000000,2.334347,28.383927,69.539301,109.885121,152.079072,199.139480,248.658082,298.099142,347.364020,396.799121,440.038010,481.617222,533.059748,584.593983,634.274677,685.745474,711.949363,725.405653,768.597943,824.577783,868.913705,889.681752,897.187663,916.083576,965.124165,1003.061955,1012.194951,1010.213629,1003.813669,998.210812,999.031639,1006.708645,1017.890722,1026.953740,1032.800760,1036.070921,1038.384538,1043.319818,1039.898683,1013.849059,998.506928,994.019626,966.226144,923.743772,878.521453,833.860527,788.721942,748.902339,719.309642,672.578252,614.426140,580.857452,562.782009,534.031142,476.734683,424.112646,381.949386,325.539417,267.616194,215.608290,164.232425,118.043412,75.044383,29.683057,2.531375,0.000000,0.158486,0.006574,0.000000,0.011376,0.000470,0.000000,0.000818,0.000000,0.000000,0.000000,0.000000,0.000000,0.000000,0.000000,0.000000,0.000000,0.000000,0.000000,0.000000,0.000000,0.000000,0.000000,0.000000,0.000000,0.000000,0.000000,0.000000,0.000000,0.000000,0.000000,0.000000,0.000000,0.000000,0.000000,0.000000,0.000000,0.000000,0.000000,0.000000
0.000000,0.000000,0.000000,0.000000,0.000000,0.000000,0.000000,0.000000,0.000000,0.000000,0.000000,0.000000,0.000000,0.000000,0.000000,0.000000,0.000000,0.000000,0.000000,0.000000,0.000000,0.000000,0.000000,0.000000,0.000000,0.000000,0.000000,0.000000,0.000000,0.000000,0.000129,0.000326,0.000000,0.002449,0.004533,0.000000,0.034088,0.063120,0.000000,4.016375,30.922571,71.208483,109.506221,150.494216,196.035029,240.667208,285.010715,330.326362,375.593618,416.013911,454.932391,500.412452,544.011789,593.323257,660.922276,696.665951,708.166800,755.535560,814.385358,861.662843,896.680903,917.574265,940.820638,987.603486,1021.086830,1024.977352,1022.054577,1046.679051,1083.326598,1082.215551,1076.656708,1091.406445,1117.502203,1127.806220,1125.226543,1137.018888,1145.029120,1133.102471,1104.638537,1080.192170,1062.170959,1034.089736,990.594840,937.585883,887.443458,843.567707,792.223257,720.467980,669.363259,641.342645,600.708276,566.959463,537.693544,485.109453,429.502457,380.417556,327.451982,274.825609,224.077644,172.358277,124.183396,78.806582,33.398774,4.416786,0.000000,0.064150,0.039306,0.000000,0.004604,0.002818,0.000000,0.000333,0.000168,0.000000,0.000000,0.000000,0.000000,0.000000,0.000000,0.000000,0.000000,0.000000,0.000000,0.000000,0.000000,0.000000,0.000000,0.000000,0.000000,0.000000,0.000000,0.000000,0.000000,0.000000,0.000000,0.000000,0.000000,0.000000,0.000000,0.000000,0.000000,0.000000,0.000000,0.000000
0.000000,0.000000,0.000000,0.000000,0.000000,0.000000,0.000000,0.000000,0.000000,0.000000,0.000000,0.000000,0.000000,0.000000,0.000000,0.000000,0.000000,0.000000,0.000000,0.000000,0.000000,0.000000,0.000000,0.000000,0.000000,0.000000,0.000000,0.000000,0.000000,0.000000,0.000402,0.000117,0.000000,0.006244,0.001604,0.000000,0.086945,0.022348,0.000000,6.088340,35.800142,79.334829,117.626878,162.233200,212.228373,253.775774,297.505495,344.950368,387.092033,431.513206,480.614412,528.959569,577.959431,633.082021,694.526758,734.380680,756.135061,792.400407,836.172421,876.556937,912.880819,956.887930,1013.143672,1070.900172,1104.065467,1105.785448,1095.630593,1109.432166,1137.655106,1133.488601,1107.339470,1098.057653,1133.013153,1147.482287,1129.052373,1128.418643,1140.487428,1148.003531,1139.825866,1120.638270,1090.361907,1042.987876,981.879743,923.784448,887.728699,855.775660,804.377466,729.607740,683.367923,670.160911,644.141274,604.535665,556.362142,498.612090,439.169508,384.312222,334.642261,286.103881,235.061435,181.607323,131.136588,83.597959,37.284619,6.339519,0.000000,0.023046,0.090519,0.000000,0.001654,0.006493,0.000000,0.000120,0.000431,0.000000,0.000000,0.000000,0.000000,0.000000,0.000000,0.000000,0.000000,0.000000,0.000000,0.000000,0.000000,0.000000,0.000000,0.000000,0.000000,0.000000,0.000000,0.000000,0.000000,0.000000,0.000000,0.000000,0.000000,0.000000,0.000000,0.000000,0.000000,0.000000,0.000000,0.000000
0.000000,0.000000,0.000000,0.000000,0.000000,0.000000,0.000000,0.000000,0.000000,0.000000,0.000000,0.000000,0.000000,0.000000,0.000000,0.000000,0.000000,0.000000,0.000000,0.000000,0.000000,0.000000,0.000000,0.000000,0.000000,0.000000,0.000000,0.000000,0.000000,0.000000,0.000829,0.000000,0.000000,0.012161,0.000000,0.000000,0.169342,0.000000,0.000000,8.523340,40.557750,87.079326,129.870063,177.527362,230.399307,279.473183,330.557159,381.655109,423.826366,465.136008,509.491060,555.709329,614.517293,679.659990,728.298237,755.707172,776.968273,814.760747,858.590269,890.953732,907.079032,942.362513,997.713041,1036.046698,1052.031803,1052.633088,1051.468556,1070.057475,1095.011749,1089.732635,1071.928041,1070.008911,1093.027552,1096.585753,1073.383083,1059.218834,1059.653238,1056.830518,1032.415427,1028.046069,1029.366676,975.625027,906.092182,860.109077,842.968941,817.553537,773.355044,733.664159,704.288156,677.539865,640.602533,595.912957,550.100438,506.332607,456.045477,398.775423,343.812425,291.981391,239.710491,183.977099,132.415125,85.739874,40.158908,8.487393,0.000000,0.000000,0.165844,0.000000,0.000000,0.011903,0.000000,0.000000,0.000819,0.000000,0.000000,0.000000,0.000000,0.000000,0.000000,0.000000,0.000000,0.000000,0.000000,0.000000,0.000000,0.000000,0.000000,0.000000,0.000000,0.000000,0.000000,0.000000,0.000000,0.000000,0.000000,0.000000,0.000000,0.000000,0.000000,0.000000,0.000000,0.000000,0.000000,0.000000
0.000000,0.000000,0.000000,0.000000,0.000000,0.000000,0.000000,0.000000,0.000000,0.000000,0.000000,0.000000,0.000000,0.000000,0.000000,0.000000,0.000000,0.000000,0.000000,0.000000,0.000000,0.000000,0.000000,0.000000,0.000000,0.000000,0.000000,0.000000,0.000000,0.000000,0.001342,0.000000,0.000000,0.018649,0.000000,0.000000,0.259718,0.000000,0.000000,10.842133,45.017301,91.863791,139.720953,190.488879,243.909703,295.725610,351.072939,408.595376,460.103109,505.735891,545.915961,583.017794,633.060706,693.370999,743.222755,778.306262,817.758874,882.742412,926.071316,938.815566,959.925595,1001.745690,1039.600144,1037.472367,1030.854785,1046.337215,1085.159127,1134.354540,1157.552076,1127.286511,1117.875778,1145.197544,1155.897904,1155.164359,1151.041679,1138.404761,1110.251266,1077.269075,1060.861569,1058.424668,1052.339620,1019.532973,954.461299,891.457267,875.383078,855.123277,806.995548,758.025767,724.619806,700.217762,663.688136,613.750499,556.860498,500.694951,447.954201,396.131233,341.621884,289.426103,238.881376,184.836143,135.353627,90.592369,44.880533,10.927051,0.000000,0.000000,0.261798,0.000000,0.000000,0.018793,0.000000,0.000000,0.001346,0.000000,0.000000,0.000000,0.000000,0.000000,0.000000,0.000000,0.000000,0.000000,0.000000,0.000000,0.000000,0.000000,0.000000,0.000000,0.000000,0.000000,0.000000,0.000000,0.000000,0.000000,0.000000,0.000000,0.000000,0.000000,0.000000,0.000000,0.000000,0.000000,0.000000,0.000000
0.000000,0.000000,0.000000,0.000000,0.000000,0.000000,0.000000,0.000000,0.000000,0.000000,0.000000,0.000000,0.000000,0.000000,0.000000,0.000000,0.000000,0.000000,0.000000,0.000000,0.000000,0.000000,0.000000,0.000000,0.000000,0.000000,0.000000,0.000048,0.000000,0.000000,0.001883,0.000000,0.000000,0.026206,0.000000,0.000000,0.364957,0.000000,0.000000,13.430778,47.934784,95.003468,145.639813,194.595905,241.186526,288.217021,342.751712,402.968819,459.877457,515.698951,566.165706,605.006878,654.003726,714.221827,764.931824,808.331281,859.858777,927.065276,962.582655,970.598531,1000.791898,1035.331197,1065.940456,1102.510951,1122.421877,1130.706784,1157.718736,1181.471644,1178.105948,1149.447836,1147.873621,1169.372845,1161.524087,1154.714781,1158.496534,1148.623466,1129.486467,1109.881613,1092.393589,1071.860931,1043.809872,1007.281560,965.603555,926.770831,896.405481,862.714830,819.673533,773.539060,737.013886,709.320093,676.226563,630.824770,576.677585,522.707118,465.881505,403.937368,340.178291,284.023997,234.065711,181.372208,135.110333,94.189345,48.906197,13.161649,0.000000,0.000000,0.349226,0.000000,0.000000,0.025070,0.000000,0.000000,0.001797,0.000000,0.000000,0.000000,0.000000,0.000000,0.000000,0.000000,0.000000,0.000000,0.000000,0.000000,0.000000,0.000000,0.000000,0.000000,0.000000,0.000000,0.000000,0.000000,0.000000,0.000000,0.000000,0.000000,0.000000,0.000000,0.000000,0.000000,0.000000,0.000000,0.000000,0.000000
0.000000,0.000000,0.000000,0.000000,0.000000,0.000000,0.000000,0.000000,0.000000,0.000000,0.000000,0.000000,0.000000,0.000000,0.000000,0.000000,0.000000,0.000000,0.000000,0.000000,0.000000,0.000000,0.000000,0.000000,0.000000,0.000000,0.000000,0.000105,0.000000,0.000000,0.002391,0.000000,0.000000,0.033273,0.000000,0.000000,0.463421,0.000000,0.000000,15.814364,50.813939,96.586072,145.188113,191.388852,236.689947,286.154693,340.328594,397.821708,457.052161,518.662856,573.586693,612.185803,660.843825,713.792358,741.400335,778.852845,840.394465,902.126901,939.265965,958.320756,985.614858,1007.337235,1028.015559,1065.155362,1081.705486,1088.238771,1133.654361,1172.955854,1177.314164,1164.387252,1172.039390,1191.798877,1180.473228,1159.681899,1152.006658,1158.872186,1155.387829,1124.223499,1070.656765,1028.973035,1010.462879,999.591239,986.472842,960.423189,913.815527,864.293575,820.331277,779.426156,750.305772,723.315260,675.656137,616.756598,559.345172,508.376512,456.444649,399.706505,341.705126,287.724057,237.101653,185.612727,139.512032,97.149897,51.606984,15.493801,0.000000,0.000000,0.442472,0.000000,0.000000,0.031769,0.000000,0.000000,0.002276,0.000000,0.000000,0.000053,0.000000,0.000000,0.000000,0.000000,0.000000,0.000000,0.000000,0.000000,0.000000,0.000000,0.000000,0.000000,0.000000,0.000000,0.000000,0.000000,0.000000,0.000000,0.000000,0.000000,0.000000,0.000000,0.000000,0.000000,0.000000,0.000000,0.000000,0.000000
0.000000,0.000000,0.000000,0.000000,0.000000,0.000000,0.000000,0.000000,0.000000,0.000000,0.000000,0.000000,0.000000,0.000000,0.000000,0.000000,0.000000,0.000000,0.000000,0.000000,0.000000,0.000000,0.000000,0.000000,0.000000,0.000000,0.000000,0.000172,0.000000,0.000000,0.002880,0.000000,0.000000,0.040097,0.000000,0.000000,0.558483,0.000000,0.000000,18.209105,55.246743,100.500217,144.596923,190.279956,240.471485,293.396465,341.991905,390.270593,451.268052,526.215802,598.744447,648.993477,703.031269,758.524040,791.150175,845.131195,922.375612,976.835121,1017.831875,1055.231123,1085.144236,1105.485760,1118.991519,1133.831580,1164.302638,1209.045169,1247.987150,1263.316929,1263.055772,1270.423140,1267.779027,1255.322152,1250.150657,1226.399487,1195.532005,1196.667247,1193.535099,1160.118900,1105.187777,1055.093185,1034.331166,1046.043959,1030.826707,978.950043,938.184536,908.075051,871.082938,817.519861,783.188923,763.984818,717.227948,652.889972,589.440174,535.333197,479.658231,420.583579,366.765878,314.012406,260.034465,207.737091,158.315066,109.446854,59.761379,18.814388,0.000000,0.000000,0.569796,0.000000,0.000000,0.040906,0.000000,0.000000,0.002932,0.000000,0.000000,0.000129,0.000000,0.000000,0.000000,0.000000,0.000000,0.000000,0.000000,0.000000,0.000000,0.000000,0.000000,0.000000,0.000000,0.000000,0.000000,0.000000,0.000000,0.000000,0.000000,0.000000,0.000000,0.000000,0.000000,0.000000,0.000000,0.000000,0.000000,0.000000
0.000000,0.000000,0.000000,0.000000,0.000000,0.000000,0.000000,0.000000,0.000000,0.000000,0.000000,0.000000,0.000000,0.000000,0.000000,0.000000,0.000000,0.000000,0.000000,0.000000,0.000000,0.000000,0.000000,0.000000,0.000000,0.000000,0.000000,0.000244,0.000000,0.000000,0.003335,0.000000,0.000000,0.046455,0.000000,0.000000,0.647086,0.000000,0.000000,20.383419,57.980094,103.062770,146.915509,193.858609,246.114899,300.348879,352.826599,405.587456,464.225271,526.575079,586.055410,638.149348,697.193293,754.304280,786.528796,824.896018,878.696927,926.597127,967.933381,1002.379528,1026.635466,1046.050117,1061.042341,1072.012474,1106.488953,1154.044820,1168.695729,1154.687142,1143.019741,1162.240855,1177.012867,1177.054380,1184.420362,1182.242910,1170.665719,1169.618451,1170.725469,1154.760409,1111.912592,1083.562476,1075.980755,1057.793389,1037.608971,1012.618511,968.733929,930.887489,899.988097,853.885800,814.694624,781.625324,728.057451,661.935233,600.341228,552.426943,496.232417,430.359062,374.873408,322.328922,266.967517,212.063002,159.714667,109.496852,61.165408,20.970729,0.000000,0.000000,0.661854,0.000000,0.000000,0.047519,0.000000,0.000000,0.003407,0.000000,0.000000,0.000201,0.000000,0.000000,0.000000,0.000000,0.000000,0.000000,0.000000,0.000000,0.000000,0.000000,0.000000,0.000000,0.000000,0.000000,0.000000,0.000000,0.000000,0.000000,0.000000,0.000000,0.000000,0.000000,0.000000,0.000000,0.000000,0.000000,0.000000,0.000000
0.000000,0.000000,0.000000,0.000000,0.000000,0.000000,0.000000,0.000000,0.000000,0.000000,0.000000,0.000000,0.000000,0.000000,0.000000,0.000000,0.000000,0.000000,0.000000,0.000000,0.000000,0.000000,0.000000,0.000000,0.000000,0.000000,0.000000,0.000278,0.000000,0.000000,0.003800,0.000000,0.000000,0.052905,0.000000,0.000000,0.736944,0.000000,0.000000,22.211533,59.652902,104.044509,149.860218,199.460900,254.530440,313.392783,372.275587,432.573932,495.682966,541.630039,578.803293,636.305179,701.448135,751.822463,776.085981,799.104933,837.514373,888.168581,938.675971,968.916677,969.240129,990.763127,1029.295645,1035.340685,1055.791681,1090.754283,1088.833352,1076.344519,1075.463440,1085.891786,1108.600889,1132.207311,1140.279354,1145.940185,1155.492617,1162.816315,1170.214611,1168.646078,1143.512090,1113.334659,1088.960267,1064.545329,1033.914308,997.905683,962.203927,928.282800,889.182395,838.099939,794.773366,755.081794,694.459763,628.234769,567.003340,507.671163,451.326147,400.465552,356.225581,311.940412,263.194413,210.812143,158.970258,109.342459,61.897508,22.793263,0.000000,0.000000,0.758056,0.000000,0.000000,0.054429,0.000000,0.000000,0.003905,0.000000,0.000000,0.000283,0.000000,0.000000,0.000000,0.000000,0.000000,0.000000,0.000000,0.000000,0.000000,0.000000,0.000000,0.000000,0.000000,0.000000,0.000000,0.000000,0.000000,0.000000,0.000000,0.000000,0.000000,0.000000,0.000000,0.000000,0.000000,0.000000,0.000000,0.000000
0.000000,0.000000,0.000000,0.000000,0.000000,0.000000,0.000000,0.000000,0.000000,0.000000,0.000000,0.000000,0.000000,0.000000,0.000000,0.000000,0.000000,0.000000,0.000000,0.000000,0.000000,0.000000,0.000000,0.000000,0.000000,0.000000,0.000000,0.000305,0.000000,0.000000,0.004250,0.000000,0.000000,0.059191,0.000000,0.000000,0.824497,0.000000,0.000000,24.209993,63.014965,106.982209,152.325169,205.195127,264.977361,323.496892,380.430301,436.700668,490.002786,529.234061,566.192699,625.561798,691.590971,742.480401,769.938243,798.602886,836.317448,870.490195,907.082879,938.270549,949.660675,973.101923,1005.957831,1016.371139,1038.250814,1068.697048,1066.775108,1051.780588,1042.067264,1044.125766,1076.120941,1123.725823,1146.830570,1152.014416,1151.491116,1149.421839,1147.284065,1142.199766,1129.607635,1112.403866,1094.537269,1075.700032,1039.817836,997.240178,976.793948,962.635134,933.006103,879.224368,818.287558,764.428459,717.354382,661.365186,594.832632,531.923786,476.509162,425.984101,375.309369,323.514836,269.654886,213.199870,158.559732,108.535930,63.433335,24.714142,0.000000,0.000000,0.858882,0.000000,0.000000,0.061664,0.000000,0.000000,0.004428,0.000000,0.000000,0.000321,0.000000,0.000000,0.000000,0.000000,0.000000,0.000000,0.000000,0.000000,0.000000,0.000000,0.000000,0.000000,0.000000,0.000000,0.000000,0.000000,0.000000,0.000000,0.000000,0.000000,0.000000,0.000000,0.000000,0.000000,0.000000,0.000000,0.000000,0.000000
0.000000,0.000000,0.000000,0.000000,0.000000,0.000000,0.000000,0.000000,0.000000,0.000000,0.000000,0.000000,0.000000,0.000000,0.000000,0.000000,0.000000,0.000000,0.000000,0.000000,0.000000,0.000000,0.000000,0.000000,0.000000,0.000000,0.000000,0.000345,0.000000,0.000000,0.004801,0.000000,0.000000,0.066853,0.000000,0.000000,0.931246,0.000000,0.000000,27.297497,70.071320,118.401353,169.159847,222.541575,279.737009,340.869399,402.536855,460.689378,512.197753,556.284052,600.798234,656.558138,711.462531,756.628738,792.068780,818.717202,847.574576,889.834264,920.054440,930.782703,941.932633,974.527219,1014.900525,1029.581763,1044.847657,1074.291792,1102.181512,1108.997289,1090.599778,1068.159863,1092.516981,1142.153305,1141.790730,1123.806054,1123.620741,1144.052312,1153.995837,1143.747075,1132.226660,1129.818970,1121.289795,1084.548438,1057.565611,1045.198881,1012.905817,964.132610,912.421988,864.739792,808.468691,753.587556,720.762295,671.798559,598.003457,531.214066,480.381604,436.316905,382.685112,325.077082,268.866765,213.508078,158.375911,106.891039,64.145827,26.427185,0.000000,0.000000,0.940623,0.000000,0.000000,0.067534,0.000000,0.000000,0.004849,0.000000,0.000000,0.000350,0.000000,0.000000,0.000000,0.000000,0.000000,0.000000,0.000000,0.000000,0.000000,0.000000,0.000000,0.000000,0.000000,0.000000,0.000000,0.000000,0.000000,0.000000,0.000000,0.000000,0.000000,0.000000,0.000000,0.000000,0.000000,0.000000,0.000000,0.000000
0.000000,0.000000,0.000000,0.000000,0.000000,0.000000,0.000000,0.000000,0.000000,0.000000,0.000000,0.000000,0.000000,0.000000,0.000000,0.000000,0.000000,0.000000,0.000000,0.000000,0.000000,0.000000,0.000000,0.000000,0.000000,0.000000,0.000000,0.000393,0.000000,0.000000,0.005491,0.000000,0.000000,0.076432,0.000000,0.000000,1.064603,0.000000,0.000000,30.868386,78.324940,129.728480,184.621758,242.986513,301.114837,353.766698,405.500132,460.115354,516.823309,568.329658,617.087973,671.969416,722.711812,771.330953,828.019812,869.785515,904.844285,964.066291,1009.495871,1034.808308,1069.112747,1085.952684,1083.616738,1089.925784,1105.626994,1131.380825,1165.938722,1178.423401,1171.108059,1178.907272,1197.159957,1199.931228,1168.072121,1147.565348,1153.266884,1157.352845,1144.789539,1126.736643,1125.721859,1119.654402,1101.453689,1086.181655,1068.871226,1043.330216,1005.412344,943.918277,877.844315,839.114494,796.771251,747.879365,718.173919,672.539425,603.904518,543.502543,495.913523,453.980045,406.921069,349.295436,286.267060,228.698331,174.394956,122.375944,75.138771,30.850221,0.000000,0.000000,1.074958,0.000000,0.000000,0.077175,0.000000,0.000000,0.005544,0.000000,0.000000,0.000398,0.000000,0.000000,0.000000,0.000000,0.000000,0.000000,0.000000,0.000000,0.000000,0.000000,0.000000,0.000000,0.000000,0.000000,0.000000,0.000000,0.000000,0.000000,0.000000,0.000000,0.000000,0.000000,0.000000,0.000000,0.000000,0.000000,0.000000,0.000000
0.000000,0.000000,0.000000,0.000000,0.000000,0.000000,0.000000,0.000000,0.000000,0.000000,0.000000,0.000000,0.000000,0.000000,0.000000,0.000000,0.000000,0.000000,0.000000,0.000000,0.000000,0.000000,0.000000,0.000000,0.000000,0.000000,0.000000,0.000423,0.000000,0.000000,0.005841,0.000000,0.000000,0.081343,0.000000,0.000000,1.132871,0.000000,0.328828,34.116523,80.168449,128.380234,182.770132,241.449972,297.736419,346.011434,396.395359,451.625823,504.996547,554.352130,602.771799,653.631145,696.798374,741.189739,805.724436,860.531031,899.376645,943.999963,976.993092,1008.888194,1067.676934,1097.275395,1091.436823,1099.499314,1115.689556,1141.666417,1188.412269,1223.219667,1238.498526,1256.579852,1269.336521,1266.768141,1247.368020,1222.596869,1200.949308,1181.445778,1153.914528,1125.262183,1113.836454,1107.511296,1087.963939,1049.063665,1022.591584,1007.736480,971.239106,914.879472,859.784624,824.294636,778.399073,725.838796,698.132403,654.757842,591.643995,548.056249,514.108752,473.427285,420.594075,364.242981,307.268251,245.858718,186.908637,134.390948,85.628008,35.439243,0.359375,0.000000,1.206963,0.000000,0.000000,0.086652,0.000000,0.000000,0.006224,0.000000,0.000000,0.000446,0.000000,0.000000,0.000000,0.000000,0.000000,0.000000,0.000000,0.000000,0.000000,0.000000,0.000000,0.000000,0.000000,0.000000,0.000000,0.000000,0.000000,0.000000,0.000000,0.000000,0.000000,0.000000,0.000000,0.000000,0.000000,0.000000,0.000000,0.000000
0.000000,0.000000,0.000000,0.000000,0.000000,0.000000,0.000000,0.000000,0.000000,0.000000,0.000000,0.000000,0.000000,0.000000,0.000000,0.000000,0.000000,0.000000,0.000000,0.000000,0.000000,0.000000,0.000000,0.000000,0.000000,0.000000,0.000000,0.000386,0.000000,0.000000,0.005282,0.000000,0.000000,0.073564,0.000000,0.000000,1.024571,0.000000,1.466250,39.007674,88.913654,139.825570,194.383716,245.790127,292.590170,340.018693,392.485146,448.821600,504.145938,560.371323,613.295689,655.974808,701.741921,760.652684,828.703780,879.273687,913.260301,954.693607,985.645023,1005.404281,1032.652325,1052.749034,1067.113114,1094.818744,1123.011542,1149.192843,1187.841870,1243.742334,1295.747342,1306.568324,1282.154263,1252.481312,1243.300097,1232.710970,1213.499486,1198.832449,1180.450294,1162.532918,1156.515477,1132.332419,1097.459895,1088.605212,1073.160288,1041.145542,1012.870598,961.946946,898.869961,863.539152,819.938126,758.948753,710.225681,671.552533,634.740628,593.767472,545.900701,490.909455,431.044016,372.843651,315.532881,252.683782,190.066816,134.067376,86.106550,38.769662,1.286562,0.000000,1.066629,0.000000,0.000000,0.076583,0.000000,0.000000,0.005502,0.000000,0.000000,0.000391,0.000000,0.000000,0.000000,0.000000,0.000000,0.000000,0.000000,0.000000,0.000000,0.000000,0.000000,0.000000,0.000000,0.000000,0.000000,0.000000,0.000000,0.000000,0.000000,0.000000,0.000000,0.000000,0.000000,0.000000,0.000000,0.000000,0.000000,0.000000
0.000000,0.000000,0.000000,0.000000,0.000000,0.000000,0.000000,0.000000,0.000000,0.000000,0.000000,0.000000,0.000000,0.000000,0.000000,0.000000,0.000000,0.000000,0.000000,0.000000,0.000000,0.000000,0.000000,0.000000,0.000000,0.000000,0.000000,0.000311,0.000000,0.000000,0.004298,0.000000,0.000000,0.059848,0.000000,0.000000,0.833527,0.000000,3.335000,43.555292,94.636168,144.877824,199.020611,250.011014,294.927416,338.007067,386.081583,438.935909,490.100855,538.996781,588.495514,641.673916,695.410937,751.386724,815.215188,881.867725,934.592192,957.000098,974.635678,1000.560347,1026.126432,1041.769103,1055.134242,1082.593281,1106.993933,1127.460340,1162.561758,1206.875213,1244.735570,1257.530803,1239.768697,1220.029787,1235.583061,1253.728372,1242.763284,1203.596979,1182.300730,1184.902735,1173.863519,1139.164568,1104.649736,1099.697019,1078.545375,1039.431279,1023.700080,987.395660,926.248600,883.052685,838.594079,781.203347,725.593500,692.992862,670.911772,622.076991,563.511371,505.441002,439.871512,376.045479,316.893753,256.486025,196.448726,139.944336,88.577464,40.109719,3.022344,0.000000,0.792898,0.000000,0.000000,0.056929,0.000000,0.000000,0.004091,0.000000,0.000000,0.000290,0.000000,0.000000,0.000000,0.000000,0.000000,0.000000,0.000000,0.000000,0.000000,0.000000,0.000000,0.000000,0.000000,0.000000,0.000000,0.000000,0.000000,0.000000,0.000000,0.000000,0.000000,0.000000,0.000000,0.000000,0.000000,0.000000,0.000000,0.000000
0.000000,0.000000,0.000000,0.000000,0.000000,0.000000,0.000000,0.000000,0.000000,0.000000,0.000000,0.000000,0.000000,0.000000,0.000000,0.000000,0.000000,0.000000,0.000000,0.000000,0.000000,0.000000,0.000000,0.000000,0.000000,0.000000,0.000000,0.000209,0.000000,0.000000,0.003294,0.000000,0.000000,0.045850,0.000000,0.000000,0.638577,0.000000,6.244141,48.948868,98.276697,146.210103,199.594746,248.795138,294.213216,346.043654,398.992784,448.332692,495.662906,548.334231,604.099175,652.178696,693.044669,733.963724,782.857342,833.571736,873.687004,895.952150,925.808683,959.500212,973.462944,1007.148051,1061.793006,1093.767251,1106.837936,1128.313819,1179.439999,1218.926298,1219.766534,1194.360855,1185.596113,1197.530272,1200.966779,1214.019489,1220.805745,1184.412742,1165.805337,1167.365972,1133.014519,1103.705256,1089.003090,1056.403231,1025.046405,1005.842759,987.178724,952.347816,902.556279,853.075873,799.630257,745.926114,705.328531,675.490333,641.460676,586.793490,526.611219,470.421921,415.304497,363.352626,310.650517,250.381384,193.042278,142.212530,91.643942,42.809451,5.387031,0.000000,0.617780,0.000000,0.000000,0.044356,0.000000,0.000000,0.003187,0.000000,0.000000,0.000202,0.000000,0.000000,0.000000,0.000000,0.000000,0.000000,0.000000,0.000000,0.000000,0.000000,0.000000,0.000000,0.000000,0.000000,0.000000,0.000000,0.000000,0.000000,0.000000,0.000000,0.000000,0.000000,0.000000,0.000000,0.000000,0.000000,0.000000,0.000000
0.000000,0.000000,0.000000,0.000000,0.000000,0.000000,0.000000,0.000000,0.000000,0.000000,0.000000,0.000000,0.000000,0.000000,0.000000,0.000000,0.000000,0.000000,0.000000,0.000000,0.000000,0.000000,0.000000,0.000000,0.000000,0.000000,0.000000,0.000124,0.000000,0.000000,0.002288,0.000000,0.000000,0.031843,0.000000,0.000000,0.443505,0.014653,9.167656,52.110492,101.395012,148.763928,197.705466,246.919925,295.585758,344.409917,392.767068,441.619333,496.377539,570.700899,646.996352,691.379591,744.232972,798.389154,807.629872,828.066955,871.311911,898.774278,928.836644,956.613612,958.447566,986.140989,1047.136795,1095.364095,1127.563926,1149.098525,1163.973067,1183.309654,1194.903703,1177.074339,1160.997655,1150.717606,1124.286679,1113.158695,1117.852721,1111.012905,1128.499885,1155.624341,1135.574005,1114.732274,1104.709291,1068.882201,1024.501025,994.671076,986.079844,973.537168,943.095971,897.975988,838.822095,779.799404,739.048197,694.555189,641.478058,593.986104,536.009691,475.305788,436.916301,390.712500,325.669449,262.463318,206.852352,155.700150,102.832029,50.692781,9.059844,0.126941,0.366842,0.000000,0.000000,0.026339,0.000000,0.000000,0.001859,0.000000,0.000000,0.000106,0.000000,0.000000,0.000000,0.000000,0.000000,0.000000,0.000000,0.000000,0.000000,0.000000,0.000000,0.000000,0.000000,0.000000,0.000000,0.000000,0.000000,0.000000,0.000000,0.000000,0.000000,0.000000,0.000000,0.000000,0.000000,0.000000,0.000000,0.000000
0.000000,0.000000,0.000000,0.000000,0.000000,0.000000,0.000000,0.000000,0.000000,0.000000,0.000000,0.000000,0.000000,0.000000,0.000000,0.000000,0.000000,0.000000,0.000000,0.000000,0.000000,0.000000,0.000000,0.000000,0.000000,0.000000,0.000000,0.000053,0.000081,0.000000,0.001314,0.001150,0.000000,0.018275,0.016033,0.000000,0.254525,0.423257,13.032734,57.166445,105.246042,150.811584,200.962064,257.216585,313.872659,362.696744,409.280170,459.768026,518.344651,592.129483,667.854262,723.863972,790.250044,849.629684,853.583522,867.185372,918.222690,973.713899,997.654671,1002.351231,1034.718942,1087.293260,1136.630711,1166.487426,1190.218336,1205.306150,1199.858486,1211.529130,1228.657910,1205.803542,1194.428656,1204.176780,1192.137104,1170.710142,1157.266252,1158.728309,1176.975100,1195.106261,1186.667788,1160.501598,1131.328702,1106.258675,1077.424061,1043.125488,1009.546512,975.300771,938.635762,896.875541,835.803067,769.275573,727.328726,683.560564,627.748201,575.031028,523.109850,472.747019,428.330410,378.827975,320.943327,263.279341,210.869388,161.301726,108.092589,55.277036,12.624844,0.592787,0.190404,0.000000,0.021500,0.013671,0.000000,0.001543,0.000949,0.000000,0.000110,0.000042,0.000000,0.000000,0.000000,0.000000,0.000000,0.000000,0.000000,0.000000,0.000000,0.000000,0.000000,0.000000,0.000000,0.000000,0.000000,0.000000,0.000000,0.000000,0.000000,0.000000,0.000000,0.000000,0.000000,0.000000,0.000000,0.000000,0.000000,0.000000
0.000000,0.000000,0.000000,0.000000,0.000000,0.000000,0.000000,0.000000,0.000000,0.000000,0.000000,0.000000,0.000000,0.000000,0.000000,0.000000,0.000000,0.000000,0.000000,0.000000,0.000000,0.000000,0.000000,0.000000,0.000000,0.000000,0.000000,0.000000,0.000264,0.000000,0.000570,0.003714,0.000000,0.007930,0.051721,0.000000,0.110443,1.129846,16.820547,62.286456,115.047956,166.419523,215.236974,270.449200,331.374774,387.022593,433.393836,482.128651,550.302547,623.685054,691.775505,757.464818,827.607010,888.946547,919.289895,943.295196,984.341693,1042.787225,1081.333827,1099.758069,1133.224193,1170.126494,1203.851538,1238.949179,1252.701244,1250.234756,1264.068591,1296.619506,1322.862994,1311.933942,1286.640831,1273.181932,1276.159596,1262.776671,1245.797675,1266.180189,1265.090673,1232.734276,1215.664402,1191.879147,1159.385891,1142.617876,1123.431585,1088.347689,1039.774689,981.477914,929.258057,898.362002,849.288398,782.739465,737.388825,687.763768,626.386400,573.724754,524.951646,476.371016,430.198628,381.655121,324.537371,258.109159,202.493251,159.101241,110.398744,59.589733,16.675000,1.312346,0.074549,0.000000,0.057778,0.005351,0.000000,0.004150,0.000351,0.000000,0.000297,0.000000,0.000000,0.000000,0.000000,0.000000,0.000000,0.000000,0.000000,0.000000,0.000000,0.000000,0.000000,0.000000,0.000000,0.000000,0.000000,0.000000,0.000000,0.000000,0.000000,0.000000,0.000000,0.000000,0.000000,0.000000,0.000000,0.000000,0.000000,0.000000
0.000000,0.000000,0.000000,0.000000,0.000000,0.000000,0.000000,0.000000,0.000000,0.000000,0.000000,0.000000,0.000000,0.000000,0.000000,0.000000,0.000000,0.000000,0.000000,0.000000,0.000000,0.000000,0.000000,0.000000,0.000000,0.000000,0.000000,0.000000,0.000527,0.000000,0.000159,0.007365,0.000000,0.002221,0.102570,0.000000,0.030940,2.086986,20.631719,65.393066,119.542632,173.218490,221.893731,275.584122,338.594864,404.285867,457.212687,508.269469,582.628985,650.372829,702.106234,758.306799,823.051583,890.859240,951.978429,998.477454,1037.579746,1083.926780,1118.716298,1141.395056,1170.139225,1192.397129,1212.062949,1242.965298,1249.039825,1237.293320,1255.873913,1299.242164,1345.249785,1366.491370,1328.630467,1271.752709,1272.437880,1271.421639,1251.568649,1254.263139,1249.844131,1232.122664,1226.723619,1219.151474,1194.203842,1150.318756,1100.572585,1056.563495,1021.839476,987.612491,947.558380,900.776732,846.943413,790.680077,736.998708,672.394629,605.977563,562.649641,524.442780,480.350237,435.039466,383.301920,321.887841,255.875055,203.428357,162.995979,115.609079,65.136164,21.185156,2.451330,0.006552,0.000000,0.121272,0.000471,0.000000,0.008706,0.000000,0.000000,0.000623,0.000000,0.000000,0.000000,0.000000,0.000000,0.000000,0.000000,0.000000,0.000000,0.000000,0.000000,0.000000,0.000000,0.000000,0.000000,0.000000,0.000000,0.000000,0.000000,0.000000,0.000000,0.000000,0.000000,0.000000,0.000000,0.000000,0.000000,0.000000,0.000000
0.000000,0.000000,0.000000,0.000000,0.000000,0.000000,0.000000,0.000000,0.000000,0.000000,0.000000,0.000000,0.000000,0.000000,0.000000,0.000000,0.000000,0.000000,0.000000,0.000000,0.000000,0.000000,0.000000,0.000000,0.000000,0.000000,0.000000,0.000000,0.000853,0.000000,0.000000,0.011869,0.000000,0.000000,0.165336,0.000000,0.000000,3.216799,24.676484,69.963783,122.529342,175.614223,229.462413,282.768998,338.694277,400.875615,456.698436,507.929629,567.892255,622.368165,668.222527,715.943824,763.102459,812.940447,872.883334,933.849885,989.325553,1038.313241,1066.033145,1090.505804,1145.682325,1185.513414,1205.426233,1243.329112,1262.010934,1266.452158,1304.107620,1347.414560,1370.355800,1370.395852,1352.178556,1336.072084,1342.262707,1340.952321,1319.618985,1294.743155,1276.228793,1262.049155,1244.053804,1223.663266,1195.154209,1149.392835,1098.496608,1053.477459,1017.161744,986.357527,949.162967,892.444129,828.405293,771.474415,727.186224,680.357045,628.666821,583.054903,535.351634,483.268628,432.633965,379.800546,320.633850,256.638271,202.953335,159.998491,113.825719,66.040176,24.561484,3.532402,0.000000,0.000000,0.188303,0.000000,0.000000,0.013517,0.000000,0.000000,0.000968,0.000000,0.000000,0.000000,0.000000,0.000000,0.000000,0.000000,0.000000,0.000000,0.000000,0.000000,0.000000,0.000000,0.000000,0.000000,0.000000,0.000000,0.000000,0.000000,0.000000,0.000000,0.000000,0.000000,0.000000,0.000000,0.000000,0.000000,0.000000,0.000000
0.000000,0.000000,0.000000,0.000000,0.000000,0.000000,0.000000,0.000000,0.000000,0.000000,0.000000,0.000000,0.000000,0.000000,0.000000,0.000000,0.000000,0.000000,0.000000,0.000000,0.000000,0.000000,0.000000,0.000000,0.000000,0.000000,0.000000,0.000000,0.001251,0.000000,0.000000,0.017427,0.000000,0.000000,0.242722,0.000000,0.000000,4.451746,28.918906,74.865657,124.416791,173.484296,225.887638,274.025249,319.944455,374.378532,436.079241,498.265322,553.803717,607.783831,660.887049,707.769574,747.726838,785.815641,832.577842,905.758264,985.260978,1027.362548,1063.158626,1110.254689,1153.474732,1180.638157,1203.314383,1240.405763,1251.905756,1253.363373,1299.065171,1316.968119,1293.343611,1287.485259,1299.027462,1314.378800,1320.321626,1304.769626,1277.650579,1262.331720,1250.259034,1222.364378,1172.387857,1146.409069,1143.311665,1115.375254,1066.106093,1025.759487,1020.081070,1006.987157,960.435814,894.968799,844.481595,808.471014,756.514418,697.666268,647.497807,610.828567,564.980306,507.290232,455.398355,400.656920,338.717099,276.203558,219.271833,168.259776,118.981792,71.045339,29.073437,4.844749,0.000000,0.000000,0.270528,0.000000,0.000000,0.019421,0.000000,0.000000,0.001394,0.000000,0.000000,0.000000,0.000000,0.000000,0.000000,0.000000,0.000000,0.000000,0.000000,0.000000,0.000000,0.000000,0.000000,0.000000,0.000000,0.000000,0.000000,0.000000,0.000000,0.000000,0.000000,0.000000,0.000000,0.000000,0.000000,0.000000,0.000000,0.000000
0.000000,0.000000,0.000000,0.000000,0.000000,0.000000,0.000000,0.000000,0.000000,0.000000,0.000000,0.000000,0.000000,0.000000,0.000000,0.000000,0.000000,0.000000,0.000000,0.000000,0.000000,0.000000,0.000000,0.000000,0.000000,0.000000,0.000000,0.000000,0.001634,0.000000,0.000000,0.022708,0.000000,0.000000,0.316308,0.000000,0.000000,5.594496,32.101172,73.122036,118.870303,165.729997,214.784460,259.898846,301.949808,349.743984,409.475739,476.925942,539.368364,594.482088,634.832659,654.313519,680.285615,725.589883,782.529515,845.924353,907.142892,954.490252,985.066005,1011.148946,1047.277359,1069.815966,1079.655321,1100.644068,1112.834827,1124.175557,1159.964229,1162.936080,1138.297906,1152.695733,1200.064973,1244.800187,1250.797129,1240.002690,1228.876007,1214.726194,1201.043851,1177.732299,1133.265637,1107.978590,1098.091066,1059.729407,1014.656439,984.912796,972.760956,970.765188,946.688886,872.365149,820.682841,801.217388,754.705821,705.573995,662.273125,603.499193,543.314369,490.541301,439.894891,382.314567,322.203225,272.499246,223.074843,169.573665,119.286890,72.690571,32.447969,5.936113,0.000000,0.000000,0.339911,0.000000,0.000000,0.024399,0.000000,0.000000,0.001754,0.000000,0.000000,0.000000,0.000000,0.000000,0.000000,0.000000,0.000000,0.000000,0.000000,0.000000,0.000000,0.000000,0.000000,0.000000,0.000000,0.000000,0.000000,0.000000,0.000000,0.000000,0.000000,0.000000,0.000000,0.000000,0.000000,0.000000,0.000000,0.000000
0.000000,0.000000,0.000000,0.000000,0.000000,0.000000,0.000000,0.000000,0.000000,0.000000,0.000000,0.000000,0.000000,0.000000,0.000000,0.000000,0.000000,0.000000,0.000000,0.000000,0.000000,0.000000,0.000000,0.000000,0.000000,0.000000,0.000000,0.000000,0.002036,0.000000,0.000000,0.028328,0.000000,0.000000,0.394608,0.000000,0.000000,6.847095,36.474766,78.053441,124.074002,169.552325,215.283188,261.636504,307.752829,353.284750,403.561260,462.967630,528.745766,579.582859,613.240353,647.002639,681.924749,715.655152,752.500472,813.431225,878.930603,902.600417,908.872475,928.829524,971.336474,1000.892754,1014.641750,1042.733729,1072.368905,1087.052144,1085.216313,1095.183509,1109.413471,1098.300091,1110.542982,1147.266065,1154.603661,1138.014911,1116.986273,1105.205094,1101.950797,1092.428762,1060.626232,1027.132151,997.818855,961.415387,934.259770,914.638186,884.458450,861.206397,836.558255,785.298438,753.361584,747.754384,728.221204,695.694493,652.780081,595.223914,532.208984,476.051315,433.196052,383.297493,324.612041,274.170219,221.955282,166.959178,120.566658,76.410054,35.134913,6.831546,0.000000,0.000000,0.395356,0.000000,0.000000,0.028381,0.000000,0.000000,0.002041,0.000000,0.000000,0.000000,0.000000,0.000000,0.000000,0.000000,0.000000,0.000000,0.000000,0.000000,0.000000,0.000000,0.000000,0.000000,0.000000,0.000000,0.000000,0.000000,0.000000,0.000000,0.000000,0.000000,0.000000,0.000000,0.000000,0.000000,0.000000,0.000000
0.000000,0.000000,0.000000,0.000000,0.000000,0.000000,0.000000,0.000000,0.000000,0.000000,0.000000,0.000000,0.000000,0.000000,0.000000,0.000000,0.000000,0.000000,0.000000,0.000000,0.000000,0.000000,0.000000,0.000000,0.000000,0.000053,0.000000,0.000000,0.002434,0.000000,0.000000,0.033925,0.000000,0.000000,0.472511,0.000000,0.000000,8.067092,39.963846,82.089624,126.813184,169.090601,209.337078,252.489628,300.857722,352.962914,406.154507,460.327109,516.241900,566.547961,608.739120,646.269965,679.406200,714.337394,760.988732,814.527313,854.410978,861.382248,870.073444,900.633435,944.070922,982.821404,1009.673017,1029.158355,1045.318571,1055.981474,1056.360497,1052.753188,1047.151081,1038.885601,1038.814747,1056.164834,1087.429842,1092.397276,1067.148912,1048.093214,1045.135015,1043.963509,1022.437090,995.025300,971.374766,949.053967,935.585755,918.318262,873.874513,826.584278,784.352235,736.816515,708.021402,692.499106,657.314930,613.966966,576.881393,546.685890,503.523629,450.205692,408.188422,361.688898,307.623930,260.269881,213.687404,165.183938,119.416211,76.688928,38.364998,8.143452,0.000000,0.000000,0.480048,0.000000,0.000000,0.034462,0.000000,0.000000,0.002477,0.000000,0.000000,0.000057,0.000000,0.000000,0.000000,0.000000,0.000000,0.000000,0.000000,0.000000,0.000000,0.000000,0.000000,0.000000,0.000000,0.000000,0.000000,0.000000,0.000000,0.000000,0.000000,0.000000,0.000000,0.000000,0.000000,0.000000,0.000000,0.000000
0.000000,0.000000,0.000000,0.000000,0.000000,0.000000,0.000000,0.000000,0.000000,0.000000,0.000000,0.000000,0.000000,0.000000,0.000000,0.000000,0.000000,0.000000,0.000000,0.000000,0.000000,0.000000,0.000000,0.000000,0.000000,0.000115,0.000000,0.000000,0.002837,0.000000,0.000000,0.039526,0.000000,0.000000,0.550515,0.000000,0.000000,9.281037,42.282041,82.455695,128.709490,176.200226,218.125802,258.576319,303.691578,354.952244,397.811548,437.172576,489.895598,533.688180,565.527415,605.336557,650.237312,695.278628,740.803709,789.575271,826.093099,830.995785,845.480494,895.529657,965.268215,995.613148,997.719970,1034.859119,1060.943768,1060.537684,1064.091923,1048.721092,1024.252193,1034.219811,1073.385845,1109.502886,1112.755238,1116.918671,1127.348134,1118.140380,1114.133939,1123.666145,1126.398623,1106.115396,1058.339195,999.073142,976.656328,972.528957,920.288854,864.142467,823.528798,777.761616,748.813125,732.871866,697.791114,644.202989,590.037395,550.479474,498.739878,437.392112,395.972790,354.994255,304.945804,256.650362,212.040523,168.952005,124.516991,80.862737,41.206603,9.002051,0.000000,0.000000,0.533356,0.000000,0.000000,0.038290,0.000000,0.000000,0.002750,0.000000,0.000000,0.000115,0.000000,0.000000,0.000000,0.000000,0.000000,0.000000,0.000000,0.000000,0.000000,0.000000,0.000000,0.000000,0.000000,0.000000,0.000000,0.000000,0.000000,0.000000,0.000000,0.000000,0.000000,0.000000,0.000000,0.000000,0.000000,0.000000
0.000000,0.000000,0.000000,0.000000,0.000000,0.000000,0.000000,0.000000,0.000000,0.000000,0.000000,0.000000,0.000000,0.000000,0.000000,0.000000,0.000000,0.000000,0.000000,0.000000,0.000000,0.000000,0.000000,0.000000,0.000000,0.000187,0.000000,0.000000,0.003273,0.000000,0.000000,0.045645,0.000000,0.000000,0.635686,0.000000,0.000000,10.658957,48.222650,91.740913,138.510732,186.075577,231.610057,277.730532,329.161022,386.340771,430.773706,467.678762,518.844501,566.901573,612.114420,672.524153,729.367241,772.602849,814.232013,874.029386,925.424036,926.261260,958.292636,1031.438501,1071.048637,1085.387647,1100.894220,1133.538571,1169.955945,1179.428948,1145.170388,1137.836569,1155.919496,1138.367006,1152.614065,1183.929570,1146.811363,1122.297365,1134.483890,1128.209913,1116.791782,1112.809466,1106.682393,1077.250482,1027.489417,985.510674,968.687985,955.623493,908.361822,866.307815,846.692543,829.351884,807.741091,784.127017,760.441485,712.450881,649.361372,604.021789,548.473423,484.430735,443.594156,401.159419,344.756408,287.113333,233.169621,184.355318,139.800593,94.196665,47.980156,10.438684,0.000000,0.000000,0.621877,0.000000,0.000000,0.044649,0.000000,0.000000,0.003206,0.000000,0.000000,0.000187,0.000000,0.000000,0.000000,0.000000,0.000000,0.000000,0.000000,0.000000,0.000000,0.000000,0.000000,0.000000,0.000000,0.000000,0.000000,0.000000,0.000000,0.000000,0.000000,0.000000,0.000000,0.000000,0.000000,0.000000,0.000000,0.000000
0.000000,0.000000,0.000000,0.000000,0.000000,0.000000,0.000000,0.000000,0.000000,0.000000,0.000000,0.000000,0.000000,0.000000,0.000000,0.000000,0.000000,0.000000,0.000000,0.000000,0.000000,0.000000,0.000000,0.000000,0.000000,0.000268,0.000000,0.000000,0.003771,0.000000,0.000000,0.052569,0.000000,0.000000,0.732085,0.000000,0.000000,12.201131,54.121875,101.629056,148.885527,196.228286,245.511593,300.765214,360.457805,417.346863,466.527570,513.472463,567.590909,615.106305,656.969188,707.908942,756.163783,805.092567,866.163180,897.721160,906.258647,942.027011,1004.702953,1069.959245,1112.462644,1139.507203,1151.403030,1149.078935,1184.224756,1231.582224,1213.995777,1206.251083,1224.779804,1215.558270,1226.701809,1254.228765,1240.837378,1222.379591,1214.380453,1198.718431,1192.864177,1184.399572,1140.831602,1102.749094,1080.526684,1046.931341,1015.377566,994.599472,974.455988,932.067733,882.964215,864.792851,834.550227,780.890322,735.951957,695.419146,653.695489,610.199914,555.893053,496.777315,449.271091,403.589773,352.886676,300.112807,248.499634,197.314468,144.113133,95.345304,52.024075,11.908700,0.000000,0.000000,0.716167,0.000000,0.000000,0.051419,0.000000,0.000000,0.003690,0.000000,0.000000,0.000264,0.000000,0.000000,0.000000,0.000000,0.000000,0.000000,0.000000,0.000000,0.000000,0.000000,0.000000,0.000000,0.000000,0.000000,0.000000,0.000000,0.000000,0.000000,0.000000,0.000000,0.000000,0.000000,0.000000,0.000000,0.000000,0.000000
0.000000,0.000000,0.000000,0.000000,0.000000,0.000000,0.000000,0.000000,0.000000,0.000000,0.000000,0.000000,0.000000,0.000000,0.000000,0.000000,0.000000,0.000000,0.000000,0.000000,0.000000,0.000000,0.000000,0.000000,0.000000,0.000287,0.000000,0.000000,0.003957,0.000000,0.000000,0.055017,0.000000,0.000000,0.766213,0.000000,0.000000,13.518633,55.867293,101.701790,148.219282,197.677402,252.327734,311.596357,372.111053,430.002245,486.950892,541.843092,589.098167,622.687092,655.300374,706.907850,753.048829,798.836257,866.459062,887.888929,884.664632,946.893531,1020.657370,1077.390437,1142.807472,1177.380585,1172.976455,1170.816298,1208.382826,1246.695538,1216.156068,1221.387161,1276.399894,1287.280221,1278.426345,1275.540658,1269.356491,1243.100178,1207.936379,1192.010656,1183.731364,1166.626952,1133.842428,1096.005585,1055.499336,1008.404779,974.258519,962.010237,959.367136,935.193010,892.122533,861.985114,831.891234,787.916565,731.346292,680.799162,639.499041,593.816432,542.193235,491.251251,448.378766,405.199081,357.456519,307.502524,252.923115,196.331057,144.645163,98.107635,54.009411,13.161324,0.000000,0.000000,0.744659,0.000000,0.000000,0.053469,0.000000,0.000000,0.003832,0.000000,0.000000,0.000278,0.000000,0.000000,0.000000,0.000000,0.000000,0.000000,0.000000,0.000000,0.000000,0.000000,0.000000,0.000000,0.000000,0.000000,0.000000,0.000000,0.000000,0.000000,0.000000,0.000000,0.000000,0.000000,0.000000,0.000000,0.000000,0.000000
0.000000,0.000000,0.000000,0.000000,0.000000,0.000000,0.000000,0.000000,0.000000,0.000000,0.000000,0.000000,0.000000,0.000000,0.000000,0.000000,0.000000,0.000000,0.000000,0.000000,0.000000,0.000000,0.000000,0.000000,0.000000,0.000238,0.000000,0.000000,0.003379,0.000000,0.000000,0.046974,0.000000,0.000000,0.654249,0.000000,0.000000,15.241598,55.519333,96.505817,138.811313,186.015345,239.132235,297.942583,360.615320,423.911245,483.823323,538.316020,588.979357,643.782199,699.190749,743.613896,787.116546,839.367294,894.298375,908.466814,908.267742,965.453638,1028.549729,1073.528805,1125.857031,1163.598208,1177.915569,1188.219399,1222.879434,1248.127827,1211.382789,1232.539088,1310.788819,1316.613050,1284.729644,1273.218212,1292.930545,1271.666965,1215.328062,1200.203212,1196.547150,1173.456306,1131.102458,1091.749195,1056.814442,1011.297640,978.583584,962.924075,946.170365,935.679223,923.250270,888.773019,856.807922,822.985687,759.239476,702.104158,664.830077,625.582314,578.268840,525.336937,472.340001,422.655922,372.293170,314.181909,255.269412,201.652667,153.863215,108.492162,61.969485,15.948588,0.000000,0.000000,0.704375,0.000000,0.000000,0.050578,0.000000,0.000000,0.003626,0.000000,0.000000,0.000254,0.000000,0.000000,0.000000,0.000000,0.000000,0.000000,0.000000,0.000000,0.000000,0.000000,0.000000,0.000000,0.000000,0.000000,0.000000,0.000000,0.000000,0.000000,0.000000,0.000000,0.000000,0.000000,0.000000,0.000000,0.000000,0.000000
0.000000,0.000000,0.000000,0.000000,0.000000,0.000000,0.000000,0.000000,0.000000,0.000000,0.000000,0.000000,0.000000,0.000000,0.000000,0.000000,0.000000,0.000000,0.000000,0.000000,0.000000,0.000000,0.000000,0.000000,0.000000,0.000156,0.000000,0.000000,0.002746,0.000000,0.000000,0.038236,0.000000,0.000000,0.532512,0.000000,0.000000,18.055398,62.735537,108.156788,151.688986,195.085318,243.010835,306.848316,377.038484,429.834011,477.638017,528.056865,577.033144,627.553638,684.357486,747.730473,803.421657,849.661767,893.456356,910.958486,918.362977,959.947064,1001.254160,1039.248804,1102.411472,1144.697889,1151.094232,1153.766488,1170.144533,1185.074759,1173.719278,1185.171966,1228.979872,1263.066594,1272.474107,1279.258794,1315.178573,1326.360262,1307.145076,1310.268572,1329.425612,1326.726729,1267.531926,1194.183597,1131.710125,1072.971052,1028.802291,1005.957053,997.499312,979.905281,943.333362,898.137066,862.893107,825.591070,760.373878,711.248927,684.095307,641.553103,594.520928,544.913014,481.757212,430.451482,390.562008,336.230314,278.229236,223.689322,168.509568,118.103039,69.851719,19.552056,0.000000,0.000000,0.600403,0.000000,0.000000,0.043111,0.000000,0.000000,0.003093,0.000000,0.000000,0.000216,0.000000,0.000000,0.000000,0.000000,0.000000,0.000000,0.000000,0.000000,0.000000,0.000000,0.000000,0.000000,0.000000,0.000000,0.000000,0.000000,0.000000,0.000000,0.000000,0.000000,0.000000,0.000000,0.000000,0.000000,0.000000,0.000000
0.000000,0.000000,0.000000,0.000000,0.000000,0.000000,0.000000,0.000000,0.000000,0.000000,0.000000,0.000000,0.000000,0.000000,0.000000,0.000000,0.000000,0.000000,0.000000,0.000000,0.000000,0.000000,0.000000,0.000000,0.000000,0.000096,0.000000,0.000000,0.001987,0.000000,0.000000,0.027664,0.000000,0.000000,0.385280,0.000000,0.546183,20.939042,66.027452,114.237624,159.278463,202.063012,249.049195,305.247494,365.006993,416.376053,464.592968,512.962586,559.782117,606.607667,657.045724,712.940566,763.002244,803.350315,838.265369,859.621222,879.592263,922.718141,969.474459,1010.860087,1055.671965,1097.990154,1129.570491,1143.091181,1130.534737,1111.642196,1116.921341,1130.415497,1151.614280,1193.513704,1212.685041,1201.743693,1196.925815,1192.265547,1189.577690,1204.067254,1227.507963,1236.711589,1210.248869,1169.658994,1135.157634,1106.795257,1056.311002,1000.218826,984.819854,977.323994,947.286334,894.252997,847.014134,806.621092,752.024977,708.668365,680.230303,643.439011,603.805355,561.528539,507.668527,451.050837,396.449417,340.491054,283.397628,227.098904,173.733997,123.970175,74.792067,23.313145,0.355757,0.000000,0.449087,0.000000,0.000000,0.032247,0.000000,0.000000,0.002313,0.000000,0.000000,0.000142,0.000000,0.000000,0.000000,0.000000,0.000000,0.000000,0.000000,0.000000,0.000000,0.000000,0.000000,0.000000,0.000000,0.000000,0.000000,0.000000,0.000000,0.000000,0.000000,0.000000,0.000000,0.000000,0.000000,0.000000,0.000000,0.000000
0.000000,0.000000,0.000000,0.000000,0.000000,0.000000,0.000000,0.000000,0.000000,0.000000,0.000000,0.000000,0.000000,0.000000,0.000000,0.000000,0.000000,0.000000,0.000000,0.000000,0.000000,0.000000,0.000000,0.000000,0.000000,0.000042,0.000000,0.000000,0.001243,0.000000,0.000000,0.017329,0.000000,0.000244,0.241340,0.000000,1.529189,24.845463,69.472591,118.474379,166.488744,213.511136,263.217105,317.330683,374.591405,430.536060,479.854644,528.779065,587.833534,639.243069,681.330811,730.983596,785.622283,842.589613,900.620463,944.442915,977.892147,1019.370287,1056.853032,1073.765105,1068.924502,1081.866076,1122.235736,1159.029475,1146.703257,1117.492993,1142.959617,1156.888261,1145.133037,1160.816102,1176.888666,1182.054149,1193.461435,1198.627510,1197.030455,1199.415461,1184.567981,1157.500128,1148.371293,1155.439308,1165.070939,1159.479837,1119.091509,1054.397667,999.686051,964.896368,933.719244,881.979200,831.983275,790.549599,743.752044,701.361978,662.807185,616.328530,569.361440,525.737862,480.815770,429.585289,372.930009,316.692360,264.182250,216.117803,170.804591,125.096094,76.624538,27.744282,1.422080,0.000000,0.301754,0.000374,0.000000,0.021668,0.000000,0.000000,0.001555,0.000000,0.000000,0.000089,0.000000,0.000000,0.000000,0.000000,0.000000,0.000000,0.000000,0.000000,0.000000,0.000000,0.000000,0.000000,0.000000,0.000000,0.000000,0.000000,0.000000,0.000000,0.000000,0.000000,0.000000,0.000000,0.000000,0.000000,0.000000,0.000000
0.000000,0.000000,0.000000,0.000000,0.000000,0.000000,0.000000,0.000000,0.000000,0.000000,0.000000,0.000000,0.000000,0.000000,0.000000,0.000000,0.000000,0.000000,0.000000,0.000000,0.000000,0.000000,0.000000,0.000000,0.000000,0.000000,0.000000,0.000182,0.000630,0.000000,0.002511,0.008805,0.000000,0.035228,0.122605,0.000000,3.459832,29.930106,77.974959,129.819748,181.780588,233.268609,285.629673,336.150593,390.643784,456.761078,516.366170,567.178609,622.082308,664.589850,701.647252,758.675081,815.195700,867.147229,932.500661,1004.421857,1071.047375,1120.064031,1142.828315,1140.074729,1126.664129,1134.674028,1166.889135,1195.306692,1190.022888,1175.266059,1202.503721,1219.743294,1217.433226,1238.229464,1258.321603,1262.514882,1263.007015,1280.219555,1300.989117,1288.424543,1259.381741,1226.553417,1190.977965,1180.357220,1188.278437,1174.321115,1130.887634,1069.646706,1010.307386,960.793328,922.162041,888.448474,836.669928,774.791462,733.080304,696.249345,651.760826,602.289054,550.461633,502.623512,463.456253,415.389823,358.938825,311.135178,260.415995,206.216556,161.325385,118.091720,71.973491,29.855860,3.084175,0.000000,0.164291,0.033815,0.000000,0.011797,0.002401,0.000000,0.000846,0.000172,0.000000,0.000039,0.000000,0.000000,0.000000,0.000000,0.000000,0.000000,0.000000,0.000000,0.000000,0.000000,0.000000,0.000000,0.000000,0.000000,0.000000,0.000000,0.000000,0.000000,0.000000,0.000000,0.000000,0.000000,0.000000,0.000000,0.000000,0.000000
0.000000,0.000000,0.000000,0.000000,0.000000,0.000000,0.000000,0.000000,0.000000,0.000000,0.000000,0.000000,0.000000,0.000000,0.000000,0.000000,0.000000,0.000000,0.000000,0.000000,0.000000,0.000000,0.000000,0.000000,0.000000,0.000000,0.000000,0.000455,0.000152,0.000000,0.006330,0.002129,0.000000,0.088392,0.029644,0.000000,5.944470,35.240006,86.073428,138.407004,194.014960,253.603190,312.823538,354.289444,395.895866,469.889528,532.731067,577.120879,637.474998,689.829563,723.101669,755.063428,803.613319,862.647778,910.253756,953.403337,998.278132,1038.324055,1055.693564,1048.704080,1035.641308,1042.141796,1070.643171,1098.102073,1100.206756,1096.999934,1129.028881,1142.631049,1138.060708,1168.410372,1187.536594,1173.678930,1157.226328,1172.525669,1194.086641,1164.139859,1137.545143,1126.316925,1093.505477,1081.327094,1102.407751,1119.255477,1098.294537,1050.943133,1017.937613,983.357374,945.906797,921.429197,879.139559,819.635230,774.368466,726.714680,673.645070,629.609084,577.883933,518.921462,469.674997,415.153927,353.725996,299.821705,248.038807,198.553928,158.228396,117.905613,73.635472,33.073141,5.501681,0.000000,0.056468,0.089652,0.000000,0.004055,0.006411,0.000000,0.000290,0.000460,0.000000,0.000000,0.000000,0.000000,0.000000,0.000000,0.000000,0.000000,0.000000,0.000000,0.000000,0.000000,0.000000,0.000000,0.000000,0.000000,0.000000,0.000000,0.000000,0.000000,0.000000,0.000000,0.000000,0.000000,0.000000,0.000000,0.000000,0.000000
0.000000,0.000000,0.000000,0.000000,0.000000,0.000000,0.000000,0.000000,0.000000,0.000000,0.000000,0.000000,0.000000,0.000000,0.000000,0.000000,0.000000,0.000000,0.000000,0.000000,0.000000,0.000000,0.000000,0.000000,0.000000,0.000000,0.000000,0.000872,0.000000,0.000000,0.012128,0.000000,0.000000,0.169155,0.000000,0.000000,8.531946,40.758444,90.154621,136.877327,187.944868,248.456569,314.395525,364.556479,406.458611,466.532831,524.261099,573.661548,629.476169,683.948868,732.626566,781.416756,838.976639,901.836427,955.155835,989.029996,1011.580334,1041.381213,1072.635172,1091.767266,1090.510755,1088.029534,1108.251683,1156.712219,1177.364558,1170.370458,1189.941525,1216.438050,1243.565672,1282.073798,1287.202266,1257.492585,1240.676055,1253.607918,1275.020885,1265.276163,1231.998741,1189.553859,1147.432941,1114.764958,1096.655990,1091.091029,1086.684872,1072.110169,1037.176691,975.160863,914.817986,893.273253,856.232342,800.101566,773.764147,737.831313,676.321400,616.226479,566.318069,521.066196,469.836560,419.407159,369.290118,312.252407,261.718695,220.050143,175.861898,129.924956,84.169284,39.047306,8.688887,0.000000,0.000000,0.188907,0.000000,0.000000,0.013536,0.000000,0.000000,0.000973,0.000000,0.000000,0.000000,0.000000,0.000000,0.000000,0.000000,0.000000,0.000000,0.000000,0.000000,0.000000,0.000000,0.000000,0.000000,0.000000,0.000000,0.000000,0.000000,0.000000,0.000000,0.000000,0.000000,0.000000,0.000000,0.000000,0.000000,0.000000
0.000000,0.000000,0.000000,0.000000,0.000000,0.000000,0.000000,0.000000,0.000000,0.000000,0.000000,0.000000,0.000000,0.000000,0.000000,0.000000,0.000000,0.000000,0.000000,0.000000,0.000000,0.000000,0.000000,0.000000,0.000000,0.000000,0.000000,0.001404,0.000000,0.000000,0.019502,0.000000,0.000000,0.271640,0.000000,0.000000,11.068424,44.537145,88.810010,133.135768,180.553165,234.275385,291.468572,340.888436,385.564042,440.317965,500.542439,558.318104,610.976233,670.561865,735.177528,789.649364,839.793725,886.691166,922.271110,943.795142,955.696549,968.485802,992.263198,1026.788837,1061.502700,1083.757010,1098.220038,1121.731332,1146.310385,1161.335337,1166.360739,1187.537972,1213.851667,1208.505842,1208.124428,1216.410402,1204.840695,1217.696634,1251.624014,1253.298828,1235.223532,1216.099445,1200.287498,1179.774123,1153.418193,1126.972149,1098.113216,1064.175984,1022.253736,968.194167,917.523081,891.184671,860.384947,825.811903,813.380709,782.428877,719.221390,653.814699,606.858337,568.786342,512.325763,451.743389,395.521498,338.699827,288.512222,243.521319,193.338999,142.924925,94.867766,45.192575,11.800318,0.000000,0.000000,0.308823,0.000000,0.000000,0.022171,0.000000,0.000000,0.001591,0.000000,0.000000,0.000000,0.000000,0.000000,0.000000,0.000000,0.000000,0.000000,0.000000,0.000000,0.000000,0.000000,0.000000,0.000000,0.000000,0.000000,0.000000,0.000000,0.000000,0.000000,0.000000,0.000000,0.000000,0.000000,0.000000,0.000000,0.000000
0.000000,0.000000,0.000000,0.000000,0.000000,0.000000,0.000000,0.000000,0.000000,0.000000,0.000000,0.000000,0.000000,0.000000,0.000000,0.000000,0.000000,0.000000,0.000000,0.000000,0.000000,0.000000,0.000000,0.000000,0.000000,0.000000,0.000000,0.001778,0.000000,0.000000,0.024715,0.000000,0.000000,0.344209,0.000000,0.000000,12.818671,44.315172,87.533724,131.979493,177.173645,224.197814,272.480497,320.726657,366.432548,409.119193,459.807619,519.344161,579.419472,644.924400,715.370086,780.600409,831.851629,879.887696,942.083309,987.151405,993.710997,975.564852,986.045088,1023.031344,1039.551708,1058.350112,1076.442306,1070.909891,1105.603207,1170.734346,1188.814907,1213.275761,1238.960069,1201.567086,1169.459045,1170.196059,1172.809065,1190.013914,1200.195130,1162.763264,1142.167318,1147.554888,1125.727223,1101.043700,1091.734942,1086.788988,1065.415818,1028.903462,996.022419,960.060591,928.951929,917.975536,889.215740,845.946051,826.895483,796.863309,737.923867,669.770120,615.820303,572.275357,515.992315,457.357769,401.446408,342.559417,287.221873,237.600268,189.293513,142.139698,95.517120,49.987887,14.288352,0.000000,0.000000,0.405198,0.000000,0.000000,0.029090,0.000000,0.000000,0.002089,0.000000,0.000000,0.000048,0.000000,0.000000,0.000000,0.000000,0.000000,0.000000,0.000000,0.000000,0.000000,0.000000,0.000000,0.000000,0.000000,0.000000,0.000000,0.000000,0.000000,0.000000,0.000000,0.000000,0.000000,0.000000,0.000000,0.000000,0.000000
0.000000,0.000000,0.000000,0.000000,0.000000,0.000000,0.000000,0.000000,0.000000,0.000000,0.000000,0.000000,0.000000,0.000000,0.000000,0.000000,0.000000,0.000000,0.000000,0.000000,0.000000,0.000000,0.000000,0.000000,0.000072,0.000000,0.000000,0.002501,0.000000,0.000000,0.034764,0.000000,0.000000,0.484169,0.000000,0.000000,16.185871,51.524179,95.436931,142.555376,193.549401,247.247849,299.344974,349.655641,399.015636,448.795147,502.280434,556.710863,607.972290,668.516321,743.429088,824.147415,893.569046,954.955142,1026.662607,1094.367007,1138.652661,1153.438846,1167.069257,1188.028384,1198.874997,1192.982247,1180.480146,1183.868298,1223.084082,1283.922046,1330.628268,1384.954878,1429.561080,1411.796372,1361.845965,1329.770384,1344.797609,1357.409422,1326.902835,1258.224056,1219.137470,1215.073075,1192.225430,1169.388022,1157.335447,1142.531871,1122.329631,1093.587128,1053.882637,1017.083480,993.890617,978.419454,932.293365,865.331116,825.243584,787.881869,729.715118,654.517383,596.137868,555.341136,503.711578,453.791308,407.259319,349.815016,290.761158,237.394467,188.406952,141.174369,95.066401,52.711218,17.736785,0.000000,0.000000,0.548315,0.000000,0.000000,0.039364,0.000000,0.000000,0.002827,0.000000,0.000000,0.000120,0.000000,0.000000,0.000000,0.000000,0.000000,0.000000,0.000000,0.000000,0.000000,0.000000,0.000000,0.000000,0.000000,0.000000,0.000000,0.000000,0.000000,0.000000,0.000000,0.000000,0.000000,0.000000,0.000000,0.000000,0.000000
0.000000,0.000000,0.000000,0.000000,0.000000,0.000000,0.000000,0.000000,0.000000,0.000000,0.000000,0.000000,0.000000,0.000000,0.000000,0.000000,0.000000,0.000000,0.000000,0.000000,0.000000,0.000000,0.000000,0.000000,0.000149,0.000000,0.000000,0.003177,0.000000,0.000000,0.044189,0.000000,0.000000,0.615418,0.000000,0.000000,19.406700,58.278387,106.396180,160.088742,214.139162,265.044947,313.169840,360.304412,409.740068,464.352879,519.164816,570.459019,618.746032,668.005432,718.296898,768.662185,831.214485,896.547188,942.771834,996.852904,1061.317458,1103.465516,1103.698708,1095.436340,1130.861166,1160.514476,1165.771874,1179.440966,1213.828014,1259.646826,1296.747481,1324.165167,1340.403202,1339.881608,1324.477685,1315.245848,1335.755323,1352.280191,1327.179826,1257.778187,1230.379844,1254.124703,1255.902287,1232.250214,1204.755654,1191.584463,1172.336719,1130.894226,1074.011560,1040.376683,1030.922521,1006.604258,959.018958,900.873869,852.725973,813.606744,768.361066,703.223414,641.378813,589.754150,533.422000,472.911982,410.692496,348.055003,291.645765,241.477268,191.512147,144.039940,99.400173,56.045102,19.541389,0.000000,0.000000,0.619816,0.000000,0.000000,0.044500,0.000000,0.000000,0.003196,0.000000,0.000000,0.000182,0.000000,0.000000,0.000000,0.000000,0.000000,0.000000,0.000000,0.000000,0.000000,0.000000,0.000000,0.000000,0.000000,0.000000,0.000000,0.000000,0.000000,0.000000,0.000000,0.000000,0.000000,0.000000,0.000000,0.000000,0.000000
0.000000,0.000000,0.000000,0.000000,0.000000,0.000000,0.000000,0.000000,0.000000,0.000000,0.000000,0.000000,0.000000,0.000000,0.000000,0.000000,0.000000,0.000000,0.000000,0.000000,0.000000,0.000000,0.000000,0.000000,0.000235,0.000000,0.000000,0.003862,0.000000,0.000000,0.053762,0.000000,0.000000,0.748746,0.000000,0.000000,22.816173,64.553514,113.198797,168.063367,221.302813,271.084395,320.974617,369.503791,413.677874,453.628160,501.554809,554.482330,597.160420,635.663828,672.790824,707.534036,757.381669,816.485128,864.082580,931.032849,1015.470456,1076.532736,1108.384415,1127.621327,1154.677729,1179.599002,1197.437355,1219.227860,1265.127734,1311.610494,1316.518301,1339.919447,1383.318433,1384.403561,1363.390570,1350.188929,1358.657880,1384.041088,1391.496116,1346.651845,1315.862542,1317.445890,1302.298574,1253.850376,1205.904502,1202.802968,1179.571072,1121.865970,1079.211957,1043.595751,1006.432161,970.781599,929.605017,885.725149,848.739277,806.413933,756.438075,709.179238,662.977782,612.448800,553.123480,483.842860,413.112294,353.766685,303.656719,254.929255,201.264034,150.203657,104.893656,62.162452,23.254605,0.000000,0.000000,0.777357,0.000000,0.000000,0.055813,0.000000,0.000000,0.004011,0.000000,0.000000,0.000283,0.000000,0.000000,0.000000,0.000000,0.000000,0.000000,0.000000,0.000000,0.000000,0.000000,0.000000,0.000000,0.000000,0.000000,0.000000,0.000000,0.000000,0.000000,0.000000,0.000000,0.000000,0.000000,0.000000,0.000000,0.000000
0.000000,0.000000,0.000000,0.000000,0.000000,0.000000,0.000000,0.000000,0.000000,0.000000,0.000000,0.000000,0.000000,0.000000,0.000000,0.000000,0.000000,0.000000,0.000000,0.000000,0.000000,0.000000,0.000000,0.000000,0.000326,0.000000,0.000000,0.004605,0.000000,0.000000,0.064132,0.000000,0.000000,0.893205,0.000000,0.000000,26.486666,69.185794,116.661525,167.856378,226.893409,289.200222,343.332059,392.418592,438.815534,482.724814,532.478673,583.771954,622.746598,654.545043,690.653124,739.607385,792.702053,831.247970,850.082461,913.279978,1009.344519,1058.510984,1085.434379,1116.956834,1149.216352,1160.381462,1171.378841,1225.995889,1270.632846,1270.423377,1247.125642,1262.636209,1310.621259,1327.407835,1331.695507,1348.089481,1377.995950,1396.587302,1379.369160,1325.607452,1300.803464,1311.840763,1299.399849,1244.533782,1187.530416,1185.678544,1183.989595,1149.848791,1102.192011,1062.927359,1026.416320,970.808568,916.440167,875.688785,839.954060,788.226156,724.139366,671.753191,628.919977,581.444392,518.206108,457.290292,406.429068,357.049789,305.713742,252.433521,199.662135,150.840076,107.068392,66.978731,26.585590,0.000000,0.000000,0.914791,0.000000,0.000000,0.065679,0.000000,0.000000,0.004720,0.000000,0.000000,0.000335,0.000000,0.000000,0.000000,0.000000,0.000000,0.000000,0.000000,0.000000,0.000000,0.000000,0.000000,0.000000,0.000000,0.000000,0.000000,0.000000,0.000000,0.000000,0.000000,0.000000,0.000000,0.000000,0.000000,0.000000,0.000000
0.000000,0.000000,0.000000,0.000000,0.000000,0.000000,0.000000,0.000000,0.000000,0.000000,0.000000,0.000000,0.000000,0.000000,0.000000,0.000000,0.000000,0.000000,0.000000,0.000000,0.000000,0.000000,0.000000,0.000000,0.000364,0.000000,0.000000,0.005132,0.000000,0.000000,0.071472,0.000000,0.000000,0.995502,0.000000,0.000000,28.443763,69.573844,113.925014,162.270729,213.286771,267.245561,324.610845,379.411997,433.101072,493.587206,556.839805,611.273025,647.868352,684.129522,727.475410,771.121652,818.437039,848.959160,842.975981,879.592512,959.455754,1005.828601,1036.791378,1073.737269,1114.378012,1152.252989,1196.934699,1260.649590,1300.442109,1291.715452,1257.008872,1273.184350,1328.215039,1340.924430,1360.257066,1391.847175,1384.814470,1377.069309,1371.251294,1334.309352,1315.073136,1317.771522,1293.685457,1246.900274,1206.352196,1198.356014,1198.672470,1171.884549,1100.798341,1036.150752,992.124787,941.881900,901.985053,878.169489,854.913544,819.730465,769.577575,711.923486,663.664347,619.289141,556.851078,487.837044,425.164932,371.200351,315.638304,256.425672,201.769199,155.041217,113.307212,70.438096,28.581176,0.000000,0.000000,1.003260,0.000000,0.000000,0.072033,0.000000,0.000000,0.005175,0.000000,0.000000,0.000369,0.000000,0.000000,0.000000,0.000000,0.000000,0.000000,0.000000,0.000000,0.000000,0.000000,0.000000,0.000000,0.000000,0.000000,0.000000,0.000000,0.000000,0.000000,0.000000,0.000000,0.000000,0.000000,0.000000,0.000000,0.000000
0.000000,0.000000,0.000000,0.000000,0.000000,0.000000,0.000000,0.000000,0.000000,0.000000,0.000000,0.000000,0.000000,0.000000,0.000000,0.000000,0.000000,0.000000,0.000000,0.000000,0.000000,0.000000,0.000000,0.000000,0.000417,0.000000,0.000000,0.005841,0.000000,0.000000,0.081329,0.000000,0.000000,1.132812,0.000000,0.000000,32.346486,77.084213,121.944063,168.407634,217.378710,270.974588,330.385411,388.089093,441.976910,497.561656,558.185690,609.895862,637.650307,684.743295,749.563390,786.339621,813.817577,846.677742,881.506259,924.276937,965.126371,988.672760,1026.557563,1081.929021,1123.794134,1154.902160,1197.205987,1265.560469,1311.910718,1317.302885,1308.836334,1316.537835,1344.718843,1374.545802,1401.891081,1413.442794,1392.331727,1358.375023,1325.273080,1297.529521,1298.517162,1307.329150,1273.521310,1223.861605,1181.755826,1149.531208,1134.802252,1121.013807,1078.893110,1027.894538,979.676024,931.145193,901.429294,883.171664,845.951460,801.820814,753.912896,694.385505,649.574241,612.456345,549.063907,486.699442,439.909584,394.240031,337.843310,274.894797,219.449945,166.719927,116.567568,74.605077,32.729050,0.000000,0.000000,1.184275,0.000000,0.000000,0.085028,0.000000,0.000000,0.006105,0.000000,0.000000,0.000436,0.000000,0.000000,0.000000,0.000000,0.000000,0.000000,0.000000,0.000000,0.000000,0.000000,0.000000,0.000000,0.000000,0.000000,0.000000,0.000000,0.000000,0.000000,0.000000,0.000000,0.000000,0.000000,0.000000,0.000000,0.000000
0.000000,0.000000,0.000000,0.000000,0.000000,0.000000,0.000000,0.000000,0.000000,0.000000,0.000000,0.000000,0.000000,0.000000,0.000000,0.000000,0.000000,0.000000,0.000000,0.000000,0.000000,0.000000,0.000000,0.000000,0.000376,0.000000,0.000000,0.005279,0.000000,0.000000,0.073462,0.000000,0.000000,1.023179,0.000000,0.557031,33.043531,79.052720,125.076327,169.331647,220.486194,279.715058,339.885597,398.932827,452.108996,495.393390,543.086711,592.277112,631.186243,696.237482,777.570395,822.519739,850.977399,882.334192,914.079153,936.998612,951.084797,965.729290,997.075520,1046.270527,1097.311716,1139.256508,1181.101930,1233.394207,1243.675732,1224.663315,1241.498967,1255.021028,1272.628251,1341.823405,1380.147519,1367.436134,1359.247143,1312.143465,1239.131993,1209.156640,1216.010840,1232.295858,1233.119955,1214.490897,1186.204715,1165.253386,1158.271020,1161.307102,1162.067309,1142.495906,1096.027805,1031.804523,963.305540,906.080931,867.513771,823.597963,766.571455,709.781972,653.437560,596.558512,541.199084,495.122461,459.055807,422.107714,365.253732,294.870747,235.597590,178.205889,122.424296,79.322273,36.232849,0.634297,0.000000,1.175373,0.000000,0.000000,0.084392,0.000000,0.000000,0.006057,0.000000,0.000000,0.000436,0.000000,0.000000,0.000000,0.000000,0.000000,0.000000,0.000000,0.000000,0.000000,0.000000,0.000000,0.000000,0.000000,0.000000,0.000000,0.000000,0.000000,0.000000,0.000000,0.000000,0.000000,0.000000,0.000000,0.000000,0.000000
0.000000,0.000000,0.000000,0.000000,0.000000,0.000000,0.000000,0.000000,0.000000,0.000000,0.000000,0.000000,0.000000,0.000000,0.000000,0.000000,0.000000,0.000000,0.000000,0.000000,0.000000,0.000000,0.000000,0.000000,0.000313,0.000000,0.000000,0.004319,0.000000,0.000000,0.060111,0.000000,0.000000,0.837158,0.000000,2.059219,37.687596,83.236098,128.682041,175.488657,224.642528,278.985511,339.076493,389.385723,433.095038,488.228953,544.183274,592.540160,637.976873,697.774368,765.926891,818.027799,863.134014,905.689731,936.684502,948.700125,963.296447,1011.555504,1068.487348,1119.795357,1172.714562,1216.122277,1246.243143,1267.092930,1265.424761,1258.998143,1286.057855,1323.173496,1360.178732,1405.225224,1415.565620,1394.750477,1383.036784,1331.665696,1269.857840,1284.823521,1307.151634,1308.113890,1323.845253,1308.163468,1267.107971,1254.752439,1216.581807,1165.589965,1169.117462,1148.046462,1075.787670,1005.865721,936.769666,878.199841,849.762754,816.547155,773.956613,745.655839,689.766116,617.288943,582.310202,537.296676,472.791193,429.052040,374.800033,304.491629,247.201621,190.948610,133.135845,85.968062,40.117466,1.998125,0.000000,0.954400,0.000000,0.000000,0.068526,0.000000,0.000000,0.004921,0.000000,0.000000,0.000354,0.000000,0.000000,0.000000,0.000000,0.000000,0.000000,0.000000,0.000000,0.000000,0.000000,0.000000,0.000000,0.000000,0.000000,0.000000,0.000000,0.000000,0.000000,0.000000,0.000000,0.000000,0.000000,0.000000,0.000000,0.000000
0.000000,0.000000,0.000000,0.000000,0.000000,0.000000,0.000000,0.000000,0.000000,0.000000,0.000000,0.000000,0.000000,0.000000,0.000000,0.000000,0.000000,0.000000,0.000000,0.000000,0.000000,0.000000,0.000000,0.000000,0.000216,0.000000,0.000000,0.003389,0.000000,0.000000,0.047164,0.000000,0.000000,0.656873,0.000000,4.233437,41.605800,85.077286,129.282027,180.110325,230.442097,280.198080,335.673463,388.755345,439.911117,496.089289,544.812149,588.381612,641.541919,691.419482,733.644884,776.486876,818.078926,867.098684,931.539461,964.861483,971.200711,1002.705618,1044.868067,1082.156724,1116.801767,1153.538563,1183.147258,1190.016902,1187.639419,1200.426224,1243.752149,1274.222178,1286.948461,1314.672820,1325.820964,1324.451709,1341.268687,1311.597329,1260.794696,1287.507347,1325.902335,1330.187931,1318.120518,1288.705255,1261.727996,1260.828771,1223.814996,1157.314833,1128.339080,1103.737063,1053.411268,979.579046,900.239074,838.810772,807.087008,767.340325,717.280568,687.783737,651.439947,599.509769,551.338980,499.757562,445.161639,398.527827,348.874532,294.880852,245.531686,191.291254,134.393279,88.030876,43.023798,4.111250,0.000000,0.750469,0.000000,0.000000,0.053883,0.000000,0.000000,0.003867,0.000000,0.000000,0.000280,0.000000,0.000000,0.000000,0.000000,0.000000,0.000000,0.000000,0.000000,0.000000,0.000000,0.000000,0.000000,0.000000,0.000000,0.000000,0.000000,0.000000,0.000000,0.000000,0.000000,0.000000,0.000000,0.000000,0.000000,0.000000
0.000000,0.000000,0.000000,0.000000,0.000000,0.000000,0.000000,0.000000,0.000000,0.000000,0.000000,0.000000,0.000000,0.000000,0.000000,0.000000,0.000000,0.000000,0.000000,0.000000,0.000000,0.000000,0.000000,0.000000,0.000120,0.000000,0.000000,0.002199,0.000000,0.000000,0.030618,0.000000,0.000000,0.426399,0.013086,7.146172,42.765518,83.875204,125.669433,173.405127,226.291970,280.168368,331.908654,388.421620,445.277901,490.540959,538.488129,592.752559,644.098666,700.407264,753.566155,786.202491,825.091813,885.102099,953.908330,1004.492631,1037.577493,1077.975872,1120.951884,1157.294998,1185.827981,1223.879190,1258.176443,1259.213259,1268.794378,1292.165837,1297.223428,1314.302821,1343.062690,1350.988574,1356.550514,1360.663875,1345.889044,1336.153920,1350.209915,1378.145735,1371.996338,1329.336383,1291.047953,1264.789619,1252.518048,1252.265596,1240.474032,1209.490830,1173.345558,1148.392261,1122.299644,1062.265260,975.750192,894.898234,849.456510,807.391541,759.006849,722.902689,682.883748,634.655467,589.627716,538.736820,479.666769,420.554691,361.847247,305.583840,254.660082,201.214454,145.567964,95.489777,47.560890,7.347422,0.029325,0.516938,0.000000,0.000000,0.037117,0.000000,0.000000,0.002667,0.000000,0.000000,0.000184,0.000000,0.000000,0.000000,0.000000,0.000000,0.000000,0.000000,0.000000,0.000000,0.000000,0.000000,0.000000,0.000000,0.000000,0.000000,0.000000,0.000000,0.000000,0.000000,0.000000,0.000000,0.000000,0.000000,0.000000,0.000000
0.000000,0.000000,0.000000,0.000000,0.000000,0.000000,0.000000,0.000000,0.000000,0.000000,0.000000,0.000000,0.000000,0.000000,0.000000,0.000000,0.000000,0.000000,0.000000,0.000000,0.000000,0.000000,0.000000,0.000000,0.000060,0.000081,0.000000,0.001342,0.001150,0.000000,0.018693,0.016042,0.000000,0.260330,0.388345,10.687812,48.869181,92.888769,136.425849,180.981157,230.364417,283.858197,337.824540,395.910793,454.517209,505.805429,560.885023,615.141832,652.739858,695.388137,747.384019,791.034617,826.766036,872.104098,943.801902,1009.868929,1060.051159,1113.455016,1170.745149,1212.517143,1223.634531,1262.034740,1309.686637,1295.177575,1303.168519,1351.226313,1373.466884,1398.730334,1425.364205,1417.894912,1419.181924,1434.883022,1429.424219,1421.137495,1421.489418,1414.976172,1378.128758,1319.209938,1268.312073,1217.891389,1177.443515,1169.602451,1165.309817,1144.872492,1112.258702,1078.757727,1053.124415,1032.466436,980.739363,905.366404,852.322745,806.573683,756.125035,706.430709,656.834418,608.225267,562.269936,509.259020,449.777614,394.984252,342.073637,290.906225,245.197584,198.344195,148.280643,98.678756,50.695562,10.779453,0.353040,0.288320,0.000000,0.012430,0.020701,0.000000,0.000891,0.001487,0.000000,0.000062,0.000099,0.000000,0.000000,0.000000,0.000000,0.000000,0.000000,0.000000,0.000000,0.000000,0.000000,0.000000,0.000000,0.000000,0.000000,0.000000,0.000000,0.000000,0.000000,0.000000,0.000000,0.000000,0.000000,0.000000,0.000000,0.000000
0.000000,0.000000,0.000000,0.000000,0.000000,0.000000,0.000000,0.000000,0.000000,0.000000,0.000000,0.000000,0.000000,0.000000,0.000000,0.000000,0.000000,0.000000,0.000000,0.000000,0.000000,0.000000,0.000000,0.000000,0.000000,0.000268,0.000000,0.000528,0.003737,0.000000,0.007352,0.052061,0.000000,0.102400,1.082490,14.382188,52.470821,96.533787,139.971318,181.119633,228.649426,282.674101,336.037024,394.477904,453.053322,499.662381,548.962568,599.530116,637.020675,684.624995,738.527548,772.008381,812.253060,869.970492,929.397372,992.169226,1046.133515,1073.702981,1109.553369,1147.513500,1155.193826,1201.094740,1264.001159,1253.591235,1262.660673,1321.697446,1365.066739,1379.076920,1381.105413,1397.898397,1431.473224,1456.342372,1444.146061,1438.245828,1437.918600,1396.661949,1336.078166,1292.809679,1283.980922,1246.498535,1191.950595,1193.705403,1195.151536,1165.709275,1130.510362,1098.758743,1072.167398,1044.842379,991.409519,932.674086,913.902449,869.063523,786.230611,722.154498,675.420300,624.137935,552.823821,489.051248,441.373777,393.587970,340.444544,286.971464,241.268413,196.771491,149.734922,101.997490,54.913382,14.675078,0.996370,0.127004,0.000000,0.044634,0.009120,0.000000,0.003206,0.000655,0.000000,0.000230,0.000039,0.000000,0.000000,0.000000,0.000000,0.000000,0.000000,0.000000,0.000000,0.000000,0.000000,0.000000,0.000000,0.000000,0.000000,0.000000,0.000000,0.000000,0.000000,0.000000,0.000000,0.000000,0.000000,0.000000,0.000000,0.000000
0.000000,0.000000,0.000000,0.000000,0.000000,0.000000,0.000000,0.000000,0.000000,0.000000,0.000000,0.000000,0.000000,0.000000,0.000000,0.000000,0.000000,0.000000,0.000000,0.000000,0.000000,0.000000,0.000000,0.000000,0.000000,0.000522,0.000000,0.000142,0.007274,0.000000,0.001990,0.101320,0.000000,0.027721,2.001906,18.507812,59.394210,105.824780,150.785870,192.022507,239.095737,294.161336,350.990022,408.649290,462.911456,509.425588,560.732476,615.238514,661.389221,719.043499,779.043716,811.896833,855.025033,922.319396,988.667304,1039.073021,1079.378741,1124.325670,1158.571250,1185.146069,1225.660419,1269.652021,1310.571037,1353.282458,1397.672521,1431.841336,1445.666348,1463.292528,1480.126563,1471.619577,1482.351506,1502.270837,1477.105088,1457.774519,1458.639818,1440.368455,1403.792278,1369.338867,1353.473607,1315.178398,1266.793743,1265.231469,1273.273595,1256.779833,1215.390825,1173.578176,1144.213269,1117.888288,1067.866347,1005.472591,964.919029,904.189091,825.242557,772.879546,711.008073,626.380626,545.989850,488.538972,447.426821,399.073074,344.992458,293.480066,248.991832,201.284778,149.593033,103.115491,58.951661,18.888750,2.012888,0.026474,0.000000,0.100793,0.001902,0.000000,0.007235,0.000138,0.000000,0.000517,0.000000,0.000000,0.000000,0.000000,0.000000,0.000000,0.000000,0.000000,0.000000,0.000000,0.000000,0.000000,0.000000,0.000000,0.000000,0.000000,0.000000,0.000000,0.000000,0.000000,0.000000,0.000000,0.000000,0.000000,0.000000,0.000000
0.000000,0.000000,0.000000,0.000000,0.000000,0.000000,0.000000,0.000000,0.000000,0.000000,0.000000,0.000000,0.000000,0.000000,0.000000,0.000000,0.000000,0.000000,0.000000,0.000000,0.000000,0.000000,0.000000,0.000000,0.000000,0.000858,0.000000,0.000000,0.011922,0.000000,0.000000,0.166055,0.000000,0.000000,3.143956,22.439375,63.713232,112.131835,163.302564,215.449601,266.414269,319.132709,377.499477,430.864121,482.636742,545.660910,603.180289,649.705815,697.361150,751.523504,802.671202,836.187339,869.203793,915.018348,972.486494,1031.551496,1081.946138,1117.507955,1142.783454,1159.848241,1172.952031,1212.497046,1277.182477,1333.653241,1370.793057,1394.360249,1422.966096,1468.432458,1492.780506,1448.104738,1433.920834,1470.340891,1483.641945,1475.034649,1465.759758,1466.929821,1450.139847,1409.954414,1370.728555,1343.539475,1325.589195,1306.505561,1289.890644,1254.249252,1172.628646,1104.169221,1070.275058,1041.074143,1008.733105,973.944173,934.598107,875.275672,808.121652,761.568683,706.809293,630.696716,552.031997,498.677902,462.386116,408.375286,352.090052,304.272115,258.222580,209.361586,158.291708,109.070159,62.750222,22.820312,3.207503,0.000000,0.000000,0.169606,0.000000,0.000000,0.012176,0.000000,0.000000,0.000872,0.000000,0.000000,0.000000,0.000000,0.000000,0.000000,0.000000,0.000000,0.000000,0.000000,0.000000,0.000000,0.000000,0.000000,0.000000,0.000000,0.000000,0.000000,0.000000,0.000000,0.000000,0.000000,0.000000,0.000000,0.000000,0.000000
0.000000,0.000000,0.000000,0.000000,0.000000,0.000000,0.000000,0.000000,0.000000,0.000000,0.000000,0.000000,0.000000,0.000000,0.000000,0.000000,0.000000,0.000000,0.000000,0.000000,0.000000,0.000000,0.000000,0.000000,0.000000,0.001198,0.000000,0.000000,0.016627,0.000000,0.000000,0.231543,0.000000,0.000000,4.215009,26.730313,70.333830,120.584560,173.488244,228.912054,280.974933,334.254296,395.875493,439.770933,476.626971,542.437292,607.189157,656.665523,706.838853,760.274419,810.536292,852.603096,907.497548,971.298168,1021.164919,1082.515824,1140.157952,1147.984057,1148.105821,1168.900838,1200.906942,1220.425803,1247.775522,1321.897183,1379.870389,1395.670469,1405.176190,1422.200175,1428.713882,1401.591070,1395.598614,1408.413397,1385.915611,1367.517774,1375.885732,1390.104866,1377.082352,1333.724841,1290.824019,1279.280282,1283.373358,1253.848752,1205.529986,1145.590123,1071.120845,1025.968866,999.963669,944.170225,907.953735,902.992785,885.390991,847.783290,799.476666,750.745746,698.393698,641.474008,583.374473,522.612036,461.290336,404.434361,352.450731,302.569532,251.574081,203.513985,157.959900,110.141423,63.930613,26.058281,4.242091,0.000000,0.000000,0.235276,0.000000,0.000000,0.016891,0.000000,0.000000,0.001212,0.000000,0.000000,0.000000,0.000000,0.000000,0.000000,0.000000,0.000000,0.000000,0.000000,0.000000,0.000000,0.000000,0.000000,0.000000,0.000000,0.000000,0.000000,0.000000,0.000000,0.000000,0.000000,0.000000,0.000000,0.000000,0.000000
0.000000,0.000000,0.000000,0.000000,0.000000,0.000000,0.000000,0.000000,0.000000,0.000000,0.000000,0.000000,0.000000,0.000000,0.000000,0.000000,0.000000,0.000000,0.000000,0.000000,0.000000,0.000000,0.000000,0.000000,0.000000,0.001576,0.000000,0.000000,0.021903,0.000000,0.000000,0.305014,0.000000,0.000000,5.404171,31.208125,77.419613,127.406794,177.484856,229.603342,284.871365,343.295216,401.882260,450.871936,498.824121,564.508000,632.584676,694.111847,752.584158,800.619230,848.570144,914.166831,966.117773,1005.052535,1059.702107,1095.949427,1107.014712,1117.866844,1118.358400,1127.451066,1176.482940,1201.853701,1209.384976,1263.227159,1304.902539,1302.363095,1285.132786,1281.294621,1285.394544,1272.234593,1264.181139,1264.191117,1251.245829,1237.940542,1238.813202,1253.123762,1245.696322,1215.997199,1200.401071,1206.926861,1212.549528,1184.763352,1155.617753,1128.611287,1080.474694,1056.045220,1035.629157,957.028589,913.981354,914.838296,870.890549,804.784333,753.412488,726.602909,686.171787,621.857471,558.564125,499.802334,445.052054,394.453723,346.046304,296.683767,244.313724,195.356220,150.912912,106.581776,64.703934,29.781406,5.507824,0.000000,0.000000,0.316250,0.000000,0.000000,0.022703,0.000000,0.000000,0.001629,0.000000,0.000000,0.000000,0.000000,0.000000,0.000000,0.000000,0.000000,0.000000,0.000000,0.000000,0.000000,0.000000,0.000000,0.000000,0.000000,0.000000,0.000000,0.000000,0.000000,0.000000,0.000000,0.000000,0.000000,0.000000,0.000000
0.000000,0.000000,0.000000,0.000000,0.000000,0.000000,0.000000,0.000000,0.000000,0.000000,0.000000,0.000000,0.000000,0.000000,0.000000,0.000000,0.000000,0.000000,0.000000,0.000000,0.000000,0.000000,0.000000,0.000000,0.000000,0.001893,0.000000,0.000000,0.026292,0.000000,0.000000,0.366141,0.000000,0.000000,6.381805,34.616797,78.303171,126.475108,175.134333,227.261859,286.239374,342.360085,381.770416,423.676996,475.468305,527.608804,575.844266,622.108743,670.598746,715.880387,764.287256,826.520077,875.544510,907.572667,943.999014,976.921380,999.571573,1011.156447,1005.108215,1006.275397,1052.193742,1104.978393,1136.289984,1152.421152,1178.268620,1200.475725,1185.016333,1178.210646,1191.035501,1191.513558,1193.435892,1202.204606,1207.739055,1218.004812,1221.060089,1193.929634,1164.797825,1162.722500,1191.933113,1195.657515,1176.295871,1186.380300,1175.579527,1128.629122,1087.490869,1070.000850,1050.321181,990.221389,944.929596,928.477868,899.942325,857.645047,813.097552,776.133372,733.700608,675.717700,606.267619,546.893830,499.371428,445.352362,383.583951,321.363279,266.631105,215.182156,164.728365,117.510962,73.917917,34.370625,6.796931,0.000000,0.000000,0.396601,0.000000,0.000000,0.028472,0.000000,0.000000,0.002046,0.000000,0.000000,0.000053,0.000000,0.000000,0.000000,0.000000,0.000000,0.000000,0.000000,0.000000,0.000000,0.000000,0.000000,0.000000,0.000000,0.000000,0.000000,0.000000,0.000000,0.000000,0.000000,0.000000,0.000000,0.000000,0.000000
0.000000,0.000000,0.000000,0.000000,0.000000,0.000000,0.000000,0.000000,0.000000,0.000000,0.000000,0.000000,0.000000,0.000000,0.000000,0.000000,0.000000,0.000000,0.000000,0.000000,0.000000,0.000000,0.000048,0.000000,0.000000,0.002252,0.000000,0.000000,0.031314,0.000000,0.000000,0.436056,0.000000,0.000000,7.492322,37.155807,78.649405,123.710758,169.473240,219.003853,271.371526,320.971501,362.446311,404.320848,453.233860,506.736025,545.502768,575.670164,622.476941,672.975510,723.371984,781.794685,828.687794,869.638817,928.528670,973.684285,1004.030478,1046.938591,1062.620806,1068.454441,1126.348726,1175.141783,1185.095594,1191.963101,1230.810366,1271.904315,1255.271012,1254.070226,1288.633410,1306.408916,1306.814830,1304.687277,1313.765782,1335.710511,1337.128243,1284.307366,1261.292285,1278.277843,1264.906634,1232.343687,1209.941466,1206.616711,1163.406375,1092.254639,1068.177746,1071.431852,1060.428184,1014.459569,972.141510,944.088741,907.853001,878.641452,846.823145,783.057727,721.209720,668.434428,600.085465,528.932276,470.260170,426.441105,379.568080,326.868324,280.405694,228.963922,173.156275,126.637450,82.778437,38.652578,7.920908,0.000000,0.000000,0.465913,0.000000,0.000000,0.033451,0.000000,0.000000,0.002405,0.000000,0.000000,0.000105,0.000000,0.000000,0.000000,0.000000,0.000000,0.000000,0.000000,0.000000,0.000000,0.000000,0.000000,0.000000,0.000000,0.000000,0.000000,0.000000,0.000000,0.000000,0.000000,0.000000,0.000000,0.000000,0.000000
0.000000,0.000000,0.000000,0.000000,0.000000,0.000000,0.000000,0.000000,0.000000,0.000000,0.000000,0.000000,0.000000,0.000000,0.000000,0.000000,0.000000,0.000000,0.000000,0.000000,0.000000,0.000000,0.000110,0.000000,0.000000,0.002674,0.000000,0.000000,0.037212,0.000000,0.000000,0.518228,0.000000,0.000000,8.772305,40.829009,80.082263,124.015805,170.298429,217.731744,269.079418,318.542918,357.125018,400.031463,456.971738,520.876160,565.600560,599.817901,656.234977,711.009129,753.689323,797.117440,834.213753,871.619759,926.773031,983.859026,1035.750677,1087.640402,1124.227783,1153.486166,1202.984153,1258.807657,1283.983201,1259.209535,1278.218332,1333.542689,1331.081578,1332.394494,1362.284292,1377.814855,1374.000757,1372.470584,1399.736892,1437.462915,1446.199872,1405.649333,1399.836414,1438.152843,1443.017324,1405.745033,1353.203167,1315.105136,1269.131566,1223.745899,1213.327282,1203.775584,1170.464425,1119.658886,1067.595529,1010.856123,937.075714,882.131371,848.244773,800.406084,737.367750,669.041725,605.005115,545.184560,491.631799,446.565741,394.241107,336.137296,289.056079,241.924948,190.331557,141.680976,93.531448,45.245312,9.649032,0.000000,0.000000,0.572456,0.000000,0.000000,0.041103,0.000000,0.000000,0.002956,0.000000,0.000000,0.000172,0.000000,0.000000,0.000000,0.000000,0.000000,0.000000,0.000000,0.000000,0.000000,0.000000,0.000000,0.000000,0.000000,0.000000,0.000000,0.000000,0.000000,0.000000,0.000000,0.000000,0.000000,0.000000,0.000000
0.000000,0.000000,0.000000,0.000000,0.000000,0.000000,0.000000,0.000000,0.000000,0.000000,0.000000,0.000000,0.000000,0.000000,0.000000,0.000000,0.000000,0.000000,0.000000,0.000000,0.000000,0.000000,0.000177,0.000000,0.000000,0.003038,0.000000,0.000000,0.042325,0.000000,0.000000,0.589485,0.000000,0.000000,9.920614,45.986199,89.743170,137.493348,186.856544,236.071167,284.243515,332.583757,382.558165,430.264359,480.898864,541.880026,587.849950,622.598902,674.398175,721.406941,751.247105,777.983077,827.522225,887.113435,921.316781,970.880845,1040.958004,1090.400268,1119.266729,1134.318844,1145.303724,1191.246636,1237.276277,1211.873068,1213.894362,1272.933425,1325.091794,1363.688218,1394.464093,1419.317592,1422.974496,1425.860831,1466.674706,1496.325980,1481.769117,1440.703705,1433.420162,1456.392508,1445.742713,1394.425053,1333.419358,1300.395620,1270.727213,1241.972239,1231.999791,1191.187514,1120.931333,1070.796814,1026.651649,972.090770,908.046846,849.884946,803.919022,762.671814,715.460523,663.477564,615.375794,562.424465,507.708586,463.260215,408.934042,344.441417,290.968551,243.020758,194.616511,145.886337,96.898000,49.678203,10.782946,0.000000,0.000000,0.642079,0.000000,0.000000,0.046101,0.000000,0.000000,0.003316,0.000000,0.000000,0.000240,0.000000,0.000000,0.000000,0.000000,0.000000,0.000000,0.000000,0.000000,0.000000,0.000000,0.000000,0.000000,0.000000,0.000000,0.000000,0.000000,0.000000,0.000000,0.000000,0.000000,0.000000,0.000000,0.000000
0.000000,0.000000,0.000000,0.000000,0.000000,0.000000,0.000000,0.000000,0.000000,0.000000,0.000000,0.000000,0.000000,0.000000,0.000000,0.000000,0.000000,0.000000,0.000000,0.000000,0.000000,0.000000,0.000254,0.000000,0.000000,0.003546,0.000000,0.000000,0.049397,0.000000,0.000000,0.687978,0.000000,0.000000,11.474269,50.967024,95.198534,142.058621,192.281436,244.047323,286.808408,332.214554,400.675877,455.158759,493.333495,549.173554,598.405441,638.386527,693.842070,754.207329,801.185061,828.961752,873.373146,934.341684,978.249543,1024.544838,1090.455502,1166.639397,1203.470183,1204.845338,1225.936339,1266.575501,1291.900225,1270.896039,1261.737232,1292.165082,1337.223559,1372.825903,1396.368631,1420.977598,1424.935287,1423.635129,1454.442220,1459.947923,1441.229117,1459.347110,1486.171010,1476.662310,1414.937099,1347.179608,1297.934212,1257.711892,1215.227041,1181.947371,1174.763089,1141.074078,1072.929159,1013.160808,967.946592,921.928474,856.521017,788.479823,733.968344,696.369533,667.413448,637.086271,597.868091,551.086076,502.054554,455.045644,402.713748,344.588979,288.624014,236.488885,187.349715,139.913495,93.977571,49.941744,11.574831,0.000000,0.000000,0.698452,0.000000,0.000000,0.050152,0.000000,0.000000,0.003606,0.000000,0.000000,0.000264,0.000000,0.000000,0.000000,0.000000,0.000000,0.000000,0.000000,0.000000,0.000000,0.000000,0.000000,0.000000,0.000000,0.000000,0.000000,0.000000,0.000000,0.000000,0.000000,0.000000,0.000000,0.000000,0.000000
0.000000,0.000000,0.000000,0.000000,0.000000,0.000000,0.000000,0.000000,0.000000,0.000000,0.000000,0.000000,0.000000,0.000000,0.000000,0.000000,0.000000,0.000000,0.000000,0.000000,0.000000,0.000000,0.000292,0.000000,0.000000,0.004030,0.000000,0.000000,0.056149,0.000000,0.000000,0.782043,0.000000,0.000000,13.770138,58.579922,106.541146,154.218372,205.351575,259.201529,303.973915,348.044721,409.320629,457.248107,494.239700,552.168806,600.243296,645.158681,725.855365,797.604834,841.669369,884.306552,937.603408,991.691173,1031.145658,1086.016856,1157.176947,1211.229450,1240.743722,1268.858118,1325.001086,1366.637680,1388.997624,1422.196777,1415.206890,1374.126740,1362.614838,1378.626089,1394.908229,1383.006139,1353.856184,1340.292638,1365.245565,1366.011558,1346.546515,1367.184810,1364.509311,1329.768967,1320.285398,1300.761572,1268.342887,1259.368391,1236.701131,1198.735944,1180.302594,1141.632298,1076.088705,1019.119249,965.428135,910.733972,859.711078,807.663231,759.182551,725.430359,695.530897,658.237508,611.124781,565.809078,523.541568,473.649156,415.868440,355.839841,300.465411,249.178131,198.877716,147.357921,98.057722,52.506685,12.680806,0.000000,0.000000,0.694060,0.000000,0.000000,0.049839,0.000000,0.000000,0.003582,0.000000,0.000000,0.000260,0.000000,0.000000,0.000000,0.000000,0.000000,0.000000,0.000000,0.000000,0.000000,0.000000,0.000000,0.000000,0.000000,0.000000,0.000000,0.000000,0.000000,0.000000,0.000000,0.000000,0.000000,0.000000,0.000000
0.000000,0.000000,0.000000,0.000000,0.000000,0.000000,0.000000,0.000000,0.000000,0.000000,0.000000,0.000000,0.000000,0.000000,0.000000,0.000000,0.000000,0.000000,0.000000,0.000000,0.000000,0.000000,0.000251,0.000000,0.000000,0.003515,0.000000,0.000000,0.048926,0.000000,0.000000,0.681449,0.000000,0.000000,15.635587,60.017872,104.070374,148.279605,194.745054,242.235405,287.739610,338.083817,401.248771,450.520956,486.526161,535.607687,584.281311,634.820049,702.908703,754.689243,785.938850,829.224111,893.675190,965.891272,1024.205153,1076.857907,1124.694484,1157.950547,1184.676132,1223.484955,1282.278027,1303.121850,1307.619442,1369.803546,1398.522048,1371.325399,1365.914256,1401.458653,1444.387732,1437.858101,1394.922728,1373.436013,1417.603874,1415.216608,1368.099623,1380.487817,1365.520769,1322.361545,1338.659380,1333.911069,1281.224223,1240.172047,1212.733673,1179.790059,1127.966249,1082.459268,1044.516401,994.880060,958.338347,932.372119,884.447031,820.987162,761.750076,721.631010,683.338938,636.704168,588.091229,547.559187,508.955039,454.629224,391.756541,332.509218,283.830583,236.596346,187.418076,141.165118,96.663810,52.923428,14.274688,0.000000,0.000000,0.566458,0.000000,0.000000,0.040676,0.000000,0.000000,0.002919,0.000000,0.000000,0.000209,0.000000,0.000000,0.000000,0.000000,0.000000,0.000000,0.000000,0.000000,0.000000,0.000000,0.000000,0.000000,0.000000,0.000000,0.000000,0.000000,0.000000,0.000000,0.000000,0.000000,0.000000,0.000000,0.000000
0.000000,0.000000,0.000000,0.000000,0.000000,0.000000,0.000000,0.000000,0.000000,0.000000,0.000000,0.000000,0.000000,0.000000,0.000000,0.000000,0.000000,0.000000,0.000000,0.000000,0.000000,0.000000,0.000159,0.000000,0.000000,0.002614,0.000000,0.000000,0.036387,0.000000,0.000000,0.506805,0.000000,0.000000,18.258056,59.245531,99.807485,142.416232,188.077345,232.800334,277.775817,324.818932,373.495611,416.630742,458.586488,510.598089,556.729761,606.238855,681.745463,733.801225,768.155626,837.895668,891.254666,920.270137,970.620981,1021.409680,1059.443020,1094.565498,1131.846382,1184.816097,1253.312042,1250.982077,1213.881025,1262.896609,1317.205961,1324.510958,1316.827196,1324.594875,1345.044596,1348.519981,1326.341682,1321.623077,1381.902317,1394.598869,1351.703716,1348.792820,1321.080681,1271.845712,1279.793081,1294.010025,1278.250328,1242.732716,1191.393044,1131.867033,1080.110427,1058.654461,1050.437527,1012.682627,969.323698,927.023769,866.360311,807.810392,763.376494,724.049363,674.983416,623.499629,589.500511,552.461029,506.068177,462.865971,411.032761,352.680266,304.110581,253.937927,199.403758,150.588329,105.026729,59.797068,17.320854,0.000000,0.000000,0.459078,0.000000,0.000000,0.032966,0.000000,0.000000,0.002366,0.000000,0.000000,0.000142,0.000000,0.000000,0.000000,0.000000,0.000000,0.000000,0.000000,0.000000,0.000000,0.000000,0.000000,0.000000,0.000000,0.000000,0.000000,0.000000,0.000000,0.000000,0.000000,0.000000,0.000000,0.000000,0.000000
0.000000,0.000000,0.000000,0.000000,0.000000,0.000000,0.000000,0.000000,0.000000,0.000000,0.000000,0.000000,0.000000,0.000000,0.000000,0.000000,0.000000,0.000000,0.000000,0.000000,0.000000,0.000000,0.000103,0.000000,0.000000,0.001955,0.000000,0.000000,0.027218,0.000000,0.000000,0.379114,0.000000,0.576136,21.398975,62.883142,104.511374,147.695807,192.813481,238.139650,292.246155,346.357319,381.817131,420.842442,474.888021,534.152208,580.893601,631.622268,715.122854,769.246339,803.788481,886.842483,938.555280,942.997713,965.368917,992.467805,1009.370098,1024.337679,1068.095729,1136.592194,1187.326782,1198.085144,1209.380966,1279.602122,1325.966475,1327.294102,1347.135518,1390.361475,1424.173938,1411.196871,1379.084159,1376.977442,1429.251121,1444.163925,1397.141721,1346.011062,1289.237429,1241.790092,1239.093007,1255.959379,1258.802604,1230.000644,1199.651393,1166.943417,1103.357545,1047.928448,1019.024647,997.421969,963.847417,918.244636,875.067981,830.136705,786.921364,751.508254,692.179926,615.508878,560.689703,515.910594,477.975899,454.879185,413.444447,351.552279,300.708835,251.076522,198.998459,154.004387,109.932423,63.615426,20.169184,0.444739,0.000000,0.343662,0.000000,0.000000,0.024678,0.000000,0.000000,0.001771,0.000000,0.000000,0.000085,0.000000,0.000000,0.000000,0.000000,0.000000,0.000000,0.000000,0.000000,0.000000,0.000000,0.000000,0.000000,0.000000,0.000000,0.000000,0.000000,0.000000,0.000000,0.000000,0.000000,0.000000,0.000000,0.000000
0.000000,0.000000,0.000000,0.000000,0.000000,0.000000,0.000000,0.000000,0.000000,0.000000,0.000000,0.000000,0.000000,0.000000,0.000000,0.000000,0.000000,0.000000,0.000000,0.000000,0.000000,0.000000,0.000039,0.000000,0.000000,0.001172,0.000000,0.000000,0.016299,0.000000,0.000000,0.227056,0.000000,1.371040,24.323468,64.095855,102.682668,147.493481,197.005043,242.125205,299.786892,367.574285,422.039013,466.503579,513.446801,570.236718,615.651252,652.433930,704.986733,759.036163,808.249941,861.807150,918.104588,961.490273,975.676485,985.801361,1011.660173,1052.680160,1087.367107,1115.417603,1151.743398,1173.348603,1190.253485,1237.361687,1281.328967,1316.873790,1371.827610,1422.315750,1449.577032,1456.118723,1449.933204,1459.912363,1508.551351,1517.713721,1485.845470,1484.239573,1469.242997,1431.940126,1416.554793,1414.887666,1398.938439,1351.234837,1316.064006,1291.853179,1231.258279,1156.203646,1101.307583,1081.630842,1054.995361,1001.789164,940.669835,887.871924,847.892710,810.646403,751.773973,670.056190,590.135677,535.595856,501.278632,460.292637,408.784683,353.965036,303.633366,247.472955,189.986310,147.824707,111.298831,70.684747,25.202408,1.371845,0.000000,0.230754,0.000000,0.000000,0.016571,0.000000,0.000000,0.001186,0.000000,0.000000,0.000035,0.000000,0.000000,0.000000,0.000000,0.000000,0.000000,0.000000,0.000000,0.000000,0.000000,0.000000,0.000000,0.000000,0.000000,0.000000,0.000000,0.000000,0.000000,0.000000,0.000000,0.000000,0.000000,0.000000
0.000000,0.000000,0.000000,0.000000,0.000000,0.000000,0.000000,0.000000,0.000000,0.000000,0.000000,0.000000,0.000000,0.000000,0.000000,0.000000,0.000000,0.000000,0.000000,0.000000,0.000000,0.000000,0.000000,0.000000,0.000115,0.000606,0.000000,0.001596,0.008426,0.000000,0.022219,0.117406,0.000000,3.106802,29.827186,77.023505,121.000388,170.603031,224.917166,275.491077,337.384340,403.034067,448.029178,494.170844,555.499940,620.936723,658.971715,686.301613,751.507269,823.218004,876.367029,915.861823,961.425816,994.248751,985.305829,1017.106975,1089.940098,1122.355378,1142.627794,1170.864008,1192.027576,1198.827258,1203.974529,1227.486153,1247.525246,1266.613202,1305.350221,1315.627173,1302.103980,1318.477272,1346.874089,1371.491302,1392.415714,1393.905227,1386.319783,1399.640940,1416.569170,1407.881302,1360.653598,1333.574482,1330.026111,1299.306668,1250.245074,1207.601395,1186.237915,1161.701877,1116.975520,1057.629192,1001.333465,958.410437,927.340373,893.015229,853.781957,819.978308,777.728635,712.462624,626.535122,565.935139,530.884380,481.040855,430.548020,382.300473,319.999065,256.615661,202.159140,155.731043,114.066527,72.580664,28.439304,2.699577,0.000000,0.130836,0.017767,0.000000,0.009396,0.001275,0.000000,0.000673,0.000091,0.000000,0.000000,0.000000,0.000000,0.000000,0.000000,0.000000,0.000000,0.000000,0.000000,0.000000,0.000000,0.000000,0.000000,0.000000,0.000000,0.000000,0.000000,0.000000,0.000000,0.000000,0.000000,0.000000,0.000000,0.000000
0.000000,0.000000,0.000000,0.000000,0.000000,0.000000,0.000000,0.000000,0.000000,0.000000,0.000000,0.000000,0.000000,0.000000,0.000000,0.000000,0.000000,0.000000,0.000000,0.000000,0.000000,0.000000,0.000000,0.000000,0.000335,0.000227,0.000000,0.004672,0.003134,0.000000,0.065066,0.043690,0.000000,4.922259,31.833116,72.640373,114.435739,159.858819,209.535738,260.347137,318.188704,378.643549,430.928003,487.016127,551.129533,613.185383,659.492834,698.070021,752.797373,821.841349,886.922143,929.123388,966.068321,995.885278,1005.451200,1039.196627,1087.854628,1098.407308,1116.603693,1155.879655,1184.369183,1213.316945,1245.262426,1265.780308,1276.192441,1297.141145,1346.030542,1364.078932,1341.430115,1328.736948,1349.644318,1385.323523,1393.295336,1384.805369,1379.877825,1389.240662,1396.421981,1378.929717,1326.240627,1280.247742,1262.296762,1257.651195,1231.781940,1197.190359,1198.845339,1198.207639,1167.301412,1115.193404,1053.580240,998.033009,961.803203,927.071160,878.094360,816.205682,760.170686,701.150627,616.504776,550.475691,505.878158,445.341213,395.179462,354.278680,292.104277,233.313422,189.927246,150.390369,110.858769,70.189101,30.934429,4.775341,0.000000,0.053008,0.063974,0.000000,0.003807,0.004590,0.000000,0.000273,0.000331,0.000000,0.000000,0.000000,0.000000,0.000000,0.000000,0.000000,0.000000,0.000000,0.000000,0.000000,0.000000,0.000000,0.000000,0.000000,0.000000,0.000000,0.000000,0.000000,0.000000,0.000000,0.000000,0.000000,0.000000,0.000000
0.000000,0.000000,0.000000,0.000000,0.000000,0.000000,0.000000,0.000000,0.000000,0.000000,0.000000,0.000000,0.000000,0.000000,0.000000,0.000000,0.000000,0.000000,0.000000,0.000000,0.000000,0.000000,0.000000,0.000000,0.000690,0.000089,0.000000,0.009622,0.001218,0.000000,0.134028,0.016993,0.000000,7.010362,33.418317,71.878532,113.022863,159.308930,209.990821,258.786256,305.894425,355.994850,412.729654,467.841671,523.165929,588.275812,647.510370,697.537227,750.167571,803.330925,856.339335,910.013980,950.926229,977.746628,1004.029035,1039.124678,1087.530544,1142.039887,1161.586533,1171.917180,1233.824276,1255.280918,1228.468935,1240.915372,1276.347739,1315.674343,1353.366729,1348.833733,1316.753161,1318.143480,1347.312986,1370.208831,1358.125520,1348.487542,1367.340449,1407.003165,1431.170567,1414.543292,1362.840936,1331.758926,1322.762563,1288.223657,1248.498739,1223.592954,1213.847461,1205.285072,1187.548707,1156.721483,1103.930319,1041.831458,996.463227,957.804432,908.450517,841.730148,784.050424,736.558095,677.083182,617.145123,558.618190,492.788959,436.483607,386.612752,323.212797,262.568560,212.949634,167.049577,124.627484,82.748872,37.383596,7.155247,0.000000,0.018828,0.130079,0.000000,0.001353,0.009339,0.000000,0.000096,0.000671,0.000000,0.000000,0.000000,0.000000,0.000000,0.000000,0.000000,0.000000,0.000000,0.000000,0.000000,0.000000,0.000000,0.000000,0.000000,0.000000,0.000000,0.000000,0.000000,0.000000,0.000000,0.000000,0.000000,0.000000,0.000000
0.000000,0.000000,0.000000,0.000000,0.000000,0.000000,0.000000,0.000000,0.000000,0.000000,0.000000,0.000000,0.000000,0.000000,0.000000,0.000000,0.000000,0.000000,0.000000,0.000000,0.000000,0.000000,0.000000,0.000000,0.001088,0.000000,0.000000,0.015161,0.000000,0.000000,0.211174,0.000000,0.000000,9.245492,39.966127,83.089547,126.340325,171.895525,220.037921,266.506829,313.191677,360.961675,410.010531,471.112710,538.628332,593.862487,645.892261,706.266806,776.198845,836.610130,894.277067,969.741372,1018.837437,1042.048033,1084.027768,1121.485353,1156.432836,1217.063855,1262.938979,1283.565298,1304.856288,1308.753510,1301.606189,1316.248499,1352.887673,1393.847157,1412.211031,1392.023385,1371.131436,1407.414388,1436.394382,1422.849986,1394.278041,1377.937141,1384.302520,1403.092298,1401.480930,1365.742030,1311.736909,1275.309799,1246.127466,1184.655800,1134.749663,1121.785575,1129.747643,1128.190663,1102.152320,1057.082368,1007.672575,968.782227,946.625900,921.708859,872.413744,795.989854,742.053711,711.297438,660.108808,609.796889,569.125360,521.690880,464.882891,402.512542,340.836468,284.768101,232.308154,178.443604,132.412039,91.656157,42.359239,9.737750,0.000000,0.000000,0.220249,0.000000,0.000000,0.015813,0.000000,0.000000,0.001136,0.000000,0.000000,0.000000,0.000000,0.000000,0.000000,0.000000,0.000000,0.000000,0.000000,0.000000,0.000000,0.000000,0.000000,0.000000,0.000000,0.000000,0.000000,0.000000,0.000000,0.000000,0.000000,0.000000,0.000000,0.000000
0.000000,0.000000,0.000000,0.000000,0.000000,0.000000,0.000000,0.000000,0.000000,0.000000,0.000000,0.000000,0.000000,0.000000,0.000000,0.000000,0.000000,0.000000,0.000000,0.000000,0.000000,0.000000,0.000000,0.000000,0.001586,0.000000,0.000000,0.022109,0.000000,0.000000,0.307932,0.000000,0.000000,11.563758,43.440330,86.755007,128.594835,176.835930,229.940826,276.474933,320.349235,365.315719,411.707053,463.574830,520.082553,574.735009,625.240598,677.282895,737.831296,791.309677,843.640070,915.299415,977.281245,1026.273285,1084.151306,1117.051830,1129.149564,1161.607404,1197.742545,1213.997811,1206.587500,1217.537780,1260.770216,1315.105371,1370.612504,1396.868370,1366.717845,1353.908855,1380.829830,1399.701263,1382.316363,1358.962161,1381.859199,1394.726188,1380.795930,1380.098298,1383.308084,1370.132177,1330.217163,1285.115228,1243.182420,1196.123867,1157.053231,1142.512256,1152.981026,1135.257699,1081.562095,1034.453335,1002.742484,971.774737,921.659899,872.609785,828.600056,775.562078,725.506320,678.089307,622.652986,579.722480,550.268085,511.547293,457.131881,396.689182,345.038065,290.124543,230.589641,180.129279,136.877290,94.138931,47.992375,12.780817,0.000000,0.000000,0.340227,0.000000,0.000000,0.024428,0.000000,0.000000,0.001754,0.000000,0.000000,0.000053,0.000000,0.000000,0.000000,0.000000,0.000000,0.000000,0.000000,0.000000,0.000000,0.000000,0.000000,0.000000,0.000000,0.000000,0.000000,0.000000,0.000000,0.000000,0.000000,0.000000,0.000000,0.000000
0.000000,0.000000,0.000000,0.000000,0.000000,0.000000,0.000000,0.000000,0.000000,0.000000,0.000000,0.000000,0.000000,0.000000,0.000000,0.000000,0.000000,0.000000,0.000000,0.000000,0.000000,0.000057,0.000000,0.000000,0.002151,0.000000,0.000000,0.029962,0.000000,0.000000,0.417321,0.000000,0.000000,14.556801,50.248833,96.382811,141.831264,192.196567,247.766616,301.467102,351.258226,393.987293,428.437580,470.104359,525.990554,588.537277,641.869308,684.456132,728.377435,774.149153,826.791390,893.007301,956.650841,1011.478307,1061.268095,1091.344992,1121.050821,1184.449144,1223.187320,1224.975264,1230.194127,1214.828951,1205.170528,1259.847744,1306.325057,1305.884571,1294.586408,1326.587891,1384.539685,1394.004856,1372.250616,1361.213061,1383.974272,1394.932222,1384.892309,1390.191757,1406.135933,1401.947763,1349.663181,1294.787172,1255.556133,1214.143993,1191.461736,1177.458292,1135.583357,1088.921466,1045.589906,995.889883,968.144553,959.796287,934.096530,887.789264,840.432827,811.024175,759.168668,685.203278,631.601306,584.771853,536.742949,494.814330,447.056108,391.308771,337.387071,282.377350,227.573644,179.912987,136.612826,93.195470,49.473941,14.958333,0.000000,0.000000,0.425011,0.000000,0.000000,0.030518,0.000000,0.000000,0.002190,0.000000,0.000000,0.000101,0.000000,0.000000,0.000000,0.000000,0.000000,0.000000,0.000000,0.000000,0.000000,0.000000,0.000000,0.000000,0.000000,0.000000,0.000000,0.000000,0.000000,0.000000,0.000000,0.000000,0.000000,0.000000
0.000000,0.000000,0.000000,0.000000,0.000000,0.000000,0.000000,0.000000,0.000000,0.000000,0.000000,0.000000,0.000000,0.000000,0.000000,0.000000,0.000000,0.000000,0.000000,0.000000,0.000000,0.000115,0.000000,0.000000,0.002597,0.000000,0.000000,0.036182,0.000000,0.000000,0.503916,0.000000,0.000000,16.575908,50.278111,91.974943,135.813978,181.776310,234.151598,295.501868,353.662717,404.561320,455.897508,511.446066,568.443398,620.820561,668.118765,708.964064,742.883946,780.158407,832.108147,900.079171,950.329711,988.107139,1048.693791,1099.382575,1142.879844,1211.629115,1245.710399,1243.253022,1261.891929,1270.305795,1267.023990,1285.523820,1295.824323,1297.199050,1322.941540,1362.728579,1387.168559,1375.414502,1372.345649,1392.122085,1406.571323,1406.807339,1397.870337,1391.193655,1390.325303,1375.527968,1323.756084,1279.917126,1261.289004,1249.334711,1257.996397,1262.217171,1211.630331,1142.102454,1076.240129,1010.703717,965.288633,935.052003,895.216794,862.026036,834.028871,789.652809,740.364530,691.149282,634.507680,575.083172,521.511558,478.244476,433.001680,381.458807,329.908790,278.348383,229.539819,187.477378,143.334273,95.125643,51.037302,17.414699,0.000000,0.000000,0.532757,0.000000,0.000000,0.038252,0.000000,0.000000,0.002746,0.000000,0.000000,0.000163,0.000000,0.000000,0.000000,0.000000,0.000000,0.000000,0.000000,0.000000,0.000000,0.000000,0.000000,0.000000,0.000000,0.000000,0.000000,0.000000,0.000000,0.000000,0.000000,0.000000,0.000000,0.000000
0.000000,0.000000,0.000000,0.000000,0.000000,0.000000,0.000000,0.000000,0.000000,0.000000,0.000000,0.000000,0.000000,0.000000,0.000000,0.000000,0.000000,0.000000,0.000000,0.000000,0.000000,0.000196,0.000000,0.000000,0.003364,0.000000,0.000000,0.046877,0.000000,0.000000,0.652879,0.000000,0.000000,20.135585,54.979155,96.222597,143.794527,195.447154,250.246141,306.634550,355.185469,398.711179,449.279102,499.395218,545.244420,590.604638,635.232223,681.582076,733.427859,784.471267,825.538680,852.383192,877.068180,910.131618,957.086361,1015.608697,1073.676879,1112.265483,1122.044666,1125.049174,1157.462030,1196.696301,1234.249202,1277.614838,1286.406256,1280.600745,1321.122013,1347.816408,1340.951015,1343.433002,1353.048623,1366.360520,1385.723900,1395.352188,1386.136311,1366.696988,1370.980673,1389.269587,1381.129148,1377.786105,1368.561334,1314.320258,1298.611804,1309.961857,1251.974696,1189.813561,1141.870218,1064.238590,1008.954587,978.155904,922.765229,880.453996,848.666245,784.203264,728.121077,689.610126,637.227362,589.522662,547.864393,493.168751,444.631780,404.221153,352.936982,297.145369,246.017839,201.496899,153.246567,101.108483,56.213688,20.154229,0.000000,0.000000,0.650704,0.000000,0.000000,0.046719,0.000000,0.000000,0.003354,0.000000,0.000000,0.000240,0.000000,0.000000,0.000000,0.000000,0.000000,0.000000,0.000000,0.000000,0.000000,0.000000,0.000000,0.000000,0.000000,0.000000,0.000000,0.000000,0.000000,0.000000,0.000000,0.000000,0.000000,0.000000
0.000000,0.000000,0.000000,0.000000,0.000000,0.000000,0.000000,0.000000,0.000000,0.000000,0.000000,0.000000,0.000000,0.000000,0.000000,0.000000,0.000000,0.000000,0.000000,0.000000,0.000000,0.000278,0.000000,0.000000,0.003881,0.000000,0.000000,0.054093,0.000000,0.000000,0.753379,0.000000,0.000000,22.437842,58.902945,101.543101,153.122557,203.359147,251.175948,304.016175,357.321071,407.437311,455.050534,504.249389,553.356503,595.897305,633.339493,672.158780,719.779443,774.473987,816.332978,827.854785,858.067477,916.286261,968.504147,1017.482989,1064.153377,1101.935680,1144.601630,1195.809504,1244.864828,1292.649319,1333.640231,1353.259194,1345.623666,1342.203001,1383.820108,1407.599388,1401.733079,1415.816672,1433.930866,1434.804390,1416.711773,1403.589785,1396.067513,1378.572053,1379.300485,1393.337597,1386.524738,1379.536977,1366.772791,1321.330899,1287.053031,1252.472349,1167.575527,1111.254495,1101.533074,1080.632774,1057.557405,1032.909072,992.255583,957.765205,911.159323,812.305699,726.062163,677.974462,636.533570,585.772423,524.961200,464.633738,415.631150,374.958982,329.531384,282.190506,236.458747,191.404920,144.463616,97.797857,57.270085,22.248695,0.000000,0.000000,0.743854,0.000000,0.000000,0.053408,0.000000,0.000000,0.003833,0.000000,0.000000,0.000273,0.000000,0.000000,0.000000,0.000000,0.000000,0.000000,0.000000,0.000000,0.000000,0.000000,0.000000,0.000000,0.000000,0.000000,0.000000,0.000000,0.000000,0.000000,0.000000,0.000000,0.000000,0.000000
0.000000,0.000000,0.000000,0.000000,0.000000,0.000000,0.000000,0.000000,0.000000,0.000000,0.000000,0.000000,0.000000,0.000000,0.000000,0.000000,0.000000,0.000000,0.000000,0.000000,0.000000,0.000321,0.000000,0.000000,0.004509,0.000000,0.000000,0.062838,0.000000,0.000000,0.875188,0.000000,0.000000,25.564486,65.142251,108.891980,156.183482,203.819728,252.657027,306.849288,366.499068,424.840701,475.226054,535.588772,598.968641,638.994685,676.953454,718.148038,749.175213,789.917525,834.403977,860.747645,914.741641,988.221799,1023.035276,1050.502036,1088.107831,1121.959811,1155.543271,1198.991673,1257.438923,1314.146134,1354.946429,1377.287385,1396.592335,1414.944810,1419.634332,1405.975285,1397.564249,1428.207474,1464.698865,1473.363012,1451.287158,1442.964653,1458.134682,1470.968257,1488.830176,1503.063642,1487.829390,1447.047961,1401.875409,1370.643166,1328.521137,1278.292303,1244.425621,1196.149287,1138.360854,1112.253033,1093.078797,1057.208412,1008.783703,975.371959,931.058797,826.266364,745.894252,711.775072,667.018784,612.294145,557.538063,505.698342,458.660046,411.713940,357.299925,303.413955,255.105474,209.372715,159.238693,107.915741,65.898528,26.634086,0.000000,0.000000,0.921366,0.000000,0.000000,0.066154,0.000000,0.000000,0.004749,0.000000,0.000000,0.000340,0.000000,0.000000,0.000000,0.000000,0.000000,0.000000,0.000000,0.000000,0.000000,0.000000,0.000000,0.000000,0.000000,0.000000,0.000000,0.000000,0.000000,0.000000,0.000000,0.000000,0.000000,0.000000
0.000000,0.000000,0.000000,0.000000,0.000000,0.000000,0.000000,0.000000,0.000000,0.000000,0.000000,0.000000,0.000000,0.000000,0.000000,0.000000,0.000000,0.000000,0.000000,0.000000,0.000000,0.000364,0.000000,0.000000,0.005094,0.000000,0.000000,0.070931,0.000000,0.000000,0.987907,0.000000,0.000000,28.498989,70.748508,114.882505,158.659716,203.291100,252.724252,309.854391,364.392244,409.248224,449.105401,507.535538,571.522071,606.464237,656.035259,719.008685,753.809286,816.395082,896.977264,927.537876,977.144570,1043.356162,1052.167990,1072.562733,1125.263042,1164.480392,1200.631008,1234.310733,1249.270173,1259.682374,1288.958040,1350.878180,1407.337632,1433.765545,1434.041115,1417.236855,1403.972953,1415.833263,1429.698330,1430.412038,1423.805779,1415.793881,1415.094490,1429.375434,1450.364429,1468.765941,1472.596425,1426.589240,1350.821276,1304.889299,1276.179174,1245.793729,1205.135512,1146.327578,1088.117415,1064.543912,1053.838195,1031.122845,988.743181,939.789286,884.358566,815.434365,770.690407,745.594222,697.082569,638.816602,584.215220,532.468712,487.674125,444.168034,389.808989,332.619924,277.391039,221.326301,164.991641,113.243702,71.342941,29.731415,0.000000,0.000000,1.051891,0.000000,0.000000,0.075526,0.000000,0.000000,0.005419,0.000000,0.000000,0.000393,0.000000,0.000000,0.000000,0.000000,0.000000,0.000000,0.000000,0.000000,0.000000,0.000000,0.000000,0.000000,0.000000,0.000000,0.000000,0.000000,0.000000,0.000000,0.000000,0.000000,0.000000,0.000000
0.000000,0.000000,0.000000,0.000000,0.000000,0.000000,0.000000,0.000000,0.000000,0.000000,0.000000,0.000000,0.000000,0.000000,0.000000,0.000000,0.000000,0.000000,0.000000,0.000000,0.000000,0.000346,0.000000,0.000000,0.004828,0.000000,0.000000,0.067136,0.000000,0.000000,0.935091,0.000000,0.152734,28.109188,71.176842,115.373280,154.377722,197.884398,252.254348,314.529843,370.902295,416.128069,457.354265,505.379649,558.409815,606.658381,662.181032,723.082158,774.618753,830.144180,884.651680,919.742997,972.858353,1042.099351,1086.350333,1119.429572,1163.806294,1227.377643,1279.827253,1312.619778,1342.809625,1362.538046,1366.397148,1367.763814,1406.068012,1450.895932,1427.565118,1388.983599,1365.472343,1344.030117,1342.990399,1348.740191,1327.512946,1317.322318,1333.021421,1351.393277,1363.009039,1369.044067,1368.045141,1324.284342,1259.407898,1236.703607,1230.358400,1207.825823,1157.970799,1086.017172,1027.097861,1021.981989,1032.018463,1015.490435,962.869655,915.216920,880.980385,835.755922,802.376232,774.480993,719.647403,653.673374,593.535103,541.900362,489.554337,435.459243,385.339960,329.079003,269.437106,219.614367,167.120419,112.848652,71.555806,32.055475,0.158125,0.000000,1.137541,0.000000,0.000000,0.081677,0.000000,0.000000,0.005856,0.000000,0.000000,0.000424,0.000000,0.000000,0.000000,0.000000,0.000000,0.000000,0.000000,0.000000,0.000000,0.000000,0.000000,0.000000,0.000000,0.000000,0.000000,0.000000,0.000000,0.000000,0.000000,0.000000,0.000000,0.000000
0.000000,0.000000,0.000000,0.000000,0.000000,0.000000,0.000000,0.000000,0.000000,0.000000,0.000000,0.000000,0.000000,0.000000,0.000000,0.000000,0.000000,0.000000,0.000000,0.000000,0.000000,0.000315,0.000000,0.000000,0.004366,0.000000,0.000000,0.060733,0.000000,0.000000,0.845894,0.000000,0.770859,30.023434,74.324364,118.697787,155.932238,204.234546,264.967067,322.375327,383.414062,443.416479,487.839998,533.137810,583.771973,630.605639,689.697090,755.436194,804.505649,853.666304,904.704829,942.807020,991.956815,1063.880164,1142.602865,1189.519943,1215.915520,1265.605712,1288.255659,1282.347543,1302.358388,1339.517227,1356.827663,1335.000202,1361.216110,1418.062719,1398.160946,1354.902018,1337.734766,1346.035871,1352.385872,1351.861667,1362.512423,1379.586853,1401.525261,1429.709998,1436.791379,1423.071735,1413.905058,1399.546471,1375.535291,1347.125406,1309.361401,1280.280554,1279.125331,1227.321269,1143.801068,1129.741064,1122.192039,1083.501953,1038.962191,996.745999,951.382723,894.440921,838.234777,786.343371,731.976550,681.372501,631.113466,569.936323,508.263761,451.432589,394.193020,331.827278,271.359011,224.333399,176.438747,124.420497,78.944020,34.926624,0.909219,0.000000,1.024232,0.000000,0.000000,0.073540,0.000000,0.000000,0.005278,0.000000,0.000000,0.000381,0.000000,0.000000,0.000000,0.000000,0.000000,0.000000,0.000000,0.000000,0.000000,0.000000,0.000000,0.000000,0.000000,0.000000,0.000000,0.000000,0.000000,0.000000,0.000000,0.000000,0.000000,0.000000
0.000000,0.000000,0.000000,0.000000,0.000000,0.000000,0.000000,0.000000,0.000000,0.000000,0.000000,0.000000,0.000000,0.000000,0.000000,0.000000,0.000000,0.000000,0.000000,0.000000,0.000000,0.000273,0.000000,0.000000,0.003768,0.000000,0.000000,0.052408,0.000000,0.000000,0.729941,0.000000,2.176016,34.754131,77.534816,119.974670,161.660216,212.332031,269.509003,322.562707,386.356452,454.448137,501.211764,537.320803,575.117686,618.656524,674.917176,731.405822,769.587214,828.181767,902.563656,946.321738,978.732070,1025.710051,1093.311328,1156.074886,1195.054832,1213.956182,1239.651686,1271.973460,1288.106828,1304.488467,1326.366383,1344.475161,1375.032554,1399.865299,1382.136287,1373.193374,1395.185991,1417.139285,1409.415113,1383.967949,1378.691689,1380.907020,1388.496576,1409.286645,1395.172503,1358.677205,1363.013263,1384.403023,1386.973995,1353.837055,1318.004622,1297.425221,1279.111574,1236.708561,1200.242764,1221.956194,1206.937203,1138.607645,1092.345127,1055.883145,1008.263108,944.790667,869.678315,798.825760,746.510034,691.505653,628.984599,572.297450,509.084693,442.451957,389.921694,340.888265,287.994720,233.906110,180.220213,129.164628,82.365617,37.193147,2.355703,0.000000,0.792754,0.000000,0.000000,0.056919,0.000000,0.000000,0.004083,0.000000,0.000000,0.000299,0.000000,0.000000,0.000000,0.000000,0.000000,0.000000,0.000000,0.000000,0.000000,0.000000,0.000000,0.000000,0.000000,0.000000,0.000000,0.000000,0.000000,0.000000,0.000000,0.000000,0.000000,0.000000
0.000000,0.000000,0.000000,0.000000,0.000000,0.000000,0.000000,0.000000,0.000000,0.000000,0.000000,0.000000,0.000000,0.000000,0.000000,0.000000,0.000000,0.000000,0.000000,0.000000,0.000000,0.000181,0.000000,0.000000,0.002929,0.000000,0.000000,0.040772,0.000000,0.000000,0.567878,0.000000,4.454453,39.943803,86.285883,129.639276,171.818122,227.955703,293.337349,347.988346,404.552203,468.855752,530.373685,572.951628,607.087396,658.342507,709.556451,752.299684,794.989852,839.539391,883.936979,925.342775,971.767060,1037.110717,1127.116719,1205.173964,1244.130211,1249.804443,1270.515169,1313.604282,1346.081712,1375.047570,1410.991119,1450.514084,1466.675776,1466.025784,1483.288297,1520.779107,1554.898241,1558.517388,1560.003711,1551.854248,1504.116947,1495.032694,1536.953200,1555.079393,1500.398161,1412.898777,1378.095869,1363.147099,1350.653301,1352.429393,1320.729029,1254.240833,1202.898298,1177.624018,1175.779880,1180.240552,1151.930418,1093.582857,1044.231550,1005.984533,962.981351,899.647661,835.275685,774.855979,706.475734,644.450366,593.180557,541.385731,481.891033,420.767080,370.145657,321.345439,271.708275,226.709414,179.491549,129.973006,85.130820,41.061447,4.526328,0.000000,0.641275,0.000000,0.000000,0.046042,0.000000,0.000000,0.003304,0.000000,0.000000,0.000205,0.000000,0.000000,0.000000,0.000000,0.000000,0.000000,0.000000,0.000000,0.000000,0.000000,0.000000,0.000000,0.000000,0.000000,0.000000,0.000000,0.000000,0.000000,0.000000,0.000000,0.000000,0.000000
0.000000,0.000000,0.000000,0.000000,0.000000,0.000000,0.000000,0.000000,0.000000,0.000000,0.000000,0.000000,0.000000,0.000000,0.000000,0.000000,0.000000,0.000000,0.000000,0.000000,0.000000,0.000113,0.000000,0.000000,0.002107,0.000000,0.000000,0.029329,0.000000,0.000000,0.408475,0.011093,7.050937,43.764972,86.242061,128.015110,172.588334,225.337488,281.766798,331.120331,380.177422,439.792304,511.464204,559.732247,587.113775,634.544904,702.909913,762.014485,782.549232,821.150203,883.421363,921.559319,963.733484,1032.515986,1119.563908,1194.220136,1236.735804,1252.478583,1275.376936,1315.659112,1359.102824,1411.850751,1449.919164,1436.907891,1429.006736,1457.665004,1505.318889,1550.744783,1577.228020,1584.468538,1601.405032,1627.592131,1634.277372,1626.585074,1623.201124,1627.398188,1570.520982,1468.114663,1408.546223,1377.232973,1360.522126,1359.128340,1320.696748,1246.778468,1193.009280,1166.352946,1156.557733,1144.326838,1110.500734,1055.960442,1000.059297,953.103406,906.840191,845.432048,785.591102,727.024781,654.363508,590.042095,543.108871,500.216958,448.718963,392.262154,344.350406,294.113673,242.084359,201.116848,162.768494,121.800590,80.783046,40.029006,6.903594,0.078344,0.413341,0.000000,0.000000,0.029676,0.000000,0.000000,0.002107,0.000000,0.000000,0.000120,0.000000,0.000000,0.000000,0.000000,0.000000,0.000000,0.000000,0.000000,0.000000,0.000000,0.000000,0.000000,0.000000,0.000000,0.000000,0.000000,0.000000,0.000000,0.000000,0.000000,0.000000,0.000000
0.000000,0.000000,0.000000,0.000000,0.000000,0.000000,0.000000,0.000000,0.000000,0.000000,0.000000,0.000000,0.000000,0.000000,0.000000,0.000000,0.000000,0.000000,0.000000,0.000000,0.000000,0.000053,0.000000,0.000000,0.001293,0.000244,0.000000,0.017988,0.003416,0.000000,0.250548,0.175763,9.593516,44.345923,84.103374,124.080847,170.345924,223.288660,280.069522,335.664053,384.299515,433.346444,493.772912,542.169112,574.351463,612.890972,673.114692,731.044529,748.384492,777.396941,831.571868,873.697876,908.395373,942.531507,976.363323,1017.723991,1062.096475,1099.683632,1151.090575,1214.418179,1263.761946,1300.162455,1310.970328,1282.380812,1275.827472,1306.696473,1335.083702,1353.728858,1367.982627,1384.318345,1397.157899,1418.564359,1462.274458,1464.881788,1437.724437,1450.371633,1434.950345,1377.742065,1335.469134,1295.287867,1257.543274,1238.952197,1200.813157,1146.939087,1119.878148,1093.425635,1064.952065,1057.271348,1031.432375,979.551434,933.503350,895.376677,855.828497,805.120613,745.375803,683.224459,626.069414,576.926362,535.768750,498.455670,452.469585,398.314314,348.036736,298.259850,247.658379,200.704082,159.967377,122.623025,82.555128,42.088086,9.679766,0.344042,0.234781,0.000000,0.009698,0.016855,0.000000,0.000695,0.001186,0.000000,0.000048,0.000053,0.000000,0.000000,0.000000,0.000000,0.000000,0.000000,0.000000,0.000000,0.000000,0.000000,0.000000,0.000000,0.000000,0.000000,0.000000,0.000000,0.000000,0.000000,0.000000,0.000000,0.000000,0.000000
0.000000,0.000000,0.000000,0.000000,0.000000,0.000000,0.000000,0.000000,0.000000,0.000000,0.000000,0.000000,0.000000,0.000000,0.000000,0.000000,0.000000,0.000000,0.000000,0.000000,0.000000,0.000000,0.000096,0.000000,0.000549,0.001553,0.000000,0.007650,0.021630,0.000000,0.106537,0.586375,12.425391,47.415976,88.905489,132.257584,181.724701,236.578802,296.304738,358.382209,406.887241,448.461719,506.435036,572.958038,632.432415,675.545886,725.506482,783.533137,826.895772,856.212760,876.410156,895.831489,948.946100,1026.340525,1079.682064,1114.621599,1140.864343,1163.819611,1209.308247,1259.156013,1272.218747,1308.608838,1358.024391,1347.021503,1335.817974,1359.512247,1388.023172,1371.402880,1333.118418,1340.922903,1351.804054,1359.471711,1400.996486,1428.775425,1422.882115,1412.796174,1416.578010,1422.722518,1395.387070,1328.272907,1261.027553,1243.298453,1230.166630,1198.570791,1162.502160,1108.239355,1050.528939,1021.735383,987.637304,938.650386,897.160273,849.208849,791.807705,739.035700,694.216926,651.061760,600.547065,549.302386,504.764822,468.616783,434.470896,394.333391,343.212459,290.620001,241.925273,196.078563,156.205935,120.145712,81.343501,42.748692,11.985156,0.807530,0.095774,0.000000,0.033000,0.006874,0.000000,0.002367,0.000471,0.000000,0.000168,0.000000,0.000000,0.000000,0.000000,0.000000,0.000000,0.000000,0.000000,0.000000,0.000000,0.000000,0.000000,0.000000,0.000000,0.000000,0.000000,0.000000,0.000000,0.000000,0.000000,0.000000,0.000000,0.000000
0.000000,0.000000,0.000000,0.000000,0.000000,0.000000,0.000000,0.000000,0.000000,0.000000,0.000000,0.000000,0.000000,0.000000,0.000000,0.000000,0.000000,0.000000,0.000000,0.000000,0.000000,0.000000,0.000287,0.000000,0.000138,0.004197,0.000000,0.001905,0.058468,0.000000,0.026534,1.298580,15.523203,52.619997,94.741594,139.170622,191.065265,246.540936,300.603505,350.374089,397.175522,442.537328,489.385874,548.494598,610.767650,656.651157,716.133022,791.824415,854.100010,903.616605,945.291364,983.950303,1034.722057,1097.275291,1153.437162,1193.845515,1222.184444,1252.145945,1297.777350,1327.619608,1298.050722,1289.799273,1308.212246,1290.539819,1316.244798,1372.901286,1355.328338,1311.390562,1292.330189,1306.782273,1335.909255,1360.521216,1370.308962,1368.155410,1353.799434,1331.594613,1341.370240,1380.078177,1395.899127,1372.214523,1334.926043,1323.628717,1315.500282,1297.680851,1273.208053,1215.920832,1149.056221,1123.461313,1083.339449,1013.712414,957.538548,918.983115,873.402137,797.121824,743.153986,717.100431,670.617207,606.363485,549.823998,521.044830,486.554604,435.847556,388.401162,335.975218,277.150622,222.564809,172.768365,127.314611,86.492699,47.577225,14.779297,1.371504,0.004551,0.000000,0.060289,0.000326,0.000000,0.004327,0.000000,0.000000,0.000307,0.000000,0.000000,0.000000,0.000000,0.000000,0.000000,0.000000,0.000000,0.000000,0.000000,0.000000,0.000000,0.000000,0.000000,0.000000,0.000000,0.000000,0.000000,0.000000,0.000000,0.000000,0.000000,0.000000
0.000000,0.000000,0.000000,0.000000,0.000000,0.000000,0.000000,0.000000,0.000000,0.000000,0.000000,0.000000,0.000000,0.000000,0.000000,0.000000,0.000000,0.000000,0.000000,0.000000,0.000000,0.000000,0.000551,0.000000,0.000000,0.007849,0.000000,0.000000,0.109336,0.000000,0.000000,2.210113,18.554531,55.299373,97.653566,140.255034,183.650759,231.381910,280.346741,324.719306,374.012433,422.518057,458.689608,519.900650,595.345613,633.002743,664.651760,721.779786,803.067363,866.796228,906.819729,956.822127,1009.411829,1057.772155,1106.077471,1156.490452,1203.072047,1239.777196,1290.822723,1333.173271,1316.324802,1294.704087,1298.277082,1314.929756,1362.432626,1400.082456,1360.372803,1327.533485,1328.756446,1323.325150,1353.811953,1401.442326,1390.435703,1355.517400,1342.799486,1368.004257,1385.205701,1380.837270,1377.444920,1352.182288,1329.330531,1360.092899,1369.313444,1332.057819,1293.708409,1242.201703,1189.879547,1165.944058,1110.557222,1028.783885,987.423630,955.714599,906.791768,844.587570,779.059388,720.947877,674.836921,622.468457,568.318605,534.135565,497.286171,449.293590,402.228988,346.951397,285.348967,231.803635,182.828093,136.075482,93.649816,52.953276,17.627344,2.155555,0.000000,0.000000,0.107889,0.000000,0.000000,0.007743,0.000000,0.000000,0.000551,0.000000,0.000000,0.000000,0.000000,0.000000,0.000000,0.000000,0.000000,0.000000,0.000000,0.000000,0.000000,0.000000,0.000000,0.000000,0.000000,0.000000,0.000000,0.000000,0.000000,0.000000,0.000000,0.000000
0.000000,0.000000,0.000000,0.000000,0.000000,0.000000,0.000000,0.000000,0.000000,0.000000,0.000000,0.000000,0.000000,0.000000,0.000000,0.000000,0.000000,0.000000,0.000000,0.000000,0.000000,0.000000,0.000743,0.000000,0.000000,0.010273,0.000000,0.000000,0.143098,0.000000,0.000000,2.764485,20.825781,56.607202,97.271689,136.211839,177.106891,219.996201,261.499256,299.641547,346.239461,399.716564,448.671053,509.918632,575.761117,615.277026,639.632737,678.272016,749.521684,809.249427,850.422057,909.563462,971.202670,1027.828828,1090.576113,1155.053928,1202.744559,1219.633641,1247.630211,1288.079248,1302.921752,1313.388339,1327.570757,1336.319012,1372.622947,1413.003970,1394.622633,1358.303338,1340.504060,1345.545590,1371.481199,1394.472931,1384.403883,1368.649125,1361.065492,1350.165680,1329.985163,1307.459364,1295.246216,1280.712692,1271.500934,1289.828680,1311.582985,1298.814884,1229.312456,1148.834955,1097.687196,1079.355087,1030.333111,948.582138,894.115111,864.940285,840.649855,802.821116,750.711205,693.327615,639.098255,575.302726,511.859361,474.588517,444.119929,404.916514,356.749839,301.472028,247.412589,204.332145,163.989659,122.937789,85.702929,50.347668,19.905781,2.954604,0.000000,0.000000,0.159198,0.000000,0.000000,0.011428,0.000000,0.000000,0.000819,0.000000,0.000000,0.000000,0.000000,0.000000,0.000000,0.000000,0.000000,0.000000,0.000000,0.000000,0.000000,0.000000,0.000000,0.000000,0.000000,0.000000,0.000000,0.000000,0.000000,0.000000,0.000000,0.000000
0.000000,0.000000,0.000000,0.000000,0.000000,0.000000,0.000000,0.000000,0.000000,0.000000,0.000000,0.000000,0.000000,0.000000,0.000000,0.000000,0.000000,0.000000,0.000000,0.000000,0.000000,0.000000,0.000997,0.000000,0.000000,0.013862,0.000000,0.000000,0.193104,0.000000,0.000000,3.545867,22.240134,56.514543,95.128662,134.047093,178.494253,225.411409,269.954903,310.420220,355.439741,403.950441,447.648357,497.141788,546.245697,578.221198,620.359110,682.617639,747.618366,806.433396,858.789479,909.104428,956.787494,1000.171464,1044.021759,1112.509080,1178.149049,1185.613027,1196.460687,1231.609408,1252.913031,1264.942953,1276.761445,1296.268512,1347.688196,1394.354041,1368.350530,1333.960017,1324.563829,1316.177050,1312.636778,1314.479695,1311.684747,1294.925605,1279.127039,1286.105688,1274.566037,1247.923986,1251.153707,1250.389336,1236.348606,1232.543027,1219.188855,1183.183135,1132.618278,1091.844716,1068.463189,1046.532381,999.565018,932.013357,876.462005,843.357020,821.626979,788.826244,741.401682,685.520507,630.697253,581.089338,537.509761,497.137451,456.686540,413.625923,366.364350,313.977418,263.758555,224.548784,179.593825,130.072091,94.080758,59.315317,23.589375,3.742546,0.000000,0.000000,0.205975,0.000000,0.000000,0.014787,0.000000,0.000000,0.001059,0.000000,0.000000,0.000000,0.000000,0.000000,0.000000,0.000000,0.000000,0.000000,0.000000,0.000000,0.000000,0.000000,0.000000,0.000000,0.000000,0.000000,0.000000,0.000000,0.000000,0.000000,0.000000,0.000000
0.000000,0.000000,0.000000,0.000000,0.000000,0.000000,0.000000,0.000000,0.000000,0.000000,0.000000,0.000000,0.000000,0.000000,0.000000,0.000000,0.000000,0.000000,0.000000,0.000000,0.000000,0.000000,0.001322,0.000000,0.000000,0.018448,0.000000,0.000000,0.257006,0.000000,0.000000,4.562639,26.539844,62.639412,103.689851,147.775345,196.272722,239.962164,284.485569,343.388461,394.534429,435.683718,487.412240,543.784743,596.080656,641.384517,683.758242,728.798232,779.085431,826.431521,869.446965,916.265857,975.994562,1033.636236,1067.911833,1125.751025,1195.783487,1217.158363,1234.384369,1270.119810,1303.298683,1333.710004,1369.633357,1415.046547,1439.176372,1425.702080,1383.518806,1340.021049,1318.363294,1322.579462,1322.941294,1317.454975,1325.135170,1310.553959,1292.611446,1320.976756,1301.213093,1242.633761,1248.419719,1243.815167,1215.720731,1229.550713,1236.667566,1213.212189,1186.773279,1174.324084,1168.065747,1138.647038,1070.415737,989.820900,943.142855,902.984953,858.185020,821.827723,766.762879,696.070660,644.036742,607.033581,568.151004,513.390844,462.070476,420.083538,375.034887,322.888491,271.412348,231.148341,186.310125,138.157741,103.800380,67.213796,26.922578,4.629057,0.000000,0.000000,0.260763,0.000000,0.000000,0.018721,0.000000,0.000000,0.001342,0.000000,0.000000,0.000000,0.000000,0.000000,0.000000,0.000000,0.000000,0.000000,0.000000,0.000000,0.000000,0.000000,0.000000,0.000000,0.000000,0.000000,0.000000,0.000000,0.000000,0.000000,0.000000,0.000000
0.000000,0.000000,0.000000,0.000000,0.000000,0.000000,0.000000,0.000000,0.000000,0.000000,0.000000,0.000000,0.000000,0.000000,0.000000,0.000000,0.000000,0.000000,0.000000,0.000000,0.000000,0.000000,0.001557,0.000000,0.000000,0.021769,0.000000,0.000000,0.303212,0.000000,0.000000,5.284192,28.645781,63.301430,100.813221,140.439535,186.029773,231.302922,275.706440,323.430083,365.769171,405.601462,456.556719,514.857132,568.426083,607.837211,647.927338,696.131333,745.433540,786.000219,828.339684,893.988013,965.301382,1022.140125,1058.804334,1094.188834,1136.415421,1175.827523,1201.445245,1218.939010,1244.081214,1267.812662,1303.948315,1373.364728,1406.920306,1388.743845,1365.865320,1341.902731,1330.836471,1352.862096,1370.464216,1362.626236,1343.385473,1337.280184,1332.564064,1292.209581,1232.846875,1189.542813,1190.629527,1204.882120,1203.942807,1186.233220,1187.301517,1201.507900,1189.499852,1174.343119,1164.630960,1139.377594,1088.358289,1028.362428,987.110040,944.480272,898.429038,866.372342,825.730613,765.381871,696.704560,634.251759,573.466487,500.925658,440.278670,396.577174,353.512966,310.409341,268.208895,224.988350,180.673432,139.267610,104.745482,67.538988,29.687969,5.386873,0.000000,0.000000,0.307817,0.000000,0.000000,0.022099,0.000000,0.000000,0.001586,0.000000,0.000000,0.000000,0.000000,0.000000,0.000000,0.000000,0.000000,0.000000,0.000000,0.000000,0.000000,0.000000,0.000000,0.000000,0.000000,0.000000,0.000000,0.000000,0.000000,0.000000,0.000000,0.000000
0.000000,0.000000,0.000000,0.000000,0.000000,0.000000,0.000000,0.000000,0.000000,0.000000,0.000000,0.000000,0.000000,0.000000,0.000000,0.000000,0.000000,0.000000,0.000000,0.000000,0.000000,0.000000,0.001907,0.000000,0.000000,0.026666,0.000000,0.000000,0.371407,0.000000,0.000000,6.349356,30.254293,62.908024,102.007258,143.323242,183.333884,226.642813,269.899543,305.311131,344.554943,389.116064,431.369176,484.014582,539.084728,573.794821,608.174735,656.763362,712.488193,751.219349,791.255545,875.532354,961.573604,1016.105984,1041.619924,1051.477048,1060.794484,1082.511932,1132.123347,1189.304770,1217.167522,1264.233151,1352.790637,1445.534764,1469.336995,1445.959339,1462.071073,1460.547665,1432.015504,1438.467970,1473.239825,1492.709861,1460.097111,1440.664953,1442.274311,1412.448659,1382.604524,1360.809108,1326.977140,1314.381490,1314.325618,1282.845961,1251.365231,1235.481209,1221.733626,1210.533803,1191.316982,1148.296677,1102.915102,1068.000234,1036.089220,996.848442,944.559315,882.981172,834.374750,795.486567,740.195982,672.134476,597.667004,522.344707,464.876130,418.969269,362.443937,316.905979,283.483816,238.573362,191.745250,149.973946,108.996078,68.012249,31.409720,6.225621,0.000000,0.000000,0.359830,0.000000,0.000000,0.025832,0.000000,0.000000,0.001854,0.000000,0.000000,0.000000,0.000000,0.000000,0.000000,0.000000,0.000000,0.000000,0.000000,0.000000,0.000000,0.000000,0.000000,0.000000,0.000000,0.000000,0.000000,0.000000,0.000000,0.000000,0.000000,0.000000
0.000000,0.000000,0.000000,0.000000,0.000000,0.000000,0.000000,0.000000,0.000000,0.000000,0.000000,0.000000,0.000000,0.000000,0.000000,0.000000,0.000000,0.000000,0.000000,0.000000,0.000000,0.000000,0.002112,0.000000,0.000000,0.029399,0.000000,0.000000,0.409415,0.000000,0.000000,6.892689,32.302939,67.497170,105.951690,145.253007,187.137165,232.341004,274.600840,307.221108,345.396811,393.862727,444.316079,497.600029,554.562434,610.097639,645.312170,674.764737,728.421726,757.881876,788.657427,894.154139,971.791893,994.706508,1033.705173,1056.484312,1064.395369,1103.161142,1163.891902,1216.477732,1238.071082,1267.364732,1331.854391,1412.922917,1427.887851,1394.416115,1405.864859,1412.222372,1402.237641,1425.920283,1463.395053,1478.729164,1457.453800,1461.681951,1489.132205,1476.021833,1449.766943,1414.431237,1350.744029,1330.634386,1353.181136,1343.584700,1302.032525,1259.150576,1238.524996,1202.673591,1146.379762,1100.952676,1060.052506,1019.626419,984.182136,947.991334,903.324122,848.363845,800.368609,767.618619,739.041043,676.901110,587.958967,517.671190,466.028961,416.148835,353.868573,297.520186,254.005255,213.567056,176.780066,141.364860,101.306755,62.409455,29.956655,6.499457,0.000000,0.000000,0.387689,0.000000,0.000000,0.027828,0.000000,0.000000,0.001999,0.000000,0.000000,0.000000,0.000000,0.000000,0.000000,0.000000,0.000000,0.000000,0.000000,0.000000,0.000000,0.000000,0.000000,0.000000,0.000000,0.000000,0.000000,0.000000,0.000000,0.000000,0.000000,0.000000
0.000000,0.000000,0.000000,0.000000,0.000000,0.000000,0.000000,0.000000,0.000000,0.000000,0.000000,0.000000,0.000000,0.000000,0.000000,0.000000,0.000000,0.000000,0.000000,0.000053,0.000000,0.000000,0.002341,0.000000,0.000000,0.032486,0.000000,0.000000,0.452435,0.000000,0.000000,7.595617,34.984328,70.551661,104.947283,138.780569,179.958185,228.226178,274.594206,308.617588,341.046890,382.754800,437.212930,497.285224,554.226535,603.309981,649.935249,700.697379,754.450884,789.134050,821.969929,892.396231,953.186101,981.631511,999.492314,1021.092908,1058.463047,1115.189108,1158.409258,1186.622131,1226.807021,1255.078347,1276.908974,1319.367212,1328.904409,1312.168677,1331.055987,1347.423056,1353.632554,1381.382300,1395.238048,1375.848397,1346.650015,1366.576402,1405.385286,1374.469607,1351.650759,1346.603215,1294.623715,1277.393670,1297.054910,1269.258791,1227.383453,1199.848616,1174.518137,1121.478601,1044.012923,977.455645,944.741458,935.206725,913.286438,874.630247,833.505813,807.035914,785.111473,756.861741,717.536732,660.536030,591.079700,525.809245,479.270243,438.748116,377.341225,319.897946,275.512922,229.379266,186.361883,146.812794,104.148198,64.387299,31.733015,7.032164,0.000000,0.000000,0.420953,0.000000,0.000000,0.030222,0.000000,0.000000,0.002170,0.000000,0.000000,0.000000,0.000000,0.000000,0.000000,0.000000,0.000000,0.000000,0.000000,0.000000,0.000000,0.000000,0.000000,0.000000,0.000000,0.000000,0.000000,0.000000,0.000000,0.000000,0.000000,0.000000
0.000000,0.000000,0.000000,0.000000,0.000000,0.000000,0.000000,0.000000,0.000000,0.000000,0.000000,0.000000,0.000000,0.000000,0.000000,0.000000,0.000000,0.000000,0.000000,0.000105,0.000000,0.000000,0.002573,0.000000,0.000000,0.035808,0.000000,0.000000,0.498736,0.000000,0.000000,8.381537,37.695171,74.166613,109.976660,144.750208,184.241609,232.118153,281.310248,319.673015,356.303100,398.759676,446.716526,497.097034,549.050129,603.886268,660.295065,717.059379,769.674550,800.291123,825.302884,881.177172,933.565886,959.068150,971.294159,1008.829892,1070.643507,1119.960335,1162.163937,1198.120017,1220.317226,1249.651573,1282.544789,1291.910379,1276.539394,1264.578538,1292.759029,1328.578496,1349.262499,1357.682723,1352.764002,1340.518318,1335.631802,1353.806851,1374.739357,1362.972181,1364.251949,1379.078962,1361.457083,1349.312722,1343.482674,1303.064842,1255.954073,1218.789834,1177.441668,1110.457033,1035.799599,996.993200,980.588294,961.791333,924.757450,878.304468,836.828036,807.553384,773.498386,734.482503,704.938917,668.801054,613.613408,544.958583,494.344054,457.653603,400.565504,339.021941,285.921379,237.860488,193.677479,151.760996,110.282563,71.192898,36.320455,8.171392,0.000000,0.000000,0.486771,0.000000,0.000000,0.034946,0.000000,0.000000,0.002511,0.000000,0.000000,0.000053,0.000000,0.000000,0.000000,0.000000,0.000000,0.000000,0.000000,0.000000,0.000000,0.000000,0.000000,0.000000,0.000000,0.000000,0.000000,0.000000,0.000000,0.000000,0.000000,0.000000
0.000000,0.000000,0.000000,0.000000,0.000000,0.000000,0.000000,0.000000,0.000000,0.000000,0.000000,0.000000,0.000000,0.000000,0.000000,0.000000,0.000000,0.000000,0.000000,0.000177,0.000000,0.000000,0.003024,0.000000,0.000000,0.042066,0.000000,0.000000,0.585872,0.000000,0.000000,9.774856,42.586648,78.639760,116.937748,157.060402,198.222478,246.215224,295.699776,335.299275,379.520248,424.545301,452.638343,486.845859,530.647778,566.650124,605.440075,658.055419,723.289402,775.593022,807.880141,836.101505,868.217151,899.708738,928.329167,984.900302,1067.996317,1137.740508,1176.054389,1189.091424,1196.554163,1204.649398,1208.169318,1203.751373,1221.171281,1254.920389,1269.409279,1291.169401,1329.069339,1357.733912,1360.895794,1344.852529,1334.483130,1348.101216,1362.993626,1338.105164,1309.601060,1293.201252,1271.971926,1254.689352,1231.250509,1182.919555,1156.081027,1157.226229,1142.823362,1102.724688,1052.972028,1020.601968,1011.144165,994.495186,931.804828,865.019802,822.427927,795.761353,759.418531,706.398798,653.428175,620.285420,594.178423,540.823528,480.505028,430.575245,386.713344,334.439801,278.702630,237.921664,196.216844,149.663092,110.820190,75.151517,39.530874,8.980403,0.000000,0.000000,0.537040,0.000000,0.000000,0.038559,0.000000,0.000000,0.002770,0.000000,0.000000,0.000115,0.000000,0.000000,0.000000,0.000000,0.000000,0.000000,0.000000,0.000000,0.000000,0.000000,0.000000,0.000000,0.000000,0.000000,0.000000,0.000000,0.000000,0.000000,0.000000,0.000000
0.000000,0.000000,0.000000,0.000000,0.000000,0.000000,0.000000,0.000000,0.000000,0.000000,0.000000,0.000000,0.000000,0.000000,0.000000,0.000000,0.000000,0.000000,0.000000,0.000254,0.000000,0.000000,0.003503,0.000000,0.000000,0.048760,0.000000,0.000000,0.679099,0.000000,0.000000,11.254547,48.490469,85.948882,128.302672,174.726826,217.465579,264.216581,313.856094,357.404113,403.676857,447.931231,477.713776,517.932188,564.931219,592.864793,628.662536,677.352933,720.026266,774.841097,826.271152,842.127125,896.550648,967.027856,959.013648,976.014996,1041.102924,1074.803650,1098.539016,1122.587550,1133.993423,1173.510900,1217.814033,1202.296241,1214.569560,1261.915064,1261.058107,1256.866359,1284.943695,1331.106312,1351.767240,1331.464764,1299.222370,1315.357714,1348.360491,1312.855896,1299.981601,1315.631677,1272.081435,1228.913196,1201.506159,1147.484649,1118.669521,1116.807371,1088.325762,1060.952040,1037.926523,993.503822,976.566416,977.115513,931.535332,879.115700,844.222267,812.754296,780.220450,740.833629,689.886233,641.616877,603.447775,568.237897,518.785228,457.912939,406.057382,365.348515,324.134379,268.347636,212.446988,166.399721,127.875091,89.737424,47.601016,10.813134,0.000000,0.000000,0.649769,0.000000,0.000000,0.046652,0.000000,0.000000,0.003354,0.000000,0.000000,0.000192,0.000000,0.000000,0.000000,0.000000,0.000000,0.000000,0.000000,0.000000,0.000000,0.000000,0.000000,0.000000,0.000000,0.000000,0.000000,0.000000,0.000000,0.000000,0.000000,0.000000
0.000000,0.000000,0.000000,0.000000,0.000000,0.000000,0.000000,0.000000,0.000000,0.000000,0.000000,0.000000,0.000000,0.000000,0.000000,0.000000,0.000000,0.000000,0.000000,0.000268,0.000000,0.000000,0.003510,0.000000,0.000000,0.048952,0.000000,0.000000,0.681728,0.000000,0.000000,12.370205,49.812673,89.482791,133.777916,180.860601,223.977739,274.102016,328.280344,373.636565,429.318854,488.504058,525.323353,574.722711,635.764800,674.569300,728.474132,789.780768,814.884813,863.368401,931.192380,954.108156,983.742800,1028.966737,1047.279360,1084.785589,1125.814541,1114.834850,1146.870410,1223.638254,1251.856309,1278.206569,1314.977001,1320.525696,1335.965053,1348.168042,1303.809250,1281.157127,1298.950447,1304.648428,1313.464485,1317.047965,1287.653275,1281.284873,1295.963912,1277.917882,1280.617080,1301.153042,1278.736659,1260.197196,1252.380152,1215.806077,1193.769218,1193.548279,1177.202932,1152.507704,1126.592685,1094.120700,1053.168166,1011.700771,977.336279,933.827495,879.746816,830.689357,786.640438,742.382911,693.410697,641.281756,589.799543,541.270399,489.434134,435.771515,389.273140,345.132019,298.546665,249.195565,204.400075,165.910948,128.987292,90.193534,49.281179,11.713042,0.000000,0.000000,0.657008,0.000000,0.000000,0.047170,0.000000,0.000000,0.003388,0.000000,0.000000,0.000249,0.000000,0.000000,0.000000,0.000000,0.000000,0.000000,0.000000,0.000000,0.000000,0.000000,0.000000,0.000000,0.000000,0.000000,0.000000,0.000000,0.000000,0.000000,0.000000,0.000000
0.000000,0.000000,0.000000,0.000000,0.000000,0.000000,0.000000,0.000000,0.000000,0.000000,0.000000,0.000000,0.000000,0.000000,0.000000,0.000000,0.000000,0.000000,0.000000,0.000232,0.000000,0.000000,0.003213,0.000000,0.000000,0.044833,0.000000,0.000000,0.624457,0.000000,0.000000,14.257135,53.852881,96.830121,141.688536,186.389660,228.483903,283.254000,343.018235,385.211425,436.032977,492.838335,529.046525,587.018455,659.648481,697.103945,746.655163,805.560701,824.307904,860.815474,923.749365,963.240683,994.209303,1026.155554,1054.105868,1106.221364,1150.987496,1134.562580,1166.341976,1252.104057,1285.318005,1289.871132,1298.886959,1318.535469,1357.690244,1381.664871,1343.770539,1316.251290,1317.261705,1300.183787,1281.225595,1271.231245,1265.413035,1279.136525,1294.853524,1276.551090,1263.720909,1260.266263,1235.825243,1238.895149,1256.483004,1222.396627,1188.304389,1199.671559,1244.219536,1224.632813,1149.142024,1117.194692,1075.498941,1014.384142,982.551747,949.629817,894.135833,829.004084,780.846611,745.066338,694.232907,642.073124,595.298259,545.753244,496.363239,450.182047,406.486153,361.151973,312.616254,263.640673,219.778424,179.298144,135.102859,90.579064,48.708872,12.687446,0.000000,0.000000,0.544463,0.000000,0.000000,0.039095,0.000000,0.000000,0.002806,0.000000,0.000000,0.000219,0.000000,0.000000,0.000000,0.000000,0.000000,0.000000,0.000000,0.000000,0.000000,0.000000,0.000000,0.000000,0.000000,0.000000,0.000000,0.000000,0.000000,0.000000,0.000000,0.000000
0.000000,0.000000,0.000000,0.000000,0.000000,0.000000,0.000000,0.000000,0.000000,0.000000,0.000000,0.000000,0.000000,0.000000,0.000000,0.000000,0.000000,0.000000,0.000000,0.000149,0.000000,0.000000,0.002510,0.000000,0.000000,0.035039,0.000000,0.000000,0.488032,0.000000,0.000000,15.034485,52.151467,93.003228,132.288168,172.672387,218.896913,267.212013,310.144607,345.414567,396.952514,454.830671,488.357932,544.662803,625.395794,683.939968,743.646149,800.123258,821.806506,848.617494,901.015280,962.756043,1018.764584,1066.346052,1112.559082,1149.005903,1166.681843,1169.377721,1198.179657,1243.378068,1253.720109,1253.061326,1268.535524,1302.485851,1325.442128,1319.397419,1293.926839,1291.091844,1304.096222,1288.235230,1275.033832,1289.333592,1324.378439,1346.634100,1344.747416,1339.075400,1353.618161,1357.453885,1301.488572,1276.164161,1290.780473,1264.412516,1221.464970,1202.842567,1215.420418,1181.559502,1116.638908,1110.257657,1093.393036,1049.626837,1033.067212,1003.515900,941.101647,872.663814,823.747622,790.983160,748.215938,688.857638,625.147200,574.710726,525.858244,469.469651,409.151574,357.818659,313.707571,264.399894,220.494897,182.305904,137.816658,92.715162,51.123452,14.701035,0.000000,0.000000,0.468521,0.000000,0.000000,0.033643,0.000000,0.000000,0.002414,0.000000,0.000000,0.000138,0.000000,0.000000,0.000000,0.000000,0.000000,0.000000,0.000000,0.000000,0.000000,0.000000,0.000000,0.000000,0.000000,0.000000,0.000000,0.000000,0.000000,0.000000,0.000000,0.000000
0.000000,0.000000,0.000000,0.000000,0.000000,0.000000,0.000000,0.000000,0.000000,0.000000,0.000000,0.000000,0.000000,0.000000,0.000000,0.000000,0.000000,0.000000,0.000000,0.000092,0.000000,0.000000,0.001966,0.000000,0.000000,0.027451,0.000000,0.000000,0.382369,0.000000,0.121215,17.266853,52.796460,91.166368,127.018122,167.231663,220.393724,266.779767,300.150905,333.792120,378.339243,427.566461,466.194059,509.921228,563.047804,616.336985,685.150329,762.647224,822.575642,870.294824,918.287408,975.222221,1034.650212,1093.922989,1153.738469,1190.294536,1200.215286,1207.949754,1244.658620,1288.305738,1283.781702,1264.438363,1274.970382,1326.549912,1346.159176,1327.525657,1335.041122,1367.212252,1392.137752,1382.589363,1372.273305,1383.714819,1403.681443,1382.410029,1331.872655,1309.759390,1299.236408,1289.679232,1289.224822,1285.372048,1267.795624,1240.267295,1220.108980,1218.049432,1222.201178,1173.874922,1104.741309,1104.322997,1092.409062,1040.353171,1000.999613,961.096900,909.133753,852.585416,794.642314,743.267085,704.511769,657.301649,596.669654,538.070615,485.959876,436.637923,384.631377,336.800739,292.925416,246.427567,203.747777,166.277445,128.393129,90.341739,52.448323,16.608583,0.036330,0.000000,0.361424,0.000000,0.000000,0.025953,0.000000,0.000000,0.001863,0.000000,0.000000,0.000081,0.000000,0.000000,0.000000,0.000000,0.000000,0.000000,0.000000,0.000000,0.000000,0.000000,0.000000,0.000000,0.000000,0.000000,0.000000,0.000000,0.000000,0.000000,0.000000,0.000000
0.000000,0.000000,0.000000,0.000000,0.000000,0.000000,0.000000,0.000000,0.000000,0.000000,0.000000,0.000000,0.000000,0.000000,0.000000,0.000000,0.000000,0.000000,0.000000,0.000042,0.000000,0.000000,0.001572,0.000000,0.000000,0.021955,0.000000,0.000000,0.305841,0.000000,0.339049,19.710957,57.690856,96.524161,136.097444,179.914565,228.766623,273.254152,312.853790,354.856276,394.013196,431.676288,475.756531,527.024552,575.976819,613.481305,665.557309,736.050733,802.143291,855.785398,910.110114,985.480425,1052.210945,1092.310725,1119.380598,1166.036419,1215.928279,1223.266188,1238.432710,1265.748321,1260.737326,1268.762935,1310.786061,1357.970447,1376.158189,1381.701640,1422.867382,1467.016794,1484.705925,1482.054604,1486.619250,1507.509331,1525.869839,1507.896058,1456.079335,1403.792560,1361.570428,1332.109564,1311.238372,1285.349917,1257.008850,1241.142189,1221.776548,1203.291606,1203.534429,1181.832328,1136.046904,1102.946571,1072.842135,1032.317343,980.381296,926.930952,882.055258,849.307918,811.550460,767.509717,729.193189,677.893075,612.337931,553.210898,505.924112,463.295745,413.826271,363.490986,314.555679,263.791829,218.193458,178.678968,138.910211,98.833641,58.660357,19.604635,0.453340,0.000000,0.285876,0.000000,0.000000,0.020527,0.000000,0.000000,0.001473,0.000000,0.000000,0.000039,0.000000,0.000000,0.000000,0.000000,0.000000,0.000000,0.000000,0.000000,0.000000,0.000000,0.000000,0.000000,0.000000,0.000000,0.000000,0.000000,0.000000,0.000000,0.000000,0.000000
0.000000,0.000000,0.000000,0.000000,0.000000,0.000000,0.000000,0.000000,0.000000,0.000000,0.000000,0.000000,0.000000,0.000000,0.000000,0.000000,0.000000,0.000000,0.000000,0.000000,0.000000,0.000000,0.001073,0.000000,0.000000,0.014985,0.000000,0.000000,0.208742,0.000000,0.889798,21.338328,57.223521,94.594716,135.499536,182.567801,232.935954,279.721076,326.843156,384.400282,438.782307,485.330300,533.119018,582.628291,630.081763,673.260778,725.494173,785.057964,837.535717,894.642275,957.044326,1010.409352,1050.929458,1080.202245,1106.255437,1144.911069,1183.593952,1194.824969,1210.607921,1232.002812,1230.029975,1245.782473,1296.441798,1352.357187,1373.189172,1374.224806,1400.726970,1389.923568,1342.555864,1331.028489,1364.990044,1413.495188,1431.377268,1425.285928,1411.878173,1400.866651,1386.472618,1341.808723,1248.400258,1179.901716,1162.710133,1160.270604,1149.702369,1124.526702,1098.298672,1103.736203,1109.451072,1043.454645,983.400768,961.460560,940.934557,916.540774,888.726252,856.461428,825.920686,793.505994,747.672943,689.912838,625.369155,559.020502,494.309608,437.298517,392.190017,346.073365,296.815007,254.412794,216.176187,176.831286,134.383380,95.193509,59.141050,22.073426,1.051967,0.000000,0.203455,0.000000,0.000000,0.014609,0.000000,0.000000,0.001048,0.000000,0.000000,0.000000,0.000000,0.000000,0.000000,0.000000,0.000000,0.000000,0.000000,0.000000,0.000000,0.000000,0.000000,0.000000,0.000000,0.000000,0.000000,0.000000,0.000000,0.000000,0.000000,0.000000
0.000000,0.000000,0.000000,0.000000,0.000000,0.000000,0.000000,0.000000,0.000000,0.000000,0.000000,0.000000,0.000000,0.000000,0.000000,0.000000,0.000000,0.000000,0.000000,0.000000,0.000000,0.000000,0.000669,0.000000,0.000541,0.009336,0.000000,0.007518,0.130082,0.000000,1.815491,22.060651,57.316288,96.644071,137.469819,182.097858,232.430491,280.988880,331.287020,392.455746,441.888236,483.691455,543.327647,592.891203,622.532147,651.290334,690.532977,738.643376,787.352439,847.559198,908.031547,945.771888,997.887769,1058.670117,1086.877328,1126.192170,1184.241630,1220.388780,1233.011928,1239.428374,1256.500086,1272.094058,1294.784906,1344.422098,1372.760556,1370.393782,1368.529674,1338.873073,1295.522449,1285.334105,1277.013012,1260.580469,1257.135917,1260.822589,1269.954743,1286.025780,1281.181212,1247.758342,1206.941605,1179.659481,1173.363624,1179.067718,1167.395360,1132.249846,1099.043549,1099.411479,1102.608492,1041.197385,972.564348,934.692944,918.282156,911.531702,896.808925,858.162541,815.224675,784.428794,761.734739,713.155773,643.207663,587.765883,523.757414,453.175539,404.484910,355.832459,300.705948,255.219123,213.171901,169.444377,126.810456,91.352594,59.676997,24.228596,1.855051,0.000000,0.129158,0.000000,0.000000,0.009272,0.000000,0.000000,0.000666,0.000000,0.000000,0.000000,0.000000,0.000000,0.000000,0.000000,0.000000,0.000000,0.000000,0.000000,0.000000,0.000000,0.000000,0.000000,0.000000,0.000000,0.000000,0.000000,0.000000,0.000000,0.000000,0.000000
0.000000,0.000000,0.000000,0.000000,0.000000,0.000000,0.000000,0.000000,0.000000,0.000000,0.000000,0.000000,0.000000,0.000000,0.000000,0.000000,0.000000,0.000000,0.000000,0.000000,0.000000,0.000120,0.000382,0.000000,0.002223,0.005327,0.000000,0.030935,0.074219,0.000000,3.158739,25.050781,60.510030,98.482460,137.573964,179.474976,225.203790,273.196887,324.485863,380.405303,431.090595,481.926939,546.027144,596.902523,629.134017,664.120400,704.174511,741.416823,771.689366,825.200803,898.862183,959.389658,1020.332033,1072.709567,1090.151734,1115.963937,1174.304822,1239.717510,1238.345625,1220.227459,1301.596486,1343.752399,1308.782811,1310.216769,1361.087526,1413.538293,1404.945986,1375.538701,1370.138460,1399.932305,1420.405140,1415.563469,1407.097018,1400.289927,1392.931599,1382.334662,1377.102860,1358.651586,1303.017548,1282.403175,1308.169312,1314.401562,1271.161607,1214.700022,1211.582680,1233.480353,1228.345127,1166.599494,1104.231774,1074.983235,1061.476059,1018.726479,951.764249,903.414330,851.329118,797.398374,767.475207,724.607660,668.113516,631.715133,575.750160,497.972263,438.809856,380.487284,318.186199,268.793262,227.160736,184.473942,137.341964,96.164140,61.329020,25.702826,3.158111,0.000000,0.064837,0.019790,0.000000,0.004654,0.001423,0.000000,0.000333,0.000101,0.000000,0.000000,0.000000,0.000000,0.000000,0.000000,0.000000,0.000000,0.000000,0.000000,0.000000,0.000000,0.000000,0.000000,0.000000,0.000000,0.000000,0.000000,0.000000,0.000000,0.000000,0.000000
0.000000,0.000000,0.000000,0.000000,0.000000,0.000000,0.000000,0.000000,0.000000,0.000000,0.000000,0.000000,0.000000,0.000000,0.000000,0.000000,0.000000,0.000000,0.000000,0.000000,0.000000,0.000326,0.000110,0.000000,0.005122,0.001530,0.000000,0.071319,0.021317,0.000000,4.694928,26.917574,61.551290,100.042712,138.530685,178.637511,223.695705,270.484541,318.331318,369.479590,421.989022,474.383760,523.937136,559.419008,594.715450,657.618307,723.449970,771.553438,806.218426,849.943885,900.395497,940.024297,1004.261972,1081.344787,1116.856372,1134.243720,1162.484194,1203.018516,1214.492832,1220.287573,1279.400244,1298.126109,1267.508801,1280.171149,1322.043174,1358.516837,1363.943736,1341.624132,1325.203751,1350.264378,1366.877369,1355.155907,1342.144313,1331.171603,1320.635005,1313.492242,1323.346822,1324.965289,1276.812802,1239.235939,1230.973351,1211.494120,1175.035620,1141.399861,1138.912638,1169.071887,1181.196805,1115.183622,1048.224605,1023.688358,1012.881743,974.749864,907.320323,844.034871,798.826567,766.489549,730.326600,686.329520,639.456225,596.091407,547.905975,494.717195,444.052759,388.680274,328.557591,273.151152,226.930158,185.270431,139.620032,96.411380,58.609414,24.999259,4.263160,0.000000,0.029509,0.053839,0.000000,0.002118,0.003867,0.000000,0.000152,0.000278,0.000000,0.000000,0.000000,0.000000,0.000000,0.000000,0.000000,0.000000,0.000000,0.000000,0.000000,0.000000,0.000000,0.000000,0.000000,0.000000,0.000000,0.000000,0.000000,0.000000,0.000000,0.000000
0.000000,0.000000,0.000000,0.000000,0.000000,0.000000,0.000000,0.000000,0.000000,0.000000,0.000000,0.000000,0.000000,0.000000,0.000000,0.000000,0.000000,0.000000,0.000000,0.000000,0.000000,0.000522,0.000000,0.000000,0.007825,0.000000,0.000000,0.108977,0.000000,0.000000,6.087544,30.464173,67.658456,106.510018,146.119853,187.817151,231.830199,277.368325,324.355645,374.501894,431.999735,488.670864,529.994030,569.313657,617.461381,675.258520,738.720830,794.077693,830.142962,874.523843,918.936396,934.052797,983.390471,1062.661661,1103.002556,1142.623282,1180.473354,1172.511114,1170.986398,1207.182700,1259.277657,1270.008293,1249.415876,1262.703195,1298.283028,1325.952763,1330.683968,1350.101199,1382.334454,1383.129823,1370.396310,1365.866425,1371.027738,1360.027271,1334.257212,1323.017989,1333.470535,1353.027987,1360.090373,1349.889276,1325.816955,1298.131767,1277.277183,1244.956797,1179.699956,1158.354862,1161.995293,1093.816901,1011.149329,963.792835,942.584529,896.765188,826.934778,780.675234,753.811151,730.845847,701.287700,666.047585,623.728128,572.542698,532.895190,499.938610,444.972761,382.609230,323.198956,264.490562,216.361941,177.680034,137.135058,96.641237,58.904636,25.807127,5.404971,0.000000,0.008256,0.092484,0.000000,0.000591,0.006641,0.000000,0.000042,0.000479,0.000000,0.000000,0.000000,0.000000,0.000000,0.000000,0.000000,0.000000,0.000000,0.000000,0.000000,0.000000,0.000000,0.000000,0.000000,0.000000,0.000000,0.000000,0.000000,0.000000,0.000000,0.000000
0.000000,0.000000,0.000000,0.000000,0.000000,0.000000,0.000000,0.000000,0.000000,0.000000,0.000000,0.000000,0.000000,0.000000,0.000000,0.000000,0.000000,0.000000,0.000000,0.000000,0.000000,0.000781,0.000000,0.000000,0.010858,0.000000,0.000000,0.151259,0.000000,0.000000,7.276443,33.149284,71.779367,109.168044,148.471127,194.077497,245.296221,293.433867,336.964594,383.359979,438.650720,496.838793,545.469775,593.396977,644.626621,696.499712,760.931592,828.535290,874.449360,913.606296,947.834841,966.601464,1003.817548,1061.201380,1107.898815,1155.329399,1187.463507,1172.191664,1159.190587,1172.934898,1197.551054,1223.257585,1251.440105,1289.107899,1332.742693,1360.798325,1354.686192,1371.716171,1410.595244,1412.991584,1424.539155,1452.474902,1454.673408,1457.565264,1453.435155,1408.319286,1392.911554,1415.903206,1419.912178,1426.947435,1431.792780,1397.598808,1347.142993,1292.741297,1229.893527,1184.149897,1150.146476,1094.662794,1024.144597,964.597907,934.151622,888.264319,827.995606,796.050029,763.870722,716.907921,669.761818,620.232370,572.110963,535.313582,502.141566,464.275873,417.941835,367.254760,314.956914,262.370553,217.775875,180.113148,140.269671,100.428721,62.789629,28.817923,6.780055,0.000000,0.000000,0.147075,0.000000,0.000000,0.010561,0.000000,0.000000,0.000762,0.000000,0.000000,0.000000,0.000000,0.000000,0.000000,0.000000,0.000000,0.000000,0.000000,0.000000,0.000000,0.000000,0.000000,0.000000,0.000000,0.000000,0.000000,0.000000,0.000000,0.000000,0.000000
0.000000,0.000000,0.000000,0.000000,0.000000,0.000000,0.000000,0.000000,0.000000,0.000000,0.000000,0.000000,0.000000,0.000000,0.000000,0.000000,0.000000,0.000000,0.000000,0.000000,0.000000,0.000982,0.000000,0.000000,0.013661,0.000000,0.000000,0.190296,0.000000,0.000000,8.169389,31.876979,68.148600,106.290436,148.091543,195.805070,247.624122,297.332956,343.511773,390.203815,440.149482,494.037760,549.472040,598.921645,643.611171,693.505526,753.435669,815.499226,865.043347,906.262171,943.293312,975.828413,1011.337860,1064.204728,1138.886039,1187.419404,1198.818472,1207.839719,1221.626467,1233.598199,1239.333485,1262.238386,1310.858013,1366.291297,1389.318261,1377.808180,1361.544553,1346.684274,1351.421838,1388.795329,1387.257004,1348.804041,1346.817998,1371.431946,1372.504477,1312.511135,1279.909055,1283.413178,1256.920845,1263.204352,1298.754013,1284.364102,1243.460703,1207.460670,1180.469187,1135.463330,1083.412215,1052.821087,984.411072,903.870117,897.756900,878.913328,819.619075,779.914162,750.142185,713.214172,665.400025,609.624601,558.247408,524.677215,492.772135,452.718028,408.212261,360.128724,312.938372,273.043641,235.096819,193.793716,149.180249,106.424212,67.516462,32.449711,8.254504,0.000000,0.000000,0.206569,0.000000,0.000000,0.014830,0.000000,0.000000,0.001069,0.000000,0.000000,0.000000,0.000000,0.000000,0.000000,0.000000,0.000000,0.000000,0.000000,0.000000,0.000000,0.000000,0.000000,0.000000,0.000000,0.000000,0.000000,0.000000,0.000000,0.000000,0.000000
0.000000,0.000000,0.000000,0.000000,0.000000,0.000000,0.000000,0.000000,0.000000,0.000000,0.000000,0.000000,0.000000,0.000000,0.000000,0.000000,0.000000,0.000000,0.000000,0.000000,0.000000,0.001265,0.000000,0.000000,0.017585,0.000000,0.000000,0.244926,0.000000,0.000000,9.617100,35.145600,71.827482,110.049646,150.042596,193.513461,240.640196,291.037609,341.995200,391.761808,450.975473,515.836367,568.436891,606.263143,643.740445,696.572569,737.517207,769.666896,821.578493,870.313214,912.334895,963.999539,989.991197,1005.500068,1060.172663,1102.467635,1123.268810,1165.378269,1206.322260,1239.725839,1286.040720,1332.534260,1372.959532,1412.130354,1438.619014,1445.541671,1435.838904,1420.309974,1426.021877,1470.092226,1477.809491,1446.026155,1443.938136,1458.765541,1452.462363,1400.766976,1347.584312,1316.686626,1299.082513,1308.771176,1346.634033,1385.640792,1367.211222,1299.805717,1245.156466,1174.625871,1090.332840,1026.825119,965.100274,916.298799,911.197211,898.949656,865.861154,842.752502,804.642025,744.706519,686.154967,643.534554,610.189156,566.766196,522.093066,479.529101,432.110654,383.008671,336.948761,295.824203,253.812311,207.210278,158.371623,113.487076,73.481254,36.100111,9.624590,0.000000,0.000000,0.253834,0.000000,0.000000,0.018223,0.000000,0.000000,0.001308,0.000000,0.000000,0.000000,0.000000,0.000000,0.000000,0.000000,0.000000,0.000000,0.000000,0.000000,0.000000,0.000000,0.000000,0.000000,0.000000,0.000000,0.000000,0.000000,0.000000,0.000000,0.000000
0.000000,0.000000,0.000000,0.000000,0.000000,0.000000,0.000000,0.000000,0.000000,0.000000,0.000000,0.000000,0.000000,0.000000,0.000000,0.000000,0.000000,0.000000,0.000000,0.000000,0.000000,0.001576,0.000000,0.000000,0.021965,0.000000,0.000000,0.305876,0.000000,0.000000,10.997369,37.519551,73.911858,112.811211,154.110945,196.642550,238.033315,283.546320,331.320945,374.893459,424.352536,485.951221,553.420755,603.599059,646.333215,712.476404,768.075115,806.407107,852.317871,888.036828,917.223892,961.677984,988.045194,1007.205055,1062.273472,1103.184594,1132.620860,1202.670309,1256.759311,1278.022369,1312.437487,1361.011257,1408.486055,1440.731273,1464.321016,1469.469193,1443.022386,1440.251288,1470.832731,1494.363873,1520.000978,1525.028485,1471.829643,1442.055259,1435.490556,1380.471991,1345.239803,1357.920974,1373.042042,1362.335356,1351.436466,1378.800989,1344.649525,1265.520276,1257.094846,1223.014957,1135.958032,1077.194704,1059.469743,1047.852982,994.398391,947.870284,924.625441,891.959269,838.980889,767.134572,688.781382,636.788658,609.392306,574.267978,535.282385,497.091577,455.415594,407.390919,356.936948,310.769728,261.312264,209.224363,163.368717,119.676988,76.099407,37.173689,10.923946,0.000000,0.000000,0.303931,0.000000,0.000000,0.021821,0.000000,0.000000,0.001562,0.000000,0.000000,0.000000,0.000000,0.000000,0.000000,0.000000,0.000000,0.000000,0.000000,0.000000,0.000000,0.000000,0.000000,0.000000,0.000000,0.000000,0.000000,0.000000,0.000000,0.000000,0.000000
0.000000,0.000000,0.000000,0.000000,0.000000,0.000000,0.000000,0.000000,0.000000,0.000000,0.000000,0.000000,0.000000,0.000000,0.000000,0.000000,0.000000,0.000000,0.000000,0.000000,0.000000,0.001888,0.000000,0.000000,0.026325,0.000000,0.000000,0.366625,0.000000,0.000000,12.371666,37.713311,73.588904,115.027357,157.209915,200.467291,247.185828,288.383580,321.386088,353.545717,395.830555,448.696719,501.864927,546.867261,598.828754,681.589915,755.356484,796.351962,817.734627,841.562068,884.337840,944.546341,975.988711,995.497193,1060.886008,1102.831657,1111.494812,1149.434242,1200.198071,1235.370271,1244.480022,1250.951430,1266.297827,1282.684172,1293.679593,1288.364901,1269.959292,1311.837680,1388.731562,1397.958922,1411.531394,1438.416505,1405.799233,1350.150117,1308.333351,1287.478126,1288.958657,1309.345421,1335.519279,1322.495351,1285.910715,1280.887914,1260.553318,1230.930789,1243.637902,1225.917228,1165.380408,1126.534509,1093.519908,1044.609094,981.535525,941.278847,920.124079,878.775640,819.158698,750.799263,682.689208,631.878537,597.708292,563.755001,527.194557,487.673427,443.718960,394.596542,345.068429,301.027074,252.176928,200.265273,157.865314,117.654197,75.860545,38.282603,12.124782,0.000000,0.000000,0.357799,0.000000,0.000000,0.025688,0.000000,0.000000,0.001840,0.000000,0.000000,0.000000,0.000000,0.000000,0.000000,0.000000,0.000000,0.000000,0.000000,0.000000,0.000000,0.000000,0.000000,0.000000,0.000000,0.000000,0.000000,0.000000,0.000000,0.000000,0.000000
0.000000,0.000000,0.000000,0.000000,0.000000,0.000000,0.000000,0.000000,0.000000,0.000000,0.000000,0.000000,0.000000,0.000000,0.000000,0.000000,0.000000,0.000000,0.000000,0.000000,0.000000,0.002180,0.000000,0.000000,0.030398,0.000000,0.000000,0.423339,0.000000,0.000000,13.633765,40.843158,78.970677,122.222795,162.895579,205.364754,258.707514,303.593776,337.729914,379.135311,432.837657,483.110349,508.818873,533.112406,578.935184,651.867031,722.353107,773.849361,810.080177,827.149081,852.414479,922.985052,984.803504,1023.253216,1070.935159,1098.046020,1104.085500,1128.343464,1181.530403,1226.192225,1210.973746,1193.888428,1200.892388,1209.484911,1228.311377,1252.831283,1275.284837,1356.766212,1445.895384,1420.976177,1422.164660,1471.390814,1447.423224,1386.886107,1352.702479,1364.501349,1348.032541,1314.375189,1342.379122,1338.574134,1290.222699,1278.049668,1259.980780,1233.250399,1240.591084,1233.660211,1192.548655,1143.596878,1096.035016,1043.765027,982.817111,953.010690,942.006830,892.418101,824.194041,756.136351,690.479847,645.598636,618.498967,584.976425,538.207852,488.263773,449.372199,405.884366,353.360837,302.776678,250.211974,199.672330,161.227538,122.873401,79.744842,40.471333,12.910132,0.000000,0.000000,0.391944,0.000000,0.000000,0.028141,0.000000,0.000000,0.002017,0.000000,0.000000,0.000000,0.000000,0.000000,0.000000,0.000000,0.000000,0.000000,0.000000,0.000000,0.000000,0.000000,0.000000,0.000000,0.000000,0.000000,0.000000,0.000000,0.000000,0.000000,0.000000
0.000000,0.000000,0.000000,0.000000,0.000000,0.000000,0.000000,0.000000,0.000000,0.000000,0.000000,0.000000,0.000000,0.000000,0.000000,0.000000,0.000000,0.000000,0.000000,0.000000,0.000000,0.002244,0.000000,0.000000,0.031309,0.000000,0.000000,0.435990,0.000000,0.000000,13.719847,41.123758,76.868249,113.530131,152.372207,195.561049,242.098492,284.096052,322.482043,366.482862,415.937137,463.281378,501.659338,544.869741,600.106268,661.405982,717.274723,764.394079,808.642185,854.664093,902.924921,950.526608,1003.971500,1054.881046,1084.276046,1106.505096,1122.521258,1124.469588,1144.561386,1174.616555,1175.486104,1177.347942,1192.983413,1205.529798,1213.723081,1218.083821,1227.830871,1294.063601,1370.072028,1352.039770,1341.847067,1376.153661,1385.183682,1339.793258,1300.266285,1355.769531,1399.485498,1392.640003,1400.990879,1403.950412,1380.463973,1334.104455,1276.512329,1247.814555,1282.848111,1276.860917,1218.943292,1195.987528,1165.100696,1112.177432,1073.648756,1031.311056,964.832282,876.136626,802.438076,752.621671,706.008167,664.125561,623.308515,572.962460,517.976778,466.016036,420.677162,376.163453,328.582240,279.536996,233.955948,193.249908,154.782576,116.868077,78.614490,41.492174,13.624108,0.000000,0.000000,0.428872,0.000000,0.000000,0.030797,0.000000,0.000000,0.002215,0.000000,0.000000,0.000000,0.000000,0.000000,0.000000,0.000000,0.000000,0.000000,0.000000,0.000000,0.000000,0.000000,0.000000,0.000000,0.000000,0.000000,0.000000,0.000000,0.000000,0.000000,0.000000
0.000000,0.000000,0.000000,0.000000,0.000000,0.000000,0.000000,0.000000,0.000000,0.000000,0.000000,0.000000,0.000000,0.000000,0.000000,0.000000,0.000000,0.000000,0.000048,0.000000,0.000000,0.002334,0.000000,0.000000,0.032555,0.000000,0.000000,0.453365,0.000000,0.000000,13.784782,39.117708,71.410096,106.885523,148.984381,194.674303,234.582420,268.906971,304.495457,349.647392,400.131400,443.274744,470.642633,508.508103,557.681772,593.968289,629.406441,671.790958,718.839792,772.787235,839.398802,917.876947,978.505804,1012.846498,1040.117553,1072.695027,1099.244501,1101.086548,1112.461908,1123.853800,1099.583354,1112.818311,1164.425030,1175.264677,1154.366759,1143.597862,1177.944055,1231.549282,1256.274261,1226.700240,1228.642189,1282.197636,1318.711054,1291.836899,1269.037152,1363.108838,1428.316243,1415.114734,1418.896993,1411.803678,1378.845007,1341.463739,1286.929807,1239.348673,1241.178864,1218.206222,1171.707814,1171.681373,1142.585360,1075.046329,1040.611659,1012.334770,956.714135,873.340693,808.538694,767.733719,716.772103,670.259584,625.832726,563.041763,505.501196,457.427047,401.956393,354.251563,314.731222,268.370182,226.929398,192.003888,151.919919,112.942455,77.817551,43.255499,15.266945,0.000000,0.000000,0.497044,0.000000,0.000000,0.035688,0.000000,0.000000,0.002564,0.000000,0.000000,0.000057,0.000000,0.000000,0.000000,0.000000,0.000000,0.000000,0.000000,0.000000,0.000000,0.000000,0.000000,0.000000,0.000000,0.000000,0.000000,0.000000,0.000000,0.000000,0.000000
0.000000,0.000000,0.000000,0.000000,0.000000,0.000000,0.000000,0.000000,0.000000,0.000000,0.000000,0.000000,0.000000,0.000000,0.000000,0.000000,0.000000,0.000000,0.000110,0.000000,0.000000,0.002807,0.000000,0.000000,0.039181,0.000000,0.000000,0.545637,0.000000,0.000000,15.842749,41.510315,73.073757,110.248464,152.801397,195.603941,232.368485,271.754295,317.348732,365.407852,417.422493,470.113599,515.457839,549.430849,574.620412,600.857719,639.017528,690.477865,747.777995,799.331054,852.072817,920.432807,969.090858,989.743985,1011.590462,1048.870346,1099.720182,1148.887023,1176.898267,1190.718153,1218.074649,1257.041816,1280.836565,1263.117902,1232.763625,1243.931891,1328.957437,1380.573149,1387.540254,1434.204161,1467.532821,1462.309101,1452.223946,1427.465836,1410.527425,1442.461023,1468.215018,1450.644331,1399.810270,1334.106652,1289.586599,1292.242426,1250.658898,1179.697589,1183.149718,1181.410829,1142.350153,1113.278761,1081.586928,1036.358993,985.262207,938.534191,882.514825,799.657307,750.074862,727.289544,666.524146,619.377944,593.193150,539.855924,486.071093,443.972420,396.605031,344.063902,292.301209,247.949352,215.953750,187.751757,147.702832,109.853842,78.575667,44.891020,15.988339,0.000000,0.000000,0.528444,0.000000,0.000000,0.037947,0.000000,0.000000,0.002721,0.000000,0.000000,0.000110,0.000000,0.000000,0.000000,0.000000,0.000000,0.000000,0.000000,0.000000,0.000000,0.000000,0.000000,0.000000,0.000000,0.000000,0.000000,0.000000,0.000000,0.000000,0.000000
0.000000,0.000000,0.000000,0.000000,0.000000,0.000000,0.000000,0.000000,0.000000,0.000000,0.000000,0.000000,0.000000,0.000000,0.000000,0.000000,0.000000,0.000000,0.000177,0.000000,0.000000,0.003100,0.000000,0.000000,0.043250,0.000000,0.000000,0.602351,0.000000,0.000000,17.514196,43.669227,74.429330,111.698301,154.450010,197.939026,236.403041,271.485844,306.498504,344.115058,386.942381,438.020781,496.724112,543.928700,579.114506,621.503502,669.366566,717.065724,760.650363,798.422279,840.677945,897.358357,931.213876,947.659828,988.815520,1028.020271,1060.032578,1105.142924,1129.023498,1148.173811,1214.341555,1258.026609,1259.004647,1273.540954,1303.122372,1349.135463,1407.272340,1398.736517,1375.716719,1456.138224,1464.956197,1392.985732,1410.570568,1434.875675,1415.256348,1395.748291,1407.836637,1411.992923,1342.662707,1278.704808,1268.236985,1284.273545,1237.807586,1157.163612,1151.969154,1133.824640,1071.282749,1024.080639,986.671353,950.435045,922.073822,910.608334,884.831820,802.867891,745.617120,726.566487,682.271422,639.298389,601.627168,541.223180,486.455741,446.140139,400.141344,348.813279,300.050656,260.583738,227.068175,192.008260,149.981510,111.280548,78.599358,45.733189,17.052699,0.000000,0.000000,0.578066,0.000000,0.000000,0.041511,0.000000,0.000000,0.002975,0.000000,0.000000,0.000172,0.000000,0.000000,0.000000,0.000000,0.000000,0.000000,0.000000,0.000000,0.000000,0.000000,0.000000,0.000000,0.000000,0.000000,0.000000,0.000000,0.000000,0.000000,0.000000
0.000000,0.000000,0.000000,0.000000,0.000000,0.000000,0.000000,0.000000,0.000000,0.000000,0.000000,0.000000,0.000000,0.000000,0.000000,0.000000,0.000000,0.000000,0.000235,0.000000,0.000000,0.003093,0.000000,0.000000,0.043136,0.000000,0.000000,0.600875,0.000000,0.000000,17.157941,43.260462,74.119764,111.569845,154.855528,200.731039,244.344565,282.141883,319.507921,364.750270,405.078619,443.679439,495.533662,541.642909,578.443043,621.475997,664.920376,705.618896,745.318823,773.099962,800.151484,848.495592,885.474337,905.145736,930.677488,942.022297,950.815242,991.868818,1025.827439,1045.482594,1080.791931,1103.585051,1110.277227,1127.473556,1144.347378,1168.197564,1212.257501,1210.043386,1194.254431,1253.991419,1259.310537,1217.750106,1270.173946,1330.880217,1321.216030,1251.414497,1203.055882,1190.984768,1171.715372,1143.793056,1127.625510,1136.645977,1110.402576,1055.587231,1039.926947,1035.102814,1014.582977,980.461409,949.141938,920.434390,883.722689,866.143525,854.081316,800.086194,731.233153,681.753331,659.360414,624.581838,567.116433,513.125637,466.502417,424.299164,383.062183,341.489595,301.328196,265.456373,230.331411,193.858052,156.692471,116.886355,77.206816,44.034401,17.059134,0.000000,0.000000,0.591292,0.000000,0.000000,0.042453,0.000000,0.000000,0.003044,0.000000,0.000000,0.000230,0.000000,0.000000,0.000000,0.000000,0.000000,0.000000,0.000000,0.000000,0.000000,0.000000,0.000000,0.000000,0.000000,0.000000,0.000000,0.000000,0.000000,0.000000,0.000000
0.000000,0.000000,0.000000,0.000000,0.000000,0.000000,0.000000,0.000000,0.000000,0.000000,0.000000,0.000000,0.000000,0.000000,0.000000,0.000000,0.000000,0.000000,0.000138,0.000000,0.000000,0.002504,0.000000,0.000000,0.034969,0.000000,0.000000,0.487037,0.000000,0.000000,14.447509,39.124288,70.069651,105.065443,140.055080,176.870913,220.391255,264.044356,308.928108,360.949831,401.484325,431.256688,471.039834,522.528733,573.406796,606.738467,629.517741,655.347491,694.069829,740.818737,779.524691,798.078557,828.395843,867.108159,882.581419,907.991774,958.695512,1013.217065,1046.010105,1075.482476,1137.590356,1162.275823,1143.979610,1150.363334,1179.217118,1218.018641,1254.443194,1254.463481,1250.476849,1302.476919,1294.389978,1233.643505,1243.910736,1249.215424,1201.570038,1136.721907,1099.434403,1084.032362,1053.664319,1021.071059,1021.966655,1069.340016,1049.168623,977.385399,983.962003,1007.469797,998.371088,967.231194,928.584800,881.165021,817.775265,772.064627,743.571058,699.553594,648.996122,610.771123,589.484060,541.727851,477.905261,450.389994,427.427673,387.687367,343.552998,303.194805,269.613363,240.940444,209.584483,173.700697,137.749485,102.413819,68.760264,39.017727,14.669660,0.000000,0.000000,0.499300,0.000000,0.000000,0.035845,0.000000,0.000000,0.002570,0.000000,0.000000,0.000127,0.000000,0.000000,0.000000,0.000000,0.000000,0.000000,0.000000,0.000000,0.000000,0.000000,0.000000,0.000000,0.000000,0.000000,0.000000,0.000000,0.000000,0.000000,0.000000
0.000000,0.000000,0.000000,0.000000,0.000000,0.000000,0.000000,0.000000,0.000000,0.000000,0.000000,0.000000,0.000000,0.000000,0.000000,0.000000,0.000000,0.000000,0.000092,0.000000,0.000000,0.002150,0.000000,0.000000,0.029987,0.000000,0.000000,0.417671,0.000000,0.000000,12.611174,35.237162,62.938056,91.870018,125.957246,167.680765,214.473475,258.332289,299.081048,341.769416,375.099648,401.782186,438.809455,488.270050,536.789851,565.418547,586.887779,608.939811,629.706281,659.813974,696.075597,727.810043,780.075067,843.584950,880.005707,915.656521,954.256128,971.158722,990.162683,1024.832097,1067.170888,1108.583905,1138.616333,1151.248266,1175.817892,1222.911977,1266.589045,1263.671491,1241.207379,1264.092847,1253.874985,1220.397798,1248.627326,1231.096315,1159.710808,1140.924286,1166.287530,1183.258962,1146.804857,1098.407120,1083.225736,1103.221839,1062.861135,988.639249,999.850862,1009.474418,978.442749,956.990066,944.323703,914.207195,847.696594,799.749658,773.629168,721.036464,662.844212,624.783575,607.195507,563.698182,504.964979,484.371819,460.951227,411.459304,357.782935,316.899359,286.665284,251.208272,210.733003,169.659673,131.241602,95.497999,63.196756,35.943131,13.708611,0.000000,0.000000,0.469978,0.000000,0.000000,0.033738,0.000000,0.000000,0.002416,0.000000,0.000000,0.000124,0.000000,0.000000,0.000000,0.000000,0.000000,0.000000,0.000000,0.000000,0.000000,0.000000,0.000000,0.000000,0.000000,0.000000,0.000000,0.000000,0.000000,0.000000,0.000000
0.000000,0.000000,0.000000,0.000000,0.000000,0.000000,0.000000,0.000000,0.000000,0.000000,0.000000,0.000000,0.000000,0.000000,0.000000,0.000000,0.000000,0.000000,0.000096,0.000000,0.000000,0.002375,0.000000,0.000000,0.033038,0.000000,0.000000,0.460196,0.000000,0.000000,13.593499,36.435628,63.362933,92.373103,128.254983,170.683239,214.455139,262.864795,311.877757,349.532360,375.033224,400.459760,440.859874,483.690717,518.876001,548.631076,584.581333,619.299763,636.919716,671.557758,718.952490,743.989320,791.018154,859.429664,899.909901,934.982954,969.760158,982.571764,990.195143,1001.985444,1018.914897,1067.105580,1119.035596,1111.549364,1098.238902,1118.657413,1160.625524,1180.412718,1176.700671,1182.622496,1172.520162,1153.798108,1159.680260,1132.654560,1080.997965,1076.339706,1089.717359,1095.069748,1092.429453,1063.800964,1028.365729,1026.186817,1013.373525,999.063115,1031.073934,1026.851627,979.336385,966.038537,974.186397,964.879103,910.878787,845.272687,788.482593,731.356722,668.211719,621.741203,617.065250,588.435939,531.332411,502.725720,462.128179,399.287386,349.657823,311.736413,276.921152,240.318731,203.943230,168.537780,132.759394,98.408195,67.010544,38.919851,14.981484,0.000000,0.000000,0.515787,0.000000,0.000000,0.037023,0.000000,0.000000,0.002659,0.000000,0.000000,0.000168,0.000000,0.000000,0.000000,0.000000,0.000000,0.000000,0.000000,0.000000,0.000000,0.000000,0.000000,0.000000,0.000000,0.000000,0.000000,0.000000,0.000000,0.000000,0.000000
0.000000,0.000000,0.000000,0.000000,0.000000,0.000000,0.000000,0.000000,0.000000,0.000000,0.000000,0.000000,0.000000,0.000000,0.000000,0.000000,0.000000,0.000000,0.000115,0.000000,0.000000,0.002617,0.000000,0.000000,0.036464,0.000000,0.000000,0.507870,0.000000,0.000000,14.889146,39.317880,67.223493,96.387972,132.387973,174.073150,213.405364,249.594517,285.851976,322.273817,343.565325,360.615337,401.608722,446.916183,485.995261,526.699217,563.332862,591.095472,615.797253,664.777094,726.451783,761.396297,801.094452,848.350264,879.218021,946.934852,1035.098113,1062.279395,1064.356315,1073.665080,1092.677607,1138.889565,1183.939528,1177.642665,1183.271697,1216.831537,1231.910136,1231.242944,1232.952803,1245.503179,1227.614902,1183.253475,1157.727009,1123.439501,1087.190540,1093.619180,1106.045745,1110.088813,1122.217403,1107.395995,1067.981747,1045.268688,1025.830102,1016.437286,1034.191548,1006.717609,939.257998,908.131768,886.947800,847.885958,793.044014,744.038897,706.064586,666.710029,635.285096,617.242340,602.425896,565.716947,523.890440,514.856205,480.479794,416.539258,377.205444,341.102329,293.791236,247.543809,211.141414,179.725002,140.878954,102.732803,70.514830,41.764257,16.406910,0.000000,0.000000,0.570532,0.000000,0.000000,0.040962,0.000000,0.000000,0.002938,0.000000,0.000000,0.000172,0.000000,0.000000,0.000000,0.000000,0.000000,0.000000,0.000000,0.000000,0.000000,0.000000,0.000000,0.000000,0.000000,0.000000,0.000000,0.000000,0.000000,0.000000,0.000000
0.000000,0.000000,0.000000,0.000000,0.000000,0.000000,0.000000,0.000000,0.000000,0.000000,0.000000,0.000000,0.000000,0.000000,0.000000,0.000000,0.000000,0.000000,0.000168,0.000000,0.000000,0.002809,0.000000,0.000000,0.039156,0.000000,0.000000,0.545405,0.000000,0.000000,15.656257,39.670526,64.907902,89.931586,123.328129,163.267396,198.085798,228.373269,260.018012,296.643153,327.465569,358.317080,406.377851,456.280540,494.803816,524.233872,562.235664,603.374661,628.206716,667.288175,722.728678,764.738543,800.496163,832.018920,856.368721,910.219698,977.482839,996.699096,990.525757,988.914115,1005.787599,1048.490295,1087.413078,1080.868128,1079.118997,1100.818779,1118.213173,1134.833540,1150.096022,1151.083737,1129.077301,1109.058436,1124.278965,1111.260580,1067.644226,1058.410157,1073.792714,1094.682782,1110.674081,1104.364964,1060.288715,984.967156,939.419645,934.249515,928.666817,902.811685,859.519436,820.418283,805.677019,794.207866,744.802185,697.010604,658.734872,602.665196,568.390170,558.608159,532.848882,502.101242,480.831894,467.017879,438.758592,400.969113,377.999461,345.628051,295.749456,247.735512,208.348604,174.159864,137.493138,100.398308,67.242874,40.649546,16.908164,0.000000,0.000000,0.605065,0.000000,0.000000,0.043442,0.000000,0.000000,0.003116,0.000000,0.000000,0.000235,0.000000,0.000000,0.000000,0.000000,0.000000,0.000000,0.000000,0.000000,0.000000,0.000000,0.000000,0.000000,0.000000,0.000000,0.000000,0.000000,0.000000,0.000000,0.000000
0.000000,0.000000,0.000000,0.000000,0.000000,0.000000,0.000000,0.000000,0.000000,0.000000,0.000000,0.000000,0.000000,0.000000,0.000000,0.000000,0.000000,0.000000,0.000225,0.000000,0.000000,0.002919,0.000000,0.000000,0.040655,0.000000,0.000000,0.566221,0.000000,0.000000,16.049315,39.692065,65.382736,93.623063,125.492669,160.354735,196.264232,234.103921,269.821555,299.661993,342.282456,393.398954,426.565102,456.154068,489.260858,520.985714,562.617036,604.376514,623.575408,651.010450,692.596945,724.466260,757.108430,791.493532,816.861065,850.431277,893.015057,921.437717,914.971371,902.188582,934.185468,965.729965,975.185670,986.423176,1016.953034,1055.490467,1077.767572,1109.197412,1126.577849,1077.975980,1042.653796,1043.378819,1030.540431,1000.258662,975.272303,978.851867,974.258259,953.200377,946.390602,969.273622,985.111237,936.468412,894.696590,882.767135,862.337649,852.159257,848.425264,822.767568,799.954180,781.760641,742.503196,698.535480,657.323219,612.480301,580.730719,557.615735,521.920433,489.669168,467.573499,443.724690,410.415504,375.728531,353.015926,317.600694,272.331609,244.625803,212.890669,170.002912,132.687406,98.659635,66.906755,40.867805,17.122551,0.000000,0.000000,0.614522,0.000000,0.000000,0.044116,0.000000,0.000000,0.003168,0.000000,0.000000,0.000244,0.000000,0.000000,0.000000,0.000000,0.000000,0.000000,0.000000,0.000000,0.000000,0.000000,0.000000,0.000000,0.000000,0.000000,0.000000,0.000000,0.000000,0.000000,0.000000
0.000000,0.000000,0.000000,0.000000,0.000000,0.000000,0.000000,0.000000,0.000000,0.000000,0.000000,0.000000,0.000000,0.000000,0.000000,0.000000,0.000000,0.000000,0.000224,0.000000,0.000000,0.003018,0.000000,0.000000,0.042116,0.000000,0.000000,0.586504,0.000000,0.000000,16.503639,40.171163,65.673445,94.668358,127.659261,164.014171,201.006917,232.340493,258.910988,289.354832,331.619000,377.617075,410.455437,451.534547,505.639781,556.229902,604.490991,653.657491,704.402424,754.927035,800.290254,836.079908,865.856562,898.225438,938.765507,972.648135,996.891285,1018.167478,1021.238124,1024.924353,1063.484672,1080.498022,1079.966765,1116.530242,1128.533925,1121.357536,1165.498865,1208.449641,1208.970291,1176.881351,1146.617396,1123.989390,1089.982455,1052.080928,1028.646291,1037.790958,1069.859663,1086.650531,1054.082995,1049.387702,1065.582152,1020.963202,990.201146,980.075177,926.655829,909.394621,929.579205,902.135516,858.824794,825.190550,790.137313,753.247213,715.944879,679.302158,645.214671,610.783774,572.880245,540.360535,514.051675,484.459907,445.432571,405.444353,378.435932,345.235801,302.328268,264.386579,223.790919,179.148696,139.145078,100.992674,66.198247,40.213917,17.130017,0.000000,0.000000,0.619346,0.000000,0.000000,0.044463,0.000000,0.000000,0.003187,0.000000,0.000000,0.000228,0.000000,0.000000,0.000000,0.000000,0.000000,0.000000,0.000000,0.000000,0.000000,0.000000,0.000000,0.000000,0.000000,0.000000,0.000000,0.000000,0.000000,0.000000,0.000000
0.000000,0.000000,0.000000,0.000000,0.000000,0.000000,0.000000,0.000000,0.000000,0.000000,0.000000,0.000000,0.000000,0.000000,0.000000,0.000000,0.000000,0.000000,0.000223,0.000000,0.000000,0.003194,0.000000,0.000000,0.044534,0.000000,0.000000,0.620268,0.000000,0.000000,17.449567,42.371358,67.742819,94.232831,126.769277,162.506823,192.637518,219.167627,246.322454,278.739176,323.788323,371.573056,406.451352,461.138639,525.611658,554.627181,592.973469,649.075630,690.140324,751.943121,824.842888,860.728288,909.807012,982.887681,1034.272810,1059.057899,1073.763402,1096.139825,1122.768961,1144.650556,1150.668306,1132.632516,1122.675302,1159.433257,1158.253708,1127.317662,1158.115726,1198.317098,1197.974800,1162.303726,1151.301459,1167.470530,1159.170100,1149.347789,1143.970156,1124.269038,1125.209811,1136.481551,1106.104707,1059.686464,1026.298796,1013.782621,1009.319175,999.321890,982.569504,971.530187,953.021473,905.409794,879.634879,877.821760,850.123986,811.186012,767.267451,707.230791,651.026721,605.126176,558.166313,514.156303,477.034135,444.844543,410.916009,374.764065,342.012439,312.154909,280.144411,240.732452,201.581898,165.372094,128.404603,93.960960,64.825131,40.407087,17.077023,0.000000,0.000000,0.614593,0.000000,0.000000,0.044121,0.000000,0.000000,0.003168,0.000000,0.000000,0.000224,0.000000,0.000000,0.000000,0.000000,0.000000,0.000000,0.000000,0.000000,0.000000,0.000000,0.000000,0.000000,0.000000,0.000000,0.000000,0.000000,0.000000,0.000000,0.000000
0.000000,0.000000,0.000000,0.000000,0.000000,0.000000,0.000000,0.000000,0.000000,0.000000,0.000000,0.000000,0.000000,0.000000,0.000000,0.000000,0.000000,0.000000,0.000246,0.000000,0.000000,0.003498,0.000000,0.000000,0.048728,0.000000,0.000000,0.678714,0.000000,0.000000,18.881193,44.801194,72.127759,104.472234,141.031742,178.496228,213.098606,243.955741,273.613851,307.619629,351.717402,394.674187,421.094823,466.906045,526.830510,556.086953,570.032368,594.778057,643.952440,708.505847,760.149932,778.809746,821.836923,883.945372,904.207992,933.013040,984.181984,1020.902407,1065.318143,1115.484037,1138.020039,1148.253142,1167.793540,1198.836139,1195.020464,1153.510824,1120.666413,1113.946186,1113.570762,1091.385466,1090.422778,1120.589152,1144.413224,1148.981433,1139.387452,1128.323925,1122.437166,1114.176581,1090.275243,1064.257846,1047.164455,1037.065490,1025.332687,1004.108029,978.700494,975.555164,976.675744,936.279357,890.659372,858.481600,823.160221,788.748537,756.147670,717.004605,663.073398,605.677265,564.293427,519.337499,471.334769,439.236044,401.841357,356.096482,320.108316,285.869819,249.368211,216.428744,188.709216,160.594805,124.580101,92.827662,68.487550,42.516736,16.904538,0.000000,0.000000,0.590730,0.000000,0.000000,0.042413,0.000000,0.000000,0.003045,0.000000,0.000000,0.000219,0.000000,0.000000,0.000000,0.000000,0.000000,0.000000,0.000000,0.000000,0.000000,0.000000,0.000000,0.000000,0.000000,0.000000,0.000000,0.000000,0.000000,0.000000,0.000000
0.000000,0.000000,0.000000,0.000000,0.000000,0.000000,0.000000,0.000000,0.000000,0.000000,0.000000,0.000000,0.000000,0.000000,0.000000,0.000000,0.000000,0.000000,0.000239,0.000000,0.000000,0.003408,0.000000,0.000000,0.047446,0.000000,0.000000,0.660922,0.000000,0.000000,18.883116,47.404256,77.900074,108.733465,141.754057,176.249793,208.275702,234.061471,259.749931,297.120185,341.725284,375.842186,389.569221,435.214796,507.165218,544.338715,562.128438,592.595226,653.990461,731.901152,790.525904,804.571390,825.967680,855.966838,850.093056,853.787475,891.911207,945.777169,990.961861,1021.089834,1046.250633,1068.916988,1104.417984,1163.958789,1190.276127,1172.210057,1154.054175,1142.981938,1132.970043,1123.776720,1139.259442,1163.251433,1153.564680,1142.931921,1137.240534,1109.245582,1079.918727,1062.995034,1051.225304,1030.154831,1003.042825,985.029449,961.407511,925.634749,892.212945,897.615370,923.775268,911.041944,874.594412,830.310784,778.350828,737.825279,709.540489,676.385300,642.190855,607.445337,565.370178,518.851865,473.292643,432.754258,394.929613,359.007861,325.582286,289.487268,251.302513,217.629067,189.950299,163.508885,131.109592,98.981762,70.514481,43.084933,17.298809,0.000000,0.000000,0.607753,0.000000,0.000000,0.043641,0.000000,0.000000,0.003128,0.000000,0.000000,0.000227,0.000000,0.000000,0.000000,0.000000,0.000000,0.000000,0.000000,0.000000,0.000000,0.000000,0.000000,0.000000,0.000000,0.000000,0.000000,0.000000,0.000000,0.000000,0.000000
0.000000,0.000000,0.000000,0.000000,0.000000,0.000000,0.000000,0.000000,0.000000,0.000000,0.000000,0.000000,0.000000,0.000000,0.000000,0.000000,0.000000,0.000000,0.000258,0.000000,0.000000,0.003578,0.000000,0.000000,0.049797,0.000000,0.000000,0.693710,0.000000,0.030547,19.897919,49.007403,78.032500,104.764811,134.576858,168.256364,201.708130,234.951408,268.359167,302.568787,343.333967,379.292046,395.302193,429.985026,485.598033,524.231896,548.960056,570.394164,598.486923,652.306066,717.596387,758.768264,795.637479,825.063597,822.658057,823.466952,864.317762,948.043372,989.474289,984.912443,1008.426878,1020.677385,1022.068228,1061.676039,1108.070935,1137.602691,1150.428495,1139.649340,1106.742911,1072.389032,1096.236128,1144.402927,1123.466893,1124.132393,1149.218416,1100.961392,1030.347331,991.109074,988.861736,980.421381,948.581315,913.051284,889.467367,878.972163,873.225276,875.677304,866.358601,820.833130,796.022972,780.199767,709.281847,661.811336,654.343957,628.749307,608.060241,595.002837,558.786766,512.902124,469.058957,426.914856,390.356992,357.947142,322.840486,283.105539,241.460515,204.040542,177.101562,154.361596,122.842176,93.941440,70.765376,44.330747,17.689109,0.026953,0.000000,0.611498,0.000000,0.000000,0.043905,0.000000,0.000000,0.003149,0.000000,0.000000,0.000230,0.000000,0.000000,0.000000,0.000000,0.000000,0.000000,0.000000,0.000000,0.000000,0.000000,0.000000,0.000000,0.000000,0.000000,0.000000,0.000000,0.000000,0.000000,0.000000
0.000000,0.000000,0.000000,0.000000,0.000000,0.000000,0.000000,0.000000,0.000000,0.000000,0.000000,0.000000,0.000000,0.000000,0.000000,0.000000,0.000000,0.000000,0.000240,0.000000,0.000000,0.003324,0.000000,0.000000,0.046309,0.000000,0.000000,0.645096,0.000000,0.116797,18.946973,45.649410,72.702804,100.616750,134.460624,171.831610,205.545343,243.353421,283.996958,316.188322,344.330467,369.874327,390.470852,419.387443,465.660748,521.537357,552.990129,560.358160,579.768706,617.562116,666.692429,714.684021,750.285129,763.507240,756.647030,772.460013,829.047454,902.468156,941.648276,955.072617,992.323387,1002.481211,986.637735,1007.578104,1061.571809,1117.157272,1135.945462,1118.167095,1100.830046,1122.946069,1134.186275,1115.427237,1098.193689,1102.688866,1112.012274,1090.193082,1069.011599,1066.199317,1066.237391,1049.475727,1005.956359,947.332268,923.787842,937.016493,943.144023,939.628990,912.233632,843.310789,789.206469,752.361838,688.828266,652.056466,650.944831,638.976744,619.668098,593.840478,552.408210,511.832592,477.156268,438.199398,397.591653,360.183272,326.752524,287.016098,242.361668,206.608336,186.037680,170.270249,140.738557,108.607521,80.360873,50.884646,21.074636,0.134766,0.000000,0.712110,0.000000,0.000000,0.051123,0.000000,0.000000,0.003666,0.000000,0.000000,0.000269,0.000000,0.000000,0.000000,0.000000,0.000000,0.000000,0.000000,0.000000,0.000000,0.000000,0.000000,0.000000,0.000000,0.000000,0.000000,0.000000,0.000000,0.000000,0.000000
0.000000,0.000000,0.000000,0.000000,0.000000,0.000000,0.000000,0.000000,0.000000,0.000000,0.000000,0.000000,0.000000,0.000000,0.000000,0.000000,0.000000,0.000000,0.000238,0.000000,0.000000,0.003336,0.000000,0.000000,0.046500,0.000000,0.000000,0.647714,0.000000,0.282109,20.240606,49.691778,79.695188,107.917987,140.771527,178.775335,215.360317,247.798657,277.714410,307.845282,334.000694,360.902211,397.075128,427.346209,459.135773,515.108137,570.888260,609.070062,637.798891,685.538849,748.373690,792.125092,811.478482,825.544034,855.187719,865.564699,873.129726,927.440882,956.024703,955.571945,991.686422,1014.648590,1014.979001,1035.507602,1049.469422,1046.003981,1044.421223,1059.922211,1088.260126,1107.957213,1108.006841,1079.520858,1031.658851,1044.659460,1109.220248,1130.712723,1120.595277,1102.842666,1080.740429,1043.018741,994.844165,958.297443,943.283720,952.269730,974.911635,966.809702,917.572943,857.676284,816.352427,785.209254,733.324348,691.224176,668.023628,643.644209,629.952295,612.373182,559.724789,512.036933,483.348756,450.426712,415.112934,377.432720,332.519048,290.600691,255.899699,224.569904,197.903450,173.988412,147.153473,116.200708,83.626281,53.492336,23.239229,0.300078,0.000000,0.766613,0.000000,0.000000,0.055034,0.000000,0.000000,0.003953,0.000000,0.000000,0.000285,0.000000,0.000000,0.000000,0.000000,0.000000,0.000000,0.000000,0.000000,0.000000,0.000000,0.000000,0.000000,0.000000,0.000000,0.000000,0.000000,0.000000,0.000000,0.000000
0.000000,0.000000,0.000000,0.000000,0.000000,0.000000,0.000000,0.000000,0.000000,0.000000,0.000000,0.000000,0.000000,0.000000,0.000000,0.000000,0.000000,0.000000,0.000277,0.000000,0.000000,0.003828,0.000000,0.000000,0.053312,0.000000,0.000000,0.742604,0.000000,0.504922,23.424098,53.349862,83.344722,116.974746,151.282665,188.272244,232.839591,274.780089,311.193379,347.549342,377.586258,411.394399,464.445078,496.621913,507.739920,540.219385,595.591493,651.447676,682.873005,726.839571,782.746972,810.443260,826.493976,857.055663,910.831008,945.667459,968.270129,1022.271594,1048.744378,1046.281414,1070.784162,1081.611402,1070.656397,1072.769186,1063.219791,1040.823567,1033.208430,1035.263997,1049.353787,1079.649831,1083.325018,1064.996729,1074.025206,1097.608046,1114.976390,1118.120799,1112.342876,1094.351476,1055.853893,1020.450042,996.631730,975.989316,968.223340,969.204205,959.597301,931.933600,899.993005,881.708314,845.294833,804.875177,807.289286,793.471543,745.303964,709.785611,678.089686,639.164151,594.608401,556.262499,528.464391,503.128696,462.400328,407.649658,357.170753,310.711622,268.959111,236.686759,211.149063,186.371603,156.617891,122.830715,88.395172,56.445744,24.558271,0.553438,0.000000,0.769923,0.000000,0.000000,0.055268,0.000000,0.000000,0.003974,0.000000,0.000000,0.000283,0.000000,0.000000,0.000000,0.000000,0.000000,0.000000,0.000000,0.000000,0.000000,0.000000,0.000000,0.000000,0.000000,0.000000,0.000000,0.000000,0.000000,0.000000,0.000000
0.000000,0.000000,0.000000,0.000000,0.000000,0.000000,0.000000,0.000000,0.000000,0.000000,0.000000,0.000000,0.000000,0.000000,0.000000,0.000000,0.000000,0.000000,0.000234,0.000000,0.000000,0.003219,0.000000,0.000000,0.044874,0.000000,0.000000,0.625085,0.000000,0.695391,20.461777,45.920584,71.245620,100.504645,132.635777,168.785578,211.192128,251.297196,286.497810,322.477621,361.796607,404.726179,446.183305,467.945771,479.857804,513.791716,570.572261,630.817397,670.206991,702.428043,738.370126,771.842004,785.781793,797.066266,842.410796,896.619878,933.148829,949.389970,974.200546,1004.370131,1014.140736,1036.285869,1073.238129,1089.245283,1088.998693,1093.761624,1116.342415,1118.506409,1103.611930,1112.400875,1115.039633,1116.824206,1156.180379,1178.977186,1138.793954,1052.530469,1029.324970,1068.879586,1067.537131,1040.376936,1013.366006,990.902170,975.584503,957.120693,922.463836,894.069676,874.843168,845.871667,807.709598,787.766561,812.369920,809.856399,758.086246,711.803563,670.822349,630.328807,591.295533,548.785647,508.048278,479.424948,447.792479,407.852794,367.420703,322.975330,277.187792,239.737612,212.928426,189.073541,156.601978,120.531834,86.429436,55.116390,24.026590,0.796016,0.000000,0.721528,0.000000,0.000000,0.051802,0.000000,0.000000,0.003725,0.000000,0.000000,0.000268,0.000000,0.000000,0.000000,0.000000,0.000000,0.000000,0.000000,0.000000,0.000000,0.000000,0.000000,0.000000,0.000000,0.000000,0.000000,0.000000,0.000000,0.000000,0.000000
0.000000,0.000000,0.000000,0.000000,0.000000,0.000000,0.000000,0.000000,0.000000,0.000000,0.000000,0.000000,0.000000,0.000000,0.000000,0.000000,0.000000,0.000000,0.000207,0.000000,0.000000,0.002891,0.000000,0.000000,0.040345,0.000000,0.000000,0.561996,0.000000,0.876875,19.271930,44.277512,69.389670,96.726941,129.564113,167.382397,205.866618,241.484062,276.406338,317.101727,364.691729,410.234278,440.435652,462.902894,487.624990,520.819468,564.285841,621.178566,692.129606,755.307046,797.582966,822.415738,835.469145,855.239451,900.892167,950.739749,989.722767,1017.015790,1015.483766,1006.837396,1035.966944,1071.949956,1093.134082,1101.565013,1098.020015,1103.556650,1138.549406,1140.678839,1089.707434,1036.415429,1046.319667,1102.764696,1124.221207,1119.067006,1076.456685,976.334170,924.370155,932.020042,916.647674,896.481408,882.246587,860.390956,859.098802,870.251413,852.251834,822.076068,793.273676,767.649770,772.569743,796.749018,790.998494,757.994232,712.664654,665.259402,616.508108,573.704824,547.110549,524.581156,497.070888,466.218139,437.946579,408.783876,369.057457,329.934389,293.124006,249.084678,206.282751,170.264633,138.099884,107.123578,77.486812,50.394939,22.522351,0.997266,0.000000,0.664053,0.000000,0.000000,0.047682,0.000000,0.000000,0.003431,0.000000,0.000000,0.000244,0.000000,0.000000,0.000000,0.000000,0.000000,0.000000,0.000000,0.000000,0.000000,0.000000,0.000000,0.000000,0.000000,0.000000,0.000000,0.000000,0.000000,0.000000,0.000000
0.000000,0.000000,0.000000,0.000000,0.000000,0.000000,0.000000,0.000000,0.000000,0.000000,0.000000,0.000000,0.000000,0.000000,0.000000,0.000000,0.000000,0.000000,0.000220,0.000000,0.000000,0.003101,0.000000,0.000000,0.043275,0.000000,0.000000,0.602732,0.000000,1.106875,21.687936,50.017922,78.131106,106.884698,141.103506,178.344095,210.812235,241.259152,274.167709,313.232152,360.373153,404.707179,430.585232,452.808758,485.413830,531.494388,581.247744,633.624778,695.338476,752.473414,792.229745,815.689809,843.483898,875.330734,898.309775,949.954828,1019.600928,1044.930567,1013.484901,987.765514,1040.679412,1061.508244,1030.581924,1039.377840,1079.120601,1118.733826,1132.196759,1114.275451,1082.016669,1064.455933,1069.065545,1088.237651,1102.310414,1095.703092,1057.809627,989.134185,931.096136,912.103544,921.848150,897.821484,854.292305,866.133317,891.760951,898.354760,891.707758,866.672283,839.153913,837.642707,844.821185,842.468211,823.646364,786.152696,738.908818,693.913105,639.312984,582.327179,544.962401,516.657863,490.126977,465.807814,428.948822,383.365311,348.618616,319.321792,284.668909,240.210699,202.469746,174.070910,141.743080,106.378455,73.881658,48.147721,22.202699,1.162578,0.000000,0.647105,0.000000,0.000000,0.046463,0.000000,0.000000,0.003338,0.000000,0.000000,0.000239,0.000000,0.000000,0.000000,0.000000,0.000000,0.000000,0.000000,0.000000,0.000000,0.000000,0.000000,0.000000,0.000000,0.000000,0.000000,0.000000,0.000000,0.000000,0.000000
0.000000,0.000000,0.000000,0.000000,0.000000,0.000000,0.000000,0.000000,0.000000,0.000000,0.000000,0.000000,0.000000,0.000000,0.000000,0.000000,0.000000,0.000000,0.000213,0.000000,0.000000,0.002999,0.000000,0.000000,0.041809,0.000000,0.000000,0.582303,0.000000,1.248828,21.954221,52.247224,83.605645,113.682235,145.347664,176.718412,202.211574,223.974292,250.302533,291.659341,347.693577,400.706440,428.794148,453.184820,490.437150,539.705094,592.507585,645.254279,696.907339,730.285704,750.964628,782.404432,819.140654,854.106038,889.765088,941.858895,995.346304,1012.199012,1003.410172,1010.321729,1068.449563,1116.001836,1130.169753,1146.872629,1181.538174,1210.844119,1193.474836,1159.028352,1121.537867,1076.117310,1061.358890,1079.830185,1098.800163,1125.535901,1140.093232,1106.062394,1076.937443,1094.778225,1145.459249,1129.849874,1062.449814,1050.799950,1027.846688,986.652296,991.115666,979.693044,936.076819,909.048300,889.890448,859.067054,811.692632,774.487820,742.770859,685.649354,618.081723,555.930720,505.663136,476.100156,463.929038,452.348623,424.120717,384.550066,354.282771,326.177828,287.223790,234.483499,195.799828,172.263189,139.439717,104.035706,73.631539,47.519808,21.341518,1.261770,0.000000,0.597893,0.000000,0.000000,0.042926,0.000000,0.000000,0.003079,0.000000,0.000000,0.000228,0.000000,0.000000,0.000000,0.000000,0.000000,0.000000,0.000000,0.000000,0.000000,0.000000,0.000000,0.000000,0.000000,0.000000,0.000000,0.000000,0.000000,0.000000,0.000000
0.000000,0.000000,0.000000,0.000000,0.000000,0.000000,0.000000,0.000000,0.000000,0.000000,0.000000,0.000000,0.000000,0.000000,0.000000,0.000000,0.000000,0.000000,0.000241,0.000000,0.000000,0.003373,0.000000,0.000000,0.046958,0.000000,0.000000,0.653986,0.000000,1.446484,24.277857,56.686010,90.638499,125.997320,161.000724,193.303022,221.229775,246.716566,276.397947,317.706364,365.879812,418.517755,476.229768,528.455645,572.847753,616.193001,648.767385,675.047599,710.211575,743.595763,772.835494,805.155048,830.925936,861.914058,917.743354,949.077111,956.811710,987.566561,1016.313180,1044.381259,1097.889565,1126.133845,1130.517874,1162.899373,1193.101305,1197.730301,1183.345824,1159.741708,1137.299268,1123.340554,1106.177120,1087.019709,1083.392395,1110.211765,1152.259941,1171.823220,1159.667693,1151.578083,1188.411256,1160.747554,1080.683933,1069.626960,1053.603217,1018.871623,1026.636860,1013.494461,964.358361,933.222215,920.117816,893.298196,827.558012,783.385085,760.559116,700.205517,630.092382,574.949023,533.848525,502.789457,481.320357,466.163898,430.723769,378.602327,340.371097,313.622609,284.548370,243.006128,205.179270,175.321705,142.446500,106.391964,72.734696,46.586470,21.271189,1.230011,0.000000,0.601870,0.000000,0.000000,0.043212,0.000000,0.000000,0.003103,0.000000,0.000000,0.000224,0.000000,0.000000,0.000000,0.000000,0.000000,0.000000,0.000000,0.000000,0.000000,0.000000,0.000000,0.000000,0.000000,0.000000,0.000000,0.000000,0.000000,0.000000,0.000000
0.000000,0.000000,0.000000,0.000000,0.000000,0.000000,0.000000,0.000000,0.000000,0.000000,0.000000,0.000000,0.000000,0.000000,0.000000,0.000000,0.000000,0.000000,0.000241,0.000000,0.000000,0.003295,0.000000,0.000000,0.045938,0.000000,0.000000,0.639754,0.000000,1.429389,23.459075,52.914639,82.974319,115.963992,146.254367,175.600293,212.049561,252.938286,293.051084,330.654831,376.601215,432.537452,488.351106,534.247320,575.739372,627.517497,669.689025,700.103624,733.563415,749.566854,758.142645,790.826047,815.905857,830.136571,864.255198,907.174112,946.215648,980.143681,1027.509282,1077.830416,1097.373793,1116.866183,1149.714503,1180.344447,1208.635523,1217.994160,1196.971218,1231.847105,1304.152080,1291.282987,1226.408558,1182.016968,1200.790977,1247.294427,1297.524618,1347.032914,1338.062465,1283.017069,1258.756664,1234.879804,1190.351532,1136.994031,1082.012159,1043.690890,1040.939918,1024.361085,994.185514,995.468784,984.938180,940.507509,884.093036,835.743525,796.261735,752.524934,706.474142,654.949887,593.927658,549.907589,528.744153,507.200352,458.441126,398.069545,365.106022,327.889326,279.576212,244.836808,211.984069,176.009350,144.830230,109.830538,72.766598,45.125224,20.348041,1.251897,0.000000,0.559844,0.000000,0.000000,0.040195,0.000000,0.000000,0.002885,0.000000,0.000000,0.000208,0.000000,0.000000,0.000000,0.000000,0.000000,0.000000,0.000000,0.000000,0.000000,0.000000,0.000000,0.000000,0.000000,0.000000,0.000000,0.000000,0.000000,0.000000,0.000000
0.000000,0.000000,0.000000,0.000000,0.000000,0.000000,0.000000,0.000000,0.000000,0.000000,0.000000,0.000000,0.000000,0.000000,0.000000,0.000000,0.000000,0.000000,0.000238,0.000000,0.000000,0.003257,0.000000,0.000000,0.045420,0.000000,0.000000,0.632617,0.000000,1.478805,23.311318,51.734846,81.096593,115.957741,149.802466,184.020088,226.480344,268.003856,304.865269,346.425421,411.412901,480.483870,513.390728,549.458682,592.909751,612.196910,645.856303,699.340003,737.642749,756.494489,773.273186,808.922990,853.680462,893.017672,917.460243,929.569777,945.333637,984.866260,1051.683519,1122.005102,1156.361643,1168.663964,1186.489113,1225.149632,1250.773257,1243.615338,1219.406589,1229.935223,1260.972191,1240.618513,1205.502770,1194.698802,1214.885836,1249.365988,1288.918561,1331.163701,1336.270902,1280.240880,1190.629651,1155.308102,1148.534176,1068.440898,1004.139309,979.454197,937.479532,902.226001,897.454998,917.615146,909.292826,870.412883,845.501483,817.174639,779.036072,747.725648,718.597818,674.963245,610.387304,578.615771,578.773644,553.156216,498.925198,443.367801,412.271740,365.489073,301.578925,257.765713,219.427764,180.318070,149.881184,116.408984,79.107571,49.543351,22.283907,1.389579,0.000000,0.608841,0.000000,0.000000,0.043717,0.000000,0.000000,0.003134,0.000000,0.000000,0.000224,0.000000,0.000000,0.000000,0.000000,0.000000,0.000000,0.000000,0.000000,0.000000,0.000000,0.000000,0.000000,0.000000,0.000000,0.000000,0.000000,0.000000,0.000000,0.000000
0.000000,0.000000,0.000000,0.000000,0.000000,0.000000,0.000000,0.000000,0.000000,0.000000,0.000000,0.000000,0.000000,0.000000,0.000000,0.000000,0.000000,0.000000,0.000258,0.000000,0.000000,0.003585,0.000000,0.000000,0.049978,0.000000,0.000000,0.696154,0.000000,1.558731,25.244853,55.266960,84.762539,119.431817,157.688567,196.927102,236.544733,280.140215,324.014809,361.719537,409.721085,466.009511,512.951388,567.209231,613.814207,622.310466,655.521331,718.551808,755.212563,772.963744,797.209029,843.874006,886.809307,922.547729,966.314714,979.108170,972.605430,1002.447256,1062.840527,1126.142490,1165.291167,1185.511389,1203.774049,1230.032385,1238.126313,1224.598717,1213.571218,1214.376038,1224.532516,1234.087222,1235.101426,1217.921320,1184.557204,1180.381826,1202.176163,1203.955144,1190.637416,1156.570282,1091.573876,1047.666593,1018.868932,956.591249,912.597335,893.588707,858.480573,849.980792,860.289081,839.851885,852.954432,878.547983,821.551024,776.208112,767.477865,731.143221,710.568736,700.529649,641.831982,587.413360,555.541533,510.313464,457.886507,412.871628,380.869923,338.832900,285.629362,242.411358,205.325861,170.902326,140.342117,107.408912,73.612107,46.760680,21.229590,1.311612,0.000000,0.583598,0.000000,0.000000,0.041909,0.000000,0.000000,0.003009,0.000000,0.000000,0.000210,0.000000,0.000000,0.000000,0.000000,0.000000,0.000000,0.000000,0.000000,0.000000,0.000000,0.000000,0.000000,0.000000,0.000000,0.000000,0.000000,0.000000,0.000000,0.000000
0.000000,0.000000,0.000000,0.000000,0.000000,0.000000,0.000000,0.000000,0.000000,0.000000,0.000000,0.000000,0.000000,0.000000,0.000000,0.000000,0.000000,0.000000,0.000229,0.000000,0.000000,0.003166,0.000000,0.000000,0.044128,0.000000,0.000000,0.614626,0.000000,1.374529,22.573728,50.902833,78.374710,107.260607,142.472484,180.378615,213.463346,256.057043,304.257373,338.579629,377.529577,424.753243,464.840803,504.740868,537.429438,548.761828,573.956981,621.442627,665.349413,697.964582,722.125015,744.952851,768.989410,796.937028,831.277498,865.736471,902.184273,944.134651,964.899798,970.248007,993.389507,1031.022717,1064.891729,1080.753865,1105.761244,1128.570368,1113.322013,1120.442068,1153.301143,1155.447958,1155.204761,1154.501434,1125.499848,1115.302908,1126.246960,1118.790976,1128.024417,1134.720249,1077.101499,1026.758147,989.339261,909.614626,875.900107,895.619523,884.935605,866.833532,857.739789,843.535143,838.486993,831.812028,793.023996,765.622618,751.569297,712.317455,679.131191,649.940439,587.961862,533.569534,503.142445,472.915641,433.514997,392.891074,363.193793,320.603621,267.501944,231.678391,202.931336,169.634963,131.241046,96.569558,68.787942,44.191397,19.593025,1.175610,0.000000,0.536418,0.000000,0.000000,0.038513,0.000000,0.000000,0.002769,0.000000,0.000000,0.000196,0.000000,0.000000,0.000000,0.000000,0.000000,0.000000,0.000000,0.000000,0.000000,0.000000,0.000000,0.000000,0.000000,0.000000,0.000000,0.000000,0.000000,0.000000,0.000000
0.000000,0.000000,0.000000,0.000000,0.000000,0.000000,0.000000,0.000000,0.000000,0.000000,0.000000,0.000000,0.000000,0.000000,0.000000,0.000000,0.000000,0.000000,0.000269,0.000000,0.000000,0.003695,0.000000,0.000000,0.051447,0.000000,0.000000,0.716587,0.000000,1.311621,24.717404,54.129284,83.749511,120.649713,159.496462,195.142396,226.652221,256.028338,279.081868,294.573719,338.424960,404.157610,447.454457,480.578540,508.791729,525.890197,566.195967,621.876726,651.390743,687.257697,732.289007,753.864995,778.591733,822.288578,869.755825,884.502225,882.634028,910.027436,910.072661,889.544022,913.370325,954.040661,975.801074,969.967582,973.861240,989.467449,984.072064,970.827052,978.499201,1022.955082,1055.864626,1052.625030,1036.393583,1038.008642,1049.166865,1040.264786,1053.532315,1077.446062,1050.108676,1009.232468,981.077078,960.494923,959.331759,958.398885,919.808495,864.068633,820.215128,801.784058,795.785849,795.809810,802.056188,793.560002,757.608060,706.171202,671.405910,643.277639,585.883294,545.011435,529.620967,499.857493,452.038923,401.464315,364.143182,321.927462,274.618872,241.752362,215.326343,183.136219,140.738551,102.729932,73.962221,47.441354,20.704021,1.100492,0.000000,0.584477,0.000000,0.000000,0.041962,0.000000,0.000000,0.003017,0.000000,0.000000,0.000220,0.000000,0.000000,0.000000,0.000000,0.000000,0.000000,0.000000,0.000000,0.000000,0.000000,0.000000,0.000000,0.000000,0.000000,0.000000,0.000000,0.000000,0.000000,0.000000
0.000000,0.000000,0.000000,0.000000,0.000000,0.000000,0.000000,0.000000,0.000000,0.000000,0.000000,0.000000,0.000000,0.000000,0.000000,0.000000,0.000000,0.000000,0.000279,0.000000,0.000000,0.003838,0.000000,0.000000,0.053444,0.000000,0.000000,0.744400,0.000000,1.119098,24.400859,52.568042,81.403591,120.047541,155.333432,183.058048,212.045455,244.509426,270.411935,282.560543,324.021157,390.575343,434.199712,470.376354,506.368560,534.604467,587.422917,651.945735,678.695960,693.978339,717.556407,742.078292,756.874249,779.368510,836.346984,882.751161,908.010531,937.117409,932.003328,909.972194,933.900379,978.049127,1008.781160,1011.031968,989.310981,988.951673,1059.163064,1115.721738,1140.424682,1192.133318,1189.595938,1136.673912,1127.767605,1128.389118,1112.346548,1094.210112,1089.042655,1091.995250,1086.173496,1083.720012,1093.339755,1109.132131,1092.181057,1037.995343,986.846224,959.682563,939.581596,896.781164,885.925804,899.281163,872.133398,844.078386,824.923108,782.162617,738.880193,699.159804,642.303730,584.806625,538.311124,495.940913,441.530868,387.258748,360.371757,330.925783,290.125363,258.076562,226.824389,189.143028,147.176783,108.371016,76.138780,48.202642,21.036076,0.982512,0.000000,0.616997,0.000000,0.000000,0.044295,0.000000,0.000000,0.003188,0.000000,0.000000,0.000232,0.000000,0.000000,0.000000,0.000000,0.000000,0.000000,0.000000,0.000000,0.000000,0.000000,0.000000,0.000000,0.000000,0.000000,0.000000,0.000000,0.000000,0.000000,0.000000
0.000000,0.000000,0.000000,0.000000,0.000000,0.000000,0.000000,0.000000,0.000000,0.000000,0.000000,0.000000,0.000000,0.000000,0.000000,0.000000,0.000000,0.000000,0.000234,0.000000,0.000000,0.003262,0.000000,0.000000,0.045474,0.000000,0.000000,0.633358,0.000000,0.912422,21.059688,47.905309,75.963399,109.045269,141.563798,169.984992,196.641625,229.269932,264.496167,294.556826,342.048195,401.271895,441.574524,473.238880,503.768802,531.400768,570.075403,615.231013,649.223785,690.832800,732.244838,744.687781,762.240454,792.808123,811.795383,835.043098,874.171170,919.937640,936.310572,936.357884,970.153629,1018.619353,1060.632300,1091.290401,1105.614102,1129.835412,1197.131332,1239.414598,1240.597614,1252.098193,1241.969952,1205.350049,1174.000784,1145.247478,1126.365075,1131.935411,1137.806574,1132.141392,1121.370340,1096.822099,1083.039382,1116.093800,1124.057971,1082.224194,1039.099405,1011.249254,992.828268,968.204061,938.249437,902.222868,858.011831,826.610540,805.422229,769.840588,731.317375,694.861341,650.695568,595.249740,538.924217,494.695028,445.967638,394.950630,360.342300,327.452104,288.787050,251.623522,218.595990,185.988493,148.109669,111.347785,79.328123,49.813567,21.256663,0.871469,0.000000,0.635987,0.000000,0.000000,0.045659,0.000000,0.000000,0.003284,0.000000,0.000000,0.000234,0.000000,0.000000,0.000000,0.000000,0.000000,0.000000,0.000000,0.000000,0.000000,0.000000,0.000000,0.000000,0.000000,0.000000,0.000000,0.000000,0.000000,0.000000,0.000000
0.000000,0.000000,0.000000,0.000000,0.000000,0.000000,0.000000,0.000000,0.000000,0.000000,0.000000,0.000000,0.000000,0.000000,0.000000,0.000000,0.000000,0.000000,0.000258,0.000000,0.000000,0.003568,0.000000,0.000000,0.049719,0.000000,0.000000,0.692561,0.000000,0.783594,22.052162,50.711890,80.787988,115.641545,147.777847,175.480195,205.081200,240.807663,279.212733,314.509469,357.663953,410.878608,462.756826,498.348252,517.614805,537.152551,576.470537,625.199332,656.058065,694.490856,740.007395,762.123482,773.801520,794.429986,832.728770,877.548807,914.324653,940.474470,984.048757,1034.758581,1053.169325,1092.550181,1162.962631,1216.040557,1238.161342,1253.501786,1293.714702,1309.318310,1295.551555,1300.564165,1329.051473,1359.567977,1357.849270,1312.539615,1253.216253,1225.522136,1217.690116,1209.840967,1188.361384,1141.982566,1106.279200,1123.708312,1089.333259,1012.073807,1003.043953,988.237749,939.209432,908.775671,890.755156,860.255266,805.296481,776.898824,766.458209,717.825250,685.664198,679.157701,646.866675,592.382999,535.377267,490.393597,448.843407,405.394741,363.633850,328.740936,296.559841,257.643325,220.755846,188.994271,156.684557,123.069017,88.904590,55.560523,23.359733,0.779330,0.000000,0.723015,0.000000,0.000000,0.051910,0.000000,0.000000,0.003731,0.000000,0.000000,0.000262,0.000000,0.000000,0.000000,0.000000,0.000000,0.000000,0.000000,0.000000,0.000000,0.000000,0.000000,0.000000,0.000000,0.000000,0.000000,0.000000,0.000000,0.000000,0.000000
0.000000,0.000000,0.000000,0.000000,0.000000,0.000000,0.000000,0.000000,0.000000,0.000000,0.000000,0.000000,0.000000,0.000000,0.000000,0.000000,0.000000,0.000000,0.000265,0.000000,0.000000,0.003668,0.000000,0.000000,0.051143,0.000000,0.000000,0.712406,0.000000,0.625547,22.041130,52.108027,82.352605,113.140798,144.968851,175.412587,203.528460,244.282194,294.778636,335.860308,372.820110,409.647283,442.837219,480.665924,515.922929,533.496215,562.380356,607.300668,643.086000,668.340274,694.965572,731.403105,747.774222,767.430125,841.375150,885.341055,885.025609,915.492958,983.628644,1054.574707,1086.885242,1139.859271,1224.384829,1285.433641,1304.350334,1299.076818,1301.506969,1290.871688,1259.102729,1230.888251,1242.452306,1273.774916,1264.301574,1229.047705,1184.318077,1133.792210,1109.458435,1119.654749,1138.898575,1125.789675,1092.328882,1085.380695,1061.053188,1023.351737,1018.796969,1002.263331,965.196900,945.080451,910.888311,853.526795,800.482115,774.213047,754.353961,702.650600,675.252499,677.208813,647.841842,568.752385,486.527554,463.029010,440.631545,394.236722,356.985489,335.631166,313.370418,266.611162,219.736228,185.270964,154.058958,122.840213,90.339709,56.602810,23.482461,0.629531,0.000000,0.753204,0.000000,0.000000,0.054080,0.000000,0.000000,0.003884,0.000000,0.000000,0.000276,0.000000,0.000000,0.000000,0.000000,0.000000,0.000000,0.000000,0.000000,0.000000,0.000000,0.000000,0.000000,0.000000,0.000000,0.000000,0.000000,0.000000,0.000000,0.000000
0.000000,0.000000,0.000000,0.000000,0.000000,0.000000,0.000000,0.000000,0.000000,0.000000,0.000000,0.000000,0.000000,0.000000,0.000000,0.000000,0.000000,0.000000,0.000258,0.000000,0.000000,0.003565,0.000000,0.000000,0.049656,0.000000,0.000000,0.691619,0.000000,0.451562,20.608215,49.228998,78.708565,109.401489,139.082809,167.631171,197.907174,232.628183,271.643196,310.548488,341.306572,363.526107,385.374272,423.370920,472.779947,511.866309,549.773777,594.742911,642.627954,676.897600,703.126725,742.143109,773.795734,807.052371,871.475547,918.236550,938.503774,969.646202,1000.529299,1012.350364,1007.268454,1049.725449,1129.422006,1174.211543,1225.388195,1270.783517,1245.857014,1221.648372,1204.423766,1145.021405,1122.628285,1135.812153,1107.688853,1086.267053,1078.806863,1044.031343,1035.249137,1066.610782,1091.439696,1071.851378,1043.284678,1075.162604,1087.524331,1058.339798,1043.561007,1026.846752,986.546643,925.293095,883.795350,856.401444,801.010807,753.043979,719.108626,672.414546,650.767801,649.372776,616.272950,552.162379,492.189087,469.709779,444.397764,396.127211,346.033500,313.241607,290.021510,252.553362,215.600728,184.107321,148.715925,117.029719,89.037819,55.752930,22.317636,0.472813,0.000000,0.733081,0.000000,0.000000,0.052640,0.000000,0.000000,0.003773,0.000000,0.000000,0.000267,0.000000,0.000000,0.000000,0.000000,0.000000,0.000000,0.000000,0.000000,0.000000,0.000000,0.000000,0.000000,0.000000,0.000000,0.000000,0.000000,0.000000,0.000000,0.000000
0.000000,0.000000,0.000000,0.000000,0.000000,0.000000,0.000000,0.000000,0.000000,0.000000,0.000000,0.000000,0.000000,0.000000,0.000000,0.000000,0.000000,0.000000,0.000304,0.000000,0.000000,0.004183,0.000000,0.000000,0.058266,0.000000,0.000000,0.811467,0.000000,0.288203,22.580037,52.381362,83.258433,119.643173,152.387819,182.766587,220.673918,254.970781,283.312338,313.698205,342.776013,370.165808,401.066777,444.690875,495.033758,536.779357,583.642656,640.783203,693.776691,713.047368,714.088865,739.808950,760.458841,790.068169,878.348722,970.645522,1022.473798,1030.493444,1011.564258,994.985751,1009.958052,1057.609684,1108.670841,1132.816464,1179.609290,1228.128472,1203.214039,1189.785269,1200.239231,1166.552739,1142.257814,1150.902963,1165.441804,1189.266842,1203.049343,1177.583229,1165.310591,1174.517968,1161.859161,1140.519141,1136.021192,1153.461383,1132.829276,1085.899543,1083.197781,1076.975542,1027.982376,950.578077,904.914050,880.409204,815.453502,757.061216,729.987869,714.055817,707.684448,694.215062,649.960575,591.177994,541.571656,512.351947,478.938544,430.295081,378.902723,342.223478,315.536483,279.394062,242.405869,206.844821,165.569230,126.345548,91.975127,57.588898,23.639062,0.302812,0.000000,0.828683,0.000000,0.000000,0.059496,0.000000,0.000000,0.004271,0.000000,0.000000,0.000303,0.000000,0.000000,0.000000,0.000000,0.000000,0.000000,0.000000,0.000000,0.000000,0.000000,0.000000,0.000000,0.000000,0.000000,0.000000,0.000000,0.000000,0.000000,0.000000
0.000000,0.000000,0.000000,0.000000,0.000000,0.000000,0.000000,0.000000,0.000000,0.000000,0.000000,0.000000,0.000000,0.000000,0.000000,0.000000,0.000000,0.000000,0.000309,0.000000,0.000000,0.004262,0.000000,0.000000,0.059428,0.000000,0.000000,0.827685,0.000000,0.147422,22.683720,53.602827,85.636274,122.830346,162.959973,201.984673,238.245579,280.864113,327.892188,366.566144,397.790179,427.498548,462.289312,507.439417,562.772539,622.514342,677.749963,721.486436,751.858932,771.191870,786.044987,805.958499,846.144484,908.472483,976.892192,1035.418167,1073.710528,1092.830986,1104.727552,1121.405430,1151.129016,1197.383114,1231.062119,1222.195691,1248.846373,1301.853269,1291.827766,1260.855298,1242.026795,1225.143781,1199.648629,1183.802932,1209.369315,1258.741825,1296.245549,1293.650156,1271.122120,1250.457060,1239.406313,1238.346703,1245.036056,1253.007487,1254.749209,1239.631864,1201.910704,1173.869352,1151.308199,1103.404704,1068.546013,1042.197189,974.833610,884.827807,815.885366,794.365498,768.695546,719.270780,671.840475,625.714199,580.410368,540.487245,510.775223,477.399496,420.564565,374.772965,343.899213,298.694675,253.440673,214.939091,174.155984,133.791827,96.011927,59.442301,24.232340,0.150078,0.000000,0.869771,0.000000,0.000000,0.062447,0.000000,0.000000,0.004485,0.000000,0.000000,0.000326,0.000000,0.000000,0.000000,0.000000,0.000000,0.000000,0.000000,0.000000,0.000000,0.000000,0.000000,0.000000,0.000000,0.000000,0.000000,0.000000,0.000000,0.000000,0.000000
0.000000,0.000000,0.000000,0.000000,0.000000,0.000000,0.000000,0.000000,0.000000,0.000000,0.000000,0.000000,0.000000,0.000000,0.000000,0.000000,0.000000,0.000000,0.000303,0.000000,0.000000,0.004174,0.000000,0.000000,0.058182,0.000000,0.000000,0.810387,0.000000,0.047813,22.078011,51.657214,83.235744,123.226771,167.472938,210.941119,252.543819,300.106566,352.452570,397.035896,422.618327,443.713325,484.912531,518.603206,548.318395,602.809382,645.618550,678.534146,739.246684,790.928520,820.176635,851.771232,886.276801,922.693299,964.523275,1018.757970,1068.313489,1088.574052,1106.887384,1129.448980,1139.006628,1157.372124,1180.887555,1186.494904,1215.832621,1265.572937,1285.695835,1283.623993,1271.085133,1249.443259,1220.508527,1216.056036,1272.256581,1332.083176,1354.789061,1347.453530,1329.612028,1304.621847,1266.354305,1243.366354,1244.907223,1250.093628,1233.616925,1198.591094,1169.321330,1145.760165,1112.360788,1060.115195,1033.675583,1021.232515,960.805093,877.837193,822.208545,815.157199,774.851401,699.213506,658.744399,624.729882,577.459294,529.853485,494.916887,467.530917,429.618597,381.770285,334.728442,297.539394,257.302139,212.043317,172.496103,133.859891,94.722943,59.157597,24.762958,0.051797,0.000000,0.901251,0.000000,0.000000,0.064703,0.000000,0.000000,0.004644,0.000000,0.000000,0.000336,0.000000,0.000000,0.000000,0.000000,0.000000,0.000000,0.000000,0.000000,0.000000,0.000000,0.000000,0.000000,0.000000,0.000000,0.000000,0.000000,0.000000,0.000000,0.000000
0.000000,0.000000,0.000000,0.000000,0.000000,0.000000,0.000000,0.000000,0.000000,0.000000,0.000000,0.000000,0.000000,0.000000,0.000000,0.000000,0.000000,0.000000,0.000300,0.000000,0.000000,0.004210,0.000000,0.000000,0.058663,0.000000,0.000000,0.817142,0.000000,0.002656,22.421031,52.853953,85.070498,125.104764,173.376861,219.710847,253.738779,301.126661,359.491266,398.791371,428.427870,467.325255,521.583594,552.698822,568.896473,611.338958,642.710852,670.489911,737.150758,781.387581,798.276525,843.268376,871.225569,887.659853,949.145875,1013.707190,1050.251529,1069.778336,1105.194636,1154.809712,1186.568246,1211.801395,1241.516238,1272.671236,1299.795099,1328.111560,1364.945248,1386.728475,1387.715687,1381.391841,1346.468709,1333.019163,1419.442169,1476.933732,1467.378705,1468.129240,1427.187264,1352.504365,1314.242891,1275.493234,1227.737855,1200.131811,1156.759418,1114.979768,1127.339867,1111.394482,1051.382211,1013.127226,982.307942,947.475737,913.494302,855.457410,800.498518,802.768332,779.300257,715.585910,677.989486,644.042658,595.476498,542.284871,496.967116,467.675939,452.145983,417.767544,362.854853,316.937685,270.587448,220.203902,174.967985,133.896335,95.037452,58.022904,23.384433,0.002656,0.000000,0.832405,0.000000,0.000000,0.059759,0.000000,0.000000,0.004289,0.000000,0.000000,0.000311,0.000000,0.000000,0.000000,0.000000,0.000000,0.000000,0.000000,0.000000,0.000000,0.000000,0.000000,0.000000,0.000000,0.000000,0.000000,0.000000,0.000000,0.000000,0.000000
0.000000,0.000000,0.000000,0.000000,0.000000,0.000000,0.000000,0.000000,0.000000,0.000000,0.000000,0.000000,0.000000,0.000000,0.000000,0.000000,0.000000,0.000000,0.000285,0.000000,0.000000,0.003970,0.000000,0.000000,0.055358,0.000000,0.000000,0.771071,0.000000,0.000000,21.513544,51.656264,83.100531,118.281878,157.456395,196.503024,231.888874,277.573118,331.572970,376.180937,413.510307,454.962637,506.908151,540.428516,566.396807,623.688203,674.761059,714.531588,771.162363,800.918915,817.080035,878.934403,930.205168,956.735686,1001.887241,1044.579699,1071.911199,1102.943998,1181.257026,1265.184890,1264.457972,1278.726627,1338.831070,1374.441206,1374.491633,1396.237267,1493.199318,1510.528503,1446.934535,1454.519373,1451.151044,1414.582193,1418.646555,1433.487061,1446.314652,1473.135239,1458.890038,1398.604985,1340.392233,1283.864684,1240.343457,1228.927333,1209.408541,1177.066533,1160.309854,1120.149634,1057.331885,1015.362551,982.805797,947.130800,906.908942,852.556933,801.136254,781.052433,748.040805,698.363356,669.490506,627.687407,570.442983,532.004059,496.000544,454.047081,416.238439,377.864879,338.404798,303.003309,263.230097,216.427047,169.604638,129.666674,94.727425,57.289991,22.207095,0.000000,0.000000,0.768714,0.000000,0.000000,0.055190,0.000000,0.000000,0.003962,0.000000,0.000000,0.000286,0.000000,0.000000,0.000000,0.000000,0.000000,0.000000,0.000000,0.000000,0.000000,0.000000,0.000000,0.000000,0.000000,0.000000,0.000000,0.000000,0.000000,0.000000,0.000000
0.000000,0.000000,0.000000,0.000000,0.000000,0.000000,0.000000,0.000000,0.000000,0.000000,0.000000,0.000000,0.000000,0.000000,0.000000,0.000000,0.000000,0.000000,0.000281,0.000000,0.000000,0.003887,0.000000,0.000000,0.054176,0.000000,0.000000,0.754547,0.000000,0.000000,21.141878,50.953877,82.855327,118.436978,151.025757,184.221749,227.199964,264.743461,299.473444,349.181159,400.730286,451.295215,507.422534,539.716834,562.012594,618.518051,668.961443,706.496238,760.878613,789.296891,806.725759,872.862759,924.493296,941.596363,969.226359,1004.056493,1041.811339,1088.532775,1140.174413,1178.227018,1189.409319,1235.618491,1307.206416,1329.331213,1325.168020,1334.918187,1371.639416,1382.803450,1370.859656,1387.276229,1393.625892,1373.001799,1348.506574,1319.593360,1304.752036,1329.517778,1327.397026,1280.416013,1232.641717,1185.679238,1145.824271,1126.234405,1100.281440,1071.996386,1067.634854,1039.549453,974.784582,911.353315,873.580296,847.602350,799.694490,750.681740,724.833900,723.201198,701.722812,658.354137,627.348763,578.012961,517.946949,488.265883,451.074158,400.124284,367.928387,337.242988,301.894230,273.374203,240.442437,198.428694,155.679085,119.522495,88.161369,53.996597,21.176627,0.000000,0.000000,0.735016,0.000000,0.000000,0.052767,0.000000,0.000000,0.003788,0.000000,0.000000,0.000272,0.000000,0.000000,0.000000,0.000000,0.000000,0.000000,0.000000,0.000000,0.000000,0.000000,0.000000,0.000000,0.000000,0.000000,0.000000,0.000000,0.000000,0.000000,0.000000
0.000000,0.000000,0.000000,0.000000,0.000000,0.000000,0.000000,0.000000,0.000000,0.000000,0.000000,0.000000,0.000000,0.000000,0.000000,0.000000,0.000000,0.000000,0.000280,0.000000,0.000000,0.003875,0.000000,0.000000,0.053966,0.000000,0.000000,0.751573,0.000000,0.000000,21.383669,53.219604,87.328687,122.824934,160.568642,199.383384,236.813221,275.545056,319.807320,371.606984,427.084996,484.560767,542.275344,587.572945,624.548804,672.657700,737.831453,795.839366,811.323667,816.088160,833.777285,869.518064,924.194411,978.424426,1008.136854,1052.762878,1113.189474,1147.325251,1159.723321,1179.558304,1229.537627,1270.930575,1284.164517,1285.558647,1291.843739,1311.716830,1343.444317,1375.320917,1396.402378,1400.763698,1401.689833,1403.616413,1396.068043,1373.602741,1348.725945,1335.905854,1297.955468,1245.666206,1228.837973,1210.269800,1170.945808,1132.961893,1115.401839,1121.426610,1133.812043,1117.825896,1062.254546,989.129384,940.335949,908.641608,853.566609,809.077403,789.234255,769.060570,729.348650,682.433128,654.897075,609.050625,544.610561,500.738908,460.138187,414.918541,376.663383,340.898842,307.567333,281.225929,247.443171,203.390127,160.658951,121.792557,85.851141,51.438993,20.229053,0.000000,0.000000,0.703417,0.000000,0.000000,0.050503,0.000000,0.000000,0.003624,0.000000,0.000000,0.000258,0.000000,0.000000,0.000000,0.000000,0.000000,0.000000,0.000000,0.000000,0.000000,0.000000,0.000000,0.000000,0.000000,0.000000,0.000000,0.000000,0.000000,0.000000,0.000000
0.000000,0.000000,0.000000,0.000000,0.000000,0.000000,0.000000,0.000000,0.000000,0.000000,0.000000,0.000000,0.000000,0.000000,0.000000,0.000000,0.000000,0.000000,0.000235,0.000000,0.000000,0.003286,0.000000,0.000000,0.045797,0.000000,0.000000,0.637785,0.000000,0.000000,18.300851,46.384117,77.477211,110.553246,147.462828,187.754020,228.741689,270.229864,316.103729,368.943501,412.646550,452.307440,507.058906,552.008704,587.456765,640.743409,704.388131,757.239603,782.129109,803.607580,830.797202,860.204582,920.528754,997.036856,1040.712718,1085.502624,1135.965773,1157.449216,1165.053976,1184.127556,1223.093175,1238.303662,1231.234695,1244.873245,1267.584121,1301.076120,1352.567059,1350.841500,1316.084018,1345.411631,1404.909668,1447.195240,1454.077424,1455.108425,1451.595606,1417.729739,1379.014665,1356.243767,1346.925883,1318.360723,1275.311556,1255.111521,1246.593301,1232.087682,1198.870404,1136.735544,1070.817849,1040.975312,1003.951461,939.899914,875.277003,836.133999,817.206048,784.386960,722.408246,654.848603,621.877086,591.243293,543.859167,492.636781,453.956420,419.702518,368.717466,325.929472,297.717308,265.616302,224.001929,179.986539,145.446873,114.826925,82.979867,50.427692,19.979012,0.000000,0.000000,0.696989,0.000000,0.000000,0.050044,0.000000,0.000000,0.003593,0.000000,0.000000,0.000257,0.000000,0.000000,0.000000,0.000000,0.000000,0.000000,0.000000,0.000000,0.000000,0.000000,0.000000,0.000000,0.000000,0.000000,0.000000,0.000000,0.000000,0.000000,0.000000
0.000000,0.000000,0.000000,0.000000,0.000000,0.000000,0.000000,0.000000,0.000000,0.000000,0.000000,0.000000,0.000000,0.000000,0.000000,0.000000,0.000000,0.000000,0.000226,0.000000,0.000000,0.003126,0.000000,0.000000,0.043515,0.000000,0.000000,0.606023,0.000000,0.000000,17.390938,44.071556,74.009150,106.847376,143.740550,183.573823,222.964606,260.257292,299.832717,346.666034,386.343741,426.431196,487.349112,536.379436,567.132009,605.928813,648.422694,689.328791,729.691373,765.239779,802.175778,853.184906,913.522948,974.427274,1031.478062,1096.471308,1152.164745,1165.914549,1175.583794,1207.352026,1250.138366,1262.498497,1243.761535,1233.847550,1251.918766,1281.356800,1290.601204,1310.203556,1338.874341,1342.086999,1355.468291,1400.266125,1456.197312,1459.236588,1407.892897,1361.792992,1328.174691,1313.943106,1323.575802,1297.659697,1244.446125,1230.073866,1217.152114,1181.758067,1136.040041,1074.013606,1021.262201,1016.367774,997.931470,956.739572,941.626433,905.641926,842.133348,796.468419,750.030382,695.922725,649.705686,609.020169,563.516330,505.972389,457.377094,420.110487,377.432859,333.955799,292.471617,250.475917,211.573345,176.376340,142.289828,110.542652,80.119880,48.356403,18.847994,0.000000,0.000000,0.652188,0.000000,0.000000,0.046829,0.000000,0.000000,0.003362,0.000000,0.000000,0.000241,0.000000,0.000000,0.000000,0.000000,0.000000,0.000000,0.000000,0.000000,0.000000,0.000000,0.000000,0.000000,0.000000,0.000000,0.000000,0.000000,0.000000,0.000000,0.000000
0.000000,0.000000,0.000000,0.000000,0.000000,0.000000,0.000000,0.000000,0.000000,0.000000,0.000000,0.000000,0.000000,0.000000,0.000000,0.000000,0.000000,0.000000,0.000208,0.000000,0.000000,0.002939,0.000000,0.000000,0.040914,0.000000,0.000000,0.569811,0.000000,0.000000,16.975787,46.299082,80.242131,113.152301,151.982492,195.382951,234.444207,276.131978,322.013679,366.967191,416.198000,465.685254,504.847670,542.928452,581.777613,615.759310,652.980912,698.551498,747.422372,775.426355,795.905551,846.808910,897.194379,951.171025,1042.496589,1112.004403,1134.174212,1144.962486,1182.718710,1246.070890,1294.916554,1298.892161,1277.207902,1283.636239,1328.130929,1376.088583,1384.035553,1404.340072,1431.441335,1406.283628,1400.217953,1435.587963,1463.104242,1456.507496,1411.387735,1350.721404,1334.924378,1356.748896,1349.320671,1325.670468,1303.553004,1281.277175,1248.493742,1205.803506,1163.775909,1123.066481,1091.796754,1076.754266,1041.026733,993.928617,980.094006,952.479430,890.379663,824.774949,771.542209,731.389194,695.599857,661.564090,619.010734,555.406721,488.462823,434.024063,393.572687,351.299042,304.653288,264.569543,227.537656,190.556778,154.196656,117.694685,81.373951,47.022094,17.781103,0.000000,0.000000,0.606485,0.000000,0.000000,0.043549,0.000000,0.000000,0.003125,0.000000,0.000000,0.000225,0.000000,0.000000,0.000000,0.000000,0.000000,0.000000,0.000000,0.000000,0.000000,0.000000,0.000000,0.000000,0.000000,0.000000,0.000000,0.000000,0.000000,0.000000,0.000000
0.000000,0.000000,0.000000,0.000000,0.000000,0.000000,0.000000,0.000000,0.000000,0.000000,0.000000,0.000000,0.000000,0.000000,0.000000,0.000000,0.000000,0.000000,0.000177,0.000000,0.000000,0.002478,0.000000,0.000000,0.034482,0.000000,0.000000,0.480298,0.000000,0.000000,14.615353,41.480924,74.303269,106.521876,142.264827,182.447040,222.430219,259.599991,295.298357,334.295615,381.931838,431.286402,468.518041,502.486928,543.754653,595.202266,639.552063,677.831778,727.407719,777.932941,814.384225,829.161107,837.401144,874.323220,963.058479,1019.680353,1035.227229,1079.227839,1121.750074,1147.878598,1173.008626,1168.821969,1153.272011,1186.208875,1263.860266,1333.471211,1338.164061,1334.419383,1345.969269,1345.113962,1340.172667,1349.558184,1377.490325,1375.253819,1332.735172,1290.148998,1278.913354,1284.479006,1265.108364,1251.597441,1260.082186,1270.583923,1256.725775,1215.466155,1165.757857,1119.147287,1081.507211,1052.852916,1025.167157,994.206198,959.826834,922.716528,877.331161,817.335434,758.655640,710.219971,671.536316,648.401880,617.545376,543.703469,475.052340,432.019075,391.753985,348.024170,304.194735,265.329401,224.583060,182.337739,146.238927,113.056892,79.406479,45.758093,17.012902,0.000000,0.000000,0.575076,0.000000,0.000000,0.041292,0.000000,0.000000,0.002962,0.000000,0.000000,0.000215,0.000000,0.000000,0.000000,0.000000,0.000000,0.000000,0.000000,0.000000,0.000000,0.000000,0.000000,0.000000,0.000000,0.000000,0.000000,0.000000,0.000000,0.000000,0.000000
0.000000,0.000000,0.000000,0.000000,0.000000,0.000000,0.000000,0.000000,0.000000,0.000000,0.000000,0.000000,0.000000,0.000000,0.000000,0.000000,0.000000,0.000000,0.000203,0.000000,0.000000,0.002845,0.000000,0.000000,0.039546,0.000000,0.000000,0.550834,0.000000,0.000000,16.446640,44.990694,79.219721,114.146132,149.725955,186.340109,222.710699,255.337201,287.956699,328.897715,375.677368,422.708887,465.135800,503.168320,540.996561,584.812704,637.936627,700.283820,764.692659,809.265040,832.712711,850.753127,857.555117,877.686618,946.897332,1004.443966,1029.595767,1058.055259,1092.675313,1123.623952,1141.044243,1145.005787,1145.450902,1157.715264,1188.988127,1216.829014,1214.756482,1248.937680,1308.963989,1309.118174,1276.313504,1270.688269,1319.730456,1322.794220,1269.493689,1249.224914,1259.343471,1271.581489,1266.663370,1262.784828,1264.574745,1255.165745,1227.273982,1182.271252,1130.851970,1092.595268,1062.454087,1021.087031,998.246464,985.844432,943.636735,908.594075,876.534863,806.826839,757.429392,730.896571,672.438957,621.297198,585.685547,532.757264,478.177334,433.031076,391.856962,349.056837,305.501498,266.426894,229.518443,190.627362,148.005508,109.065118,75.467271,43.287383,16.030811,0.000000,0.000000,0.540562,0.000000,0.000000,0.038813,0.000000,0.000000,0.002782,0.000000,0.000000,0.000196,0.000000,0.000000,0.000000,0.000000,0.000000,0.000000,0.000000,0.000000,0.000000,0.000000,0.000000,0.000000,0.000000,0.000000,0.000000,0.000000,0.000000,0.000000,0.000000
0.000000,0.000000,0.000000,0.000000,0.000000,0.000000,0.000000,0.000000,0.000000,0.000000,0.000000,0.000000,0.000000,0.000000,0.000000,0.000000,0.000000,0.000000,0.000206,0.000000,0.000000,0.002965,0.000000,0.000000,0.041302,0.000000,0.000000,0.575254,0.000000,0.000000,17.386228,48.546921,85.801216,122.063635,159.591409,199.564241,239.812191,279.050126,318.144616,358.762728,398.516093,437.353412,478.516318,525.015288,564.818751,587.039646,642.070932,724.363272,774.323545,809.628504,849.096794,888.181036,910.982239,936.068892,994.962018,1032.068992,1044.923619,1086.623931,1133.673261,1164.181527,1181.631578,1201.691833,1221.269714,1226.938163,1253.293081,1292.242097,1304.459877,1343.803950,1406.745631,1428.049334,1430.849992,1450.718622,1492.549168,1489.966120,1441.244220,1411.635184,1406.159217,1410.795934,1411.823276,1408.928086,1397.077847,1366.780241,1322.322651,1271.620419,1220.921430,1164.499374,1100.119194,1036.623317,1000.777710,971.456791,903.943561,859.989835,837.143057,774.551052,733.450189,718.470193,670.541351,631.016363,604.528811,550.130774,492.700484,448.700306,408.469117,361.038907,311.893711,275.465240,237.075219,190.724950,145.484190,106.271394,72.531313,41.294208,15.284401,0.000000,0.000000,0.515385,0.000000,0.000000,0.037003,0.000000,0.000000,0.002650,0.000000,0.000000,0.000191,0.000000,0.000000,0.000000,0.000000,0.000000,0.000000,0.000000,0.000000,0.000000,0.000000,0.000000,0.000000,0.000000,0.000000,0.000000,0.000000,0.000000,0.000000,0.000000
0.000000,0.000000,0.000000,0.000000,0.000000,0.000000,0.000000,0.000000,0.000000,0.000000,0.000000,0.000000,0.000000,0.000000,0.000000,0.000000,0.000000,0.000000,0.000206,0.000000,0.000000,0.002869,0.000000,0.000000,0.039968,0.000000,0.000000,0.556742,0.000000,0.000000,16.665095,45.796400,81.233709,118.570662,158.771538,201.864762,245.230086,284.604779,321.131019,359.862834,398.716876,442.111733,498.624892,560.712191,607.363418,626.356491,671.985005,734.652428,756.867226,805.543907,889.084728,942.144668,975.319156,999.301614,1013.167197,1047.589127,1099.905036,1137.991374,1162.904802,1183.958159,1207.852372,1229.985403,1242.708447,1242.026094,1242.329836,1264.013017,1317.253020,1372.892128,1407.673042,1422.515776,1435.213936,1459.868128,1494.786033,1506.074580,1473.568967,1412.514711,1392.883431,1407.590507,1385.057207,1354.474419,1341.626890,1337.432988,1311.487433,1273.732191,1259.973440,1227.723563,1166.880426,1115.023470,1085.258496,1063.353434,1020.890045,954.324909,883.562722,834.473967,797.626521,755.524682,700.316774,655.430224,618.790188,565.662282,514.912870,473.410046,427.154484,371.833227,316.527132,273.927009,230.271532,181.787078,138.874648,102.648267,70.489481,39.867854,14.522898,0.000000,0.000000,0.485367,0.000000,0.000000,0.034845,0.000000,0.000000,0.002498,0.000000,0.000000,0.000180,0.000000,0.000000,0.000000,0.000000,0.000000,0.000000,0.000000,0.000000,0.000000,0.000000,0.000000,0.000000,0.000000,0.000000,0.000000,0.000000,0.000000,0.000000,0.000000
0.000000,0.000000,0.000000,0.000000,0.000000,0.000000,0.000000,0.000000,0.000000,0.000000,0.000000,0.000000,0.000000,0.000000,0.000000,0.000000,0.000000,0.000000,0.000135,0.000000,0.000000,0.002531,0.000000,0.000000,0.035293,0.000000,0.000000,0.491638,0.000000,0.000000,14.983670,42.507240,76.648859,112.071536,152.238794,195.157550,233.270217,267.638335,304.481893,350.676703,403.832771,460.159124,518.744622,585.234869,649.406942,693.073275,735.656607,771.846808,781.225656,817.202028,895.404914,977.944271,1037.511174,1077.231456,1121.836602,1163.540762,1189.367770,1198.147772,1216.606460,1251.048450,1284.385932,1309.480856,1324.810674,1329.004401,1312.651784,1312.181292,1374.545677,1420.415780,1403.040488,1353.839021,1336.413372,1358.631861,1371.261772,1348.149489,1303.810209,1283.306369,1311.988600,1350.095594,1326.664016,1286.631393,1263.498592,1248.262602,1225.253434,1209.575309,1225.511198,1205.324243,1146.955647,1119.171390,1103.785120,1075.083412,1026.867917,964.240308,900.844686,848.976851,803.411061,749.326433,678.897720,628.193455,599.086126,557.560260,506.546646,454.962936,406.199266,354.383311,302.172413,259.478516,222.095313,183.585445,141.193038,101.320706,67.268902,37.548149,13.759088,0.000000,0.000000,0.461676,0.000000,0.000000,0.033146,0.000000,0.000000,0.002375,0.000000,0.000000,0.000173,0.000000,0.000000,0.000000,0.000000,0.000000,0.000000,0.000000,0.000000,0.000000,0.000000,0.000000,0.000000,0.000000,0.000000,0.000000,0.000000,0.000000,0.000000,0.000000
0.000000,0.000000,0.000000,0.000000,0.000000,0.000000,0.000000,0.000000,0.000000,0.000000,0.000000,0.000000,0.000000,0.000000,0.000000,0.000000,0.000000,0.000000,0.000089,0.000000,0.000000,0.002176,0.000000,0.000000,0.030320,0.000000,0.000000,0.422317,0.000000,0.000000,13.134352,38.561792,70.407641,102.038994,139.166680,181.052349,219.945015,259.276437,302.289975,349.431985,402.917456,462.529262,524.969825,587.474917,643.523108,687.918228,737.612984,783.656926,802.123127,835.441214,901.198917,978.251346,1053.335627,1117.866838,1166.786029,1201.139056,1228.484414,1257.143082,1281.983587,1316.941485,1376.593752,1392.191315,1359.532022,1344.500527,1353.898254,1376.399542,1398.038663,1410.204005,1407.897610,1393.312313,1384.868905,1370.115959,1322.450245,1283.823406,1266.989268,1252.370904,1256.439982,1272.909010,1272.218441,1260.251116,1258.874321,1280.323648,1271.836313,1242.338001,1246.956419,1210.025437,1138.105077,1116.055496,1081.500610,1019.170210,977.795235,928.212249,868.251679,829.971971,792.069662,739.580417,681.139542,635.318990,601.297733,560.922027,512.961182,462.327879,413.422707,361.583008,308.324572,262.070505,224.905705,190.354938,148.596546,105.345291,67.145455,36.201344,13.003778,0.000000,0.000000,0.431925,0.000000,0.000000,0.031012,0.000000,0.000000,0.002225,0.000000,0.000000,0.000117,0.000000,0.000000,0.000000,0.000000,0.000000,0.000000,0.000000,0.000000,0.000000,0.000000,0.000000,0.000000,0.000000,0.000000,0.000000,0.000000,0.000000,0.000000,0.000000
0.000000,0.000000,0.000000,0.000000,0.000000,0.000000,0.000000,0.000000,0.000000,0.000000,0.000000,0.000000,0.000000,0.000000,0.000000,0.000000,0.000000,0.000000,0.000042,0.000000,0.000000,0.001994,0.000000,0.000000,0.027801,0.000000,0.000000,0.387188,0.000000,0.000000,12.321811,37.528951,70.023069,102.167922,139.682965,182.584012,224.118301,267.146897,312.699678,357.908670,403.314971,457.887674,529.169297,589.412442,629.437701,666.453981,713.269304,763.583138,799.779349,829.633881,863.261577,906.107482,963.082623,1017.944163,1046.872642,1084.372615,1137.540072,1179.525313,1214.721112,1253.642025,1295.907350,1310.312717,1312.092525,1349.221466,1386.996924,1402.323878,1404.265167,1393.304274,1387.085915,1407.251488,1411.136406,1372.078202,1313.823079,1309.968137,1336.972054,1302.098700,1277.021202,1284.500083,1273.770774,1265.405435,1272.143992,1277.272133,1254.428860,1214.244151,1189.688759,1144.829606,1098.715976,1105.351299,1068.411949,991.362121,969.115112,926.015043,849.554227,809.929424,776.549294,724.763731,664.146932,608.108517,558.242401,507.751715,467.069363,431.985860,385.078352,334.281067,288.570430,250.085196,214.809498,178.659626,140.343816,103.376755,68.775398,35.802017,11.549483,0.000000,0.000000,0.359910,0.000000,0.000000,0.025843,0.000000,0.000000,0.001859,0.000000,0.000000,0.000074,0.000000,0.000000,0.000000,0.000000,0.000000,0.000000,0.000000,0.000000,0.000000,0.000000,0.000000,0.000000,0.000000,0.000000,0.000000,0.000000,0.000000,0.000000,0.000000
0.000000,0.000000,0.000000,0.000000,0.000000,0.000000,0.000000,0.000000,0.000000,0.000000,0.000000,0.000000,0.000000,0.000000,0.000000,0.000000,0.000000,0.000000,0.000000,0.000000,0.000000,0.001887,0.000000,0.000000,0.026283,0.000000,0.000000,0.366024,0.000000,0.000000,12.038914,38.577213,74.042554,108.531340,146.742500,188.612829,227.963712,268.482053,314.925280,366.578365,407.837817,444.120807,495.927401,549.173692,592.175158,627.796375,671.903159,723.553532,764.992274,790.632436,808.782042,834.005154,867.450957,909.109021,957.901325,1001.842379,1038.773533,1075.452342,1103.149979,1135.797774,1194.066204,1222.031382,1224.280614,1264.978070,1320.194946,1350.301420,1336.384517,1306.461719,1277.036246,1249.674236,1251.134136,1264.392184,1249.615780,1274.553875,1324.983498,1312.040307,1305.225596,1318.147319,1292.890047,1276.292460,1279.442767,1264.280372,1248.257681,1223.664135,1157.383283,1071.219733,1014.791647,1022.648045,993.739385,923.903546,902.627235,872.091226,814.468032,776.312081,746.064218,710.768788,671.019388,624.245052,568.368276,506.960610,457.622711,418.770290,371.473010,319.447930,271.163130,232.193994,200.208292,169.876410,136.573316,102.132015,67.765005,34.522249,10.715308,0.000000,0.000000,0.325453,0.000000,0.000000,0.023373,0.000000,0.000000,0.001679,0.000000,0.000000,0.000039,0.000000,0.000000,0.000000,0.000000,0.000000,0.000000,0.000000,0.000000,0.000000,0.000000,0.000000,0.000000,0.000000,0.000000,0.000000,0.000000,0.000000,0.000000,0.000000
0.000000,0.000000,0.000000,0.000000,0.000000,0.000000,0.000000,0.000000,0.000000,0.000000,0.000000,0.000000,0.000000,0.000000,0.000000,0.000000,0.000000,0.000000,0.000000,0.000000,0.000000,0.001725,0.000000,0.000000,0.024023,0.000000,0.000000,0.334598,0.000000,0.000000,11.334021,37.821547,74.673057,111.261651,148.981918,189.986629,235.170366,290.256749,351.296546,404.407427,443.265498,479.245621,528.391528,567.999867,600.125520,647.750744,686.462599,716.810559,762.800316,798.363386,813.834668,828.931506,859.189979,898.469410,930.673767,976.956731,1023.412086,1032.149189,1047.272515,1097.680408,1164.920310,1184.997825,1171.348985,1203.160679,1265.918719,1311.526200,1302.926579,1288.020381,1289.724998,1296.498612,1333.246110,1373.564561,1362.434872,1377.762356,1411.971744,1379.433722,1365.904040,1391.644025,1387.385060,1363.560519,1339.142421,1317.242646,1290.634224,1246.019580,1174.745125,1098.251361,1049.455972,1044.637431,1004.916532,928.194990,886.399302,848.027865,802.187194,774.731602,747.870092,710.280050,667.895469,621.799715,572.018573,520.179538,469.099508,420.892745,376.609818,337.375857,296.129221,243.887489,198.417499,163.962884,129.247738,96.641423,65.706057,33.073861,9.615690,0.000000,0.000000,0.278127,0.000000,0.000000,0.019972,0.000000,0.000000,0.001432,0.000000,0.000000,0.000000,0.000000,0.000000,0.000000,0.000000,0.000000,0.000000,0.000000,0.000000,0.000000,0.000000,0.000000,0.000000,0.000000,0.000000,0.000000,0.000000,0.000000,0.000000,0.000000
0.000000,0.000000,0.000000,0.000000,0.000000,0.000000,0.000000,0.000000,0.000000,0.000000,0.000000,0.000000,0.000000,0.000000,0.000000,0.000000,0.000000,0.000000,0.000000,0.000000,0.000000,0.001402,0.000000,0.000000,0.019529,0.000000,0.000000,0.271975,0.000000,0.000000,9.792949,36.574628,75.177425,110.614632,146.019431,185.906091,231.189291,282.337511,336.128644,385.500799,425.181440,461.503656,506.590896,551.337906,596.537134,651.524256,701.394679,738.636763,767.520444,788.181526,809.025541,844.404614,891.695884,947.106003,1005.445601,1040.272990,1051.794075,1062.990193,1067.011701,1082.650083,1136.936860,1167.252888,1176.894484,1233.684642,1309.022509,1352.822254,1336.767780,1302.326185,1278.039911,1268.679057,1303.440611,1367.019172,1407.692685,1430.879572,1436.481548,1416.346152,1402.110997,1404.379428,1401.722693,1368.901275,1317.908147,1287.880695,1280.590828,1264.166211,1201.895382,1139.893915,1106.211258,1082.652841,1029.021581,957.501825,918.086066,879.174599,834.949229,813.602635,792.320886,751.937041,694.369262,637.361881,586.453259,533.293267,477.931072,426.675437,385.708003,346.773958,303.987457,257.745811,211.214938,167.794244,129.657827,96.499948,64.908691,32.106264,9.048051,0.000000,0.000000,0.254930,0.000000,0.000000,0.018304,0.000000,0.000000,0.001308,0.000000,0.000000,0.000000,0.000000,0.000000,0.000000,0.000000,0.000000,0.000000,0.000000,0.000000,0.000000,0.000000,0.000000,0.000000,0.000000,0.000000,0.000000,0.000000,0.000000,0.000000,0.000000
0.000000,0.000000,0.000000,0.000000,0.000000,0.000000,0.000000,0.000000,0.000000,0.000000,0.000000,0.000000,0.000000,0.000000,0.000000,0.000000,0.000000,0.000000,0.000000,0.000000,0.000000,0.001204,0.000000,0.000000,0.016717,0.000000,0.000000,0.232847,0.000000,0.000000,8.411580,32.418356,68.218824,102.857427,138.015193,176.819758,219.341556,263.224004,307.309172,352.318929,399.580101,445.375432,483.643628,521.589545,565.209348,614.903343,665.300871,713.646520,759.884505,798.676326,842.011319,906.132891,946.720587,972.680648,1033.428765,1068.497350,1066.100317,1075.859029,1095.134823,1131.704524,1195.110037,1223.125970,1222.825155,1266.233688,1334.266576,1370.881214,1333.319006,1280.874194,1259.430984,1267.438753,1265.960224,1257.161144,1277.175209,1305.829704,1314.256323,1294.365089,1288.046392,1299.277912,1290.789724,1260.532776,1245.763799,1284.044054,1295.489160,1248.716189,1189.686263,1149.322176,1115.060286,1051.850918,991.607599,952.479795,923.343322,881.217506,826.151205,778.412821,737.591118,697.337416,654.908405,619.496087,586.794757,540.621689,485.285107,429.309025,378.564035,334.536753,293.056973,248.369259,206.567435,169.051652,131.156254,95.883365,63.007040,30.326000,8.180938,0.000000,0.000000,0.221517,0.000000,0.000000,0.015903,0.000000,0.000000,0.001139,0.000000,0.000000,0.000000,0.000000,0.000000,0.000000,0.000000,0.000000,0.000000,0.000000,0.000000,0.000000,0.000000,0.000000,0.000000,0.000000,0.000000,0.000000,0.000000,0.000000,0.000000,0.000000
0.000000,0.000000,0.000000,0.000000,0.000000,0.000000,0.000000,0.000000,0.000000,0.000000,0.000000,0.000000,0.000000,0.000000,0.000000,0.000000,0.000000,0.000000,0.000000,0.000000,0.000000,0.001026,0.000000,0.000000,0.014246,0.000000,0.000000,0.198503,0.000000,0.000000,7.424717,27.864592,58.868541,91.771291,127.619977,167.008234,208.357368,252.882173,297.865501,339.535634,387.850434,444.607048,499.803590,547.888499,591.572395,638.734718,690.317639,741.575779,790.596813,861.548791,938.884113,975.228931,994.751033,1017.165338,1039.818673,1062.046281,1080.331511,1095.639240,1135.016745,1189.914928,1218.723326,1224.336441,1236.491661,1282.936198,1316.087831,1318.203715,1318.125452,1344.866370,1396.561330,1437.802477,1428.735180,1394.175789,1389.345035,1361.791821,1306.478831,1273.476358,1267.502578,1268.404009,1246.391385,1193.953281,1161.030077,1204.190320,1205.153346,1150.371066,1142.319812,1138.837087,1098.808135,1034.285930,990.291155,973.497897,949.729746,902.554621,847.569481,815.189841,789.901699,744.949065,669.454187,605.330839,565.382983,525.660433,477.643413,424.776509,376.219189,332.575190,291.121650,249.025597,207.879352,168.811223,131.475076,95.798561,61.204713,28.674337,7.533867,0.000000,0.000000,0.199300,0.000000,0.000000,0.014305,0.000000,0.000000,0.001023,0.000000,0.000000,0.000000,0.000000,0.000000,0.000000,0.000000,0.000000,0.000000,0.000000,0.000000,0.000000,0.000000,0.000000,0.000000,0.000000,0.000000,0.000000,0.000000,0.000000,0.000000,0.000000
0.000000,0.000000,0.000000,0.000000,0.000000,0.000000,0.000000,0.000000,0.000000,0.000000,0.000000,0.000000,0.000000,0.000000,0.000000,0.000000,0.000000,0.000000,0.000000,0.000000,0.000000,0.000807,0.000000,0.000000,0.011177,0.000000,0.000000,0.155695,0.000000,0.000000,6.159649,25.196861,56.109582,89.880410,124.385659,161.951077,204.374213,240.770486,274.326866,317.960718,359.151182,398.046285,448.761143,505.228528,557.220398,601.886230,661.554859,726.187817,764.047385,815.992641,891.003889,950.986219,985.265994,1009.843365,1048.395172,1079.486236,1114.798303,1186.360393,1221.324747,1215.072591,1234.914298,1247.819685,1257.321635,1301.644295,1310.704579,1275.633873,1261.163283,1294.819788,1348.608985,1364.146339,1364.263973,1380.418014,1415.860124,1417.594978,1385.170023,1366.670452,1361.577984,1343.170762,1283.644000,1206.750431,1156.858855,1163.236952,1165.561825,1141.671634,1120.198452,1089.700276,1047.521798,1008.783620,968.466126,936.732285,927.733652,893.108387,832.860119,795.261375,763.977603,725.648276,684.448932,630.880808,574.982403,538.795828,491.330370,428.462640,378.181941,333.532405,287.873902,243.935077,204.578402,169.934988,136.873528,99.849802,60.390419,27.011660,6.892975,0.000000,0.000000,0.177393,0.000000,0.000000,0.012730,0.000000,0.000000,0.000911,0.000000,0.000000,0.000000,0.000000,0.000000,0.000000,0.000000,0.000000,0.000000,0.000000,0.000000,0.000000,0.000000,0.000000,0.000000,0.000000,0.000000,0.000000,0.000000,0.000000,0.000000,0.000000
0.000000,0.000000,0.000000,0.000000,0.000000,0.000000,0.000000,0.000000,0.000000,0.000000,0.000000,0.000000,0.000000,0.000000,0.000000,0.000000,0.000000,0.000000,0.000000,0.000000,0.000000,0.000662,0.000000,0.000000,0.009155,0.000000,0.000000,0.127535,0.000000,0.000000,5.357780,24.186901,57.513305,95.794453,132.796374,169.997529,212.816258,254.435627,297.093555,348.051368,390.112345,428.879112,486.536989,538.166416,582.909964,644.176568,699.380765,743.823581,796.584081,855.919295,913.076254,959.019068,985.581683,1007.294880,1049.509142,1090.670383,1133.589463,1201.728198,1252.562758,1276.881258,1299.467063,1275.345776,1244.946414,1297.883018,1324.184818,1293.283580,1285.994001,1317.320598,1359.000802,1370.634534,1368.131467,1377.264872,1404.313041,1394.753670,1348.570503,1319.746412,1303.593396,1277.077239,1227.335122,1191.855388,1167.059015,1119.624340,1103.562817,1115.253326,1095.703632,1063.527684,1028.546100,978.659066,934.314811,908.897524,892.918680,849.322448,786.618413,745.213836,686.239290,624.617778,615.590967,592.149457,536.493440,498.745340,451.894977,391.478364,347.289267,315.229436,282.519208,240.992353,201.635845,167.208674,129.882197,92.335604,56.752042,24.378901,5.417574,0.000000,0.000000,0.128807,0.000000,0.000000,0.009244,0.000000,0.000000,0.000662,0.000000,0.000000,0.000000,0.000000,0.000000,0.000000,0.000000,0.000000,0.000000,0.000000,0.000000,0.000000,0.000000,0.000000,0.000000,0.000000,0.000000,0.000000,0.000000,0.000000,0.000000,0.000000
0.000000,0.000000,0.000000,0.000000,0.000000,0.000000,0.000000,0.000000,0.000000,0.000000,0.000000,0.000000,0.000000,0.000000,0.000000,0.000000,0.000000,0.000000,0.000000,0.000000,0.000000,0.000492,0.000000,0.000000,0.006835,0.000000,0.000000,0.095204,0.000000,0.000000,4.560778,23.463091,58.245841,99.151045,139.666834,177.948465,217.220444,264.213257,317.990075,369.750157,415.666868,459.927081,510.701887,565.355479,615.335092,653.766767,692.637714,738.533795,792.203992,868.319432,933.265340,937.294622,964.709041,1032.736626,1077.490920,1110.415567,1138.105846,1151.143033,1176.042241,1211.884750,1224.546834,1191.513636,1160.029918,1203.968511,1249.171435,1266.713308,1301.825814,1361.878999,1408.500131,1395.644062,1379.521400,1398.260962,1433.889642,1417.366629,1366.224416,1359.506439,1341.237336,1297.022822,1270.470177,1239.636931,1186.487674,1124.945008,1103.228335,1108.925560,1089.014346,1077.141688,1064.533929,1003.532512,957.021133,949.858103,940.249913,888.259682,813.272042,770.916116,734.372952,694.257579,666.072398,624.419155,569.272677,526.618945,478.778105,423.547179,378.117534,331.828421,283.769293,244.174876,204.201883,162.073462,124.935722,89.128763,53.205725,21.938094,4.712124,0.000000,0.000000,0.104886,0.000000,0.000000,0.007526,0.000000,0.000000,0.000538,0.000000,0.000000,0.000000,0.000000,0.000000,0.000000,0.000000,0.000000,0.000000,0.000000,0.000000,0.000000,0.000000,0.000000,0.000000,0.000000,0.000000,0.000000,0.000000,0.000000,0.000000,0.000000
0.000000,0.000000,0.000000,0.000000,0.000000,0.000000,0.000000,0.000000,0.000000,0.000000,0.000000,0.000000,0.000000,0.000000,0.000000,0.000000,0.000000,0.000000,0.000000,0.000000,0.000000,0.000259,0.000000,0.000000,0.003719,0.000000,0.000000,0.051793,0.000000,0.000000,3.517782,20.838067,54.146673,92.220176,129.977852,165.979824,203.220033,253.098573,307.065376,344.810545,390.251756,451.226730,510.294131,558.829779,595.718360,626.054613,662.079141,703.010907,741.584523,797.095999,859.007410,893.865687,921.894781,970.815390,1046.968092,1101.204975,1121.335533,1141.328795,1169.994915,1206.996666,1243.958745,1246.137421,1222.285185,1221.616244,1247.022249,1262.021433,1234.382460,1245.906275,1285.521523,1267.098760,1268.513414,1309.549843,1330.195285,1349.128320,1373.644045,1378.552732,1353.527713,1322.224823,1319.368956,1313.382206,1285.306055,1248.015240,1217.451982,1179.967556,1113.295374,1075.751440,1066.822118,1028.113881,981.794311,950.663902,931.115055,898.493789,848.801605,798.777938,750.588911,713.763411,696.097652,658.076687,599.717862,557.183887,508.892641,449.110416,395.431832,336.388302,277.228858,236.593756,198.477231,157.036000,121.442886,87.026015,51.482126,19.943376,3.529377,0.000000,0.013369,0.059985,0.000000,0.000958,0.004303,0.000000,0.000067,0.000308,0.000000,0.000000,0.000000,0.000000,0.000000,0.000000,0.000000,0.000000,0.000000,0.000000,0.000000,0.000000,0.000000,0.000000,0.000000,0.000000,0.000000,0.000000,0.000000,0.000000,0.000000,0.000000
0.000000,0.000000,0.000000,0.000000,0.000000,0.000000,0.000000,0.000000,0.000000,0.000000,0.000000,0.000000,0.000000,0.000000,0.000000,0.000000,0.000000,0.000000,0.000000,0.000000,0.000000,0.000149,0.000153,0.000000,0.002210,0.002118,0.000000,0.030788,0.029517,0.000000,2.757478,18.661338,49.827240,83.744237,118.446243,153.445249,188.726980,231.036790,276.883248,317.382076,370.839785,434.916762,484.902271,524.019600,562.268910,605.154236,646.375587,681.013804,712.831438,762.547767,818.455755,846.756089,871.268406,910.925442,965.974667,1039.172247,1108.545284,1141.636569,1172.341351,1211.462265,1235.507659,1245.433585,1241.447276,1228.480321,1255.588213,1305.483614,1312.249610,1313.544856,1327.564890,1335.594246,1347.061214,1357.937947,1351.351930,1340.630588,1332.680807,1317.374218,1280.071809,1250.765051,1276.237045,1291.935007,1266.936879,1231.052421,1197.661579,1162.565484,1117.682985,1089.884203,1069.385216,1020.681078,980.517289,955.764391,917.839573,890.684653,871.940458,828.769487,778.242971,734.292997,691.350853,638.059857,576.958329,524.760004,483.420704,447.459412,406.694915,351.702665,293.983269,253.921153,211.738086,162.697682,122.291711,86.995846,52.064471,19.415447,2.703188,0.000000,0.022588,0.027604,0.000000,0.001620,0.001980,0.000000,0.000067,0.000142,0.000000,0.000000,0.000000,0.000000,0.000000,0.000000,0.000000,0.000000,0.000000,0.000000,0.000000,0.000000,0.000000,0.000000,0.000000,0.000000,0.000000,0.000000,0.000000,0.000000,0.000000,0.000000
0.000000,0.000000,0.000000,0.000000,0.000000,0.000000,0.000000,0.000000,0.000000,0.000000,0.000000,0.000000,0.000000,0.000000,0.000000,0.000000,0.000000,0.000000,0.000000,0.000000,0.000000,0.000060,0.000455,0.000000,0.000999,0.006311,0.000000,0.013929,0.087917,0.000000,1.898730,17.575430,50.103856,85.741362,120.547194,156.882697,197.779980,234.477093,268.004553,309.733857,364.458191,420.076481,459.157248,504.062910,558.015914,599.294868,622.643227,640.226898,670.701787,711.870747,750.614828,776.361764,812.180030,858.578124,894.371158,935.328317,994.421420,1064.204599,1114.007575,1137.439594,1156.117418,1173.826738,1187.834790,1198.655027,1233.373976,1289.253887,1329.147746,1326.282372,1305.763494,1316.175428,1326.310741,1306.949794,1263.276934,1240.771162,1244.079250,1237.229105,1218.267693,1218.733134,1264.344169,1262.981975,1222.609333,1238.460984,1226.292349,1164.869752,1124.291585,1091.347023,1051.372624,1010.396655,979.214866,951.661761,913.671758,888.927117,866.553134,809.158818,755.878006,717.335627,665.002514,605.705242,546.968784,493.219151,454.672859,425.729087,386.109007,332.447026,276.580085,233.932505,195.638092,155.827553,117.357269,82.291477,49.282000,17.634489,1.862407,0.000000,0.094219,0.015112,0.000000,0.006761,0.001084,0.000000,0.000436,0.000078,0.000000,0.000000,0.000000,0.000000,0.000000,0.000000,0.000000,0.000000,0.000000,0.000000,0.000000,0.000000,0.000000,0.000000,0.000000,0.000000,0.000000,0.000000,0.000000,0.000000,0.000000,0.000000
0.000000,0.000000,0.000000,0.000000,0.000000,0.000000,0.000000,0.000000,0.000000,0.000000,0.000000,0.000000,0.000000,0.000000,0.000000,0.000000,0.000000,0.000000,0.000000,0.000000,0.000000,0.000000,0.000987,0.000000,0.000138,0.013728,0.000000,0.001944,0.191231,0.000000,1.021888,17.116913,52.984638,92.366925,130.681226,170.880698,216.267266,254.099202,288.389762,334.270031,375.328010,414.018357,468.302478,520.774364,568.313854,622.523692,659.381288,677.201254,699.782301,729.544129,766.981991,811.835105,852.203149,881.687961,904.598257,927.728528,970.083193,1043.649061,1083.898290,1090.357127,1123.223953,1139.807754,1139.130939,1163.760255,1158.439742,1136.256258,1165.747684,1195.323996,1204.638188,1224.416438,1241.021018,1231.927701,1193.701956,1177.797244,1197.083079,1217.102647,1215.945976,1208.457263,1223.055422,1214.020855,1192.020982,1213.350914,1213.586847,1172.281206,1133.971184,1090.624255,1048.191980,1026.057708,995.867646,951.944574,919.155106,898.807991,878.524552,840.726236,779.668532,709.061925,650.457580,594.071571,533.660720,475.657869,432.070931,403.122140,375.373864,331.564493,277.757411,237.073008,201.760276,163.147821,121.198380,82.930355,48.800806,16.167615,1.016380,0.000000,0.180133,0.000000,0.000000,0.012928,0.000000,0.000000,0.000877,0.000000,0.000000,0.000000,0.000000,0.000000,0.000000,0.000000,0.000000,0.000000,0.000000,0.000000,0.000000,0.000000,0.000000,0.000000,0.000000,0.000000,0.000000,0.000000,0.000000,0.000000,0.000000,0.000000
0.000000,0.000000,0.000000,0.000000,0.000000,0.000000,0.000000,0.000000,0.000000,0.000000,0.000000,0.000000,0.000000,0.000000,0.000000,0.000000,0.000000,0.000000,0.000000,0.000000,0.000000,0.000000,0.001605,0.000000,0.000000,0.022334,0.000000,0.000000,0.311085,0.000000,0.485580,15.722602,51.512785,89.621782,129.070516,171.024608,213.165883,249.464227,286.901429,336.006437,369.548356,397.881700,454.079937,495.491348,523.329356,580.458158,627.985733,656.794614,698.020761,734.629548,763.090230,800.862574,844.636219,887.684280,927.281022,966.438092,1013.327463,1068.917750,1092.713257,1090.366094,1105.122828,1113.144819,1128.939605,1185.294416,1168.895549,1116.793399,1176.679882,1237.928883,1249.245705,1276.028765,1315.011453,1330.614865,1297.831365,1282.312752,1303.327864,1317.716613,1309.490038,1299.656332,1317.264831,1307.671185,1278.722378,1287.431452,1257.107236,1196.479724,1194.762679,1191.975832,1147.215200,1080.428792,1007.955635,950.272885,920.606737,880.103080,830.325245,803.973133,755.275835,679.842022,622.323351,577.661090,535.427419,493.355538,454.008269,418.100124,381.984234,335.422205,283.471696,242.496674,204.604255,163.529351,121.474002,82.616821,47.027607,14.448741,0.544691,0.000000,0.282541,0.000000,0.000000,0.020283,0.000000,0.000000,0.001409,0.000000,0.000000,0.000000,0.000000,0.000000,0.000000,0.000000,0.000000,0.000000,0.000000,0.000000,0.000000,0.000000,0.000000,0.000000,0.000000,0.000000,0.000000,0.000000,0.000000,0.000000,0.000000,0.000000
0.000000,0.000000,0.000000,0.000000,0.000000,0.000000,0.000000,0.000000,0.000000,0.000000,0.000000,0.000000,0.000000,0.000000,0.000000,0.000000,0.000000,0.000000,0.000000,0.000053,0.000000,0.000000,0.002219,0.000000,0.000000,0.030868,0.000000,0.000000,0.429932,0.000000,0.160746,13.352130,47.077724,83.114524,122.684757,166.290491,209.538484,252.194578,294.366491,336.392930,382.983194,435.760636,487.715352,519.514152,545.006128,593.875156,622.878789,636.536264,682.965490,722.237236,751.319393,809.801186,868.012226,910.507760,949.890364,976.846376,997.315931,1028.309938,1050.548899,1076.209548,1135.757796,1170.462930,1182.101472,1224.568164,1220.887934,1191.858142,1239.796012,1280.763902,1281.218820,1293.005043,1306.871471,1306.619471,1294.920095,1309.007397,1330.946258,1304.883561,1273.960246,1274.667384,1300.675298,1299.752269,1274.260158,1266.580059,1221.185827,1156.529479,1151.523177,1141.388899,1094.779520,1045.866730,993.529927,941.122153,897.385390,837.383023,777.862493,759.763631,737.626012,691.024122,641.946600,589.810100,540.824621,505.744220,463.831288,412.815292,369.730050,323.820428,273.672967,230.929953,194.502184,158.228104,117.302560,78.803020,44.458403,12.472842,0.050203,0.000000,0.420124,0.000000,0.000000,0.030164,0.000000,0.000000,0.002166,0.000000,0.000000,0.000053,0.000000,0.000000,0.000000,0.000000,0.000000,0.000000,0.000000,0.000000,0.000000,0.000000,0.000000,0.000000,0.000000,0.000000,0.000000,0.000000,0.000000,0.000000,0.000000,0.000000
0.000000,0.000000,0.000000,0.000000,0.000000,0.000000,0.000000,0.000000,0.000000,0.000000,0.000000,0.000000,0.000000,0.000000,0.000000,0.000000,0.000000,0.000000,0.000000,0.000125,0.000000,0.000000,0.002913,0.000000,0.000000,0.040581,0.000000,0.000000,0.565235,0.000000,0.000000,12.095596,47.811532,87.939992,134.417552,185.625264,233.550778,282.045315,331.418345,377.637711,427.250090,475.917491,512.344806,549.702128,593.309118,635.555162,668.932907,693.514217,718.971156,762.112474,824.438364,893.699729,969.459115,1029.165435,1047.860326,1087.158296,1135.125749,1120.955521,1112.360860,1146.567657,1202.820874,1254.402827,1289.861425,1310.855941,1308.527971,1291.468702,1287.993564,1312.513280,1351.307792,1371.863265,1354.228957,1338.155886,1390.002603,1462.437259,1496.433291,1474.270608,1432.884883,1410.893528,1417.992942,1391.937686,1331.906392,1296.833926,1267.583515,1225.839154,1179.247852,1150.441697,1131.383841,1093.139307,1055.894615,1022.137478,969.541028,899.786743,834.750522,801.305072,790.352518,772.364968,718.356601,663.287350,618.568440,561.977723,501.451613,448.011313,403.839412,356.678304,305.572853,260.335974,215.698736,169.803384,126.604682,85.400540,45.671109,11.357705,0.000000,0.000000,0.524932,0.000000,0.000000,0.037691,0.000000,0.000000,0.002707,0.000000,0.000000,0.000120,0.000000,0.000000,0.000000,0.000000,0.000000,0.000000,0.000000,0.000000,0.000000,0.000000,0.000000,0.000000,0.000000,0.000000,0.000000,0.000000,0.000000,0.000000,0.000000,0.000000
0.000000,0.000000,0.000000,0.000000,0.000000,0.000000,0.000000,0.000000,0.000000,0.000000,0.000000,0.000000,0.000000,0.000000,0.000000,0.000000,0.000000,0.000000,0.000000,0.000196,0.000000,0.000000,0.003359,0.000000,0.000000,0.046752,0.000000,0.000000,0.651168,0.000000,0.000000,10.769410,46.659399,88.099230,132.890433,180.124081,227.511419,278.300539,331.791807,382.689968,429.977967,473.546535,513.744068,551.529589,593.313187,644.217094,681.025409,708.117886,754.798628,811.896838,869.804477,930.705894,1004.781346,1070.966735,1098.650352,1153.525959,1225.674989,1236.121199,1236.267245,1260.352170,1294.046440,1314.605990,1337.292855,1394.190956,1433.894739,1445.614376,1465.556006,1476.981918,1480.105201,1491.384080,1469.187765,1445.465774,1502.756262,1580.020917,1602.297674,1551.382788,1507.217815,1490.504127,1455.294657,1414.186254,1383.156936,1366.677807,1360.012057,1332.491534,1254.777200,1201.303700,1179.659044,1131.818052,1091.157029,1057.558190,991.029948,922.165536,865.127223,808.168632,767.822087,740.770972,705.153801,672.812128,642.154851,593.771351,533.365206,471.749601,416.828420,371.058754,325.145940,266.286329,212.345330,169.025186,126.174076,84.121462,44.420232,10.289906,0.000000,0.000000,0.615149,0.000000,0.000000,0.044170,0.000000,0.000000,0.003172,0.000000,0.000000,0.000187,0.000000,0.000000,0.000000,0.000000,0.000000,0.000000,0.000000,0.000000,0.000000,0.000000,0.000000,0.000000,0.000000,0.000000,0.000000,0.000000,0.000000,0.000000,0.000000,0.000000
0.000000,0.000000,0.000000,0.000000,0.000000,0.000000,0.000000,0.000000,0.000000,0.000000,0.000000,0.000000,0.000000,0.000000,0.000000,0.000000,0.000000,0.000000,0.000000,0.000264,0.000000,0.000000,0.003522,0.000000,0.000000,0.049029,0.000000,0.000000,0.682826,0.000000,0.000000,10.177978,45.114835,85.479112,129.294420,174.933456,219.820716,270.582031,325.003025,374.100083,426.959022,479.215576,517.556697,563.490607,619.163858,663.654588,701.620528,747.866747,812.212096,872.781501,929.679201,1005.788970,1091.614299,1153.288406,1165.828834,1198.579536,1260.338357,1293.798973,1312.021871,1339.024007,1377.627662,1380.938682,1373.157037,1425.797653,1475.236306,1502.883379,1540.929559,1520.040593,1468.687975,1485.989983,1496.253164,1490.576413,1535.951011,1564.492117,1555.313932,1555.856736,1560.449249,1542.052170,1486.952024,1439.996255,1411.402925,1381.778633,1388.984614,1391.958716,1298.603338,1209.738782,1173.047746,1152.143913,1154.051503,1149.016683,1081.146100,990.609800,913.694863,857.608259,820.835563,785.822773,733.479464,685.639238,648.791497,606.847509,555.218762,497.842713,442.792361,393.241102,341.493485,277.164038,219.222350,173.565899,129.796497,86.611506,45.264325,10.128184,0.000000,0.000000,0.672838,0.000000,0.000000,0.048306,0.000000,0.000000,0.003462,0.000000,0.000000,0.000254,0.000000,0.000000,0.000000,0.000000,0.000000,0.000000,0.000000,0.000000,0.000000,0.000000,0.000000,0.000000,0.000000,0.000000,0.000000,0.000000,0.000000,0.000000,0.000000,0.000000
0.000000,0.000000,0.000000,0.000000,0.000000,0.000000,0.000000,0.000000,0.000000,0.000000,0.000000,0.000000,0.000000,0.000000,0.000000,0.000000,0.000000,0.000000,0.000000,0.000239,0.000000,0.000000,0.003040,0.000000,0.000000,0.042354,0.000000,0.000000,0.589844,0.000000,0.000000,9.198210,41.889465,82.376129,126.238725,171.089459,216.076211,266.179675,318.621768,366.068622,419.580606,476.909101,525.023636,578.584796,637.576094,686.826457,741.896080,805.406697,862.471762,919.717798,975.803234,1026.173504,1105.594364,1191.073802,1222.279624,1254.817201,1303.937543,1330.773549,1357.726695,1390.144058,1405.248061,1401.332069,1409.479276,1462.278068,1488.758260,1487.451824,1519.312006,1517.823672,1481.462706,1483.763658,1512.382221,1548.918614,1581.987428,1574.520764,1551.580471,1575.866420,1603.038462,1587.186410,1528.997173,1479.007026,1457.789793,1448.980048,1447.728856,1426.793426,1355.800807,1299.519900,1277.196268,1248.780832,1209.847469,1160.702534,1097.614799,1026.862777,956.029372,891.100053,840.235641,794.357512,736.418389,687.963296,653.562641,615.315373,571.099536,518.460568,454.422649,392.966756,337.744893,281.103673,226.044629,175.289454,128.301617,84.302357,43.471098,9.615898,0.000000,0.000000,0.624638,0.000000,0.000000,0.044842,0.000000,0.000000,0.003216,0.000000,0.000000,0.000244,0.000000,0.000000,0.000000,0.000000,0.000000,0.000000,0.000000,0.000000,0.000000,0.000000,0.000000,0.000000,0.000000,0.000000,0.000000,0.000000,0.000000,0.000000,0.000000,0.000000
0.000000,0.000000,0.000000,0.000000,0.000000,0.000000,0.000000,0.000000,0.000000,0.000000,0.000000,0.000000,0.000000,0.000000,0.000000,0.000000,0.000000,0.000000,0.000000,0.000142,0.000000,0.000000,0.002430,0.000000,0.000000,0.033778,0.000000,0.000000,0.470433,0.000000,0.000000,7.700497,35.570117,71.772963,108.895272,147.606577,193.136811,238.202089,280.836840,328.020334,386.854900,456.638361,526.779895,578.233048,622.562238,689.695644,751.623175,795.123131,835.235618,879.045880,930.385336,989.170476,1043.043599,1091.629143,1146.744557,1211.232160,1269.099886,1298.767978,1313.886121,1329.173639,1344.822351,1337.145371,1325.831008,1355.850715,1375.841287,1393.305140,1461.984283,1491.079495,1474.397151,1498.484010,1525.846298,1534.877857,1544.031717,1542.074779,1529.109167,1521.728330,1523.225750,1508.332400,1452.331663,1429.008293,1446.364990,1439.431251,1418.195323,1393.795511,1359.362829,1311.410169,1259.110750,1215.782132,1162.290174,1093.551792,1027.099574,991.613934,958.238356,867.957944,795.853747,760.165739,709.990194,663.877994,632.406361,600.900530,558.231451,504.562999,448.561602,391.007828,332.222005,274.343986,218.921765,167.631571,121.425730,78.422165,39.138460,8.546226,0.000000,0.000000,0.526137,0.000000,0.000000,0.037772,0.000000,0.000000,0.002711,0.000000,0.000000,0.000190,0.000000,0.000000,0.000000,0.000000,0.000000,0.000000,0.000000,0.000000,0.000000,0.000000,0.000000,0.000000,0.000000,0.000000,0.000000,0.000000,0.000000,0.000000,0.000000,0.000000
0.000000,0.000000,0.000000,0.000000,0.000000,0.000000,0.000000,0.000000,0.000000,0.000000,0.000000,0.000000,0.000000,0.000000,0.000000,0.000000,0.000000,0.000000,0.000000,0.000089,0.000000,0.000000,0.002162,0.000000,0.000000,0.030033,0.000000,0.000000,0.418330,0.000000,0.000000,7.015103,32.737292,67.634152,105.626130,146.532528,193.682508,241.268298,286.632086,333.107913,385.095571,451.667318,536.397649,601.660048,647.452303,708.953867,762.473312,796.111674,824.950025,859.711217,908.011782,971.483957,1032.912323,1088.438221,1146.837215,1202.193524,1250.315963,1290.144479,1305.043147,1309.496227,1336.107368,1352.663087,1350.344308,1351.655342,1346.491766,1351.158918,1394.205769,1407.840011,1404.582396,1464.317733,1515.563131,1523.073979,1521.056489,1508.824074,1501.444291,1521.657135,1516.611836,1462.097126,1391.287663,1374.154051,1394.808443,1368.641113,1325.251771,1294.163421,1269.481716,1222.194198,1161.025528,1118.974582,1053.647524,975.055939,937.463929,905.183869,855.692831,802.312666,753.190120,711.607119,677.240985,642.028046,607.082376,578.200144,533.862774,475.423346,425.718274,374.331947,317.997275,266.012363,214.894340,164.451820,119.278721,76.685066,37.455213,8.090535,0.000000,0.000000,0.483356,0.000000,0.000000,0.034701,0.000000,0.000000,0.002496,0.000000,0.000000,0.000177,0.000000,0.000000,0.000000,0.000000,0.000000,0.000000,0.000000,0.000000,0.000000,0.000000,0.000000,0.000000,0.000000,0.000000,0.000000,0.000000,0.000000,0.000000,0.000000,0.000000
0.000000,0.000000,0.000000,0.000000,0.000000,0.000000,0.000000,0.000000,0.000000,0.000000,0.000000,0.000000,0.000000,0.000000,0.000000,0.000000,0.000000,0.000000,0.000000,0.000039,0.000000,0.000000,0.001987,0.000000,0.000000,0.027655,0.000000,0.000000,0.385216,0.000000,0.000000,6.554178,32.162260,70.388024,113.097072,159.342833,212.889122,262.248878,306.814924,355.363530,396.752608,444.830128,523.996508,587.643276,627.462571,680.434937,731.721167,770.689001,806.546302,855.656416,911.524976,955.722789,1018.214451,1098.210718,1162.012104,1214.747533,1262.621737,1298.453980,1301.455275,1291.432623,1317.979957,1377.396897,1418.857165,1388.834687,1370.869366,1397.586417,1427.566235,1442.035263,1460.300181,1513.041536,1553.691760,1557.325105,1545.175890,1554.497690,1560.180988,1506.943479,1477.211179,1458.584035,1370.964471,1351.244276,1406.703577,1399.462139,1359.213773,1324.353955,1291.111652,1236.062762,1171.418572,1127.576140,1051.453631,954.898029,905.242709,870.510661,827.185316,784.440031,741.509147,697.966735,657.669727,626.682312,599.728577,562.743181,512.794250,457.363179,407.057644,354.761177,301.937116,257.903613,211.418664,160.259428,114.291153,72.164112,34.555537,7.356315,0.000000,0.000000,0.436329,0.000000,0.000000,0.031324,0.000000,0.000000,0.002253,0.000000,0.000000,0.000117,0.000000,0.000000,0.000000,0.000000,0.000000,0.000000,0.000000,0.000000,0.000000,0.000000,0.000000,0.000000,0.000000,0.000000,0.000000,0.000000,0.000000,0.000000,0.000000,0.000000
0.000000,0.000000,0.000000,0.000000,0.000000,0.000000,0.000000,0.000000,0.000000,0.000000,0.000000,0.000000,0.000000,0.000000,0.000000,0.000000,0.000000,0.000000,0.000000,0.000000,0.000000,0.000000,0.001893,0.000000,0.000000,0.026380,0.000000,0.000000,0.367498,0.000000,0.000000,6.275723,31.297749,69.331147,110.645901,154.925635,207.227050,249.819329,286.353787,336.487299,380.190567,426.745246,504.135671,565.354488,605.275198,662.331982,705.992412,735.173479,784.419860,843.482435,901.381899,957.055822,1004.225847,1051.664043,1116.910658,1189.040865,1249.327880,1284.007766,1300.275888,1320.147593,1364.777868,1416.550801,1441.806644,1421.486820,1425.989120,1452.880226,1441.348228,1461.240815,1521.217877,1553.289759,1566.762621,1580.056691,1597.930973,1616.802347,1618.774544,1584.871331,1542.782864,1504.082507,1467.948477,1474.157391,1505.561820,1498.686839,1470.000939,1449.404459,1438.821611,1364.032909,1254.554775,1210.403179,1143.081148,1042.118592,992.773950,964.495316,922.287490,864.114885,814.778758,776.165362,726.671894,669.567477,617.012709,574.927548,522.248968,460.047071,409.813804,360.901059,310.508175,266.417131,215.038471,157.837056,111.097722,69.119745,31.349289,6.333402,0.000000,0.000000,0.371507,0.000000,0.000000,0.026672,0.000000,0.000000,0.001920,0.000000,0.000000,0.000074,0.000000,0.000000,0.000000,0.000000,0.000000,0.000000,0.000000,0.000000,0.000000,0.000000,0.000000,0.000000,0.000000,0.000000,0.000000,0.000000,0.000000,0.000000,0.000000,0.000000
0.000000,0.000000,0.000000,0.000000,0.000000,0.000000,0.000000,0.000000,0.000000,0.000000,0.000000,0.000000,0.000000,0.000000,0.000000,0.000000,0.000000,0.000000,0.000000,0.000000,0.000000,0.000000,0.001625,0.000000,0.000000,0.022658,0.000000,0.000000,0.315663,0.000000,0.000000,5.444611,28.349262,65.355590,105.817551,146.884122,192.931294,236.556520,281.522354,337.675150,383.765442,422.601421,479.543185,540.881597,599.412648,658.439676,700.861714,746.217854,828.922838,877.333539,897.983252,969.448609,1040.633997,1091.920040,1155.492098,1210.963008,1244.737884,1269.594249,1320.368347,1385.431332,1412.436482,1412.669374,1418.489381,1451.986060,1476.242510,1464.069378,1430.968588,1446.341265,1503.107509,1524.270562,1513.713711,1506.400175,1531.303499,1551.916116,1543.654992,1512.005368,1465.955570,1415.893926,1378.039899,1394.319713,1444.184254,1458.772194,1442.676051,1410.799869,1369.368717,1321.934632,1278.118787,1238.480981,1157.827243,1061.929559,1027.351637,1010.318915,971.493033,912.875083,855.123956,806.687243,757.311467,691.060722,620.149080,570.258741,516.825177,451.415522,391.290497,343.701328,302.869373,255.816999,202.479235,149.892428,105.420934,64.099680,27.698307,5.417181,0.000000,0.000000,0.317932,0.000000,0.000000,0.022826,0.000000,0.000000,0.001643,0.000000,0.000000,0.000039,0.000000,0.000000,0.000000,0.000000,0.000000,0.000000,0.000000,0.000000,0.000000,0.000000,0.000000,0.000000,0.000000,0.000000,0.000000,0.000000,0.000000,0.000000,0.000000,0.000000
0.000000,0.000000,0.000000,0.000000,0.000000,0.000000,0.000000,0.000000,0.000000,0.000000,0.000000,0.000000,0.000000,0.000000,0.000000,0.000000,0.000000,0.000000,0.000000,0.000000,0.000000,0.000000,0.001395,0.000000,0.000000,0.019454,0.000000,0.000000,0.271008,0.000000,0.000000,4.686744,26.114888,64.293502,107.952028,151.137247,195.928624,240.437905,290.418412,354.185512,414.888229,460.038387,495.293945,547.710663,614.104678,666.242057,709.310745,766.424697,848.438928,882.577425,894.667168,981.276206,1062.058591,1104.460343,1155.570948,1200.108767,1222.157005,1233.012256,1287.894476,1365.351323,1381.317194,1374.317251,1398.136608,1469.886899,1518.041032,1513.327544,1496.257884,1502.153224,1525.399143,1528.251893,1499.555912,1457.017946,1435.129125,1447.408485,1458.499297,1417.492221,1382.023520,1359.429045,1311.790849,1323.224058,1389.323905,1411.954418,1400.859295,1374.593584,1336.939096,1308.256821,1286.923205,1247.566299,1192.268504,1137.376290,1096.041221,1055.762616,1000.226100,925.236740,864.037367,820.142462,764.395797,692.851097,618.309558,557.721231,506.371850,455.048885,398.761021,345.253241,296.218169,246.024335,195.844293,147.960096,103.369359,60.487062,24.439917,4.566731,0.000000,0.000000,0.264393,0.000000,0.000000,0.018983,0.000000,0.000000,0.001367,0.000000,0.000000,0.000000,0.000000,0.000000,0.000000,0.000000,0.000000,0.000000,0.000000,0.000000,0.000000,0.000000,0.000000,0.000000,0.000000,0.000000,0.000000,0.000000,0.000000,0.000000,0.000000,0.000000
0.000000,0.000000,0.000000,0.000000,0.000000,0.000000,0.000000,0.000000,0.000000,0.000000,0.000000,0.000000,0.000000,0.000000,0.000000,0.000000,0.000000,0.000000,0.000000,0.000000,0.000000,0.000000,0.001225,0.000000,0.000000,0.017092,0.000000,0.000000,0.238052,0.000000,0.000000,4.219242,24.509697,62.081324,104.786591,146.838374,191.665357,237.763979,287.981493,347.792343,410.875035,466.308238,508.684475,561.294057,619.113538,658.348501,710.889175,776.419492,820.228350,858.509449,910.561690,975.984274,1016.189661,1034.526262,1072.056274,1117.557136,1148.281692,1161.427082,1222.559026,1316.612094,1359.523534,1395.820640,1457.285488,1525.211077,1565.601645,1557.110736,1512.967818,1506.700202,1541.905921,1550.052927,1509.490708,1454.875351,1442.306236,1444.220378,1439.932448,1429.962610,1391.076277,1344.173725,1340.164584,1350.794579,1371.196248,1419.273858,1428.237274,1387.920730,1353.824347,1318.856835,1270.360542,1211.957645,1166.962516,1127.687152,1063.001120,1006.171195,958.739055,891.474315,838.519413,809.130162,773.733503,712.505358,635.047428,568.336392,503.908208,441.796220,393.095609,345.429975,293.053254,241.892244,193.343470,146.785478,101.195149,57.356493,21.983642,3.812987,0.000000,0.000000,0.217299,0.000000,0.000000,0.015601,0.000000,0.000000,0.001123,0.000000,0.000000,0.000000,0.000000,0.000000,0.000000,0.000000,0.000000,0.000000,0.000000,0.000000,0.000000,0.000000,0.000000,0.000000,0.000000,0.000000,0.000000,0.000000,0.000000,0.000000,0.000000,0.000000
0.000000,0.000000,0.000000,0.000000,0.000000,0.000000,0.000000,0.000000,0.000000,0.000000,0.000000,0.000000,0.000000,0.000000,0.000000,0.000000,0.000000,0.000000,0.000000,0.000000,0.000000,0.000000,0.000970,0.000000,0.000000,0.013550,0.000000,0.000000,0.188718,0.000000,0.000000,3.389131,21.988481,61.194391,106.873259,151.450431,199.508978,254.468917,310.216333,357.915077,415.637246,481.655021,536.074058,591.481787,647.630288,693.141624,754.839978,820.681329,851.387027,895.720312,960.969238,1001.136008,1008.011527,1016.060474,1069.153306,1117.728777,1133.103152,1137.341905,1174.658079,1232.357974,1260.349649,1307.535781,1375.355997,1407.114823,1417.133492,1416.213138,1404.113869,1422.870147,1477.720844,1524.553068,1509.136247,1459.814429,1457.781913,1462.260862,1440.961027,1403.233456,1366.665542,1344.934858,1340.307000,1333.692906,1339.934163,1385.039143,1388.228645,1329.439548,1268.870011,1222.614780,1176.897891,1115.062882,1074.866578,1044.164238,971.815207,911.044531,876.781420,833.274261,790.793699,756.728458,721.824041,669.505053,603.189134,542.384585,482.131483,426.555397,386.922459,341.938850,284.998509,230.502209,182.814897,139.688061,96.237801,53.226838,18.872780,3.049991,0.000000,0.000000,0.169575,0.000000,0.000000,0.012176,0.000000,0.000000,0.000875,0.000000,0.000000,0.000000,0.000000,0.000000,0.000000,0.000000,0.000000,0.000000,0.000000,0.000000,0.000000,0.000000,0.000000,0.000000,0.000000,0.000000,0.000000,0.000000,0.000000,0.000000,0.000000,0.000000
0.000000,0.000000,0.000000,0.000000,0.000000,0.000000,0.000000,0.000000,0.000000,0.000000,0.000000,0.000000,0.000000,0.000000,0.000000,0.000000,0.000000,0.000000,0.000000,0.000000,0.000000,0.000000,0.000772,0.000000,0.000000,0.010799,0.000000,0.000000,0.150361,0.000000,0.000000,2.789155,19.260290,58.788410,104.543830,149.224910,200.541911,258.486498,315.617698,365.173143,424.104721,492.407174,552.165431,603.639706,650.967050,696.747005,744.841925,798.759656,858.445737,913.150142,958.672432,995.792560,1008.149789,1020.713484,1079.178341,1126.931974,1143.368068,1160.860132,1175.723351,1194.011150,1231.366352,1279.170440,1308.790409,1299.641716,1310.058318,1348.007641,1370.154835,1396.682483,1443.936138,1496.690254,1495.067421,1471.882050,1514.855610,1514.427758,1461.384823,1452.957630,1418.832170,1359.365483,1356.300560,1364.720935,1355.551233,1342.892200,1315.670530,1270.306880,1220.194160,1186.132563,1166.221244,1139.408741,1102.703886,1048.852445,974.333700,924.224694,900.056144,861.149820,817.259023,780.742489,746.773795,684.320391,603.737778,548.452048,504.837466,458.182308,406.963359,349.714349,289.343454,232.938965,186.158900,144.711038,98.194503,51.759503,16.842404,2.487054,0.000000,0.000000,0.134162,0.000000,0.000000,0.009633,0.000000,0.000000,0.000691,0.000000,0.000000,0.000000,0.000000,0.000000,0.000000,0.000000,0.000000,0.000000,0.000000,0.000000,0.000000,0.000000,0.000000,0.000000,0.000000,0.000000,0.000000,0.000000,0.000000,0.000000,0.000000,0.000000
0.000000,0.000000,0.000000,0.000000,0.000000,0.000000,0.000000,0.000000,0.000000,0.000000,0.000000,0.000000,0.000000,0.000000,0.000000,0.000000,0.000000,0.000000,0.000000,0.000000,0.000000,0.000000,0.000538,0.000000,0.000000,0.007544,0.000000,0.000000,0.105035,0.000000,0.000000,2.045674,15.732969,48.511130,87.718584,126.670265,173.026094,224.636634,275.231693,321.214827,374.567048,439.393756,506.087485,556.975612,594.190765,635.648559,677.188524,716.115763,759.461418,825.150546,892.752313,920.536184,949.127978,1003.216850,1069.012618,1129.761816,1172.540336,1191.108041,1194.824149,1209.171677,1255.632816,1307.680519,1335.304739,1333.319247,1347.834326,1384.429907,1406.277511,1416.975163,1444.924660,1503.515798,1497.912633,1454.236403,1492.421595,1512.586496,1482.996303,1468.598981,1424.373458,1375.492714,1404.860128,1434.040874,1419.240359,1392.412783,1364.571116,1337.883282,1311.047893,1275.660857,1236.789836,1206.776798,1165.142232,1100.099992,1025.719187,985.515358,964.292988,905.607254,853.857711,817.603970,757.840842,690.582308,630.388913,574.735929,513.690397,449.817236,394.886696,343.401498,289.240104,232.417496,181.555401,136.765652,90.430956,46.275564,14.216250,1.854183,0.000000,0.000000,0.095320,0.000000,0.000000,0.006846,0.000000,0.000000,0.000489,0.000000,0.000000,0.000000,0.000000,0.000000,0.000000,0.000000,0.000000,0.000000,0.000000,0.000000,0.000000,0.000000,0.000000,0.000000,0.000000,0.000000,0.000000,0.000000,0.000000,0.000000,0.000000,0.000000
0.000000,0.000000,0.000000,0.000000,0.000000,0.000000,0.000000,0.000000,0.000000,0.000000,0.000000,0.000000,0.000000,0.000000,0.000000,0.000000,0.000000,0.000000,0.000000,0.000000,0.000000,0.000000,0.000287,0.000000,0.000000,0.004179,0.000000,0.000000,0.058204,0.000000,0.000000,1.293856,13.044844,44.212752,83.279717,121.960813,165.112342,211.769185,257.488458,300.083034,353.234294,417.668530,480.560387,541.993803,598.728048,642.298707,672.395830,704.444529,761.135062,843.140258,914.057042,930.483571,948.842971,1007.837276,1098.111245,1188.352332,1242.048993,1238.964752,1230.645068,1252.874233,1300.503086,1339.484464,1367.303452,1406.106345,1426.767244,1438.487974,1480.138455,1502.037537,1505.713669,1537.391488,1526.941843,1490.347640,1515.995494,1524.151357,1482.399115,1441.335859,1421.633684,1433.228693,1470.960847,1486.281155,1462.905718,1424.849674,1383.477421,1344.131096,1310.504244,1282.993401,1261.861467,1239.332640,1177.108027,1088.062604,1027.485765,994.475809,957.739077,889.905423,836.311663,796.707420,726.199514,651.625102,595.662801,554.871072,503.835251,443.635200,397.324103,350.065775,292.865225,233.099466,180.592191,135.618687,90.478005,45.487390,12.035469,1.106176,0.042584,0.000000,0.053125,0.003057,0.000000,0.003818,0.000220,0.000000,0.000273,0.000000,0.000000,0.000000,0.000000,0.000000,0.000000,0.000000,0.000000,0.000000,0.000000,0.000000,0.000000,0.000000,0.000000,0.000000,0.000000,0.000000,0.000000,0.000000,0.000000,0.000000,0.000000,0.000000
0.000000,0.000000,0.000000,0.000000,0.000000,0.000000,0.000000,0.000000,0.000000,0.000000,0.000000,0.000000,0.000000,0.000000,0.000000,0.000000,0.000000,0.000000,0.000000,0.000000,0.000000,0.000000,0.000128,0.000000,0.000331,0.001944,0.000000,0.004581,0.027097,0.000000,0.063835,0.693795,10.525391,42.560717,83.969647,127.175189,177.049959,227.111600,273.705373,320.260281,374.763393,431.461253,478.912603,539.986353,610.974258,661.270714,700.507187,754.942250,844.948405,942.791640,1010.634545,1033.386797,1063.105520,1123.667180,1192.104892,1239.077230,1266.573380,1297.823544,1311.417901,1319.756414,1361.412418,1396.449184,1416.865995,1451.398950,1471.980512,1482.512375,1513.244291,1513.413045,1505.205368,1560.379362,1585.435382,1564.163516,1571.747653,1572.437407,1541.728832,1496.427505,1456.721888,1441.424621,1456.819998,1471.173842,1458.705916,1415.022053,1359.655303,1312.103100,1281.633423,1256.313898,1236.036175,1223.668933,1170.676410,1087.105420,1034.886667,1007.432660,970.174862,898.795093,842.970970,806.983958,747.096770,681.631466,625.610822,572.738253,511.136828,446.097904,394.968972,348.595061,296.661394,237.705252,183.612226,137.142611,90.597258,44.314742,10.316875,0.636087,0.092733,0.000000,0.029024,0.006656,0.000000,0.002086,0.000479,0.000000,0.000149,0.000000,0.000000,0.000000,0.000000,0.000000,0.000000,0.000000,0.000000,0.000000,0.000000,0.000000,0.000000,0.000000,0.000000,0.000000,0.000000,0.000000,0.000000,0.000000,0.000000,0.000000,0.000000,0.000000
0.000000,0.000000,0.000000,0.000000,0.000000,0.000000,0.000000,0.000000,0.000000,0.000000,0.000000,0.000000,0.000000,0.000000,0.000000,0.000000,0.000000,0.000000,0.000000,0.000000,0.000000,0.000000,0.000046,0.000000,0.000862,0.000790,0.000000,0.011984,0.011022,0.000000,0.166975,0.337847,8.104219,36.018494,75.919891,119.350768,166.749235,213.662554,257.710433,300.994615,350.060390,404.772855,459.920458,520.346292,583.632807,642.635382,710.613129,786.645890,854.477713,921.618253,982.443256,1023.558319,1072.764424,1128.146748,1160.691862,1193.087684,1232.207325,1263.177664,1288.475622,1314.395309,1346.068547,1384.754878,1443.172069,1527.219923,1565.414742,1558.617467,1571.913968,1557.506525,1531.926066,1566.067525,1587.315081,1564.028143,1537.051311,1522.740638,1503.939986,1455.677341,1415.224795,1412.859829,1445.081703,1463.424108,1447.074411,1414.979242,1390.772239,1378.253971,1361.628006,1330.611077,1289.655542,1248.701751,1188.206632,1115.742368,1063.809429,1023.246154,972.029808,898.491727,838.682771,790.766802,720.493716,661.386238,619.577763,563.530701,496.634095,432.547404,381.684431,336.700218,286.463632,225.854525,171.711119,127.881197,83.070953,38.968818,8.165312,0.239261,0.217187,0.000000,0.009747,0.015592,0.000000,0.000701,0.001121,0.000000,0.000050,0.000000,0.000000,0.000000,0.000000,0.000000,0.000000,0.000000,0.000000,0.000000,0.000000,0.000000,0.000000,0.000000,0.000000,0.000000,0.000000,0.000000,0.000000,0.000000,0.000000,0.000000,0.000000,0.000000
0.000000,0.000000,0.000000,0.000000,0.000000,0.000000,0.000000,0.000000,0.000000,0.000000,0.000000,0.000000,0.000000,0.000000,0.000000,0.000000,0.000000,0.000000,0.000000,0.000000,0.000000,0.000081,0.000000,0.000000,0.002027,0.000156,0.000000,0.028204,0.002185,0.000000,0.392859,0.123360,6.442734,35.659356,76.811564,120.271785,168.783235,214.302692,256.870861,304.697386,355.604867,408.695979,465.772548,523.684673,582.587973,647.754570,724.470016,798.418252,844.212070,877.459618,914.785192,960.571770,1009.925757,1054.868636,1095.350460,1157.771350,1221.629600,1237.035230,1250.036064,1283.661151,1319.542284,1366.254617,1431.211142,1506.679142,1556.994846,1577.858110,1597.188900,1614.462954,1617.811800,1600.598532,1592.574321,1595.908379,1580.577581,1526.681630,1468.891605,1464.374258,1459.874355,1443.633320,1454.667639,1447.939431,1407.613421,1367.219183,1354.834794,1351.624726,1313.238732,1278.170412,1260.955898,1232.766319,1172.178977,1100.742467,1064.402633,1041.561904,993.439818,903.720221,839.183490,799.978961,725.860602,660.350465,615.896499,557.485111,492.526374,431.657406,376.736964,325.231918,271.976587,214.208791,164.016158,122.702506,79.969743,36.534586,6.375000,0.009931,0.418643,0.000000,0.000000,0.030058,0.000000,0.000000,0.002161,0.000000,0.000000,0.000077,0.000000,0.000000,0.000000,0.000000,0.000000,0.000000,0.000000,0.000000,0.000000,0.000000,0.000000,0.000000,0.000000,0.000000,0.000000,0.000000,0.000000,0.000000,0.000000,0.000000,0.000000,0.000000
0.000000,0.000000,0.000000,0.000000,0.000000,0.000000,0.000000,0.000000,0.000000,0.000000,0.000000,0.000000,0.000000,0.000000,0.000000,0.000000,0.000000,0.000000,0.000000,0.000000,0.000000,0.000201,0.000000,0.000000,0.003723,0.000000,0.000000,0.051807,0.000000,0.000000,0.721587,0.000000,4.304453,36.928765,84.134842,133.490896,187.553266,234.629706,277.765084,331.820955,386.718342,441.047071,504.131157,568.123486,628.552469,689.504693,756.668528,817.604289,850.854608,870.747248,897.774650,945.466096,1012.844167,1077.763821,1118.715326,1182.415912,1249.135024,1250.611712,1258.369286,1299.418228,1331.962557,1360.209987,1402.039799,1462.425719,1492.662420,1494.347812,1514.970588,1534.511063,1532.598692,1514.807030,1521.737695,1547.322001,1545.085192,1526.447069,1508.986147,1495.317413,1473.402129,1448.245770,1437.135963,1415.759947,1384.588310,1366.216091,1329.383194,1275.859007,1239.829104,1203.698872,1164.923102,1139.833293,1108.409526,1066.522787,1030.050503,996.875436,949.391674,874.643441,817.978230,780.817652,723.063759,669.294963,619.304037,547.162529,487.122649,441.526312,378.677618,319.398573,270.058664,216.087392,165.502925,121.028176,76.142571,32.672416,4.287187,0.000000,0.642352,0.000000,0.000000,0.046120,0.000000,0.000000,0.003311,0.000000,0.000000,0.000177,0.000000,0.000000,0.000000,0.000000,0.000000,0.000000,0.000000,0.000000,0.000000,0.000000,0.000000,0.000000,0.000000,0.000000,0.000000,0.000000,0.000000,0.000000,0.000000,0.000000,0.000000,0.000000
0.000000,0.000000,0.000000,0.000000,0.000000,0.000000,0.000000,0.000000,0.000000,0.000000,0.000000,0.000000,0.000000,0.000000,0.000000,0.000000,0.000000,0.000000,0.000000,0.000000,0.000000,0.000311,0.000000,0.000000,0.004897,0.000000,0.000000,0.068171,0.000000,0.000000,0.949474,0.000000,2.320234,31.423768,72.773242,114.087591,159.263535,201.694084,242.062331,287.836602,334.156335,383.418034,443.009787,499.061650,545.701997,590.673043,640.649763,692.309692,734.734526,765.960471,800.957392,858.831960,918.662333,959.491496,986.788207,1063.108025,1157.601266,1175.710502,1209.522376,1276.298761,1295.293772,1296.654633,1322.655025,1381.194891,1413.064362,1408.566812,1410.953218,1411.989572,1401.582137,1384.879116,1378.941266,1381.419131,1377.261320,1388.520315,1407.856528,1404.246264,1417.544685,1449.506065,1450.954331,1413.206836,1366.132074,1347.227314,1318.423680,1264.049173,1209.699697,1178.662926,1158.393466,1114.973210,1068.764427,1041.541597,1032.731248,1003.245102,942.002697,876.291452,835.385290,805.970622,746.787179,674.645237,606.447639,544.954300,497.723521,453.143267,388.651904,325.339131,272.249273,219.129642,166.938965,118.363333,73.786605,30.981472,2.377344,0.000000,0.918735,0.000000,0.000000,0.065967,0.000000,0.000000,0.004734,0.000000,0.000000,0.000297,0.000000,0.000000,0.000000,0.000000,0.000000,0.000000,0.000000,0.000000,0.000000,0.000000,0.000000,0.000000,0.000000,0.000000,0.000000,0.000000,0.000000,0.000000,0.000000,0.000000,0.000000,0.000000
0.000000,0.000000,0.000000,0.000000,0.000000,0.000000,0.000000,0.000000,0.000000,0.000000,0.000000,0.000000,0.000000,0.000000,0.000000,0.000000,0.000000,0.000000,0.000000,0.000000,0.000000,0.000417,0.000000,0.000000,0.005817,0.000000,0.000000,0.080965,0.000000,0.000000,1.127671,0.000000,1.176719,28.922032,67.652036,107.353036,153.867776,200.798124,244.746482,289.510202,342.397029,401.589363,456.892612,506.500081,557.091682,614.271675,655.907352,688.575814,742.365804,808.558064,874.308322,930.019588,960.616482,975.428436,1005.516913,1070.698260,1135.691799,1146.785718,1190.177834,1268.824759,1292.710391,1290.833336,1304.435679,1346.152893,1390.804844,1412.991173,1406.113380,1404.343441,1404.441581,1374.586586,1353.729902,1352.470795,1344.204671,1337.093546,1349.227330,1390.403832,1433.042892,1439.350725,1389.013705,1331.957208,1292.038562,1257.336794,1231.196139,1207.841266,1173.668105,1135.404171,1102.011195,1075.697260,1044.905757,1015.464256,1004.101297,985.126400,941.093201,883.201211,853.616268,837.996968,778.555640,702.463657,634.531083,572.796908,510.531391,448.252816,391.561722,334.723241,277.380995,224.225200,167.835259,111.635432,67.049384,27.625452,1.063828,0.000000,1.047621,0.000000,0.000000,0.075220,0.000000,0.000000,0.005400,0.000000,0.000000,0.000393,0.000000,0.000000,0.000000,0.000000,0.000000,0.000000,0.000000,0.000000,0.000000,0.000000,0.000000,0.000000,0.000000,0.000000,0.000000,0.000000,0.000000,0.000000,0.000000,0.000000,0.000000,0.000000
0.000000,0.000000,0.000000,0.000000,0.000000,0.000000,0.000000,0.000000,0.000000,0.000000,0.000000,0.000000,0.000000,0.000000,0.000000,0.000000,0.000000,0.000000,0.000000,0.000000,0.000000,0.000409,0.000000,0.000000,0.005492,0.000000,0.000000,0.076473,0.000000,0.000000,1.065174,0.000000,0.370547,27.715887,68.616961,112.532256,161.014107,215.507970,271.525512,322.462218,380.308626,441.568580,490.290923,542.296981,603.259553,662.228703,712.739767,766.022374,838.504286,908.652640,973.147898,1044.810938,1090.434509,1107.187283,1127.298825,1159.430922,1185.958882,1189.014638,1238.604411,1315.405928,1326.231405,1332.579509,1368.322446,1404.227353,1427.953653,1432.968581,1416.894464,1389.422444,1372.892254,1388.782134,1415.721785,1428.039415,1419.282062,1420.105131,1424.261532,1400.640594,1395.669974,1403.045261,1369.599040,1327.462123,1297.824766,1272.083381,1244.725921,1216.764260,1189.999449,1146.668947,1092.390159,1050.065402,1001.961246,951.087455,922.133853,902.317900,873.312243,829.388873,796.270317,771.540574,726.386556,668.138837,607.949935,549.586472,487.723545,427.799645,381.685769,336.393851,283.668866,227.105740,169.636577,115.234009,67.549112,26.309424,0.328047,0.000000,0.996644,0.000000,0.000000,0.071557,0.000000,0.000000,0.005142,0.000000,0.000000,0.000391,0.000000,0.000000,0.000000,0.000000,0.000000,0.000000,0.000000,0.000000,0.000000,0.000000,0.000000,0.000000,0.000000,0.000000,0.000000,0.000000,0.000000,0.000000,0.000000,0.000000,0.000000,0.000000
0.000000,0.000000,0.000000,0.000000,0.000000,0.000000,0.000000,0.000000,0.000000,0.000000,0.000000,0.000000,0.000000,0.000000,0.000000,0.000000,0.000000,0.000000,0.000000,0.000000,0.000000,0.000344,0.000000,0.000000,0.004748,0.000000,0.000000,0.066172,0.000000,0.000000,0.921640,0.000000,0.000000,24.816790,62.804922,105.768865,154.718889,209.472990,267.492039,323.998382,377.820981,429.714018,480.811945,530.568923,581.490969,636.119462,683.624700,736.857784,817.889295,878.443181,918.333081,981.055647,1020.092942,1021.302695,1023.806934,1055.770070,1107.885275,1148.861203,1197.451461,1243.468495,1253.436613,1261.442225,1282.999403,1304.255184,1334.242615,1364.404171,1371.596233,1368.431617,1388.667065,1453.453274,1486.881432,1460.144339,1422.606901,1422.749204,1442.565234,1422.565841,1398.172497,1387.331558,1369.514434,1330.767499,1283.714449,1257.095828,1247.647833,1229.528062,1181.102169,1154.885702,1148.685335,1106.370639,1054.577039,1012.323401,972.178025,937.256712,897.139638,837.590157,790.831279,753.896872,693.123064,637.902741,592.737442,530.513130,463.989512,408.512181,366.945412,323.582814,271.859916,218.556102,164.914238,112.629118,65.205805,24.871838,0.000000,0.000000,0.907053,0.000000,0.000000,0.065123,0.000000,0.000000,0.004677,0.000000,0.000000,0.000337,0.000000,0.000000,0.000000,0.000000,0.000000,0.000000,0.000000,0.000000,0.000000,0.000000,0.000000,0.000000,0.000000,0.000000,0.000000,0.000000,0.000000,0.000000,0.000000,0.000000,0.000000,0.000000
0.000000,0.000000,0.000000,0.000000,0.000000,0.000000,0.000000,0.000000,0.000000,0.000000,0.000000,0.000000,0.000000,0.000000,0.000000,0.000000,0.000000,0.000000,0.000000,0.000000,0.000000,0.000298,0.000000,0.000000,0.004098,0.000000,0.000000,0.057151,0.000000,0.000000,0.795968,0.000000,0.000000,23.043759,61.457418,108.401712,160.261288,210.732435,264.554966,330.289046,385.013973,430.972274,492.779677,553.129530,604.374013,655.784101,702.930136,759.755729,842.619540,893.400159,920.956809,985.462415,1018.341208,1017.210550,1054.378396,1109.124654,1156.819686,1200.789359,1266.196924,1326.448555,1329.249411,1340.440730,1371.931010,1378.826768,1420.700719,1477.202267,1465.250663,1478.781569,1544.213632,1587.044948,1594.926735,1582.741742,1571.576415,1569.208382,1559.938094,1521.996482,1486.461052,1465.193197,1440.200270,1407.119024,1366.139432,1320.737383,1284.865640,1244.704701,1179.486702,1157.910159,1171.031381,1135.325332,1079.929596,1025.349777,962.578578,916.400134,881.729238,830.517472,785.827943,743.253137,675.109973,620.334913,582.605489,524.824647,460.326728,402.879397,352.363103,302.862714,252.388634,203.304838,153.995655,104.967365,59.900806,22.468484,0.000000,0.000000,0.774295,0.000000,0.000000,0.055593,0.000000,0.000000,0.003989,0.000000,0.000000,0.000288,0.000000,0.000000,0.000000,0.000000,0.000000,0.000000,0.000000,0.000000,0.000000,0.000000,0.000000,0.000000,0.000000,0.000000,0.000000,0.000000,0.000000,0.000000,0.000000,0.000000,0.000000,0.000000
0.000000,0.000000,0.000000,0.000000,0.000000,0.000000,0.000000,0.000000,0.000000,0.000000,0.000000,0.000000,0.000000,0.000000,0.000000,0.000000,0.000000,0.000000,0.000000,0.000000,0.000000,0.000248,0.000000,0.000000,0.003418,0.000000,0.000000,0.047646,0.000000,0.000000,0.663577,0.000000,0.000000,19.787239,54.738028,99.396508,148.859986,197.410085,247.945713,305.999839,353.486491,393.436967,446.979079,501.783603,552.533282,607.455837,666.166409,732.811773,810.291044,872.480918,919.978732,975.183617,1016.980323,1048.112883,1095.879861,1145.242612,1190.579521,1244.709014,1308.081999,1346.997469,1328.187610,1334.390035,1369.693250,1366.450256,1396.761054,1452.910033,1451.431866,1462.744141,1508.870897,1531.540917,1513.555584,1491.196374,1516.630431,1544.862348,1526.568706,1454.972630,1394.064501,1367.415541,1349.775792,1340.124890,1330.716229,1306.101559,1274.666410,1228.858077,1157.512667,1118.678307,1101.559309,1039.819932,984.867923,951.490641,902.005484,853.128473,811.751970,764.585118,714.257124,662.189236,606.999940,561.716652,524.481878,479.841944,432.488122,385.045982,334.290402,283.833931,236.144267,190.777397,145.999774,100.518974,55.612590,19.618694,0.000000,0.000000,0.645031,0.000000,0.000000,0.046316,0.000000,0.000000,0.003319,0.000000,0.000000,0.000237,0.000000,0.000000,0.000000,0.000000,0.000000,0.000000,0.000000,0.000000,0.000000,0.000000,0.000000,0.000000,0.000000,0.000000,0.000000,0.000000,0.000000,0.000000,0.000000,0.000000,0.000000,0.000000
0.000000,0.000000,0.000000,0.000000,0.000000,0.000000,0.000000,0.000000,0.000000,0.000000,0.000000,0.000000,0.000000,0.000000,0.000000,0.000000,0.000000,0.000000,0.000000,0.000000,0.000000,0.000216,0.000000,0.000000,0.002964,0.000000,0.000000,0.041314,0.000000,0.000000,0.575390,0.000000,0.000000,17.147309,48.497177,90.805584,141.288626,193.307637,243.734665,293.334467,339.765415,382.712578,424.068770,463.548844,512.412442,583.280281,645.602948,699.438229,771.851556,828.862388,867.109114,917.878404,966.327922,1006.884024,1052.291830,1104.675278,1159.601883,1211.198358,1262.011608,1301.883080,1313.351671,1311.292335,1315.142260,1335.602088,1368.440507,1401.518344,1427.457874,1472.186889,1529.173084,1555.873594,1529.454576,1489.748193,1498.050697,1485.765385,1443.289208,1427.063622,1397.454770,1340.731842,1294.558266,1291.110174,1312.300855,1305.000789,1279.303651,1238.596323,1177.561809,1147.760238,1136.551891,1083.635026,1045.107171,1023.294621,960.170795,893.449208,843.574295,791.322026,727.422676,661.024378,607.782307,558.910916,509.735039,464.574334,425.328428,383.686613,328.970256,280.619706,241.394506,195.252815,146.222127,98.038542,51.424877,16.810119,0.000000,0.000000,0.550662,0.000000,0.000000,0.039536,0.000000,0.000000,0.002833,0.000000,0.000000,0.000202,0.000000,0.000000,0.000000,0.000000,0.000000,0.000000,0.000000,0.000000,0.000000,0.000000,0.000000,0.000000,0.000000,0.000000,0.000000,0.000000,0.000000,0.000000,0.000000,0.000000,0.000000,0.000000
0.000000,0.000000,0.000000,0.000000,0.000000,0.000000,0.000000,0.000000,0.000000,0.000000,0.000000,0.000000,0.000000,0.000000,0.000000,0.000000,0.000000,0.000000,0.000000,0.000000,0.000000,0.000145,0.000000,0.000000,0.002394,0.000000,0.000000,0.033366,0.000000,0.000000,0.464699,0.000000,0.000000,14.319560,43.052400,83.832228,130.589950,182.265299,234.119567,279.968547,328.523782,379.921356,424.246611,462.999151,513.777057,592.098208,652.307212,689.181618,740.753445,788.636621,831.235678,885.529896,919.667426,950.872173,1029.122832,1089.092471,1122.352415,1189.716435,1276.857747,1347.295466,1375.757415,1385.804800,1389.225021,1383.457036,1403.573838,1445.111723,1466.765754,1474.835612,1494.593728,1538.084430,1551.183970,1541.502468,1563.842210,1552.603289,1509.187350,1500.508264,1481.438409,1436.739849,1403.990519,1384.716348,1368.177338,1339.904365,1287.020827,1223.243043,1176.537723,1134.842087,1093.690319,1060.660057,1029.630489,999.583538,971.667308,918.916304,845.331650,784.267382,731.074816,675.079846,611.649433,549.410814,496.384327,453.528644,413.409652,366.534483,309.567843,261.751594,224.206819,180.052536,133.601337,88.638557,45.479572,14.420324,0.000000,0.000000,0.458936,0.000000,0.000000,0.032952,0.000000,0.000000,0.002362,0.000000,0.000000,0.000138,0.000000,0.000000,0.000000,0.000000,0.000000,0.000000,0.000000,0.000000,0.000000,0.000000,0.000000,0.000000,0.000000,0.000000,0.000000,0.000000,0.000000,0.000000,0.000000,0.000000,0.000000,0.000000
0.000000,0.000000,0.000000,0.000000,0.000000,0.000000,0.000000,0.000000,0.000000,0.000000,0.000000,0.000000,0.000000,0.000000,0.000000,0.000000,0.000000,0.000000,0.000000,0.000000,0.000000,0.000089,0.000000,0.000000,0.002001,0.000000,0.000000,0.027845,0.000000,0.000000,0.387820,0.000000,0.000000,12.299227,38.842092,78.389412,124.013608,175.398620,228.421553,276.998819,331.087632,386.602879,428.200146,471.973408,532.159017,604.547208,653.151363,685.348228,742.324461,797.294380,838.934076,880.695342,906.180694,927.403296,975.011664,1008.478646,1038.734992,1116.311797,1172.768220,1186.364614,1200.816850,1215.836550,1225.455146,1229.149670,1224.289939,1234.623751,1287.053172,1324.354044,1347.043355,1402.491340,1408.247781,1372.921901,1393.049407,1417.942327,1418.864600,1421.694677,1428.469281,1425.008779,1395.702205,1360.104123,1325.791631,1285.203015,1253.198521,1230.330173,1198.268224,1149.562368,1095.767147,1055.763648,1028.108483,1000.303399,961.056896,923.555871,883.325347,822.240716,762.451952,707.541699,641.018856,581.648100,534.886818,485.591007,426.293721,360.819399,300.419899,252.998528,214.038540,171.184214,127.161765,83.656574,40.892611,12.028063,0.000000,0.000000,0.359706,0.000000,0.000000,0.025826,0.000000,0.000000,0.001852,0.000000,0.000000,0.000078,0.000000,0.000000,0.000000,0.000000,0.000000,0.000000,0.000000,0.000000,0.000000,0.000000,0.000000,0.000000,0.000000,0.000000,0.000000,0.000000,0.000000,0.000000,0.000000,0.000000,0.000000,0.000000
0.000000,0.000000,0.000000,0.000000,0.000000,0.000000,0.000000,0.000000,0.000000,0.000000,0.000000,0.000000,0.000000,0.000000,0.000000,0.000000,0.000000,0.000000,0.000000,0.000000,0.000000,0.000042,0.000000,0.000000,0.001597,0.000000,0.000000,0.022220,0.000000,0.000000,0.309517,0.000000,0.000000,10.376704,35.676618,74.684329,117.301154,165.287616,217.267542,267.667813,319.345884,370.704608,416.532776,464.222045,515.261520,563.759542,609.023137,660.669560,727.249093,777.183484,812.946626,865.617979,905.966545,933.087389,978.003988,1024.237425,1074.142202,1142.617582,1172.144774,1175.391415,1217.002217,1235.832110,1231.156911,1264.585944,1274.766263,1255.759424,1267.292285,1294.388150,1330.321633,1387.446047,1431.782512,1445.028907,1437.266432,1434.886264,1448.225841,1464.736165,1458.235811,1434.129997,1420.068935,1399.227534,1362.276597,1322.302513,1301.740489,1289.649404,1251.793920,1208.665003,1176.701155,1150.634305,1113.756771,1056.750471,987.105702,936.914650,899.867563,838.883101,777.619555,729.379430,680.833567,617.184535,550.300028,502.867774,439.310281,361.068546,305.660473,261.304460,216.569687,172.087431,127.341003,81.833141,38.305469,10.448940,0.000000,0.000000,0.298485,0.000000,0.000000,0.021431,0.000000,0.000000,0.001537,0.000000,0.000000,0.000039,0.000000,0.000000,0.000000,0.000000,0.000000,0.000000,0.000000,0.000000,0.000000,0.000000,0.000000,0.000000,0.000000,0.000000,0.000000,0.000000,0.000000,0.000000,0.000000,0.000000,0.000000,0.000000
0.000000,0.000000,0.000000,0.000000,0.000000,0.000000,0.000000,0.000000,0.000000,0.000000,0.000000,0.000000,0.000000,0.000000,0.000000,0.000000,0.000000,0.000000,0.000000,0.000000,0.000000,0.000000,0.000000,0.000000,0.001144,0.000000,0.000000,0.015909,0.000000,0.000000,0.221623,0.000000,0.000000,8.380826,34.236421,76.758352,119.082407,165.994284,221.505471,281.301255,332.696240,382.297185,449.418579,517.245768,571.985279,616.579543,659.348894,704.857019,753.681166,803.238180,855.331354,913.500406,966.525217,1007.501107,1042.664414,1098.869270,1179.496285,1255.114668,1285.056944,1300.924621,1370.050739,1414.135971,1411.033352,1420.768819,1444.051447,1459.306561,1444.078977,1398.456197,1365.978077,1398.014002,1435.741336,1447.415520,1450.781481,1462.556023,1490.302411,1523.125463,1511.626097,1471.615538,1464.645595,1441.497252,1387.136160,1340.218220,1299.676735,1263.447463,1231.395409,1176.858773,1119.112249,1100.750702,1054.632413,974.945553,923.889503,887.498255,848.472119,805.757210,760.270055,716.041848,674.947926,617.503346,552.537950,507.038734,448.873231,375.226387,316.766943,264.969509,213.883587,167.699054,122.871778,77.265504,34.533881,8.586874,0.000000,0.000000,0.226897,0.000000,0.000000,0.016292,0.000000,0.000000,0.001169,0.000000,0.000000,0.000000,0.000000,0.000000,0.000000,0.000000,0.000000,0.000000,0.000000,0.000000,0.000000,0.000000,0.000000,0.000000,0.000000,0.000000,0.000000,0.000000,0.000000,0.000000,0.000000,0.000000,0.000000,0.000000
0.000000,0.000000,0.000000,0.000000,0.000000,0.000000,0.000000,0.000000,0.000000,0.000000,0.000000,0.000000,0.000000,0.000000,0.000000,0.000000,0.000000,0.000000,0.000000,0.000000,0.000000,0.000000,0.000000,0.000000,0.000790,0.000000,0.000000,0.010979,0.000000,0.000000,0.152986,0.000000,0.000000,6.764902,32.196631,76.447499,120.075220,167.429154,223.006162,283.639753,339.083318,387.531240,437.818873,498.508020,562.186143,614.273275,671.486035,742.178181,815.794980,874.283874,921.528755,979.548825,1048.651171,1101.885091,1112.467459,1143.757902,1201.046821,1228.070271,1229.915598,1256.804510,1352.024628,1402.120564,1382.910754,1380.671916,1394.916994,1410.424504,1420.335648,1419.713933,1422.074419,1440.459135,1424.886906,1388.900013,1399.381062,1424.802860,1444.802609,1469.042530,1480.947403,1470.858872,1444.376960,1413.878603,1388.354026,1367.660416,1334.592630,1289.910274,1250.786650,1209.112303,1159.633278,1103.448047,1033.972598,955.100582,885.215205,849.471444,836.218328,806.247411,765.029362,725.947768,691.670126,637.059807,567.137020,512.863480,458.175526,394.831563,332.530010,273.842115,219.732667,170.507762,123.525259,76.541171,32.107812,6.938175,0.000000,0.000000,0.157009,0.000000,0.000000,0.011273,0.000000,0.000000,0.000808,0.000000,0.000000,0.000000,0.000000,0.000000,0.000000,0.000000,0.000000,0.000000,0.000000,0.000000,0.000000,0.000000,0.000000,0.000000,0.000000,0.000000,0.000000,0.000000,0.000000,0.000000,0.000000,0.000000,0.000000,0.000000
0.000000,0.000000,0.000000,0.000000,0.000000,0.000000,0.000000,0.000000,0.000000,0.000000,0.000000,0.000000,0.000000,0.000000,0.000000,0.000000,0.000000,0.000000,0.000000,0.000000,0.000000,0.000000,0.000000,0.000000,0.000407,0.000134,0.000000,0.005674,0.001883,0.000000,0.079078,0.026230,0.000000,4.913244,29.219806,75.469265,122.218349,168.041841,217.016392,271.778361,329.521885,385.736301,438.991067,501.360891,572.894111,642.165485,713.365055,779.140831,826.913157,887.536551,957.997101,1005.475032,1057.547923,1118.218148,1160.880871,1193.576200,1215.180513,1215.552229,1211.592435,1239.430118,1320.522491,1351.047109,1327.253473,1348.708096,1398.134554,1424.694437,1400.180567,1399.166002,1423.170887,1402.428605,1370.539750,1370.461164,1412.084895,1424.212006,1409.770729,1434.554828,1444.966097,1426.491224,1420.521179,1411.271552,1397.425830,1396.102364,1377.748670,1328.391019,1266.647462,1222.508658,1186.406442,1122.635918,1059.770763,1011.876402,966.459279,917.821409,864.419433,809.655961,765.788185,730.284616,684.200163,614.175421,536.619327,483.226614,435.048423,380.065910,324.360812,270.904755,218.860215,165.930222,116.449563,70.635657,27.882589,5.250847,0.000000,0.008850,0.093773,0.000000,0.000637,0.006733,0.000000,0.000000,0.000482,0.000000,0.000000,0.000000,0.000000,0.000000,0.000000,0.000000,0.000000,0.000000,0.000000,0.000000,0.000000,0.000000,0.000000,0.000000,0.000000,0.000000,0.000000,0.000000,0.000000,0.000000,0.000000,0.000000,0.000000,0.000000
0.000000,0.000000,0.000000,0.000000,0.000000,0.000000,0.000000,0.000000,0.000000,0.000000,0.000000,0.000000,0.000000,0.000000,0.000000,0.000000,0.000000,0.000000,0.000000,0.000000,0.000000,0.000000,0.000000,0.000000,0.000188,0.000436,0.000000,0.002617,0.006071,0.000000,0.036486,0.084549,0.000000,3.478423,26.286910,73.629613,125.169743,171.668501,218.825343,276.840227,329.203677,377.258736,440.313353,512.114809,587.654872,665.366581,724.635845,764.348368,806.201644,861.831850,922.890297,971.092479,1016.064331,1065.240704,1114.580401,1150.389001,1173.452574,1196.136165,1212.545615,1235.249760,1281.134291,1295.115488,1283.582378,1314.005283,1376.718448,1437.753737,1469.625619,1491.421799,1493.719422,1451.518009,1417.519248,1423.130893,1454.718312,1458.475810,1444.703899,1470.912641,1495.441654,1494.885220,1483.538786,1452.893020,1403.518275,1352.726497,1320.757101,1287.688644,1216.955141,1161.551743,1134.699972,1096.489280,1041.459052,995.373240,987.955260,973.006193,921.306753,849.606761,796.394448,760.142059,704.651960,635.989416,572.307575,524.616375,471.258467,402.285214,329.637887,271.762006,224.470997,168.337584,115.571107,69.694519,25.288651,3.399720,0.000000,0.118033,0.046141,0.000000,0.008476,0.003311,0.000000,0.000561,0.000237,0.000000,0.000000,0.000000,0.000000,0.000000,0.000000,0.000000,0.000000,0.000000,0.000000,0.000000,0.000000,0.000000,0.000000,0.000000,0.000000,0.000000,0.000000,0.000000,0.000000,0.000000,0.000000,0.000000,0.000000,0.000000
0.000000,0.000000,0.000000,0.000000,0.000000,0.000000,0.000000,0.000000,0.000000,0.000000,0.000000,0.000000,0.000000,0.000000,0.000000,0.000000,0.000000,0.000000,0.000000,0.000000,0.000000,0.000000,0.000057,0.000000,0.000046,0.001270,0.000000,0.000645,0.017662,0.000000,0.008992,0.246009,0.000000,1.950743,22.334119,67.787568,115.482940,162.889832,212.055528,264.047350,319.015893,376.318026,435.351469,500.007486,569.464904,636.883291,695.270690,748.521331,808.347308,874.578276,937.369212,984.504524,1020.900266,1052.315702,1080.464259,1106.516284,1125.337119,1133.565026,1159.331301,1207.804924,1251.929882,1265.735167,1256.961990,1260.657945,1284.308095,1324.142132,1370.892892,1405.987944,1430.666893,1462.194247,1475.977203,1479.210999,1503.615098,1501.601964,1469.979545,1456.838262,1456.917326,1455.691722,1441.728256,1397.739927,1332.314166,1280.154802,1270.151671,1266.055068,1198.604428,1126.637881,1086.749920,1059.322924,1017.557785,967.294647,937.360697,911.626231,861.712114,778.009291,717.337851,690.967314,658.389220,612.242435,558.890654,506.103353,451.132057,387.944164,315.883499,256.365712,210.162191,158.920039,107.921144,61.172111,20.357656,1.779195,0.000000,0.216555,0.011698,0.000000,0.015549,0.000839,0.000000,0.001069,0.000060,0.000000,0.000000,0.000000,0.000000,0.000000,0.000000,0.000000,0.000000,0.000000,0.000000,0.000000,0.000000,0.000000,0.000000,0.000000,0.000000,0.000000,0.000000,0.000000,0.000000,0.000000,0.000000,0.000000,0.000000,0.000000
0.000000,0.000000,0.000000,0.000000,0.000000,0.000000,0.000000,0.000000,0.000000,0.000000,0.000000,0.000000,0.000000,0.000000,0.000000,0.000000,0.000000,0.000000,0.000000,0.000000,0.000000,0.000000,0.000125,0.000000,0.000000,0.002214,0.000000,0.000000,0.030801,0.000000,0.000000,0.429041,0.000000,0.944789,18.994298,62.636964,108.269420,156.689890,208.887441,261.391422,320.615159,388.179208,457.805918,524.755608,586.449467,640.773387,682.587695,727.392555,799.517181,875.064633,935.397565,981.380824,1019.405870,1065.954488,1135.423962,1197.932786,1233.569972,1251.752747,1285.462230,1328.796048,1344.084396,1345.964398,1360.492487,1398.103804,1404.846121,1383.813602,1387.493381,1390.820145,1401.741269,1456.420733,1497.271272,1499.003506,1490.550822,1475.605226,1458.743767,1449.132308,1435.464106,1415.757098,1398.537659,1375.004288,1336.192492,1286.536651,1265.385625,1255.074537,1194.695202,1118.646806,1062.491783,1032.711875,1017.024308,989.844707,928.920949,864.085466,806.552592,742.726512,679.638460,626.095125,583.927508,543.028644,496.320468,443.344474,390.174471,336.683670,278.888216,226.232496,181.416890,138.086670,94.351717,51.514975,16.679036,0.719061,0.000000,0.360683,0.000000,0.000000,0.025899,0.000000,0.000000,0.001811,0.000000,0.000000,0.000053,0.000000,0.000000,0.000000,0.000000,0.000000,0.000000,0.000000,0.000000,0.000000,0.000000,0.000000,0.000000,0.000000,0.000000,0.000000,0.000000,0.000000,0.000000,0.000000,0.000000,0.000000,0.000000,0.000000
0.000000,0.000000,0.000000,0.000000,0.000000,0.000000,0.000000,0.000000,0.000000,0.000000,0.000000,0.000000,0.000000,0.000000,0.000000,0.000000,0.000000,0.000000,0.000000,0.000000,0.000000,0.000000,0.000201,0.000000,0.000000,0.003134,0.000000,0.000000,0.043628,0.000000,0.000000,0.607698,0.000000,0.308663,15.465849,54.517341,98.366890,145.626767,198.166689,254.425048,313.713862,376.739885,443.531392,506.801888,562.447528,610.802009,650.359876,702.110477,790.581015,863.399393,904.998813,950.899323,1007.550536,1069.007409,1128.956617,1196.693802,1255.618286,1278.638605,1310.346010,1357.349670,1381.455802,1390.243029,1412.295330,1465.551986,1484.581636,1463.190134,1453.273874,1433.629495,1422.524459,1468.036936,1517.801592,1519.662573,1469.936625,1438.823521,1431.780776,1399.670562,1379.526301,1392.919035,1418.627269,1408.125086,1361.907549,1325.524971,1300.497858,1273.204526,1231.943242,1183.584483,1134.214923,1088.025561,1057.963458,1029.694773,972.084160,909.110155,855.602599,801.047376,723.213901,641.493030,597.171803,561.858413,514.437271,458.600337,402.649434,349.525720,296.983831,245.076877,194.857409,147.033446,99.712556,53.105206,14.080526,0.071177,0.000000,0.576255,0.000000,0.000000,0.041376,0.000000,0.000000,0.002966,0.000000,0.000000,0.000134,0.000000,0.000000,0.000000,0.000000,0.000000,0.000000,0.000000,0.000000,0.000000,0.000000,0.000000,0.000000,0.000000,0.000000,0.000000,0.000000,0.000000,0.000000,0.000000,0.000000,0.000000,0.000000,0.000000
0.000000,0.000000,0.000000,0.000000,0.000000,0.000000,0.000000,0.000000,0.000000,0.000000,0.000000,0.000000,0.000000,0.000000,0.000000,0.000000,0.000000,0.000000,0.000000,0.000000,0.000000,0.000000,0.000273,0.000000,0.000000,0.003829,0.000000,0.000000,0.053326,0.000000,0.000000,0.742819,0.000000,0.000000,12.886457,50.371227,94.157572,143.341432,198.067374,254.979868,317.178782,379.955543,433.037518,482.450181,533.244434,584.561133,631.343136,685.422949,764.495832,838.662757,894.220662,942.814785,984.567880,1014.947355,1034.529132,1069.432046,1117.958882,1157.153745,1211.969607,1278.729671,1323.028319,1353.354140,1382.804258,1415.112283,1446.673063,1456.157585,1424.266947,1400.602680,1416.756656,1467.215801,1530.420603,1562.675065,1528.507548,1500.813449,1493.102894,1456.619242,1427.860215,1431.719421,1454.255898,1452.688505,1418.676198,1380.913347,1349.671047,1326.553189,1306.157621,1268.715261,1211.345265,1155.201283,1120.551446,1091.118355,1030.216892,963.365699,906.216493,846.185926,763.291067,680.269877,639.350563,597.459461,534.129506,470.068183,414.042707,363.149633,308.778132,251.716203,196.723204,147.523549,98.556783,49.916870,11.183833,0.000000,0.000000,0.662678,0.000000,0.000000,0.047581,0.000000,0.000000,0.003412,0.000000,0.000000,0.000206,0.000000,0.000000,0.000000,0.000000,0.000000,0.000000,0.000000,0.000000,0.000000,0.000000,0.000000,0.000000,0.000000,0.000000,0.000000,0.000000,0.000000,0.000000,0.000000,0.000000,0.000000,0.000000,0.000000
0.000000,0.000000,0.000000,0.000000,0.000000,0.000000,0.000000,0.000000,0.000000,0.000000,0.000000,0.000000,0.000000,0.000000,0.000000,0.000000,0.000000,0.000000,0.000000,0.000000,0.000000,0.000000,0.000271,0.000000,0.000000,0.003638,0.000000,0.000000,0.050724,0.000000,0.000000,0.706605,0.000000,0.000000,10.593203,47.217508,93.359621,143.966190,197.232917,252.098438,306.967663,363.068338,421.488389,471.975551,519.889449,578.934933,624.137817,662.159909,725.609124,786.111908,838.703011,903.999281,950.206441,974.291130,1006.991432,1044.502191,1086.758293,1142.218799,1202.022618,1250.334652,1279.157192,1313.841348,1365.505137,1419.848124,1455.956613,1462.584871,1444.593125,1427.600403,1433.052001,1466.894743,1505.921485,1520.115719,1494.230649,1472.905717,1462.682510,1431.916764,1407.566984,1396.978823,1381.427470,1375.908232,1381.501840,1377.732520,1353.583388,1311.460255,1267.973120,1253.778461,1238.661560,1164.335890,1125.179852,1122.630786,1060.828021,979.517825,917.780220,871.325727,808.870349,731.142038,668.618602,613.497136,553.603983,486.558734,423.255232,365.939254,307.128987,248.430345,192.418185,139.738023,90.745053,46.172208,10.106901,0.000000,0.000000,0.693143,0.000000,0.000000,0.049767,0.000000,0.000000,0.003567,0.000000,0.000000,0.000268,0.000000,0.000000,0.000000,0.000000,0.000000,0.000000,0.000000,0.000000,0.000000,0.000000,0.000000,0.000000,0.000000,0.000000,0.000000,0.000000,0.000000,0.000000,0.000000,0.000000,0.000000,0.000000,0.000000
0.000000,0.000000,0.000000,0.000000,0.000000,0.000000,0.000000,0.000000,0.000000,0.000000,0.000000,0.000000,0.000000,0.000000,0.000000,0.000000,0.000000,0.000000,0.000000,0.000000,0.000000,0.000000,0.000242,0.000000,0.000000,0.003354,0.000000,0.000000,0.046701,0.000000,0.000000,0.650535,0.000000,0.000000,9.815272,46.004614,93.055434,146.379624,202.088717,256.911893,313.266201,372.713764,433.994297,494.375416,556.196396,621.798370,672.663011,709.421996,752.674892,802.357922,859.074386,925.972000,985.605265,1014.290471,1006.701364,1024.689614,1075.319546,1109.618926,1126.777411,1145.293280,1184.263663,1242.064968,1290.972049,1305.989939,1355.212326,1417.760001,1402.115740,1398.086271,1442.022700,1471.942265,1449.489634,1412.849730,1430.042266,1432.365818,1399.110636,1379.538825,1358.490115,1330.391650,1309.807791,1287.395264,1265.631850,1257.164475,1243.186269,1209.087829,1162.014777,1140.313091,1121.890613,1047.194057,991.219830,969.658456,925.843512,880.640888,842.771572,794.583497,746.384813,698.113505,637.578832,580.984028,532.415162,479.594636,418.134448,356.110701,305.747221,256.327527,200.796715,142.988898,90.003285,44.911483,9.687069,0.000000,0.000000,0.636804,0.000000,0.000000,0.045717,0.000000,0.000000,0.003276,0.000000,0.000000,0.000250,0.000000,0.000000,0.000000,0.000000,0.000000,0.000000,0.000000,0.000000,0.000000,0.000000,0.000000,0.000000,0.000000,0.000000,0.000000,0.000000,0.000000,0.000000,0.000000,0.000000,0.000000,0.000000,0.000000
0.000000,0.000000,0.000000,0.000000,0.000000,0.000000,0.000000,0.000000,0.000000,0.000000,0.000000,0.000000,0.000000,0.000000,0.000000,0.000000,0.000000,0.000000,0.000000,0.000000,0.000000,0.000000,0.000208,0.000000,0.000000,0.002904,0.000000,0.000000,0.040438,0.000000,0.000000,0.563249,0.000000,0.000000,9.184269,43.146499,89.227862,140.782657,194.497829,249.814034,306.333396,363.727037,421.149207,475.488436,527.850531,583.541892,645.342940,706.583057,758.888923,825.098914,904.200545,971.119607,1031.076158,1071.868703,1074.269007,1087.882954,1126.033225,1158.152009,1181.550703,1208.259071,1252.275168,1310.742939,1355.662717,1360.252167,1378.983281,1415.182036,1421.068126,1440.854301,1478.156114,1484.730282,1474.806613,1484.342009,1533.965659,1566.999884,1558.533148,1531.925912,1477.780094,1417.690745,1392.723688,1372.593837,1330.349483,1267.390975,1213.326567,1170.279653,1119.595013,1086.793311,1058.831085,994.556015,936.688277,894.210500,836.327709,794.663322,768.140618,722.166824,686.128788,656.510873,594.972375,536.587015,494.622928,447.862593,396.700474,345.319423,294.983989,243.825426,190.620694,136.516619,85.261701,41.009272,8.722396,0.000000,0.000000,0.532707,0.000000,0.000000,0.038240,0.000000,0.000000,0.002742,0.000000,0.000000,0.000200,0.000000,0.000000,0.000000,0.000000,0.000000,0.000000,0.000000,0.000000,0.000000,0.000000,0.000000,0.000000,0.000000,0.000000,0.000000,0.000000,0.000000,0.000000,0.000000,0.000000,0.000000,0.000000,0.000000
0.000000,0.000000,0.000000,0.000000,0.000000,0.000000,0.000000,0.000000,0.000000,0.000000,0.000000,0.000000,0.000000,0.000000,0.000000,0.000000,0.000000,0.000000,0.000000,0.000000,0.000000,0.000000,0.000138,0.000000,0.000000,0.002345,0.000000,0.000000,0.032636,0.000000,0.000000,0.454584,0.000000,0.000000,7.655298,37.148702,80.004900,125.295118,173.058360,230.918509,286.651035,336.934384,389.599319,439.521465,492.250224,560.058576,626.258917,684.970508,743.978398,796.517240,848.415869,913.906394,980.254715,1029.289497,1053.182594,1080.154911,1120.607663,1160.442431,1195.865385,1222.179116,1239.601608,1280.661407,1341.876384,1381.792821,1383.517907,1375.348888,1401.196936,1430.677895,1442.623579,1446.672671,1448.814024,1459.146906,1487.160237,1511.525275,1488.996324,1396.363342,1335.113788,1318.560941,1274.176343,1243.798645,1231.147882,1189.263189,1134.674940,1084.334398,1043.832390,1033.871473,1027.634068,971.838925,912.973190,876.977539,844.585127,801.904197,750.080874,703.392832,671.791515,638.939815,578.724409,531.578701,501.994923,454.235669,402.056053,351.088240,291.019412,233.795749,183.019412,131.013702,79.885125,36.237619,7.371729,0.000000,0.000000,0.433627,0.000000,0.000000,0.031127,0.000000,0.000000,0.002234,0.000000,0.000000,0.000131,0.000000,0.000000,0.000000,0.000000,0.000000,0.000000,0.000000,0.000000,0.000000,0.000000,0.000000,0.000000,0.000000,0.000000,0.000000,0.000000,0.000000,0.000000,0.000000,0.000000,0.000000,0.000000,0.000000
0.000000,0.000000,0.000000,0.000000,0.000000,0.000000,0.000000,0.000000,0.000000,0.000000,0.000000,0.000000,0.000000,0.000000,0.000000,0.000000,0.000000,0.000000,0.000000,0.000000,0.000000,0.000000,0.000089,0.000000,0.000000,0.002033,0.000000,0.000000,0.028280,0.000000,0.000000,0.393894,0.000000,0.000000,6.691366,33.440004,76.503123,124.548104,173.981191,229.595197,287.402906,341.091583,388.681174,443.297481,507.153120,569.898707,630.078077,687.683894,738.763737,768.261518,794.487424,855.437653,933.293868,993.945454,1016.447914,1042.414145,1090.709313,1142.850335,1185.864387,1217.827520,1245.874205,1275.715354,1312.571237,1354.462420,1374.524119,1380.952503,1408.946575,1439.653587,1461.474561,1479.308365,1474.818723,1473.687313,1518.883813,1526.607386,1482.522598,1458.009049,1458.386587,1450.412897,1402.431013,1353.164863,1310.016840,1244.775479,1175.632076,1120.927833,1085.523000,1067.798833,1049.735261,1006.687182,946.686702,898.356372,882.863121,847.418963,779.018638,718.353231,675.183648,635.935985,581.435116,530.514300,486.955746,434.707296,379.535166,325.792679,271.659320,219.927949,170.551656,120.727310,72.817380,32.569961,6.542588,0.000000,0.000000,0.385907,0.000000,0.000000,0.027703,0.000000,0.000000,0.001987,0.000000,0.000000,0.000085,0.000000,0.000000,0.000000,0.000000,0.000000,0.000000,0.000000,0.000000,0.000000,0.000000,0.000000,0.000000,0.000000,0.000000,0.000000,0.000000,0.000000,0.000000,0.000000,0.000000,0.000000,0.000000,0.000000
0.000000,0.000000,0.000000,0.000000,0.000000,0.000000,0.000000,0.000000,0.000000,0.000000,0.000000,0.000000,0.000000,0.000000,0.000000,0.000000,0.000000,0.000000,0.000000,0.000000,0.000000,0.000000,0.000039,0.000000,0.000000,0.001611,0.000000,0.000000,0.022422,0.000000,0.000000,0.312297,0.000000,0.000000,5.380532,28.104929,68.838589,116.652835,165.015095,215.505738,269.701341,323.734169,371.001836,416.309204,465.062833,521.273844,592.842608,669.577476,726.657498,763.660644,801.895592,867.189632,945.274496,1011.715460,1049.923892,1076.853843,1121.012653,1198.508791,1263.256251,1290.558311,1297.130219,1306.209018,1329.255559,1362.547383,1395.075751,1413.588217,1414.513559,1430.645339,1461.304670,1474.340455,1479.319345,1496.364380,1529.199317,1519.240478,1481.329747,1492.904228,1526.662111,1535.905280,1497.931515,1436.424232,1374.760394,1323.187687,1288.908060,1266.779288,1241.757190,1206.912484,1163.824181,1115.591741,1051.356747,989.941474,961.028742,909.046690,826.529219,760.912752,702.880050,648.380627,604.480880,549.431128,483.204178,427.639871,378.070150,326.233596,269.451725,216.274634,167.535424,116.518339,67.660894,28.577383,5.520364,0.000000,0.000000,0.322005,0.000000,0.000000,0.023116,0.000000,0.000000,0.001658,0.000000,0.000000,0.000039,0.000000,0.000000,0.000000,0.000000,0.000000,0.000000,0.000000,0.000000,0.000000,0.000000,0.000000,0.000000,0.000000,0.000000,0.000000,0.000000,0.000000,0.000000,0.000000,0.000000,0.000000,0.000000,0.000000
0.000000,0.000000,0.000000,0.000000,0.000000,0.000000,0.000000,0.000000,0.000000,0.000000,0.000000,0.000000,0.000000,0.000000,0.000000,0.000000,0.000000,0.000000,0.000000,0.000000,0.000000,0.000000,0.000000,0.000000,0.000000,0.001271,0.000000,0.000000,0.017666,0.000000,0.000000,0.246064,0.000000,0.000000,4.314441,23.955391,61.155024,106.266986,150.432518,193.853737,242.536946,297.166092,351.696566,400.207763,451.937799,521.681081,587.150116,641.173831,695.474338,740.072929,777.095697,824.906660,893.130289,968.217944,1025.737922,1078.937503,1139.412523,1203.051017,1246.763937,1275.724397,1315.448786,1335.350474,1341.345625,1376.470523,1428.781347,1472.506769,1490.898418,1504.522510,1529.021266,1559.191333,1564.551646,1541.653179,1515.616447,1488.308093,1461.952454,1447.674836,1454.866325,1452.860182,1396.238821,1339.604001,1307.543508,1279.732619,1274.262853,1276.450783,1243.335931,1196.783409,1155.510060,1114.915542,1061.932301,1008.748426,977.515682,922.436078,836.464408,758.698963,692.999278,637.198852,587.961478,529.218372,464.674250,413.575723,367.882504,316.710026,257.579965,205.842809,162.374150,113.807333,64.256879,24.702110,4.498338,0.000000,0.000000,0.258099,0.000000,0.000000,0.018530,0.000000,0.000000,0.001328,0.000000,0.000000,0.000000,0.000000,0.000000,0.000000,0.000000,0.000000,0.000000,0.000000,0.000000,0.000000,0.000000,0.000000,0.000000,0.000000,0.000000,0.000000,0.000000,0.000000,0.000000,0.000000,0.000000,0.000000,0.000000,0.000000
0.000000,0.000000,0.000000,0.000000,0.000000,0.000000,0.000000,0.000000,0.000000,0.000000,0.000000,0.000000,0.000000,0.000000,0.000000,0.000000,0.000000,0.000000,0.000000,0.000000,0.000000,0.000000,0.000000,0.000000,0.000000,0.001002,0.000000,0.000000,0.013929,0.000000,0.000000,0.194037,0.000000,0.000000,3.476043,20.884766,57.496556,105.627794,154.141465,197.808673,244.250460,302.133104,372.575759,432.821448,482.494921,542.948358,603.393994,654.820857,698.886120,741.059142,782.757600,824.270314,879.948839,948.928167,1015.401786,1075.996517,1129.655422,1173.949887,1203.343046,1229.231900,1269.751178,1298.266550,1325.760841,1391.426079,1450.668023,1480.021205,1495.596950,1499.105393,1513.119217,1557.011555,1545.080343,1486.783753,1474.324550,1452.242473,1414.454781,1418.160560,1426.286167,1409.538111,1376.859798,1360.624680,1352.675462,1317.120895,1288.713662,1263.321849,1201.415994,1151.015287,1127.183057,1098.136563,1060.400083,1014.066594,958.539443,903.714244,841.850560,760.114541,700.104785,660.529523,598.110311,524.904490,456.220170,395.485408,342.491065,292.405216,240.375328,195.573621,155.705040,108.094621,59.396129,21.745937,3.753635,0.000000,0.000000,0.212280,0.000000,0.000000,0.015240,0.000000,0.000000,0.001091,0.000000,0.000000,0.000000,0.000000,0.000000,0.000000,0.000000,0.000000,0.000000,0.000000,0.000000,0.000000,0.000000,0.000000,0.000000,0.000000,0.000000,0.000000,0.000000,0.000000,0.000000,0.000000,0.000000,0.000000,0.000000,0.000000
0.000000,0.000000,0.000000,0.000000,0.000000,0.000000,0.000000,0.000000,0.000000,0.000000,0.000000,0.000000,0.000000,0.000000,0.000000,0.000000,0.000000,0.000000,0.000000,0.000000,0.000000,0.000000,0.000000,0.000000,0.000000,0.000705,0.000000,0.000000,0.009775,0.000000,0.000000,0.136163,0.000000,0.000000,2.538146,17.325391,52.406410,99.691103,148.807596,195.064613,238.550981,286.522628,345.366540,395.107032,440.186442,506.428546,578.199704,641.362669,698.172303,765.557878,830.268629,860.778614,894.440728,951.687484,1019.109116,1079.834989,1134.778989,1196.125266,1243.491001,1267.746971,1282.836508,1315.362784,1376.149711,1451.401199,1505.908079,1517.628624,1495.646155,1494.491984,1521.470022,1534.545957,1523.463873,1493.982845,1459.235782,1434.777844,1419.465784,1399.478414,1376.290310,1353.654089,1334.654919,1323.074010,1309.600307,1280.768404,1254.541959,1219.112668,1147.162999,1094.436475,1071.089673,1034.442486,991.045475,943.933611,886.900985,839.800621,797.841589,737.218749,680.672378,635.760721,586.064069,530.606698,471.845173,412.261255,357.932068,306.241497,249.515422,197.613087,151.845198,103.322877,54.780205,18.170078,2.687038,0.000000,0.000000,0.144606,0.000000,0.000000,0.010381,0.000000,0.000000,0.000744,0.000000,0.000000,0.000000,0.000000,0.000000,0.000000,0.000000,0.000000,0.000000,0.000000,0.000000,0.000000,0.000000,0.000000,0.000000,0.000000,0.000000,0.000000,0.000000,0.000000,0.000000,0.000000,0.000000,0.000000,0.000000,0.000000
0.000000,0.000000,0.000000,0.000000,0.000000,0.000000,0.000000,0.000000,0.000000,0.000000,0.000000,0.000000,0.000000,0.000000,0.000000,0.000000,0.000000,0.000000,0.000000,0.000000,0.000000,0.000000,0.000000,0.000000,0.000000,0.000436,0.000000,0.000000,0.006212,0.000000,0.000000,0.086548,0.000000,0.000000,1.764965,15.107422,53.017657,100.004284,146.237642,194.475463,239.431258,284.738786,340.486907,399.553393,461.961638,532.628688,594.189818,651.074621,724.994675,796.835803,846.005535,872.129560,918.956308,987.328482,1039.469896,1090.281577,1151.084808,1213.171021,1257.140598,1290.191955,1339.252127,1394.220240,1434.248904,1447.973222,1463.479299,1478.940757,1469.500383,1466.463213,1476.068537,1472.316811,1456.737332,1448.886399,1464.978744,1463.869775,1435.638788,1411.001023,1389.224136,1364.214041,1336.342285,1316.451263,1299.667299,1269.396740,1232.385026,1187.256634,1126.806736,1077.273640,1037.213864,981.888857,934.309015,895.015258,843.447493,810.127670,782.958901,718.236829,673.510096,654.331232,604.566236,543.095355,486.260674,428.531047,369.808188,310.956185,252.593339,198.340020,148.477680,99.530614,51.170739,15.229609,1.810220,0.000000,0.000000,0.089473,0.000000,0.000000,0.006421,0.000000,0.000000,0.000450,0.000000,0.000000,0.000000,0.000000,0.000000,0.000000,0.000000,0.000000,0.000000,0.000000,0.000000,0.000000,0.000000,0.000000,0.000000,0.000000,0.000000,0.000000,0.000000,0.000000,0.000000,0.000000,0.000000,0.000000,0.000000,0.000000
0.000000,0.000000,0.000000,0.000000,0.000000,0.000000,0.000000,0.000000,0.000000,0.000000,0.000000,0.000000,0.000000,0.000000,0.000000,0.000000,0.000000,0.000000,0.000000,0.000000,0.000000,0.000000,0.000000,0.000000,0.000000,0.000230,0.000000,0.000407,0.003354,0.000000,0.005688,0.046736,0.000000,0.079249,1.035254,12.291797,48.370188,95.743655,144.278275,196.920889,244.526990,290.704461,348.924563,408.156447,467.830016,537.261190,601.379708,657.624965,715.498047,759.640606,796.292186,847.357062,887.553105,916.359678,959.759617,1009.216265,1062.493113,1122.174107,1152.964280,1158.110947,1180.906844,1232.297654,1290.743356,1320.957051,1330.379859,1330.762823,1327.283909,1319.913494,1320.363808,1341.605066,1353.153198,1362.940781,1407.519097,1439.220063,1427.885288,1392.184551,1374.147346,1370.979700,1344.731648,1315.484269,1282.871481,1225.823088,1181.222961,1154.194095,1115.593538,1084.988162,1058.097705,1008.479992,964.075808,927.252547,872.666431,821.012065,780.504090,738.339508,697.613482,655.336391,601.564131,544.118992,489.269669,435.145470,374.617504,310.896874,254.112285,198.592679,143.359937,93.324615,46.293359,12.162969,1.039755,0.072416,0.000000,0.047497,0.005199,0.000000,0.003407,0.000374,0.000000,0.000234,0.000000,0.000000,0.000000,0.000000,0.000000,0.000000,0.000000,0.000000,0.000000,0.000000,0.000000,0.000000,0.000000,0.000000,0.000000,0.000000,0.000000,0.000000,0.000000,0.000000,0.000000,0.000000,0.000000,0.000000,0.000000,0.000000
0.000000,0.000000,0.000000,0.000000,0.000000,0.000000,0.000000,0.000000,0.000000,0.000000,0.000000,0.000000,0.000000,0.000000,0.000000,0.000000,0.000000,0.000000,0.000000,0.000000,0.000000,0.000000,0.000000,0.000000,0.000072,0.000085,0.000000,0.001380,0.001342,0.000000,0.019215,0.018711,0.000000,0.267677,0.501844,9.861328,45.365928,93.200788,140.754448,191.851948,243.375178,294.341982,346.999316,400.626036,458.218567,524.716793,593.962562,654.005498,696.431671,738.388323,790.263951,844.738181,874.448338,893.461313,941.554536,989.153658,1035.043198,1102.428301,1134.019019,1133.851505,1169.774372,1238.155741,1305.479272,1336.861702,1338.863425,1347.049032,1390.971559,1406.377572,1397.806486,1433.490255,1460.718579,1453.876399,1447.216304,1478.123327,1503.733352,1440.233977,1376.618544,1354.552577,1337.319906,1326.403833,1301.661088,1235.547341,1194.128438,1180.485115,1136.284102,1099.542915,1071.653962,1011.911472,956.988082,916.688072,865.050289,818.275348,781.931069,741.803381,690.616518,631.760993,575.603517,524.587746,477.558494,430.246165,375.579720,316.100737,260.864792,204.199017,146.449612,94.421177,44.839686,9.306172,0.386718,0.262286,0.000000,0.012254,0.018831,0.000000,0.000878,0.001351,0.000000,0.000053,0.000072,0.000000,0.000000,0.000000,0.000000,0.000000,0.000000,0.000000,0.000000,0.000000,0.000000,0.000000,0.000000,0.000000,0.000000,0.000000,0.000000,0.000000,0.000000,0.000000,0.000000,0.000000,0.000000,0.000000,0.000000,0.000000
0.000000,0.000000,0.000000,0.000000,0.000000,0.000000,0.000000,0.000000,0.000000,0.000000,0.000000,0.000000,0.000000,0.000000,0.000000,0.000000,0.000000,0.000000,0.000000,0.000000,0.000000,0.000000,0.000000,0.000000,0.000168,0.000000,0.000000,0.002698,0.000174,0.000000,0.037595,0.002437,0.000000,0.523686,0.146250,7.109453,41.473597,87.929669,134.694953,189.221087,245.438353,302.415105,363.452232,414.381346,457.211730,509.265185,567.792369,622.402841,666.182967,714.394521,767.214736,811.071347,857.703679,908.276484,949.252695,980.445027,1015.930796,1067.625194,1099.001379,1115.391277,1159.263563,1205.850206,1235.382223,1250.688078,1254.368488,1271.320033,1325.730414,1345.582418,1335.657271,1367.590105,1366.883841,1334.618963,1356.589613,1406.177872,1422.117890,1368.415813,1332.550738,1331.556515,1308.063431,1304.780046,1302.680597,1233.183200,1181.179838,1173.433575,1154.911440,1126.691547,1083.404858,1013.997120,964.550634,926.497489,850.112101,793.036797,766.427747,723.314936,673.955245,625.440292,569.476409,509.794609,454.031185,406.203766,354.103072,296.464050,243.809307,193.385131,142.329482,91.183721,41.126070,6.972656,0.131962,0.487562,0.000000,0.002132,0.035003,0.000000,0.000152,0.002511,0.000000,0.000000,0.000153,0.000000,0.000000,0.000000,0.000000,0.000000,0.000000,0.000000,0.000000,0.000000,0.000000,0.000000,0.000000,0.000000,0.000000,0.000000,0.000000,0.000000,0.000000,0.000000,0.000000,0.000000,0.000000,0.000000,0.000000,0.000000
0.000000,0.000000,0.000000,0.000000,0.000000,0.000000,0.000000,0.000000,0.000000,0.000000,0.000000,0.000000,0.000000,0.000000,0.000000,0.000000,0.000000,0.000000,0.000000,0.000000,0.000000,0.000000,0.000000,0.000000,0.000283,0.000000,0.000000,0.004322,0.000000,0.000000,0.060222,0.000000,0.000000,0.838805,0.000000,4.276562,35.429827,79.345436,123.553453,173.943212,227.636243,281.135744,332.541593,379.271576,424.738319,477.104345,539.013569,592.507194,615.259878,642.590297,685.191629,725.040411,778.146976,843.036631,896.463439,938.413829,983.747317,1047.456313,1111.368576,1155.074956,1170.843050,1184.219087,1216.864219,1269.920726,1310.525623,1333.770865,1360.677150,1365.950525,1352.448425,1353.429129,1361.874423,1369.383553,1381.000317,1420.352966,1457.585970,1434.931864,1410.196506,1395.432213,1346.128258,1296.687404,1254.439179,1192.856629,1142.714223,1125.231709,1131.089940,1123.320203,1082.630980,1023.007822,979.873313,940.264843,858.553778,771.353449,712.967458,683.848844,645.618339,589.225097,538.229576,488.678424,438.941182,392.969981,339.648684,279.407550,224.731190,174.958726,127.454830,81.053258,35.267417,4.408047,0.000000,0.795048,0.000000,0.000000,0.057078,0.000000,0.000000,0.004097,0.000000,0.000000,0.000268,0.000000,0.000000,0.000000,0.000000,0.000000,0.000000,0.000000,0.000000,0.000000,0.000000,0.000000,0.000000,0.000000,0.000000,0.000000,0.000000,0.000000,0.000000,0.000000,0.000000,0.000000,0.000000,0.000000,0.000000,0.000000
0.000000,0.000000,0.000000,0.000000,0.000000,0.000000,0.000000,0.000000,0.000000,0.000000,0.000000,0.000000,0.000000,0.000000,0.000000,0.000000,0.000000,0.000000,0.000000,0.000000,0.000000,0.000000,0.000000,0.000000,0.000398,0.000000,0.000000,0.005539,0.000000,0.000000,0.077194,0.000000,0.000000,1.075135,0.000000,2.361406,32.362006,75.120955,117.632754,164.745860,217.057946,271.960278,326.612231,386.046800,448.386635,504.787285,557.067484,608.656696,661.595142,717.270372,766.551912,804.898496,872.843571,957.838236,1000.723494,1025.621776,1067.894602,1137.824372,1186.525996,1203.900344,1224.761095,1253.479230,1283.996551,1311.219364,1338.550228,1363.906282,1379.311954,1382.089512,1374.927823,1363.871032,1350.493559,1354.317199,1397.217166,1428.486178,1424.389974,1407.859160,1403.009124,1387.675433,1320.403274,1262.126489,1243.434398,1236.917319,1203.623617,1158.307372,1149.888400,1132.813890,1089.972477,1049.892049,1008.067812,958.503335,903.705666,848.125146,791.920231,731.657998,670.759381,612.355007,557.651838,502.088463,445.867601,392.729875,335.516432,274.975969,220.355297,171.923826,126.227590,79.548369,33.050058,2.457031,0.000000,1.047238,0.000000,0.000000,0.075186,0.000000,0.000000,0.005395,0.000000,0.000000,0.000388,0.000000,0.000000,0.000000,0.000000,0.000000,0.000000,0.000000,0.000000,0.000000,0.000000,0.000000,0.000000,0.000000,0.000000,0.000000,0.000000,0.000000,0.000000,0.000000,0.000000,0.000000,0.000000,0.000000,0.000000,0.000000
0.000000,0.000000,0.000000,0.000000,0.000000,0.000000,0.000000,0.000000,0.000000,0.000000,0.000000,0.000000,0.000000,0.000000,0.000000,0.000000,0.000000,0.000000,0.000000,0.000000,0.000000,0.000000,0.000000,0.000000,0.000426,0.000000,0.000000,0.005835,0.000000,0.000000,0.081368,0.000000,0.000000,1.133254,0.000000,0.928359,28.461146,70.895420,117.453026,168.560295,220.749321,274.974731,335.590737,399.060518,461.988525,520.973303,566.402974,611.417931,682.214909,763.176147,827.171332,865.422974,927.335368,1006.907322,1048.276494,1080.902886,1126.514142,1176.026780,1211.923107,1229.954558,1242.102289,1261.338821,1283.736399,1296.031234,1311.604597,1327.397192,1325.723491,1319.304553,1313.986527,1305.650231,1303.858840,1326.948098,1380.072507,1395.552197,1366.505864,1353.160613,1374.339703,1384.607468,1320.958519,1260.927222,1247.336234,1250.234043,1220.773270,1171.990046,1159.587466,1137.244379,1091.616382,1055.810121,1014.728139,963.430157,915.443408,863.019250,800.347138,730.429638,656.933734,591.232625,543.828584,489.146850,425.549841,374.757910,321.044074,260.031680,205.365722,159.030792,116.692249,72.695580,29.270438,0.935000,0.000000,1.153723,0.000000,0.000000,0.082829,0.000000,0.000000,0.005946,0.000000,0.000000,0.000426,0.000000,0.000000,0.000000,0.000000,0.000000,0.000000,0.000000,0.000000,0.000000,0.000000,0.000000,0.000000,0.000000,0.000000,0.000000,0.000000,0.000000,0.000000,0.000000,0.000000,0.000000,0.000000,0.000000,0.000000,0.000000
0.000000,0.000000,0.000000,0.000000,0.000000,0.000000,0.000000,0.000000,0.000000,0.000000,0.000000,0.000000,0.000000,0.000000,0.000000,0.000000,0.000000,0.000000,0.000000,0.000000,0.000000,0.000000,0.000000,0.000000,0.000354,0.000000,0.000000,0.004977,0.000000,0.000000,0.069326,0.000000,0.000000,0.965549,0.000000,0.199219,25.511892,65.417189,111.784351,163.584822,211.131048,258.390185,318.357202,378.438163,436.622078,502.926930,565.225109,622.423794,685.529059,746.337739,798.681126,846.633778,904.553502,966.005902,1009.552163,1045.718136,1084.019696,1122.807576,1153.253393,1167.338619,1169.684185,1201.351066,1250.894823,1265.750804,1275.211017,1299.428722,1329.610278,1359.852545,1375.175911,1365.300454,1375.829207,1412.444089,1431.467334,1417.538779,1397.187183,1409.014350,1407.934551,1370.840248,1318.327336,1272.562303,1247.053183,1238.337709,1212.232252,1170.923218,1144.416813,1097.275975,1028.064663,972.699089,917.394772,871.400397,858.661535,820.787653,753.173947,708.223416,652.200405,582.101261,532.495970,479.073655,418.150227,370.841944,315.807637,251.491972,199.623836,153.815086,108.162162,64.478713,25.102147,0.196562,0.000000,0.958633,0.000000,0.000000,0.068825,0.000000,0.000000,0.004944,0.000000,0.000000,0.000353,0.000000,0.000000,0.000000,0.000000,0.000000,0.000000,0.000000,0.000000,0.000000,0.000000,0.000000,0.000000,0.000000,0.000000,0.000000,0.000000,0.000000,0.000000,0.000000,0.000000,0.000000,0.000000,0.000000,0.000000,0.000000
0.000000,0.000000,0.000000,0.000000,0.000000,0.000000,0.000000,0.000000,0.000000,0.000000,0.000000,0.000000,0.000000,0.000000,0.000000,0.000000,0.000000,0.000000,0.000000,0.000000,0.000000,0.000000,0.000000,0.000000,0.000314,0.000000,0.000000,0.004356,0.000000,0.000000,0.060653,0.000000,0.000000,0.844753,0.000000,0.000000,23.537446,61.430905,106.625880,157.285708,205.302398,255.588169,319.386800,375.709727,423.144614,480.600335,536.635216,595.138327,671.613118,734.207607,781.654457,843.958044,903.611408,951.344048,995.586009,1033.807929,1065.588910,1095.704197,1128.645831,1153.938010,1160.616492,1191.495085,1245.590289,1273.748094,1270.156261,1277.905079,1344.395774,1390.271883,1379.492176,1354.280254,1350.906832,1379.172732,1414.033268,1393.275962,1343.524581,1350.802158,1360.354633,1339.935649,1312.974547,1290.820802,1281.334346,1284.726000,1266.854113,1219.064904,1162.817929,1101.515218,1042.976676,998.368731,948.787964,900.523306,877.423310,843.456047,788.621161,739.000110,683.290730,619.671188,560.125302,495.651189,430.014522,377.158320,320.101641,256.950842,203.467336,155.080867,107.155909,61.248111,22.707718,0.000000,0.000000,0.798368,0.000000,0.000000,0.057324,0.000000,0.000000,0.004117,0.000000,0.000000,0.000295,0.000000,0.000000,0.000000,0.000000,0.000000,0.000000,0.000000,0.000000,0.000000,0.000000,0.000000,0.000000,0.000000,0.000000,0.000000,0.000000,0.000000,0.000000,0.000000,0.000000,0.000000,0.000000,0.000000,0.000000,0.000000
0.000000,0.000000,0.000000,0.000000,0.000000,0.000000,0.000000,0.000000,0.000000,0.000000,0.000000,0.000000,0.000000,0.000000,0.000000,0.000000,0.000000,0.000000,0.000000,0.000000,0.000000,0.000000,0.000000,0.000000,0.000255,0.000000,0.000000,0.003519,0.000000,0.000000,0.048963,0.000000,0.000000,0.681995,0.000000,0.000000,20.394593,57.013196,102.527130,150.350506,202.480742,259.438271,316.683947,367.091402,411.159862,456.682114,507.818666,567.868553,635.618357,692.705006,745.145932,813.736451,863.108826,905.000802,985.143446,1044.522661,1068.714430,1106.108219,1155.690347,1193.711981,1200.307741,1212.012583,1250.559035,1302.266311,1330.206159,1344.928527,1389.660742,1423.953766,1412.286242,1364.297542,1352.770746,1378.983392,1378.123416,1361.997248,1342.597510,1318.001228,1308.727497,1321.347467,1340.368230,1333.278767,1305.334858,1291.593364,1263.093116,1212.848720,1164.808762,1111.649635,1051.229653,994.852829,949.067953,909.136176,863.594150,813.455492,756.088693,688.334753,629.518768,582.634083,531.527677,472.349081,413.802931,366.757128,315.540948,256.868363,202.636736,149.640856,97.928143,53.500091,19.326633,0.000000,0.000000,0.654943,0.000000,0.000000,0.047023,0.000000,0.000000,0.003379,0.000000,0.000000,0.000241,0.000000,0.000000,0.000000,0.000000,0.000000,0.000000,0.000000,0.000000,0.000000,0.000000,0.000000,0.000000,0.000000,0.000000,0.000000,0.000000,0.000000,0.000000,0.000000,0.000000,0.000000,0.000000,0.000000,0.000000,0.000000
0.000000,0.000000,0.000000,0.000000,0.000000,0.000000,0.000000,0.000000,0.000000,0.000000,0.000000,0.000000,0.000000,0.000000,0.000000,0.000000,0.000000,0.000000,0.000000,0.000000,0.000000,0.000000,0.000000,0.000000,0.000223,0.000000,0.000000,0.003117,0.000000,0.000000,0.043371,0.000000,0.000000,0.604070,0.000000,0.000000,18.584301,54.311476,100.968558,150.466969,203.706858,259.048272,310.778070,359.301100,411.005909,471.477437,524.327446,573.072758,633.903467,675.696886,704.712641,758.632392,809.078319,845.442274,887.976541,940.092291,994.677344,1041.329518,1076.099481,1105.267103,1141.813280,1190.887722,1242.317606,1277.212784,1290.732631,1297.290307,1318.761483,1341.048885,1345.767444,1330.322794,1334.326546,1351.379317,1338.903508,1328.300141,1330.883616,1327.000097,1325.988757,1336.339461,1349.836650,1321.826606,1269.758933,1254.999120,1226.021551,1171.135340,1131.765644,1088.834548,1028.574231,961.541184,909.533816,875.119901,840.145437,790.231415,733.076914,688.132482,638.376870,577.005914,515.810161,460.754916,410.697898,359.597700,304.466561,248.790584,198.584731,147.045209,94.205633,48.824772,16.553240,0.000000,0.000000,0.545424,0.000000,0.000000,0.039160,0.000000,0.000000,0.002812,0.000000,0.000000,0.000198,0.000000,0.000000,0.000000,0.000000,0.000000,0.000000,0.000000,0.000000,0.000000,0.000000,0.000000,0.000000,0.000000,0.000000,0.000000,0.000000,0.000000,0.000000,0.000000,0.000000,0.000000,0.000000,0.000000,0.000000,0.000000
0.000000,0.000000,0.000000,0.000000,0.000000,0.000000,0.000000,0.000000,0.000000,0.000000,0.000000,0.000000,0.000000,0.000000,0.000000,0.000000,0.000000,0.000000,0.000000,0.000000,0.000000,0.000000,0.000000,0.000000,0.000197,0.000000,0.000000,0.002704,0.000000,0.000000,0.037646,0.000000,0.000000,0.524305,0.000000,0.000000,16.872199,52.576096,100.784144,149.364754,197.885696,248.158648,300.796398,354.937629,414.079119,480.882227,536.766765,586.114915,648.708892,696.281473,733.512659,793.128142,846.464944,884.549746,929.421637,984.636913,1044.463617,1100.083103,1151.427453,1193.759144,1222.856073,1264.006410,1306.945384,1314.530738,1308.937927,1309.559784,1317.838625,1331.496377,1341.966455,1339.824097,1329.554331,1315.421971,1299.260217,1289.771288,1284.183501,1274.219700,1282.904318,1303.498682,1297.097883,1250.783544,1199.822145,1191.809916,1167.885728,1115.635757,1081.081555,1050.690092,1006.413741,946.468585,890.486479,843.092591,793.591286,749.109948,706.073927,651.724598,597.653059,547.908753,496.203795,445.429675,395.783826,344.094949,294.179676,246.330591,196.491915,144.692305,93.320489,47.123863,14.887573,0.000000,0.000000,0.473606,0.000000,0.000000,0.034004,0.000000,0.000000,0.002440,0.000000,0.000000,0.000142,0.000000,0.000000,0.000000,0.000000,0.000000,0.000000,0.000000,0.000000,0.000000,0.000000,0.000000,0.000000,0.000000,0.000000,0.000000,0.000000,0.000000,0.000000,0.000000,0.000000,0.000000,0.000000,0.000000,0.000000,0.000000
0.000000,0.000000,0.000000,0.000000,0.000000,0.000000,0.000000,0.000000,0.000000,0.000000,0.000000,0.000000,0.000000,0.000000,0.000000,0.000000,0.000000,0.000000,0.000000,0.000000,0.000000,0.000000,0.000000,0.000000,0.000131,0.000000,0.000000,0.002118,0.000000,0.000000,0.029502,0.000000,0.000000,0.410904,0.000000,0.000000,13.548649,46.477219,94.731188,141.897084,188.343666,239.086367,296.438424,351.281119,404.380241,465.429995,529.373713,588.677492,640.873393,698.405946,759.496136,809.671971,858.625923,914.142647,973.910833,1026.985523,1073.657640,1121.236828,1152.330997,1174.029629,1210.690178,1236.398396,1249.250381,1273.431571,1293.231605,1302.255204,1313.844729,1340.489551,1374.175168,1390.469012,1377.693146,1345.933932,1319.906692,1313.142985,1305.346578,1263.391669,1227.684344,1220.938009,1225.208159,1204.341944,1163.331549,1139.506736,1118.372907,1089.010567,1056.212630,1020.361819,980.383092,935.456033,887.630961,839.132000,792.046076,748.927674,702.120246,642.646846,597.186452,558.748723,495.895842,444.564541,407.471947,350.251508,293.319223,245.477708,193.834857,141.031126,90.225471,43.571158,12.564353,0.000000,0.000000,0.382585,0.000000,0.000000,0.027466,0.000000,0.000000,0.001969,0.000000,0.000000,0.000081,0.000000,0.000000,0.000000,0.000000,0.000000,0.000000,0.000000,0.000000,0.000000,0.000000,0.000000,0.000000,0.000000,0.000000,0.000000,0.000000,0.000000,0.000000,0.000000,0.000000,0.000000,0.000000,0.000000,0.000000,0.000000
0.000000,0.000000,0.000000,0.000000,0.000000,0.000000,0.000000,0.000000,0.000000,0.000000,0.000000,0.000000,0.000000,0.000000,0.000000,0.000000,0.000000,0.000000,0.000000,0.000000,0.000000,0.000000,0.000000,0.000000,0.000085,0.000000,0.000000,0.001707,0.000000,0.000000,0.023807,0.000000,0.000000,0.331596,0.000000,0.000000,11.607391,41.870225,89.331762,136.003973,183.199385,236.235163,296.313752,352.279776,403.761881,461.457540,523.812963,581.033260,625.091582,674.478075,731.375193,780.378062,826.313784,869.952175,908.069747,955.626586,1003.965698,1030.166638,1064.311645,1117.244453,1167.692049,1199.711892,1216.797938,1235.105337,1250.622057,1262.527148,1278.135096,1305.168688,1344.694879,1385.686493,1395.007487,1380.625679,1380.560649,1362.568211,1323.687395,1295.486555,1264.609607,1230.989821,1210.361567,1189.817878,1164.637180,1143.843890,1131.211308,1117.500702,1086.735325,1047.009510,1009.168968,976.956853,940.374133,894.349537,841.134068,777.272114,716.074342,677.995478,641.463922,588.796866,523.416683,468.356960,423.208638,366.599168,305.868707,247.724872,191.996962,141.017691,92.376766,43.433216,11.223236,0.000000,0.000000,0.318538,0.000000,0.000000,0.022869,0.000000,0.000000,0.001636,0.000000,0.000000,0.000039,0.000000,0.000000,0.000000,0.000000,0.000000,0.000000,0.000000,0.000000,0.000000,0.000000,0.000000,0.000000,0.000000,0.000000,0.000000,0.000000,0.000000,0.000000,0.000000,0.000000,0.000000,0.000000,0.000000,0.000000,0.000000
0.000000,0.000000,0.000000,0.000000,0.000000,0.000000,0.000000,0.000000,0.000000,0.000000,0.000000,0.000000,0.000000,0.000000,0.000000,0.000000,0.000000,0.000000,0.000000,0.000000,0.000000,0.000000,0.000000,0.000000,0.000039,0.000000,0.000000,0.001211,0.000000,0.000000,0.016922,0.000000,0.000000,0.235684,0.000000,0.000000,9.098435,35.732481,79.090215,121.812078,167.723608,221.079329,279.946522,338.582859,392.511417,442.435234,500.448881,565.731901,624.963299,677.987027,730.581574,787.290076,837.661337,882.078112,930.952537,976.642782,1013.833270,1047.361001,1093.144427,1136.784095,1148.279106,1168.216600,1199.957365,1209.646304,1229.310520,1266.441819,1295.689410,1328.618084,1367.110313,1394.569373,1399.963574,1395.273285,1406.341843,1425.734906,1427.950210,1388.407618,1331.370226,1278.292592,1233.589871,1195.086396,1165.853169,1148.017989,1114.971818,1069.853978,1040.645969,1011.988031,976.117163,940.917449,902.036152,855.278478,799.789477,733.662015,672.169423,636.001328,599.556721,548.902094,493.562974,440.319198,391.632918,345.387198,295.122659,239.528168,183.849082,133.362666,86.064076,38.491075,9.163018,0.000000,0.000000,0.235910,0.000000,0.000000,0.016936,0.000000,0.000000,0.001211,0.000000,0.000000,0.000000,0.000000,0.000000,0.000000,0.000000,0.000000,0.000000,0.000000,0.000000,0.000000,0.000000,0.000000,0.000000,0.000000,0.000000,0.000000,0.000000,0.000000,0.000000,0.000000,0.000000,0.000000,0.000000,0.000000,0.000000,0.000000
0.000000,0.000000,0.000000,0.000000,0.000000,0.000000,0.000000,0.000000,0.000000,0.000000,0.000000,0.000000,0.000000,0.000000,0.000000,0.000000,0.000000,0.000000,0.000000,0.000000,0.000000,0.000000,0.000000,0.000000,0.000000,0.000000,0.000000,0.000747,0.000000,0.000000,0.010448,0.000000,0.000000,0.145513,0.000000,0.000000,6.925216,33.176789,80.584117,131.288674,185.034421,240.913524,295.240076,353.899755,413.988164,466.660789,524.198108,594.913465,673.311620,734.967728,778.940982,828.589508,889.058037,954.071870,1014.783478,1079.606455,1145.524680,1195.681437,1224.715004,1240.360639,1256.436338,1274.028994,1298.691581,1337.562348,1372.357151,1409.517379,1469.245154,1502.800821,1500.525536,1501.415441,1512.433177,1522.763549,1524.767676,1561.979837,1599.970246,1547.437198,1468.397461,1412.095884,1370.080285,1321.817124,1273.166443,1241.710915,1180.859661,1111.026932,1098.630454,1075.898606,1020.503604,977.471961,938.656314,898.891722,862.856064,807.708455,744.864403,709.178086,664.147661,594.513993,522.797254,464.385747,414.473325,355.838891,294.437290,236.976134,184.346557,134.792745,84.939670,35.700456,7.556744,0.000000,0.000000,0.166161,0.000000,0.000000,0.011928,0.000000,0.000000,0.000854,0.000000,0.000000,0.000000,0.000000,0.000000,0.000000,0.000000,0.000000,0.000000,0.000000,0.000000,0.000000,0.000000,0.000000,0.000000,0.000000,0.000000,0.000000,0.000000,0.000000,0.000000,0.000000,0.000000,0.000000,0.000000,0.000000,0.000000,0.000000
0.000000,0.000000,0.000000,0.000000,0.000000,0.000000,0.000000,0.000000,0.000000,0.000000,0.000000,0.000000,0.000000,0.000000,0.000000,0.000000,0.000000,0.000000,0.000000,0.000000,0.000000,0.000000,0.000000,0.000000,0.000000,0.000000,0.000000,0.000446,0.000220,0.000000,0.006240,0.003086,0.000000,0.086902,0.042991,0.000000,5.235267,31.882083,83.941886,140.818886,200.911776,262.081663,320.481126,385.301171,454.024062,513.669002,569.810047,636.637133,719.655550,776.655757,807.100818,855.865440,934.982016,1016.894063,1063.574521,1123.976169,1201.023979,1246.997759,1284.916636,1323.100340,1344.789931,1367.018053,1402.505716,1444.640331,1464.745991,1487.370236,1558.802483,1580.645083,1545.871608,1547.748415,1575.345474,1594.017413,1586.195060,1595.985747,1627.417721,1634.099504,1591.499130,1523.938667,1481.255076,1437.920374,1391.349483,1362.587718,1303.239050,1235.087620,1228.856779,1207.475393,1146.177419,1094.835130,1036.724884,975.477316,937.682523,894.024970,840.140388,796.704654,726.602589,635.782225,568.079758,500.602075,428.385528,371.005556,314.622636,253.667951,196.730548,142.671662,87.655436,33.781617,5.562566,0.000000,0.058736,0.096585,0.000000,0.004217,0.006935,0.000000,0.000302,0.000496,0.000000,0.000000,0.000000,0.000000,0.000000,0.000000,0.000000,0.000000,0.000000,0.000000,0.000000,0.000000,0.000000,0.000000,0.000000,0.000000,0.000000,0.000000,0.000000,0.000000,0.000000,0.000000,0.000000,0.000000,0.000000,0.000000,0.000000,0.000000
0.000000,0.000000,0.000000,0.000000,0.000000,0.000000,0.000000,0.000000,0.000000,0.000000,0.000000,0.000000,0.000000,0.000000,0.000000,0.000000,0.000000,0.000000,0.000000,0.000000,0.000000,0.000000,0.000000,0.000000,0.000000,0.000000,0.000000,0.000216,0.000680,0.000000,0.003017,0.009478,0.000000,0.041990,0.132025,0.000000,3.540693,28.773074,81.822139,140.170919,196.481755,254.136038,319.884381,387.655680,452.161935,512.270383,567.379501,630.999312,716.140993,781.401448,817.271671,856.230691,915.782478,982.711423,1029.232507,1076.580561,1129.092067,1171.793626,1226.438732,1278.909456,1292.230033,1319.029635,1384.986283,1457.847103,1475.347785,1467.099317,1516.635520,1537.548396,1524.841231,1558.171357,1567.307482,1547.840333,1569.072344,1584.655641,1586.167366,1610.533007,1599.019022,1545.996310,1507.778950,1459.772194,1392.695192,1330.229493,1280.552227,1238.222700,1194.790549,1164.425580,1136.263063,1080.694202,1014.489317,958.533797,918.776180,875.203588,823.851189,776.284917,719.126917,648.990980,576.186964,503.358462,436.621528,381.563260,324.791440,261.154962,197.792221,138.236271,81.332993,28.380759,3.401753,0.000000,0.167502,0.041994,0.000000,0.012027,0.003014,0.000000,0.000862,0.000216,0.000000,0.000000,0.000000,0.000000,0.000000,0.000000,0.000000,0.000000,0.000000,0.000000,0.000000,0.000000,0.000000,0.000000,0.000000,0.000000,0.000000,0.000000,0.000000,0.000000,0.000000,0.000000,0.000000,0.000000,0.000000,0.000000,0.000000,0.000000
0.000000,0.000000,0.000000,0.000000,0.000000,0.000000,0.000000,0.000000,0.000000,0.000000,0.000000,0.000000,0.000000,0.000000,0.000000,0.000000,0.000000,0.000000,0.000000,0.000000,0.000000,0.000000,0.000000,0.000000,0.000000,0.000062,0.000000,0.000057,0.001548,0.000000,0.000790,0.021582,0.000000,0.010979,0.300615,0.000000,2.060846,25.291049,78.406595,135.823411,192.627230,250.674954,311.921990,374.170557,437.473353,502.899764,562.453773,622.199918,695.313246,758.559389,806.599446,856.863826,908.933933,965.496567,1029.110834,1070.965092,1091.629325,1125.409335,1195.833734,1273.393053,1301.000556,1320.006987,1366.128151,1430.025105,1448.271197,1435.082455,1462.906913,1478.562056,1482.612479,1529.216637,1547.238462,1534.381955,1555.092036,1542.917385,1503.579596,1512.128743,1514.549032,1486.360553,1455.681990,1407.876875,1333.982429,1254.461606,1230.007595,1238.383141,1194.182302,1149.357005,1123.385223,1079.694812,1025.352936,967.911755,907.159334,853.896924,801.788553,734.434017,671.940543,616.369304,550.467089,483.667534,424.864381,372.809259,315.915447,251.346961,187.256192,129.918444,76.792672,25.080328,1.929975,0.000000,0.343586,0.015095,0.000000,0.024667,0.001084,0.000000,0.001768,0.000078,0.000000,0.000067,0.000000,0.000000,0.000000,0.000000,0.000000,0.000000,0.000000,0.000000,0.000000,0.000000,0.000000,0.000000,0.000000,0.000000,0.000000,0.000000,0.000000,0.000000,0.000000,0.000000,0.000000,0.000000,0.000000,0.000000,0.000000,0.000000
0.000000,0.000000,0.000000,0.000000,0.000000,0.000000,0.000000,0.000000,0.000000,0.000000,0.000000,0.000000,0.000000,0.000000,0.000000,0.000000,0.000000,0.000000,0.000000,0.000000,0.000000,0.000000,0.000000,0.000000,0.000000,0.000153,0.000000,0.000000,0.002789,0.000000,0.000000,0.038875,0.000000,0.000000,0.541497,0.000000,0.867482,21.218805,73.029850,129.382910,187.187688,247.194884,307.811945,370.068524,431.964700,489.181258,542.863180,599.086144,663.772045,727.400404,787.006148,847.420451,903.632739,949.155302,982.644314,1019.202334,1059.835126,1093.033479,1131.721157,1178.604189,1222.320870,1266.400725,1312.980271,1355.590988,1374.979768,1379.338515,1394.935369,1399.013941,1408.224287,1462.162161,1482.663909,1468.018522,1488.634596,1479.839029,1441.109193,1442.430290,1451.522741,1440.629055,1410.108971,1354.349000,1294.120280,1265.835177,1255.552240,1236.241935,1192.222060,1160.309268,1142.177138,1100.756605,1039.064433,964.057715,882.712102,823.982758,779.821275,716.114191,656.250108,607.573324,551.322917,482.690314,413.581168,359.841772,304.575938,240.936604,179.129192,123.659216,71.336277,21.168758,0.654893,0.000000,0.567324,0.000000,0.000000,0.040729,0.000000,0.000000,0.002923,0.000000,0.000000,0.000149,0.000000,0.000000,0.000000,0.000000,0.000000,0.000000,0.000000,0.000000,0.000000,0.000000,0.000000,0.000000,0.000000,0.000000,0.000000,0.000000,0.000000,0.000000,0.000000,0.000000,0.000000,0.000000,0.000000,0.000000,0.000000,0.000000
0.000000,0.000000,0.000000,0.000000,0.000000,0.000000,0.000000,0.000000,0.000000,0.000000,0.000000,0.000000,0.000000,0.000000,0.000000,0.000000,0.000000,0.000000,0.000000,0.000000,0.000000,0.000000,0.000000,0.000000,0.000000,0.000259,0.000000,0.000000,0.004039,0.000000,0.000000,0.056254,0.000000,0.000000,0.783548,0.000000,0.267357,18.164666,70.037723,126.625212,183.329881,240.494355,298.171420,362.180175,429.711614,489.649185,538.899251,590.904738,662.809088,730.631912,790.608777,858.712714,909.574077,940.199075,975.345441,1021.429568,1074.411381,1124.574505,1161.818181,1194.006244,1239.068817,1285.961910,1327.980245,1365.633408,1379.301197,1380.799318,1402.417009,1413.242202,1417.962689,1449.993141,1450.920053,1420.581104,1419.261257,1423.951309,1415.244293,1401.188804,1397.050705,1393.249525,1361.103754,1307.031171,1261.783920,1252.952296,1235.702348,1191.481719,1145.890603,1113.238053,1084.565297,1039.254416,991.830677,937.631530,858.574732,793.966709,749.677254,695.072892,639.815279,587.749015,528.950638,464.616985,399.736922,338.227581,276.879332,215.593754,158.916307,108.720283,61.474335,17.157696,0.082709,0.000000,0.754381,0.000000,0.000000,0.054160,0.000000,0.000000,0.003886,0.000000,0.000000,0.000240,0.000000,0.000000,0.000000,0.000000,0.000000,0.000000,0.000000,0.000000,0.000000,0.000000,0.000000,0.000000,0.000000,0.000000,0.000000,0.000000,0.000000,0.000000,0.000000,0.000000,0.000000,0.000000,0.000000,0.000000,0.000000,0.000000
0.000000,0.000000,0.000000,0.000000,0.000000,0.000000,0.000000,0.000000,0.000000,0.000000,0.000000,0.000000,0.000000,0.000000,0.000000,0.000000,0.000000,0.000000,0.000000,0.000000,0.000000,0.000000,0.000000,0.000000,0.000000,0.000345,0.000000,0.000000,0.004782,0.000000,0.000000,0.066604,0.000000,0.000000,0.927705,0.000000,0.000000,15.046399,62.085388,114.592477,171.239279,228.021756,277.336444,335.913349,408.710607,481.317471,534.282056,580.512019,647.923573,694.967139,727.546621,793.831498,856.872301,899.148922,941.792497,993.265232,1052.640867,1112.383418,1162.488789,1202.969598,1242.561495,1281.055004,1307.288105,1310.248635,1310.330248,1327.684952,1366.760002,1396.412527,1398.584310,1385.729368,1398.921432,1419.703712,1394.046720,1387.453224,1411.120725,1406.568454,1375.156580,1340.796112,1322.177315,1295.331181,1273.291558,1288.003072,1255.013219,1180.944467,1154.662397,1123.870468,1068.594363,1025.344164,983.863898,929.140731,858.369700,788.494078,728.082864,672.190989,614.670418,559.306117,513.160019,457.890656,391.190563,329.260905,269.304350,209.758582,154.869445,105.231370,57.973688,14.628025,0.000000,0.000000,0.879601,0.000000,0.000000,0.063149,0.000000,0.000000,0.004533,0.000000,0.000000,0.000326,0.000000,0.000000,0.000000,0.000000,0.000000,0.000000,0.000000,0.000000,0.000000,0.000000,0.000000,0.000000,0.000000,0.000000,0.000000,0.000000,0.000000,0.000000,0.000000,0.000000,0.000000,0.000000,0.000000,0.000000,0.000000,0.000000
0.000000,0.000000,0.000000,0.000000,0.000000,0.000000,0.000000,0.000000,0.000000,0.000000,0.000000,0.000000,0.000000,0.000000,0.000000,0.000000,0.000000,0.000000,0.000000,0.000000,0.000000,0.000000,0.000000,0.000000,0.000000,0.000321,0.000000,0.000000,0.004331,0.000000,0.000000,0.060339,0.000000,0.000000,0.840417,0.000000,0.000000,12.921583,54.798484,103.385281,156.681792,212.791531,267.158714,325.665517,388.698999,450.697070,514.227412,580.982651,645.981347,695.253446,738.805732,800.653656,860.424038,910.387169,964.677710,1028.427510,1097.824148,1161.317337,1203.822522,1226.287431,1246.308886,1279.553922,1317.355793,1335.458578,1340.888570,1349.917155,1376.941867,1419.195616,1437.118405,1391.727933,1371.701626,1385.446927,1365.585655,1368.490042,1396.909142,1389.041984,1370.168210,1361.793022,1355.980347,1337.646174,1320.950305,1330.451388,1309.839468,1254.199846,1212.778873,1173.736588,1129.367735,1087.100750,1034.904190,972.558242,909.807491,831.269925,752.340278,705.193483,650.221760,584.048670,541.368475,492.207664,424.465341,357.270001,291.076370,226.573987,167.821070,111.163328,56.740654,12.405291,0.000000,0.000000,0.847860,0.000000,0.000000,0.060875,0.000000,0.000000,0.004378,0.000000,0.000000,0.000328,0.000000,0.000000,0.000000,0.000000,0.000000,0.000000,0.000000,0.000000,0.000000,0.000000,0.000000,0.000000,0.000000,0.000000,0.000000,0.000000,0.000000,0.000000,0.000000,0.000000,0.000000,0.000000,0.000000,0.000000,0.000000,0.000000
0.000000,0.000000,0.000000,0.000000,0.000000,0.000000,0.000000,0.000000,0.000000,0.000000,0.000000,0.000000,0.000000,0.000000,0.000000,0.000000,0.000000,0.000000,0.000000,0.000000,0.000000,0.000000,0.000000,0.000000,0.000000,0.000258,0.000000,0.000000,0.003657,0.000000,0.000000,0.050948,0.000000,0.000000,0.709644,0.000000,0.000000,11.024992,48.490279,92.703334,141.830012,196.447982,254.732574,311.324543,367.754787,430.686701,495.398860,558.362073,619.720872,681.460003,749.696613,827.208516,891.600195,937.187215,981.049243,1038.647471,1097.352599,1135.906448,1202.255384,1275.333880,1280.114686,1284.202539,1309.942150,1315.138922,1316.763984,1328.122091,1348.400269,1393.729767,1433.937512,1417.479745,1413.798105,1424.941018,1390.577973,1379.656210,1416.987791,1451.327245,1435.304176,1392.850837,1390.767020,1393.074038,1375.467416,1351.396243,1332.619216,1306.353630,1249.401186,1192.067804,1148.346838,1103.389298,1043.004006,969.881918,897.711962,820.117195,745.894191,692.291521,635.315137,573.806231,528.983101,478.975640,413.711129,345.595414,283.878217,227.138083,167.250055,107.909879,54.244186,11.742281,0.000000,0.000000,0.772081,0.000000,0.000000,0.055439,0.000000,0.000000,0.003982,0.000000,0.000000,0.000284,0.000000,0.000000,0.000000,0.000000,0.000000,0.000000,0.000000,0.000000,0.000000,0.000000,0.000000,0.000000,0.000000,0.000000,0.000000,0.000000,0.000000,0.000000,0.000000,0.000000,0.000000,0.000000,0.000000,0.000000,0.000000,0.000000
0.000000,0.000000,0.000000,0.000000,0.000000,0.000000,0.000000,0.000000,0.000000,0.000000,0.000000,0.000000,0.000000,0.000000,0.000000,0.000000,0.000000,0.000000,0.000000,0.000000,0.000000,0.000000,0.000000,0.000000,0.000000,0.000212,0.000000,0.000000,0.002955,0.000000,0.000000,0.041173,0.000000,0.000000,0.573484,0.000000,0.000000,9.439222,43.417597,88.226478,137.629414,190.260546,247.674471,306.038887,365.944374,431.836287,498.926684,562.787210,621.462535,672.576695,734.205795,826.929143,899.527981,931.962596,957.199916,1016.239537,1084.831414,1106.791632,1159.776402,1241.141862,1264.722573,1279.193805,1308.473305,1327.338082,1348.388852,1368.309961,1374.392970,1415.387673,1472.468309,1476.509044,1490.656386,1525.828671,1528.523872,1537.302976,1564.655685,1576.977490,1551.032646,1509.740926,1498.073578,1482.062828,1442.337232,1397.389394,1373.810696,1357.635089,1306.409216,1232.401369,1156.855523,1090.607991,1025.331717,952.669229,873.507980,806.280602,748.097021,679.570451,617.280014,567.270761,516.984069,456.179961,388.728057,327.896298,271.556109,216.084246,160.244689,103.222286,49.925879,10.625984,0.000000,0.000000,0.645901,0.000000,0.000000,0.046374,0.000000,0.000000,0.003332,0.000000,0.000000,0.000235,0.000000,0.000000,0.000000,0.000000,0.000000,0.000000,0.000000,0.000000,0.000000,0.000000,0.000000,0.000000,0.000000,0.000000,0.000000,0.000000,0.000000,0.000000,0.000000,0.000000,0.000000,0.000000,0.000000,0.000000,0.000000,0.000000
0.000000,0.000000,0.000000,0.000000,0.000000,0.000000,0.000000,0.000000,0.000000,0.000000,0.000000,0.000000,0.000000,0.000000,0.000000,0.000000,0.000000,0.000000,0.000000,0.000000,0.000000,0.000000,0.000000,0.000000,0.000000,0.000145,0.000000,0.000000,0.002500,0.000000,0.000000,0.034854,0.000000,0.000000,0.485449,0.000000,0.000000,8.146046,38.636604,82.978576,131.305495,180.628685,235.384660,295.677212,359.545999,424.831332,491.771701,553.731740,601.736684,648.572105,712.407731,797.798786,854.568381,882.232614,930.218988,994.149526,1056.336689,1103.330706,1135.582461,1167.361053,1214.776820,1265.762680,1310.131514,1346.279027,1364.313653,1371.234753,1384.531475,1386.877915,1383.928174,1401.317455,1430.727213,1458.362776,1478.260173,1492.093651,1498.420628,1496.142363,1496.755244,1498.717330,1483.951668,1440.698281,1376.793332,1320.596923,1308.252622,1314.818278,1273.219011,1206.642730,1141.870284,1081.030649,1011.593496,929.783085,848.864876,799.214294,764.573112,695.666486,624.379335,567.822781,510.157990,443.385998,374.511436,317.489148,262.632898,205.569447,151.191727,96.029523,44.530862,9.180975,0.000000,0.000000,0.541024,0.000000,0.000000,0.038845,0.000000,0.000000,0.002791,0.000000,0.000000,0.000198,0.000000,0.000000,0.000000,0.000000,0.000000,0.000000,0.000000,0.000000,0.000000,0.000000,0.000000,0.000000,0.000000,0.000000,0.000000,0.000000,0.000000,0.000000,0.000000,0.000000,0.000000,0.000000,0.000000,0.000000,0.000000,0.000000
0.000000,0.000000,0.000000,0.000000,0.000000,0.000000,0.000000,0.000000,0.000000,0.000000,0.000000,0.000000,0.000000,0.000000,0.000000,0.000000,0.000000,0.000000,0.000000,0.000000,0.000000,0.000000,0.000000,0.000000,0.000000,0.000092,0.000000,0.000000,0.002168,0.000000,0.000000,0.030203,0.000000,0.000000,0.420665,0.000000,0.000000,7.139525,36.206981,82.764265,132.844712,182.742040,240.640469,305.591245,371.492712,431.391103,486.230794,535.834658,581.627155,642.586758,720.418933,794.367121,846.557827,890.384569,955.325961,1015.795425,1065.871794,1120.312042,1143.511922,1157.575851,1224.402794,1298.844022,1338.218637,1340.299365,1326.305744,1316.069942,1318.834138,1328.158704,1342.392599,1364.038577,1392.097748,1421.177238,1443.362573,1444.392992,1432.147982,1428.102305,1415.110456,1389.921047,1367.065796,1339.733539,1306.859148,1275.799645,1242.482782,1208.399408,1177.635510,1137.867754,1087.101827,1035.294768,980.923377,920.152210,855.271070,810.305720,775.037438,712.429637,645.933354,583.364561,508.553791,433.018678,366.175855,308.240954,252.852074,196.821999,141.403234,86.714745,38.756735,7.854783,0.000000,0.000000,0.463654,0.000000,0.000000,0.033292,0.000000,0.000000,0.002391,0.000000,0.000000,0.000138,0.000000,0.000000,0.000000,0.000000,0.000000,0.000000,0.000000,0.000000,0.000000,0.000000,0.000000,0.000000,0.000000,0.000000,0.000000,0.000000,0.000000,0.000000,0.000000,0.000000,0.000000,0.000000,0.000000,0.000000,0.000000,0.000000
0.000000,0.000000,0.000000,0.000000,0.000000,0.000000,0.000000,0.000000,0.000000,0.000000,0.000000,0.000000,0.000000,0.000000,0.000000,0.000000,0.000000,0.000000,0.000000,0.000000,0.000000,0.000000,0.000000,0.000000,0.000000,0.000042,0.000000,0.000000,0.001831,0.000000,0.000000,0.025496,0.000000,0.000000,0.355112,0.000000,0.000000,6.123556,34.197990,84.688317,142.556417,199.855699,261.569750,331.785626,401.800237,457.182683,509.911509,561.475333,603.612143,654.288415,723.809214,801.897689,855.301152,897.036690,970.101422,1030.800308,1075.076635,1138.849513,1172.733298,1183.967978,1235.473311,1304.753459,1362.957344,1397.942981,1396.056231,1380.269090,1395.658789,1427.057133,1452.467102,1462.444046,1462.143543,1465.380992,1477.460655,1456.430714,1404.376124,1367.384558,1351.304601,1345.879281,1335.724221,1311.724951,1283.150408,1265.342254,1232.825959,1188.507056,1159.090848,1120.269277,1061.859144,1002.771399,964.908304,937.389759,887.907659,837.624522,787.212676,714.278640,641.587025,572.838635,491.629042,421.041307,366.568257,311.081556,250.523236,189.114137,132.945204,79.085969,32.869535,6.411642,0.000000,0.000000,0.373302,0.000000,0.000000,0.026803,0.000000,0.000000,0.001927,0.000000,0.000000,0.000081,0.000000,0.000000,0.000000,0.000000,0.000000,0.000000,0.000000,0.000000,0.000000,0.000000,0.000000,0.000000,0.000000,0.000000,0.000000,0.000000,0.000000,0.000000,0.000000,0.000000,0.000000,0.000000,0.000000,0.000000,0.000000,0.000000
0.000000,0.000000,0.000000,0.000000,0.000000,0.000000,0.000000,0.000000,0.000000,0.000000,0.000000,0.000000,0.000000,0.000000,0.000000,0.000000,0.000000,0.000000,0.000000,0.000000,0.000000,0.000000,0.000000,0.000000,0.000000,0.000000,0.000000,0.000000,0.001537,0.000000,0.000000,0.021374,0.000000,0.000000,0.297677,0.000000,0.000000,5.211035,30.470335,79.397868,138.200450,195.664384,250.494395,308.290980,369.329283,427.065554,475.767488,520.144161,572.781841,637.106848,703.921217,759.728261,811.673942,870.393442,937.622120,987.360666,1027.070942,1089.688129,1151.820234,1196.520996,1229.071190,1259.611949,1296.578416,1337.552904,1349.908661,1347.499335,1378.251497,1409.968125,1427.008083,1442.889128,1438.047962,1421.806085,1423.428597,1411.312080,1381.301823,1359.110250,1328.077838,1300.813054,1307.179193,1295.858086,1253.761790,1216.729779,1179.179506,1142.768466,1121.197901,1104.026563,1070.815781,1008.743178,952.698438,912.623877,866.470429,812.780233,750.932366,678.093767,603.356527,531.742536,463.063561,406.051083,356.714274,300.005642,239.355069,180.980270,127.156372,74.172764,28.936084,5.331384,0.000000,0.000000,0.305929,0.000000,0.000000,0.021969,0.000000,0.000000,0.001580,0.000000,0.000000,0.000039,0.000000,0.000000,0.000000,0.000000,0.000000,0.000000,0.000000,0.000000,0.000000,0.000000,0.000000,0.000000,0.000000,0.000000,0.000000,0.000000,0.000000,0.000000,0.000000,0.000000,0.000000,0.000000,0.000000,0.000000,0.000000,0.000000
0.000000,0.000000,0.000000,0.000000,0.000000,0.000000,0.000000,0.000000,0.000000,0.000000,0.000000,0.000000,0.000000,0.000000,0.000000,0.000000,0.000000,0.000000,0.000000,0.000000,0.000000,0.000000,0.000000,0.000000,0.000000,0.000000,0.000000,0.000000,0.001250,0.000000,0.000000,0.017365,0.000000,0.000000,0.241832,0.000000,0.000000,4.325229,26.154476,72.609296,130.155736,186.792723,239.140564,290.163703,343.318911,399.905124,457.865609,515.263362,572.934764,640.215561,709.439305,762.348399,811.498679,870.087888,937.774117,989.643854,1028.814317,1083.376315,1146.843935,1195.316973,1209.617480,1229.034617,1263.234233,1284.458723,1285.678401,1283.138876,1304.742709,1353.420753,1398.901490,1400.062705,1384.654454,1385.471749,1409.348314,1411.165279,1379.972326,1343.817943,1297.461897,1252.835511,1234.876057,1223.124926,1201.994379,1172.974373,1140.162330,1107.812325,1078.541614,1049.769938,1015.489461,970.804265,926.233427,887.045483,847.608767,794.460873,729.916204,668.779001,608.041626,541.201016,467.895615,407.369882,356.629787,293.690747,229.743138,173.060878,120.655000,68.450321,24.842578,4.193571,0.000000,0.000000,0.235025,0.000000,0.000000,0.016876,0.000000,0.000000,0.001215,0.000000,0.000000,0.000000,0.000000,0.000000,0.000000,0.000000,0.000000,0.000000,0.000000,0.000000,0.000000,0.000000,0.000000,0.000000,0.000000,0.000000,0.000000,0.000000,0.000000,0.000000,0.000000,0.000000,0.000000,0.000000,0.000000,0.000000,0.000000,0.000000
0.000000,0.000000,0.000000,0.000000,0.000000,0.000000,0.000000,0.000000,0.000000,0.000000,0.000000,0.000000,0.000000,0.000000,0.000000,0.000000,0.000000,0.000000,0.000000,0.000000,0.000000,0.000000,0.000000,0.000000,0.000000,0.000000,0.000000,0.000000,0.000921,0.000000,0.000000,0.012768,0.000000,0.000000,0.177820,0.000000,0.000000,3.289103,21.933984,63.729917,117.560900,172.173201,226.517557,277.505366,328.655138,388.504973,457.462952,522.721346,568.056771,610.927191,667.062814,735.048072,789.239841,835.866188,905.840307,977.112533,1031.857591,1075.847533,1137.550727,1195.838448,1203.094996,1225.053619,1271.957697,1290.193336,1298.713197,1318.777333,1351.401721,1386.423604,1405.970410,1398.100621,1396.526272,1410.009178,1413.634528,1393.719203,1356.600908,1320.296190,1281.375998,1249.155548,1240.535338,1229.644489,1200.464973,1160.512533,1127.100518,1093.104474,1036.531639,979.972589,934.997183,892.080985,841.525678,786.432766,740.059031,707.182783,675.657774,625.913910,570.436610,510.717520,437.470520,374.805430,327.068309,275.346202,220.027246,165.473497,113.861954,62.507820,21.149062,3.156054,0.000000,0.000000,0.170358,0.000000,0.000000,0.012233,0.000000,0.000000,0.000882,0.000000,0.000000,0.000000,0.000000,0.000000,0.000000,0.000000,0.000000,0.000000,0.000000,0.000000,0.000000,0.000000,0.000000,0.000000,0.000000,0.000000,0.000000,0.000000,0.000000,0.000000,0.000000,0.000000,0.000000,0.000000,0.000000,0.000000,0.000000,0.000000
0.000000,0.000000,0.000000,0.000000,0.000000,0.000000,0.000000,0.000000,0.000000,0.000000,0.000000,0.000000,0.000000,0.000000,0.000000,0.000000,0.000000,0.000000,0.000000,0.000000,0.000000,0.000000,0.000000,0.000000,0.000000,0.000000,0.000000,0.000000,0.000552,0.000000,0.000000,0.007770,0.000000,0.000000,0.108184,0.000000,0.000000,2.181907,18.227187,60.465663,111.948492,161.871301,216.558862,269.575864,323.216337,387.952581,457.358256,521.210906,574.228757,627.316433,684.508683,740.918412,801.001306,863.129797,919.287158,971.368414,1021.639147,1071.075258,1125.138927,1179.211052,1218.985401,1239.640754,1245.447355,1248.464910,1264.887733,1288.531727,1298.458814,1313.663107,1330.450122,1327.773745,1343.662272,1379.496409,1394.757419,1393.954376,1380.579010,1347.078667,1295.834075,1251.655082,1243.146098,1236.835699,1208.275878,1162.274726,1119.336065,1072.523639,1002.658561,958.570696,940.526727,898.109893,836.286437,773.185298,721.393298,682.478282,647.786091,604.056513,553.434565,494.930677,426.844023,371.788899,329.222846,276.510134,219.845163,165.156977,111.095210,58.168184,17.978828,2.280564,0.000000,0.000000,0.115933,0.000000,0.000000,0.008326,0.000000,0.000000,0.000599,0.000000,0.000000,0.000000,0.000000,0.000000,0.000000,0.000000,0.000000,0.000000,0.000000,0.000000,0.000000,0.000000,0.000000,0.000000,0.000000,0.000000,0.000000,0.000000,0.000000,0.000000,0.000000,0.000000,0.000000,0.000000,0.000000,0.000000,0.000000,0.000000
0.000000,0.000000,0.000000,0.000000,0.000000,0.000000,0.000000,0.000000,0.000000,0.000000,0.000000,0.000000,0.000000,0.000000,0.000000,0.000000,0.000000,0.000000,0.000000,0.000000,0.000000,0.000000,0.000000,0.000000,0.000000,0.000000,0.000000,0.000000,0.000273,0.000000,0.000431,0.003896,0.000000,0.006028,0.054237,0.000000,0.083940,1.206745,14.864375,58.832881,112.923961,166.094590,227.326432,285.930047,342.269840,409.010576,480.259836,543.893684,595.294343,662.752238,743.417618,804.456026,853.786640,907.735294,970.375450,1009.471955,1037.889377,1098.354028,1143.765626,1176.000091,1238.548838,1262.082964,1244.517791,1256.011362,1271.455486,1278.331309,1289.891565,1279.312652,1260.148986,1278.663828,1321.203648,1361.182169,1378.656039,1370.631031,1342.125381,1304.355437,1277.906223,1266.666962,1255.171688,1231.462369,1193.826273,1151.691318,1122.082360,1086.225185,1010.983859,952.178823,924.389838,888.197599,839.112431,782.994783,728.456032,691.279417,663.177324,618.772411,567.863192,512.489498,444.492201,381.393417,327.887355,272.083945,215.194868,159.733891,105.914274,53.648879,14.799297,1.407536,0.031505,0.000000,0.065932,0.002262,0.000000,0.004735,0.000163,0.000000,0.000340,0.000000,0.000000,0.000000,0.000000,0.000000,0.000000,0.000000,0.000000,0.000000,0.000000,0.000000,0.000000,0.000000,0.000000,0.000000,0.000000,0.000000,0.000000,0.000000,0.000000,0.000000,0.000000,0.000000,0.000000,0.000000,0.000000,0.000000,0.000000,0.000000
0.000000,0.000000,0.000000,0.000000,0.000000,0.000000,0.000000,0.000000,0.000000,0.000000,0.000000,0.000000,0.000000,0.000000,0.000000,0.000000,0.000000,0.000000,0.000000,0.000000,0.000000,0.000000,0.000000,0.000000,0.000000,0.000000,0.000000,0.000000,0.000089,0.000000,0.001097,0.001339,0.000000,0.015295,0.018636,0.000000,0.213033,0.529444,11.848203,52.952587,109.691321,167.159800,225.088071,280.171445,332.334156,387.693102,458.186857,528.115779,571.695662,636.626907,724.351535,786.442575,839.342866,898.958661,958.501352,994.765532,1023.837406,1083.646128,1131.951567,1167.666275,1225.991257,1245.754596,1236.555959,1272.802624,1309.902326,1328.569211,1351.045694,1339.934724,1319.438312,1356.679815,1400.501779,1409.649753,1390.415693,1366.103018,1345.289173,1322.893596,1308.640191,1289.845149,1244.323892,1217.615981,1203.350457,1153.182890,1120.687021,1093.562764,1005.143387,935.394456,902.424937,846.581250,786.163763,734.288101,684.139917,646.789372,614.727234,565.779715,513.222508,462.559055,405.969624,350.127731,298.876041,249.331655,199.973512,150.235171,99.901473,48.914820,11.631719,0.730182,0.184230,0.000000,0.030352,0.013225,0.000000,0.002182,0.000949,0.000000,0.000156,0.000057,0.000000,0.000000,0.000000,0.000000,0.000000,0.000000,0.000000,0.000000,0.000000,0.000000,0.000000,0.000000,0.000000,0.000000,0.000000,0.000000,0.000000,0.000000,0.000000,0.000000,0.000000,0.000000,0.000000,0.000000,0.000000,0.000000,0.000000,0.000000
0.000000,0.000000,0.000000,0.000000,0.000000,0.000000,0.000000,0.000000,0.000000,0.000000,0.000000,0.000000,0.000000,0.000000,0.000000,0.000000,0.000000,0.000000,0.000000,0.000000,0.000000,0.000000,0.000000,0.000000,0.000000,0.000000,0.000000,0.000077,0.000000,0.000000,0.002161,0.000110,0.000000,0.030140,0.001519,0.000000,0.419760,0.153737,9.320781,47.981607,105.727396,164.249468,216.951433,271.697207,329.959703,385.947132,444.177755,499.785029,545.098326,608.917748,681.814977,725.259441,773.606262,836.110156,884.374356,915.037897,944.113830,990.652750,1034.679132,1075.545964,1128.763199,1159.837525,1174.787591,1216.093806,1258.741801,1290.454451,1322.153912,1333.531928,1335.598962,1363.171066,1388.523730,1398.062279,1403.375353,1394.521801,1375.496341,1362.593402,1340.935866,1296.629680,1234.600631,1191.961719,1169.544104,1138.676829,1121.093635,1100.473084,1036.755759,993.837521,969.359951,897.975229,827.364298,779.433539,730.943406,689.293477,649.469582,594.026849,538.243793,486.016149,427.081386,372.649404,321.375825,260.603535,202.900309,152.013067,99.260646,45.891541,8.903750,0.320326,0.417862,0.000000,0.011231,0.030001,0.000000,0.000807,0.002151,0.000000,0.000057,0.000144,0.000000,0.000000,0.000000,0.000000,0.000000,0.000000,0.000000,0.000000,0.000000,0.000000,0.000000,0.000000,0.000000,0.000000,0.000000,0.000000,0.000000,0.000000,0.000000,0.000000,0.000000,0.000000,0.000000,0.000000,0.000000,0.000000,0.000000,0.000000
0.000000,0.000000,0.000000,0.000000,0.000000,0.000000,0.000000,0.000000,0.000000,0.000000,0.000000,0.000000,0.000000,0.000000,0.000000,0.000000,0.000000,0.000000,0.000000,0.000000,0.000000,0.000000,0.000000,0.000000,0.000000,0.000000,0.000000,0.000182,0.000000,0.000000,0.003661,0.000000,0.000000,0.051012,0.000000,0.000000,0.710470,0.000000,6.218281,40.303343,91.388098,142.978841,192.642587,246.891776,307.171145,367.829231,425.588597,480.371182,533.781310,586.976612,639.395717,689.801035,742.056087,792.879488,834.124618,869.822042,903.182954,936.449249,982.156635,1034.414847,1073.380812,1107.844189,1143.681457,1176.997497,1210.657772,1245.458850,1275.442791,1287.158293,1287.019131,1295.444299,1302.339971,1307.561070,1322.383873,1333.883016,1327.112596,1298.951355,1274.649328,1255.761934,1220.649936,1176.996872,1137.269921,1108.161261,1088.363709,1064.040048,1020.562450,976.906224,938.418378,893.347209,845.515143,798.724475,754.621937,718.769875,682.080113,627.863154,570.049814,514.262210,452.590326,387.203778,322.229913,260.184283,202.062576,147.577473,95.142919,42.574901,6.015078,0.036624,0.745449,0.000000,0.000000,0.053518,0.000000,0.000000,0.003838,0.000000,0.000000,0.000264,0.000000,0.000000,0.000000,0.000000,0.000000,0.000000,0.000000,0.000000,0.000000,0.000000,0.000000,0.000000,0.000000,0.000000,0.000000,0.000000,0.000000,0.000000,0.000000,0.000000,0.000000,0.000000,0.000000,0.000000,0.000000,0.000000,0.000000,0.000000
0.000000,0.000000,0.000000,0.000000,0.000000,0.000000,0.000000,0.000000,0.000000,0.000000,0.000000,0.000000,0.000000,0.000000,0.000000,0.000000,0.000000,0.000000,0.000000,0.000000,0.000000,0.000000,0.000000,0.000000,0.000000,0.000000,0.000000,0.000316,0.000000,0.000000,0.005108,0.000000,0.000000,0.071137,0.000000,0.000000,0.990763,0.000000,3.581953,35.593068,83.057022,130.815917,180.162833,232.507240,286.810582,342.265137,407.959865,472.823567,514.219237,555.327628,607.767680,660.793356,710.302570,747.308248,766.885384,801.650127,849.899625,882.243138,933.122333,992.483648,1014.309312,1054.241655,1124.035817,1176.652314,1221.630248,1255.860015,1260.728501,1272.162069,1294.422853,1294.811063,1279.003967,1274.634171,1303.891563,1319.922048,1295.254311,1249.950347,1239.352711,1252.610116,1227.278014,1196.065557,1173.893445,1140.820310,1109.043898,1078.530037,1034.139391,983.320879,939.728640,911.920366,886.464299,844.605161,778.918239,718.632593,667.949935,606.242010,546.085975,492.202121,435.368032,376.512177,319.030945,264.095320,206.134057,147.174947,94.379466,41.244381,3.487656,0.000000,1.146962,0.000000,0.000000,0.082345,0.000000,0.000000,0.005908,0.000000,0.000000,0.000422,0.000000,0.000000,0.000000,0.000000,0.000000,0.000000,0.000000,0.000000,0.000000,0.000000,0.000000,0.000000,0.000000,0.000000,0.000000,0.000000,0.000000,0.000000,0.000000,0.000000,0.000000,0.000000,0.000000,0.000000,0.000000,0.000000,0.000000,0.000000
0.000000,0.000000,0.000000,0.000000,0.000000,0.000000,0.000000,0.000000,0.000000,0.000000,0.000000,0.000000,0.000000,0.000000,0.000000,0.000000,0.000000,0.000000,0.000000,0.000000,0.000000,0.000000,0.000000,0.000000,0.000000,0.000000,0.000000,0.000431,0.000000,0.000000,0.006057,0.000000,0.000000,0.084343,0.000000,0.000000,1.174663,0.000000,1.698672,32.148185,76.974356,123.571383,176.066119,233.873077,293.399450,351.100472,408.407828,466.040599,520.972418,563.822007,600.018974,644.184668,684.559043,716.239493,747.623888,787.210660,841.299680,910.346929,979.883951,1039.766529,1092.528370,1155.021029,1217.510827,1251.617717,1279.518778,1306.253769,1314.781510,1321.424227,1323.740868,1304.361931,1294.320286,1297.062040,1289.700669,1295.811912,1298.395599,1257.145150,1242.136425,1258.886164,1240.611260,1205.040177,1179.129375,1168.399439,1146.711932,1108.056288,1067.836653,1014.150182,958.164451,930.040871,915.424539,879.570321,799.781477,731.729897,684.916318,620.912695,561.581599,511.923140,451.239723,385.771371,323.843402,266.672684,208.118819,147.816974,91.110898,37.272656,1.746484,0.000000,1.327689,0.000000,0.000000,0.095321,0.000000,0.000000,0.006842,0.000000,0.000000,0.000489,0.000000,0.000000,0.000000,0.000000,0.000000,0.000000,0.000000,0.000000,0.000000,0.000000,0.000000,0.000000,0.000000,0.000000,0.000000,0.000000,0.000000,0.000000,0.000000,0.000000,0.000000,0.000000,0.000000,0.000000,0.000000,0.000000,0.000000,0.000000
0.000000,0.000000,0.000000,0.000000,0.000000,0.000000,0.000000,0.000000,0.000000,0.000000,0.000000,0.000000,0.000000,0.000000,0.000000,0.000000,0.000000,0.000000,0.000000,0.000000,0.000000,0.000000,0.000000,0.000000,0.000000,0.000000,0.000000,0.000479,0.000000,0.000000,0.006385,0.000000,0.000000,0.088922,0.000000,0.000000,1.238447,0.000000,0.519297,30.643480,73.630669,118.369109,169.919336,225.829988,281.174516,334.294846,396.450685,468.699748,537.958599,590.017823,633.740398,689.949770,737.644912,773.094831,815.527953,866.771286,928.724985,1002.230506,1062.521661,1111.538345,1175.846355,1240.714521,1282.605237,1291.688039,1297.255855,1311.813263,1324.742997,1335.620048,1341.765802,1337.159784,1322.757553,1307.975808,1307.439318,1328.351840,1337.688819,1293.118707,1268.042773,1273.185433,1249.196536,1222.564060,1203.609525,1171.560986,1135.842924,1091.891301,1024.484083,959.166452,914.334681,887.743430,864.123035,823.213654,754.992021,695.945881,653.309060,601.560178,546.174613,491.122703,431.794575,368.153789,304.950689,247.418885,190.266894,133.018268,80.820306,32.646071,0.598984,0.000000,1.259698,0.000000,0.000000,0.090437,0.000000,0.000000,0.006497,0.000000,0.000000,0.000464,0.000000,0.000000,0.000000,0.000000,0.000000,0.000000,0.000000,0.000000,0.000000,0.000000,0.000000,0.000000,0.000000,0.000000,0.000000,0.000000,0.000000,0.000000,0.000000,0.000000,0.000000,0.000000,0.000000,0.000000,0.000000,0.000000,0.000000,0.000000
0.000000,0.000000,0.000000,0.000000,0.000000,0.000000,0.000000,0.000000,0.000000,0.000000,0.000000,0.000000,0.000000,0.000000,0.000000,0.000000,0.000000,0.000000,0.000000,0.000000,0.000000,0.000000,0.000000,0.000000,0.000000,0.000000,0.000000,0.000429,0.000000,0.000000,0.005942,0.000000,0.000000,0.082775,0.000000,0.000000,1.152862,0.000000,0.042500,30.361329,76.049486,126.885473,184.117703,241.994705,296.795500,350.807375,413.968044,482.478966,542.919456,608.197412,677.058870,731.136785,772.987381,809.475624,847.118202,894.928164,945.688129,982.512632,1017.355198,1058.926995,1106.893454,1166.361055,1227.157921,1267.685071,1287.512930,1300.857822,1326.646052,1365.426902,1390.394642,1372.246674,1360.386609,1367.250087,1360.128515,1354.746208,1345.732155,1313.454204,1308.358131,1310.518072,1252.162125,1218.048811,1219.239723,1180.283229,1127.472565,1076.222186,1012.491437,950.796536,900.069224,858.326832,827.501283,794.030288,738.093400,679.452930,627.723411,574.993987,524.986784,472.312620,406.280241,343.192429,288.973868,234.592168,178.704300,124.093791,74.443196,29.592069,0.050469,0.000000,1.107756,0.000000,0.000000,0.079529,0.000000,0.000000,0.005713,0.000000,0.000000,0.000411,0.000000,0.000000,0.000000,0.000000,0.000000,0.000000,0.000000,0.000000,0.000000,0.000000,0.000000,0.000000,0.000000,0.000000,0.000000,0.000000,0.000000,0.000000,0.000000,0.000000,0.000000,0.000000,0.000000,0.000000,0.000000,0.000000,0.000000,0.000000
0.000000,0.000000,0.000000,0.000000,0.000000,0.000000,0.000000,0.000000,0.000000,0.000000,0.000000,0.000000,0.000000,0.000000,0.000000,0.000000,0.000000,0.000000,0.000000,0.000000,0.000000,0.000000,0.000000,0.000000,0.000000,0.000000,0.000000,0.000367,0.000000,0.000000,0.005119,0.000000,0.000000,0.071320,0.000000,0.000000,0.993343,0.000000,0.000000,28.292864,73.840793,126.917818,184.636850,247.036195,310.284468,368.377109,425.777591,487.079673,552.815782,619.497799,683.539890,741.065340,785.626832,822.961707,869.857143,934.008602,991.089275,1008.992447,1038.666048,1084.105325,1104.440644,1138.203739,1198.122537,1252.046669,1270.355985,1276.110855,1322.342667,1377.382229,1395.425991,1365.010683,1368.351281,1389.137514,1333.300346,1282.929253,1283.135451,1303.609329,1310.667226,1281.550063,1221.713277,1186.969801,1180.521090,1151.953492,1095.861412,1028.737462,972.632822,937.586716,910.084824,867.129926,833.805564,807.834575,757.509282,690.261368,626.080303,579.245739,537.071655,486.432302,423.779941,356.904663,292.711215,233.574773,177.332030,122.637146,70.946239,26.859697,0.000000,0.000000,0.936395,0.000000,0.000000,0.067227,0.000000,0.000000,0.004830,0.000000,0.000000,0.000350,0.000000,0.000000,0.000000,0.000000,0.000000,0.000000,0.000000,0.000000,0.000000,0.000000,0.000000,0.000000,0.000000,0.000000,0.000000,0.000000,0.000000,0.000000,0.000000,0.000000,0.000000,0.000000,0.000000,0.000000,0.000000,0.000000,0.000000,0.000000
0.000000,0.000000,0.000000,0.000000,0.000000,0.000000,0.000000,0.000000,0.000000,0.000000,0.000000,0.000000,0.000000,0.000000,0.000000,0.000000,0.000000,0.000000,0.000000,0.000000,0.000000,0.000000,0.000000,0.000000,0.000000,0.000000,0.000000,0.000330,0.000000,0.000000,0.004548,0.000000,0.000000,0.063399,0.000000,0.000000,0.882983,0.000000,0.000000,26.170013,70.963188,123.578338,175.718709,230.175701,287.442879,344.514357,404.861676,468.832631,533.732322,603.598198,671.958045,726.861727,783.941174,846.796975,905.371468,973.195119,1031.945089,1048.601609,1080.375849,1121.189596,1116.588693,1143.739089,1217.298733,1272.201860,1294.947493,1313.461654,1365.414474,1419.715720,1452.182985,1463.376596,1449.724164,1423.657381,1402.268414,1360.470476,1325.726766,1349.794902,1337.539057,1277.233204,1248.507694,1214.541438,1165.068557,1130.290971,1082.568418,1020.087038,972.393890,936.999548,905.026885,869.249487,826.582545,776.815511,719.863825,652.839142,586.853161,538.116955,491.065844,437.939647,384.737446,328.873793,272.359174,220.831782,167.492628,112.359343,63.732137,24.082725,0.000000,0.000000,0.823444,0.000000,0.000000,0.059123,0.000000,0.000000,0.004248,0.000000,0.000000,0.000302,0.000000,0.000000,0.000000,0.000000,0.000000,0.000000,0.000000,0.000000,0.000000,0.000000,0.000000,0.000000,0.000000,0.000000,0.000000,0.000000,0.000000,0.000000,0.000000,0.000000,0.000000,0.000000,0.000000,0.000000,0.000000,0.000000,0.000000,0.000000
0.000000,0.000000,0.000000,0.000000,0.000000,0.000000,0.000000,0.000000,0.000000,0.000000,0.000000,0.000000,0.000000,0.000000,0.000000,0.000000,0.000000,0.000000,0.000000,0.000000,0.000000,0.000000,0.000000,0.000000,0.000000,0.000000,0.000000,0.000277,0.000000,0.000000,0.003822,0.000000,0.000000,0.053206,0.000000,0.000000,0.741016,0.000000,0.000000,22.478575,63.491059,115.099423,168.380291,219.870223,272.299825,330.265510,387.393582,442.611391,502.943632,574.419078,641.850709,683.108836,732.508913,798.582741,856.717526,913.060562,971.863326,1026.905598,1070.861815,1097.122736,1110.600758,1152.804592,1224.009745,1281.865281,1314.578123,1337.760220,1376.199875,1415.932135,1438.352735,1435.301997,1417.835482,1404.872999,1403.885532,1371.316652,1321.011037,1306.350715,1272.148608,1208.188045,1164.134900,1149.894110,1143.487320,1111.533894,1066.909082,1027.388536,998.174490,963.730697,918.800259,871.698039,820.931581,770.596787,724.449141,657.473954,580.589676,531.489968,487.364581,432.714503,374.288411,318.158343,267.317307,220.113809,167.542051,110.462674,59.969204,21.417951,0.000000,0.000000,0.709713,0.000000,0.000000,0.050961,0.000000,0.000000,0.003660,0.000000,0.000000,0.000263,0.000000,0.000000,0.000000,0.000000,0.000000,0.000000,0.000000,0.000000,0.000000,0.000000,0.000000,0.000000,0.000000,0.000000,0.000000,0.000000,0.000000,0.000000,0.000000,0.000000,0.000000,0.000000,0.000000,0.000000,0.000000,0.000000,0.000000,0.000000
0.000000,0.000000,0.000000,0.000000,0.000000,0.000000,0.000000,0.000000,0.000000,0.000000,0.000000,0.000000,0.000000,0.000000,0.000000,0.000000,0.000000,0.000000,0.000000,0.000000,0.000000,0.000000,0.000000,0.000000,0.000000,0.000000,0.000000,0.000237,0.000000,0.000000,0.003255,0.000000,0.000000,0.045344,0.000000,0.000000,0.631518,0.000000,0.000000,19.241944,56.835095,106.754168,159.814187,210.932539,261.785986,317.143854,371.956870,424.485706,479.172480,541.400856,602.003084,645.356402,688.288554,736.714973,781.907904,832.170097,889.739847,947.817584,1002.872984,1041.074496,1055.133009,1099.783029,1169.266072,1203.396144,1228.854824,1258.963822,1275.772411,1279.276629,1277.761205,1278.648924,1273.660469,1274.538191,1301.378576,1310.588831,1295.213878,1284.397253,1235.752555,1165.297027,1140.071346,1134.174748,1115.300636,1076.122312,1038.724113,1010.059087,978.221640,947.434194,914.865251,870.272122,819.702080,769.701075,719.708514,656.737788,591.410304,547.626788,499.820976,440.522829,387.072623,334.346938,280.188112,228.879173,174.390486,115.900171,61.299111,20.675491,0.000000,0.000000,0.663010,0.000000,0.000000,0.047604,0.000000,0.000000,0.003416,0.000000,0.000000,0.000247,0.000000,0.000000,0.000000,0.000000,0.000000,0.000000,0.000000,0.000000,0.000000,0.000000,0.000000,0.000000,0.000000,0.000000,0.000000,0.000000,0.000000,0.000000,0.000000,0.000000,0.000000,0.000000,0.000000,0.000000,0.000000,0.000000,0.000000,0.000000
0.000000,0.000000,0.000000,0.000000,0.000000,0.000000,0.000000,0.000000,0.000000,0.000000,0.000000,0.000000,0.000000,0.000000,0.000000,0.000000,0.000000,0.000000,0.000000,0.000000,0.000000,0.000000,0.000000,0.000000,0.000000,0.000000,0.000000,0.000163,0.000000,0.000000,0.002677,0.000000,0.000000,0.037294,0.000000,0.000000,0.519417,0.000000,0.000000,16.406271,52.344247,102.860437,154.343396,204.356759,254.299353,305.530781,356.233981,407.174075,462.931680,529.216805,595.249864,643.163865,693.519751,756.304799,819.287107,863.824504,901.753384,962.609496,1024.548570,1070.860635,1107.011254,1147.279273,1182.200090,1194.255447,1231.785758,1286.525886,1296.915830,1288.489919,1285.408041,1284.300501,1267.416915,1255.465188,1288.694733,1317.558580,1321.114129,1320.685075,1293.927257,1247.487182,1214.361877,1177.674177,1133.121612,1098.156062,1074.157877,1043.826434,986.904974,931.874073,889.357433,843.901687,793.028590,743.910639,702.636985,647.998612,585.653705,541.546576,488.491556,422.337273,367.146761,316.349908,264.359472,213.231229,159.446308,103.601166,52.836500,16.935773,0.000000,0.000000,0.531084,0.000000,0.000000,0.038133,0.000000,0.000000,0.002738,0.000000,0.000000,0.000163,0.000000,0.000000,0.000000,0.000000,0.000000,0.000000,0.000000,0.000000,0.000000,0.000000,0.000000,0.000000,0.000000,0.000000,0.000000,0.000000,0.000000,0.000000,0.000000,0.000000,0.000000,0.000000,0.000000,0.000000,0.000000,0.000000,0.000000,0.000000
0.000000,0.000000,0.000000,0.000000,0.000000,0.000000,0.000000,0.000000,0.000000,0.000000,0.000000,0.000000,0.000000,0.000000,0.000000,0.000000,0.000000,0.000000,0.000000,0.000000,0.000000,0.000000,0.000000,0.000000,0.000000,0.000000,0.000000,0.000099,0.000000,0.000000,0.002189,0.000000,0.000000,0.030483,0.000000,0.000000,0.424589,0.000000,0.000000,13.980510,47.511976,96.808497,147.173661,200.478942,256.875750,311.195950,363.290526,416.225829,473.072224,530.038887,585.457713,638.607987,680.123776,721.044860,781.649729,833.228789,876.031545,939.438181,1005.919745,1065.926027,1125.223916,1164.854254,1176.469819,1175.943944,1205.293976,1243.052636,1226.081192,1209.144436,1215.149188,1214.580342,1205.449712,1198.491827,1205.053576,1218.125923,1229.270281,1234.334723,1235.297010,1221.897974,1180.208744,1150.067605,1132.359871,1093.483210,1067.430496,1048.075575,990.832621,929.514540,876.603304,814.655015,765.025573,730.701123,689.463844,631.610508,571.020102,529.252273,479.201203,415.535412,359.509788,303.629580,245.805213,193.841089,144.508723,94.552356,46.509291,14.358791,0.000000,0.000000,0.439854,0.000000,0.000000,0.031581,0.000000,0.000000,0.002267,0.000000,0.000000,0.000106,0.000000,0.000000,0.000000,0.000000,0.000000,0.000000,0.000000,0.000000,0.000000,0.000000,0.000000,0.000000,0.000000,0.000000,0.000000,0.000000,0.000000,0.000000,0.000000,0.000000,0.000000,0.000000,0.000000,0.000000,0.000000,0.000000,0.000000,0.000000
0.000000,0.000000,0.000000,0.000000,0.000000,0.000000,0.000000,0.000000,0.000000,0.000000,0.000000,0.000000,0.000000,0.000000,0.000000,0.000000,0.000000,0.000000,0.000000,0.000000,0.000000,0.000000,0.000000,0.000000,0.000000,0.000000,0.000000,0.000046,0.000000,0.000000,0.001764,0.000000,0.000000,0.024586,0.000000,0.000000,0.342461,0.000000,0.000000,12.070057,45.577347,97.203285,150.157983,204.712992,260.613440,314.387922,371.527889,432.905441,491.796549,540.686326,587.804060,647.992545,705.533514,754.039579,800.733158,840.389593,875.287423,917.927963,977.376020,1040.405318,1082.359394,1117.949957,1145.647022,1152.746793,1183.781274,1223.413947,1210.948874,1197.602140,1209.201770,1221.536196,1220.462838,1208.371892,1200.882352,1210.199830,1220.626606,1204.776538,1194.506441,1187.186070,1148.103715,1119.539964,1106.331429,1071.267833,1036.382591,1003.716751,950.122345,893.117203,839.685872,783.645072,748.421943,720.662721,660.475680,600.835195,555.160167,504.610467,452.209032,402.974557,356.399262,303.665145,244.518310,188.042512,138.314190,91.620558,43.701276,12.190155,0.000000,0.000000,0.351989,0.000000,0.000000,0.025270,0.000000,0.000000,0.001813,0.000000,0.000000,0.000053,0.000000,0.000000,0.000000,0.000000,0.000000,0.000000,0.000000,0.000000,0.000000,0.000000,0.000000,0.000000,0.000000,0.000000,0.000000,0.000000,0.000000,0.000000,0.000000,0.000000,0.000000,0.000000,0.000000,0.000000,0.000000,0.000000,0.000000,0.000000
0.000000,0.000000,0.000000,0.000000,0.000000,0.000000,0.000000,0.000000,0.000000,0.000000,0.000000,0.000000,0.000000,0.000000,0.000000,0.000000,0.000000,0.000000,0.000000,0.000000,0.000000,0.000000,0.000000,0.000000,0.000000,0.000000,0.000000,0.000000,0.000000,0.000000,0.001321,0.000000,0.000000,0.018431,0.000000,0.000000,0.256739,0.000000,0.000000,9.939110,41.143674,92.755518,146.270453,197.694420,247.934175,300.281455,362.896575,430.366362,487.457762,541.547764,598.166741,655.236151,712.122456,767.163670,817.426484,861.400218,898.381923,932.276836,981.655404,1044.901073,1099.051942,1129.276620,1144.069663,1168.869307,1213.775202,1256.612078,1265.798150,1281.355514,1303.609896,1293.738244,1287.656126,1294.174498,1284.617507,1265.498446,1238.548951,1202.165013,1193.488696,1194.747342,1149.147328,1105.294707,1079.617519,1041.884748,1007.938441,979.597087,940.021349,901.315353,865.668610,823.681614,787.579944,746.887307,679.011736,623.832502,585.396816,529.430550,473.840348,424.999055,369.557622,313.173904,255.640327,191.374323,134.681803,86.702536,38.897005,9.440143,0.000000,0.000000,0.243716,0.000000,0.000000,0.017496,0.000000,0.000000,0.001257,0.000000,0.000000,0.000000,0.000000,0.000000,0.000000,0.000000,0.000000,0.000000,0.000000,0.000000,0.000000,0.000000,0.000000,0.000000,0.000000,0.000000,0.000000,0.000000,0.000000,0.000000,0.000000,0.000000,0.000000,0.000000,0.000000,0.000000,0.000000,0.000000,0.000000,0.000000
0.000000,0.000000,0.000000,0.000000,0.000000,0.000000,0.000000,0.000000,0.000000,0.000000,0.000000,0.000000,0.000000,0.000000,0.000000,0.000000,0.000000,0.000000,0.000000,0.000000,0.000000,0.000000,0.000000,0.000000,0.000000,0.000000,0.000000,0.000000,0.000000,0.000000,0.000970,0.000000,0.000000,0.013568,0.000000,0.000000,0.189005,0.000000,0.000000,8.215356,37.008527,87.500026,141.836116,197.906215,255.445574,313.399021,376.222078,442.007792,502.945669,560.146308,614.458117,664.719522,711.401116,753.776734,791.614975,831.780727,866.972136,886.867300,928.131203,989.751414,1034.686588,1073.863061,1106.803532,1121.177447,1152.078683,1194.927316,1208.450759,1209.718350,1212.396408,1214.497297,1226.426590,1237.977609,1226.271537,1213.833784,1190.444872,1130.899056,1118.496767,1151.322275,1142.660946,1112.903153,1085.342996,1057.930344,1029.150936,1000.635344,972.998525,931.123892,877.841549,833.081711,793.778912,746.126367,681.010777,624.586295,578.406052,520.120201,466.901419,420.407827,363.974374,309.461700,257.005216,194.542136,136.577742,86.299227,36.758910,7.789754,0.000000,0.000000,0.173170,0.000000,0.000000,0.012431,0.000000,0.000000,0.000892,0.000000,0.000000,0.000000,0.000000,0.000000,0.000000,0.000000,0.000000,0.000000,0.000000,0.000000,0.000000,0.000000,0.000000,0.000000,0.000000,0.000000,0.000000,0.000000,0.000000,0.000000,0.000000,0.000000,0.000000,0.000000,0.000000,0.000000,0.000000,0.000000,0.000000,0.000000
0.000000,0.000000,0.000000,0.000000,0.000000,0.000000,0.000000,0.000000,0.000000,0.000000,0.000000,0.000000,0.000000,0.000000,0.000000,0.000000,0.000000,0.000000,0.000000,0.000000,0.000000,0.000000,0.000000,0.000000,0.000000,0.000000,0.000000,0.000000,0.000000,0.000000,0.000584,0.000000,0.000000,0.008419,0.000000,0.000000,0.117286,0.000000,0.000000,6.477786,34.646339,86.299644,140.987421,196.729811,254.544356,313.771464,374.200941,435.466743,497.745179,563.743651,625.363084,672.858947,734.602440,798.637814,823.367477,849.261692,887.658523,912.382625,938.422127,971.186335,1001.177967,1039.603444,1077.466882,1094.063878,1124.783099,1172.286912,1200.515948,1205.817378,1201.204278,1207.684673,1244.426072,1289.208670,1296.314950,1295.859665,1286.981067,1237.811208,1193.479114,1184.723513,1196.972820,1172.540626,1117.910404,1092.115289,1064.823212,1022.190058,984.299412,949.124204,912.968723,874.648956,826.792121,766.522825,698.705405,637.013137,582.621274,525.177519,466.993102,411.847816,360.225752,308.061240,251.560122,190.749317,135.201700,84.646808,33.918463,6.023550,0.000000,0.028865,0.106618,0.000000,0.002070,0.007654,0.000000,0.000149,0.000549,0.000000,0.000000,0.000000,0.000000,0.000000,0.000000,0.000000,0.000000,0.000000,0.000000,0.000000,0.000000,0.000000,0.000000,0.000000,0.000000,0.000000,0.000000,0.000000,0.000000,0.000000,0.000000,0.000000,0.000000,0.000000,0.000000,0.000000,0.000000,0.000000,0.000000,0.000000
0.000000,0.000000,0.000000,0.000000,0.000000,0.000000,0.000000,0.000000,0.000000,0.000000,0.000000,0.000000,0.000000,0.000000,0.000000,0.000000,0.000000,0.000000,0.000000,0.000000,0.000000,0.000000,0.000000,0.000000,0.000000,0.000000,0.000000,0.000000,0.000000,0.000000,0.000280,0.000345,0.000000,0.004172,0.004777,0.000000,0.058147,0.066532,0.000000,4.535047,31.008156,82.291742,134.586995,188.893736,244.578630,296.951634,357.502070,424.388511,484.213437,546.697654,607.945053,652.915641,701.268649,757.390916,803.854469,835.221827,864.771339,909.521005,938.818469,956.268034,999.246656,1062.349344,1112.830227,1120.292496,1130.182464,1159.847316,1185.033608,1202.667690,1205.351532,1190.827462,1211.432448,1261.315009,1279.996465,1284.381800,1290.943275,1288.919389,1244.402304,1194.489277,1206.760455,1190.478184,1130.570309,1103.575173,1085.483196,1049.644082,997.556976,949.159272,910.013163,866.991868,808.361980,741.241227,684.045488,633.844149,583.638036,527.746004,459.937429,392.113820,343.155212,294.444697,237.404987,181.310500,129.074058,78.398188,29.387712,4.332836,0.000000,0.068760,0.053575,0.000000,0.004935,0.003846,0.000000,0.000355,0.000276,0.000000,0.000000,0.000000,0.000000,0.000000,0.000000,0.000000,0.000000,0.000000,0.000000,0.000000,0.000000,0.000000,0.000000,0.000000,0.000000,0.000000,0.000000,0.000000,0.000000,0.000000,0.000000,0.000000,0.000000,0.000000,0.000000,0.000000,0.000000,0.000000,0.000000,0.000000
0.000000,0.000000,0.000000,0.000000,0.000000,0.000000,0.000000,0.000000,0.000000,0.000000,0.000000,0.000000,0.000000,0.000000,0.000000,0.000000,0.000000,0.000000,0.000000,0.000000,0.000000,0.000000,0.000000,0.000000,0.000000,0.000000,0.000000,0.000000,0.000000,0.000000,0.000106,0.000815,0.000000,0.001732,0.011332,0.000000,0.024151,0.157814,0.000000,2.964478,26.698838,75.561120,126.213712,178.389937,231.056253,279.235368,329.721208,386.220432,445.838502,503.711109,556.728998,605.086133,652.882198,702.319387,750.754066,788.040440,820.406093,863.932590,900.592053,929.008423,968.377910,1018.509261,1061.548479,1077.054159,1085.779740,1104.992559,1135.057172,1165.511299,1182.388775,1178.442796,1175.041451,1183.185013,1196.724382,1213.891580,1226.775319,1222.323120,1194.794361,1159.132820,1140.913873,1133.942014,1128.600732,1118.898384,1099.151701,1067.021118,1023.214944,969.968295,913.896611,861.480797,803.276476,745.504228,703.369090,651.378156,584.248864,521.719617,458.860672,396.987433,343.978197,287.926708,228.366809,176.464893,126.574264,74.454621,25.961752,2.720637,0.000000,0.166520,0.019415,0.000000,0.011955,0.001395,0.000000,0.000858,0.000099,0.000000,0.000000,0.000000,0.000000,0.000000,0.000000,0.000000,0.000000,0.000000,0.000000,0.000000,0.000000,0.000000,0.000000,0.000000,0.000000,0.000000,0.000000,0.000000,0.000000,0.000000,0.000000,0.000000,0.000000,0.000000,0.000000,0.000000,0.000000,0.000000,0.000000,0.000000
0.000000,0.000000,0.000000,0.000000,0.000000,0.000000,0.000000,0.000000,0.000000,0.000000,0.000000,0.000000,0.000000,0.000000,0.000000,0.000000,0.000000,0.000000,0.000000,0.000000,0.000000,0.000000,0.000000,0.000000,0.000000,0.000000,0.000000,0.000000,0.000000,0.000000,0.000000,0.001447,0.000000,0.000234,0.020168,0.000000,0.003272,0.280849,0.000000,1.571816,22.472562,66.238335,114.072846,160.738927,207.146840,255.040605,305.398225,357.248784,408.091796,456.852040,507.006335,562.590245,612.644809,656.033328,702.938957,752.434990,803.108806,853.380516,891.714953,920.286653,951.966346,977.805867,1004.405122,1046.466184,1070.232256,1087.217824,1143.535435,1191.339466,1217.207280,1253.235272,1268.418066,1258.598833,1255.554538,1262.038240,1272.123620,1277.249408,1263.707313,1228.557601,1188.206444,1176.252238,1179.346658,1149.217128,1108.725153,1075.326886,1041.923886,999.010945,945.460698,889.011914,837.074051,791.932858,748.825033,694.900149,627.468215,556.458734,492.528689,436.469437,379.060031,311.982213,241.511748,182.075517,127.617819,72.926182,23.223483,1.371953,0.000000,0.317103,0.000000,0.000000,0.022765,0.000000,0.000000,0.001634,0.000000,0.000000,0.000057,0.000000,0.000000,0.000000,0.000000,0.000000,0.000000,0.000000,0.000000,0.000000,0.000000,0.000000,0.000000,0.000000,0.000000,0.000000,0.000000,0.000000,0.000000,0.000000,0.000000,0.000000,0.000000,0.000000,0.000000,0.000000,0.000000,0.000000,0.000000,0.000000
0.000000,0.000000,0.000000,0.000000,0.000000,0.000000,0.000000,0.000000,0.000000,0.000000,0.000000,0.000000,0.000000,0.000000,0.000000,0.000000,0.000000,0.000000,0.000000,0.000000,0.000000,0.000000,0.000000,0.000000,0.000000,0.000000,0.000000,0.000000,0.000081,0.000000,0.000000,0.002611,0.000000,0.000000,0.036383,0.000000,0.000000,0.506714,0.000000,0.576304,19.747111,67.539788,119.424922,172.044010,224.377351,274.584896,329.313053,385.538215,433.487664,483.273811,540.588316,598.850646,640.104177,671.157831,717.698774,773.686184,824.136552,860.503110,902.074537,950.411003,984.075835,992.633297,1005.163463,1059.721830,1096.108342,1108.666578,1151.119256,1187.849043,1214.054875,1261.086468,1281.265553,1260.815673,1238.081153,1236.342091,1250.110079,1253.955332,1241.564367,1208.038970,1158.843449,1146.779955,1162.103166,1142.153629,1109.977471,1077.144024,1029.268479,982.065596,936.188213,878.711254,832.185184,795.815710,744.040607,684.598022,621.223646,549.995491,487.442456,434.931669,376.573868,310.193086,240.993257,176.449216,118.600276,65.829814,19.458150,0.652906,0.000000,0.462496,0.000000,0.000000,0.033206,0.000000,0.000000,0.002381,0.000000,0.000000,0.000120,0.000000,0.000000,0.000000,0.000000,0.000000,0.000000,0.000000,0.000000,0.000000,0.000000,0.000000,0.000000,0.000000,0.000000,0.000000,0.000000,0.000000,0.000000,0.000000,0.000000,0.000000,0.000000,0.000000,0.000000,0.000000,0.000000,0.000000,0.000000,0.000000
0.000000,0.000000,0.000000,0.000000,0.000000,0.000000,0.000000,0.000000,0.000000,0.000000,0.000000,0.000000,0.000000,0.000000,0.000000,0.000000,0.000000,0.000000,0.000000,0.000000,0.000000,0.000000,0.000000,0.000000,0.000000,0.000000,0.000000,0.000000,0.000168,0.000000,0.000000,0.003498,0.000000,0.000000,0.048770,0.000000,0.000000,0.679219,0.000000,0.127950,17.302761,65.070083,115.582087,167.742084,222.139146,275.730868,330.548523,382.621938,427.545360,486.489336,556.980352,613.200295,659.176606,698.585167,733.102222,789.043255,850.838859,876.482707,912.853689,973.552086,1017.979714,1016.930698,1013.927821,1078.103468,1125.139902,1133.705290,1163.137819,1176.901853,1174.146448,1198.433618,1232.882844,1247.435687,1228.542100,1218.345066,1223.028309,1210.268627,1189.759836,1162.324912,1120.880396,1102.007763,1106.384521,1096.098675,1065.687095,1020.261760,967.238396,916.945028,868.257209,813.949076,770.428335,732.934368,680.372950,635.116264,595.894924,536.353540,472.035759,414.895857,361.048076,303.132499,239.322536,174.943711,117.810368,66.485388,17.943462,0.145254,0.000000,0.694284,0.000000,0.000000,0.049848,0.000000,0.000000,0.003575,0.000000,0.000000,0.000220,0.000000,0.000000,0.000000,0.000000,0.000000,0.000000,0.000000,0.000000,0.000000,0.000000,0.000000,0.000000,0.000000,0.000000,0.000000,0.000000,0.000000,0.000000,0.000000,0.000000,0.000000,0.000000,0.000000,0.000000,0.000000,0.000000,0.000000,0.000000,0.000000
0.000000,0.000000,0.000000,0.000000,0.000000,0.000000,0.000000,0.000000,0.000000,0.000000,0.000000,0.000000,0.000000,0.000000,0.000000,0.000000,0.000000,0.000000,0.000000,0.000000,0.000000,0.000000,0.000000,0.000000,0.000000,0.000000,0.000000,0.000000,0.000254,0.000000,0.000000,0.004212,0.000000,0.000000,0.058698,0.000000,0.000000,0.817497,0.000000,0.000000,14.632509,58.248818,103.365149,149.560593,199.567283,253.004690,310.958708,366.561370,411.981754,467.369026,530.560695,579.239487,629.354179,682.511553,725.879936,785.901865,853.860799,893.035026,937.576968,997.085564,1040.143421,1044.725716,1045.036437,1095.505505,1127.619711,1130.982207,1159.423576,1167.653090,1153.438906,1165.707358,1190.104496,1197.688949,1175.596603,1171.183803,1182.262715,1163.947167,1155.297352,1158.740883,1135.512943,1115.551115,1103.000411,1069.737728,1033.966468,997.165992,940.694066,880.517533,826.584081,776.255179,734.891806,690.301092,625.492168,579.353560,551.204438,499.260454,434.619434,375.911664,328.845059,277.621884,218.337609,162.150156,111.091447,61.888485,15.220705,0.000000,0.000000,0.825681,0.000000,0.000000,0.059283,0.000000,0.000000,0.004255,0.000000,0.000000,0.000307,0.000000,0.000000,0.000000,0.000000,0.000000,0.000000,0.000000,0.000000,0.000000,0.000000,0.000000,0.000000,0.000000,0.000000,0.000000,0.000000,0.000000,0.000000,0.000000,0.000000,0.000000,0.000000,0.000000,0.000000,0.000000,0.000000,0.000000,0.000000,0.000000
0.000000,0.000000,0.000000,0.000000,0.000000,0.000000,0.000000,0.000000,0.000000,0.000000,0.000000,0.000000,0.000000,0.000000,0.000000,0.000000,0.000000,0.000000,0.000000,0.000000,0.000000,0.000000,0.000000,0.000000,0.000000,0.000000,0.000000,0.000000,0.000335,0.000000,0.000000,0.004589,0.000000,0.000000,0.063863,0.000000,0.000000,0.889460,0.000000,0.000000,13.513183,56.613493,101.494870,149.578689,203.201623,259.090577,315.027583,371.010952,428.452235,486.412732,539.577874,584.348050,635.806409,687.103969,718.710557,766.382713,828.308360,868.493954,917.930525,977.235460,1012.163624,1040.522974,1071.642817,1096.045387,1123.029283,1148.028562,1157.858418,1173.866592,1192.346409,1188.874828,1187.779722,1190.795108,1178.042901,1173.126467,1172.694171,1148.762522,1126.069693,1110.318303,1084.836368,1073.139749,1070.009846,1045.793839,1027.945520,1007.894935,945.565372,879.233389,828.577678,778.100835,723.942488,668.197448,615.316806,570.337379,525.846744,468.453753,408.558884,354.495725,305.477827,257.596177,207.620054,154.869632,104.159419,56.507745,13.217599,0.000000,0.000000,0.876494,0.000000,0.000000,0.062932,0.000000,0.000000,0.004525,0.000000,0.000000,0.000335,0.000000,0.000000,0.000000,0.000000,0.000000,0.000000,0.000000,0.000000,0.000000,0.000000,0.000000,0.000000,0.000000,0.000000,0.000000,0.000000,0.000000,0.000000,0.000000,0.000000,0.000000,0.000000,0.000000,0.000000,0.000000,0.000000,0.000000,0.000000,0.000000
0.000000,0.000000,0.000000,0.000000,0.000000,0.000000,0.000000,0.000000,0.000000,0.000000,0.000000,0.000000,0.000000,0.000000,0.000000,0.000000,0.000000,0.000000,0.000000,0.000000,0.000000,0.000000,0.000000,0.000000,0.000000,0.000000,0.000000,0.000000,0.000302,0.000000,0.000000,0.004074,0.000000,0.000000,0.056713,0.000000,0.000000,0.789889,0.000000,0.000000,11.988515,52.590322,98.452530,149.017570,202.834521,255.025129,310.320781,366.665832,416.112349,464.029954,511.595427,555.971813,607.543911,663.191810,708.050446,748.069190,792.244555,843.479667,891.352209,937.357097,992.423347,1042.500776,1078.471967,1105.625250,1146.273370,1186.944775,1194.445580,1213.560052,1236.075850,1210.805190,1201.724360,1231.120709,1257.813700,1254.358729,1226.201867,1200.255063,1174.644964,1141.394192,1099.360462,1071.003629,1052.771916,1020.934607,997.009621,979.009109,937.900484,877.656823,819.837605,782.709010,736.398625,678.475535,635.190750,591.247505,537.175549,479.622055,421.359983,363.825244,308.309149,255.754613,204.720201,152.662253,101.878552,53.886116,12.166224,0.000000,0.000000,0.799704,0.000000,0.000000,0.057416,0.000000,0.000000,0.004124,0.000000,0.000000,0.000299,0.000000,0.000000,0.000000,0.000000,0.000000,0.000000,0.000000,0.000000,0.000000,0.000000,0.000000,0.000000,0.000000,0.000000,0.000000,0.000000,0.000000,0.000000,0.000000,0.000000,0.000000,0.000000,0.000000,0.000000,0.000000,0.000000,0.000000,0.000000,0.000000
0.000000,0.000000,0.000000,0.000000,0.000000,0.000000,0.000000,0.000000,0.000000,0.000000,0.000000,0.000000,0.000000,0.000000,0.000000,0.000000,0.000000,0.000000,0.000000,0.000000,0.000000,0.000000,0.000000,0.000000,0.000000,0.000000,0.000000,0.000000,0.000276,0.000000,0.000000,0.003807,0.000000,0.000000,0.053055,0.000000,0.000000,0.738972,0.000000,0.000000,11.659352,52.308134,101.738744,156.817991,211.819000,260.135443,313.537359,373.285246,427.319159,471.053851,513.808715,569.024655,623.420666,675.242981,734.669026,784.698645,828.619073,884.489962,922.661533,948.754434,998.686174,1042.799607,1066.775979,1090.358751,1136.111546,1185.832808,1197.745062,1204.110357,1214.819587,1208.901871,1205.647932,1208.682230,1201.274848,1183.580150,1157.649541,1128.420056,1120.579513,1123.988006,1101.616523,1069.907545,1032.374306,978.055040,943.522281,932.504518,910.406013,866.368196,816.108193,784.561472,750.077846,704.079819,658.158275,601.395694,537.273803,482.229720,429.091698,371.035355,309.242474,250.906133,197.988339,147.074527,97.084388,49.716741,11.004860,0.000000,0.000000,0.694470,0.000000,0.000000,0.049862,0.000000,0.000000,0.003576,0.000000,0.000000,0.000261,0.000000,0.000000,0.000000,0.000000,0.000000,0.000000,0.000000,0.000000,0.000000,0.000000,0.000000,0.000000,0.000000,0.000000,0.000000,0.000000,0.000000,0.000000,0.000000,0.000000,0.000000,0.000000,0.000000,0.000000,0.000000,0.000000,0.000000,0.000000,0.000000
0.000000,0.000000,0.000000,0.000000,0.000000,0.000000,0.000000,0.000000,0.000000,0.000000,0.000000,0.000000,0.000000,0.000000,0.000000,0.000000,0.000000,0.000000,0.000000,0.000000,0.000000,0.000000,0.000000,0.000000,0.000000,0.000000,0.000000,0.000000,0.000246,0.000000,0.000000,0.003409,0.000000,0.000000,0.047524,0.000000,0.000000,0.661935,0.000000,0.000000,10.940142,49.725146,99.891371,156.503188,212.797872,263.174740,319.735571,382.719133,439.228904,488.681604,544.023844,616.464232,671.103933,707.246736,757.077078,802.325208,841.891110,893.114300,929.503151,951.267930,987.392865,1034.449510,1068.741166,1071.073802,1087.473432,1125.088517,1147.668845,1162.167751,1175.184371,1183.264543,1187.565630,1180.607215,1153.437821,1128.166905,1111.562971,1092.920699,1081.805036,1082.162380,1085.442598,1075.904253,1046.300518,1003.057379,961.506680,930.465027,904.558111,859.789881,801.275038,757.644716,715.966574,673.996181,641.901902,594.551132,528.918027,468.246408,416.658841,365.542054,304.519992,247.109944,196.480141,143.375255,91.904365,46.383431,10.314215,0.000000,0.000000,0.625438,0.000000,0.000000,0.044901,0.000000,0.000000,0.003218,0.000000,0.000000,0.000237,0.000000,0.000000,0.000000,0.000000,0.000000,0.000000,0.000000,0.000000,0.000000,0.000000,0.000000,0.000000,0.000000,0.000000,0.000000,0.000000,0.000000,0.000000,0.000000,0.000000,0.000000,0.000000,0.000000,0.000000,0.000000,0.000000,0.000000,0.000000,0.000000
0.000000,0.000000,0.000000,0.000000,0.000000,0.000000,0.000000,0.000000,0.000000,0.000000,0.000000,0.000000,0.000000,0.000000,0.000000,0.000000,0.000000,0.000000,0.000000,0.000000,0.000000,0.000000,0.000000,0.000000,0.000000,0.000000,0.000000,0.000000,0.000213,0.000000,0.000000,0.002939,0.000000,0.000000,0.040954,0.000000,0.000000,0.570457,0.000000,0.000000,9.601505,44.775006,92.789272,145.544698,197.393597,247.702639,305.326897,366.280577,416.328288,461.969857,518.428311,592.265913,642.195656,670.852990,720.684759,773.550663,821.415841,873.192379,906.048949,923.694846,955.319811,994.066353,1026.891679,1048.815121,1074.468474,1103.582824,1123.354656,1146.833411,1170.443766,1174.390436,1166.269364,1155.042176,1145.077646,1145.555718,1141.607482,1109.461246,1090.667093,1091.606660,1076.116094,1044.045496,1007.376377,977.384305,952.174412,930.694971,910.873623,872.497432,814.647697,758.800657,717.645250,683.167335,635.901048,583.912376,530.096631,469.612765,412.451036,358.839047,299.935590,245.051669,194.430752,139.079673,86.772248,43.029083,9.507614,0.000000,0.000000,0.568233,0.000000,0.000000,0.040796,0.000000,0.000000,0.002923,0.000000,0.000000,0.000215,0.000000,0.000000,0.000000,0.000000,0.000000,0.000000,0.000000,0.000000,0.000000,0.000000,0.000000,0.000000,0.000000,0.000000,0.000000,0.000000,0.000000,0.000000,0.000000,0.000000,0.000000,0.000000,0.000000,0.000000,0.000000,0.000000,0.000000,0.000000,0.000000
0.000000,0.000000,0.000000,0.000000,0.000000,0.000000,0.000000,0.000000,0.000000,0.000000,0.000000,0.000000,0.000000,0.000000,0.000000,0.000000,0.000000,0.000000,0.000000,0.000000,0.000000,0.000000,0.000000,0.000000,0.000000,0.000000,0.000000,0.000000,0.000194,0.000000,0.000000,0.002619,0.000000,0.000000,0.036522,0.000000,0.000000,0.508760,0.000000,0.000000,8.603221,41.013620,87.196973,139.304014,192.742641,247.031558,302.816976,359.070834,411.845631,453.617130,501.330571,576.686539,622.709406,644.359943,704.478710,774.095309,830.222237,875.450793,896.374980,902.291115,919.698991,937.459820,955.224537,987.009185,1022.353369,1054.541239,1086.725363,1119.111185,1144.529131,1154.287417,1156.916288,1159.389531,1162.859485,1169.601327,1162.984218,1126.073686,1116.607709,1126.103705,1089.131663,1051.210890,1029.123367,993.777285,961.342372,937.952797,909.661738,870.181994,816.893091,753.739827,703.461944,662.080692,606.362605,557.372648,514.455779,454.984877,397.997998,350.056812,298.749570,248.287470,199.046365,145.481584,91.183397,43.104962,9.086098,0.000000,0.000000,0.537863,0.000000,0.000000,0.038621,0.000000,0.000000,0.002771,0.000000,0.000000,0.000199,0.000000,0.000000,0.000000,0.000000,0.000000,0.000000,0.000000,0.000000,0.000000,0.000000,0.000000,0.000000,0.000000,0.000000,0.000000,0.000000,0.000000,0.000000,0.000000,0.000000,0.000000,0.000000,0.000000,0.000000,0.000000,0.000000,0.000000,0.000000,0.000000
0.000000,0.000000,0.000000,0.000000,0.000000,0.000000,0.000000,0.000000,0.000000,0.000000,0.000000,0.000000,0.000000,0.000000,0.000000,0.000000,0.000000,0.000000,0.000000,0.000000,0.000000,0.000000,0.000000,0.000000,0.000000,0.000000,0.000000,0.000000,0.000127,0.000000,0.000000,0.002150,0.000000,0.000000,0.029955,0.000000,0.000000,0.417251,0.000000,0.000000,7.063858,34.862485,77.394869,127.256186,180.230861,235.864074,290.389386,341.285845,388.649324,433.786549,486.686191,553.361872,593.890902,618.381074,676.636323,734.344174,775.068513,818.728199,870.030939,915.074178,933.551226,945.247890,962.749175,982.476525,1004.288066,1030.543970,1064.544596,1107.580420,1144.544018,1157.686967,1179.356189,1217.859694,1245.282245,1239.256816,1208.378359,1181.592066,1155.299727,1126.904948,1101.166651,1082.167614,1063.846263,1033.245453,992.258763,951.678470,920.707910,884.583839,836.009203,781.387220,728.493045,676.154749,618.465344,566.343947,516.821375,456.438220,401.784218,353.149831,294.418906,238.760787,190.795750,141.125760,88.235434,39.795924,7.995805,0.000000,0.000000,0.468530,0.000000,0.000000,0.033642,0.000000,0.000000,0.002416,0.000000,0.000000,0.000131,0.000000,0.000000,0.000000,0.000000,0.000000,0.000000,0.000000,0.000000,0.000000,0.000000,0.000000,0.000000,0.000000,0.000000,0.000000,0.000000,0.000000,0.000000,0.000000,0.000000,0.000000,0.000000,0.000000,0.000000,0.000000,0.000000,0.000000,0.000000,0.000000
0.000000,0.000000,0.000000,0.000000,0.000000,0.000000,0.000000,0.000000,0.000000,0.000000,0.000000,0.000000,0.000000,0.000000,0.000000,0.000000,0.000000,0.000000,0.000000,0.000000,0.000000,0.000000,0.000000,0.000000,0.000000,0.000000,0.000000,0.000000,0.000081,0.000000,0.000000,0.001964,0.000000,0.000000,0.027369,0.000000,0.000000,0.381249,0.000000,0.000000,6.570193,34.110819,78.878907,129.779216,183.061592,241.846509,295.818940,343.964554,395.337779,448.595413,501.981098,554.330990,598.050753,640.222440,695.794848,746.112904,786.090210,829.879603,880.839927,932.728926,971.375691,987.790462,992.150278,1007.340917,1038.495453,1077.197971,1109.083172,1132.956718,1144.021331,1139.733155,1154.706289,1180.960302,1173.882166,1152.963208,1136.349010,1121.568606,1096.761273,1071.389998,1063.886828,1045.275127,1013.357080,993.859480,970.516764,933.450881,891.320394,854.037549,813.616694,754.962446,706.028806,667.855101,613.984418,559.021027,511.126156,462.902272,412.182556,358.158172,301.083194,243.981346,188.840067,135.543657,82.748819,36.350271,7.125673,0.000000,0.000000,0.415164,0.000000,0.000000,0.029809,0.000000,0.000000,0.002140,0.000000,0.000000,0.000085,0.000000,0.000000,0.000000,0.000000,0.000000,0.000000,0.000000,0.000000,0.000000,0.000000,0.000000,0.000000,0.000000,0.000000,0.000000,0.000000,0.000000,0.000000,0.000000,0.000000,0.000000,0.000000,0.000000,0.000000,0.000000,0.000000,0.000000,0.000000,0.000000
0.000000,0.000000,0.000000,0.000000,0.000000,0.000000,0.000000,0.000000,0.000000,0.000000,0.000000,0.000000,0.000000,0.000000,0.000000,0.000000,0.000000,0.000000,0.000000,0.000000,0.000000,0.000000,0.000000,0.000000,0.000000,0.000000,0.000000,0.000000,0.000039,0.000000,0.000000,0.001874,0.000000,0.000000,0.026137,0.000000,0.000000,0.364109,0.000000,0.000000,6.308165,33.472474,78.815117,130.321601,184.193807,244.024470,297.387229,341.635291,386.470411,435.496207,486.417337,534.385148,580.682272,630.482604,686.417508,734.302481,771.458939,809.080064,852.536405,905.072125,959.874535,973.237332,961.415279,985.240327,1015.121037,1045.341075,1097.836300,1120.384246,1107.382109,1107.904268,1130.681240,1153.401994,1146.917297,1136.090274,1130.663885,1116.738544,1097.249038,1084.804582,1086.612765,1068.120593,1025.117689,986.945694,950.916504,912.768152,874.230666,833.267878,789.086671,743.396729,698.015825,652.886582,605.454364,550.317918,494.850611,451.998873,405.309863,350.333555,298.326782,242.091484,183.077399,131.397302,80.334829,33.803976,6.279591,0.000000,0.000000,0.361249,0.000000,0.000000,0.025939,0.000000,0.000000,0.001866,0.000000,0.000000,0.000039,0.000000,0.000000,0.000000,0.000000,0.000000,0.000000,0.000000,0.000000,0.000000,0.000000,0.000000,0.000000,0.000000,0.000000,0.000000,0.000000,0.000000,0.000000,0.000000,0.000000,0.000000,0.000000,0.000000,0.000000,0.000000,0.000000,0.000000,0.000000,0.000000
0.000000,0.000000,0.000000,0.000000,0.000000,0.000000,0.000000,0.000000,0.000000,0.000000,0.000000,0.000000,0.000000,0.000000,0.000000,0.000000,0.000000,0.000000,0.000000,0.000000,0.000000,0.000000,0.000000,0.000000,0.000000,0.000000,0.000000,0.000000,0.000000,0.000000,0.000000,0.001733,0.000000,0.000000,0.024102,0.000000,0.000000,0.335673,0.000000,0.000000,5.856053,31.934818,77.010743,129.282299,183.921370,242.849651,294.474216,338.567722,386.079709,434.061238,484.461878,542.562031,593.680827,638.433878,691.046387,740.418785,779.749203,815.157784,860.275918,921.760444,989.245800,1020.376353,1023.877944,1047.972036,1064.238965,1079.905295,1129.977962,1146.175689,1122.809381,1122.194275,1130.202657,1127.773096,1116.148364,1119.096358,1124.595687,1095.058189,1060.250175,1044.194284,1043.245688,1034.277142,1004.326644,959.334647,918.749899,886.202230,850.592413,817.052384,783.724635,741.353663,696.049713,652.450335,607.621266,550.069638,490.107694,449.849354,406.867383,350.905323,293.478961,236.088718,180.316978,128.605107,76.963628,31.449835,5.656574,0.000000,0.000000,0.322754,0.000000,0.000000,0.023175,0.000000,0.000000,0.001666,0.000000,0.000000,0.000000,0.000000,0.000000,0.000000,0.000000,0.000000,0.000000,0.000000,0.000000,0.000000,0.000000,0.000000,0.000000,0.000000,0.000000,0.000000,0.000000,0.000000,0.000000,0.000000,0.000000,0.000000,0.000000,0.000000,0.000000,0.000000,0.000000,0.000000,0.000000,0.000000
0.000000,0.000000,0.000000,0.000000,0.000000,0.000000,0.000000,0.000000,0.000000,0.000000,0.000000,0.000000,0.000000,0.000000,0.000000,0.000000,0.000000,0.000000,0.000000,0.000000,0.000000,0.000000,0.000000,0.000000,0.000000,0.000000,0.000000,0.000000,0.000000,0.000000,0.000000,0.001479,0.000000,0.000000,0.020549,0.000000,0.000000,0.286180,0.000000,0.000000,5.081656,29.692203,75.410056,127.301696,179.827883,237.884390,291.501646,341.932152,399.849413,453.684464,505.922787,569.583393,620.945892,659.213679,708.402413,762.014893,811.876808,857.202562,902.127586,952.937518,1009.815234,1045.362278,1062.895466,1090.324219,1103.535890,1106.780847,1128.191221,1129.747132,1106.422174,1092.684787,1084.740170,1069.978469,1047.281487,1058.038285,1082.396065,1058.721560,1053.374913,1070.164074,1041.659228,1007.540671,983.309376,945.794292,916.445906,893.763016,851.955345,806.966724,765.235999,717.505482,672.799881,632.966761,589.064027,537.236961,483.538438,437.224016,387.392030,334.514208,289.445254,237.987785,178.086294,123.091854,71.326108,27.938410,4.784929,0.000000,0.000000,0.270682,0.000000,0.000000,0.019437,0.000000,0.000000,0.001395,0.000000,0.000000,0.000000,0.000000,0.000000,0.000000,0.000000,0.000000,0.000000,0.000000,0.000000,0.000000,0.000000,0.000000,0.000000,0.000000,0.000000,0.000000,0.000000,0.000000,0.000000,0.000000,0.000000,0.000000,0.000000,0.000000,0.000000,0.000000,0.000000,0.000000,0.000000,0.000000
0.000000,0.000000,0.000000,0.000000,0.000000,0.000000,0.000000,0.000000,0.000000,0.000000,0.000000,0.000000,0.000000,0.000000,0.000000,0.000000,0.000000,0.000000,0.000000,0.000000,0.000000,0.000000,0.000000,0.000000,0.000000,0.000000,0.000000,0.000000,0.000000,0.000000,0.000000,0.001211,0.000000,0.000000,0.016834,0.000000,0.000000,0.234448,0.000000,0.000000,4.175037,25.448722,68.822686,116.493185,163.271431,218.418872,274.217628,328.171067,384.434462,436.041368,486.189029,543.490409,586.932076,616.944357,656.694123,704.751000,754.620910,802.069544,847.073752,894.431136,945.660976,975.879226,995.441807,1038.529771,1069.215421,1076.342299,1087.423821,1110.359899,1132.502857,1131.787117,1114.755046,1096.957641,1093.598839,1115.477460,1130.676000,1096.399159,1089.750485,1113.839593,1090.935313,1050.338486,1012.153242,968.145317,937.069862,916.294132,881.790724,839.055108,795.468350,752.044173,708.020430,657.566314,596.126886,541.037748,495.495514,445.993376,390.576125,334.333168,283.007914,228.837927,171.353095,118.608044,67.787785,25.216170,4.133097,0.000000,0.000000,0.232085,0.000000,0.000000,0.016667,0.000000,0.000000,0.001197,0.000000,0.000000,0.000000,0.000000,0.000000,0.000000,0.000000,0.000000,0.000000,0.000000,0.000000,0.000000,0.000000,0.000000,0.000000,0.000000,0.000000,0.000000,0.000000,0.000000,0.000000,0.000000,0.000000,0.000000,0.000000,0.000000,0.000000,0.000000,0.000000,0.000000,0.000000,0.000000
0.000000,0.000000,0.000000,0.000000,0.000000,0.000000,0.000000,0.000000,0.000000,0.000000,0.000000,0.000000,0.000000,0.000000,0.000000,0.000000,0.000000,0.000000,0.000000,0.000000,0.000000,0.000000,0.000000,0.000000,0.000000,0.000000,0.000000,0.000000,0.000000,0.000000,0.000000,0.000985,0.000000,0.000000,0.013671,0.000000,0.000000,0.190393,0.000000,0.000000,3.462503,22.209167,62.605623,107.514143,152.034937,205.756832,262.396711,316.505852,367.159361,413.344174,461.171270,517.210544,562.857867,601.005404,652.769366,701.696946,740.204873,776.866877,810.937733,847.154348,891.469261,924.343783,947.899291,982.205653,1008.333402,1025.522663,1053.797046,1082.756753,1105.959097,1124.042908,1126.684894,1122.691768,1132.909897,1142.818809,1137.028762,1117.499738,1120.448034,1142.433941,1140.970590,1107.836369,1057.461126,1011.380663,966.913441,921.700455,879.907286,847.273963,818.210590,778.988412,731.374213,676.494930,615.160581,564.173112,521.484491,467.965237,408.985668,350.723011,293.351583,234.567207,176.185465,122.597318,69.105061,23.900085,3.498983,0.000000,0.000000,0.191562,0.000000,0.000000,0.013756,0.000000,0.000000,0.000988,0.000000,0.000000,0.000000,0.000000,0.000000,0.000000,0.000000,0.000000,0.000000,0.000000,0.000000,0.000000,0.000000,0.000000,0.000000,0.000000,0.000000,0.000000,0.000000,0.000000,0.000000,0.000000,0.000000,0.000000,0.000000,0.000000,0.000000,0.000000,0.000000,0.000000,0.000000,0.000000
0.000000,0.000000,0.000000,0.000000,0.000000,0.000000,0.000000,0.000000,0.000000,0.000000,0.000000,0.000000,0.000000,0.000000,0.000000,0.000000,0.000000,0.000000,0.000000,0.000000,0.000000,0.000000,0.000000,0.000000,0.000000,0.000000,0.000000,0.000000,0.000000,0.000000,0.000000,0.000747,0.000000,0.000000,0.010388,0.000000,0.000000,0.144677,0.000000,0.000000,2.734319,20.099229,60.734813,107.784592,153.588022,205.127418,263.352867,322.495136,374.288861,423.402514,476.402518,532.247703,567.792896,598.982195,665.201439,723.699564,759.081844,799.623928,850.933642,902.911589,941.844384,978.076080,1011.425056,1032.114288,1059.181887,1085.123187,1084.172084,1092.101806,1113.403609,1119.955387,1134.101958,1158.115898,1167.518137,1166.436650,1153.797197,1128.154655,1139.407176,1171.724397,1151.803595,1091.320837,1031.969532,1006.416816,986.031414,945.921157,886.309105,827.749978,784.245329,753.475937,714.541057,663.940533,616.425014,570.070177,517.008327,452.494289,389.226261,334.413010,284.523274,229.834289,171.713570,119.747777,67.136899,21.880070,2.862053,0.000000,0.000000,0.151474,0.000000,0.000000,0.010876,0.000000,0.000000,0.000783,0.000000,0.000000,0.000000,0.000000,0.000000,0.000000,0.000000,0.000000,0.000000,0.000000,0.000000,0.000000,0.000000,0.000000,0.000000,0.000000,0.000000,0.000000,0.000000,0.000000,0.000000,0.000000,0.000000,0.000000,0.000000,0.000000,0.000000,0.000000,0.000000,0.000000,0.000000,0.000000
0.000000,0.000000,0.000000,0.000000,0.000000,0.000000,0.000000,0.000000,0.000000,0.000000,0.000000,0.000000,0.000000,0.000000,0.000000,0.000000,0.000000,0.000000,0.000000,0.000000,0.000000,0.000000,0.000000,0.000000,0.000000,0.000000,0.000000,0.000000,0.000000,0.000000,0.000000,0.000577,0.000000,0.000000,0.008032,0.000000,0.000000,0.111881,0.000000,0.000000,2.217437,18.965154,61.604017,109.904794,155.791921,208.595179,264.642813,318.726065,368.054832,413.398732,461.072692,513.826495,544.260479,569.393413,635.370246,700.832722,746.708219,794.736160,846.217728,893.721461,929.679368,959.234652,991.326870,1030.267498,1060.068506,1069.816559,1066.125224,1083.014774,1113.112177,1118.565878,1127.137965,1144.558706,1147.653577,1154.568058,1157.251820,1130.190096,1123.417722,1132.355981,1097.596208,1037.866330,992.853075,985.359634,969.522862,925.425705,874.606503,825.225819,785.768682,760.180547,718.703852,659.975317,610.535615,559.950150,501.228660,440.253172,381.254068,324.498895,267.938570,212.767944,161.173316,113.734255,63.509041,19.891933,2.376232,0.000000,0.000000,0.120622,0.000000,0.000000,0.008659,0.000000,0.000000,0.000623,0.000000,0.000000,0.000000,0.000000,0.000000,0.000000,0.000000,0.000000,0.000000,0.000000,0.000000,0.000000,0.000000,0.000000,0.000000,0.000000,0.000000,0.000000,0.000000,0.000000,0.000000,0.000000,0.000000,0.000000,0.000000,0.000000,0.000000,0.000000,0.000000,0.000000,0.000000,0.000000
0.000000,0.000000,0.000000,0.000000,0.000000,0.000000,0.000000,0.000000,0.000000,0.000000,0.000000,0.000000,0.000000,0.000000,0.000000,0.000000,0.000000,0.000000,0.000000,0.000000,0.000000,0.000000,0.000000,0.000000,0.000000,0.000000,0.000000,0.000000,0.000000,0.000000,0.000000,0.000443,0.000000,0.000000,0.006180,0.000000,0.000000,0.086091,0.000000,0.000000,1.795752,16.929741,57.812874,107.431678,157.124416,211.395487,264.489121,314.726588,364.620755,407.457044,449.618863,503.418068,545.527303,581.651533,641.795922,702.238005,750.469257,796.990672,843.586386,880.928564,899.744138,923.358185,958.898123,992.030165,1017.701965,1033.491731,1039.727237,1047.326972,1059.475272,1070.320742,1079.780318,1089.543087,1100.984976,1112.145589,1112.392858,1093.578801,1085.839356,1083.822539,1050.596529,1004.531655,973.833886,968.223642,943.253403,890.741193,844.926677,811.049868,787.337062,765.842621,713.542442,643.704047,602.468957,562.954335,507.259078,444.909266,381.487022,321.312386,266.822102,213.136336,160.300490,112.298168,61.824399,18.256904,1.913998,0.000000,0.000000,0.091152,0.000000,0.000000,0.006541,0.000000,0.000000,0.000471,0.000000,0.000000,0.000000,0.000000,0.000000,0.000000,0.000000,0.000000,0.000000,0.000000,0.000000,0.000000,0.000000,0.000000,0.000000,0.000000,0.000000,0.000000,0.000000,0.000000,0.000000,0.000000,0.000000,0.000000,0.000000,0.000000,0.000000,0.000000,0.000000,0.000000,0.000000,0.000000
0.000000,0.000000,0.000000,0.000000,0.000000,0.000000,0.000000,0.000000,0.000000,0.000000,0.000000,0.000000,0.000000,0.000000,0.000000,0.000000,0.000000,0.000000,0.000000,0.000000,0.000000,0.000000,0.000000,0.000000,0.000000,0.000000,0.000000,0.000000,0.000000,0.000000,0.000000,0.000273,0.000000,0.000000,0.003938,0.000000,0.000000,0.054867,0.000000,0.000000,1.321183,15.797104,58.662907,110.567184,160.897822,214.552253,269.159634,327.259205,393.196184,450.797755,498.668086,550.114014,595.272481,639.653980,699.027035,746.455746,778.528993,819.346043,866.278187,910.545020,944.890858,964.963494,985.953175,1029.614547,1069.752333,1075.825244,1045.839802,1051.075646,1089.061791,1090.348591,1081.849668,1084.440751,1090.950944,1105.265186,1109.851736,1079.856541,1057.171714,1041.959131,996.044434,960.672203,947.911355,926.170308,894.308004,857.217441,818.988079,788.309398,759.636022,717.143423,664.979526,611.629608,561.958813,509.117763,451.489229,395.646536,344.858003,295.822118,242.542340,190.849995,144.103157,99.901916,53.868525,15.528240,1.522810,0.000000,0.000000,0.068885,0.000000,0.000000,0.004944,0.000000,0.000000,0.000354,0.000000,0.000000,0.000000,0.000000,0.000000,0.000000,0.000000,0.000000,0.000000,0.000000,0.000000,0.000000,0.000000,0.000000,0.000000,0.000000,0.000000,0.000000,0.000000,0.000000,0.000000,0.000000,0.000000,0.000000,0.000000,0.000000,0.000000,0.000000,0.000000,0.000000,0.000000,0.000000
0.000000,0.000000,0.000000,0.000000,0.000000,0.000000,0.000000,0.000000,0.000000,0.000000,0.000000,0.000000,0.000000,0.000000,0.000000,0.000000,0.000000,0.000000,0.000000,0.000000,0.000000,0.000000,0.000000,0.000000,0.000000,0.000000,0.000000,0.000000,0.000000,0.000000,0.000000,0.000138,0.000000,0.000072,0.002054,0.000000,0.000987,0.028634,0.000000,0.013771,0.862417,13.633541,54.524341,103.324845,149.652053,199.611110,248.796383,300.724900,364.665399,429.186852,482.001129,521.206139,564.743425,620.974321,679.705727,718.560319,744.620975,786.494122,832.029533,867.507361,890.199367,905.946862,930.798972,978.450928,1022.776150,1040.699600,1035.208735,1052.246557,1085.588954,1083.561522,1064.569293,1056.832225,1071.730550,1090.482871,1100.786316,1104.284338,1099.945851,1082.079720,1046.064566,1002.945224,969.597318,952.660222,916.714773,868.821638,849.880407,826.033361,780.118418,729.622419,677.821267,623.104030,564.918814,507.197634,451.844630,399.408093,353.918085,309.438499,254.252350,198.057198,147.460127,100.365012,52.699124,14.148894,1.115607,0.000000,0.000000,0.043531,0.000000,0.000000,0.003124,0.000000,0.000000,0.000216,0.000000,0.000000,0.000000,0.000000,0.000000,0.000000,0.000000,0.000000,0.000000,0.000000,0.000000,0.000000,0.000000,0.000000,0.000000,0.000000,0.000000,0.000000,0.000000,0.000000,0.000000,0.000000,0.000000,0.000000,0.000000,0.000000,0.000000,0.000000,0.000000,0.000000,0.000000,0.000000
0.000000,0.000000,0.000000,0.000000,0.000000,0.000000,0.000000,0.000000,0.000000,0.000000,0.000000,0.000000,0.000000,0.000000,0.000000,0.000000,0.000000,0.000000,0.000000,0.000000,0.000000,0.000000,0.000000,0.000000,0.000000,0.000000,0.000000,0.000000,0.000000,0.000000,0.000000,0.000060,0.000000,0.000168,0.000974,0.000000,0.002343,0.013586,0.000000,0.032674,0.564152,11.952226,49.613976,97.388384,143.651562,189.513575,237.735082,292.296503,355.074899,416.024573,467.241794,508.764598,552.106979,603.289879,656.888712,697.893336,729.040014,767.443713,808.054913,842.438653,867.571965,891.586267,918.551459,945.974404,971.296081,990.979118,1003.183668,1014.675769,1021.709872,1011.966080,990.097961,981.294117,1006.695174,1013.237812,992.028896,985.428880,990.633695,990.762091,972.705538,941.660421,914.456343,903.969731,879.348287,837.522275,805.833965,779.710348,747.315260,701.553463,645.752781,589.380795,542.209944,500.741199,457.114863,405.858773,355.859065,310.792708,264.821938,210.155769,151.673930,101.985893,53.065911,12.768538,0.694213,0.059268,0.000000,0.024034,0.004255,0.000000,0.001725,0.000307,0.000000,0.000117,0.000000,0.000000,0.000000,0.000000,0.000000,0.000000,0.000000,0.000000,0.000000,0.000000,0.000000,0.000000,0.000000,0.000000,0.000000,0.000000,0.000000,0.000000,0.000000,0.000000,0.000000,0.000000,0.000000,0.000000,0.000000,0.000000,0.000000,0.000000,0.000000,0.000000,0.000000,0.000000
0.000000,0.000000,0.000000,0.000000,0.000000,0.000000,0.000000,0.000000,0.000000,0.000000,0.000000,0.000000,0.000000,0.000000,0.000000,0.000000,0.000000,0.000000,0.000000,0.000000,0.000000,0.000000,0.000000,0.000000,0.000000,0.000000,0.000000,0.000000,0.000000,0.000000,0.000000,0.000000,0.000000,0.000604,0.000120,0.000000,0.008419,0.001693,0.000000,0.117300,0.272021,10.658915,48.403285,96.542917,142.514192,187.382563,235.729260,289.873131,347.917229,403.315486,452.163768,495.901155,541.839473,591.555003,639.503910,681.003790,718.259077,756.903883,789.337288,815.248870,844.393566,884.122013,926.222244,951.665708,960.553347,963.303716,970.994622,976.745667,979.785002,984.383647,975.376605,961.322585,967.590944,972.241249,957.698400,930.372818,926.949415,943.927824,941.136941,922.994128,902.777599,884.939272,851.059114,810.139317,789.674990,760.238046,706.971758,645.819510,598.327259,563.342770,520.702588,470.584126,422.112320,382.659199,340.846695,293.000075,245.837450,195.297637,143.033549,96.019702,48.679907,10.610391,0.397035,0.156711,0.000000,0.012332,0.011251,0.000000,0.000885,0.000810,0.000000,0.000057,0.000000,0.000000,0.000000,0.000000,0.000000,0.000000,0.000000,0.000000,0.000000,0.000000,0.000000,0.000000,0.000000,0.000000,0.000000,0.000000,0.000000,0.000000,0.000000,0.000000,0.000000,0.000000,0.000000,0.000000,0.000000,0.000000,0.000000,0.000000,0.000000,0.000000,0.000000,0.000000
0.000000,0.000000,0.000000,0.000000,0.000000,0.000000,0.000000,0.000000,0.000000,0.000000,0.000000,0.000000,0.000000,0.000000,0.000000,0.000000,0.000000,0.000000,0.000000,0.000000,0.000000,0.000000,0.000000,0.000000,0.000000,0.000000,0.000000,0.000000,0.000000,0.000000,0.000000,0.000000,0.000000,0.001107,0.000000,0.000000,0.015400,0.000000,0.000000,0.214528,0.128538,8.944922,44.186388,91.945451,141.337573,191.714373,240.611536,287.793631,336.466492,391.340890,443.271457,479.007753,523.903512,577.528886,615.345117,658.420782,709.955182,749.676598,783.282447,807.858488,816.261804,844.680978,892.957259,926.067068,961.933735,1007.813064,1046.118300,1060.568738,1052.133263,1036.603753,1022.867206,1011.885268,1000.974121,995.566389,988.965050,969.682608,959.090094,955.946749,934.794637,898.150190,868.027588,862.396275,837.269638,798.935192,793.873939,767.163719,706.611974,656.122252,610.042350,563.974022,523.343886,480.285079,433.616896,389.509299,344.272897,296.566697,248.722828,196.350387,142.009164,93.524880,45.997433,9.225156,0.129685,0.279536,0.000000,0.001236,0.020067,0.000000,0.000089,0.001442,0.000000,0.000000,0.000000,0.000000,0.000000,0.000000,0.000000,0.000000,0.000000,0.000000,0.000000,0.000000,0.000000,0.000000,0.000000,0.000000,0.000000,0.000000,0.000000,0.000000,0.000000,0.000000,0.000000,0.000000,0.000000,0.000000,0.000000,0.000000,0.000000,0.000000,0.000000,0.000000,0.000000,0.000000
0.000000,0.000000,0.000000,0.000000,0.000000,0.000000,0.000000,0.000000,0.000000,0.000000,0.000000,0.000000,0.000000,0.000000,0.000000,0.000000,0.000000,0.000000,0.000000,0.000000,0.000000,0.000000,0.000000,0.000000,0.000000,0.000000,0.000000,0.000000,0.000000,0.000000,0.000053,0.000000,0.000000,0.001744,0.000000,0.000000,0.024299,0.000000,0.000000,0.338464,0.056178,7.765547,41.652965,88.719081,137.725677,186.840544,232.982429,276.998445,324.815285,384.477931,444.114646,483.369989,529.837511,581.335849,607.888318,635.248004,677.443771,723.490129,763.686378,784.250453,779.262551,789.788847,829.211402,875.301416,916.167613,954.494545,997.434889,1023.668626,1023.253997,1010.109260,1013.861301,1031.959904,1032.169636,1013.299705,986.242968,962.698155,942.262046,917.613861,884.481238,868.068021,866.100007,847.535782,814.704204,781.637097,759.808438,736.018224,699.776527,651.187652,596.997474,543.920682,496.008230,453.664128,415.247569,377.013565,331.994948,280.096574,228.041242,178.547102,132.494926,88.930441,43.302386,7.610156,0.000000,0.456828,0.000000,0.000000,0.032794,0.000000,0.000000,0.002358,0.000000,0.000000,0.000067,0.000000,0.000000,0.000000,0.000000,0.000000,0.000000,0.000000,0.000000,0.000000,0.000000,0.000000,0.000000,0.000000,0.000000,0.000000,0.000000,0.000000,0.000000,0.000000,0.000000,0.000000,0.000000,0.000000,0.000000,0.000000,0.000000,0.000000,0.000000,0.000000,0.000000,0.000000
0.000000,0.000000,0.000000,0.000000,0.000000,0.000000,0.000000,0.000000,0.000000,0.000000,0.000000,0.000000,0.000000,0.000000,0.000000,0.000000,0.000000,0.000000,0.000000,0.000000,0.000000,0.000000,0.000000,0.000000,0.000000,0.000000,0.000000,0.000000,0.000000,0.000000,0.000115,0.000000,0.000000,0.002540,0.000000,0.000000,0.035372,0.000000,0.000000,0.492689,0.000000,6.543672,40.392022,85.769519,131.730252,180.032371,227.415837,273.067320,320.714708,376.120887,435.236328,487.849911,540.116684,587.572667,616.843362,637.271784,666.562843,716.867821,767.868122,802.454148,820.402945,840.531001,873.928897,917.673475,961.264174,996.889935,1018.633560,1011.347029,988.129783,983.156892,994.966423,1004.337276,993.706164,988.629040,990.161567,971.370371,937.275638,908.763674,902.970352,901.201220,886.951148,856.500867,816.631284,785.866696,777.067167,741.126293,677.996669,634.300904,591.318090,541.470685,499.753303,457.649580,412.859248,371.672039,324.513532,269.584986,216.228547,169.669130,127.980195,84.664230,39.658458,6.268750,0.000000,0.552014,0.000000,0.000000,0.039627,0.000000,0.000000,0.002846,0.000000,0.000000,0.000125,0.000000,0.000000,0.000000,0.000000,0.000000,0.000000,0.000000,0.000000,0.000000,0.000000,0.000000,0.000000,0.000000,0.000000,0.000000,0.000000,0.000000,0.000000,0.000000,0.000000,0.000000,0.000000,0.000000,0.000000,0.000000,0.000000,0.000000,0.000000,0.000000,0.000000,0.000000
0.000000,0.000000,0.000000,0.000000,0.000000,0.000000,0.000000,0.000000,0.000000,0.000000,0.000000,0.000000,0.000000,0.000000,0.000000,0.000000,0.000000,0.000000,0.000000,0.000000,0.000000,0.000000,0.000000,0.000000,0.000000,0.000000,0.000000,0.000000,0.000000,0.000000,0.000187,0.000000,0.000000,0.003115,0.000000,0.000000,0.043384,0.000000,0.000000,0.604311,0.000000,5.351016,37.544072,81.835846,127.726835,177.127045,226.654738,274.208225,320.576760,366.801451,417.625329,476.265167,525.032633,563.283332,606.070290,640.850934,673.634348,725.664275,776.543772,814.972612,847.819189,874.259242,902.102826,944.836270,995.703155,1039.184170,1058.268616,1047.793033,1024.947266,1017.567236,1022.135956,1030.518650,1036.480952,1028.358024,1014.157151,1011.151164,993.375546,964.333301,954.515590,944.095522,918.117312,881.508467,843.662265,811.808701,785.405312,744.712906,693.768803,654.779008,610.625124,559.360755,517.361949,471.874270,418.322956,366.382309,318.460762,271.326901,220.817193,172.452744,127.799480,82.905530,37.943347,5.277969,0.000000,0.657072,0.000000,0.000000,0.047169,0.000000,0.000000,0.003388,0.000000,0.000000,0.000201,0.000000,0.000000,0.000000,0.000000,0.000000,0.000000,0.000000,0.000000,0.000000,0.000000,0.000000,0.000000,0.000000,0.000000,0.000000,0.000000,0.000000,0.000000,0.000000,0.000000,0.000000,0.000000,0.000000,0.000000,0.000000,0.000000,0.000000,0.000000,0.000000,0.000000,0.000000
0.000000,0.000000,0.000000,0.000000,0.000000,0.000000,0.000000,0.000000,0.000000,0.000000,0.000000,0.000000,0.000000,0.000000,0.000000,0.000000,0.000000,0.000000,0.000000,0.000000,0.000000,0.000000,0.000000,0.000000,0.000000,0.000000,0.000000,0.000000,0.000000,0.000000,0.000264,0.000000,0.000000,0.003685,0.000000,0.000000,0.051381,0.000000,0.000000,0.715731,0.000000,4.321719,35.016878,78.395868,122.385741,166.539521,212.001957,259.086600,307.075089,355.822619,407.454248,462.773311,509.489502,552.915502,607.466165,640.947681,666.513235,730.755119,783.852082,811.013669,844.103806,860.360105,872.451127,920.914781,962.322335,984.029156,1011.689057,1019.547692,1009.705409,1015.832500,1032.706862,1049.163538,1057.283180,1043.593081,1022.332844,1022.309592,1018.125584,997.698669,973.049967,939.625474,900.887853,866.617260,825.359934,780.478513,748.975802,720.819554,684.689571,638.629534,593.162052,552.048431,509.647518,463.393877,415.298525,369.428968,323.422013,275.416075,226.166176,178.193414,132.103248,86.206275,39.216529,4.443906,0.000000,0.796797,0.000000,0.000000,0.057203,0.000000,0.000000,0.004106,0.000000,0.000000,0.000297,0.000000,0.000000,0.000000,0.000000,0.000000,0.000000,0.000000,0.000000,0.000000,0.000000,0.000000,0.000000,0.000000,0.000000,0.000000,0.000000,0.000000,0.000000,0.000000,0.000000,0.000000,0.000000,0.000000,0.000000,0.000000,0.000000,0.000000,0.000000,0.000000,0.000000,0.000000
0.000000,0.000000,0.000000,0.000000,0.000000,0.000000,0.000000,0.000000,0.000000,0.000000,0.000000,0.000000,0.000000,0.000000,0.000000,0.000000,0.000000,0.000000,0.000000,0.000000,0.000000,0.000000,0.000000,0.000000,0.000000,0.000000,0.000000,0.000000,0.000000,0.000000,0.000307,0.000000,0.000000,0.004312,0.000000,0.000000,0.060140,0.000000,0.000000,0.837698,0.000000,3.451797,34.771922,77.712652,120.221520,164.439123,212.835836,263.594836,311.523667,355.928078,405.508034,467.547842,512.769659,546.953525,602.485947,643.254158,668.457618,714.728807,754.791693,785.386616,830.436536,858.856752,869.445195,894.205576,921.451590,943.099196,961.308918,961.357812,955.565411,972.641237,982.450764,983.014290,1001.487783,1009.681292,1001.535946,998.956462,988.005632,970.142825,959.389797,923.515090,873.685639,852.636149,820.878057,771.928871,741.287178,716.842389,683.129238,637.470221,592.963501,549.487163,496.339448,448.605506,408.210456,361.988281,313.980505,267.143384,219.762098,173.458507,128.304381,82.481136,36.462249,3.588594,0.000000,0.857680,0.000000,0.000000,0.061578,0.000000,0.000000,0.004418,0.000000,0.000000,0.000316,0.000000,0.000000,0.000000,0.000000,0.000000,0.000000,0.000000,0.000000,0.000000,0.000000,0.000000,0.000000,0.000000,0.000000,0.000000,0.000000,0.000000,0.000000,0.000000,0.000000,0.000000,0.000000,0.000000,0.000000,0.000000,0.000000,0.000000,0.000000,0.000000,0.000000,0.000000
0.000000,0.000000,0.000000,0.000000,0.000000,0.000000,0.000000,0.000000,0.000000,0.000000,0.000000,0.000000,0.000000,0.000000,0.000000,0.000000,0.000000,0.000000,0.000000,0.000000,0.000000,0.000000,0.000000,0.000000,0.000000,0.000000,0.000000,0.000000,0.000000,0.000000,0.000359,0.000000,0.000000,0.005041,0.000000,0.000000,0.070265,0.000000,0.000000,0.978703,0.000000,2.670859,36.365837,81.077876,124.924182,173.081935,223.966013,274.004688,321.655530,373.871124,431.512180,486.658771,531.238570,572.687723,624.263107,662.262038,687.802148,724.917364,752.517571,769.215905,798.943194,839.319983,868.723910,868.881676,882.637634,919.294439,948.424728,963.095690,973.090037,991.203938,1003.393085,1013.755038,1036.363500,1029.963581,999.100798,990.467826,978.991629,960.332341,957.077501,943.675349,910.357276,871.763124,828.697221,784.045468,746.679841,722.061757,694.546718,640.428089,585.683222,538.160975,482.407102,429.568210,383.353408,336.551288,292.249447,250.875358,208.207511,162.724318,117.345145,76.131089,34.322312,2.785078,0.000000,0.956542,0.000000,0.000000,0.068684,0.000000,0.000000,0.004927,0.000000,0.000000,0.000346,0.000000,0.000000,0.000000,0.000000,0.000000,0.000000,0.000000,0.000000,0.000000,0.000000,0.000000,0.000000,0.000000,0.000000,0.000000,0.000000,0.000000,0.000000,0.000000,0.000000,0.000000,0.000000,0.000000,0.000000,0.000000,0.000000,0.000000,0.000000,0.000000,0.000000,0.000000
0.000000,0.000000,0.000000,0.000000,0.000000,0.000000,0.000000,0.000000,0.000000,0.000000,0.000000,0.000000,0.000000,0.000000,0.000000,0.000000,0.000000,0.000000,0.000000,0.000000,0.000000,0.000000,0.000000,0.000000,0.000000,0.000000,0.000000,0.000000,0.000000,0.000000,0.000402,0.000000,0.000000,0.005616,0.000000,0.000000,0.078291,0.000000,0.000000,1.090468,0.000000,2.058594,36.137279,80.838472,125.321639,176.727029,228.458708,278.842781,333.725759,393.869780,452.993804,504.223546,561.049820,619.918612,660.567086,686.973975,711.255766,743.260877,772.401088,800.239348,839.342690,875.319663,895.321724,900.235506,910.842916,932.329038,951.539504,959.148981,968.402056,999.996319,1020.462026,1021.435453,1023.930481,1011.032359,983.109316,959.701863,930.411443,900.080993,885.384234,859.521368,821.659593,797.633988,773.568306,743.839184,717.817279,689.502591,653.381661,609.841713,565.793347,521.327379,472.233597,428.233340,389.094658,344.499540,298.475600,255.237971,213.602030,165.480532,115.146042,74.622362,34.099327,2.090469,0.000000,1.065987,0.000000,0.000000,0.076536,0.000000,0.000000,0.005493,0.000000,0.000000,0.000384,0.000000,0.000000,0.000000,0.000000,0.000000,0.000000,0.000000,0.000000,0.000000,0.000000,0.000000,0.000000,0.000000,0.000000,0.000000,0.000000,0.000000,0.000000,0.000000,0.000000,0.000000,0.000000,0.000000,0.000000,0.000000,0.000000,0.000000,0.000000,0.000000,0.000000,0.000000
0.000000,0.000000,0.000000,0.000000,0.000000,0.000000,0.000000,0.000000,0.000000,0.000000,0.000000,0.000000,0.000000,0.000000,0.000000,0.000000,0.000000,0.000000,0.000000,0.000000,0.000000,0.000000,0.000000,0.000000,0.000000,0.000000,0.000000,0.000000,0.000000,0.000000,0.000406,0.000000,0.000000,0.005612,0.000000,0.000000,0.078243,0.000000,0.000000,1.089823,0.000000,1.523359,33.792106,78.353832,123.686032,173.195740,222.328258,269.232468,317.017993,368.639171,424.122300,481.463368,540.888174,592.025170,622.079568,653.627260,695.743523,737.231621,772.422559,807.178968,854.065849,911.479050,956.530258,961.470030,954.859506,957.956767,967.313519,969.318434,976.151465,1009.596638,1019.189081,1005.150962,1015.512278,1015.453830,993.607277,975.266777,953.879275,922.286691,883.485565,847.280867,817.582590,793.006454,778.077870,758.993366,714.607682,676.010537,646.544865,600.049261,551.567511,509.870231,469.153272,431.822367,395.340743,352.311450,304.620145,256.306188,209.721417,162.213815,115.621254,74.485187,32.846998,1.437031,0.000000,1.085369,0.000000,0.000000,0.077929,0.000000,0.000000,0.005592,0.000000,0.000000,0.000394,0.000000,0.000000,0.000000,0.000000,0.000000,0.000000,0.000000,0.000000,0.000000,0.000000,0.000000,0.000000,0.000000,0.000000,0.000000,0.000000,0.000000,0.000000,0.000000,0.000000,0.000000,0.000000,0.000000,0.000000,0.000000,0.000000,0.000000,0.000000,0.000000,0.000000,0.000000
0.000000,0.000000,0.000000,0.000000,0.000000,0.000000,0.000000,0.000000,0.000000,0.000000,0.000000,0.000000,0.000000,0.000000,0.000000,0.000000,0.000000,0.000000,0.000000,0.000000,0.000000,0.000000,0.000000,0.000000,0.000000,0.000000,0.000000,0.000000,0.000000,0.000000,0.000447,0.000000,0.000000,0.006153,0.000000,0.000000,0.085771,0.000000,0.000000,1.194615,0.000000,0.996094,34.415258,79.971102,125.651991,176.182739,227.842284,279.097743,332.272100,386.982194,441.206086,494.091128,552.001148,603.730140,631.240546,665.226211,717.951244,769.078298,794.019288,811.875209,864.665246,914.866401,937.837022,944.626748,960.483694,984.879076,995.581166,1000.201594,1011.474086,1032.613731,1040.418675,1027.092956,1005.888689,984.103124,962.619416,940.974740,924.237438,903.902487,866.217834,834.314451,814.379460,792.376513,774.440329,754.714028,717.926687,681.951703,645.017065,588.961468,538.162955,500.811426,462.228762,422.818411,381.480726,333.432646,280.466654,232.017167,196.751967,158.706352,113.556587,72.013967,30.990037,0.936328,0.000000,1.069310,0.000000,0.000000,0.076775,0.000000,0.000000,0.005508,0.000000,0.000000,0.000393,0.000000,0.000000,0.000000,0.000000,0.000000,0.000000,0.000000,0.000000,0.000000,0.000000,0.000000,0.000000,0.000000,0.000000,0.000000,0.000000,0.000000,0.000000,0.000000,0.000000,0.000000,0.000000,0.000000,0.000000,0.000000,0.000000,0.000000,0.000000,0.000000,0.000000,0.000000
0.000000,0.000000,0.000000,0.000000,0.000000,0.000000,0.000000,0.000000,0.000000,0.000000,0.000000,0.000000,0.000000,0.000000,0.000000,0.000000,0.000000,0.000000,0.000000,0.000000,0.000000,0.000000,0.000000,0.000000,0.000000,0.000000,0.000000,0.000000,0.000000,0.000000,0.000448,0.000000,0.000000,0.006152,0.000000,0.000000,0.085704,0.000000,0.000000,1.193665,0.000000,0.528594,32.913283,77.990931,123.849411,174.449606,228.296119,282.847820,336.256826,387.656273,438.639932,491.493114,542.694377,586.959783,622.670188,664.174767,711.804379,749.590774,770.016308,795.912290,854.608453,883.871884,884.960904,919.827117,959.081783,973.765546,967.458488,965.651407,980.333471,1000.066350,994.244004,967.396165,956.283494,967.282877,979.052058,964.773281,956.189459,947.684596,901.164514,861.137357,848.163963,840.514721,823.487377,796.437472,766.799994,726.416738,672.961004,615.909950,573.313015,541.347556,499.029265,454.358603,409.202913,355.718287,302.280223,254.233765,209.652823,166.578054,122.876766,77.348559,31.869810,0.527266,0.000000,1.133621,0.000000,0.000000,0.081386,0.000000,0.000000,0.005843,0.000000,0.000000,0.000422,0.000000,0.000000,0.000000,0.000000,0.000000,0.000000,0.000000,0.000000,0.000000,0.000000,0.000000,0.000000,0.000000,0.000000,0.000000,0.000000,0.000000,0.000000,0.000000,0.000000,0.000000,0.000000,0.000000,0.000000,0.000000,0.000000,0.000000,0.000000,0.000000,0.000000,0.000000
0.000000,0.000000,0.000000,0.000000,0.000000,0.000000,0.000000,0.000000,0.000000,0.000000,0.000000,0.000000,0.000000,0.000000,0.000000,0.000000,0.000000,0.000000,0.000000,0.000000,0.000000,0.000000,0.000000,0.000000,0.000000,0.000000,0.000000,0.000000,0.000000,0.000000,0.000414,0.000000,0.000000,0.005685,0.000000,0.000000,0.079139,0.000000,0.000000,1.102278,0.000000,0.227109,30.412847,73.988139,118.421502,163.561456,210.493329,258.426407,305.658696,354.930676,409.161492,467.241835,516.032512,556.259058,601.092805,647.636625,688.815996,719.531672,740.461872,766.471079,812.866395,846.333012,864.775109,898.561229,935.719238,953.754850,944.183125,942.588816,953.263741,948.263043,936.685498,922.238591,902.746605,906.509584,928.813999,933.511375,927.688388,919.335166,906.835384,894.598245,875.624535,842.504914,826.207147,821.759089,791.549968,750.248706,704.538806,646.687630,598.400947,562.588163,519.936544,469.079488,414.737402,362.222816,315.362468,270.221768,219.307603,171.104861,126.826488,79.257788,31.983532,0.237734,0.000000,1.152607,0.000000,0.000000,0.082752,0.000000,0.000000,0.005937,0.000000,0.000000,0.000433,0.000000,0.000000,0.000000,0.000000,0.000000,0.000000,0.000000,0.000000,0.000000,0.000000,0.000000,0.000000,0.000000,0.000000,0.000000,0.000000,0.000000,0.000000,0.000000,0.000000,0.000000,0.000000,0.000000,0.000000,0.000000,0.000000,0.000000,0.000000,0.000000,0.000000,0.000000
0.000000,0.000000,0.000000,0.000000,0.000000,0.000000,0.000000,0.000000,0.000000,0.000000,0.000000,0.000000,0.000000,0.000000,0.000000,0.000000,0.000000,0.000000,0.000000,0.000000,0.000000,0.000000,0.000000,0.000000,0.000000,0.000000,0.000000,0.000000,0.000000,0.000000,0.000433,0.000000,0.000000,0.006012,0.000000,0.000000,0.083728,0.000000,0.000000,1.166167,0.000000,0.071719,31.740669,74.473353,116.564302,161.571131,206.204313,253.411276,309.537595,362.222506,411.722652,468.879095,516.751177,555.752528,602.815112,643.827036,671.080640,690.888304,706.121255,728.662409,770.373727,803.398635,824.329763,856.167603,888.459863,908.418689,915.530361,931.951868,947.372211,932.156972,928.016028,935.271468,913.294345,890.540012,886.920891,890.099431,862.381852,826.108997,840.219895,853.629057,829.541868,786.749682,764.221039,758.562443,732.703632,700.619895,669.694044,631.742635,595.955809,563.640543,524.873816,472.568554,413.723899,363.022047,315.781174,267.373192,218.269963,169.901361,122.706829,76.186536,31.085588,0.065078,0.000000,1.122522,0.000000,0.000000,0.080591,0.000000,0.000000,0.005786,0.000000,0.000000,0.000419,0.000000,0.000000,0.000000,0.000000,0.000000,0.000000,0.000000,0.000000,0.000000,0.000000,0.000000,0.000000,0.000000,0.000000,0.000000,0.000000,0.000000,0.000000,0.000000,0.000000,0.000000,0.000000,0.000000,0.000000,0.000000,0.000000,0.000000,0.000000,0.000000,0.000000,0.000000
0.000000,0.000000,0.000000,0.000000,0.000000,0.000000,0.000000,0.000000,0.000000,0.000000,0.000000,0.000000,0.000000,0.000000,0.000000,0.000000,0.000000,0.000000,0.000000,0.000000,0.000000,0.000000,0.000000,0.000000,0.000000,0.000000,0.000000,0.000000,0.000000,0.000000,0.000393,0.000000,0.000000,0.005468,0.000000,0.000000,0.076183,0.000000,0.000000,1.061090,0.000000,0.000000,29.466950,71.475925,115.131874,161.229367,207.295704,254.622376,307.079719,360.097930,413.015131,468.129666,515.240090,557.086786,605.271102,643.497870,668.458490,694.904818,729.076674,762.745291,780.983237,793.362867,814.956243,852.568512,874.108518,882.162571,910.197204,939.228697,951.511716,949.650667,949.855312,953.756994,949.050920,938.787448,935.112524,942.211392,916.153605,873.670367,874.943752,874.267731,844.546858,805.871647,775.857091,753.205837,723.189918,688.110459,653.262329,621.870673,593.008597,562.119207,523.276974,471.116745,413.134220,363.879682,316.365435,264.593941,210.413088,159.665469,114.376211,71.993314,30.063903,0.000000,0.000000,1.088849,0.000000,0.000000,0.078174,0.000000,0.000000,0.005619,0.000000,0.000000,0.000403,0.000000,0.000000,0.000000,0.000000,0.000000,0.000000,0.000000,0.000000,0.000000,0.000000,0.000000,0.000000,0.000000,0.000000,0.000000,0.000000,0.000000,0.000000,0.000000,0.000000,0.000000,0.000000,0.000000,0.000000,0.000000,0.000000,0.000000,0.000000,0.000000,0.000000,0.000000
0.000000,0.000000,0.000000,0.000000,0.000000,0.000000,0.000000,0.000000,0.000000,0.000000,0.000000,0.000000,0.000000,0.000000,0.000000,0.000000,0.000000,0.000000,0.000000,0.000000,0.000000,0.000000,0.000000,0.000000,0.000000,0.000000,0.000000,0.000000,0.000000,0.000000,0.000360,0.000000,0.000000,0.005000,0.000000,0.000000,0.069611,0.000000,0.000000,0.969600,0.000000,0.000000,27.534102,68.633069,112.894586,158.858021,205.752478,253.306241,302.007708,353.701639,408.282826,463.062649,514.642831,559.854420,595.771064,619.946944,638.170931,663.172772,702.655923,744.704560,768.820585,796.221099,829.072735,847.661417,856.967349,863.084795,869.661894,888.768881,915.956390,930.822242,921.919753,908.140755,919.669034,923.306350,914.290395,918.970322,907.673136,883.855432,882.354223,873.206623,840.654973,802.346060,785.667649,775.656237,731.427857,685.721271,654.382173,621.240928,581.622557,536.588284,489.053924,439.503767,391.938886,350.758533,306.264552,256.049833,206.796804,157.626760,110.209776,68.534175,28.743674,0.000000,0.000000,1.033155,0.000000,0.000000,0.074179,0.000000,0.000000,0.005328,0.000000,0.000000,0.000378,0.000000,0.000000,0.000000,0.000000,0.000000,0.000000,0.000000,0.000000,0.000000,0.000000,0.000000,0.000000,0.000000,0.000000,0.000000,0.000000,0.000000,0.000000,0.000000,0.000000,0.000000,0.000000,0.000000,0.000000,0.000000,0.000000,0.000000,0.000000,0.000000,0.000000,0.000000
0.000000,0.000000,0.000000,0.000000,0.000000,0.000000,0.000000,0.000000,0.000000,0.000000,0.000000,0.000000,0.000000,0.000000,0.000000,0.000000,0.000000,0.000000,0.000000,0.000000,0.000000,0.000000,0.000000,0.000000,0.000000,0.000000,0.000000,0.000000,0.000000,0.000000,0.000378,0.000000,0.000000,0.005307,0.000000,0.000000,0.073853,0.000000,0.000000,1.028644,0.000000,0.000000,29.114841,71.602532,115.849317,160.764840,207.210748,256.548652,308.831871,358.793123,407.386446,459.095394,503.207739,537.179397,567.731135,591.341362,611.212360,638.686486,679.008680,722.210257,755.028767,805.723651,860.245803,869.095428,863.487724,868.189322,882.143620,903.405755,922.642472,926.310742,915.373121,912.783998,940.796416,947.776930,924.868363,914.860918,910.573012,897.353015,871.871773,855.960220,846.398269,820.390192,794.643508,774.048028,744.908021,710.146704,675.041520,641.077181,599.583194,548.440557,494.327035,443.864791,399.342277,357.589894,311.169635,259.968879,210.345603,161.219939,113.407182,70.030325,28.958556,0.000000,0.000000,1.031496,0.000000,0.000000,0.074057,0.000000,0.000000,0.005316,0.000000,0.000000,0.000378,0.000000,0.000000,0.000000,0.000000,0.000000,0.000000,0.000000,0.000000,0.000000,0.000000,0.000000,0.000000,0.000000,0.000000,0.000000,0.000000,0.000000,0.000000,0.000000,0.000000,0.000000,0.000000,0.000000,0.000000,0.000000,0.000000,0.000000,0.000000,0.000000,0.000000,0.000000
0.000000,0.000000,0.000000,0.000000,0.000000,0.000000,0.000000,0.000000,0.000000,0.000000,0.000000,0.000000,0.000000,0.000000,0.000000,0.000000,0.000000,0.000000,0.000000,0.000000,0.000000,0.000000,0.000000,0.000000,0.000000,0.000000,0.000000,0.000000,0.000000,0.000000,0.000377,0.000000,0.000000,0.005320,0.000000,0.000000,0.074078,0.000000,0.000000,1.031765,0.000000,0.000000,29.445148,73.675736,120.428479,166.496039,212.598468,260.580943,312.291562,368.208182,420.878597,461.584010,505.976525,550.395460,575.252947,597.505924,630.753383,674.895177,723.205605,768.005446,806.789533,853.011888,895.575108,905.537416,900.468162,900.181348,911.213552,922.977485,931.173642,939.235971,940.185980,938.287173,942.825001,927.767818,900.912807,899.217348,905.725486,904.148201,892.960697,877.849625,863.803989,853.199222,842.489409,821.387402,781.356466,740.730041,704.466495,661.164559,611.441593,556.802780,499.176815,450.134141,407.032435,355.467021,300.754970,249.110340,201.911743,156.708327,112.496033,70.138250,28.984134,0.000000,0.000000,1.031786,0.000000,0.000000,0.074074,0.000000,0.000000,0.005314,0.000000,0.000000,0.000383,0.000000,0.000000,0.000000,0.000000,0.000000,0.000000,0.000000,0.000000,0.000000,0.000000,0.000000,0.000000,0.000000,0.000000,0.000000,0.000000,0.000000,0.000000,0.000000,0.000000,0.000000,0.000000,0.000000,0.000000,0.000000,0.000000,0.000000,0.000000,0.000000,0.000000,0.000000
0.000000,0.000000,0.000000,0.000000,0.000000,0.000000,0.000000,0.000000,0.000000,0.000000,0.000000,0.000000,0.000000,0.000000,0.000000,0.000000,0.000000,0.000000,0.000000,0.000000,0.000000,0.000000,0.000000,0.000000,0.000000,0.000000,0.000000,0.000000,0.000000,0.000000,0.000406,0.000000,0.000000,0.005669,0.000000,0.000000,0.078948,0.000000,0.000000,1.099606,0.000000,0.000000,31.032901,75.861083,122.353558,169.684711,216.429264,261.035589,304.369515,355.233842,406.162610,441.752048,485.779697,538.872223,576.133404,601.815353,625.843798,656.243815,698.694437,748.115514,792.913068,834.619407,872.457138,902.549534,928.707764,942.531348,934.067648,942.270628,972.630953,993.739992,1006.396660,1014.517447,1014.133312,994.512240,968.425496,962.872249,961.994672,949.032794,922.930547,903.510717,891.839196,870.984705,846.535390,814.802553,766.201337,725.997411,697.738075,660.057590,612.526878,559.719547,506.069410,457.226473,411.647587,361.962040,308.684481,255.709932,207.067335,160.994895,115.847052,71.641271,29.201762,0.000000,0.000000,1.032934,0.000000,0.000000,0.074156,0.000000,0.000000,0.005321,0.000000,0.000000,0.000382,0.000000,0.000000,0.000000,0.000000,0.000000,0.000000,0.000000,0.000000,0.000000,0.000000,0.000000,0.000000,0.000000,0.000000,0.000000,0.000000,0.000000,0.000000,0.000000,0.000000,0.000000,0.000000,0.000000,0.000000,0.000000,0.000000,0.000000,0.000000,0.000000,0.000000,0.000000
0.000000,0.000000,0.000000,0.000000,0.000000,0.000000,0.000000,0.000000,0.000000,0.000000,0.000000,0.000000,0.000000,0.000000,0.000000,0.000000,0.000000,0.000000,0.000000,0.000000,0.000000,0.000000,0.000000,0.000000,0.000000,0.000000,0.000000,0.000000,0.000000,0.000000,0.000388,0.000000,0.000000,0.005432,0.000000,0.000000,0.075720,0.000000,0.000000,1.054595,0.000000,0.000000,29.985126,74.474193,121.720352,169.289290,213.722412,256.344394,301.837325,348.149905,391.673333,431.428256,475.867328,525.272904,572.095995,618.766487,662.441922,697.411815,738.720145,786.482065,825.433388,860.028406,894.105198,925.020440,948.776954,962.099048,964.610517,964.730341,976.322175,1007.046432,1030.192369,1029.084180,1008.417548,981.567889,960.300519,952.046218,954.242823,951.243229,925.815400,895.513665,871.611910,846.973951,802.793335,752.068141,725.020707,696.090526,658.760588,630.852056,593.120650,540.686495,489.339873,440.058816,393.865747,352.972028,308.761659,258.916532,209.255837,161.374741,115.370457,71.056000,28.905233,0.000000,0.000000,1.021583,0.000000,0.000000,0.073343,0.000000,0.000000,0.005262,0.000000,0.000000,0.000379,0.000000,0.000000,0.000000,0.000000,0.000000,0.000000,0.000000,0.000000,0.000000,0.000000,0.000000,0.000000,0.000000,0.000000,0.000000,0.000000,0.000000,0.000000,0.000000,0.000000,0.000000,0.000000,0.000000,0.000000,0.000000,0.000000,0.000000,0.000000,0.000000,0.000000,0.000000
0.000000,0.000000,0.000000,0.000000,0.000000,0.000000,0.000000,0.000000,0.000000,0.000000,0.000000,0.000000,0.000000,0.000000,0.000000,0.000000,0.000000,0.000000,0.000000,0.000000,0.000000,0.000000,0.000000,0.000000,0.000000,0.000000,0.000000,0.000000,0.000000,0.000000,0.000344,0.000000,0.000000,0.004878,0.000000,0.000000,0.067951,0.000000,0.000000,0.946439,0.000000,0.000000,26.943469,67.130746,110.980140,157.195137,200.281270,242.332532,290.456661,337.447648,379.096164,419.017921,465.074735,515.172135,560.372022,607.887842,655.701479,694.850294,745.611537,805.070727,849.799264,898.379233,944.579336,958.892061,962.387127,971.231870,980.943333,977.443377,972.459280,990.497840,1003.387274,997.024632,985.528596,980.516613,976.742533,960.938469,951.393332,944.658381,916.304176,875.708990,840.255340,817.862549,786.954207,742.980029,701.501080,665.847050,633.752994,601.192842,565.495320,525.870505,482.878468,436.455748,391.541709,353.922220,312.571377,264.563178,217.298832,168.917192,119.500665,72.739156,29.370793,0.000000,0.000000,1.034568,0.000000,0.000000,0.074278,0.000000,0.000000,0.005327,0.000000,0.000000,0.000383,0.000000,0.000000,0.000000,0.000000,0.000000,0.000000,0.000000,0.000000,0.000000,0.000000,0.000000,0.000000,0.000000,0.000000,0.000000,0.000000,0.000000,0.000000,0.000000,0.000000,0.000000,0.000000,0.000000,0.000000,0.000000,0.000000,0.000000,0.000000,0.000000,0.000000,0.000000
0.000000,0.000000,0.000000,0.000000,0.000000,0.000000,0.000000,0.000000,0.000000,0.000000,0.000000,0.000000,0.000000,0.000000,0.000000,0.000000,0.000000,0.000000,0.000000,0.000000,0.000000,0.000000,0.000000,0.000000,0.000000,0.000000,0.000000,0.000000,0.000000,0.000000,0.000361,0.000000,0.000000,0.005023,0.000000,0.000000,0.069963,0.000000,0.000000,0.974477,0.000000,0.000000,27.427956,66.742047,109.419340,157.279045,202.699725,245.988066,294.663821,343.029430,391.873269,446.309690,488.903418,523.073632,570.012698,618.429697,657.923143,691.296004,735.047877,782.477768,811.954166,847.534538,882.383980,884.495974,888.507413,903.285037,906.277187,917.074114,936.679838,946.545198,968.899809,997.863637,1002.478305,1009.466395,1014.787446,984.613146,956.391571,934.865062,892.566138,866.839833,861.486130,839.748082,804.390333,767.829287,736.260152,694.241052,643.003143,599.625181,557.809789,513.122356,467.541679,419.603130,375.752847,344.023274,304.761825,255.820190,213.662532,168.793329,118.530385,71.858443,29.112944,0.000000,0.000000,1.027327,0.000000,0.000000,0.073759,0.000000,0.000000,0.005296,0.000000,0.000000,0.000379,0.000000,0.000000,0.000000,0.000000,0.000000,0.000000,0.000000,0.000000,0.000000,0.000000,0.000000,0.000000,0.000000,0.000000,0.000000,0.000000,0.000000,0.000000,0.000000,0.000000,0.000000,0.000000,0.000000,0.000000,0.000000,0.000000,0.000000,0.000000,0.000000,0.000000,0.000000
0.000000,0.000000,0.000000,0.000000,0.000000,0.000000,0.000000,0.000000,0.000000,0.000000,0.000000,0.000000,0.000000,0.000000,0.000000,0.000000,0.000000,0.000000,0.000000,0.000000,0.000000,0.000000,0.000000,0.000000,0.000000,0.000000,0.000000,0.000000,0.000000,0.000000,0.000348,0.000000,0.000000,0.004882,0.000000,0.000000,0.068015,0.000000,0.000000,0.947356,0.000000,0.000000,26.904401,66.677006,109.589584,154.685842,197.561871,240.866439,291.944482,344.746745,396.294983,448.007164,491.869601,532.573894,584.124746,640.194030,689.851414,726.693437,760.500894,798.763263,838.250920,861.570552,872.416143,889.326130,897.815472,895.802461,896.453574,893.259045,895.104557,920.652112,949.490477,961.649217,954.502776,953.466102,951.974100,921.912785,904.532086,900.757137,873.637311,861.575706,862.909947,833.358594,800.480643,776.751906,744.078595,698.673563,649.920088,608.983632,560.843705,509.475128,473.296879,430.252354,379.967328,344.220740,304.152752,254.564543,209.655977,163.804952,115.373635,70.423104,28.693395,0.000000,0.000000,1.015099,0.000000,0.000000,0.072885,0.000000,0.000000,0.005238,0.000000,0.000000,0.000376,0.000000,0.000000,0.000000,0.000000,0.000000,0.000000,0.000000,0.000000,0.000000,0.000000,0.000000,0.000000,0.000000,0.000000,0.000000,0.000000,0.000000,0.000000,0.000000,0.000000,0.000000,0.000000,0.000000,0.000000,0.000000,0.000000,0.000000,0.000000,0.000000,0.000000,0.000000
0.000000,0.000000,0.000000,0.000000,0.000000,0.000000,0.000000,0.000000,0.000000,0.000000,0.000000,0.000000,0.000000,0.000000,0.000000,0.000000,0.000000,0.000000,0.000000,0.000000,0.000000,0.000000,0.000000,0.000000,0.000000,0.000000,0.000000,0.000000,0.000000,0.000000,0.000366,0.000000,0.000000,0.005134,0.000000,0.000000,0.071448,0.000000,0.000000,0.995153,0.000000,0.000000,28.035686,68.319921,111.262569,158.505562,208.452538,256.862258,300.841541,349.793603,401.329412,444.115307,488.674301,539.491614,591.168605,644.785340,697.264023,739.393639,762.253630,780.989924,819.288703,849.772300,866.826021,890.489698,908.758285,915.901073,920.632047,931.594663,952.044666,975.669161,985.751553,978.432256,965.996247,963.920783,965.121108,949.733062,937.918263,928.709284,902.289234,886.902409,878.694579,846.452680,825.813394,806.379548,740.919926,689.204131,662.780243,615.369223,562.663356,522.810304,495.167296,457.409002,407.542567,363.786319,319.624104,269.911586,217.630465,166.461243,117.806067,71.298740,28.444731,0.000000,0.000000,0.996124,0.000000,0.000000,0.071520,0.000000,0.000000,0.005138,0.000000,0.000000,0.000369,0.000000,0.000000,0.000000,0.000000,0.000000,0.000000,0.000000,0.000000,0.000000,0.000000,0.000000,0.000000,0.000000,0.000000,0.000000,0.000000,0.000000,0.000000,0.000000,0.000000,0.000000,0.000000,0.000000,0.000000,0.000000,0.000000,0.000000,0.000000,0.000000,0.000000,0.000000
0.000000,0.000000,0.000000,0.000000,0.000000,0.000000,0.000000,0.000000,0.000000,0.000000,0.000000,0.000000,0.000000,0.000000,0.000000,0.000000,0.000000,0.000000,0.000000,0.000000,0.000000,0.000000,0.000000,0.000000,0.000000,0.000000,0.000000,0.000000,0.000000,0.000000,0.000398,0.000000,0.000000,0.005507,0.000000,0.000000,0.076716,0.000000,0.000000,1.068517,0.000000,0.000000,30.159530,73.797011,120.593754,171.620742,223.331316,273.336317,322.362282,373.760773,426.506017,473.980155,506.710366,538.596559,592.686806,637.787632,669.848963,711.720140,734.849592,751.962752,805.703517,852.454364,875.731169,899.790749,911.171941,914.058261,934.031838,971.808850,1012.643067,1034.167945,1027.033856,1001.747911,980.506525,972.065325,970.210473,960.886162,945.337185,924.022098,895.776505,871.305498,851.261391,827.589858,808.841425,781.498939,723.264910,680.535991,660.238860,624.049733,575.344698,526.700438,485.998936,447.527280,403.236219,350.344016,302.554433,260.907181,214.154684,164.638313,116.376983,71.017741,28.748876,0.000000,0.000000,1.013860,0.000000,0.000000,0.072794,0.000000,0.000000,0.005229,0.000000,0.000000,0.000374,0.000000,0.000000,0.000000,0.000000,0.000000,0.000000,0.000000,0.000000,0.000000,0.000000,0.000000,0.000000,0.000000,0.000000,0.000000,0.000000,0.000000,0.000000,0.000000,0.000000,0.000000,0.000000,0.000000,0.000000,0.000000,0.000000,0.000000,0.000000,0.000000,0.000000,0.000000
0.000000,0.000000,0.000000,0.000000,0.000000,0.000000,0.000000,0.000000,0.000000,0.000000,0.000000,0.000000,0.000000,0.000000,0.000000,0.000000,0.000000,0.000000,0.000000,0.000000,0.000000,0.000000,0.000000,0.000000,0.000000,0.000000,0.000000,0.000000,0.000000,0.000000,0.000382,0.000000,0.000000,0.005357,0.000000,0.000000,0.074654,0.000000,0.000000,1.039886,0.000000,0.000000,29.774872,75.026107,123.546091,171.277041,216.198836,263.796870,321.184450,373.623673,417.995910,463.809964,503.817864,546.805905,607.220973,646.123429,661.685107,690.096090,723.789115,761.991504,814.035562,859.712483,892.213314,921.427537,935.779350,942.764972,962.460680,969.780843,978.410075,1020.937243,1011.274425,951.871140,933.359102,944.683369,952.339670,937.435202,927.619793,921.624431,891.030080,860.818332,843.833627,826.592808,796.108742,756.133275,721.017931,684.918740,650.048348,625.717893,595.024381,551.914571,506.557506,460.351764,410.909908,357.231078,308.275778,264.463955,217.890096,168.073667,118.608619,73.374785,30.382821,0.000000,0.000000,1.082964,0.000000,0.000000,0.077760,0.000000,0.000000,0.005578,0.000000,0.000000,0.000396,0.000000,0.000000,0.000000,0.000000,0.000000,0.000000,0.000000,0.000000,0.000000,0.000000,0.000000,0.000000,0.000000,0.000000,0.000000,0.000000,0.000000,0.000000,0.000000,0.000000,0.000000,0.000000,0.000000,0.000000,0.000000,0.000000,0.000000,0.000000,0.000000,0.000000,0.000000
0.000000,0.000000,0.000000,0.000000,0.000000,0.000000,0.000000,0.000000,0.000000,0.000000,0.000000,0.000000,0.000000,0.000000,0.000000,0.000000,0.000000,0.000000,0.000000,0.000000,0.000000,0.000000,0.000000,0.000000,0.000000,0.000000,0.000000,0.000000,0.000000,0.000000,0.000374,0.000000,0.000000,0.005237,0.000000,0.000000,0.073008,0.000000,0.000000,1.016924,0.000000,0.000000,28.893016,71.658242,117.184219,164.033304,211.129845,261.575828,317.939807,364.320956,402.760593,450.649591,499.267395,544.654976,591.140801,631.228982,665.579452,702.929264,739.743657,775.819600,815.930627,859.565548,895.123357,913.106054,950.281766,997.936659,1004.099138,987.204656,984.510596,1010.785048,997.453720,948.307773,934.815232,937.499553,928.964327,905.329062,895.170708,893.227330,866.585453,839.012083,821.485561,800.943496,777.308682,751.135649,718.865211,673.787859,624.627855,589.698920,562.097546,528.608707,481.836867,438.645831,400.271218,352.212033,302.836489,257.994330,214.610167,168.178893,119.864206,74.927865,31.328029,0.000000,0.000000,1.121525,0.000000,0.000000,0.080527,0.000000,0.000000,0.005772,0.000000,0.000000,0.000415,0.000000,0.000000,0.000000,0.000000,0.000000,0.000000,0.000000,0.000000,0.000000,0.000000,0.000000,0.000000,0.000000,0.000000,0.000000,0.000000,0.000000,0.000000,0.000000,0.000000,0.000000,0.000000,0.000000,0.000000,0.000000,0.000000,0.000000,0.000000,0.000000,0.000000,0.000000
0.000000,0.000000,0.000000,0.000000,0.000000,0.000000,0.000000,0.000000,0.000000,0.000000,0.000000,0.000000,0.000000,0.000000,0.000000,0.000000,0.000000,0.000000,0.000000,0.000000,0.000000,0.000000,0.000000,0.000000,0.000000,0.000000,0.000000,0.000000,0.000000,0.000000,0.000378,0.000000,0.000000,0.005303,0.000000,0.000000,0.073927,0.000000,0.000000,1.029682,0.000000,0.000000,29.060356,71.033356,114.635722,160.019564,209.433786,263.278085,317.275833,359.111697,396.288204,448.015579,496.992187,535.354183,571.562234,601.949631,627.668820,657.890520,698.344892,747.328730,795.745891,834.054527,862.536343,891.142845,930.319792,971.133735,989.656235,989.069311,979.070658,969.291926,968.663888,974.363477,972.690306,957.346108,926.045694,885.490412,874.266737,875.757378,836.321206,805.758363,799.070652,779.166116,745.159421,714.981813,703.309652,677.490567,634.633026,604.887778,575.596694,533.262671,479.344711,433.076489,394.823509,347.886260,298.591898,253.154191,210.419074,164.778170,116.943299,72.922939,30.482646,0.000000,0.000000,1.091166,0.000000,0.000000,0.078344,0.000000,0.000000,0.005623,0.000000,0.000000,0.000406,0.000000,0.000000,0.000000,0.000000,0.000000,0.000000,0.000000,0.000000,0.000000,0.000000,0.000000,0.000000,0.000000,0.000000,0.000000,0.000000,0.000000,0.000000,0.000000,0.000000,0.000000,0.000000,0.000000,0.000000,0.000000,0.000000,0.000000,0.000000,0.000000,0.000000,0.000000
0.000000,0.000000,0.000000,0.000000,0.000000,0.000000,0.000000,0.000000,0.000000,0.000000,0.000000,0.000000,0.000000,0.000000,0.000000,0.000000,0.000000,0.000000,0.000000,0.000000,0.000000,0.000000,0.000000,0.000000,0.000000,0.000000,0.000000,0.000000,0.000000,0.000000,0.000361,0.000000,0.000000,0.005035,0.000000,0.000000,0.070123,0.000000,0.000000,0.976714,0.000000,0.000000,27.586666,67.557836,109.611160,154.125487,201.715646,251.421647,300.290519,344.367886,390.962114,451.194394,506.291579,545.784047,577.250629,613.505516,653.683028,687.060858,721.531751,758.642120,790.664872,819.842930,849.436901,879.671931,904.899542,927.415686,951.811546,953.078299,932.572421,921.750872,933.864446,961.337376,978.629729,967.726766,932.280943,896.811813,898.319426,909.653265,868.071634,838.431884,845.293975,844.949433,812.466401,770.370171,761.147211,744.334262,703.384386,664.422985,629.110250,584.855102,522.107783,470.291280,428.596436,369.023218,312.494438,266.597922,217.198161,165.620683,116.693045,73.001694,30.698958,0.000000,0.000000,1.101862,0.000000,0.000000,0.079111,0.000000,0.000000,0.005680,0.000000,0.000000,0.000409,0.000000,0.000000,0.000000,0.000000,0.000000,0.000000,0.000000,0.000000,0.000000,0.000000,0.000000,0.000000,0.000000,0.000000,0.000000,0.000000,0.000000,0.000000,0.000000,0.000000,0.000000,0.000000,0.000000,0.000000,0.000000,0.000000,0.000000,0.000000,0.000000,0.000000,0.000000
0.000000,0.000000,0.000000,0.000000,0.000000,0.000000,0.000000,0.000000,0.000000,0.000000,0.000000,0.000000,0.000000,0.000000,0.000000,0.000000,0.000000,0.000000,0.000000,0.000000,0.000000,0.000000,0.000000,0.000000,0.000000,0.000000,0.000000,0.000000,0.000000,0.000000,0.000402,0.000000,0.000000,0.005600,0.000000,0.000000,0.077947,0.000000,0.000000,1.085684,0.000000,0.000000,30.409945,73.113581,116.132621,160.551147,208.788026,257.652966,302.223487,352.468480,409.357094,464.014387,521.376242,573.966526,607.740486,645.456888,690.219624,723.756713,759.792855,797.879126,823.024986,851.476257,882.712224,899.735456,916.222543,940.994808,965.819251,965.198307,940.334649,922.206147,934.474697,960.376406,957.812432,943.585785,928.639087,907.323489,892.538835,881.972732,859.064718,834.949517,827.302095,841.120006,833.168629,797.786546,769.065431,734.508309,691.653578,654.852277,615.687125,567.796994,515.143778,469.993467,425.909523,365.634414,309.508314,264.208440,216.696470,165.793217,115.643948,70.839479,29.158763,0.000000,0.000000,1.036644,0.000000,0.000000,0.074425,0.000000,0.000000,0.005346,0.000000,0.000000,0.000390,0.000000,0.000000,0.000000,0.000000,0.000000,0.000000,0.000000,0.000000,0.000000,0.000000,0.000000,0.000000,0.000000,0.000000,0.000000,0.000000,0.000000,0.000000,0.000000,0.000000,0.000000,0.000000,0.000000,0.000000,0.000000,0.000000,0.000000,0.000000,0.000000,0.000000,0.000000
0.000000,0.000000,0.000000,0.000000,0.000000,0.000000,0.000000,0.000000,0.000000,0.000000,0.000000,0.000000,0.000000,0.000000,0.000000,0.000000,0.000000,0.000000,0.000000,0.000000,0.000000,0.000000,0.000000,0.000000,0.000000,0.000000,0.000000,0.000000,0.000000,0.000000,0.000430,0.000000,0.000000,0.006077,0.000000,0.000000,0.084561,0.000000,0.000000,1.177781,0.000000,0.000000,32.621900,76.513123,119.285361,164.331942,212.899004,260.805671,303.147641,349.852442,403.617149,457.230194,509.393113,557.375582,597.745437,637.454471,680.132210,724.875823,774.292156,813.453311,822.655366,833.459593,858.797128,883.130690,897.750597,909.555852,931.962977,952.084681,956.008554,944.748341,956.956491,988.172155,995.231030,993.388741,982.914055,948.269932,927.696738,927.395114,916.011174,897.754154,890.581949,901.596113,876.818500,823.793324,802.775848,776.707774,728.434568,679.726461,626.470090,570.493275,521.219642,468.999054,413.689258,364.451037,312.811354,258.946421,211.770268,163.172645,112.855377,69.312438,28.891753,0.000000,0.000000,1.033300,0.000000,0.000000,0.074181,0.000000,0.000000,0.005327,0.000000,0.000000,0.000383,0.000000,0.000000,0.000000,0.000000,0.000000,0.000000,0.000000,0.000000,0.000000,0.000000,0.000000,0.000000,0.000000,0.000000,0.000000,0.000000,0.000000,0.000000,0.000000,0.000000,0.000000,0.000000,0.000000,0.000000,0.000000,0.000000,0.000000,0.000000,0.000000,0.000000,0.000000
