0.000000,0.000000,0.000000,0.000000,0.000000,0.000000,0.000000,0.000000,0.000000,0.000000,0.000000,0.000000,0.000000,0.000000,0.000000,0.000000,0.000000,0.000000,0.000000,0.000000,0.000000,0.000000,0.000000,0.000000,0.000000,0.000000,0.000000,0.000000,0.000000,0.000000,0.000350,0.000000,0.000000,0.004983,0.000000,0.000000,0.069483,0.000000,0.000000,0.967700,0.000000,0.512500,29.299217,70.249333,112.850000,158.468533,209.261750,265.381250,322.920200,370.854350,415.018750,471.052433,520.355250,558.493750,600.299617,645.939200,691.637500,733.913367,770.791750,806.106250,846.783733,889.792133,915.787500,906.329633,899.368767,895.350000,863.828700,855.250183,882.462500,905.790733,909.250183,888.618750,854.442217,853.081583,883.762500,899.966600,896.274800,876.968750,849.602733,838.242233,840.643750,828.930733,794.958733,746.437500,701.565150,676.738600,655.737500,608.020483,571.836067,554.556250,523.186250,476.737550,417.500000,348.282500,293.692700,254.300000,208.200417,161.370317,117.768750,73.406383,30.147500,0.493750,0.000000,0.992967,0.000000,0.000000,0.071283,0.000000,0.000000,0.005117,0.000000,0.000000,0.000367,0.000000,0.000000,0.000000,0.000000,0.000000,0.000000,0.000000,0.000000,0.000000,0.000000,0.000000,0.000000,0.000000,0.000000,0.000000,0.000000,0.000000,0.000000,0.000000,0.000000,0.000000,0.000000,0.000000,0.000000,0.000000,0.000000,0.000000,0.000000,0.000000,0.000000,0.000000
0.000000,0.000000,0.000000,0.000000,0.000000,0.000000,0.000000,0.000000,0.000000,0.000000,0.000000,0.000000,0.000000,0.000000,0.000000,0.000000,0.000000,0.000000,0.000000,0.000000,0.000000,0.000000,0.000000,0.000000,0.000000,0.000000,0.000000,0.000000,0.000000,0.000000,0.000350,0.000000,0.000000,0.004983,0.000000,0.000000,0.069483,0.000000,0.000000,0.967700,0.000000,0.512500,29.299217,70.249333,112.850000,158.468533,209.261750,265.381250,322.920200,370.854350,415.018750,471.052433,520.355250,558.493750,600.299617,645.939200,691.637500,733.913367,770.791750,806.106250,846.783733,889.792133,915.787500,906.329633,899.368767,895.350000,863.828700,855.250183,882.462500,905.790733,909.250183,888.618750,854.442217,853.081583,883.762500,899.966600,896.274800,876.968750,849.602733,838.242233,840.643750,828.930733,794.958733,746.437500,701.565150,676.738600,655.737500,608.020483,571.836067,554.556250,523.186250,476.737550,417.500000,348.282500,293.692700,254.300000,208.200417,161.370317,117.768750,73.406383,30.147500,0.493750,0.000000,0.992967,0.000000,0.000000,0.071283,0.000000,0.000000,0.005117,0.000000,0.000000,0.000367,0.000000,0.000000,0.000000,0.000000,0.000000,0.000000,0.000000,0.000000,0.000000,0.000000,0.000000,0.000000,0.000000,0.000000,0.000000,0.000000,0.000000,0.000000,0.000000,0.000000,0.000000,0.000000,0.000000,0.000000,0.000000,0.000000,0.000000,0.000000,0.000000,0.000000,0.000000
0.000000,0.000000,0.000000,0.000000,0.000000,0.000000,0.000000,0.000000,0.000000,0.000000,0.000000,0.000000,0.000000,0.000000,0.000000,0.000000,0.000000,0.000000,0.000000,0.000000,0.000000,0.000000,0.000000,0.000000,0.000000,0.000000,0.000000,0.000000,0.000000,0.000000,0.000350,0.000000,0.000000,0.004983,0.000000,0.000000,0.069483,0.000000,0.000000,0.967700,0.000000,0.512500,29.299217,70.249333,112.850000,158.468533,209.261750,265.381250,322.920200,370.854350,415.018750,471.052433,520.355250,558.493750,600.299617,645.939200,691.637500,733.913367,770.791750,806.106250,846.783733,889.792133,915.787500,906.329633,899.368767,895.350000,863.828700,855.250183,882.462500,905.790733,909.250183,888.618750,854.442217,853.081583,883.762500,899.966600,896.274800,876.968750,849.602733,838.242233,840.643750,828.930733,794.958733,746.437500,701.565150,676.738600,655.737500,608.020483,571.836067,554.556250,523.186250,476.737550,417.500000,348.282500,293.692700,254.300000,208.200417,161.370317,117.768750,73.406383,30.147500,0.493750,0.000000,0.992967,0.000000,0.000000,0.071283,0.000000,0.000000,0.005117,0.000000,0.000000,0.000367,0.000000,0.000000,0.000000,0.000000,0.000000,0.000000,0.000000,0.000000,0.000000,0.000000,0.000000,0.000000,0.000000,0.000000,0.000000,0.000000,0.000000,0.000000,0.000000,0.000000,0.000000,0.000000,0.000000,0.000000,0.000000,0.000000,0.000000,0.000000,0.000000,0.000000,0.000000
0.000000,0.000000,0.000000,0.000000,0.000000,0.000000,0.000000,0.000000,0.000000,0.000000,0.000000,0.000000,0.000000,0.000000,0.000000,0.000000,0.000000,0.000000,0.000000,0.000000,0.000000,0.000000,0.000000,0.000000,0.000000,0.000000,0.000000,0.000000,0.000000,0.000000,0.000350,0.000000,0.000000,0.004983,0.000000,0.000000,0.069483,0.000000,0.000000,0.967700,0.000000,0.512500,29.299217,70.249333,112.850000,158.468533,209.261750,265.381250,322.920200,370.854350,415.018750,471.052433,520.355250,558.493750,600.299617,645.939200,691.637500,733.913367,770.791750,806.106250,846.783733,889.792133,915.787500,906.329633,899.368767,895.350000,863.828700,855.250183,882.462500,905.790733,909.250183,888.618750,854.442217,853.081583,883.762500,899.966600,896.274800,876.968750,849.602733,838.242233,840.643750,828.930733,794.958733,746.437500,701.565150,676.738600,655.737500,608.020483,571.836067,554.556250,523.186250,476.737550,417.500000,348.282500,293.692700,254.300000,208.200417,161.370317,117.768750,73.406383,30.147500,0.493750,0.000000,0.992967,0.000000,0.000000,0.071283,0.000000,0.000000,0.005117,0.000000,0.000000,0.000367,0.000000,0.000000,0.000000,0.000000,0.000000,0.000000,0.000000,0.000000,0.000000,0.000000,0.000000,0.000000,0.000000,0.000000,0.000000,0.000000,0.000000,0.000000,0.000000,0.000000,0.000000,0.000000,0.000000,0.000000,0.000000,0.000000,0.000000,0.000000,0.000000,0.000000,0.000000
0.000000,0.000000,0.000000,0.000000,0.000000,0.000000,0.000000,0.000000,0.000000,0.000000,0.000000,0.000000,0.000000,0.000000,0.000000,0.000000,0.000000,0.000000,0.000000,0.000000,0.000000,0.000000,0.000000,0.000000,0.000000,0.000000,0.000000,0.000000,0.000000,0.000000,0.000350,0.000000,0.000000,0.004983,0.000000,0.000000,0.069483,0.000000,0.000000,0.967700,0.000000,0.512500,29.299217,70.249333,112.850000,158.468533,209.261750,265.381250,322.920200,370.854350,415.018750,471.052433,520.355250,558.493750,600.299617,645.939200,691.637500,733.913367,770.791750,806.106250,846.783733,889.792133,915.787500,906.329633,899.368767,895.350000,863.828700,855.250183,882.462500,905.790733,909.250183,888.618750,854.442217,853.081583,883.762500,899.966600,896.274800,876.968750,849.602733,838.242233,840.643750,828.930733,794.958733,746.437500,701.565150,676.738600,655.737500,608.020483,571.836067,554.556250,523.186250,476.737550,417.500000,348.282500,293.692700,254.300000,208.200417,161.370317,117.768750,73.406383,30.147500,0.493750,0.000000,0.992967,0.000000,0.000000,0.071283,0.000000,0.000000,0.005117,0.000000,0.000000,0.000367,0.000000,0.000000,0.000000,0.000000,0.000000,0.000000,0.000000,0.000000,0.000000,0.000000,0.000000,0.000000,0.000000,0.000000,0.000000,0.000000,0.000000,0.000000,0.000000,0.000000,0.000000,0.000000,0.000000,0.000000,0.000000,0.000000,0.000000,0.000000,0.000000,0.000000,0.000000
0.000000,0.000000,0.000000,0.000000,0.000000,0.000000,0.000000,0.000000,0.000000,0.000000,0.000000,0.000000,0.000000,0.000000,0.000000,0.000000,0.000000,0.000000,0.000000,0.000000,0.000000,0.000000,0.000000,0.000000,0.000000,0.000000,0.000000,0.000000,0.000000,0.000000,0.000350,0.000000,0.000000,0.004983,0.000000,0.000000,0.069483,0.000000,0.000000,0.967700,0.000000,0.512500,29.299217,70.249333,112.850000,158.468533,209.261750,265.381250,322.920200,370.854350,415.018750,471.052433,520.355250,558.493750,600.299617,645.939200,691.637500,733.913367,770.791750,806.106250,846.783733,889.792133,915.787500,906.329633,899.368767,895.350000,863.828700,855.250183,882.462500,905.790733,909.250183,888.618750,854.442217,853.081583,883.762500,899.966600,896.274800,876.968750,849.602733,838.242233,840.643750,828.930733,794.958733,746.437500,701.565150,676.738600,655.737500,608.020483,571.836067,554.556250,523.186250,476.737550,417.500000,348.282500,293.692700,254.300000,208.200417,161.370317,117.768750,73.406383,30.147500,0.493750,0.000000,0.992967,0.000000,0.000000,0.071283,0.000000,0.000000,0.005117,0.000000,0.000000,0.000367,0.000000,0.000000,0.000000,0.000000,0.000000,0.000000,0.000000,0.000000,0.000000,0.000000,0.000000,0.000000,0.000000,0.000000,0.000000,0.000000,0.000000,0.000000,0.000000,0.000000,0.000000,0.000000,0.000000,0.000000,0.000000,0.000000,0.000000,0.000000,0.000000,0.000000,0.000000
0.000000,0.000000,0.000000,0.000000,0.000000,0.000000,0.000000,0.000000,0.000000,0.000000,0.000000,0.000000,0.000000,0.000000,0.000000,0.000000,0.000000,0.000000,0.000000,0.000000,0.000000,0.000000,0.000000,0.000000,0.000000,0.000000,0.000000,0.000000,0.000000,0.000000,0.000350,0.000000,0.000000,0.004983,0.000000,0.000000,0.069483,0.000000,0.000000,0.967700,0.000000,0.512500,29.299217,70.249333,112.850000,158.468533,209.261750,265.381250,322.920200,370.854350,415.018750,471.052433,520.355250,558.493750,600.299617,645.939200,691.637500,733.913367,770.791750,806.106250,846.783733,889.792133,915.787500,906.329633,899.368767,895.350000,863.828700,855.250183,882.462500,905.790733,909.250183,888.618750,854.442217,853.081583,883.762500,899.966600,896.274800,876.968750,849.602733,838.242233,840.643750,828.930733,794.958733,746.437500,701.565150,676.738600,655.737500,608.020483,571.836067,554.556250,523.186250,476.737550,417.500000,348.282500,293.692700,254.300000,208.200417,161.370317,117.768750,73.406383,30.147500,0.493750,0.000000,0.992967,0.000000,0.000000,0.071283,0.000000,0.000000,0.005117,0.000000,0.000000,0.000367,0.000000,0.000000,0.000000,0.000000,0.000000,0.000000,0.000000,0.000000,0.000000,0.000000,0.000000,0.000000,0.000000,0.000000,0.000000,0.000000,0.000000,0.000000,0.000000,0.000000,0.000000,0.000000,0.000000,0.000000,0.000000,0.000000,0.000000,0.000000,0.000000,0.000000,0.000000
0.000000,0.000000,0.000000,0.000000,0.000000,0.000000,0.000000,0.000000,0.000000,0.000000,0.000000,0.000000,0.000000,0.000000,0.000000,0.000000,0.000000,0.000000,0.000000,0.000000,0.000000,0.000000,0.000000,0.000000,0.000000,0.000000,0.000000,0.000000,0.000000,0.000000,0.000350,0.000000,0.000000,0.004983,0.000000,0.000000,0.069483,0.000000,0.000000,0.967700,0.000000,0.512500,29.299217,70.249333,112.850000,158.468533,209.261750,265.381250,322.920200,370.854350,415.018750,471.052433,520.355250,558.493750,600.299617,645.939200,691.637500,733.913367,770.791750,806.106250,846.783733,889.792133,915.787500,906.329633,899.368767,895.350000,863.828700,855.250183,882.462500,905.790733,909.250183,888.618750,854.442217,853.081583,883.762500,899.966600,896.274800,876.968750,849.602733,838.242233,840.643750,828.930733,794.958733,746.437500,701.565150,676.738600,655.737500,608.020483,571.836067,554.556250,523.186250,476.737550,417.500000,348.282500,293.692700,254.300000,208.200417,161.370317,117.768750,73.406383,30.147500,0.493750,0.000000,0.992967,0.000000,0.000000,0.071283,0.000000,0.000000,0.005117,0.000000,0.000000,0.000367,0.000000,0.000000,0.000000,0.000000,0.000000,0.000000,0.000000,0.000000,0.000000,0.000000,0.000000,0.000000,0.000000,0.000000,0.000000,0.000000,0.000000,0.000000,0.000000,0.000000,0.000000,0.000000,0.000000,0.000000,0.000000,0.000000,0.000000,0.000000,0.000000,0.000000,0.000000
0.000000,0.000000,0.000000,0.000000,0.000000,0.000000,0.000000,0.000000,0.000000,0.000000,0.000000,0.000000,0.000000,0.000000,0.000000,0.000000,0.000000,0.000000,0.000000,0.000000,0.000000,0.000000,0.000000,0.000000,0.000000,0.000000,0.000000,0.000000,0.000000,0.000000,0.000350,0.000000,0.000000,0.004983,0.000000,0.000000,0.069483,0.000000,0.000000,0.967700,0.000000,0.512500,29.299217,70.249333,112.850000,158.468533,209.261750,265.381250,322.920200,370.854350,415.018750,471.052433,520.355250,558.493750,600.299617,645.939200,691.637500,733.913367,770.791750,806.106250,846.783733,889.792133,915.787500,906.329633,899.368767,895.350000,863.828700,855.250183,882.462500,905.790733,909.250183,888.618750,854.442217,853.081583,883.762500,899.966600,896.274800,876.968750,849.602733,838.242233,840.643750,828.930733,794.958733,746.437500,701.565150,676.738600,655.737500,608.020483,571.836067,554.556250,523.186250,476.737550,417.500000,348.282500,293.692700,254.300000,208.200417,161.370317,117.768750,73.406383,30.147500,0.493750,0.000000,0.992967,0.000000,0.000000,0.071283,0.000000,0.000000,0.005117,0.000000,0.000000,0.000367,0.000000,0.000000,0.000000,0.000000,0.000000,0.000000,0.000000,0.000000,0.000000,0.000000,0.000000,0.000000,0.000000,0.000000,0.000000,0.000000,0.000000,0.000000,0.000000,0.000000,0.000000,0.000000,0.000000,0.000000,0.000000,0.000000,0.000000,0.000000,0.000000,0.000000,0.000000
0.000000,0.000000,0.000000,0.000000,0.000000,0.000000,0.000000,0.000000,0.000000,0.000000,0.000000,0.000000,0.000000,0.000000,0.000000,0.000000,0.000000,0.000000,0.000000,0.000000,0.000000,0.000000,0.000000,0.000000,0.000000,0.000000,0.000000,0.000000,0.000000,0.000000,0.000350,0.000000,0.000000,0.004983,0.000000,0.000000,0.069483,0.000000,0.000000,0.967700,0.000000,0.512500,29.299217,70.249333,112.850000,158.468533,209.261750,265.381250,322.920200,370.854350,415.018750,471.052433,520.355250,558.493750,600.299617,645.939200,691.637500,733.913367,770.791750,806.106250,846.783733,889.792133,915.787500,906.329633,899.368767,895.350000,863.828700,855.250183,882.462500,905.790733,909.250183,888.618750,854.442217,853.081583,883.762500,899.966600,896.274800,876.968750,849.602733,838.242233,840.643750,828.930733,794.958733,746.437500,701.565150,676.738600,655.737500,608.020483,571.836067,554.556250,523.186250,476.737550,417.500000,348.282500,293.692700,254.300000,208.200417,161.370317,117.768750,73.406383,30.147500,0.493750,0.000000,0.992967,0.000000,0.000000,0.071283,0.000000,0.000000,0.005117,0.000000,0.000000,0.000367,0.000000,0.000000,0.000000,0.000000,0.000000,0.000000,0.000000,0.000000,0.000000,0.000000,0.000000,0.000000,0.000000,0.000000,0.000000,0.000000,0.000000,0.000000,0.000000,0.000000,0.000000,0.000000,0.000000,0.000000,0.000000,0.000000,0.000000,0.000000,0.000000,0.000000,0.000000
0.000000,0.000000,0.000000,0.000000,0.000000,0.000000,0.000000,0.000000,0.000000,0.000000,0.000000,0.000000,0.000000,0.000000,0.000000,0.000000,0.000000,0.000000,0.000000,0.000000,0.000000,0.000000,0.000000,0.000000,0.000000,0.000000,0.000000,0.000000,0.000000,0.000000,0.000350,0.000000,0.000000,0.004983,0.000000,0.000000,0.069483,0.000000,0.000000,0.967700,0.000000,0.512500,29.299217,70.249333,112.850000,158.468533,209.261750,265.381250,322.920200,370.854350,415.018750,471.052433,520.355250,558.493750,600.299617,645.939200,691.637500,733.913367,770.791750,806.106250,846.783733,889.792133,915.787500,906.329633,899.368767,895.350000,863.828700,855.250183,882.462500,905.790733,909.250183,888.618750,854.442217,853.081583,883.762500,899.966600,896.274800,876.968750,849.602733,838.242233,840.643750,828.930733,794.958733,746.437500,701.565150,676.738600,655.737500,608.020483,571.836067,554.556250,523.186250,476.737550,417.500000,348.282500,293.692700,254.300000,208.200417,161.370317,117.768750,73.406383,30.147500,0.493750,0.000000,0.992967,0.000000,0.000000,0.071283,0.000000,0.000000,0.005117,0.000000,0.000000,0.000367,0.000000,0.000000,0.000000,0.000000,0.000000,0.000000,0.000000,0.000000,0.000000,0.000000,0.000000,0.000000,0.000000,0.000000,0.000000,0.000000,0.000000,0.000000,0.000000,0.000000,0.000000,0.000000,0.000000,0.000000,0.000000,0.000000,0.000000,0.000000,0.000000,0.000000,0.000000
0.000000,0.000000,0.000000,0.000000,0.000000,0.000000,0.000000,0.000000,0.000000,0.000000,0.000000,0.000000,0.000000,0.000000,0.000000,0.000000,0.000000,0.000000,0.000000,0.000000,0.000000,0.000000,0.000000,0.000000,0.000000,0.000000,0.000000,0.000000,0.000000,0.000000,0.000350,0.000000,0.000000,0.004983,0.000000,0.000000,0.069483,0.000000,0.000000,0.967700,0.000000,0.512500,29.299217,70.249333,112.850000,158.468533,209.261750,265.381250,322.920200,370.854350,415.018750,471.052433,520.355250,558.493750,600.299617,645.939200,691.637500,733.913367,770.791750,806.106250,846.783733,889.792133,915.787500,906.329633,899.368767,895.350000,863.828700,855.250183,882.462500,905.790733,909.250183,888.618750,854.442217,853.081583,883.762500,899.966600,896.274800,876.968750,849.602733,838.242233,840.643750,828.930733,794.958733,746.437500,701.565150,676.738600,655.737500,608.020483,571.836067,554.556250,523.186250,476.737550,417.500000,348.282500,293.692700,254.300000,208.200417,161.370317,117.768750,73.406383,30.147500,0.493750,0.000000,0.992967,0.000000,0.000000,0.071283,0.000000,0.000000,0.005117,0.000000,0.000000,0.000367,0.000000,0.000000,0.000000,0.000000,0.000000,0.000000,0.000000,0.000000,0.000000,0.000000,0.000000,0.000000,0.000000,0.000000,0.000000,0.000000,0.000000,0.000000,0.000000,0.000000,0.000000,0.000000,0.000000,0.000000,0.000000,0.000000,0.000000,0.000000,0.000000,0.000000,0.000000
0.000000,0.000000,0.000000,0.000000,0.000000,0.000000,0.000000,0.000000,0.000000,0.000000,0.000000,0.000000,0.000000,0.000000,0.000000,0.000000,0.000000,0.000000,0.000000,0.000000,0.000000,0.000000,0.000000,0.000000,0.000000,0.000000,0.000000,0.000000,0.000000,0.000000,0.000350,0.000000,0.000000,0.004983,0.000000,0.000000,0.069483,0.000000,0.000000,0.967700,0.000000,0.512500,29.299217,70.249333,112.850000,158.468533,209.261750,265.381250,322.920200,370.854350,415.018750,471.052433,520.355250,558.493750,600.299617,645.939200,691.637500,733.913367,770.791750,806.106250,846.783733,889.792133,915.787500,906.329633,899.368767,895.350000,863.828700,855.250183,882.462500,905.790733,909.250183,888.618750,854.442217,853.081583,883.762500,899.966600,896.274800,876.968750,849.602733,838.242233,840.643750,828.930733,794.958733,746.437500,701.565150,676.738600,655.737500,608.020483,571.836067,554.556250,523.186250,476.737550,417.500000,348.282500,293.692700,254.300000,208.200417,161.370317,117.768750,73.406383,30.147500,0.493750,0.000000,0.992967,0.000000,0.000000,0.071283,0.000000,0.000000,0.005117,0.000000,0.000000,0.000367,0.000000,0.000000,0.000000,0.000000,0.000000,0.000000,0.000000,0.000000,0.000000,0.000000,0.000000,0.000000,0.000000,0.000000,0.000000,0.000000,0.000000,0.000000,0.000000,0.000000,0.000000,0.000000,0.000000,0.000000,0.000000,0.000000,0.000000,0.000000,0.000000,0.000000,0.000000
0.000000,0.000000,0.000000,0.000000,0.000000,0.000000,0.000000,0.000000,0.000000,0.000000,0.000000,0.000000,0.000000,0.000000,0.000000,0.000000,0.000000,0.000000,0.000000,0.000000,0.000000,0.000000,0.000000,0.000000,0.000000,0.000000,0.000000,0.000000,0.000000,0.000000,0.000350,0.000000,0.000000,0.004983,0.000000,0.000000,0.069483,0.000000,0.000000,0.967700,0.000000,0.512500,29.299217,70.249333,112.850000,158.468533,209.261750,265.381250,322.920200,370.854350,415.018750,471.052433,520.355250,558.493750,600.299617,645.939200,691.637500,733.913367,770.791750,806.106250,846.783733,889.792133,915.787500,906.329633,899.368767,895.350000,863.828700,855.250183,882.462500,905.790733,909.250183,888.618750,854.442217,853.081583,883.762500,899.966600,896.274800,876.968750,849.602733,838.242233,840.643750,828.930733,794.958733,746.437500,701.565150,676.738600,655.737500,608.020483,571.836067,554.556250,523.186250,476.737550,417.500000,348.282500,293.692700,254.300000,208.200417,161.370317,117.768750,73.406383,30.147500,0.493750,0.000000,0.992967,0.000000,0.000000,0.071283,0.000000,0.000000,0.005117,0.000000,0.000000,0.000367,0.000000,0.000000,0.000000,0.000000,0.000000,0.000000,0.000000,0.000000,0.000000,0.000000,0.000000,0.000000,0.000000,0.000000,0.000000,0.000000,0.000000,0.000000,0.000000,0.000000,0.000000,0.000000,0.000000,0.000000,0.000000,0.000000,0.000000,0.000000,0.000000,0.000000,0.000000
0.000000,0.000000,0.000000,0.000000,0.000000,0.000000,0.000000,0.000000,0.000000,0.000000,0.000000,0.000000,0.000000,0.000000,0.000000,0.000000,0.000000,0.000000,0.000000,0.000000,0.000000,0.000000,0.000000,0.000000,0.000000,0.000000,0.000000,0.000000,0.000000,0.000000,0.000157,0.000000,0.000000,0.002768,0.000000,0.000000,0.038813,0.000013,0.000000,0.540579,0.089920,6.130804,39.535283,82.761393,126.078571,173.209507,221.409321,270.416518,322.288410,371.554474,416.787500,462.167650,510.118020,555.774554,591.234396,623.384146,658.688393,697.854854,735.477587,767.813393,796.202476,829.132494,863.060268,885.466257,902.657652,916.690179,924.548982,938.611452,957.826786,968.767974,977.407199,981.070982,970.697719,965.380792,967.783929,961.669177,949.575306,936.908929,924.940686,906.942114,878.791071,842.842471,808.576363,776.956250,741.161073,704.020275,666.312054,625.422843,583.416276,542.173661,501.653323,459.811480,415.988839,370.941495,323.690286,274.661607,225.773900,177.503068,130.600893,85.667536,40.664643,6.442411,0.134781,0.551711,0.000000,0.003790,0.039608,0.000000,0.000271,0.002843,0.000000,0.000000,0.000175,0.000000,0.000000,0.000000,0.000000,0.000000,0.000000,0.000000,0.000000,0.000000,0.000000,0.000000,0.000000,0.000000,0.000000,0.000000,0.000000,0.000000,0.000000,0.000000,0.000000,0.000000,0.000000,0.000000,0.000000,0.000000,0.000000,0.000000,0.000000,0.000000,0.000000,0.000000
0.000000,0.000000,0.000000,0.000000,0.000000,0.000000,0.000000,0.000000,0.000000,0.000000,0.000000,0.000000,0.000000,0.000000,0.000000,0.000000,0.000000,0.000000,0.000000,0.000000,0.000000,0.000000,0.000000,0.000000,0.000000,0.000000,0.000000,0.000000,0.000000,0.000000,0.000157,0.000000,0.000000,0.002768,0.000000,0.000000,0.038813,0.000013,0.000000,0.540579,0.089920,6.130804,39.535283,82.761393,126.078571,173.209507,221.409321,270.416518,322.288410,371.554474,416.787500,462.167650,510.118020,555.774554,591.234396,623.384146,658.688393,697.854854,735.477587,767.813393,796.202476,829.132494,863.060268,885.466257,902.657652,916.690179,924.548982,938.611452,957.826786,968.767974,977.407199,981.070982,970.697719,965.380792,967.783929,961.669177,949.575306,936.908929,924.940686,906.942114,878.791071,842.842471,808.576363,776.956250,741.161073,704.020275,666.312054,625.422843,583.416276,542.173661,501.653323,459.811480,415.988839,370.941495,323.690286,274.661607,225.773900,177.503068,130.600893,85.667536,40.664643,6.442411,0.134781,0.551711,0.000000,0.003790,0.039608,0.000000,0.000271,0.002843,0.000000,0.000000,0.000175,0.000000,0.000000,0.000000,0.000000,0.000000,0.000000,0.000000,0.000000,0.000000,0.000000,0.000000,0.000000,0.000000,0.000000,0.000000,0.000000,0.000000,0.000000,0.000000,0.000000,0.000000,0.000000,0.000000,0.000000,0.000000,0.000000,0.000000,0.000000,0.000000,0.000000,0.000000
0.000000,0.000000,0.000000,0.000000,0.000000,0.000000,0.000000,0.000000,0.000000,0.000000,0.000000,0.000000,0.000000,0.000000,0.000000,0.000000,0.000000,0.000000,0.000000,0.000000,0.000000,0.000000,0.000000,0.000000,0.000000,0.000000,0.000000,0.000000,0.000000,0.000000,0.000157,0.000000,0.000000,0.002768,0.000000,0.000000,0.038813,0.000013,0.000000,0.540579,0.089920,6.130804,39.535283,82.761393,126.078571,173.209507,221.409321,270.416518,322.288410,371.554474,416.787500,462.167650,510.118020,555.774554,591.234396,623.384146,658.688393,697.854854,735.477587,767.813393,796.202476,829.132494,863.060268,885.466257,902.657652,916.690179,924.548982,938.611452,957.826786,968.767974,977.407199,981.070982,970.697719,965.380792,967.783929,961.669177,949.575306,936.908929,924.940686,906.942114,878.791071,842.842471,808.576363,776.956250,741.161073,704.020275,666.312054,625.422843,583.416276,542.173661,501.653323,459.811480,415.988839,370.941495,323.690286,274.661607,225.773900,177.503068,130.600893,85.667536,40.664643,6.442411,0.134781,0.551711,0.000000,0.003790,0.039608,0.000000,0.000271,0.002843,0.000000,0.000000,0.000175,0.000000,0.000000,0.000000,0.000000,0.000000,0.000000,0.000000,0.000000,0.000000,0.000000,0.000000,0.000000,0.000000,0.000000,0.000000,0.000000,0.000000,0.000000,0.000000,0.000000,0.000000,0.000000,0.000000,0.000000,0.000000,0.000000,0.000000,0.000000,0.000000,0.000000,0.000000
0.000000,0.000000,0.000000,0.000000,0.000000,0.000000,0.000000,0.000000,0.000000,0.000000,0.000000,0.000000,0.000000,0.000000,0.000000,0.000000,0.000000,0.000000,0.000000,0.000000,0.000000,0.000000,0.000000,0.000000,0.000000,0.000000,0.000000,0.000000,0.000000,0.000000,0.000157,0.000000,0.000000,0.002768,0.000000,0.000000,0.038813,0.000013,0.000000,0.540579,0.089920,6.130804,39.535283,82.761393,126.078571,173.209507,221.409321,270.416518,322.288410,371.554474,416.787500,462.167650,510.118020,555.774554,591.234396,623.384146,658.688393,697.854854,735.477587,767.813393,796.202476,829.132494,863.060268,885.466257,902.657652,916.690179,924.548982,938.611452,957.826786,968.767974,977.407199,981.070982,970.697719,965.380792,967.783929,961.669177,949.575306,936.908929,924.940686,906.942114,878.791071,842.842471,808.576363,776.956250,741.161073,704.020275,666.312054,625.422843,583.416276,542.173661,501.653323,459.811480,415.988839,370.941495,323.690286,274.661607,225.773900,177.503068,130.600893,85.667536,40.664643,6.442411,0.134781,0.551711,0.000000,0.003790,0.039608,0.000000,0.000271,0.002843,0.000000,0.000000,0.000175,0.000000,0.000000,0.000000,0.000000,0.000000,0.000000,0.000000,0.000000,0.000000,0.000000,0.000000,0.000000,0.000000,0.000000,0.000000,0.000000,0.000000,0.000000,0.000000,0.000000,0.000000,0.000000,0.000000,0.000000,0.000000,0.000000,0.000000,0.000000,0.000000,0.000000,0.000000
0.000000,0.000000,0.000000,0.000000,0.000000,0.000000,0.000000,0.000000,0.000000,0.000000,0.000000,0.000000,0.000000,0.000000,0.000000,0.000000,0.000000,0.000000,0.000000,0.000000,0.000000,0.000000,0.000000,0.000000,0.000000,0.000000,0.000000,0.000000,0.000000,0.000000,0.000157,0.000000,0.000000,0.002768,0.000000,0.000000,0.038813,0.000013,0.000000,0.540579,0.089920,6.130804,39.535283,82.761393,126.078571,173.209507,221.409321,270.416518,322.288410,371.554474,416.787500,462.167650,510.118020,555.774554,591.234396,623.384146,658.688393,697.854854,735.477587,767.813393,796.202476,829.132494,863.060268,885.466257,902.657652,916.690179,924.548982,938.611452,957.826786,968.767974,977.407199,981.070982,970.697719,965.380792,967.783929,961.669177,949.575306,936.908929,924.940686,906.942114,878.791071,842.842471,808.576363,776.956250,741.161073,704.020275,666.312054,625.422843,583.416276,542.173661,501.653323,459.811480,415.988839,370.941495,323.690286,274.661607,225.773900,177.503068,130.600893,85.667536,40.664643,6.442411,0.134781,0.551711,0.000000,0.003790,0.039608,0.000000,0.000271,0.002843,0.000000,0.000000,0.000175,0.000000,0.000000,0.000000,0.000000,0.000000,0.000000,0.000000,0.000000,0.000000,0.000000,0.000000,0.000000,0.000000,0.000000,0.000000,0.000000,0.000000,0.000000,0.000000,0.000000,0.000000,0.000000,0.000000,0.000000,0.000000,0.000000,0.000000,0.000000,0.000000,0.000000,0.000000
0.000000,0.000000,0.000000,0.000000,0.000000,0.000000,0.000000,0.000000,0.000000,0.000000,0.000000,0.000000,0.000000,0.000000,0.000000,0.000000,0.000000,0.000000,0.000000,0.000000,0.000000,0.000000,0.000000,0.000000,0.000000,0.000000,0.000000,0.000000,0.000000,0.000000,0.000157,0.000000,0.000000,0.002768,0.000000,0.000000,0.038813,0.000013,0.000000,0.540579,0.089920,6.130804,39.535283,82.761393,126.078571,173.209507,221.409321,270.416518,322.288410,371.554474,416.787500,462.167650,510.118020,555.774554,591.234396,623.384146,658.688393,697.854854,735.477587,767.813393,796.202476,829.132494,863.060268,885.466257,902.657652,916.690179,924.548982,938.611452,957.826786,968.767974,977.407199,981.070982,970.697719,965.380792,967.783929,961.669177,949.575306,936.908929,924.940686,906.942114,878.791071,842.842471,808.576363,776.956250,741.161073,704.020275,666.312054,625.422843,583.416276,542.173661,501.653323,459.811480,415.988839,370.941495,323.690286,274.661607,225.773900,177.503068,130.600893,85.667536,40.664643,6.442411,0.134781,0.551711,0.000000,0.003790,0.039608,0.000000,0.000271,0.002843,0.000000,0.000000,0.000175,0.000000,0.000000,0.000000,0.000000,0.000000,0.000000,0.000000,0.000000,0.000000,0.000000,0.000000,0.000000,0.000000,0.000000,0.000000,0.000000,0.000000,0.000000,0.000000,0.000000,0.000000,0.000000,0.000000,0.000000,0.000000,0.000000,0.000000,0.000000,0.000000,0.000000,0.000000
0.000000,0.000000,0.000000,0.000000,0.000000,0.000000,0.000000,0.000000,0.000000,0.000000,0.000000,0.000000,0.000000,0.000000,0.000000,0.000000,0.000000,0.000000,0.000000,0.000000,0.000000,0.000000,0.000000,0.000000,0.000000,0.000000,0.000000,0.000000,0.000000,0.000000,0.000157,0.000000,0.000000,0.002768,0.000000,0.000000,0.038813,0.000013,0.000000,0.540579,0.089920,6.130804,39.535283,82.761393,126.078571,173.209507,221.409321,270.416518,322.288410,371.554474,416.787500,462.167650,510.118020,555.774554,591.234396,623.384146,658.688393,697.854854,735.477587,767.813393,796.202476,829.132494,863.060268,885.466257,902.657652,916.690179,924.548982,938.611452,957.826786,968.767974,977.407199,981.070982,970.697719,965.380792,967.783929,961.669177,949.575306,936.908929,924.940686,906.942114,878.791071,842.842471,808.576363,776.956250,741.161073,704.020275,666.312054,625.422843,583.416276,542.173661,501.653323,459.811480,415.988839,370.941495,323.690286,274.661607,225.773900,177.503068,130.600893,85.667536,40.664643,6.442411,0.134781,0.551711,0.000000,0.003790,0.039608,0.000000,0.000271,0.002843,0.000000,0.000000,0.000175,0.000000,0.000000,0.000000,0.000000,0.000000,0.000000,0.000000,0.000000,0.000000,0.000000,0.000000,0.000000,0.000000,0.000000,0.000000,0.000000,0.000000,0.000000,0.000000,0.000000,0.000000,0.000000,0.000000,0.000000,0.000000,0.000000,0.000000,0.000000,0.000000,0.000000,0.000000
0.000000,0.000000,0.000000,0.000000,0.000000,0.000000,0.000000,0.000000,0.000000,0.000000,0.000000,0.000000,0.000000,0.000000,0.000000,0.000000,0.000000,0.000000,0.000000,0.000000,0.000000,0.000000,0.000000,0.000000,0.000000,0.000000,0.000000,0.000000,0.000000,0.000000,0.000157,0.000000,0.000000,0.002768,0.000000,0.000000,0.038813,0.000013,0.000000,0.540579,0.089920,6.130804,39.535283,82.761393,126.078571,173.209507,221.409321,270.416518,322.288410,371.554474,416.787500,462.167650,510.118020,555.774554,591.234396,623.384146,658.688393,697.854854,735.477587,767.813393,796.202476,829.132494,863.060268,885.466257,902.657652,916.690179,924.548982,938.611452,957.826786,968.767974,977.407199,981.070982,970.697719,965.380792,967.783929,961.669177,949.575306,936.908929,924.940686,906.942114,878.791071,842.842471,808.576363,776.956250,741.161073,704.020275,666.312054,625.422843,583.416276,542.173661,501.653323,459.811480,415.988839,370.941495,323.690286,274.661607,225.773900,177.503068,130.600893,85.667536,40.664643,6.442411,0.134781,0.551711,0.000000,0.003790,0.039608,0.000000,0.000271,0.002843,0.000000,0.000000,0.000175,0.000000,0.000000,0.000000,0.000000,0.000000,0.000000,0.000000,0.000000,0.000000,0.000000,0.000000,0.000000,0.000000,0.000000,0.000000,0.000000,0.000000,0.000000,0.000000,0.000000,0.000000,0.000000,0.000000,0.000000,0.000000,0.000000,0.000000,0.000000,0.000000,0.000000,0.000000
0.000000,0.000000,0.000000,0.000000,0.000000,0.000000,0.000000,0.000000,0.000000,0.000000,0.000000,0.000000,0.000000,0.000000,0.000000,0.000000,0.000000,0.000000,0.000000,0.000000,0.000000,0.000000,0.000000,0.000000,0.000000,0.000000,0.000000,0.000000,0.000000,0.000000,0.000157,0.000000,0.000000,0.002768,0.000000,0.000000,0.038813,0.000013,0.000000,0.540579,0.089920,6.130804,39.535283,82.761393,126.078571,173.209507,221.409321,270.416518,322.288410,371.554474,416.787500,462.167650,510.118020,555.774554,591.234396,623.384146,658.688393,697.854854,735.477587,767.813393,796.202476,829.132494,863.060268,885.466257,902.657652,916.690179,924.548982,938.611452,957.826786,968.767974,977.407199,981.070982,970.697719,965.380792,967.783929,961.669177,949.575306,936.908929,924.940686,906.942114,878.791071,842.842471,808.576363,776.956250,741.161073,704.020275,666.312054,625.422843,583.416276,542.173661,501.653323,459.811480,415.988839,370.941495,323.690286,274.661607,225.773900,177.503068,130.600893,85.667536,40.664643,6.442411,0.134781,0.551711,0.000000,0.003790,0.039608,0.000000,0.000271,0.002843,0.000000,0.000000,0.000175,0.000000,0.000000,0.000000,0.000000,0.000000,0.000000,0.000000,0.000000,0.000000,0.000000,0.000000,0.000000,0.000000,0.000000,0.000000,0.000000,0.000000,0.000000,0.000000,0.000000,0.000000,0.000000,0.000000,0.000000,0.000000,0.000000,0.000000,0.000000,0.000000,0.000000,0.000000
0.000000,0.000000,0.000000,0.000000,0.000000,0.000000,0.000000,0.000000,0.000000,0.000000,0.000000,0.000000,0.000000,0.000000,0.000000,0.000000,0.000000,0.000000,0.000000,0.000000,0.000000,0.000000,0.000000,0.000000,0.000000,0.000000,0.000000,0.000000,0.000000,0.000000,0.000157,0.000000,0.000000,0.002768,0.000000,0.000000,0.038813,0.000013,0.000000,0.540579,0.089920,6.130804,39.535283,82.761393,126.078571,173.209507,221.409321,270.416518,322.288410,371.554474,416.787500,462.167650,510.118020,555.774554,591.234396,623.384146,658.688393,697.854854,735.477587,767.813393,796.202476,829.132494,863.060268,885.466257,902.657652,916.690179,924.548982,938.611452,957.826786,968.767974,977.407199,981.070982,970.697719,965.380792,967.783929,961.669177,949.575306,936.908929,924.940686,906.942114,878.791071,842.842471,808.576363,776.956250,741.161073,704.020275,666.312054,625.422843,583.416276,542.173661,501.653323,459.811480,415.988839,370.941495,323.690286,274.661607,225.773900,177.503068,130.600893,85.667536,40.664643,6.442411,0.134781,0.551711,0.000000,0.003790,0.039608,0.000000,0.000271,0.002843,0.000000,0.000000,0.000175,0.000000,0.000000,0.000000,0.000000,0.000000,0.000000,0.000000,0.000000,0.000000,0.000000,0.000000,0.000000,0.000000,0.000000,0.000000,0.000000,0.000000,0.000000,0.000000,0.000000,0.000000,0.000000,0.000000,0.000000,0.000000,0.000000,0.000000,0.000000,0.000000,0.000000,0.000000
0.000000,0.000000,0.000000,0.000000,0.000000,0.000000,0.000000,0.000000,0.000000,0.000000,0.000000,0.000000,0.000000,0.000000,0.000000,0.000000,0.000000,0.000000,0.000000,0.000000,0.000000,0.000000,0.000000,0.000000,0.000000,0.000000,0.000000,0.000000,0.000000,0.000000,0.000157,0.000000,0.000000,0.002768,0.000000,0.000000,0.038813,0.000013,0.000000,0.540579,0.089920,6.130804,39.535283,82.761393,126.078571,173.209507,221.409321,270.416518,322.288410,371.554474,416.787500,462.167650,510.118020,555.774554,591.234396,623.384146,658.688393,697.854854,735.477587,767.813393,796.202476,829.132494,863.060268,885.466257,902.657652,916.690179,924.548982,938.611452,957.826786,968.767974,977.407199,981.070982,970.697719,965.380792,967.783929,961.669177,949.575306,936.908929,924.940686,906.942114,878.791071,842.842471,808.576363,776.956250,741.161073,704.020275,666.312054,625.422843,583.416276,542.173661,501.653323,459.811480,415.988839,370.941495,323.690286,274.661607,225.773900,177.503068,130.600893,85.667536,40.664643,6.442411,0.134781,0.551711,0.000000,0.003790,0.039608,0.000000,0.000271,0.002843,0.000000,0.000000,0.000175,0.000000,0.000000,0.000000,0.000000,0.000000,0.000000,0.000000,0.000000,0.000000,0.000000,0.000000,0.000000,0.000000,0.000000,0.000000,0.000000,0.000000,0.000000,0.000000,0.000000,0.000000,0.000000,0.000000,0.000000,0.000000,0.000000,0.000000,0.000000,0.000000,0.000000,0.000000
0.000000,0.000000,0.000000,0.000000,0.000000,0.000000,0.000000,0.000000,0.000000,0.000000,0.000000,0.000000,0.000000,0.000000,0.000000,0.000000,0.000000,0.000000,0.000000,0.000000,0.000000,0.000000,0.000000,0.000000,0.000000,0.000000,0.000000,0.000000,0.000000,0.000000,0.000157,0.000000,0.000000,0.002768,0.000000,0.000000,0.038813,0.000013,0.000000,0.540579,0.089920,6.130804,39.535283,82.761393,126.078571,173.209507,221.409321,270.416518,322.288410,371.554474,416.787500,462.167650,510.118020,555.774554,591.234396,623.384146,658.688393,697.854854,735.477587,767.813393,796.202476,829.132494,863.060268,885.466257,902.657652,916.690179,924.548982,938.611452,957.826786,968.767974,977.407199,981.070982,970.697719,965.380792,967.783929,961.669177,949.575306,936.908929,924.940686,906.942114,878.791071,842.842471,808.576363,776.956250,741.161073,704.020275,666.312054,625.422843,583.416276,542.173661,501.653323,459.811480,415.988839,370.941495,323.690286,274.661607,225.773900,177.503068,130.600893,85.667536,40.664643,6.442411,0.134781,0.551711,0.000000,0.003790,0.039608,0.000000,0.000271,0.002843,0.000000,0.000000,0.000175,0.000000,0.000000,0.000000,0.000000,0.000000,0.000000,0.000000,0.000000,0.000000,0.000000,0.000000,0.000000,0.000000,0.000000,0.000000,0.000000,0.000000,0.000000,0.000000,0.000000,0.000000,0.000000,0.000000,0.000000,0.000000,0.000000,0.000000,0.000000,0.000000,0.000000,0.000000
0.000000,0.000000,0.000000,0.000000,0.000000,0.000000,0.000000,0.000000,0.000000,0.000000,0.000000,0.000000,0.000000,0.000000,0.000000,0.000000,0.000000,0.000000,0.000000,0.000000,0.000000,0.000000,0.000000,0.000000,0.000000,0.000000,0.000000,0.000000,0.000000,0.000000,0.000157,0.000000,0.000000,0.002768,0.000000,0.000000,0.038813,0.000013,0.000000,0.540579,0.089920,6.130804,39.535283,82.761393,126.078571,173.209507,221.409321,270.416518,322.288410,371.554474,416.787500,462.167650,510.118020,555.774554,591.234396,623.384146,658.688393,697.854854,735.477587,767.813393,796.202476,829.132494,863.060268,885.466257,902.657652,916.690179,924.548982,938.611452,957.826786,968.767974,977.407199,981.070982,970.697719,965.380792,967.783929,961.669177,949.575306,936.908929,924.940686,906.942114,878.791071,842.842471,808.576363,776.956250,741.161073,704.020275,666.312054,625.422843,583.416276,542.173661,501.653323,459.811480,415.988839,370.941495,323.690286,274.661607,225.773900,177.503068,130.600893,85.667536,40.664643,6.442411,0.134781,0.551711,0.000000,0.003790,0.039608,0.000000,0.000271,0.002843,0.000000,0.000000,0.000175,0.000000,0.000000,0.000000,0.000000,0.000000,0.000000,0.000000,0.000000,0.000000,0.000000,0.000000,0.000000,0.000000,0.000000,0.000000,0.000000,0.000000,0.000000,0.000000,0.000000,0.000000,0.000000,0.000000,0.000000,0.000000,0.000000,0.000000,0.000000,0.000000,0.000000,0.000000
0.000000,0.000000,0.000000,0.000000,0.000000,0.000000,0.000000,0.000000,0.000000,0.000000,0.000000,0.000000,0.000000,0.000000,0.000000,0.000000,0.000000,0.000000,0.000000,0.000000,0.000000,0.000000,0.000000,0.000000,0.000000,0.000000,0.000000,0.000000,0.000000,0.000000,0.000157,0.000000,0.000000,0.002768,0.000000,0.000000,0.038813,0.000013,0.000000,0.540579,0.089920,6.130804,39.535283,82.761393,126.078571,173.209507,221.409321,270.416518,322.288410,371.554474,416.787500,462.167650,510.118020,555.774554,591.234396,623.384146,658.688393,697.854854,735.477587,767.813393,796.202476,829.132494,863.060268,885.466257,902.657652,916.690179,924.548982,938.611452,957.826786,968.767974,977.407199,981.070982,970.697719,965.380792,967.783929,961.669177,949.575306,936.908929,924.940686,906.942114,878.791071,842.842471,808.576363,776.956250,741.161073,704.020275,666.312054,625.422843,583.416276,542.173661,501.653323,459.811480,415.988839,370.941495,323.690286,274.661607,225.773900,177.503068,130.600893,85.667536,40.664643,6.442411,0.134781,0.551711,0.000000,0.003790,0.039608,0.000000,0.000271,0.002843,0.000000,0.000000,0.000175,0.000000,0.000000,0.000000,0.000000,0.000000,0.000000,0.000000,0.000000,0.000000,0.000000,0.000000,0.000000,0.000000,0.000000,0.000000,0.000000,0.000000,0.000000,0.000000,0.000000,0.000000,0.000000,0.000000,0.000000,0.000000,0.000000,0.000000,0.000000,0.000000,0.000000,0.000000
0.000000,0.000000,0.000000,0.000000,0.000000,0.000000,0.000000,0.000000,0.000000,0.000000,0.000000,0.000000,0.000000,0.000000,0.000000,0.000000,0.000000,0.000000,0.000000,0.000000,0.000000,0.000000,0.000000,0.000000,0.000000,0.000000,0.000000,0.000000,0.000028,0.000000,0.000079,0.000817,0.000000,0.001384,0.011387,0.000000,0.019407,0.158608,0.000000,0.270289,2.793234,17.625000,53.888187,97.679142,141.583259,188.281392,235.846207,284.314509,335.372899,384.563162,430.787277,477.253117,524.532808,569.495313,608.512014,647.633004,688.736161,727.552482,761.933084,795.079688,832.338399,868.657719,896.697545,913.298260,930.015902,949.467634,964.011245,975.321805,985.258705,993.991316,1003.669332,1007.997098,998.368632,991.908555,992.019643,985.121651,970.857575,955.657143,944.634573,925.256978,895.295759,864.791078,833.846071,799.813170,761.279975,722.101527,685.388839,650.512938,610.554495,566.634598,525.852737,481.308798,432.694196,387.122014,340.813604,291.908705,242.818569,194.070048,146.645313,101.504685,56.107943,18.438393,2.921875,0.275855,0.000000,0.166374,0.019804,0.000000,0.011944,0.001421,0.000000,0.000849,0.000088,0.000000,0.000030,0.000000,0.000000,0.000000,0.000000,0.000000,0.000000,0.000000,0.000000,0.000000,0.000000,0.000000,0.000000,0.000000,0.000000,0.000000,0.000000,0.000000,0.000000,0.000000,0.000000,0.000000,0.000000,0.000000,0.000000,0.000000,0.000000,0.000000,0.000000,0.000000
0.000000,0.000000,0.000000,0.000000,0.000000,0.000000,0.000000,0.000000,0.000000,0.000000,0.000000,0.000000,0.000000,0.000000,0.000000,0.000000,0.000000,0.000000,0.000000,0.000000,0.000000,0.000000,0.000000,0.000000,0.000000,0.000000,0.000000,0.000000,0.000028,0.000000,0.000079,0.000817,0.000000,0.001384,0.011387,0.000000,0.019407,0.158608,0.000000,0.270289,2.793234,17.625000,53.888187,97.679142,141.583259,188.281392,235.846207,284.314509,335.372899,384.563162,430.787277,477.253117,524.532808,569.495313,608.512014,647.633004,688.736161,727.552482,761.933084,795.079688,832.338399,868.657719,896.697545,913.298260,930.015902,949.467634,964.011245,975.321805,985.258705,993.991316,1003.669332,1007.997098,998.368632,991.908555,992.019643,985.121651,970.857575,955.657143,944.634573,925.256978,895.295759,864.791078,833.846071,799.813170,761.279975,722.101527,685.388839,650.512938,610.554495,566.634598,525.852737,481.308798,432.694196,387.122014,340.813604,291.908705,242.818569,194.070048,146.645313,101.504685,56.107943,18.438393,2.921875,0.275855,0.000000,0.166374,0.019804,0.000000,0.011944,0.001421,0.000000,0.000849,0.000088,0.000000,0.000030,0.000000,0.000000,0.000000,0.000000,0.000000,0.000000,0.000000,0.000000,0.000000,0.000000,0.000000,0.000000,0.000000,0.000000,0.000000,0.000000,0.000000,0.000000,0.000000,0.000000,0.000000,0.000000,0.000000,0.000000,0.000000,0.000000,0.000000,0.000000,0.000000
0.000000,0.000000,0.000000,0.000000,0.000000,0.000000,0.000000,0.000000,0.000000,0.000000,0.000000,0.000000,0.000000,0.000000,0.000000,0.000000,0.000000,0.000000,0.000000,0.000000,0.000000,0.000000,0.000000,0.000000,0.000000,0.000000,0.000000,0.000000,0.000028,0.000000,0.000079,0.000817,0.000000,0.001384,0.011387,0.000000,0.019407,0.158608,0.000000,0.270289,2.793234,17.625000,53.888187,97.679142,141.583259,188.281392,235.846207,284.314509,335.372899,384.563162,430.787277,477.253117,524.532808,569.495313,608.512014,647.633004,688.736161,727.552482,761.933084,795.079688,832.338399,868.657719,896.697545,913.298260,930.015902,949.467634,964.011245,975.321805,985.258705,993.991316,1003.669332,1007.997098,998.368632,991.908555,992.019643,985.121651,970.857575,955.657143,944.634573,925.256978,895.295759,864.791078,833.846071,799.813170,761.279975,722.101527,685.388839,650.512938,610.554495,566.634598,525.852737,481.308798,432.694196,387.122014,340.813604,291.908705,242.818569,194.070048,146.645313,101.504685,56.107943,18.438393,2.921875,0.275855,0.000000,0.166374,0.019804,0.000000,0.011944,0.001421,0.000000,0.000849,0.000088,0.000000,0.000030,0.000000,0.000000,0.000000,0.000000,0.000000,0.000000,0.000000,0.000000,0.000000,0.000000,0.000000,0.000000,0.000000,0.000000,0.000000,0.000000,0.000000,0.000000,0.000000,0.000000,0.000000,0.000000,0.000000,0.000000,0.000000,0.000000,0.000000,0.000000,0.000000
0.000000,0.000000,0.000000,0.000000,0.000000,0.000000,0.000000,0.000000,0.000000,0.000000,0.000000,0.000000,0.000000,0.000000,0.000000,0.000000,0.000000,0.000000,0.000000,0.000000,0.000000,0.000000,0.000000,0.000000,0.000000,0.000000,0.000000,0.000000,0.000028,0.000000,0.000079,0.000817,0.000000,0.001384,0.011387,0.000000,0.019407,0.158608,0.000000,0.270289,2.793234,17.625000,53.888187,97.679142,141.583259,188.281392,235.846207,284.314509,335.372899,384.563162,430.787277,477.253117,524.532808,569.495313,608.512014,647.633004,688.736161,727.552482,761.933084,795.079688,832.338399,868.657719,896.697545,913.298260,930.015902,949.467634,964.011245,975.321805,985.258705,993.991316,1003.669332,1007.997098,998.368632,991.908555,992.019643,985.121651,970.857575,955.657143,944.634573,925.256978,895.295759,864.791078,833.846071,799.813170,761.279975,722.101527,685.388839,650.512938,610.554495,566.634598,525.852737,481.308798,432.694196,387.122014,340.813604,291.908705,242.818569,194.070048,146.645313,101.504685,56.107943,18.438393,2.921875,0.275855,0.000000,0.166374,0.019804,0.000000,0.011944,0.001421,0.000000,0.000849,0.000088,0.000000,0.000030,0.000000,0.000000,0.000000,0.000000,0.000000,0.000000,0.000000,0.000000,0.000000,0.000000,0.000000,0.000000,0.000000,0.000000,0.000000,0.000000,0.000000,0.000000,0.000000,0.000000,0.000000,0.000000,0.000000,0.000000,0.000000,0.000000,0.000000,0.000000,0.000000
0.000000,0.000000,0.000000,0.000000,0.000000,0.000000,0.000000,0.000000,0.000000,0.000000,0.000000,0.000000,0.000000,0.000000,0.000000,0.000000,0.000000,0.000000,0.000000,0.000000,0.000000,0.000000,0.000000,0.000000,0.000000,0.000000,0.000000,0.000000,0.000028,0.000000,0.000079,0.000817,0.000000,0.001384,0.011387,0.000000,0.019407,0.158608,0.000000,0.270289,2.793234,17.625000,53.888187,97.679142,141.583259,188.281392,235.846207,284.314509,335.372899,384.563162,430.787277,477.253117,524.532808,569.495313,608.512014,647.633004,688.736161,727.552482,761.933084,795.079688,832.338399,868.657719,896.697545,913.298260,930.015902,949.467634,964.011245,975.321805,985.258705,993.991316,1003.669332,1007.997098,998.368632,991.908555,992.019643,985.121651,970.857575,955.657143,944.634573,925.256978,895.295759,864.791078,833.846071,799.813170,761.279975,722.101527,685.388839,650.512938,610.554495,566.634598,525.852737,481.308798,432.694196,387.122014,340.813604,291.908705,242.818569,194.070048,146.645313,101.504685,56.107943,18.438393,2.921875,0.275855,0.000000,0.166374,0.019804,0.000000,0.011944,0.001421,0.000000,0.000849,0.000088,0.000000,0.000030,0.000000,0.000000,0.000000,0.000000,0.000000,0.000000,0.000000,0.000000,0.000000,0.000000,0.000000,0.000000,0.000000,0.000000,0.000000,0.000000,0.000000,0.000000,0.000000,0.000000,0.000000,0.000000,0.000000,0.000000,0.000000,0.000000,0.000000,0.000000,0.000000
0.000000,0.000000,0.000000,0.000000,0.000000,0.000000,0.000000,0.000000,0.000000,0.000000,0.000000,0.000000,0.000000,0.000000,0.000000,0.000000,0.000000,0.000000,0.000000,0.000000,0.000000,0.000000,0.000000,0.000000,0.000000,0.000000,0.000000,0.000000,0.000028,0.000000,0.000079,0.000817,0.000000,0.001384,0.011387,0.000000,0.019407,0.158608,0.000000,0.270289,2.793234,17.625000,53.888187,97.679142,141.583259,188.281392,235.846207,284.314509,335.372899,384.563162,430.787277,477.253117,524.532808,569.495313,608.512014,647.633004,688.736161,727.552482,761.933084,795.079688,832.338399,868.657719,896.697545,913.298260,930.015902,949.467634,964.011245,975.321805,985.258705,993.991316,1003.669332,1007.997098,998.368632,991.908555,992.019643,985.121651,970.857575,955.657143,944.634573,925.256978,895.295759,864.791078,833.846071,799.813170,761.279975,722.101527,685.388839,650.512938,610.554495,566.634598,525.852737,481.308798,432.694196,387.122014,340.813604,291.908705,242.818569,194.070048,146.645313,101.504685,56.107943,18.438393,2.921875,0.275855,0.000000,0.166374,0.019804,0.000000,0.011944,0.001421,0.000000,0.000849,0.000088,0.000000,0.000030,0.000000,0.000000,0.000000,0.000000,0.000000,0.000000,0.000000,0.000000,0.000000,0.000000,0.000000,0.000000,0.000000,0.000000,0.000000,0.000000,0.000000,0.000000,0.000000,0.000000,0.000000,0.000000,0.000000,0.000000,0.000000,0.000000,0.000000,0.000000,0.000000
0.000000,0.000000,0.000000,0.000000,0.000000,0.000000,0.000000,0.000000,0.000000,0.000000,0.000000,0.000000,0.000000,0.000000,0.000000,0.000000,0.000000,0.000000,0.000000,0.000000,0.000000,0.000000,0.000000,0.000000,0.000000,0.000000,0.000000,0.000000,0.000028,0.000000,0.000079,0.000817,0.000000,0.001384,0.011387,0.000000,0.019407,0.158608,0.000000,0.270289,2.793234,17.625000,53.888187,97.679142,141.583259,188.281392,235.846207,284.314509,335.372899,384.563162,430.787277,477.253117,524.532808,569.495313,608.512014,647.633004,688.736161,727.552482,761.933084,795.079688,832.338399,868.657719,896.697545,913.298260,930.015902,949.467634,964.011245,975.321805,985.258705,993.991316,1003.669332,1007.997098,998.368632,991.908555,992.019643,985.121651,970.857575,955.657143,944.634573,925.256978,895.295759,864.791078,833.846071,799.813170,761.279975,722.101527,685.388839,650.512938,610.554495,566.634598,525.852737,481.308798,432.694196,387.122014,340.813604,291.908705,242.818569,194.070048,146.645313,101.504685,56.107943,18.438393,2.921875,0.275855,0.000000,0.166374,0.019804,0.000000,0.011944,0.001421,0.000000,0.000849,0.000088,0.000000,0.000030,0.000000,0.000000,0.000000,0.000000,0.000000,0.000000,0.000000,0.000000,0.000000,0.000000,0.000000,0.000000,0.000000,0.000000,0.000000,0.000000,0.000000,0.000000,0.000000,0.000000,0.000000,0.000000,0.000000,0.000000,0.000000,0.000000,0.000000,0.000000,0.000000
0.000000,0.000000,0.000000,0.000000,0.000000,0.000000,0.000000,0.000000,0.000000,0.000000,0.000000,0.000000,0.000000,0.000000,0.000000,0.000000,0.000000,0.000000,0.000000,0.000000,0.000000,0.000000,0.000000,0.000000,0.000000,0.000000,0.000000,0.000000,0.000028,0.000000,0.000079,0.000817,0.000000,0.001384,0.011387,0.000000,0.019407,0.158608,0.000000,0.270289,2.793234,17.625000,53.888187,97.679142,141.583259,188.281392,235.846207,284.314509,335.372899,384.563162,430.787277,477.253117,524.532808,569.495313,608.512014,647.633004,688.736161,727.552482,761.933084,795.079688,832.338399,868.657719,896.697545,913.298260,930.015902,949.467634,964.011245,975.321805,985.258705,993.991316,1003.669332,1007.997098,998.368632,991.908555,992.019643,985.121651,970.857575,955.657143,944.634573,925.256978,895.295759,864.791078,833.846071,799.813170,761.279975,722.101527,685.388839,650.512938,610.554495,566.634598,525.852737,481.308798,432.694196,387.122014,340.813604,291.908705,242.818569,194.070048,146.645313,101.504685,56.107943,18.438393,2.921875,0.275855,0.000000,0.166374,0.019804,0.000000,0.011944,0.001421,0.000000,0.000849,0.000088,0.000000,0.000030,0.000000,0.000000,0.000000,0.000000,0.000000,0.000000,0.000000,0.000000,0.000000,0.000000,0.000000,0.000000,0.000000,0.000000,0.000000,0.000000,0.000000,0.000000,0.000000,0.000000,0.000000,0.000000,0.000000,0.000000,0.000000,0.000000,0.000000,0.000000,0.000000
0.000000,0.000000,0.000000,0.000000,0.000000,0.000000,0.000000,0.000000,0.000000,0.000000,0.000000,0.000000,0.000000,0.000000,0.000000,0.000000,0.000000,0.000000,0.000000,0.000000,0.000000,0.000000,0.000000,0.000000,0.000000,0.000000,0.000000,0.000000,0.000028,0.000000,0.000079,0.000817,0.000000,0.001384,0.011387,0.000000,0.019407,0.158608,0.000000,0.270289,2.793234,17.625000,53.888187,97.679142,141.583259,188.281392,235.846207,284.314509,335.372899,384.563162,430.787277,477.253117,524.532808,569.495313,608.512014,647.633004,688.736161,727.552482,761.933084,795.079688,832.338399,868.657719,896.697545,913.298260,930.015902,949.467634,964.011245,975.321805,985.258705,993.991316,1003.669332,1007.997098,998.368632,991.908555,992.019643,985.121651,970.857575,955.657143,944.634573,925.256978,895.295759,864.791078,833.846071,799.813170,761.279975,722.101527,685.388839,650.512938,610.554495,566.634598,525.852737,481.308798,432.694196,387.122014,340.813604,291.908705,242.818569,194.070048,146.645313,101.504685,56.107943,18.438393,2.921875,0.275855,0.000000,0.166374,0.019804,0.000000,0.011944,0.001421,0.000000,0.000849,0.000088,0.000000,0.000030,0.000000,0.000000,0.000000,0.000000,0.000000,0.000000,0.000000,0.000000,0.000000,0.000000,0.000000,0.000000,0.000000,0.000000,0.000000,0.000000,0.000000,0.000000,0.000000,0.000000,0.000000,0.000000,0.000000,0.000000,0.000000,0.000000,0.000000,0.000000,0.000000
0.000000,0.000000,0.000000,0.000000,0.000000,0.000000,0.000000,0.000000,0.000000,0.000000,0.000000,0.000000,0.000000,0.000000,0.000000,0.000000,0.000000,0.000000,0.000000,0.000000,0.000000,0.000000,0.000000,0.000000,0.000000,0.000000,0.000000,0.000000,0.000028,0.000000,0.000079,0.000817,0.000000,0.001384,0.011387,0.000000,0.019407,0.158608,0.000000,0.270289,2.793234,17.625000,53.888187,97.679142,141.583259,188.281392,235.846207,284.314509,335.372899,384.563162,430.787277,477.253117,524.532808,569.495313,608.512014,647.633004,688.736161,727.552482,761.933084,795.079688,832.338399,868.657719,896.697545,913.298260,930.015902,949.467634,964.011245,975.321805,985.258705,993.991316,1003.669332,1007.997098,998.368632,991.908555,992.019643,985.121651,970.857575,955.657143,944.634573,925.256978,895.295759,864.791078,833.846071,799.813170,761.279975,722.101527,685.388839,650.512938,610.554495,566.634598,525.852737,481.308798,432.694196,387.122014,340.813604,291.908705,242.818569,194.070048,146.645313,101.504685,56.107943,18.438393,2.921875,0.275855,0.000000,0.166374,0.019804,0.000000,0.011944,0.001421,0.000000,0.000849,0.000088,0.000000,0.000030,0.000000,0.000000,0.000000,0.000000,0.000000,0.000000,0.000000,0.000000,0.000000,0.000000,0.000000,0.000000,0.000000,0.000000,0.000000,0.000000,0.000000,0.000000,0.000000,0.000000,0.000000,0.000000,0.000000,0.000000,0.000000,0.000000,0.000000,0.000000,0.000000
0.000000,0.000000,0.000000,0.000000,0.000000,0.000000,0.000000,0.000000,0.000000,0.000000,0.000000,0.000000,0.000000,0.000000,0.000000,0.000000,0.000000,0.000000,0.000000,0.000000,0.000000,0.000000,0.000000,0.000000,0.000000,0.000000,0.000000,0.000000,0.000028,0.000000,0.000079,0.000817,0.000000,0.001384,0.011387,0.000000,0.019407,0.158608,0.000000,0.270289,2.793234,17.625000,53.888187,97.679142,141.583259,188.281392,235.846207,284.314509,335.372899,384.563162,430.787277,477.253117,524.532808,569.495313,608.512014,647.633004,688.736161,727.552482,761.933084,795.079688,832.338399,868.657719,896.697545,913.298260,930.015902,949.467634,964.011245,975.321805,985.258705,993.991316,1003.669332,1007.997098,998.368632,991.908555,992.019643,985.121651,970.857575,955.657143,944.634573,925.256978,895.295759,864.791078,833.846071,799.813170,761.279975,722.101527,685.388839,650.512938,610.554495,566.634598,525.852737,481.308798,432.694196,387.122014,340.813604,291.908705,242.818569,194.070048,146.645313,101.504685,56.107943,18.438393,2.921875,0.275855,0.000000,0.166374,0.019804,0.000000,0.011944,0.001421,0.000000,0.000849,0.000088,0.000000,0.000030,0.000000,0.000000,0.000000,0.000000,0.000000,0.000000,0.000000,0.000000,0.000000,0.000000,0.000000,0.000000,0.000000,0.000000,0.000000,0.000000,0.000000,0.000000,0.000000,0.000000,0.000000,0.000000,0.000000,0.000000,0.000000,0.000000,0.000000,0.000000,0.000000
0.000000,0.000000,0.000000,0.000000,0.000000,0.000000,0.000000,0.000000,0.000000,0.000000,0.000000,0.000000,0.000000,0.000000,0.000000,0.000000,0.000000,0.000000,0.000000,0.000000,0.000000,0.000000,0.000000,0.000000,0.000000,0.000000,0.000000,0.000000,0.000028,0.000000,0.000079,0.000817,0.000000,0.001384,0.011387,0.000000,0.019407,0.158608,0.000000,0.270289,2.793234,17.625000,53.888187,97.679142,141.583259,188.281392,235.846207,284.314509,335.372899,384.563162,430.787277,477.253117,524.532808,569.495313,608.512014,647.633004,688.736161,727.552482,761.933084,795.079688,832.338399,868.657719,896.697545,913.298260,930.015902,949.467634,964.011245,975.321805,985.258705,993.991316,1003.669332,1007.997098,998.368632,991.908555,992.019643,985.121651,970.857575,955.657143,944.634573,925.256978,895.295759,864.791078,833.846071,799.813170,761.279975,722.101527,685.388839,650.512938,610.554495,566.634598,525.852737,481.308798,432.694196,387.122014,340.813604,291.908705,242.818569,194.070048,146.645313,101.504685,56.107943,18.438393,2.921875,0.275855,0.000000,0.166374,0.019804,0.000000,0.011944,0.001421,0.000000,0.000849,0.000088,0.000000,0.000030,0.000000,0.000000,0.000000,0.000000,0.000000,0.000000,0.000000,0.000000,0.000000,0.000000,0.000000,0.000000,0.000000,0.000000,0.000000,0.000000,0.000000,0.000000,0.000000,0.000000,0.000000,0.000000,0.000000,0.000000,0.000000,0.000000,0.000000,0.000000,0.000000
0.000000,0.000000,0.000000,0.000000,0.000000,0.000000,0.000000,0.000000,0.000000,0.000000,0.000000,0.000000,0.000000,0.000000,0.000000,0.000000,0.000000,0.000000,0.000000,0.000000,0.000000,0.000000,0.000000,0.000000,0.000000,0.000000,0.000000,0.000000,0.000028,0.000000,0.000079,0.000817,0.000000,0.001384,0.011387,0.000000,0.019407,0.158608,0.000000,0.270289,2.793234,17.625000,53.888187,97.679142,141.583259,188.281392,235.846207,284.314509,335.372899,384.563162,430.787277,477.253117,524.532808,569.495313,608.512014,647.633004,688.736161,727.552482,761.933084,795.079688,832.338399,868.657719,896.697545,913.298260,930.015902,949.467634,964.011245,975.321805,985.258705,993.991316,1003.669332,1007.997098,998.368632,991.908555,992.019643,985.121651,970.857575,955.657143,944.634573,925.256978,895.295759,864.791078,833.846071,799.813170,761.279975,722.101527,685.388839,650.512938,610.554495,566.634598,525.852737,481.308798,432.694196,387.122014,340.813604,291.908705,242.818569,194.070048,146.645313,101.504685,56.107943,18.438393,2.921875,0.275855,0.000000,0.166374,0.019804,0.000000,0.011944,0.001421,0.000000,0.000849,0.000088,0.000000,0.000030,0.000000,0.000000,0.000000,0.000000,0.000000,0.000000,0.000000,0.000000,0.000000,0.000000,0.000000,0.000000,0.000000,0.000000,0.000000,0.000000,0.000000,0.000000,0.000000,0.000000,0.000000,0.000000,0.000000,0.000000,0.000000,0.000000,0.000000,0.000000,0.000000
0.000000,0.000000,0.000000,0.000000,0.000000,0.000000,0.000000,0.000000,0.000000,0.000000,0.000000,0.000000,0.000000,0.000000,0.000000,0.000000,0.000000,0.000000,0.000000,0.000000,0.000000,0.000000,0.000000,0.000000,0.000000,0.000000,0.000000,0.000000,0.000028,0.000000,0.000079,0.000817,0.000000,0.001384,0.011387,0.000000,0.019407,0.158608,0.000000,0.270289,2.793234,17.625000,53.888187,97.679142,141.583259,188.281392,235.846207,284.314509,335.372899,384.563162,430.787277,477.253117,524.532808,569.495313,608.512014,647.633004,688.736161,727.552482,761.933084,795.079688,832.338399,868.657719,896.697545,913.298260,930.015902,949.467634,964.011245,975.321805,985.258705,993.991316,1003.669332,1007.997098,998.368632,991.908555,992.019643,985.121651,970.857575,955.657143,944.634573,925.256978,895.295759,864.791078,833.846071,799.813170,761.279975,722.101527,685.388839,650.512938,610.554495,566.634598,525.852737,481.308798,432.694196,387.122014,340.813604,291.908705,242.818569,194.070048,146.645313,101.504685,56.107943,18.438393,2.921875,0.275855,0.000000,0.166374,0.019804,0.000000,0.011944,0.001421,0.000000,0.000849,0.000088,0.000000,0.000030,0.000000,0.000000,0.000000,0.000000,0.000000,0.000000,0.000000,0.000000,0.000000,0.000000,0.000000,0.000000,0.000000,0.000000,0.000000,0.000000,0.000000,0.000000,0.000000,0.000000,0.000000,0.000000,0.000000,0.000000,0.000000,0.000000,0.000000,0.000000,0.000000
0.033885,0.033885,0.033885,0.033885,0.000000,0.000000,0.015115,0.440163,0.015115,0.015115,0.015115,0.553859,0.015115,2.900823,0.558649,0.015115,0.015115,3.036060,0.015115,2.900823,2.900823,2.892063,0.297204,2.641110,2.396872,2.616144,0.155484,2.643307,2.399069,2.638483,2.002233,2.246471,1.988410,2.209867,1.401324,1.528506,2.105771,1.731037,1.983388,16.543759,50.753768,101.169845,144.872527,190.864932,242.767115,293.921153,341.690105,384.355984,426.806042,473.811326,517.654605,554.503815,615.414531,668.100197,722.020315,726.473390,778.521818,837.638366,865.922212,890.483692,904.857570,954.687767,980.435788,1032.947705,1048.066728,1045.829218,1071.449814,1091.671017,1108.212198,1110.877429,1113.935375,1129.840561,1140.651801,1138.565257,1139.562108,1135.534430,1131.146605,1120.476045,1122.076666,1145.915111,1142.679766,1075.852052,1038.760908,959.401740,915.910683,899.265289,852.349163,796.889136,782.410128,722.292746,688.110575,648.049917,594.827922,527.364573,481.077589,417.230441,359.151574,301.561058,244.956337,191.538344,144.000536,97.562101,52.203317,16.714016,4.405810,4.436903,2.805265,1.585373,1.585373,1.835248,1.583821,1.583821,1.583821,1.583821,1.583821,1.583821,1.585373,1.377244,1.583821,1.583821,1.583821,1.836506,2.023052,1.836506,1.838058,1.797962,1.865655,1.947313,1.659077,1.631390,2.241600,0.000000,0.000000,0.000000,0.186074,0.186074,0.186074,0.186074,0.000000,0.000000,0.000000,0.000000,0.000000,0.333265
0.000000,0.000000,0.000000,0.000000,0.000000,0.000000,0.000000,0.000000,0.000000,0.000000,0.000000,0.000000,0.000000,0.000000,1.459705,0.000000,0.394271,2.871682,0.000000,0.000000,0.000000,2.704451,2.451767,2.451767,2.478929,2.234692,2.230763,1.643224,2.234692,2.800584,2.164334,2.164334,2.371967,2.395201,1.563425,1.424858,2.125384,1.796018,1.796018,19.362256,52.537093,101.401859,150.520679,192.020272,244.452131,297.133852,349.787352,401.570337,450.795756,506.193930,562.115562,600.266639,666.247860,727.038912,772.000149,816.206861,866.993346,914.948934,966.238990,955.030974,1020.253510,1050.273591,1098.795464,1115.908611,1124.617937,1132.152252,1144.012829,1139.237634,1148.625243,1147.050430,1150.100532,1157.485581,1156.629532,1149.002018,1153.683813,1142.720980,1131.389486,1126.871178,1137.480164,1142.567426,1133.597422,1101.047630,1039.346506,977.778351,944.840665,919.884793,891.486824,824.554044,802.886071,769.361628,726.175204,681.234551,621.136793,556.644883,494.861569,435.819650,369.447499,319.549254,268.954484,206.272580,153.138935,103.983588,54.016187,20.897741,5.130090,3.874571,2.225483,1.476181,1.870856,1.271155,1.869304,1.476181,1.477732,1.477732,1.476181,1.869304,1.271155,1.274199,1.274199,1.269603,1.476181,1.728865,1.728865,1.728865,1.730417,1.839673,1.896899,0.620159,0.386923,0.850481,0.861563,0.000000,0.000000,0.000000,0.000000,0.000000,0.000000,0.000000,0.000000,0.000000,0.000000,0.000000,0.000000,0.000000
0.035167,0.035167,0.035167,0.035167,0.044608,0.044608,0.441444,0.441444,0.441444,0.016396,0.016396,0.016396,0.016396,2.680648,2.902104,2.902104,2.902104,3.037341,2.902104,2.900372,2.900372,2.893344,2.640660,0.000000,0.298486,2.640660,2.640660,2.396422,2.396422,2.635836,2.243824,2.243824,2.234382,2.234382,1.398677,2.081737,2.102657,1.901872,1.901872,21.132483,60.538505,109.536568,151.565396,202.426811,244.760320,300.694024,348.737505,402.734227,454.981496,512.415821,568.761777,619.948815,659.786908,718.534285,751.668026,798.264888,838.146630,877.111921,924.018796,985.404252,997.302923,1012.122384,1050.632795,1055.356122,1056.280179,1057.533833,1058.073971,1060.567636,1080.046910,1078.977851,1110.729104,1128.905607,1138.694271,1152.379792,1142.365731,1141.503349,1142.419337,1152.322718,1174.402088,1185.740131,1174.817469,1164.535697,1108.588995,1042.642617,984.422662,932.366786,905.396043,880.139411,816.455057,787.963711,737.603027,693.138110,638.991150,602.844549,534.792281,453.269656,384.588658,326.503341,273.438836,223.787458,164.593842,113.824014,63.371842,23.975957,3.753460,5.182100,2.742380,1.581112,1.974235,1.581112,1.581112,1.876869,1.876869,1.876869,1.876869,1.670292,1.670292,1.670292,1.670292,1.876869,1.876869,2.129553,2.129553,2.129553,2.129553,2.070047,2.070047,2.157150,2.407025,2.781898,2.742295,0.483112,0.483112,0.283756,0.283756,0.483112,0.483112,0.283756,0.283756,0.283756,0.283756,0.000000,0.000000,0.533903
0.085376,0.085376,0.085376,0.085376,0.094818,0.094818,0.066605,0.066605,0.491654,0.491654,0.491654,0.605350,0.066605,0.066605,0.605350,0.066605,1.889094,0.201843,0.066605,1.889094,1.889094,1.882066,1.629381,1.629381,1.385144,1.385144,1.385144,0.992020,0.992020,1.624558,1.232546,1.232546,1.223104,1.959210,1.321849,0.842769,1.377855,0.954996,1.535256,23.796453,61.163698,110.149569,155.621216,205.951970,261.995316,308.233610,359.216171,424.426079,493.546544,539.278569,606.238548,645.757734,692.523944,787.453583,818.477067,855.343631,873.435117,926.444139,954.427048,1014.094980,1021.076290,1022.077449,1055.517119,1051.056544,1047.478113,1065.234119,1063.120121,1083.275743,1076.293153,1090.341785,1064.945583,1061.242896,1049.748713,1077.199703,1081.945791,1074.377911,1045.993307,1031.550222,1026.094973,1013.855351,988.994929,1003.662827,967.246026,926.264616,879.699902,854.985790,828.549306,779.115405,765.911577,744.968980,704.547898,656.234314,598.016571,542.900948,480.643241,430.705848,356.963806,305.339836,259.259376,204.662219,153.247493,109.938491,64.142912,23.892305,2.959752,2.001793,1.073214,0.555622,0.555712,0.714681,0.555712,0.555712,0.555712,0.948836,0.555622,0.555622,0.555622,0.714681,0.555622,0.555622,0.555622,0.808306,0.808397,0.808397,0.808306,0.792233,0.798287,0.798287,1.048162,1.055314,1.191411,0.237565,0.237565,0.237565,0.237565,0.038208,0.038208,0.038208,0.038208,0.038208,0.038208,0.038208,0.038208,0.584112
0.102896,0.102896,0.102896,0.000000,0.000000,0.000000,0.000000,0.000000,0.000000,0.216264,0.359859,0.000000,0.000000,0.000000,0.000000,0.000000,0.000000,0.000000,0.359859,0.359859,0.359859,0.108593,0.000000,0.098992,0.098992,0.098992,0.098992,0.098992,0.551593,0.800319,1.305535,1.160077,1.394873,1.540331,1.007387,1.132645,1.957362,1.132645,1.261226,28.051923,66.899597,115.844130,160.011055,207.629051,262.892448,314.630682,367.718727,435.891769,497.818246,537.456506,583.569417,633.799757,699.718752,761.023820,795.139929,830.497488,866.935992,906.640067,916.762152,957.560441,966.609243,977.380682,1003.843886,988.444214,975.576667,1000.312195,1023.327093,1041.851018,1045.172007,1068.669404,1068.770052,1091.071456,1089.452088,1083.412874,1078.215562,1065.051889,1028.744157,1008.817133,998.042872,983.439621,988.099375,981.787758,975.755177,946.768121,885.668425,869.544273,834.295968,805.111231,763.641511,746.363944,697.309306,642.107059,586.433460,545.223552,483.450224,428.154821,367.220116,325.459423,278.868129,208.727134,153.389816,110.242727,63.847954,26.448708,1.298552,0.449888,0.709814,0.304511,0.538666,0.000000,0.145451,0.000000,0.568811,0.697635,0.000000,0.023885,0.000000,0.182944,0.000000,0.304511,0.145542,0.026694,0.000000,0.026785,0.026694,0.049417,0.097394,0.097394,0.097394,0.431919,0.276313,0.000000,0.000000,0.000000,0.000000,0.000000,0.000000,0.000000,0.000000,0.000000,0.000000,0.000000,0.348046,0.891812
0.664494,0.664494,0.664494,0.664494,0.673936,0.000000,0.000000,0.000000,0.000000,0.000000,0.000000,0.000000,0.000000,0.000000,0.000000,0.000000,0.000000,0.000000,0.000000,0.000000,0.000000,0.000000,0.000000,0.000000,0.000000,0.000000,0.000000,0.000000,0.000000,0.055507,0.413069,0.413069,0.405824,0.000000,0.000000,0.733431,1.525517,0.307210,1.124062,31.659007,67.184811,116.778223,157.098284,209.090123,265.880466,331.935916,371.668189,480.276255,510.142006,553.971615,596.976739,640.728345,710.175643,786.264122,810.198191,854.194965,892.359396,953.434624,961.444506,1010.488373,1017.296662,1045.402110,1060.729401,1056.736534,1070.583226,1075.563384,1078.565207,1078.763907,1087.030843,1089.149636,1099.059805,1080.109304,1073.796816,1074.858571,1068.812807,1052.751914,1042.498023,1039.244045,1036.161295,1039.295661,1055.124069,1060.027886,1041.537819,1027.708986,978.678442,929.254549,885.572757,854.374015,822.442663,786.464354,734.230325,673.313088,610.896068,542.700642,492.382195,429.442877,384.667266,330.684538,276.877693,223.042468,161.528332,107.462056,61.631945,28.081036,0.000000,0.000000,0.164809,0.000000,0.000000,0.000000,0.000000,0.000000,0.000000,0.000000,0.000000,0.000000,0.000000,0.000000,0.000000,0.000000,0.000000,0.000000,0.000000,0.219990,0.219990,0.077977,0.077977,0.077977,0.067084,0.013322,0.109511,0.066706,0.066706,0.306437,0.306437,0.306437,0.306437,0.306437,0.306437,0.306437,0.306437,0.306437,0.306437,0.850203
0.000000,0.000000,0.000000,0.000000,0.000000,0.000000,0.000000,0.000000,0.000000,0.000000,0.000000,0.000000,0.000000,0.000000,0.000000,0.000000,0.581215,0.716452,0.579483,0.579483,0.579483,0.574187,0.321502,0.319770,0.206074,0.210003,0.011659,0.210003,0.207806,0.529461,0.137448,0.139645,0.130203,0.126275,0.000000,0.629201,1.671084,0.000000,0.983970,33.617907,74.929141,121.346153,167.678550,224.553977,288.257225,343.811709,408.061267,469.313818,534.765246,580.174115,629.423570,672.407016,730.765448,782.056580,837.845885,872.884124,915.568241,956.738764,989.356167,1036.352025,1040.292534,1099.990511,1130.447705,1141.011145,1146.347678,1150.884567,1163.613854,1167.303501,1162.975768,1160.076312,1156.057028,1152.456490,1160.993602,1159.221777,1155.444523,1156.267173,1147.419278,1144.493949,1146.366101,1151.001780,1146.470189,1145.957972,1139.291935,1078.950962,1055.222848,996.347039,925.550983,902.215980,850.781512,799.692861,780.527981,733.362089,656.424555,599.460368,543.002750,477.885665,416.542489,357.966212,289.424625,229.861483,167.388611,118.584953,72.233758,30.280701,2.623425,2.543991,1.242723,0.000000,0.000000,0.000000,0.000000,0.000000,0.000000,0.000000,0.000000,0.000000,0.000000,0.000000,0.000000,0.000000,0.000000,0.098852,0.098852,0.098852,0.098852,0.297176,0.126449,0.000000,0.000000,0.000000,0.000000,0.000000,0.000000,0.000000,0.000000,0.000000,0.000000,0.000000,0.000000,0.000000,0.000000,0.000000,0.000000,0.000000
0.000000,0.000000,0.000000,0.000000,0.000000,0.000000,0.000000,0.000000,0.000000,0.000000,0.000000,0.000000,0.000000,0.000000,0.000000,1.459705,2.736445,0.000000,0.000000,0.000000,2.734713,2.729417,2.475001,0.000000,2.451767,2.478929,2.478929,2.451767,2.451767,2.556346,2.381409,2.381409,2.154892,2.371967,1.563425,1.569362,2.912271,1.829939,2.252508,34.610980,78.868162,128.927249,180.917848,233.070997,298.601229,350.484712,408.973615,453.419088,523.116506,565.332228,606.041493,663.315337,724.577233,758.902215,812.292396,843.892022,900.407587,930.538673,968.857694,1021.563013,1075.004216,1111.900808,1121.800620,1159.645727,1175.017657,1149.854927,1151.559836,1150.227316,1160.855846,1151.557494,1146.836555,1148.523116,1157.586415,1156.800756,1159.195691,1156.814989,1153.331714,1153.984591,1150.354626,1150.985375,1171.984005,1171.605359,1147.568322,1118.723506,1043.192087,993.359168,939.979758,902.291817,857.601407,808.740742,764.566384,717.623310,661.767820,605.908381,537.624171,484.684844,435.942644,364.933439,311.957309,247.456138,189.824444,129.575560,83.843924,37.266371,4.330279,4.488478,3.021515,1.477732,2.113542,1.476181,1.477732,1.271155,1.476181,1.476181,1.476181,1.476181,1.476181,1.476181,1.477732,1.269603,1.476181,1.728865,1.730417,1.728865,1.730417,2.064034,1.758014,0.562932,0.620159,0.359236,0.612981,0.000000,0.000000,0.000000,0.000000,0.000000,0.000000,0.000000,0.000000,0.000000,0.000000,0.000000,0.000000,0.000000
0.000000,0.000000,0.000000,0.000000,0.000000,0.000000,0.000000,0.000000,0.000000,0.000000,0.000000,0.000000,1.460403,1.460403,1.238947,0.000000,0.000000,2.870649,2.737143,2.737143,2.712178,0.362976,2.477431,2.477431,2.475699,2.235390,1.840069,2.479627,0.000000,0.000000,2.382107,2.382107,2.399828,2.397631,1.762467,1.619659,2.845862,1.433464,3.610400,39.375458,83.355886,135.195685,187.516918,241.846951,295.614412,351.707719,410.539161,444.745132,502.493921,565.786476,620.135809,666.809963,733.449681,789.452319,845.698841,866.539622,911.445145,953.121277,979.201992,991.988012,1051.100643,1042.347623,1056.577252,1057.470970,1065.625471,1064.762283,1068.244328,1077.776582,1103.452134,1120.702548,1125.839231,1140.957652,1139.003005,1133.990544,1141.493499,1142.806450,1137.457208,1137.027038,1120.058690,1120.602022,1137.130870,1151.106869,1123.197160,1138.025112,1079.773372,995.813045,966.019754,912.177300,882.047606,817.106943,789.592727,724.635194,664.110117,614.217349,569.816996,488.898117,440.321047,377.216983,313.428467,258.081204,201.854496,142.715553,95.945669,41.579914,7.066605,4.458933,4.569520,2.115792,1.668021,1.478431,1.478431,1.476879,1.476879,1.476879,1.476879,1.270302,1.270302,1.476879,1.478431,1.271854,1.270302,1.729563,1.729563,1.729563,1.731115,1.917571,1.552135,0.275395,0.247707,0.359934,0.613680,0.000000,0.000000,0.000000,0.000000,0.000000,0.000000,0.000000,0.000000,0.000000,0.000000,0.000000,0.000000,0.000000
0.000000,0.000000,0.000000,0.000000,0.000000,0.000000,0.000000,0.000000,0.000000,0.000000,0.000000,0.000000,0.000000,0.000000,0.000000,1.671822,0.062855,0.735104,0.062855,2.948563,2.948563,2.941535,2.687118,2.442881,2.687118,2.687118,2.688850,2.687118,2.687118,2.764535,2.616760,2.616760,2.363081,2.395201,1.559496,1.930148,3.278181,1.718031,6.871322,44.860569,95.032570,142.250445,191.141213,242.152260,299.729255,350.565180,410.968705,449.882121,508.352665,558.979535,608.412409,671.739184,722.081217,761.767468,804.471939,852.291657,889.627006,958.896844,996.268188,1008.955454,1050.139492,1053.918395,1075.405373,1088.023647,1084.131981,1094.937001,1123.741961,1128.216792,1131.375698,1137.670584,1138.703018,1144.285037,1145.116557,1144.591397,1159.685513,1158.822198,1144.667095,1144.531445,1146.808988,1149.354605,1152.153218,1150.656795,1155.216037,1159.069508,1097.296633,1057.050945,969.777500,938.036970,893.227661,844.141315,786.738858,748.026154,680.012005,635.487889,569.792327,505.226666,464.380416,375.344719,321.123211,258.610897,206.895126,142.934753,85.926141,44.066855,11.505677,4.860988,2.361836,1.684307,2.077431,1.684307,1.477730,1.477730,1.684307,2.077431,1.684307,1.684307,1.684307,1.684307,1.684307,1.684307,1.477730,1.730415,1.936992,1.936992,1.936992,1.758011,1.758011,0.660161,0.769507,0.459250,1.279048,0.000000,0.000000,0.000000,0.000000,0.000000,0.000000,0.000000,0.000000,0.000000,0.000000,0.000000,0.000000,0.000000
0.000000,0.000000,0.000000,0.000000,0.000000,0.000000,0.000000,0.000000,0.000000,0.000000,0.000000,0.656933,0.000000,0.000000,0.656933,0.656933,1.933673,2.068910,1.933673,0.654719,1.933673,1.926645,0.000000,0.395006,1.673960,1.673960,0.000000,1.673960,1.036599,1.358254,1.359365,1.603603,1.382043,0.036173,1.349923,0.751834,1.329347,0.963952,9.233448,48.491173,96.135313,147.125889,203.257075,246.723360,308.301792,354.673254,409.369934,474.742334,541.462235,583.779874,643.451572,686.323463,744.389169,824.940511,848.654240,891.621693,917.613977,950.120226,991.420674,1027.985475,1040.384545,1061.585184,1049.046889,1043.450302,1044.449816,1062.599411,1088.731744,1088.372616,1095.274281,1089.944570,1100.012562,1121.175338,1118.056343,1110.707791,1111.899519,1093.047926,1080.070721,1069.683094,1068.830872,1036.994329,1039.110559,1029.739886,1023.832788,1000.254780,965.902626,918.852542,865.927315,824.932443,793.430217,758.487183,718.525138,682.517413,637.943903,589.226315,564.851368,519.059972,444.339517,364.878530,310.722400,260.042416,203.981756,139.779732,94.442222,44.249567,8.969858,2.227538,1.458328,0.656937,0.656937,0.656937,0.657028,0.656937,0.656937,1.050061,0.656937,0.656937,0.657028,0.815997,0.656937,0.656937,0.656937,0.909622,0.909622,0.909713,0.909622,0.906755,0.892235,0.000000,0.000000,0.000000,0.015986,0.000000,0.000000,0.000000,0.000000,0.000000,0.000000,0.000000,0.000000,0.000000,0.000000,0.000000,0.000000,0.000000
0.000000,0.000000,0.000000,0.000000,0.000000,0.000000,0.000000,0.000000,0.000000,0.000000,0.000000,0.000000,0.000000,0.000000,0.000000,0.000000,0.000000,0.359820,0.000000,0.000000,0.000000,0.217554,0.000000,0.000000,0.000000,0.000000,0.000000,0.000000,0.172079,1.235758,1.740975,1.595517,1.341837,1.996034,0.948714,1.073972,1.470025,1.031545,13.118045,52.081361,106.399699,159.288983,206.702200,261.286485,315.399840,362.089220,417.270905,483.107532,563.728633,601.243684,648.835391,724.662525,778.067099,846.610551,891.202332,931.081051,949.709750,990.780019,1031.469646,1030.309346,1054.048903,1079.645108,1084.252851,1099.857284,1117.712971,1121.249865,1117.567359,1128.371572,1139.265498,1137.236083,1120.713102,1098.316167,1102.161300,1099.214366,1090.926815,1070.129276,1052.904817,1010.410324,1021.538664,1013.190603,1023.104331,1029.389740,1017.279408,986.438519,938.449418,907.496262,867.010921,850.464478,816.125788,789.884532,752.221291,716.839494,663.028374,592.069959,562.472140,500.532743,447.324019,363.877954,312.860753,261.227101,206.345581,151.611012,95.648602,48.840960,12.219265,0.000000,0.995340,0.067003,0.081274,0.000000,0.000000,0.000000,0.490272,0.460126,0.067003,0.000000,0.067003,0.000000,0.066912,0.460126,0.000000,0.000000,0.000000,0.319687,0.000000,0.000000,0.000000,0.000000,0.000000,0.000000,0.000000,0.000000,0.000000,0.000000,0.000000,0.000000,0.000000,0.000000,0.000000,0.000000,0.000000,0.000000,0.000000,0.348338
0.000000,0.000000,0.000000,0.000000,0.000000,0.000000,0.000000,0.000000,0.000000,0.000000,0.000000,0.000000,0.000000,0.000000,0.000000,0.000000,0.000000,0.000000,0.000000,0.000000,0.000000,0.000000,0.000000,0.000000,0.000000,0.000000,0.000000,0.000000,0.000000,0.000000,0.552510,0.552510,0.139217,0.000000,0.139217,0.941898,1.609426,1.216344,15.435908,53.661711,102.309658,155.965060,203.778912,259.624046,312.224415,366.426676,415.585366,502.218420,565.144453,615.854215,675.652765,730.732225,782.434405,853.497344,910.204777,961.034994,980.393236,1008.403188,1046.355274,1072.143732,1103.840174,1132.695469,1187.946054,1159.517985,1172.125819,1183.007249,1181.582431,1181.853868,1194.485801,1194.637557,1188.617149,1181.382178,1179.477512,1194.268047,1199.033818,1185.272312,1157.021716,1150.399967,1147.049906,1151.092749,1150.751837,1165.288140,1163.854720,1138.274658,1082.170775,1023.691592,955.358239,898.014725,841.028606,796.213050,750.733004,699.026837,640.431614,586.577186,544.556490,499.860818,440.792569,394.173874,327.130949,252.787728,201.520922,151.300949,106.354420,55.275938,13.854774,0.000000,0.306494,0.000000,0.000000,0.000000,0.000000,0.000000,0.000000,0.000000,0.000000,0.000000,0.000000,0.000000,0.000000,0.000000,0.000000,0.000000,0.000000,0.087493,0.087493,0.000000,0.000000,0.000000,0.000000,0.000000,0.000000,0.000000,0.000000,0.000000,0.000000,0.000000,0.000000,0.000000,0.000000,0.000000,0.000000,0.000000,0.000000,0.000000
0.000000,0.000000,0.000000,0.000000,0.000000,0.000000,0.000000,0.000000,0.000000,0.000000,0.000000,0.000000,0.000000,0.000000,0.000000,0.000000,0.581215,0.716452,0.579483,0.581215,0.581215,0.574187,0.321502,0.296536,0.182841,0.206074,0.207806,0.207806,0.210003,0.531657,0.139645,0.139645,0.128007,0.128007,0.000000,0.084350,0.869694,2.703238,15.960181,59.485308,108.746721,153.865805,205.659452,254.460483,319.571616,362.064073,429.834208,496.148730,543.355988,596.851761,659.906254,710.624408,755.407913,817.071568,872.861539,922.188568,944.169451,968.399389,996.957498,1010.311359,1048.662031,1079.994648,1075.747270,1091.040909,1098.277045,1117.013533,1135.352312,1135.868578,1142.030352,1138.762905,1136.495667,1133.561197,1131.410048,1139.493986,1138.211627,1126.185194,1119.144257,1121.405881,1118.148429,1118.190871,1079.188806,1083.947228,1083.559093,1042.632752,1035.195491,984.230841,953.413270,910.462540,872.807054,831.661205,783.365946,745.075529,697.761013,633.966181,578.365435,528.362624,466.907499,412.327954,346.154383,262.855663,210.711882,155.692060,105.084731,54.580673,18.567355,6.257065,1.280856,0.000000,0.000000,0.000000,0.000000,0.000000,0.000000,0.000000,0.000000,0.000000,0.000000,0.000000,0.000000,0.000000,0.000000,0.000000,0.000000,0.000000,0.000000,0.033372,0.158291,0.000000,0.000000,0.000000,0.000000,0.000000,0.000000,0.000000,0.000000,0.000000,0.000000,0.000000,0.000000,0.000000,0.000000,0.000000,0.000000,0.000000
2.380548,1.836917,1.651722,1.651722,1.491784,1.362054,1.362054,1.723749,1.723749,1.723749,1.723749,0.994922,1.180117,1.873145,1.722812,1.722812,1.722812,1.722812,1.907569,1.873145,1.873145,1.907569,1.723749,1.723749,1.908506,1.874082,1.723749,1.723749,2.090880,2.241213,2.370943,2.876962,2.220610,2.370943,3.020848,1.756496,1.831087,7.483492,23.333855,64.482591,116.833506,164.362537,218.622551,267.747320,335.876595,387.509181,428.106462,489.338237,553.097088,640.248809,693.460539,739.260108,822.738692,901.250264,922.532154,977.889121,1024.421477,1060.320805,1095.292591,1141.210172,1149.201181,1189.887697,1241.315066,1249.866166,1255.087669,1292.528014,1303.130309,1315.644713,1325.642122,1327.232794,1321.686216,1296.850107,1293.790226,1288.643681,1284.113854,1281.724421,1276.424392,1274.792227,1257.176699,1241.793629,1215.586011,1199.414731,1130.202216,1087.095410,1057.478331,994.860874,956.627651,906.518073,863.149645,793.705788,748.551212,711.344027,655.282319,614.702418,559.838259,506.435022,456.080987,401.990789,337.135287,266.543550,218.943512,170.910852,118.558802,66.665583,22.543882,4.871448,0.364993,0.791857,1.527296,1.381385,1.381385,1.887404,1.641885,1.656517,1.381385,1.381385,1.381385,1.381385,1.381385,1.392176,1.392176,1.336319,1.613184,1.613184,1.668224,1.525836,1.480770,1.786336,1.868017,1.608137,1.621511,0.859782,0.859782,0.859782,0.859782,0.274582,0.274582,0.859782,0.859782,1.019720,1.204915,1.019720,1.019720,0.430192
1.634479,1.634479,1.634479,2.363305,1.659735,1.344811,1.344811,1.706505,1.706505,0.977679,0.977679,1.162874,1.706505,1.705568,0.805357,0.805357,1.534183,1.534183,1.684516,1.684516,1.684516,1.534183,1.706505,1.706505,1.856838,1.856838,1.856838,1.856838,2.223970,2.223970,2.353700,2.859719,2.353700,2.203367,3.061281,1.995794,1.804744,7.395787,26.488709,69.982305,124.890066,184.199500,230.808504,280.137616,328.872412,400.834095,447.097043,489.535566,548.726015,623.242237,678.070048,727.153736,792.355093,859.322097,896.784917,931.973080,957.614843,1009.969360,1064.059867,1070.327675,1152.423006,1206.942357,1225.521979,1263.218167,1270.591847,1286.450140,1303.625127,1315.065441,1323.310291,1318.769792,1313.999659,1296.646881,1291.149212,1291.290597,1282.760212,1273.886331,1251.631005,1254.181286,1263.115366,1235.853288,1215.290729,1202.339660,1162.835745,1138.542338,1082.967641,1011.169838,951.892346,916.845396,880.263330,798.348523,755.807897,699.857702,656.337635,619.912581,557.286261,509.143926,460.445360,409.862630,338.775498,272.131609,212.410300,169.156829,115.679700,70.496309,23.340558,2.334715,0.000000,1.004034,1.475200,1.593562,1.486106,2.099581,1.593562,1.593562,1.593562,1.593562,1.593562,1.593562,1.593562,1.593562,1.593562,1.486106,1.564861,1.564861,1.619901,1.738013,1.587568,1.808902,1.505636,1.758825,1.604268,0.842538,0.842538,0.842538,0.628292,0.842538,0.842538,0.842538,0.842538,1.002477,1.002477,1.002477,1.002477,0.412949
1.790883,1.605689,1.605689,1.605689,1.630945,2.044847,2.044847,1.673554,0.944728,0.944728,0.944728,0.944728,1.673554,1.672617,1.661796,1.847545,1.847545,1.847545,1.661796,1.661796,2.032302,1.822950,1.823887,1.673554,1.823887,1.823887,1.823887,1.673554,2.044847,2.229605,2.359335,2.830929,2.324910,2.324910,2.803070,2.688298,2.567486,8.315408,28.068726,71.828594,126.591842,191.356974,237.128947,285.988748,354.055095,401.892606,453.294020,508.300022,556.163328,630.166119,681.744053,742.944816,822.943660,867.239829,904.787287,980.554986,1020.786015,1067.936847,1125.959152,1159.243674,1201.946607,1237.753339,1218.354136,1259.651815,1280.072084,1291.542582,1289.282213,1286.076839,1285.611722,1294.314170,1287.130675,1281.581824,1288.957278,1275.330293,1265.804988,1260.819351,1258.613784,1256.161294,1256.112306,1240.672442,1216.758042,1201.546736,1135.966704,1103.586731,1079.703990,1023.427609,979.995320,921.861662,871.155673,807.217108,768.975480,698.104728,652.134424,618.158806,561.962763,512.771616,465.448886,401.344910,348.972857,275.628061,221.490655,170.740720,123.284806,69.640622,29.464951,7.670730,0.672414,0.745824,1.481263,1.595852,1.610484,1.841370,1.335351,1.595852,1.595852,1.335351,1.335351,1.335351,1.595852,1.595852,1.595852,1.335351,1.306650,1.306650,1.622191,1.900639,1.900639,1.900639,1.971528,2.155234,1.575478,0.813748,0.813748,0.813748,0.228548,0.813748,0.813748,0.228548,0.813748,1.158881,1.702513,0.973687,0.973687,0.283794
1.539113,1.308005,1.308005,1.207640,1.207640,1.178275,1.635931,1.264638,0.798737,0.798737,0.798737,0.795152,0.798737,0.797800,0.786979,0.786979,0.786979,0.786979,0.786979,0.786979,0.786979,0.797800,0.798737,0.798737,0.798737,0.798737,0.798737,0.806982,1.178275,1.178275,1.308005,1.814024,1.308005,1.308005,2.261757,1.142720,1.752004,7.833768,33.647124,81.725143,124.888349,185.065405,227.678651,285.823390,338.046085,393.365826,447.805657,504.765534,558.151906,625.230887,662.352822,719.402032,772.567912,819.142434,844.099526,894.201466,932.054502,954.664454,1018.764900,1046.607241,1093.555097,1096.721557,1108.687864,1152.768322,1158.174663,1153.605258,1154.285046,1178.463877,1181.178807,1206.536433,1197.520000,1185.256224,1188.367922,1189.128010,1169.023724,1150.970214,1150.767656,1139.467612,1141.432349,1146.490469,1134.397770,1121.715185,1102.734209,1065.652852,1046.234379,1004.225360,954.749773,896.151576,850.259074,793.228343,730.143456,681.095357,623.843546,582.235731,531.317461,473.708609,423.396062,382.636803,332.599427,267.819139,222.578082,169.259320,120.056154,79.111830,34.340041,6.823761,0.167369,0.163859,1.028046,0.753387,0.753618,1.259405,0.753387,0.753387,0.753387,0.753387,0.753387,0.753387,0.753387,0.753387,0.753387,0.764202,0.642715,0.642715,1.048612,0.856459,0.967211,0.852861,0.972276,0.847372,0.591886,0.684778,0.089708,0.684778,0.584414,0.674908,0.460661,0.684778,0.684778,0.684778,0.674908,0.674908,0.681193,0.091665
1.212553,0.881080,0.880971,1.218158,1.213822,1.504514,1.692151,0.902740,1.060388,1.060388,1.060388,0.960023,1.291496,0.959086,1.064543,1.059451,1.074610,0.941793,1.038573,1.499814,1.460903,1.687451,0.947822,1.048187,1.048187,1.201123,1.100758,1.043475,1.414140,1.214845,1.155262,1.874109,1.235952,1.214273,2.064580,1.146576,0.817765,11.438291,35.490263,80.735362,129.215445,176.487982,235.008679,279.388930,342.458299,394.244288,449.998056,516.407955,576.299764,646.800388,683.180789,742.902254,813.490462,857.397782,874.203970,906.828889,934.138220,993.046304,1035.082853,1070.468287,1155.958820,1184.862020,1193.832210,1198.091833,1232.033802,1236.614855,1233.284017,1229.331096,1215.570502,1202.040331,1193.344076,1200.101603,1191.296812,1163.054290,1161.708853,1155.098828,1159.427102,1164.126745,1155.879796,1161.497780,1137.295247,1174.966798,1136.282293,1087.659612,1043.522499,987.527604,975.832731,915.461524,869.627020,809.438063,762.450139,718.798682,665.588365,604.944400,554.787727,503.099091,456.505522,399.639840,345.266700,283.495437,231.903026,184.234162,126.656484,79.210443,34.492001,8.186190,0.639185,0.000000,1.294800,1.184219,0.946899,1.690237,1.040689,0.848230,1.040689,0.848230,0.803369,0.859021,0.848230,0.848461,0.803369,0.813954,0.790915,0.746053,0.555988,1.031268,0.970006,0.980798,1.085622,1.258462,0.758078,1.002755,0.778638,0.999170,0.688144,0.992885,0.902391,1.002755,0.902391,0.902391,0.788509,1.002755,0.417556,0.000000
0.000000,0.000000,0.020512,0.143452,0.000000,0.242845,0.242845,0.243133,0.400781,0.400781,0.714131,0.714131,0.714131,0.399844,0.399844,0.294149,0.309308,0.276855,0.382551,0.382551,0.382551,0.382551,0.383488,0.277792,0.398983,0.383488,0.383488,0.225840,0.225552,0.225552,0.000000,0.029870,0.000000,0.000000,0.411091,1.454795,0.288157,11.608135,40.275017,87.510936,139.106189,190.656582,238.282028,280.784329,330.307348,393.345277,443.036077,513.661578,571.581284,624.407806,683.288362,728.306490,771.565559,806.962432,867.733473,909.002619,939.709801,978.423471,1028.778444,1065.157790,1122.234173,1146.571780,1180.056113,1203.754501,1193.521206,1200.663556,1206.904570,1195.433949,1190.150692,1180.414471,1205.020908,1207.492846,1194.049496,1203.762561,1206.133570,1205.878734,1213.497785,1206.126312,1219.431104,1189.734950,1173.169126,1153.038229,1101.085062,1037.418018,992.589846,967.795954,933.295284,897.260686,826.333947,792.912022,741.691438,702.056613,641.199303,603.500965,550.207562,500.818048,456.721162,402.789669,342.059563,292.108804,239.119478,179.087091,130.233344,86.958502,38.340543,10.049487,0.000000,0.000000,0.389546,0.159791,0.000000,0.358969,0.000000,0.135435,0.135435,0.135435,0.000000,0.000000,0.000000,0.135435,0.000000,0.000000,0.114105,0.103314,0.000000,0.000000,0.018277,0.000000,0.279150,0.000000,0.000000,0.186796,0.190382,0.190382,0.190382,0.190382,0.190382,0.190382,0.190382,0.000000,0.190382,0.000000,0.000000,0.000000
0.999987,0.999987,0.999987,0.999987,0.840048,0.710318,0.710318,0.643820,0.643820,0.643820,0.643820,0.643820,0.643820,0.642883,0.632061,0.632061,0.632061,0.632061,0.632061,0.817810,0.817810,0.642883,0.643820,0.643820,0.643820,0.643820,0.643820,0.643820,0.710318,0.710318,0.840048,1.346067,0.840048,0.739684,1.719306,1.128150,0.893638,12.718532,44.312093,89.627512,133.462160,188.929434,226.002494,272.106645,321.594679,378.977758,425.594469,494.799257,536.295835,608.102542,649.696067,670.587520,740.256157,785.631437,852.087447,904.380577,954.243321,975.607972,1023.161299,1076.244144,1132.532085,1156.718032,1180.151719,1241.240154,1255.100437,1267.176713,1263.204245,1270.008760,1280.721800,1277.548504,1275.448504,1261.900159,1269.637948,1259.849690,1249.499559,1249.915573,1236.890086,1231.815887,1226.700225,1168.395179,1173.752443,1163.676549,1127.803859,1064.767977,1017.482383,981.903033,930.551679,872.966961,811.371932,786.441959,725.201160,676.162920,648.666077,607.113287,546.478703,497.615873,433.559191,396.232737,324.946610,268.800749,221.800177,171.316989,126.400983,84.429933,43.283642,11.113768,0.159133,0.000000,0.416789,0.059477,0.059477,0.454796,0.000000,0.000000,0.000000,0.000000,0.000000,0.000000,0.000000,0.000000,0.000000,0.000000,0.000000,0.000000,0.100448,0.444720,0.416556,0.430088,0.462768,0.473394,0.026584,0.208046,0.208046,0.208046,0.208046,0.208046,0.208046,0.208046,0.208046,0.367984,0.367984,0.367984,0.367984,0.363656
1.327769,1.327769,1.327769,1.327769,1.327769,1.198039,1.198039,0.760587,0.752342,0.752342,0.752342,0.752342,0.752342,0.751405,0.740584,0.740584,0.740584,0.740584,0.740584,0.926333,0.955251,0.751405,0.752342,0.752342,0.937100,0.752342,0.752342,0.760587,1.198039,1.198039,1.327769,1.833788,1.327769,1.327769,2.085956,1.569351,1.535730,15.304653,53.344630,95.515481,142.655383,190.627840,240.852665,275.930001,337.050904,391.488029,432.102299,490.749907,549.720295,635.374949,670.235929,702.741689,760.349835,826.593025,873.717908,921.661308,965.151231,1002.736727,1049.039813,1073.400727,1132.736944,1158.388153,1171.273902,1186.649707,1210.494310,1240.350311,1265.779551,1261.661916,1251.615339,1252.267669,1262.029152,1239.377255,1228.036927,1227.516477,1235.405750,1223.922384,1211.245830,1201.244144,1166.779046,1164.614237,1146.589056,1143.909157,1088.414708,1044.910087,1003.561626,961.908204,933.261319,889.344595,848.070228,835.850509,779.944156,711.609867,675.718176,635.049345,568.852398,505.641119,439.805530,398.426411,338.017588,277.955314,233.266195,178.061186,144.033653,92.753145,49.340921,15.236938,0.056559,0.000000,1.205274,0.537778,0.537778,1.043797,0.537778,0.798278,0.798278,0.537778,0.537778,0.798278,0.798278,0.537778,0.537778,0.537778,0.769577,0.780275,0.835315,0.881071,0.810182,0.810182,1.032235,1.027316,0.588673,0.110567,0.110567,0.695767,0.481520,0.481520,0.110567,0.695767,0.695767,0.695767,0.695767,0.695767,0.695767,0.106239
1.605689,1.605689,1.605689,2.334515,1.445750,0.730821,1.316020,1.607395,1.063763,1.607395,1.607395,1.607395,1.607395,1.062826,0.866810,1.052005,1.595637,0.866810,0.866810,1.595637,1.595637,1.606458,1.607395,1.607395,1.607395,1.607395,0.878569,0.878569,1.501215,2.044847,2.174577,2.680596,2.174577,1.445750,3.023554,2.318846,2.306608,16.134090,54.219354,102.019169,143.186448,194.319572,236.910057,276.204550,341.740274,396.715183,432.973428,491.801694,542.849994,618.934868,664.215890,710.706955,763.743096,823.355848,889.376166,936.589990,989.436660,1003.039468,1083.855869,1093.457559,1196.371591,1197.773228,1204.688008,1215.216673,1266.976047,1307.807208,1307.994686,1310.736147,1317.347177,1316.575266,1306.179499,1301.228567,1303.929963,1281.151457,1281.340075,1258.176783,1255.626573,1273.603375,1230.483432,1179.033578,1173.294547,1141.133395,1085.049669,1054.697580,1019.847252,946.552811,904.330135,849.982087,810.510020,765.775317,724.404896,692.703233,648.807656,616.579671,557.430447,502.995410,455.874857,407.227235,361.865473,307.359602,251.382279,194.079393,145.162279,104.463543,57.675379,14.312875,0.664263,0.940391,2.093638,1.346143,1.346143,1.841370,1.335351,1.300499,1.595852,1.595852,1.335351,1.335351,1.595852,1.335351,1.335351,1.595852,1.567151,1.261585,1.261585,1.665962,1.595073,1.595073,1.817126,1.994395,1.771820,0.813748,0.813748,0.813748,0.813748,0.813748,0.813748,0.813748,0.599502,0.973687,0.973687,0.973687,0.973687,0.384159
1.357022,1.357022,1.357022,1.357022,1.357022,1.227292,1.227292,0.789841,0.793014,0.793014,0.793014,0.793014,0.793014,0.792077,0.781255,0.781255,0.781255,0.781255,0.781255,0.781255,0.967004,0.792077,0.793014,0.793014,0.793014,0.793014,0.793014,0.789841,1.227292,1.227292,1.357022,1.863041,1.357022,1.357022,2.240586,1.540208,1.428723,17.704310,59.056687,106.684068,155.153393,202.580425,252.500488,300.955759,348.927324,405.574668,452.696848,511.763593,580.559380,635.248561,665.569398,709.702206,769.368001,813.875897,866.268075,913.855360,980.024410,1037.124922,1053.114084,1103.203405,1161.923615,1177.951506,1181.513094,1220.007425,1228.473019,1242.184859,1245.091551,1247.422173,1249.771714,1259.681491,1246.166056,1241.633915,1241.893736,1228.731692,1213.956947,1205.745036,1217.030410,1208.437727,1179.123638,1138.204423,1146.920963,1091.182555,1055.309977,1042.772962,993.015307,940.166136,907.337067,839.239449,797.830355,751.601921,717.353225,685.156472,653.593680,593.413688,532.351661,493.335843,441.234699,395.193986,345.078139,295.283776,241.222973,189.642538,140.900875,97.161789,57.168105,15.898645,0.297084,0.196339,1.589525,0.785867,0.785867,1.291886,0.785867,0.785867,0.785867,0.785867,0.785867,0.785867,0.785867,0.785867,0.785867,0.796452,0.767750,0.767750,0.767750,0.883178,0.797657,0.797657,0.868546,0.861272,0.509962,0.725020,0.139820,0.725020,0.725020,0.510773,0.139820,0.725020,0.725020,0.725020,0.725020,0.725020,0.725020,0.135492
1.722605,1.722605,1.722605,1.722605,1.558331,2.153843,1.428601,1.057309,1.142139,1.053724,1.057309,1.057309,1.242503,1.056372,1.045550,2.232033,1.774377,1.230745,1.674012,1.953336,1.774377,1.056372,1.057309,1.786135,1.786135,1.786135,1.786135,1.786135,2.057063,1.958132,2.087862,3.191533,2.291493,2.522602,3.521003,2.382782,2.851572,18.684392,59.774096,104.193694,152.284329,203.290973,256.341484,301.389899,365.581356,409.541245,473.229776,529.326307,589.380049,648.795637,695.660719,722.197129,756.038216,825.387821,870.811253,917.248567,965.781244,984.723029,1041.181880,1133.458268,1171.360528,1181.258829,1218.810567,1213.738794,1260.390426,1280.344888,1268.115778,1274.357860,1271.706348,1269.509716,1267.069968,1257.592549,1253.875902,1249.320377,1230.643715,1241.333092,1248.678094,1228.523269,1184.356052,1143.832334,1138.630509,1079.858753,1026.857364,1004.832303,950.226358,916.535951,874.153006,843.667316,805.451747,777.129372,735.730706,690.898808,643.588272,611.437242,549.948836,506.868261,452.912396,398.871292,356.197007,302.732237,256.546804,204.056408,152.853765,105.909698,62.602113,19.516188,1.675824,0.828615,2.425899,1.418143,1.418143,2.116621,1.418374,1.418143,1.610602,1.561673,1.418143,1.418143,1.418143,1.561673,1.561673,1.418143,1.350474,1.494004,1.954894,1.736009,1.736009,1.993889,1.879539,1.948655,1.406269,0.445111,0.064288,0.649488,0.649488,0.649488,0.649488,0.064288,0.659358,0.819296,0.718932,0.815711,0.718932,0.414963
0.822578,0.722213,1.167459,1.055706,1.051370,1.110953,1.114538,0.743873,1.132629,1.359177,0.901521,0.901521,0.801156,0.900584,0.900584,0.900584,1.146852,1.340947,0.879706,0.883291,0.883291,0.888383,0.889320,0.884228,0.889320,1.042256,1.037164,0.879516,1.255273,1.055978,0.991303,1.710150,1.077085,0.862948,1.711166,0.991870,0.681771,19.619822,60.048526,109.235009,157.487791,203.632478,259.842433,318.338776,380.557625,439.959645,488.949993,541.708995,602.320694,658.317259,720.720893,767.090450,828.048797,853.872504,885.070884,922.336200,945.079648,975.062675,1031.999594,1071.176438,1165.707834,1190.889463,1200.603629,1208.567541,1222.934579,1231.977193,1232.744537,1240.520511,1252.185869,1257.146303,1263.938171,1248.214812,1243.639971,1238.617387,1237.407267,1230.159572,1235.495216,1228.763859,1205.644017,1201.641500,1137.076916,1070.232771,1034.924976,995.281993,981.534730,971.999392,924.783333,909.268109,867.073011,832.802998,791.871342,737.079674,681.441190,663.760910,594.272456,531.434667,480.335049,428.884324,386.810115,323.597712,271.547001,214.745021,164.344203,114.664785,67.783102,22.035217,0.812710,0.075788,1.646030,0.982046,0.971254,1.624871,0.926393,0.971254,1.163713,0.971254,0.971254,0.971254,0.971254,0.971254,0.971254,0.971254,0.858493,0.869422,0.822656,1.256940,1.256940,0.940182,0.840125,0.877555,0.000000,0.900948,0.529995,1.115195,1.105325,1.014830,1.115195,1.105325,1.105325,1.111610,1.105325,1.105325,0.529995,0.000000
0.207040,0.207040,0.320813,0.443753,0.000000,0.277513,0.590863,0.383496,0.383496,0.383496,0.383496,0.383496,0.277800,0.276863,0.211174,0.524524,0.539683,0.088185,0.193880,0.193880,0.209375,0.088185,0.366202,0.381697,0.366202,0.366202,0.366202,0.260507,0.381409,0.381409,0.000000,0.170233,0.000000,0.029808,0.746001,1.991491,1.188907,23.958589,67.822908,115.144528,165.624325,212.660337,262.478195,321.039457,386.545185,426.959039,491.454013,562.156824,629.615645,674.857216,713.545290,766.476317,829.296816,869.351275,901.672731,942.555899,993.661224,1007.162217,1067.038554,1138.607524,1217.907057,1236.370572,1223.730220,1235.256686,1230.509206,1240.751205,1243.661532,1247.408020,1266.066574,1268.811162,1266.554772,1267.163268,1259.191910,1255.257109,1254.746821,1250.824714,1250.277637,1246.028707,1223.033792,1196.290485,1143.352924,1092.618321,1081.653572,1015.181802,990.437361,973.081442,894.299697,863.258118,843.458385,807.903914,769.669480,715.362704,684.080071,647.154860,583.344598,530.497065,484.936713,431.294409,385.891095,332.470317,277.964526,229.989305,166.672173,114.187905,68.743385,22.507893,0.000000,0.000000,0.300561,0.000000,0.074728,0.268033,0.000000,0.074728,0.000000,0.000000,0.074728,0.000000,0.000000,0.000000,0.000000,0.185429,0.000000,0.000000,0.000000,0.309771,0.614687,0.000000,0.000000,0.153862,0.000000,0.330744,0.330744,0.330744,0.330744,0.330744,0.330744,0.330744,0.330744,0.490682,0.490682,0.291105,0.490682,0.000000
1.049279,1.049279,1.049279,1.049279,0.889341,0.759611,0.759611,0.763432,0.763432,0.763432,0.763432,0.763432,0.763432,0.762495,0.591110,0.591110,0.591110,0.591110,0.591110,0.591110,0.591110,0.591110,0.763432,0.763432,0.763432,0.763432,0.763432,0.763432,0.759611,0.759611,0.889341,1.395360,0.889341,0.889341,1.747254,1.716321,3.833461,27.629964,69.386011,116.168333,164.386530,216.261567,269.916061,320.160829,388.914666,427.225468,499.946392,544.693251,610.453098,680.631675,708.109319,760.421590,821.232798,891.316559,926.701143,939.598439,951.102623,1001.725171,1093.143495,1160.554235,1186.461504,1223.277374,1236.973064,1232.930213,1239.763451,1261.559806,1272.890525,1260.342778,1289.260344,1292.518869,1283.641879,1279.568928,1277.438482,1274.972839,1271.347333,1264.066073,1263.832427,1253.652268,1229.730643,1213.743293,1179.239415,1109.192754,1103.479129,1039.090747,996.589096,962.656536,924.625774,867.762802,841.122877,805.312538,768.632516,708.351755,679.101665,642.213512,591.645388,533.960961,501.019516,438.236307,386.894892,331.473332,276.685608,226.671600,181.854296,122.629285,79.953393,26.074890,2.624369,0.000000,0.000000,0.000000,0.000000,0.614789,0.000000,0.000000,0.000000,0.000000,0.000000,0.123402,0.123402,0.000000,0.000000,0.000000,0.000000,0.000000,0.135109,0.305512,0.354951,0.430845,0.319045,0.398244,0.439642,0.257338,0.257338,0.257338,0.257338,0.257338,0.257338,0.257338,0.257338,0.417277,0.417277,0.417277,0.417277,0.412949
0.242611,0.242611,0.242611,0.242611,0.000000,0.023689,0.000000,0.000000,0.000000,0.000000,0.000000,0.000000,0.000000,0.000000,0.699854,0.000000,0.000000,0.000000,0.000000,0.000000,0.000000,0.000000,0.000000,0.000000,0.000000,0.000000,0.000000,0.000000,0.806290,0.023689,0.000000,0.000000,0.242611,0.242611,0.056344,0.614119,6.040081,29.433686,76.085434,123.009329,169.679623,215.934224,265.179644,319.310410,392.727580,443.405754,495.407912,541.428293,593.573628,629.187608,667.730718,715.149527,776.936837,824.753328,863.370204,899.212913,925.987102,970.801474,1039.526396,1055.871459,1110.566077,1121.173006,1112.197205,1134.409347,1146.622574,1173.225794,1168.935068,1176.584613,1233.145708,1239.830126,1241.927843,1260.890481,1227.412881,1213.527989,1202.598532,1204.948417,1200.033311,1155.436260,1151.228710,1108.022032,1069.182445,1006.879906,944.996777,939.023671,904.131102,883.122400,869.463689,834.015747,781.542522,756.928638,715.119763,672.590371,633.446002,592.310142,553.057182,510.214911,475.205917,424.696756,369.301447,322.892510,268.033984,213.023137,176.704230,123.292624,81.235281,30.506253,6.092523,0.051857,0.000000,0.347478,0.352298,0.343996,0.460559,0.388944,0.278427,0.273606,0.259327,0.117293,0.112473,0.273606,0.278427,0.278427,0.141396,0.379142,0.133569,0.091183,0.307383,0.307383,0.307383,0.000000,0.122003,0.172292,0.172292,0.172292,0.172292,0.172292,0.172292,0.246163,0.246163,0.246163,0.246163,0.246163,0.246163,0.246163
0.000000,0.000000,0.000000,0.000000,0.000000,0.000000,0.000000,0.000000,0.000000,0.000000,0.000000,0.000000,0.000000,0.000000,0.000000,0.000000,0.000000,0.000000,0.000000,0.000000,0.000000,0.000000,0.000000,0.000000,0.000000,0.000000,0.000000,0.000000,0.000000,0.000000,0.000000,0.000000,0.000000,0.000000,0.000000,0.000000,8.954152,35.237126,80.496237,122.696742,186.649755,238.779062,281.002060,337.017559,389.417075,443.145473,499.036160,543.042543,592.147162,633.248470,670.595427,707.870594,751.918980,770.907548,817.920402,865.339295,884.654326,890.637170,891.208815,919.410467,976.598650,1017.500255,1026.211804,1051.304850,1068.743888,1062.401306,1090.348406,1112.169996,1100.278014,1126.840693,1145.134109,1186.954015,1194.068054,1183.819794,1210.111947,1205.883443,1239.936204,1202.221095,1184.196706,1149.788270,1152.437442,1133.586226,1097.510221,1103.042656,1079.052209,1021.075787,996.895790,919.091117,866.836874,793.900050,757.965142,705.214890,674.466151,635.537970,596.608178,544.272503,497.527233,446.414861,381.955120,333.584051,278.228009,216.309391,168.810080,120.962746,82.033521,32.323600,7.980552,0.164203,0.145102,0.000000,0.000000,0.000000,0.000000,0.000000,0.000000,0.000000,0.000000,0.000000,0.000000,0.000000,0.000000,0.000000,0.000000,0.000000,0.000000,0.000000,0.000000,0.000000,0.000000,0.000000,0.000000,0.000000,0.118717,0.118717,0.000000,0.000000,0.000000,0.000000,0.000000,0.000000,0.000000,0.548810,0.548810,0.387912
0.062372,0.062372,0.062372,0.062372,0.000000,0.487620,0.000000,0.000000,0.000000,0.000000,0.000000,0.000000,0.000000,0.000000,0.000000,0.000000,0.000000,0.000000,0.000000,0.000000,0.000000,0.000000,0.000000,0.000000,0.000000,0.000000,0.000000,0.000000,0.230953,0.256790,0.256790,0.256790,0.505287,0.505287,1.395001,1.582130,11.316536,40.076662,87.622017,136.747270,188.309394,242.715021,293.587580,335.497413,386.805576,454.560641,503.113841,550.083116,598.455985,655.215198,691.393179,735.566746,796.626001,837.002035,887.719430,926.238381,996.778986,1051.046920,1079.461603,1133.700835,1161.351889,1167.725213,1151.967080,1164.909929,1168.298330,1209.314207,1215.174176,1209.711726,1231.454401,1229.510524,1242.907720,1240.444151,1239.088843,1231.985212,1233.432163,1214.543859,1191.484542,1165.878746,1153.078488,1135.876075,1124.154067,1117.809243,1089.855769,1038.981671,1031.632969,974.171650,918.923731,876.863094,833.972217,787.807323,746.409799,699.874343,661.834724,619.614925,580.076856,529.640196,481.677577,425.776827,367.819519,322.027256,273.360904,219.793057,174.610075,125.880989,79.409948,34.112917,4.699566,0.000000,0.000000,0.000000,0.000000,0.000000,0.000000,0.000000,0.000000,0.000000,0.000000,0.000000,0.000000,0.000000,0.000000,0.000000,0.000000,0.000000,0.000000,0.000000,0.000000,0.000000,0.000000,0.000000,0.000000,0.000000,0.000000,0.000000,0.000000,0.000000,0.000000,0.012739,0.012739,0.000000,0.012739,0.012739,0.012739,0.012739
0.331944,0.353304,0.353304,0.353304,0.104807,0.134382,0.064798,0.449878,0.449878,0.000000,0.000000,0.000000,0.000000,0.000000,0.000000,0.000000,0.000000,0.000000,0.000000,0.000000,0.000000,0.000000,0.000000,0.000000,0.000000,0.000000,0.000000,0.000000,0.000000,0.000000,0.000000,0.000000,0.071903,0.000000,0.000000,0.000000,11.393150,42.329092,85.737519,135.449562,183.132138,234.041707,290.674272,340.058393,396.132132,462.016145,501.663380,555.725324,619.787230,664.102637,703.186672,758.388743,802.301838,853.602591,903.838707,918.981868,935.019062,941.626166,956.347766,1014.546094,1022.767294,1045.392312,1078.734990,1095.410906,1129.489537,1146.896442,1170.094734,1170.178779,1181.045126,1191.406210,1204.656959,1218.388651,1208.371849,1208.850581,1218.887768,1192.990939,1203.176710,1181.295289,1193.631475,1168.625483,1148.882103,1108.940389,1093.394274,1083.327009,1055.358259,1005.307524,987.104034,963.617612,909.341890,865.971351,850.120492,800.950448,756.934595,684.684772,642.555920,593.503024,531.389933,462.923931,409.570370,346.716225,287.285668,239.106624,187.309115,145.707837,94.284587,47.327915,13.691805,0.683327,0.710324,0.170480,0.195687,0.000000,0.000000,0.000000,0.000000,0.000000,0.000000,0.000000,0.000000,0.000000,0.000000,0.000000,0.000000,0.000000,0.000000,0.000000,0.000000,0.000000,0.000000,0.000000,0.000000,0.182632,0.091704,0.406917,0.002140,0.002140,0.002140,0.054651,0.076011,0.076011,0.432232,0.432232,0.432232,0.945079
0.000000,0.000000,0.000000,0.000000,0.000000,0.330047,0.000000,0.000000,0.000000,0.000000,0.000000,0.000000,0.000000,0.000000,0.000000,0.000000,0.000000,0.000000,0.000000,0.000000,0.000000,0.000000,0.000000,0.000000,0.000000,0.000000,0.000000,0.000000,0.000000,0.000000,0.000000,0.000000,0.000000,0.000000,0.000000,2.960645,13.802761,44.591296,94.077147,139.768959,187.511583,245.159922,292.436151,339.120115,387.369607,448.859277,493.476910,550.025105,590.106574,647.089751,681.353420,728.264550,806.986992,838.039862,910.796386,929.929832,956.953272,1002.065767,1058.146667,1075.428976,1103.661629,1113.906115,1126.358370,1144.432403,1161.060519,1150.353976,1145.539990,1161.352285,1171.262070,1191.234506,1200.126347,1189.047315,1194.374063,1190.630561,1193.972100,1182.866756,1185.862443,1191.406761,1180.114121,1150.312317,1145.767646,1100.872683,1037.875431,989.690483,936.553945,939.813820,902.784658,851.445941,816.517946,757.026057,731.401404,699.086987,671.138963,632.100795,596.576169,550.843912,510.701683,449.452488,405.789782,347.500980,297.609272,247.417017,197.893112,146.842605,103.048853,53.526903,19.104355,1.149256,1.130087,0.642447,0.636410,1.220323,1.220323,0.286226,0.000000,0.000000,0.000000,0.301521,0.000000,0.000000,0.000000,0.000000,0.000000,0.000000,0.000000,0.000000,0.000000,0.000000,0.000000,0.000000,0.000000,0.000000,0.000000,0.000000,0.000000,0.000000,0.000000,0.000000,0.000000,0.000000,0.109737,0.338880,0.109737,0.622584
0.076916,0.076916,0.076916,0.076916,0.000000,0.000000,0.000000,0.000000,0.000000,0.000000,0.000000,0.000000,0.000000,0.000000,0.000000,0.000000,0.000000,0.000000,0.000000,0.000000,0.000000,0.000000,0.000000,0.000000,0.000000,0.000000,0.000000,0.000000,0.000000,0.000000,0.000000,0.000000,0.000000,0.295271,1.655662,2.644346,18.313626,48.210424,94.660335,142.489572,191.792228,252.368090,301.855477,347.296283,400.594673,444.100780,494.113165,547.097326,610.906402,660.923165,732.217863,791.119424,829.847823,884.543933,934.847510,971.337848,1001.577704,1029.889711,1060.535312,1103.860562,1095.506327,1102.236465,1117.394644,1116.328924,1119.741445,1119.284447,1108.178738,1103.282936,1121.556551,1129.055914,1138.249088,1146.867926,1148.142824,1145.427292,1138.954543,1139.422102,1151.635422,1138.753049,1157.921234,1155.201693,1153.182691,1116.854058,1108.766912,1085.829613,1065.834153,993.251522,961.512629,922.055603,916.417707,844.372215,806.701425,756.715896,702.087090,634.983480,594.447063,550.833616,497.961323,434.310113,396.867246,340.617184,287.191168,236.371167,193.509101,146.292584,98.320320,54.205944,16.614213,0.909079,0.862116,0.396232,0.377132,0.040011,0.040011,0.022695,0.000000,0.000000,0.000000,0.000000,0.000000,0.000000,0.000000,0.000000,0.000000,0.000000,0.000000,0.000000,0.000000,0.000000,0.000000,0.000000,0.000000,0.000000,0.000000,0.000000,0.000000,0.000000,0.000000,0.000000,0.000000,0.000000,0.000000,0.000000,0.000000,0.470314
0.427666,0.427666,0.427666,0.427666,0.179169,0.208743,0.139159,0.119463,0.119463,0.000000,0.619134,0.000000,0.000000,0.000000,0.000000,0.000000,0.000000,0.000000,0.000000,0.000000,0.000000,0.000000,0.000000,0.311693,0.000000,0.000000,0.000000,0.000000,0.000000,0.000000,0.000000,0.000000,0.000000,0.000000,0.000000,0.247428,22.437955,50.709100,98.880882,152.072858,205.832599,263.392419,309.605973,358.168117,404.174267,461.550326,506.531299,568.081356,621.028256,654.221359,686.526954,730.243565,767.130789,815.798474,876.470729,889.535593,884.685532,894.367156,947.394698,974.341362,992.689556,1006.569214,1036.671857,1066.747172,1104.788315,1157.004903,1119.638262,1142.383607,1148.241429,1173.257347,1163.066107,1182.357070,1185.581792,1183.474459,1181.835940,1164.562543,1195.195343,1168.506102,1172.278099,1148.622844,1125.970056,1117.540732,1088.762091,1064.035090,996.659318,986.351976,944.428992,913.181324,873.961437,827.057467,807.732400,766.917509,706.246001,659.133393,604.976537,557.839194,515.315358,459.045912,402.128816,350.460282,301.129478,247.444610,199.802895,148.219547,104.756020,58.328685,24.703442,0.876303,0.871302,0.525361,0.363456,0.004229,0.004229,0.004229,0.000000,0.000000,0.000000,0.000000,0.307691,0.000000,0.000000,0.000000,0.000000,0.000000,0.000000,0.000000,0.117631,0.117631,0.117631,0.128274,0.000000,0.076501,0.000000,0.076501,0.076501,0.076501,0.076501,0.150372,0.150372,0.150372,0.506593,0.506593,0.506593,1.019440
0.857822,0.857822,0.857822,0.857822,0.609325,0.609325,0.583488,0.000000,0.000000,0.000000,0.000000,0.000000,0.000000,0.000000,0.000000,0.000000,0.000000,0.000000,0.000000,0.000000,0.000000,0.000000,0.000000,0.000000,0.000000,0.000000,0.000000,0.000000,0.150410,0.176247,0.176247,0.176247,0.424744,1.051273,1.108957,4.145531,26.418637,60.219110,111.387032,164.137748,212.278426,265.195103,316.823808,367.819418,417.480260,471.433898,534.493749,596.578106,650.864444,697.666468,732.415330,792.384429,830.384202,906.231824,933.214999,977.418434,978.752980,1038.112546,1082.484577,1132.030811,1128.703286,1133.558209,1136.771403,1138.423740,1147.743039,1175.306774,1174.644729,1186.808698,1202.686043,1199.967139,1193.680907,1199.356823,1199.423949,1196.226314,1189.083132,1182.327559,1196.856444,1150.502826,1122.240809,1135.356219,1125.236168,1125.345576,1115.086458,1097.791377,1096.470976,1088.492428,1033.258685,991.499417,932.301773,862.974541,829.858275,779.234271,729.308007,660.335843,621.988998,588.423030,522.703069,475.042840,406.198104,350.005401,304.887388,253.401585,202.616213,150.272822,103.414749,55.674821,21.187861,0.370229,0.370229,0.000000,0.000000,0.000000,0.000000,0.000000,0.000000,0.000000,0.000000,0.000000,0.000000,0.000000,0.274442,0.274442,0.000000,0.000000,0.000000,0.000000,0.000000,0.000000,0.000000,0.000000,0.000000,0.000000,0.000000,0.000000,0.000000,0.000000,0.000000,0.000000,0.000000,0.000000,0.209820,0.209820,0.209820,0.722667
0.412407,0.412407,0.412407,0.412407,0.163910,0.193484,0.123900,0.104204,0.104204,0.000000,0.000000,0.603875,0.603875,0.000000,0.000000,0.000000,0.000000,0.000000,0.000000,0.000000,0.000000,0.000000,0.000000,0.000000,0.000000,0.000000,0.000000,0.000000,0.000000,0.000000,0.000000,0.000000,0.000000,0.000000,0.000000,2.979225,30.172913,70.438734,116.554136,163.545595,219.950307,272.834098,318.682319,381.869576,435.152011,482.607518,537.070176,585.299935,630.672136,680.180403,718.933837,776.185415,824.160483,886.924155,932.015177,973.287202,1066.028293,1089.676636,1105.826826,1128.279590,1136.958629,1151.230360,1161.541848,1164.884221,1171.024686,1183.697656,1197.617072,1216.860335,1231.840069,1241.252536,1244.982360,1230.348788,1230.362320,1214.472533,1201.724704,1183.612422,1161.739896,1120.416665,1097.723831,1081.297030,1060.372191,1056.382108,1037.293470,1027.066449,981.123666,934.641314,906.749567,908.727205,858.521537,808.970103,754.352503,726.022272,693.185701,641.329538,591.952385,552.763625,517.094704,477.377320,411.006227,349.720753,310.031356,255.789280,213.655905,162.878088,115.872911,70.953736,32.287950,0.780472,0.775651,0.403216,0.248525,0.000000,0.000000,0.000000,0.000000,0.000000,0.000000,1.258413,0.771778,0.000000,0.000000,0.000000,0.000000,0.000000,0.631741,0.000000,0.000000,0.000000,0.000000,0.000000,0.000000,0.061242,0.061242,0.061242,0.061242,0.061242,0.061242,0.135114,0.135114,0.135114,0.491335,0.491335,0.491335,1.004181
0.827701,0.827701,0.827701,0.827701,0.579204,0.579204,0.553367,0.000000,0.000000,0.000000,0.000000,0.000000,0.000000,0.000000,0.000000,0.000000,0.000000,0.000000,0.000000,0.000000,0.000000,0.000000,0.000000,0.000000,0.000000,0.000000,0.000000,0.000000,0.310104,0.335941,0.335941,0.335941,0.584438,2.014644,0.339909,0.684821,28.829776,69.576017,115.325058,159.801013,220.469837,278.359952,330.305409,387.334012,441.437594,494.515587,537.723398,617.671887,653.627793,687.822829,735.759019,792.211199,850.681112,929.964759,997.543609,1031.946901,1098.951000,1120.879539,1148.957001,1156.787081,1147.164801,1144.441647,1153.533488,1154.953927,1177.177618,1222.422347,1220.046022,1228.807907,1238.737058,1229.222681,1232.938924,1233.210241,1223.663557,1210.864665,1205.245184,1216.119393,1210.615174,1175.217269,1161.695535,1107.005393,1112.760066,1092.974963,1056.638669,1029.290421,975.560592,937.078790,913.404638,895.875875,859.549462,805.362254,758.496938,727.710133,684.122598,637.461206,601.472785,570.856940,519.985206,462.947761,411.319650,349.201671,308.932708,252.338831,204.339355,157.689160,107.542347,62.460210,24.975831,0.288323,0.274044,0.000000,0.000000,0.000000,0.000000,0.000000,0.000000,0.000000,0.000000,0.000000,0.000000,0.000000,0.000000,0.000000,0.000000,0.000000,0.000000,0.000000,0.000000,0.000000,0.000000,0.000000,0.000000,0.000000,0.000000,0.000000,0.000000,0.000000,0.000000,0.000000,0.000000,0.000000,0.179699,0.179699,0.179699,0.964038
0.353304,0.353304,0.353304,0.353304,0.104807,0.134382,0.245290,0.045101,0.045101,0.000000,0.097364,0.000000,0.000000,0.000000,0.000000,0.000000,0.000000,0.000000,0.000000,0.000000,0.000000,0.000000,0.000000,0.000000,0.000000,0.000000,0.000000,0.000000,0.000000,0.000000,0.000000,0.000000,0.000000,0.739886,0.000000,0.000000,31.639551,70.729417,109.636297,163.483250,221.530432,272.240048,319.707397,380.823734,432.927364,483.951191,532.676453,594.248137,633.557936,674.071548,709.349213,768.846080,824.299337,872.129620,900.613323,931.639621,970.610478,1017.807956,1066.459765,1096.158457,1127.175139,1130.360105,1157.942427,1149.000766,1176.003905,1192.246499,1195.723566,1204.049373,1218.965122,1222.797231,1232.614559,1230.965304,1229.414477,1227.274930,1226.940491,1202.139742,1206.468666,1199.528768,1182.602027,1141.004857,1120.566838,1115.563093,1095.644160,1064.147978,1004.320791,970.635502,952.542678,938.734804,920.679928,908.716198,828.486142,785.280665,732.123310,697.432777,650.473173,601.115793,550.181545,489.121534,436.988022,388.151011,315.383855,259.469002,213.172097,164.794132,118.440935,73.899963,33.765298,0.708533,0.683327,1.153675,0.170480,0.000000,0.000000,0.000000,0.000000,0.000000,0.000000,0.000000,0.000000,0.000000,0.000000,0.000000,0.000000,0.000000,0.000000,0.000000,0.000000,0.000000,0.000000,0.000000,0.000000,0.406917,0.091704,0.002140,0.000000,0.002140,0.182632,0.480788,0.256503,0.076011,0.432232,0.432232,0.432232,0.923719
0.435586,0.009449,0.000000,0.259952,0.000000,0.000000,0.084829,0.134527,0.000000,0.000000,0.000000,0.000000,0.000000,0.000000,0.000000,0.000000,0.000000,0.000000,0.000000,0.000000,0.000000,0.000000,0.000000,0.000000,0.000000,0.000000,0.000000,0.000000,0.000000,0.000000,0.000000,0.000000,0.000000,0.035616,0.000000,2.960645,37.162515,79.792849,122.388516,172.156749,228.132150,280.386680,329.025702,382.160495,432.922501,483.449649,524.472312,569.809847,600.292040,647.059436,671.350024,709.931846,768.897547,800.700633,860.761404,881.807845,900.209663,939.829467,977.436509,1020.450380,1046.364190,1075.601913,1088.651615,1105.290329,1123.673294,1136.960557,1134.070062,1142.139372,1157.920021,1152.646151,1162.875898,1207.580327,1204.263416,1189.604211,1191.623438,1185.092942,1205.826520,1173.386058,1176.707940,1170.053795,1192.093301,1182.945267,1179.334915,1161.520634,1128.190667,1049.850149,986.950454,949.308022,919.916853,840.369071,785.509020,750.199793,720.551641,691.703417,629.421477,596.997857,537.386315,486.997880,440.346660,393.624370,338.823634,274.883185,229.652093,178.452043,123.802574,83.033754,38.324271,1.155293,1.130087,3.035731,0.642447,0.286226,0.261019,0.261019,0.000000,0.000000,0.000000,0.000000,0.000000,0.000000,0.000000,0.000000,0.000000,0.000000,0.000000,0.000000,0.000000,0.000000,0.000000,0.000000,0.000000,0.000000,0.000000,0.000000,0.000000,0.000000,0.000000,0.000000,0.000000,0.000000,0.109737,0.000000,0.000000,0.307371
0.000000,0.107755,0.107755,0.107755,0.002216,0.002216,0.000000,0.000000,0.000000,0.000000,0.000000,0.000000,0.000000,0.000000,0.000000,0.000000,0.000000,0.000000,0.000000,0.000000,0.000000,0.000000,0.000000,0.000000,0.000000,0.000000,0.000000,0.000000,0.000000,0.000000,0.220571,0.000000,0.000000,0.000000,1.224883,4.325388,35.221522,78.698983,123.434988,171.057990,226.000336,282.654597,328.460520,382.066090,425.234906,478.574885,529.553333,578.721538,610.724782,650.851739,688.338513,749.716626,788.357875,831.031400,837.405219,882.481095,922.001605,984.344799,1067.469249,1064.381587,1087.655218,1114.234463,1102.906659,1122.090365,1122.736062,1128.853655,1124.051623,1134.883812,1117.242038,1128.168910,1139.380329,1152.859983,1150.019740,1148.583484,1159.328135,1151.848033,1177.462439,1148.445364,1155.939564,1133.818326,1131.937662,1141.439749,1113.018454,1105.907110,1076.807971,1024.413714,965.615238,927.577079,907.910896,865.267799,827.039517,797.738834,733.919321,686.333012,649.293695,607.490291,545.977049,499.367858,443.642458,398.426540,334.245688,287.274333,235.635079,183.143619,124.735248,84.216574,39.002980,2.123642,0.939918,0.000000,0.427071,0.000000,0.000000,0.070850,0.000000,0.000000,0.000000,0.000000,0.000000,0.000000,0.000000,0.000000,0.000000,0.000000,0.000000,0.000000,0.000000,0.000000,0.000000,0.000000,0.000000,0.000000,0.000000,0.000000,0.000000,0.000000,0.000000,0.000000,0.000000,0.000000,0.000000,0.000000,0.000000,0.501153
0.427666,0.427666,0.427666,0.427666,0.179169,0.208743,0.139159,0.119463,0.119463,0.000000,0.000000,0.000000,0.000000,0.000000,0.000000,0.000000,0.000000,0.000000,0.000000,0.000000,0.000000,0.000000,0.000000,0.000000,0.000000,0.000000,0.000000,0.000000,0.000000,0.000000,0.000000,0.000000,0.000000,0.000000,0.000000,7.210916,38.994271,86.297763,135.204382,180.890566,230.514720,289.289151,342.039865,391.812553,434.767508,486.586214,536.584983,593.033377,644.990723,680.137282,727.931993,777.810263,825.073875,859.349830,884.455506,904.857901,907.927053,941.690314,996.771701,1008.632380,1042.120958,1043.709606,1053.236723,1063.501543,1078.787484,1078.415099,1098.562517,1116.425523,1149.450591,1134.934417,1153.255206,1191.610924,1192.646802,1168.476608,1158.338477,1139.260668,1146.412739,1102.902971,1094.216957,1085.927545,1084.203680,1091.346842,1074.621829,1066.794764,1058.782627,1021.855875,936.650717,914.755629,904.748152,838.377446,798.201959,751.457669,717.310099,668.918508,642.327607,587.073628,536.103602,495.441276,438.612440,409.527241,353.831630,282.688293,235.794943,188.700487,137.412301,88.442845,46.558784,7.462942,0.185909,0.297403,0.360450,0.004229,0.004229,0.004229,0.000000,0.000000,0.000000,0.000000,0.000000,0.000000,0.000000,0.000000,0.000000,0.000000,0.000000,0.000000,0.000000,0.000000,0.000000,0.128274,0.000000,0.076501,0.000000,0.076501,0.076501,0.076501,0.076501,0.150372,0.150372,0.150372,0.506593,0.506593,0.506593,1.019440
0.050867,0.050867,0.050867,0.050867,0.050867,0.000000,0.000000,0.000000,0.000000,0.000000,0.000000,0.000000,0.000000,0.000000,0.019162,0.019162,0.000000,0.000000,0.000000,0.000000,0.000000,0.000000,0.040532,0.051893,0.067176,0.045807,0.018131,0.018131,0.072428,0.044752,0.247980,0.275656,0.297025,0.000000,0.129360,13.561648,46.387546,89.545919,138.917728,185.499989,236.012621,290.605232,351.719883,410.399752,459.960493,522.620925,570.597772,622.315223,661.731385,705.326114,748.509093,800.237616,830.667350,882.092000,929.441373,943.896846,1017.770572,1097.618544,1122.672339,1148.089587,1198.440127,1222.337902,1280.833083,1287.204955,1321.762655,1331.773339,1356.752701,1388.923872,1405.024071,1389.512089,1404.612726,1401.692823,1403.005692,1403.330795,1414.472661,1387.344741,1376.590603,1343.543465,1343.466024,1345.229160,1312.280115,1302.604508,1290.157031,1213.515395,1191.006172,1111.620445,1003.569863,936.146799,890.134092,858.063184,809.998184,772.941907,718.508745,694.810169,645.499163,594.312208,550.380988,491.178417,439.205850,399.403453,354.850013,293.941584,244.259899,195.863750,143.659924,91.718063,50.649096,9.178560,0.552497,0.183475,0.973849,0.973849,0.973849,1.538056,0.973849,0.973849,1.535036,1.535036,0.973849,1.535036,0.823382,0.823382,1.696285,0.972211,0.982786,1.647666,1.447023,0.460850,1.956922,2.753214,1.983940,0.485494,0.485494,0.485494,0.485494,0.485494,0.485494,0.485494,0.485494,0.485494,0.485494,0.014473,0.040777,0.040777
0.000000,0.000000,0.000000,0.000000,0.000000,0.000000,0.000000,0.000000,0.000000,0.000000,0.000000,0.000000,0.000000,0.000000,0.000000,0.000000,0.000000,0.000000,0.000000,0.000000,0.000000,0.000000,0.000000,0.000000,0.099205,0.099205,0.120574,0.099205,0.125826,0.125826,0.153502,0.153502,0.153502,0.147196,0.455248,10.952514,49.634023,89.583116,135.938400,189.720581,239.262278,301.954763,352.966759,402.182272,455.431952,510.480971,561.872187,605.205767,651.544864,697.984246,739.764959,778.093178,808.940513,856.165785,894.658080,928.224635,970.775268,1002.206760,1028.753597,1078.138862,1111.698758,1188.187868,1209.382321,1246.511184,1268.037351,1256.978011,1255.195484,1279.413008,1312.883796,1310.940341,1318.837493,1347.738693,1352.040722,1363.138186,1332.213584,1296.547474,1279.584410,1277.832174,1255.739028,1265.164759,1241.777425,1251.676571,1233.704595,1196.799392,1166.517150,1155.738980,1076.173835,1035.944507,975.164553,918.214025,886.103389,848.681706,792.016490,755.317852,700.659309,649.761724,592.540895,532.402984,465.222356,424.921300,370.781509,310.616213,259.560412,206.936473,150.658699,103.843306,51.203852,12.868954,0.478843,0.478843,0.478843,0.478843,0.478843,1.291268,0.478843,0.478843,1.040030,0.478843,0.478843,1.296789,1.548027,1.548027,0.744538,0.737401,0.744538,1.497040,1.426166,1.426720,2.157892,2.086100,2.516893,0.620099,0.620099,0.363340,0.363340,0.363340,0.363340,0.363340,0.363340,0.363340,0.363340,0.000000,0.000000,0.000000
0.030968,0.030968,0.030968,0.030968,0.030968,0.030968,0.030968,0.004347,0.004347,0.004347,0.004347,0.016739,0.044415,0.202490,0.223860,0.223860,0.202490,0.202490,0.230166,0.202490,0.202490,0.202490,0.230166,0.262897,0.229135,0.201459,0.201459,0.222829,0.249450,0.249450,0.228081,0.255756,0.255756,0.228081,3.402133,16.317464,50.023116,99.666665,137.330699,188.889125,238.601205,289.838955,344.839881,398.845215,444.786686,499.451484,531.558024,568.713957,623.492984,669.511056,721.591810,766.736193,791.737947,849.803983,856.624981,888.048246,893.263003,926.536723,970.458870,1011.262105,1062.719697,1116.733161,1162.423178,1237.987200,1260.440681,1339.125999,1361.007474,1373.877182,1387.364781,1396.141705,1431.106029,1414.034925,1411.754485,1419.836387,1406.554997,1376.919518,1371.758552,1381.619921,1391.607532,1366.189717,1322.822516,1319.132092,1304.708678,1262.406048,1186.836670,1129.488699,1099.134444,1074.687833,1020.735944,972.602104,876.089426,855.510959,793.297417,750.274365,703.106988,664.208628,624.740800,548.366507,472.346729,413.245579,354.968669,309.639896,259.807920,207.492899,147.103709,108.206608,54.291498,14.219812,0.807343,0.532598,0.532598,0.532598,0.532598,1.093785,1.093785,1.093785,1.338362,1.093785,1.093785,1.093785,1.093785,1.093785,0.541534,0.541534,0.541534,1.291016,1.223161,1.223715,1.611384,1.205825,2.139454,0.465595,0.465595,0.465595,0.465595,0.465595,0.465595,0.465595,0.465595,0.465595,0.465595,0.000000,0.020877,0.000000
0.100141,0.100141,0.000000,0.100141,0.100141,0.000000,0.000000,0.000000,0.000000,0.000000,0.000000,0.000000,0.000000,0.068435,0.000000,0.000000,0.068435,0.068435,0.072013,0.068435,0.068435,0.000000,0.068435,0.081745,0.069353,0.072931,0.000000,0.072931,0.095974,0.095974,0.299201,0.299201,0.302779,0.000000,1.760096,18.864217,55.031119,99.842613,141.138171,186.829640,238.702451,295.757848,345.058715,398.463569,458.788284,509.834844,567.188822,615.186984,662.841932,717.139359,760.700649,791.213140,829.191054,875.335559,896.397102,920.880388,962.443152,986.709162,1047.677079,1155.143476,1182.200503,1290.059822,1320.028545,1330.433460,1339.690040,1334.112728,1325.458219,1354.853116,1382.154969,1378.892687,1379.194976,1377.616405,1382.809563,1380.688306,1366.517484,1348.307486,1350.956738,1363.520455,1359.274546,1378.521947,1313.320897,1321.902595,1315.521692,1280.970043,1245.753058,1182.093903,1130.430039,1107.182021,1053.033202,1010.306347,956.034464,901.801182,844.136060,796.493878,748.277438,685.169065,634.249072,557.437798,495.060873,446.563476,383.280857,324.867597,270.156475,217.264265,165.483598,108.189360,58.597324,18.019198,0.736482,0.481800,0.632267,0.632267,0.632267,0.632267,0.632267,0.632267,0.632267,0.632267,0.632267,0.632267,0.632267,0.632267,0.641204,0.641204,0.641204,0.234904,0.167049,0.143614,0.635235,1.099784,0.877217,0.000000,0.286002,0.000000,0.159244,0.159244,0.000000,0.159244,0.159244,0.000000,0.159244,0.000000,0.000000,0.000000
0.000000,0.000000,0.000000,0.000000,0.000000,0.000000,0.000000,0.000000,0.000000,0.000000,0.000000,0.000000,0.000000,0.000000,0.000000,0.000000,0.000000,0.000000,0.000000,0.000000,0.000000,0.000000,0.000000,0.000000,0.107407,0.107407,0.110985,0.110985,0.132710,0.132710,0.129132,0.129132,0.129132,0.000000,3.876672,21.566370,60.414759,110.491912,151.324390,198.037519,253.902330,321.087940,367.306645,426.668534,486.816523,533.244161,600.164204,652.326094,686.913711,741.255143,774.519626,806.038888,853.407107,898.386389,930.912124,940.797798,956.295944,977.194141,1014.066285,1065.839829,1105.122940,1212.964270,1218.305774,1273.431919,1265.403385,1300.267382,1303.000996,1318.868525,1340.721420,1350.983028,1352.315693,1345.510632,1344.996257,1341.283736,1327.584108,1329.217554,1322.682059,1320.120581,1323.792615,1357.471113,1353.278975,1319.348912,1310.779874,1301.234764,1236.918555,1209.777795,1164.092165,1099.240822,1073.408365,999.860273,933.373419,901.173878,837.276333,777.287282,728.771530,670.886457,603.688070,547.101372,491.083761,443.844043,381.696708,334.062858,278.229635,220.787565,171.768045,122.741647,61.237652,24.630070,5.961156,0.120221,0.120221,0.120221,0.120221,0.120221,0.120221,0.120221,0.120221,0.120221,0.120221,0.000000,0.376980,0.376980,0.382949,0.376980,0.376980,0.717556,0.000000,0.000000,1.054521,1.069071,1.129279,0.621457,0.000000,0.000000,0.033177,0.364698,0.364698,0.033177,0.000000,0.033177,0.000000,0.000000,0.000000,0.000000
0.293827,0.293827,0.293827,0.293827,0.293827,0.090599,0.098712,0.076987,0.076987,0.068874,0.090244,0.000000,0.081267,0.267018,0.000000,0.267018,0.267018,0.000000,0.267018,0.267018,0.000000,0.000000,0.325629,0.278379,0.287356,0.287356,0.265987,0.265987,0.287712,0.287712,0.512309,0.549551,0.549551,0.000000,4.835948,26.198508,64.694425,112.703439,164.772389,215.778003,267.469139,327.199412,374.759059,426.765287,485.043048,541.784789,606.908813,647.545695,678.410646,735.913566,807.050650,825.822370,869.775628,963.497532,1021.022767,1093.796712,1153.894056,1166.683157,1184.860855,1211.837232,1255.441580,1303.405181,1336.681985,1353.407159,1353.837631,1333.917597,1340.036530,1366.340317,1384.807200,1389.085552,1395.022795,1382.910655,1379.422752,1372.418279,1358.235843,1346.334445,1335.264126,1331.099837,1328.938722,1343.658059,1356.970884,1331.197262,1304.287064,1278.667877,1228.321041,1184.342559,1156.228735,1093.888105,1010.187661,943.475061,871.285356,815.972089,765.475181,715.030231,671.638502,623.040016,590.255894,521.563726,460.611498,423.529613,363.849306,306.800653,256.755573,211.274759,161.907373,112.692924,66.857885,27.571410,5.187441,0.080405,0.355477,0.355477,0.355477,0.355477,0.355477,0.355477,0.355477,0.355477,0.355477,0.355477,0.355477,0.355477,0.355477,0.355477,0.355477,0.000000,0.000000,0.000000,0.047218,0.000000,0.572451,0.000000,0.000000,0.352930,0.361043,0.000000,0.000000,0.000000,0.000000,0.000000,0.000000,0.000000,0.000000,0.000000
0.000000,0.000000,0.000000,0.000000,0.000000,0.000000,0.000000,0.000000,0.000000,0.000000,0.000000,0.000000,0.000000,0.000000,0.000000,0.000000,0.000000,0.000000,0.000000,0.000000,0.000000,0.000000,0.000000,0.000000,0.000000,0.000000,0.000000,0.000000,0.190537,0.190537,0.169168,0.169168,0.190537,0.169168,8.158037,30.258688,69.157481,123.202085,169.252235,220.697276,276.100344,338.352485,390.664992,440.676307,482.806089,555.072313,607.037240,643.436548,672.549074,732.544091,758.041412,813.760991,828.673111,899.708573,930.973864,991.163591,1028.291263,1032.644269,1081.776779,1086.969345,1096.402034,1106.332490,1095.851583,1085.153406,1108.672964,1102.758264,1088.660686,1108.846524,1104.508936,1116.651203,1132.408354,1156.281114,1153.702693,1154.566430,1155.265780,1144.400021,1153.795219,1161.241106,1176.567221,1202.932065,1208.389171,1227.081346,1230.507554,1245.569612,1211.058124,1168.212655,1133.763377,1058.831114,1013.783998,976.059602,919.401355,868.257985,819.733673,760.779234,712.599975,657.196520,601.843450,542.034184,470.860759,414.196391,356.054899,309.955010,266.989834,211.318190,156.630181,117.765422,66.371313,28.552275,6.807654,0.175719,0.175719,0.175719,0.175719,0.175719,0.175719,0.175719,0.000000,0.175719,0.175719,0.175719,0.175719,0.175719,0.184655,0.184655,0.184655,0.000000,0.000000,0.204340,0.276676,0.165658,0.582585,0.404734,0.091475,0.404734,0.404734,0.404734,0.404734,0.404734,0.091475,0.404734,0.404734,0.000000,0.000000,0.000000
0.000000,0.000000,0.000000,0.000000,0.000000,0.000000,0.000000,0.000000,0.000000,0.000000,0.000000,0.000000,0.000000,0.000000,0.000000,0.000000,0.000000,0.000000,0.000000,0.000000,0.000000,0.000000,0.000000,0.000000,0.191989,0.191989,0.164313,0.185683,0.212304,0.212304,0.239980,0.489574,0.239980,0.212304,8.228857,39.679872,80.234682,127.942205,177.724397,229.079816,283.213037,341.752328,393.051878,442.504241,486.394585,534.184382,587.060696,632.517360,692.557392,730.304843,771.469751,807.653448,846.997489,859.223499,900.358506,917.813739,936.892356,960.968970,998.080228,1022.527401,1049.108896,1051.435106,1074.436574,1088.192369,1138.659036,1233.010620,1230.002439,1301.576913,1308.293931,1364.036184,1377.934870,1377.873113,1377.002502,1372.801160,1365.002902,1345.276283,1335.371223,1340.710032,1337.997460,1341.330527,1330.495907,1325.312905,1285.851761,1259.417610,1199.752491,1147.468315,1110.234111,1057.761746,1009.559610,998.833726,937.754435,873.591380,824.210213,781.531802,722.996992,659.177734,633.605151,568.309925,500.872544,439.889600,384.253044,324.806338,275.777926,220.635602,166.313897,116.830635,75.558942,31.892439,6.779250,1.040030,0.478843,0.000000,0.478843,0.478843,1.040030,0.478843,0.478843,0.478843,0.478843,0.735602,1.296789,1.296789,0.744538,0.744538,0.744538,1.276630,0.625600,0.648142,1.603865,2.958335,0.952251,0.685208,0.685208,0.428448,0.428448,0.428448,0.428448,0.428448,0.428448,0.428448,0.428448,0.000000,0.000000,0.000000
0.000000,0.000000,0.000000,0.000000,0.000000,0.000000,0.000000,0.000000,0.000000,0.000000,0.000000,0.000000,0.000000,0.000000,0.000000,0.000000,0.000000,0.000000,0.000000,0.000000,0.000000,0.000000,0.000000,0.000000,0.185683,0.185683,0.185683,0.185683,0.239980,0.239980,0.212304,0.510390,0.324538,0.212304,8.457765,40.989445,83.117287,129.756803,182.366388,230.287793,277.986559,330.608044,387.347217,439.851837,484.289011,527.497505,579.585397,627.076436,684.380566,726.756003,761.164071,799.248487,852.015555,861.569282,887.603392,921.882296,946.207345,992.492245,1053.175290,1089.802911,1135.463100,1213.586796,1232.294951,1222.582701,1253.948339,1266.598105,1257.456002,1281.743901,1339.161460,1353.123964,1344.037005,1349.891954,1351.061227,1344.221646,1329.084663,1300.155714,1280.836982,1281.703427,1273.710651,1259.343447,1221.126331,1222.055268,1191.409687,1150.328254,1129.790355,1042.960893,1025.960747,983.797426,933.050297,896.575588,861.438696,824.067772,778.389413,737.356237,694.574947,633.193782,564.539419,519.828696,462.635599,420.027173,379.185324,315.080212,265.145685,223.721239,171.342840,123.516058,80.088485,36.905010,9.387264,0.478843,0.478843,0.000000,0.478843,0.478843,0.478843,0.478843,1.040030,0.947764,1.040030,0.735602,1.296789,1.207543,1.216480,0.412809,1.305725,1.357223,0.864979,0.865533,1.794865,3.175726,1.398549,0.685208,0.685208,0.428448,0.428448,0.428448,0.428448,0.428448,0.428448,0.428448,0.428448,0.000000,0.000000,0.000000
0.107731,0.107731,0.107731,0.107731,0.107731,0.000000,0.000000,0.000000,0.000000,0.000000,0.000000,0.000000,0.000000,0.103701,0.076026,0.103701,0.103701,0.103701,0.076026,0.076026,0.103701,0.076026,0.076026,0.087387,0.074995,0.074995,0.096364,0.102670,0.129292,0.150661,0.353889,0.595499,0.438447,0.332519,10.829571,40.689836,79.859047,128.675862,175.232892,225.778671,281.875250,334.594276,389.579916,438.897349,490.263423,544.230447,605.224123,644.968048,685.550871,732.121625,762.747071,810.098157,852.928889,871.882796,893.699941,934.628108,971.471319,1026.950148,1062.376713,1112.762246,1166.273206,1294.402491,1325.541436,1326.013419,1380.131074,1381.886106,1396.330097,1400.648461,1404.353665,1418.148756,1440.291563,1434.654022,1429.730708,1423.197925,1408.003942,1404.760533,1387.701390,1380.742163,1383.984935,1382.368704,1352.790449,1354.788710,1323.210827,1281.090084,1194.359331,1148.525784,1108.384861,1065.589064,994.008921,998.917041,940.264086,867.749375,815.485500,777.917710,729.615674,669.842416,624.639566,571.723374,504.383194,451.680617,398.697955,342.781105,293.335380,241.934246,183.752660,134.482248,91.511195,42.384886,9.210039,0.823382,0.823382,0.183475,0.823382,1.535036,1.535036,1.535036,1.535036,1.535036,1.535036,0.823382,1.535036,1.687348,1.451708,1.487316,0.982786,0.847605,1.340937,0.953927,1.647803,2.499374,0.850210,0.166834,0.166834,0.166834,0.166834,0.166834,0.166834,0.166834,0.166834,0.166834,0.166834,0.000000,0.000000,0.000000
0.000000,0.100141,0.100141,0.100141,0.100141,0.000000,0.000000,0.000000,0.000000,0.000000,0.000000,0.000000,0.000000,0.068435,0.068435,0.068435,0.072013,0.000000,0.068435,0.072013,0.068435,0.068435,0.068435,0.081745,0.072931,0.072931,0.072931,0.072931,0.099552,0.099552,0.302779,0.000000,0.302779,0.000000,8.612828,41.114630,83.662159,132.913158,179.255561,228.156286,281.848538,334.844551,378.817396,436.726777,485.254957,565.549393,621.493673,659.263167,695.210985,750.845509,796.765310,839.897615,872.666453,908.799635,961.334787,978.548127,995.000252,1037.970577,1063.079863,1096.257499,1164.829037,1215.258867,1243.486526,1216.280574,1286.366271,1300.402982,1317.210137,1330.160540,1376.682510,1393.832679,1396.867562,1399.149585,1396.258137,1393.761660,1363.419671,1335.470437,1339.684944,1345.147357,1350.355636,1343.355579,1346.247940,1333.675931,1327.739305,1300.168994,1255.143039,1205.797783,1137.833480,1097.359793,1091.118742,1052.837141,1014.281304,949.414630,895.784422,852.303188,782.192224,718.821513,638.694279,584.203235,536.691664,468.186931,413.985852,351.189262,295.599970,244.160812,192.910713,139.535018,93.929023,45.242836,11.894116,0.632267,0.632267,0.000000,0.632267,0.481800,0.481800,0.481800,0.632267,0.632267,0.632267,0.632267,0.632267,0.632267,0.885781,0.630629,0.641204,0.234904,0.122888,0.122888,0.440886,0.870876,0.750673,0.015712,0.440985,0.000000,0.159244,0.159244,0.159244,0.159244,0.159244,0.000000,0.000000,0.000000,0.000000,0.000000
0.175349,0.175349,0.175349,0.175349,0.175349,0.175349,0.000000,0.153624,0.153624,0.153624,0.153624,0.000000,0.000000,0.014543,0.351767,0.020246,0.020246,0.000000,0.010965,0.351767,0.020246,0.010965,0.010965,0.027853,0.352684,0.352684,0.000000,0.000000,0.000000,0.000000,0.000000,0.603741,0.000000,0.000000,13.101199,49.022972,90.437008,137.061517,186.434095,237.780901,286.026162,338.130510,391.106471,436.778102,488.940299,539.306565,588.300179,640.046244,686.515424,740.491803,780.943880,833.570898,898.447056,930.998899,968.844098,1010.961911,1067.920863,1134.580170,1147.999784,1197.143326,1238.612317,1294.124810,1305.805611,1319.278257,1326.616100,1298.457698,1314.721458,1329.675677,1360.871939,1375.172509,1365.081316,1360.073793,1371.627164,1371.297984,1353.900194,1333.954486,1329.484375,1335.239110,1360.266277,1334.312159,1340.977034,1330.773927,1290.344129,1250.610820,1187.907427,1166.666140,1149.344796,1088.837433,1056.699577,1024.943945,952.204177,907.576419,854.032009,802.275985,768.878908,693.624827,639.783602,583.675628,544.808550,483.353888,429.820462,371.331934,316.549518,269.806210,217.871250,156.509984,99.983498,51.691363,15.014036,0.238700,0.000000,0.000000,0.000000,0.218441,0.218441,0.000000,0.000000,0.000000,0.365498,0.365498,0.365498,0.394909,0.004430,0.354923,0.365498,0.210494,0.191385,0.365008,0.120336,0.333532,1.117797,0.278454,0.000000,0.609975,0.609975,0.609975,0.609975,0.278454,0.609975,0.609975,0.609975,0.000000,0.165258,0.165258
0.136731,0.144844,0.144844,0.144844,0.136731,0.000000,0.000000,0.000000,0.000000,0.000000,0.000000,0.000000,0.000000,0.109922,0.109922,0.109922,0.109922,0.000000,0.109922,0.109922,0.000000,0.109922,0.109922,0.121283,0.108891,0.108891,0.167502,0.108891,0.130616,0.189227,0.333843,0.000000,0.333843,0.333843,15.021599,50.170954,96.066439,143.169424,190.436716,241.534621,301.366035,340.492847,394.480722,440.676783,486.136873,537.986797,581.255347,617.333322,659.141261,711.359705,739.253476,822.352017,870.515973,923.304083,981.749372,1075.672097,1125.675165,1170.097711,1185.964560,1216.125326,1286.141575,1318.525992,1351.156069,1356.530993,1350.872217,1353.471558,1353.479952,1383.036575,1400.571972,1409.127573,1405.600037,1399.925164,1402.133583,1400.324149,1374.565589,1344.566109,1345.520256,1339.776801,1342.508374,1350.903975,1343.453470,1360.478992,1356.226756,1295.845147,1237.227632,1198.941050,1155.137798,1120.068262,1082.060866,1025.411118,972.054255,878.377915,821.927085,785.311087,733.798325,679.729254,615.962552,562.264825,526.813768,467.670789,417.333472,346.554674,304.003142,264.835475,211.988742,153.324700,104.812389,54.283754,15.057132,0.758153,0.758153,0.597007,0.758153,0.512491,0.758153,0.758153,0.758153,0.761173,0.758153,0.758153,0.758153,0.397084,0.397084,0.747578,0.758153,0.000000,0.539850,0.511904,0.436347,0.000000,0.822520,0.596883,0.000000,0.596883,0.596883,0.596883,0.596883,0.596883,0.596883,0.588770,0.000000,0.000000,0.144053,0.152166
0.000000,0.000000,0.000000,0.000000,0.000000,0.000000,0.000000,0.000000,0.000000,0.000000,0.000000,0.000000,0.000000,0.000000,0.000000,0.000000,0.000000,0.000000,0.000000,0.137382,0.000000,0.000000,0.137382,0.148744,0.157721,0.157721,0.136351,0.136351,0.162972,0.162972,0.162972,1.783226,0.162972,0.162972,16.563690,60.698362,104.905953,147.013951,205.293684,243.825296,296.393622,339.647696,393.817479,442.673894,485.356053,531.936280,577.042713,609.047794,656.197723,707.294267,739.593006,782.937171,822.862639,894.496904,938.435248,1013.058383,1096.004852,1121.887957,1153.467396,1196.729406,1274.118002,1323.262043,1317.153126,1313.233931,1322.163510,1324.416098,1312.757692,1324.015008,1371.508980,1376.188925,1396.638461,1387.153572,1396.051957,1394.636471,1374.745081,1347.517011,1342.949350,1340.047906,1349.482658,1339.820134,1325.506507,1335.611378,1322.308288,1255.249170,1227.841769,1182.498374,1125.412252,1038.256460,967.336922,922.915392,873.821102,788.763210,750.720889,725.139694,686.818645,633.924614,559.192261,518.858730,481.914059,433.549835,393.621829,348.428157,300.719617,253.626678,203.890770,157.184498,104.304319,57.098489,13.293571,0.165156,0.165156,0.000000,0.165156,0.194567,0.165156,0.165156,0.165156,0.165156,0.165156,0.165156,0.000000,0.000000,0.203503,0.163517,0.174093,0.002387,0.000000,0.086720,0.253084,0.000000,0.377526,0.400486,0.400486,0.400486,0.400486,0.400486,0.400486,0.400486,0.400486,0.400486,0.400486,0.000000,0.000000,0.000000
0.395135,0.395135,0.378958,0.378958,0.378958,0.378958,0.378958,0.395539,0.404492,0.404492,0.404492,0.786446,0.404492,0.404492,0.404492,0.404492,0.404492,0.404492,0.404492,0.404492,0.404492,0.404492,0.786446,0.786446,0.404492,1.142061,1.277362,0.395539,0.378958,0.760912,0.378958,0.751869,0.760912,0.395135,19.654124,54.742153,101.702071,137.454059,191.246383,236.789282,284.434815,332.746004,396.083190,435.603524,476.172761,527.383280,571.212263,601.580598,654.634096,698.264698,751.741820,795.100878,851.080960,929.142760,1012.062280,1060.941509,1133.489992,1170.610161,1202.091459,1208.318526,1306.392337,1336.511475,1365.135033,1373.695325,1374.133224,1426.821505,1420.453523,1421.125008,1424.742311,1424.708011,1416.753997,1429.352731,1428.455414,1424.857363,1430.166891,1420.049545,1391.671843,1345.397242,1332.213186,1301.612232,1285.508263,1244.413664,1247.504465,1181.181139,1178.854458,1127.767994,1085.141138,1040.944264,989.688901,942.139572,892.965746,853.993615,788.320222,754.065149,713.096142,664.487594,604.507846,552.403247,522.512667,464.843234,415.411290,359.832334,307.652109,260.886484,212.040556,153.253745,104.922182,52.132743,11.921268,0.000000,0.000000,0.000000,0.000000,0.000000,0.000000,0.000000,0.000000,0.000000,0.000000,0.000000,0.000000,0.000000,0.000000,0.000000,0.000000,0.000000,0.000000,0.000000,0.000000,0.000000,0.374107,0.580813,0.583031,0.580813,0.580813,0.580813,0.580813,0.580813,0.580813,0.580813,0.580813,0.580813,0.580813,0.580813
0.395135,0.395135,0.378958,0.378958,0.378958,0.378958,0.378958,0.395539,0.404492,0.404492,0.404492,0.404492,0.404492,0.404492,0.404492,0.404492,0.404492,0.786446,0.404492,0.404492,0.404492,0.786446,0.404492,0.404492,0.786446,1.348236,0.966283,1.176726,0.378958,0.378958,0.378958,0.760912,0.760912,0.395135,22.904622,55.600165,103.223243,145.740260,196.509192,249.094745,294.155081,340.728843,398.008097,442.919780,482.302733,539.556134,586.006533,614.997597,675.053744,722.190990,762.910023,811.709411,864.758983,938.876319,982.245156,1047.048069,1090.937419,1128.579940,1156.321617,1169.549125,1219.450228,1261.987714,1303.731162,1345.479392,1383.208600,1377.633185,1372.310041,1423.327644,1424.382507,1418.169906,1416.935417,1424.399398,1439.896372,1439.688007,1437.735714,1437.329822,1415.952788,1388.151648,1369.866456,1350.424768,1349.647620,1316.268292,1272.492390,1231.305688,1168.896772,1135.945552,1098.499369,1033.509039,980.621541,983.127855,926.282231,866.225494,794.327598,742.297566,692.245341,621.120402,569.794277,528.471551,484.584025,437.883235,390.758250,337.578427,290.505023,252.401279,206.958362,151.757173,102.636852,58.004877,17.663943,0.000000,0.000000,0.000000,0.000000,0.000000,0.000000,0.000000,0.000000,0.000000,0.000000,0.000000,0.000000,0.000000,0.000000,0.000000,0.000000,0.000000,0.000000,0.000000,0.000000,0.000000,0.610055,0.565829,0.568046,0.565829,0.565829,0.565829,0.565829,0.565829,0.565829,0.565829,0.565829,0.565829,0.565829,0.565829
0.000000,0.000000,0.000000,0.000000,0.000000,1.086489,1.086489,1.103069,1.112023,1.112023,1.112023,1.112023,1.112023,1.112023,1.112023,1.112023,1.112023,1.112023,1.112023,1.112023,1.112023,1.112023,1.112023,1.112023,1.112023,1.493976,1.493976,1.485023,1.086489,0.734219,1.086489,1.086489,1.086489,3.480016,26.269518,60.162681,106.046073,150.025256,204.545104,258.115746,309.119104,358.918314,411.616794,469.475502,516.223939,572.358817,621.443181,664.371075,726.861186,795.863562,833.384158,897.817492,970.526731,1010.188027,1061.599734,1110.049801,1145.153913,1164.007793,1186.626915,1215.702893,1292.440437,1316.064020,1324.237081,1329.336908,1345.170745,1377.293606,1409.222881,1434.139546,1426.889665,1412.622805,1420.003885,1422.903222,1425.670310,1424.221171,1426.229500,1425.905939,1414.236278,1385.858834,1394.271512,1366.548652,1366.500952,1341.579699,1295.985342,1245.241992,1194.775367,1173.089982,1141.329000,1089.487448,1047.921669,1011.737349,944.420331,893.967322,843.277206,813.918358,752.241772,693.673482,647.396814,597.304955,535.107865,493.708485,431.705103,371.205501,310.503428,264.137352,214.712217,165.952075,109.596005,63.542285,17.376106,0.000000,0.000000,0.000000,0.000000,0.000000,0.000000,0.000000,0.000000,0.000000,0.000000,0.000000,0.000000,0.000000,0.000000,0.000000,0.000000,0.000000,0.000000,0.000000,0.000000,0.000000,1.569870,2.304306,2.306523,2.304306,2.304306,2.304306,2.304306,2.304306,0.534876,0.534876,0.000000,0.000000,0.000000,0.000000
0.486583,0.486583,0.470407,0.220729,0.470407,0.470407,0.470407,0.486988,0.495941,0.495941,0.495941,0.495941,0.495941,0.495941,0.495941,0.495941,0.495941,0.246263,0.495941,0.495941,0.495941,0.495941,0.495941,0.877894,0.877894,0.877894,0.877894,1.223639,0.852360,0.470407,0.470407,0.470407,0.470407,4.062509,28.281068,63.294419,107.558067,153.634366,205.565982,254.817291,301.466705,366.860840,414.109240,454.191874,504.491810,564.343643,602.008747,641.074700,699.986248,757.456681,796.281896,842.979008,889.075829,930.515603,943.266345,987.008438,1025.883420,1062.603368,1102.744815,1135.918054,1212.148995,1212.900054,1200.907298,1206.660524,1225.300447,1238.939946,1226.864855,1243.683095,1319.531909,1310.918949,1295.890550,1314.523341,1326.446493,1308.542139,1298.457447,1298.442535,1305.949900,1256.677039,1252.822323,1215.879660,1161.203037,1168.492705,1109.374251,1078.795061,1060.358291,1028.064079,958.487521,946.033172,908.775381,897.186440,858.213285,819.131086,780.472928,723.014198,696.332472,645.176928,588.870499,535.023417,491.565306,454.163801,413.079105,364.157561,316.977756,251.727752,201.329120,147.732343,106.444709,67.772183,29.897426,2.656197,0.000000,0.000000,0.000000,0.000000,0.000000,0.000000,0.000000,0.000000,0.000000,0.000000,0.000000,0.000000,0.000000,0.000000,0.000000,0.000000,0.000000,0.000000,0.000000,0.000000,0.276816,0.672262,0.674479,0.672262,0.672262,0.672262,0.422583,0.672262,0.672262,0.672262,0.672262,0.422583,1.991181,0.670450
0.949633,1.412418,0.057433,0.057433,0.057433,0.057433,0.057433,0.074014,0.082967,0.082967,0.082967,0.082967,1.403308,0.000000,0.082967,0.000000,0.000000,0.000000,0.000000,0.000000,0.082967,0.464920,0.464920,0.082967,0.082967,0.776598,1.158552,0.933040,0.442224,0.000000,0.442224,0.442224,0.060271,8.432879,39.581748,78.623794,119.492413,165.095607,219.525824,263.953212,327.232813,380.422307,434.157779,472.036710,518.654173,582.718749,638.078012,690.341938,745.794468,811.183208,843.554978,890.654010,933.418083,955.723255,1005.014639,1032.605679,1095.526456,1140.684140,1176.961900,1203.938055,1216.481802,1255.093673,1287.121868,1337.800768,1334.373450,1346.974111,1397.070666,1417.486096,1430.334906,1442.419033,1404.238582,1409.499930,1419.494893,1401.987253,1401.485864,1395.019187,1398.313672,1356.616017,1372.703163,1361.591083,1305.416757,1285.073866,1273.229247,1218.955178,1194.679701,1141.073263,1078.343834,1058.134879,1019.961008,985.427670,958.047616,873.547587,817.660296,789.924305,744.922831,699.430754,628.831579,581.250766,551.309729,495.665114,433.624390,384.122606,324.971293,269.578362,214.464351,161.552113,120.579269,71.798024,30.004671,3.777471,0.000000,0.000000,0.000000,0.000000,0.000000,0.000000,0.000000,0.000000,0.000000,0.000000,0.000000,0.000000,0.000000,0.000000,0.000000,0.000000,0.000000,0.000000,0.000000,0.054293,0.000000,0.287655,0.038382,0.287655,0.287655,0.287655,0.733255,0.733255,0.733255,0.733255,0.483576,0.733255,0.733255,1.507657
0.525440,0.525440,0.490796,0.490796,0.490796,0.490796,0.490796,1.316311,1.325264,1.325264,1.325264,0.923370,1.325264,1.325264,1.325264,1.209050,0.954980,0.954980,0.954980,1.209050,1.325264,1.325264,1.325264,1.325264,1.325264,1.325264,2.064547,1.839035,1.323381,1.323381,1.323381,1.323381,1.323381,10.012572,35.093263,69.947663,114.710101,154.709450,205.729030,254.674543,324.616355,371.773251,422.741791,463.685509,516.541572,568.427135,618.062975,666.314195,720.603518,765.922176,808.172402,856.900828,904.387016,956.322790,970.414393,1034.879155,1103.052339,1170.573177,1200.787410,1236.975536,1304.850728,1344.207986,1326.479606,1408.778040,1390.850353,1367.376437,1331.033130,1409.279716,1406.699992,1409.330286,1316.943264,1337.581287,1370.605429,1352.016658,1328.088242,1351.612170,1339.929831,1274.953392,1290.269313,1312.120320,1251.137251,1247.091370,1234.135279,1154.445634,1133.033421,1092.752871,1054.631405,985.606683,957.401954,921.513577,870.740148,822.930119,783.297089,743.430752,693.642865,645.996446,577.345731,522.589922,496.758663,446.203390,396.908784,365.079144,303.954791,250.277216,203.798817,155.044909,115.052867,72.851644,32.369394,5.122954,0.000000,0.000000,0.000000,0.000000,0.000000,0.000000,0.000000,0.000000,0.000000,0.000000,0.000000,0.000000,0.000000,0.000000,0.000000,0.000000,0.000000,0.000000,0.000000,0.000000,0.659459,0.660817,0.000000,0.660817,0.660817,0.660817,0.660817,0.660817,0.660817,0.660817,0.660817,0.660817,0.660817,0.660817
0.000000,0.000000,0.000000,0.000000,0.000000,1.096514,1.096514,1.071989,1.080942,1.080942,1.080942,1.080942,1.080942,1.080942,1.080942,1.080942,1.080942,1.080942,1.080942,1.080942,1.080942,1.080942,1.080942,1.080942,1.080942,1.080942,1.080942,1.071989,1.868534,1.563861,1.096514,1.096514,1.096514,9.310663,38.549376,77.026746,122.671169,164.523604,218.200614,270.391842,325.442475,379.884756,422.606999,477.162514,536.824659,584.598038,638.101891,701.940547,748.281570,809.351332,875.121014,921.449122,989.612483,1027.485664,1079.714605,1114.911438,1159.453102,1180.877113,1187.466033,1257.621312,1307.271392,1321.500787,1319.840068,1350.611239,1337.748833,1386.572807,1436.877363,1422.281337,1415.076037,1403.207072,1415.206467,1426.341970,1424.879789,1413.349321,1427.733256,1410.802750,1355.231142,1328.746607,1350.433462,1331.536649,1282.645903,1279.329953,1228.148454,1183.098802,1163.288220,1105.392961,1105.724050,1058.259171,1023.683242,960.105885,922.536806,912.953203,865.047452,806.145424,755.397349,694.457943,647.685811,584.448137,536.576487,480.489154,427.187937,371.539271,317.939465,260.381685,219.857796,172.402436,126.494033,83.745415,38.339003,6.027368,0.000000,0.000000,0.000000,0.000000,0.672734,0.672900,0.672734,0.672734,0.663782,0.663782,0.672734,0.672734,0.672734,0.672734,0.672900,0.000000,0.000000,0.000000,0.000000,0.672900,2.258532,2.314331,2.316548,2.314331,2.314331,2.314331,2.314331,2.314331,0.544901,0.544901,0.000000,0.000000,0.000000,0.000000
0.486751,0.486751,0.440963,0.440963,0.440963,0.440963,0.440963,0.436731,0.445684,0.445684,0.445684,0.445684,0.445684,0.445684,0.827637,0.827637,0.445684,0.445684,0.445684,0.445684,0.445684,0.445684,0.445684,0.445684,0.445684,0.445684,0.445684,0.436731,0.440963,0.440963,0.822916,1.562199,0.440963,12.750456,39.714895,77.505739,117.759308,162.753891,212.539869,256.984903,310.213933,366.152222,413.330728,467.616405,525.336305,581.460794,623.016139,639.127841,690.526594,738.449761,792.331834,852.826051,903.316812,933.257862,986.968720,1027.968489,1076.318730,1114.190592,1155.109731,1181.786599,1203.440893,1237.918193,1264.322684,1278.775881,1285.641945,1354.094686,1356.095015,1352.067526,1356.144588,1369.280508,1352.267453,1371.607152,1373.328858,1387.605314,1414.916537,1404.566919,1374.182068,1368.228865,1368.774205,1343.428350,1339.305730,1323.960748,1259.913768,1188.494018,1174.159462,1119.507751,1102.030589,1037.084482,1004.450637,962.077109,931.721689,902.371965,872.645950,811.441510,757.113026,708.991414,645.310035,592.928140,545.550106,498.733514,443.423627,386.761518,334.534980,281.238770,230.049686,175.387746,131.600232,84.542984,43.082248,8.494986,0.000000,0.000000,0.000000,0.000000,0.000000,0.000000,0.000000,0.000000,0.000000,0.000000,0.000000,0.000000,0.000000,0.000000,0.000000,0.000000,0.000000,0.000000,0.000000,0.000000,0.000000,0.657445,0.659663,0.657445,0.657445,0.657445,0.657445,0.657445,0.657445,0.657445,0.657445,0.657445,0.657445,0.657445
0.000000,0.000000,0.000000,0.000000,0.000000,1.069029,1.069029,1.044504,1.053457,1.053457,1.053457,1.053457,1.053457,1.053457,1.053457,1.053457,1.435410,1.435410,1.053457,1.053457,1.053457,1.053457,1.053457,1.085706,1.435410,1.053457,1.053457,1.044504,1.450982,1.450982,1.450982,1.069029,1.069029,15.640861,49.974983,87.782247,135.093661,179.275206,232.011168,282.311807,332.378859,386.884356,429.722527,477.941972,545.307166,600.422974,653.463511,690.277987,750.313126,812.600245,883.057548,949.065385,1001.927990,1064.026523,1117.235926,1157.141077,1182.711364,1216.547395,1264.890084,1307.021540,1348.143031,1345.671272,1340.943582,1356.567562,1338.839517,1382.660526,1402.738031,1406.507683,1410.997628,1417.386756,1426.651316,1425.997320,1435.415522,1422.588647,1420.486070,1432.852337,1412.669936,1392.134110,1351.764532,1333.353858,1317.567875,1294.681603,1237.972024,1199.317732,1168.522842,1120.235237,1120.004620,1065.574558,1028.289302,972.763661,967.348714,898.455778,883.053501,822.251599,768.635043,711.535633,648.566584,592.749314,545.939567,497.240383,440.076590,384.964505,335.837049,284.896282,233.103307,183.083437,130.442631,89.177764,44.994068,9.993783,0.000000,0.000000,0.000000,0.000000,0.000000,0.000000,0.000000,0.000000,0.000000,0.000000,0.000000,0.000000,0.000000,0.000000,0.000000,0.000000,0.000000,0.000000,0.000000,0.000000,0.958215,2.316457,2.318675,2.316457,2.316457,2.316457,2.316457,2.316457,0.547028,0.547028,0.000000,0.000000,0.000000,0.000000
0.000000,0.000000,0.000000,0.000000,0.000000,1.048560,1.048560,1.044328,1.053281,1.053281,1.053281,1.053281,1.053281,1.053281,1.053281,1.053281,1.053281,1.053281,1.053281,1.053281,1.053281,1.053281,1.053281,1.053281,1.053281,1.053281,1.053281,1.044328,1.048560,1.048560,1.382826,1.048560,1.430514,18.844190,51.018547,93.271008,138.705141,177.901626,232.217789,282.981936,337.334013,388.212508,449.170959,495.332633,564.624245,622.937025,679.942629,720.429971,777.409300,805.438365,848.713644,913.167383,942.767023,967.993029,1011.164314,1067.338365,1104.678463,1138.974541,1170.873967,1212.421878,1272.318162,1283.677007,1302.297782,1337.643737,1334.623655,1392.428480,1394.852654,1386.773973,1406.863401,1394.838038,1400.551737,1396.221296,1417.917994,1413.916546,1411.679386,1423.303906,1412.949615,1413.785175,1375.834078,1386.009350,1359.644743,1324.283379,1290.186690,1258.130575,1240.415932,1179.435613,1155.675812,1093.376906,1064.222093,1027.867130,982.180686,911.613250,889.546522,841.677733,793.460326,740.594934,667.074803,618.932712,569.470957,499.252763,461.690701,393.699143,335.791760,288.358181,234.392884,183.931355,136.044145,93.761723,45.072160,15.686354,0.000000,0.000000,0.000000,0.000000,0.000000,0.000000,0.000000,0.000000,0.000000,0.000000,0.000000,0.000000,0.000000,0.000000,0.000000,0.000000,0.000000,0.000000,0.000000,0.000000,2.272403,2.295989,2.298207,2.295989,2.295989,2.295989,2.295989,2.295989,0.526559,0.526559,0.000000,0.000000,0.000000,0.000000
0.523786,0.523786,0.477998,0.228319,0.477998,0.477998,0.477998,0.473765,0.482719,0.482719,0.864672,0.864672,0.482719,0.465555,0.465555,0.465555,0.465555,0.465555,0.465555,0.465555,0.465555,0.465555,0.864672,0.864672,0.864672,0.482719,0.482719,0.473765,0.477998,0.859951,0.812263,0.477998,0.477998,20.242571,54.680913,91.157449,131.007739,175.099225,229.726936,285.588189,337.845119,388.670367,437.351856,485.236407,533.288904,596.013211,649.317812,677.986341,727.807029,769.492009,809.220640,866.461060,893.678957,910.744446,922.875767,933.418079,990.801975,1022.668422,1039.800256,1080.655708,1100.655868,1086.985333,1110.823899,1162.570627,1162.211764,1182.706077,1196.662649,1261.593899,1347.352102,1348.281894,1372.659816,1385.976788,1412.982465,1420.407501,1412.199620,1389.632765,1377.571875,1360.616956,1329.426286,1275.534977,1276.832517,1230.776354,1219.673964,1193.124156,1173.631628,1129.475429,1089.023586,1036.235028,1005.504785,961.313765,939.561820,856.384369,845.530343,777.378904,743.725546,683.713685,624.804476,581.453238,550.200756,497.696779,463.715548,413.327993,345.918857,291.054000,242.402461,194.912111,146.425408,99.758198,56.056270,18.774344,0.000000,0.000000,0.000000,0.000000,0.000000,0.000000,0.000000,0.000000,0.000000,0.000000,0.000000,0.000000,0.000000,0.000000,0.000000,0.000000,0.000000,0.000000,0.000000,0.169283,0.386082,0.694480,2.019150,0.694480,0.694480,0.694480,0.694480,0.694480,0.694480,2.020962,0.447019,0.694480,0.694480,0.694480
0.000000,0.000000,0.000000,0.000000,0.000000,1.160688,1.160688,1.986203,1.995156,1.995156,1.995156,1.995156,1.995156,1.995156,1.995156,1.878943,1.624872,2.006826,1.624872,1.878943,1.995156,1.995156,1.995156,2.851344,1.995156,1.995156,1.995156,1.989041,1.993273,1.993273,2.327538,1.993273,1.993273,25.960167,60.876771,104.886280,150.131075,205.142470,256.386143,313.627036,363.743695,410.555128,470.290104,521.494304,557.670147,610.157986,651.192594,706.739337,760.357095,827.076876,869.678459,929.108851,966.976027,985.027751,1045.698928,1085.822512,1147.245931,1206.264632,1274.091251,1260.251778,1282.805970,1304.531286,1310.459569,1345.583067,1363.507596,1388.113725,1369.649853,1392.931252,1410.497767,1403.575193,1386.861515,1394.983649,1380.531098,1378.192191,1396.317637,1409.383830,1417.880082,1402.560185,1367.346896,1321.117571,1308.124323,1300.524585,1257.720250,1228.931859,1199.798551,1190.550479,1097.106936,1061.854924,1022.117230,987.421464,963.239241,909.112657,853.039057,810.089908,751.577590,705.941906,647.651697,598.671206,561.247534,514.206576,461.462187,406.039945,348.394238,306.036363,252.673675,204.532587,149.105416,107.751540,52.742597,18.679963,0.000000,0.000000,0.000000,0.000000,0.430029,0.430029,0.430029,0.430029,0.430195,0.430029,0.430029,0.430029,0.430029,0.430029,0.848559,0.790632,0.369203,0.339504,0.460558,1.454182,2.414282,1.910015,1.192571,2.372800,2.372800,2.372800,2.372800,2.123122,0.353692,0.354098,0.000000,0.000000,0.000000,0.299236
0.506565,0.506565,0.442309,0.442309,0.442309,0.442309,0.442309,1.267824,1.276777,1.276777,1.276777,1.276777,1.276777,1.276777,1.276777,1.160564,0.906494,0.906494,0.906494,1.160564,1.276777,1.276777,1.276777,1.796664,1.276777,1.276777,1.276777,1.270662,1.274894,1.283876,1.609160,1.274894,1.274894,27.981586,65.567804,111.960685,148.845119,208.071991,254.733748,312.476897,363.141822,416.886749,467.150228,521.692816,572.962475,627.217073,662.918451,722.103528,776.905116,829.373389,875.503953,918.620642,968.333370,1022.641210,1076.509874,1125.614420,1165.569475,1215.092144,1224.788687,1248.996934,1281.440645,1316.510383,1312.364855,1306.911432,1376.277897,1355.819569,1367.622715,1341.908945,1349.851935,1368.220747,1346.782689,1333.977988,1336.060222,1330.935722,1340.721609,1311.535950,1303.499939,1363.572925,1286.031865,1247.017625,1200.097867,1204.751711,1157.410696,1145.832701,1112.795889,1099.929746,1069.325793,1022.554744,951.027876,926.792273,905.487949,867.104871,830.231680,774.586338,735.641243,673.550904,622.266734,584.355541,534.524412,484.814640,435.634098,381.779916,334.852157,285.673937,240.486570,191.993892,146.734147,99.091152,59.056794,22.336423,0.000000,0.000000,0.000000,0.000000,0.000000,0.000000,0.000000,0.000000,0.000000,0.000000,0.000000,0.000000,0.000000,0.000000,0.000000,0.000000,0.000000,0.000000,0.000000,0.000000,1.357175,0.667644,0.000000,0.667644,0.667644,0.667644,0.667644,0.667644,0.665832,0.668050,0.665832,0.204859,0.667644,0.667644
0.000000,0.000000,0.000000,0.000000,0.000000,1.102673,1.102673,1.078148,1.087101,1.087101,1.087101,1.087101,1.087101,1.087101,1.087101,1.087101,1.087101,1.087101,1.087101,1.087101,1.087101,1.087101,1.087101,1.542152,1.087101,1.087101,1.087101,1.078148,1.886990,1.655297,1.706526,1.114970,1.687545,29.975844,68.814736,108.275057,152.831892,200.662971,247.816270,304.235707,358.904202,405.745662,447.772951,512.257001,562.297206,616.585313,657.996309,682.104614,736.206338,775.461178,829.043895,883.101556,922.444245,971.019515,1043.880930,1102.597522,1147.057827,1173.552454,1199.771400,1253.624326,1301.715219,1285.718100,1298.062539,1298.503092,1367.063819,1391.710334,1395.223131,1385.462396,1397.901556,1382.678392,1402.578829,1405.662366,1403.884729,1408.362237,1408.692488,1411.899843,1391.725559,1349.275551,1325.269046,1297.653730,1279.086046,1279.631311,1221.711613,1177.771934,1177.172178,1171.173008,1078.906453,1041.497036,1017.129462,987.006821,922.066524,880.986641,841.760468,789.074318,746.186013,704.570333,642.317465,600.367350,558.109969,502.920908,446.326736,415.705500,346.285525,290.098837,245.277169,203.909631,160.029931,109.113660,65.809419,31.734573,0.000000,0.000000,0.000000,0.000000,0.708505,0.708505,0.708505,0.708505,0.708505,0.708505,0.708505,0.708505,0.708505,0.708505,0.708505,0.719987,0.000000,0.000000,0.000000,0.000000,2.207255,2.350101,2.352319,2.350101,2.350101,2.350101,2.350101,2.350101,0.580672,0.582889,0.000000,0.000000,0.000000,0.000000
0.069719,0.069719,0.069719,0.069719,0.069719,0.069719,0.069719,0.072233,0.117483,0.197667,0.197667,0.508553,0.508553,0.117483,0.119260,0.117483,0.000000,0.000000,0.117483,0.117483,0.000000,0.510330,0.510330,0.508553,0.200821,0.200821,0.200821,0.075386,0.159601,0.168100,0.894873,0.403112,0.418156,31.618195,71.978184,114.114253,158.974288,210.262016,261.971206,314.964999,376.017569,418.875414,466.752142,526.766478,583.936252,628.838982,675.260089,717.852786,747.832201,802.533607,870.892088,906.764115,969.752762,1033.796321,1084.478867,1119.929074,1159.735063,1205.744323,1231.419896,1265.246515,1287.565583,1263.228317,1309.911149,1319.572265,1363.934486,1363.752285,1363.613905,1354.727988,1361.720851,1376.883886,1358.738275,1398.910324,1394.459688,1395.934081,1416.872888,1406.171503,1390.815996,1399.970098,1388.923123,1364.496994,1309.238079,1307.055147,1272.872097,1250.762043,1207.886883,1176.639368,1123.488538,1074.346425,1053.121974,1026.028566,986.058598,946.387182,911.821243,850.748310,798.170437,750.675711,704.234573,641.351329,578.379344,537.661912,488.499823,444.679140,385.472569,327.776507,270.647387,220.012559,164.710642,113.472100,74.008447,33.170931,0.364209,0.322488,1.395705,0.322488,0.322488,0.322488,0.322488,0.322488,0.322488,0.322488,0.000000,0.000000,0.000000,0.000000,0.000000,0.175391,0.094926,0.175391,1.638160,2.165252,0.336724,0.003162,0.001257,0.003162,0.003162,0.003162,0.003162,0.003162,0.003162,0.003162,0.003162,0.003162,0.000000,0.330221
0.407398,0.407398,0.407398,0.077158,0.407398,0.157343,0.157343,0.079671,0.124922,0.205106,0.205106,0.515991,0.515991,0.515991,0.124922,0.124922,0.124922,0.000000,0.000000,0.000000,0.000000,0.522535,0.515991,0.515991,0.210037,0.223303,0.208259,0.082824,0.082089,0.175539,0.917355,0.425595,0.597432,31.955874,76.775869,120.846762,158.609148,211.570792,266.107095,334.728487,381.510619,427.928194,470.612885,530.825324,579.968672,628.334275,671.417868,700.563060,754.424539,798.009828,848.062418,876.982239,927.706105,963.518525,1010.572803,1050.181430,1131.985396,1170.057177,1234.687151,1262.846650,1249.511728,1281.744336,1301.980454,1320.116977,1359.301888,1353.873650,1354.569105,1364.871303,1377.116587,1390.293840,1396.191341,1410.882406,1425.411873,1428.326791,1418.930963,1407.479378,1396.338212,1388.556514,1361.630761,1341.418123,1287.936535,1265.823950,1253.069927,1238.824049,1185.071660,1150.534463,1083.410595,1051.185951,1039.245222,1009.050070,964.746097,922.312941,896.833696,837.918984,791.243938,757.539286,705.996994,652.539895,596.102823,552.200273,480.478541,445.414293,388.260625,331.272121,270.074194,224.851381,173.678425,120.802923,79.985833,38.218560,1.831991,0.372114,1.445331,0.372114,0.372114,0.372114,0.372114,0.372114,0.372114,0.372114,0.673199,1.382310,1.382310,1.362151,0.000000,0.225018,1.607321,1.687787,0.978676,1.164231,0.373766,0.010600,0.008696,0.010600,0.010600,0.010600,0.010600,0.010600,0.010600,0.010600,0.010600,0.010600,0.007420,0.007420
0.070917,0.070917,0.070917,0.401157,0.401157,0.070917,0.070917,0.153615,0.118680,0.118680,0.198865,0.509750,0.509750,0.509750,0.000000,0.118680,0.000000,0.000000,0.118680,0.118680,0.000000,0.511527,0.511527,0.118680,0.121833,0.203795,0.121833,0.076583,0.074070,0.156032,0.567608,0.404310,3.936472,33.216110,78.033141,122.849679,165.453426,216.428595,275.963288,341.223163,394.408700,449.183417,488.790495,554.682583,606.682102,668.708315,703.153991,751.897232,788.013268,839.684510,882.576892,917.598855,987.688271,1059.201720,1107.824999,1165.846928,1197.834560,1245.255826,1296.595997,1284.946256,1277.182171,1320.443382,1329.260977,1356.056482,1386.191069,1371.021199,1387.060478,1405.450923,1382.190586,1378.837419,1402.730010,1419.784484,1418.765136,1413.985108,1408.330289,1392.610982,1381.552598,1362.537265,1356.739812,1350.475332,1345.599187,1331.000509,1297.566417,1300.826161,1267.987341,1183.421610,1114.787653,1065.040543,1049.066909,1033.038807,992.992436,949.490137,904.106723,839.969902,802.173557,760.595026,705.208986,653.157748,601.575732,534.517959,478.484201,433.222419,371.748614,325.628803,269.436201,218.064954,168.144030,121.416758,81.163417,37.501079,5.291893,0.302012,0.678646,0.322170,0.322170,0.322170,0.322170,1.075829,1.332366,0.322170,0.000000,0.000000,0.000000,0.000000,0.000000,0.000000,0.000000,1.123922,1.123922,0.827111,0.280842,0.004359,0.002454,0.004359,0.004359,0.004359,0.004359,0.004359,0.004359,0.004359,0.002454,0.002454,0.001179,0.001179
0.000000,0.000000,0.000000,0.000000,0.000000,0.000000,0.000000,0.000000,0.000000,0.000000,0.000000,0.000000,0.000000,0.000000,0.000000,0.000000,0.000000,0.000000,0.000000,0.000000,0.000000,0.000000,0.000000,0.000000,0.000000,0.000000,0.000000,0.000000,0.000000,0.000000,0.051341,0.000000,4.347104,38.524089,84.647925,126.504932,168.738251,223.898614,275.675090,336.866740,395.224349,448.786431,501.413199,561.149112,618.676952,658.625636,718.871058,776.763062,812.481429,858.298417,898.084120,955.986933,1018.552861,1085.202943,1102.249759,1155.735790,1187.288309,1223.683288,1261.707177,1287.274265,1304.880920,1350.925650,1355.412205,1368.590595,1362.089059,1386.730394,1399.424994,1399.794568,1404.088249,1397.933891,1403.711904,1409.615530,1402.739307,1406.626971,1379.006492,1370.145937,1381.847759,1401.213433,1385.978319,1366.734689,1348.198927,1341.945511,1330.481417,1276.453633,1282.529116,1175.330334,1108.508980,1102.163665,1074.861851,1032.523310,973.474301,948.087924,915.862582,856.901772,802.141544,754.780451,709.556803,662.162384,594.611698,540.947803,479.715240,420.344252,374.888065,320.728571,281.238717,225.833941,179.366926,129.241017,85.833150,41.848401,4.993459,1.080189,0.290183,0.069994,0.000000,0.069994,0.069994,0.069994,0.069994,1.080189,1.080189,0.000000,0.000000,0.000000,0.000000,0.000000,0.592471,0.536666,0.123942,1.014073,0.121307,0.000000,0.000000,0.000000,0.000000,0.000000,0.000000,0.000000,0.000000,0.000000,0.000000,0.000000,0.000000,0.000000
0.000000,0.000000,0.000000,0.000000,0.000000,0.000000,0.000000,0.000000,0.000000,0.000000,0.000000,0.000000,0.000000,0.000000,0.000000,0.000000,0.000000,0.000000,0.000000,0.000000,0.000000,0.000000,0.000000,0.000000,0.000000,0.000000,0.000000,0.000000,0.000000,0.000000,0.000000,0.000000,8.014626,41.864726,86.841678,130.822748,168.605641,219.796088,277.631598,328.022414,381.017223,434.100064,491.752121,545.257382,602.269075,649.215999,706.128237,739.453533,788.758769,840.297528,895.551958,951.842372,995.015799,1071.032224,1112.128839,1154.189071,1216.033557,1280.032215,1306.523921,1303.547765,1350.059886,1345.235504,1365.588845,1358.602392,1382.168294,1394.350410,1395.702910,1397.776876,1379.433219,1390.880690,1365.684265,1367.144636,1373.732205,1367.539233,1361.074792,1348.518386,1331.004240,1380.446986,1360.661370,1351.792343,1340.389089,1314.003574,1306.891111,1243.780384,1225.248208,1170.550590,1122.240661,1090.865528,1091.665783,1053.879402,1020.460798,969.732446,933.853218,866.576299,813.126750,746.500146,697.284701,639.064203,585.683352,543.221625,484.889265,440.843833,394.401695,340.536131,280.480802,227.475739,189.209850,132.474339,91.547389,46.107289,9.945227,0.000000,0.000000,0.963727,0.000000,0.000000,0.000000,0.000000,0.000000,0.000000,0.000000,0.000000,0.449807,0.963727,0.000000,0.000000,0.000000,0.865070,1.113000,1.657178,0.000000,0.000000,0.000000,0.000000,0.000000,0.000000,0.000000,0.000000,0.000000,0.000000,0.000000,0.000000,0.000000,0.000000
1.171081,1.080519,0.000000,0.393274,0.000000,0.000000,0.000000,0.012522,0.036911,0.036911,0.036911,0.036911,0.036911,0.338658,0.338658,0.057772,0.057772,0.057772,0.057772,0.057772,0.192538,0.000000,0.000000,0.000000,0.060925,0.195691,0.195691,0.015675,0.000000,0.771674,0.766908,0.766908,11.609438,43.834593,91.564816,134.123941,186.556986,229.512600,285.080039,344.029737,401.645255,462.809265,518.168192,567.738912,621.133251,664.708841,719.056511,776.578291,840.647260,865.971489,910.544663,956.204616,983.845239,1008.833663,1075.476546,1083.949698,1139.704112,1182.476465,1193.520478,1251.940986,1268.831258,1318.773472,1311.634660,1379.395920,1402.675867,1379.692158,1382.152888,1368.738374,1361.856707,1347.952884,1296.689804,1305.345655,1304.579793,1309.898744,1319.053660,1376.097049,1374.877814,1401.158095,1420.180883,1429.090101,1370.185758,1329.964536,1317.171960,1245.840943,1213.775691,1173.801511,1146.938302,1119.421261,1095.195372,1070.718868,1023.819710,984.393967,939.591529,871.992743,803.093241,761.161167,696.072801,646.398302,606.407167,561.071694,511.074505,454.236104,411.126602,355.457416,291.760627,235.016379,191.142757,140.008974,93.535166,47.243028,13.035503,0.611707,0.000000,0.000000,0.000000,0.000000,0.000000,0.000000,0.000000,0.000000,0.000000,0.000000,0.176921,0.176921,0.000000,0.624493,0.587103,0.531298,0.531298,0.727753,0.901120,0.000000,0.000000,0.000000,0.000000,0.000000,0.000000,0.000000,0.000000,0.000000,0.000000,0.000000,0.000000,0.445774
0.000000,0.000000,0.000000,0.000000,0.000000,0.000000,0.000000,0.000000,0.037318,0.037318,0.000000,0.000000,0.037318,0.037318,0.000000,0.037318,0.000000,0.000000,0.000000,0.000000,0.000000,0.000000,0.037318,0.000000,0.000000,0.000000,0.000000,0.000000,0.000000,0.000000,0.000000,0.018425,12.157027,44.162586,88.378246,130.523670,172.461125,226.971683,290.507451,341.193945,393.852982,452.249092,509.288289,565.207833,614.556328,660.628382,719.327434,818.852010,865.653789,910.106487,983.343064,1008.411011,1062.615075,1132.216193,1152.450709,1191.877776,1241.639040,1296.766126,1329.495670,1332.764022,1361.869487,1357.922754,1392.186906,1383.837695,1443.121803,1451.916219,1430.565639,1421.262286,1420.399441,1417.813341,1387.000200,1390.418980,1410.854638,1418.385680,1378.540100,1379.399757,1404.209535,1403.043881,1392.678745,1373.476622,1325.032062,1297.638365,1275.148064,1216.580716,1155.815823,1110.852737,1087.591031,1054.470672,1036.436784,1004.115709,979.782672,937.105284,894.203837,839.388046,785.170362,735.930301,689.092999,640.674856,596.911715,530.417337,479.009319,429.083332,376.609796,323.334434,277.213514,222.390971,178.492464,133.145272,92.523934,52.933045,15.352542,0.541473,0.249116,0.249116,0.249116,0.249116,0.249116,0.249116,0.249116,0.249116,0.092929,0.092929,0.092929,0.092929,0.092929,0.000000,0.200400,0.000000,0.000000,0.602972,0.677584,0.000000,0.000000,0.000000,0.000000,0.000000,0.000000,0.000000,0.000000,0.000000,0.000000,0.000000,0.000000,0.000000
0.020153,0.020153,0.020153,0.021930,0.020153,0.020153,0.020153,0.022666,0.067916,0.067916,0.067916,0.458986,0.458986,0.067916,0.067916,0.000000,0.000000,0.000000,0.067916,0.067916,0.067916,0.069694,0.460764,0.460764,0.151254,0.151254,0.151254,0.106004,0.103491,0.103491,0.104238,1.281285,15.328885,49.971374,102.319894,143.482077,187.031507,249.782851,310.581523,358.134593,405.185650,460.394567,514.057654,569.649675,616.714044,669.968473,708.613110,770.762363,813.557586,862.284404,899.827546,940.984848,962.243649,1067.954416,1118.691383,1137.975029,1188.653655,1213.141663,1258.417077,1270.231388,1294.957772,1317.149722,1297.591055,1298.135907,1325.856443,1344.109029,1357.027070,1346.685204,1385.139147,1357.881732,1331.566409,1384.029469,1363.695786,1343.231439,1338.970315,1348.716246,1348.975135,1308.722984,1317.765624,1322.930802,1311.621511,1283.847124,1286.027236,1228.922437,1212.985069,1173.051031,1092.573670,1073.282712,1043.334670,1008.293752,970.338620,933.806364,896.527134,840.082080,780.950502,711.279162,655.481700,612.514577,571.942452,526.633415,475.835443,420.335578,371.915357,322.025015,273.500775,220.634529,174.320009,129.247577,90.547297,45.368516,15.540878,3.673399,0.281492,0.281492,0.281492,0.281492,0.281492,0.281492,1.035151,0.281492,0.000000,0.000000,0.000000,0.000000,0.000000,0.000000,0.000000,0.000000,0.124826,1.377173,0.374361,0.000000,0.000000,0.000000,0.000000,0.000000,0.000000,0.000000,0.000000,0.000000,0.000000,0.000000,0.000000,0.000000
0.018956,0.018956,0.018956,0.018956,0.018956,0.018956,0.020733,0.101653,0.066719,0.146904,0.148681,0.068496,0.066719,0.457789,0.000000,0.000000,0.000000,0.068496,0.066719,0.066719,0.068496,0.066719,0.457789,0.457789,0.069872,0.069872,0.150057,0.104807,0.102293,0.022109,0.022109,3.623685,20.727208,56.649389,102.153125,142.987601,194.003976,249.182392,304.209902,355.318836,402.492491,453.006759,504.050310,549.854095,605.099915,647.507426,702.243191,733.182798,791.438234,841.916756,899.763044,982.918084,1027.720298,1080.686021,1147.349330,1197.924303,1224.687215,1248.618586,1254.547589,1286.227752,1325.653038,1333.598548,1320.794426,1356.425155,1377.654243,1403.952872,1394.670038,1418.011627,1415.511594,1393.642494,1401.029582,1416.599643,1422.939155,1425.642251,1414.287624,1414.509609,1412.087802,1375.135046,1374.830907,1331.067493,1290.448554,1284.567701,1274.059006,1212.163290,1188.781607,1127.785319,1048.186345,1048.482308,1033.865861,1001.343021,959.212416,936.579088,892.927965,825.157227,770.796052,714.661959,662.400062,624.221039,572.012625,529.604461,482.007329,432.903018,387.096461,334.572630,290.134200,226.672661,190.594907,132.639223,93.459685,51.088797,22.317046,3.702638,0.310731,0.310731,0.310731,0.310731,0.310731,0.310731,0.310731,0.310731,0.000000,0.000000,0.000000,0.000000,1.320927,2.210306,2.129841,0.163635,0.163635,1.375976,0.282780,0.000000,0.000000,0.000000,0.000000,0.000000,0.000000,0.000000,0.000000,0.000000,0.000000,0.000000,0.279458,0.279458
0.079240,0.079240,0.079240,0.079240,0.079240,0.079240,0.079240,0.081754,0.127004,0.127004,0.127004,0.127004,0.044070,0.044070,0.044070,0.044070,0.044070,0.044070,0.044070,0.044070,0.044070,0.044070,0.044070,0.707607,0.695977,0.695977,0.695977,0.650727,0.648213,0.648213,0.648213,4.937003,21.959585,56.009017,102.628983,142.216277,191.545166,236.404243,289.474393,336.150264,382.522579,435.734505,484.563383,534.052500,569.471610,619.886281,663.771648,723.511953,769.622185,800.310653,852.995850,880.451724,912.136756,976.907831,1036.327603,1057.915722,1123.296909,1163.946996,1169.691541,1186.082951,1176.056067,1191.059628,1233.882275,1239.271562,1282.517413,1275.880648,1271.089546,1305.521864,1316.667706,1317.410062,1235.112939,1236.239004,1250.676115,1307.334073,1302.552776,1304.553219,1327.355362,1322.239545,1315.914138,1327.500436,1334.357735,1301.988680,1280.045355,1244.357670,1251.032635,1142.526936,1084.990093,1056.990749,1017.476176,939.907755,909.882528,868.896418,848.193644,796.627917,746.342510,699.012035,654.452379,608.332041,555.891615,523.330863,464.264015,426.327420,370.570891,319.231665,260.631466,211.971142,179.753109,138.219750,99.863738,56.916822,22.865485,4.911282,0.792988,0.792988,0.862182,1.152799,0.772830,0.842024,1.172957,0.792988,0.792988,0.792988,1.172957,1.152799,1.172957,1.172957,1.092491,0.792988,0.862182,1.143174,0.615747,0.643465,0.641560,0.643465,0.643465,0.643465,0.656471,0.656471,0.643465,0.643465,0.656471,0.643465,0.640285,0.548407
0.024347,0.024347,0.024347,0.024347,0.024347,0.024347,0.024347,0.026860,0.072110,0.072110,0.072110,0.072110,0.072110,0.072110,0.073888,0.073888,0.072110,0.072110,0.072110,0.072110,0.072110,0.072110,0.073888,0.073888,0.075264,0.075264,0.075264,0.030013,0.027500,0.027500,0.027500,4.917481,25.540406,61.208636,102.072101,138.801787,189.901093,234.874824,289.335151,330.775506,373.734878,425.722862,488.586468,534.229593,585.497852,628.328546,678.031601,718.182054,781.533029,826.259907,871.045916,909.472666,966.947236,1051.933075,1107.264658,1153.522769,1183.644019,1222.163390,1257.024356,1285.527000,1311.360567,1336.007849,1341.125070,1345.449691,1372.825443,1390.779104,1374.470275,1376.594101,1390.066268,1405.151731,1402.414829,1405.272182,1404.533306,1407.327717,1407.871281,1410.343155,1353.626051,1332.034707,1312.101270,1258.756489,1239.894519,1223.554240,1224.992019,1161.355246,1168.348209,1119.905598,1071.434996,1050.696585,1021.324274,985.051831,924.718311,885.231579,855.090728,794.545042,735.679823,681.972524,633.681838,602.096880,563.403275,516.930428,465.208811,420.605802,383.399872,325.385648,271.355379,217.541371,187.359697,131.693000,99.268414,59.714498,24.907290,3.972074,0.037675,0.037675,0.037675,0.037675,0.037675,0.037675,0.037675,0.037675,0.037675,0.037675,0.037675,0.037675,0.037675,0.037675,0.093480,0.037675,0.037675,0.079118,0.285964,0.000000,0.000000,0.000000,0.000000,0.000000,0.000000,0.000000,0.000000,0.000000,0.000000,0.000000,0.000000,0.000000
0.000000,0.000000,0.000000,0.000000,0.000000,0.000000,0.000000,0.000000,0.000000,0.000000,0.000000,0.000000,0.000000,0.000000,0.000000,0.000000,0.000000,0.047893,0.000000,0.000000,0.000000,0.000000,0.000000,0.000000,0.000000,0.000000,0.000000,0.000000,0.000000,0.000000,0.000000,6.103995,25.898331,63.030332,103.032370,150.783855,191.376158,243.953329,304.646776,332.025817,382.347038,431.939235,493.123068,547.042572,598.425877,634.153031,681.472329,714.534560,776.046721,825.345485,873.922256,931.183899,973.321624,1018.527076,1085.745262,1131.689112,1218.839161,1264.461918,1262.584772,1322.974942,1332.477322,1351.258464,1350.142576,1353.401826,1350.954989,1350.091728,1354.594517,1369.634246,1384.400100,1407.764187,1391.853524,1398.751068,1391.206201,1391.544411,1396.917730,1364.688452,1362.197678,1371.968338,1360.722547,1315.036393,1295.129872,1273.449074,1264.331064,1205.560537,1178.712569,1117.663955,1077.806031,1067.963917,1035.965379,966.215426,947.206999,903.229063,851.298305,797.326714,732.832241,678.791499,637.979110,606.898974,546.790499,499.740971,449.717880,403.072605,365.385431,305.993768,267.761507,218.791520,188.885796,138.295886,99.915457,64.777805,26.504210,5.441620,0.000000,0.000000,0.000000,0.000000,0.000000,0.000000,0.000000,0.000000,0.000000,0.000000,0.000000,0.000000,0.000000,0.000000,0.000000,0.000000,0.000000,0.000000,0.000000,0.000000,0.000000,0.000000,0.000000,0.000000,0.000000,0.000000,0.000000,0.000000,0.000000,0.000000,0.000000,0.000000
0.000000,0.000000,0.000000,0.000000,0.000000,0.000000,0.000000,0.000000,0.011840,0.011840,0.011840,0.000000,0.000000,0.000000,0.000000,0.000000,0.000000,0.000000,0.000000,0.000000,0.000000,0.000000,0.000000,0.011840,0.000000,0.000000,0.014993,0.000000,0.000000,0.000000,0.000000,6.437002,31.361998,69.363988,106.113833,151.378254,198.855826,239.589156,287.490234,328.917834,376.501343,423.834015,473.423749,528.912896,564.796366,605.624589,661.008102,713.984777,769.524647,797.064953,849.865037,890.879668,956.887585,1018.927163,1057.588660,1067.631576,1122.820187,1149.160372,1142.308991,1225.731876,1289.840979,1306.784446,1335.331331,1352.534292,1370.966686,1371.697357,1401.229058,1423.113411,1420.313997,1406.737797,1392.301131,1395.379431,1374.559092,1391.847987,1405.532925,1365.571774,1391.021695,1410.809224,1383.238531,1319.568833,1284.873297,1261.581476,1254.878271,1171.596800,1145.188424,1076.524331,1036.745514,1022.668709,991.208668,964.443943,923.009369,862.494455,854.502048,805.205383,755.989061,703.315779,662.837098,599.994341,551.011565,509.766439,458.162611,400.395904,364.678310,320.472189,271.024921,226.753695,188.364919,138.882306,104.055234,66.545503,30.911298,5.380720,0.000000,0.000000,0.000000,0.000000,0.000000,0.000000,0.000000,0.000000,0.000000,0.000000,0.000000,0.000000,0.000000,0.000000,0.000000,0.000000,0.000000,0.000000,0.260451,0.370753,0.319890,0.370753,0.000000,0.370753,0.370753,0.000000,0.370753,0.370753,0.000000,0.370753,0.000000,0.000000
0.050980,0.063986,0.050980,0.000000,0.000000,0.050233,0.000000,0.000000,0.017811,0.017811,0.017811,0.017811,0.408881,0.408881,0.000000,0.017811,0.017811,0.017811,0.017811,0.017811,0.000000,0.408881,0.408881,0.408881,0.101149,0.020965,0.020965,0.000000,0.053386,0.487332,0.054133,6.603849,31.712495,70.171223,108.750883,151.547765,191.388017,246.313175,293.128440,338.933462,390.121259,427.004327,487.177379,549.287423,601.976147,637.457488,674.079845,733.250875,800.761293,860.425957,900.227816,936.774149,1021.047014,1103.565525,1154.582312,1211.708539,1241.372022,1265.941206,1276.094634,1305.033681,1316.084107,1315.503872,1314.188946,1356.737654,1357.155151,1389.569361,1398.369963,1418.550729,1384.884898,1381.469144,1360.609871,1351.235590,1370.823103,1371.828419,1376.317422,1368.340247,1392.686315,1403.056517,1378.826327,1304.458087,1247.634389,1289.601716,1230.367068,1184.375142,1122.960165,1088.529761,1048.722285,1032.906040,996.644201,961.667618,913.408136,855.438105,844.907179,804.567408,779.494083,725.318803,662.213821,616.775685,559.900393,537.963792,483.546652,439.505767,398.095843,346.154060,291.180033,243.334422,200.214739,144.136143,111.727242,74.515761,33.968695,6.870100,0.248691,0.228533,0.351925,0.351925,0.351925,0.351925,0.351925,0.351925,0.000000,0.092504,0.195737,0.195737,0.000000,0.060007,0.000000,0.000000,0.408741,0.378958,0.104268,0.000000,0.071215,0.073120,0.000000,0.073120,0.073120,0.000000,0.000000,0.073120,0.073120,0.073120,0.000000,0.000000
0.509753,0.000000,0.509753,1.175648,0.300345,0.000000,1.210975,1.210975,1.083479,1.083479,1.331817,1.932231,1.013935,1.013935,1.013935,1.013935,1.805814,2.181154,3.056457,2.807533,1.461834,1.932231,1.556891,1.568383,2.235310,2.502060,0.753782,0.017796,0.000000,0.000000,1.365755,4.917527,27.541082,62.776526,102.252076,140.062960,183.314089,229.935460,258.631450,301.066596,350.254390,389.420839,439.639973,487.570787,558.030571,593.189989,627.971633,664.849847,720.129456,768.807429,815.628286,870.357423,914.936562,1006.518342,1035.503337,1106.805493,1157.092587,1180.798579,1212.545018,1281.610831,1294.727832,1342.545185,1389.355317,1372.172134,1385.687005,1405.625980,1411.295946,1420.124216,1444.482575,1423.452966,1412.822888,1424.397244,1424.714265,1431.414472,1426.911924,1450.600663,1414.490058,1409.765969,1409.145893,1354.139009,1357.750019,1356.512369,1329.514029,1268.874104,1239.669639,1192.623346,1141.381978,1102.037510,1065.453935,999.830855,942.379488,900.519173,860.296141,830.771468,786.862261,748.232571,687.980722,633.463654,561.782334,498.503415,446.556795,402.433444,360.308791,314.670319,255.781198,218.634187,179.627602,140.861576,108.503587,71.629435,31.636844,2.645475,0.000000,0.000000,0.000000,0.000000,0.000000,0.000000,0.000000,0.000000,0.000000,0.000000,0.000000,0.000000,0.000000,0.000000,0.000000,0.000000,0.000000,0.000000,0.000000,0.344431,0.319452,0.000000,0.000000,0.000000,0.000000,0.000000,0.000000,0.000000,0.000000,0.000000,0.000000,0.000000
1.695621,1.695621,1.303899,0.411950,0.218872,1.636630,0.000000,0.000000,0.998330,1.750354,1.747979,1.805437,3.118098,3.118098,2.723733,2.348393,2.097350,1.554394,2.054360,2.348393,2.723733,2.723733,2.723733,3.129591,2.632446,1.895645,1.520305,0.784319,1.349601,1.676320,1.676320,10.210336,36.073594,72.687489,109.988795,144.119165,192.008556,242.975258,276.627796,308.687019,360.168372,409.859938,452.447170,498.404997,574.952872,615.778157,653.118789,686.388311,741.103905,779.417306,828.452841,885.641195,928.329208,980.324432,1045.766477,1089.998584,1134.152349,1139.989653,1195.112272,1259.287811,1269.321772,1279.903325,1285.782296,1278.238683,1282.852377,1283.285313,1287.016290,1287.347483,1299.352161,1286.614750,1288.579569,1293.003592,1300.572718,1295.571077,1294.032634,1277.127188,1283.843746,1290.060771,1279.897096,1280.792518,1274.657867,1278.583173,1269.963488,1269.153419,1243.795165,1190.054704,1148.649601,1130.183529,1097.425647,1029.856907,991.297692,952.527471,911.710855,870.299103,838.123020,796.738229,733.359210,670.264972,596.881654,545.640038,479.488743,442.752816,378.643968,333.391848,271.556538,231.068229,195.122475,158.599434,113.459400,74.928545,38.176490,9.570887,0.000000,0.000000,0.000000,0.000000,0.000000,0.000000,0.000000,0.000000,0.012341,0.000000,0.000000,0.000000,0.000000,0.007383,0.000000,0.000000,0.000000,0.000000,0.011063,0.390764,0.622942,0.654105,0.766103,0.622942,0.622942,0.558863,0.390764,0.654105,0.654105,0.125620,0.000000,0.390764
0.788240,0.788240,0.645120,1.314869,1.314869,1.330855,1.330855,1.330855,2.442180,2.066841,1.939839,2.915593,2.915593,2.915593,2.918236,2.918236,2.789176,2.246220,3.164516,2.946755,2.915593,2.915593,2.915593,2.929728,2.855469,2.616302,2.616302,1.504977,1.646884,1.498793,1.529956,13.241524,41.217944,76.827008,116.245638,147.459993,193.938866,248.238868,285.521355,323.929201,370.260431,413.511254,467.211644,512.044886,580.910496,624.123438,662.640400,705.695184,748.010251,785.166793,830.721606,869.528359,924.465867,970.102049,1006.375027,1062.670438,1121.928004,1138.893337,1208.068367,1221.573219,1230.342956,1233.621507,1259.919186,1266.097132,1268.705148,1289.946722,1292.481021,1276.516860,1281.733111,1271.278256,1268.779107,1288.065928,1308.240700,1274.899959,1260.201707,1246.101200,1238.792308,1208.691753,1187.313700,1202.685236,1208.873098,1204.389765,1198.823136,1205.261717,1168.374168,1149.580696,1119.636751,1078.073373,1015.099563,968.825305,937.047192,915.744520,881.281545,817.006886,779.666707,741.969764,712.171634,660.804406,591.260162,543.317658,486.050003,438.114755,386.483202,345.864616,293.451645,251.652741,208.476439,156.415651,116.437372,80.364978,38.194610,10.086325,0.000000,0.000000,0.000000,0.000000,0.000000,0.000000,0.000000,0.000000,0.000000,0.000000,0.000000,0.222695,0.222695,0.240096,0.300848,0.300848,0.000000,0.000000,0.103274,0.314334,0.289355,0.289355,0.289355,0.289355,0.289355,0.289355,0.026014,0.194113,0.026014,0.194113,0.026014,0.258193
0.558160,0.726259,0.893307,0.715060,0.715060,1.228681,0.853342,0.853342,1.964667,2.340007,2.213005,2.213005,1.837666,1.837666,2.215649,2.213005,2.163306,2.163306,2.163306,2.213005,1.837666,2.213005,2.213005,1.849158,2.224498,2.016493,1.985331,0.874006,1.015913,0.874006,0.905168,10.135360,40.838653,78.263826,118.840221,150.608909,195.039129,240.077975,278.889175,326.082825,366.671505,412.287768,456.072429,504.820535,546.935259,587.738619,619.939332,671.698504,738.831323,762.574372,782.968641,845.362121,881.348764,914.035163,972.795775,1001.308348,1058.623524,1104.784456,1131.045369,1156.720160,1206.614974,1223.836771,1274.164788,1297.931011,1320.293191,1333.329952,1356.728554,1346.000137,1359.664811,1351.295624,1385.914959,1394.380416,1396.971886,1347.011242,1332.546443,1336.037584,1319.631885,1313.676770,1293.710977,1285.977733,1259.944412,1223.782380,1186.058295,1162.418351,1156.565764,1161.070771,1147.867390,1097.845763,1071.448470,1024.523307,991.181430,943.564551,892.241920,843.175543,808.655225,765.872084,726.850383,667.565638,616.784309,554.157649,490.935553,461.603986,403.549775,346.268596,290.518636,255.857113,213.453733,157.748426,122.440618,80.643836,43.814827,13.130071,0.902223,0.902223,1.044130,0.902223,0.902223,0.902223,0.902223,0.902223,0.585976,0.585976,1.094159,1.094159,1.094159,1.791584,1.791584,1.791584,1.794121,1.720524,1.030934,0.370536,0.342017,0.370536,0.342017,0.000000,0.339374,0.370536,0.370536,0.000000,0.132133,0.132133,0.339374,0.370536
0.370529,0.868165,1.263754,0.161121,0.000000,0.879521,0.330564,0.330564,1.447531,1.441890,1.314888,1.915302,1.915302,2.290642,2.290642,2.657713,2.239714,1.864374,2.239714,2.686231,2.290642,2.290642,2.290642,1.926794,1.326381,0.710530,0.710530,0.000000,0.109714,1.244453,1.244453,13.422904,48.446842,77.402928,125.636382,164.849847,206.896341,258.219863,291.415119,336.028417,388.004763,432.713168,481.821092,524.788744,571.266569,629.928016,656.287136,690.225128,747.196292,797.572404,833.561031,885.081767,946.000201,986.596327,1043.146411,1067.607051,1114.857185,1129.850961,1140.502133,1138.899173,1144.501710,1180.307342,1215.930052,1240.988421,1283.119598,1292.922757,1305.034516,1302.017323,1307.210156,1341.542000,1321.146666,1347.850223,1362.366227,1354.028203,1349.580169,1382.639115,1373.199173,1335.773242,1313.804888,1268.264170,1261.487626,1238.542403,1251.654191,1249.236726,1224.621174,1179.097481,1159.408326,1115.229691,1053.171995,1006.096807,981.507930,917.487703,903.726436,858.986648,824.591380,779.471023,739.184214,682.633111,619.452445,570.878921,502.425925,459.708561,406.980506,350.382252,311.879203,261.129925,219.616831,169.249847,126.973411,85.744304,49.013282,15.569053,0.061741,0.061741,0.451392,0.061741,0.362074,0.362074,0.061741,0.061741,0.061741,0.362074,0.554011,0.253678,0.253678,0.897444,0.951103,0.951103,0.897444,0.880043,0.878717,0.225458,0.000000,0.000000,0.225458,0.225458,0.196940,0.000000,0.000000,0.000000,0.000000,0.225458,0.000000,0.128993
0.866049,0.866049,0.866049,0.656640,0.656640,0.656640,0.656640,0.656640,1.767966,1.767966,1.474692,2.075106,2.075106,2.075106,2.075106,2.075106,2.096237,2.096237,2.096237,1.639090,1.639090,1.639090,1.639090,1.650582,1.050168,0.977274,0.977274,0.000000,0.000000,0.000000,0.000000,13.747238,46.565474,83.330110,126.948045,159.754224,207.928854,254.061151,300.502627,329.266367,381.646135,432.101328,484.364644,530.000684,588.280531,638.415387,697.773806,723.228077,786.767467,839.491228,875.641554,925.993844,984.960539,1064.735303,1091.004442,1127.157037,1168.924904,1206.776979,1242.634198,1294.047389,1299.215582,1319.698475,1350.289541,1376.653744,1405.046101,1386.182679,1391.429565,1382.549555,1364.370831,1377.657077,1393.245279,1381.542958,1370.801005,1384.615878,1372.823195,1378.576182,1356.654385,1318.808914,1320.106627,1288.772348,1279.224641,1268.289294,1251.010526,1279.622671,1259.697755,1207.552528,1151.427458,1144.103678,1117.876534,1054.113261,1010.762616,956.472446,922.411209,870.899362,841.635404,792.563600,755.963082,693.241000,637.918875,574.954338,511.501139,462.562770,416.441351,370.380885,324.874826,270.381815,220.107707,176.031769,136.279453,94.345150,55.492323,16.478438,0.000000,0.190955,1.047094,0.000000,0.000000,0.190955,0.491288,0.000000,0.190955,0.190955,0.000000,0.372917,0.398202,0.176022,0.741635,0.176022,0.415603,0.000000,0.690112,0.119435,0.186899,0.119435,0.119435,0.119435,0.119435,0.119435,0.119435,0.119435,0.119435,0.119435,0.119435,0.119435
0.231630,0.231630,0.231630,0.022222,0.022222,0.022222,0.022222,0.022222,1.133547,1.133547,0.840274,1.440687,1.440687,1.440687,1.440687,1.440687,1.461818,1.461818,1.461818,1.440687,1.440687,1.440687,1.440687,1.452179,0.851766,0.778872,0.778872,0.000000,0.000000,0.000000,0.000000,14.922717,51.897499,88.732141,127.510928,173.737217,215.467694,259.114713,305.587026,348.095120,381.246391,424.979897,471.707852,512.876460,566.835504,614.473424,664.321864,689.775959,738.073949,763.735478,810.957893,833.626155,896.024947,918.811351,930.165253,981.703701,1026.361282,1062.198011,1095.465861,1111.615592,1120.608945,1155.471876,1198.331071,1219.501849,1234.849567,1271.921333,1280.951965,1310.573393,1328.380367,1328.149491,1345.181812,1379.538779,1384.808145,1375.403596,1386.362198,1364.275130,1364.437567,1352.019414,1350.388015,1316.280393,1299.513366,1283.209371,1247.015911,1246.680831,1225.532930,1215.552504,1143.453608,1122.907208,1073.403869,1034.128707,993.773674,944.686703,918.864754,862.448128,827.160773,774.660283,738.113333,680.341634,620.499612,552.851152,493.301212,458.945760,404.844990,350.703418,310.681568,266.788263,222.010857,176.466190,139.198516,95.747001,59.228934,14.725221,0.842476,0.280944,0.632001,0.000000,0.000000,0.280944,0.280944,0.000000,0.000000,0.280944,0.472880,0.172547,0.147262,0.000000,0.274450,0.816314,0.648215,0.172547,0.764302,0.194113,0.194113,0.194113,0.194113,0.194113,0.194113,0.194113,0.194113,0.194113,0.194113,0.194113,0.194113,0.026014
0.063531,0.231630,0.063531,0.000000,0.229462,1.271881,0.774245,0.774245,2.777572,2.383206,1.758569,2.358983,2.753349,2.361627,2.358983,2.753349,2.607906,1.689611,2.232567,2.753349,2.361627,2.358983,2.358983,2.764841,2.267697,2.053509,2.422896,1.311571,1.564962,1.311571,1.311571,18.164031,57.179339,94.825079,127.948145,168.432634,211.057431,260.673758,307.420563,347.288700,392.516364,439.996102,479.878298,528.091088,587.402196,637.907710,695.280502,718.354949,767.032112,799.837453,859.775867,927.448855,965.237145,1046.672370,1083.017261,1118.197771,1150.042447,1182.788193,1249.999380,1265.346750,1306.002817,1326.456430,1324.826399,1340.381742,1351.934266,1367.280823,1359.930525,1351.094388,1356.892673,1350.003934,1358.731606,1370.609057,1366.074715,1361.548232,1363.034634,1357.861915,1350.721379,1318.688419,1301.338009,1267.080396,1260.070175,1178.438113,1150.280543,1129.602977,1121.224241,1108.450276,1081.190119,1080.746334,1058.239189,1030.990480,980.912665,954.487355,888.521277,843.828020,807.965251,756.543953,711.355541,653.383203,597.044754,525.269412,469.300296,427.598376,382.572999,343.117439,289.795150,243.312519,209.049488,175.477640,135.509209,95.224522,55.012890,17.668560,0.000000,0.000000,0.000000,0.000000,0.000000,0.000000,0.000000,0.000000,0.000000,0.000000,0.000000,0.000000,0.000000,0.000000,0.000000,0.000000,0.000516,0.000000,0.103274,0.026014,0.194113,0.401354,0.289355,0.026014,0.194113,0.258193,0.289355,0.289355,0.289355,0.289355,0.289355,0.289355
0.421702,0.046363,0.046363,0.000000,0.212294,1.257356,1.254712,0.381737,1.493063,2.760404,2.633402,1.966475,1.423519,2.341815,2.736180,2.341815,2.590738,2.985104,2.985104,2.341815,1.966475,1.423519,1.991454,2.378286,2.644894,2.405728,2.014006,0.402401,0.953945,1.294402,0.900037,17.752496,57.596866,90.358894,133.173776,168.622365,208.038736,260.563260,308.199750,343.554119,392.501243,441.455954,475.017165,527.591657,574.664195,630.694964,684.228445,714.864411,761.747664,809.338983,841.110869,918.485304,988.214985,1035.431041,1091.903212,1124.297181,1160.143033,1206.747710,1246.967618,1272.199321,1328.123551,1340.559093,1339.565106,1355.077518,1383.268941,1406.023841,1402.514839,1416.086742,1432.790343,1448.474755,1457.247984,1477.508189,1478.026037,1473.813629,1454.778918,1427.893544,1398.940057,1348.136319,1346.415871,1318.755543,1293.998283,1267.062289,1245.135779,1245.231663,1223.325115,1155.081878,1131.641904,1072.306680,1022.670913,988.432218,955.486285,924.914889,878.934229,827.223744,782.919000,743.516867,696.629699,641.676854,580.816772,517.523563,463.111899,419.240473,376.618290,324.859477,297.606840,235.776254,201.248664,169.575094,133.118724,93.594766,53.379697,16.942787,0.000000,0.000000,0.000000,0.000000,0.000000,0.000000,0.000000,0.000000,0.000000,0.000000,0.000000,0.000000,0.205527,0.849293,0.000000,0.000000,0.000000,0.000000,0.000000,0.243668,0.008846,0.241024,0.384185,0.176945,0.176945,0.241024,0.008846,0.008846,0.384185,0.008846,0.176945,0.176945
0.224237,0.224237,0.224237,0.014829,0.222070,1.630335,1.264488,0.391513,1.126154,1.502839,1.751177,2.351590,1.976251,1.433295,1.976251,2.351590,2.313177,1.394881,1.937838,1.976251,2.351590,2.351590,1.976251,1.444787,2.262948,2.415504,2.415504,0.412177,0.466085,1.275660,0.500176,21.090271,61.330728,103.145117,142.791551,171.004758,222.902115,272.979753,325.481084,360.614852,409.493801,455.842383,496.816711,550.621067,594.854767,659.155945,725.873732,749.504988,799.153683,837.305453,898.134526,950.002222,1004.588416,1052.818684,1070.541344,1115.921855,1133.010039,1187.901120,1220.953184,1263.373415,1298.409069,1308.065217,1339.697508,1359.141918,1359.122191,1399.516808,1435.401052,1433.600475,1433.339367,1447.957869,1468.795630,1473.541531,1469.570382,1453.173547,1417.221947,1397.167677,1387.892799,1338.980180,1300.523114,1313.882766,1307.774987,1289.868984,1246.300089,1250.574161,1235.004905,1209.070862,1140.397837,1113.202069,1103.280461,1044.544796,1011.318177,959.611298,918.151006,872.592263,822.917990,768.567603,723.499835,664.681020,620.489314,555.923686,494.236858,459.309135,412.474964,359.638046,310.288416,260.702831,213.643305,172.509945,144.077215,96.998026,61.743453,19.720127,0.000000,0.052550,0.000000,0.077835,0.077835,0.077835,0.077835,0.077835,0.623494,0.623494,0.815430,0.815430,0.815430,0.000000,0.000000,0.000000,0.000000,0.000000,0.047985,0.000000,0.138825,0.138825,0.346065,0.202904,0.346065,0.346065,0.346065,0.346065,0.346065,0.000000,0.138825,0.138825
0.764916,0.764916,0.764916,0.555508,0.555508,0.555508,0.555508,0.555508,2.043517,2.418857,2.789491,2.892269,2.516929,2.892269,2.892269,2.892269,2.466001,1.946127,2.841341,2.892269,2.372394,2.923431,2.923431,2.927488,2.824709,1.681406,1.681406,1.443055,1.474217,1.474217,1.860704,24.829661,61.824753,108.120140,145.412526,189.454208,231.566968,278.021216,325.795979,378.781342,425.994819,455.337318,490.884954,539.906457,602.512507,643.525588,706.005461,746.747683,795.083170,820.585575,865.010100,918.978399,957.218190,993.905958,1040.887803,1078.102180,1106.774236,1140.687674,1202.053187,1241.115929,1249.142135,1270.427166,1315.473938,1359.481840,1407.225267,1434.653888,1432.273827,1424.396287,1348.988869,1342.284938,1314.204322,1279.633570,1247.658917,1292.609769,1316.459241,1297.315183,1305.541359,1300.374643,1302.221958,1272.356077,1201.031765,1147.209909,1117.563088,1096.128420,1064.677938,1017.658276,993.732449,983.980128,933.410451,902.159335,887.391536,859.137999,813.691021,784.918637,745.252522,716.407353,690.094730,638.728753,583.821797,535.211359,464.094944,445.037570,396.776702,344.028642,306.303882,261.712480,218.419774,173.108660,139.684434,101.615333,59.574527,20.375342,0.000000,0.342924,0.342924,0.342924,0.000000,0.000000,0.342924,0.342924,0.342924,0.342924,0.534860,0.534860,0.534860,1.178626,1.232285,1.178626,1.178626,0.595612,0.518788,0.283836,0.597971,0.424354,0.049014,0.312355,0.312355,0.049014,0.312355,0.281193,0.217113,0.424354,0.312355,0.281193
0.197649,0.197649,0.029551,0.161859,0.000000,0.000000,0.000000,0.000000,1.476251,1.099567,1.724589,2.720592,2.325002,1.949663,1.949663,2.692073,2.149789,2.239315,2.274074,2.325002,2.325002,2.325002,2.325002,2.336495,1.360741,1.121575,2.390139,1.278814,0.883224,0.883224,1.940003,25.262441,60.483610,100.618533,147.570948,186.115146,229.645379,274.722738,321.353668,375.534017,416.887260,465.589575,496.599786,541.522594,591.454706,635.659554,669.701205,712.566915,753.916469,795.529913,856.874579,911.977735,951.320362,998.806476,1042.923530,1099.215960,1138.128041,1156.852243,1211.832607,1236.998324,1258.031127,1264.241707,1302.645969,1325.291703,1345.218192,1362.020367,1325.996692,1319.798199,1289.013149,1281.966748,1260.290771,1280.804479,1264.154243,1254.345014,1255.218677,1287.928223,1276.212732,1252.206410,1228.215752,1226.980401,1230.710679,1224.241222,1235.409662,1237.306929,1205.846296,1177.950983,1142.464418,1097.423477,1029.836176,989.732263,952.660149,930.099625,894.047006,862.021054,832.593765,791.332651,767.078174,705.355733,650.199673,578.428921,522.938394,485.450244,432.856141,374.407780,330.849293,271.428922,229.452305,191.172112,150.871174,106.447289,66.539020,26.196336,3.579899,0.048949,0.048949,0.000000,0.000000,0.000000,0.349282,0.000000,0.048949,0.048949,0.000000,0.000000,0.240886,0.884652,1.184985,1.184985,0.940848,0.920909,0.983723,0.259819,0.233075,0.259819,0.259819,0.227434,0.163354,0.163354,0.163354,0.370595,0.227434,0.370595,0.163354,0.163354
0.210252,0.210252,0.210252,0.000843,0.000843,0.000843,0.000843,0.000843,1.112169,0.994837,0.701563,1.301977,1.301977,1.301977,1.301977,1.301977,1.323107,1.323107,1.323107,1.301977,1.301977,1.301977,1.326956,1.313469,0.713055,0.640161,0.757493,0.000000,0.000000,0.000000,7.043356,27.645432,63.099922,103.449531,147.026179,186.349158,227.304092,271.727209,322.337943,374.585328,422.199093,471.790937,504.177151,560.808515,616.539311,640.016365,690.759399,751.081116,804.316954,844.479977,899.886019,939.022114,995.149340,1063.929055,1097.467284,1125.909368,1144.052515,1147.628091,1160.233375,1170.962868,1179.172859,1189.134387,1263.177484,1301.894866,1347.860188,1354.386435,1382.214642,1405.148523,1367.630076,1396.331379,1388.473853,1369.278649,1360.361892,1357.294923,1360.920274,1358.424004,1373.404023,1393.803335,1360.908260,1334.209389,1331.635328,1251.388491,1250.008454,1259.233217,1239.334853,1212.225885,1196.023578,1143.662306,1099.283793,1079.710380,1012.500864,987.978576,958.600888,881.018605,820.949468,818.159951,772.975394,701.804148,649.068325,586.630154,540.166956,478.863479,425.482447,379.605720,325.914073,279.956234,227.437643,178.852598,146.049345,104.049767,68.686367,28.317121,1.888538,0.000000,0.000000,0.000000,0.000000,0.000000,0.000000,0.000000,0.000000,0.000000,0.000000,0.000000,0.000000,0.000000,0.000000,0.000000,0.000000,0.000000,1.341405,0.175956,0.243420,0.200935,0.175956,0.175956,0.175956,0.175956,0.175956,0.175956,0.175956,0.175956,0.175956,0.175956
0.273426,0.273426,0.273426,0.064018,0.064018,0.064018,0.064018,0.064018,1.175344,1.175344,0.882070,1.482484,1.482484,1.482484,1.482484,1.482484,1.503614,1.503614,1.503614,1.482484,1.482484,1.482484,1.482484,1.486540,0.886127,0.813232,0.813232,0.000000,0.000000,0.000000,4.956253,29.152342,68.819959,104.871217,145.243758,186.372367,227.178464,281.120612,315.413860,373.377463,416.585986,457.373283,505.293289,553.318338,598.850065,638.209813,679.413299,736.657845,775.937671,805.871559,859.314528,926.984329,999.396205,1066.323449,1105.096404,1113.981346,1142.219657,1190.457634,1202.555267,1227.750609,1260.825380,1275.658029,1326.378696,1338.978548,1423.536444,1426.057332,1420.086895,1412.278312,1417.184893,1418.943609,1414.238524,1431.151138,1445.092718,1442.071808,1429.275236,1423.675361,1411.737086,1394.566929,1355.084657,1296.465158,1287.677875,1260.743254,1243.934919,1232.899198,1220.989737,1203.471998,1150.600758,1120.200997,1113.795578,1041.107689,992.725147,955.933293,916.693439,851.198831,799.836277,773.398442,734.432153,680.648742,619.559916,563.500231,523.970731,456.394507,405.530103,362.553554,298.685672,247.442370,218.159014,180.253505,140.670403,101.506439,61.868347,24.453533,2.237020,0.021578,0.000000,0.021578,0.021578,0.000000,0.021578,0.021578,0.321911,0.000000,0.000000,0.000000,0.513847,0.230916,0.291668,0.000000,0.000000,0.000000,0.852422,0.282233,0.282233,0.282233,0.282233,0.282233,0.282233,0.282233,0.282233,0.282233,0.282233,0.282233,0.282233,0.346313
1.618650,1.618650,1.618650,1.618650,1.618650,1.513054,1.513054,1.513054,1.513054,1.017590,1.513054,1.513054,1.513054,1.017590,1.017590,1.513054,1.513054,1.513054,1.513054,1.513054,1.499132,1.003668,0.978445,0.831354,1.352040,1.352040,0.856576,1.352040,1.352040,0.856576,7.883259,30.749637,65.990806,111.573599,151.327925,194.846950,241.731526,286.663657,334.795429,395.136213,447.727417,497.180099,549.760878,592.149496,644.857471,695.779463,759.742145,796.165307,844.447616,890.289634,952.377062,1032.724005,1083.180740,1113.605852,1172.459323,1227.094436,1241.462009,1246.588844,1245.711788,1276.197514,1285.601050,1308.782869,1301.403205,1327.444492,1309.890667,1305.046001,1339.166403,1340.996144,1378.251307,1416.219730,1428.784807,1448.128133,1466.868748,1464.345100,1457.820021,1448.895772,1447.099816,1395.418229,1365.890999,1351.854137,1338.073091,1308.026968,1304.768998,1264.967658,1247.547437,1231.461177,1200.624697,1151.989030,1106.651002,1036.442163,1016.955561,957.675276,903.735379,846.579139,813.587842,781.989043,747.169341,697.365018,643.160477,597.255929,549.230650,487.181974,438.243795,390.124831,332.745722,276.157392,236.357070,192.783023,144.980974,105.403252,58.252581,25.572141,2.101225,0.000000,0.000000,0.000000,0.000000,0.000000,0.000000,0.000000,0.000000,0.000000,0.000000,0.000000,0.000000,0.000000,0.000000,0.000000,0.000000,0.000000,0.000000,0.000000,0.000000,0.000000,0.000000,0.000000,0.660404,0.660404,0.164940,1.463961,1.959425,1.959425,1.450712,1.450712
0.000000,0.000000,0.000000,0.000000,0.000000,0.000000,0.000000,0.000000,0.000000,0.000000,0.000000,0.000000,0.000000,0.000000,0.000000,0.000000,0.000000,0.000000,0.000000,0.000000,0.123902,0.123902,0.123902,0.066000,0.066000,0.066000,0.066000,0.066000,0.066000,0.066000,9.200575,31.731463,70.851136,110.931072,150.460499,194.099155,241.064095,276.238928,317.690475,367.969955,414.342478,467.506100,519.641312,560.937235,611.019686,667.639636,713.235627,771.851463,825.902048,873.056197,916.558721,943.527737,1003.053011,1057.621999,1100.705684,1162.110705,1193.155511,1232.928618,1263.071827,1276.503629,1294.148672,1321.464398,1324.396379,1363.276542,1389.574705,1413.110966,1464.264745,1460.284179,1452.893148,1445.386994,1469.383509,1491.674498,1483.730307,1474.739876,1478.874673,1446.047941,1443.542023,1384.529195,1338.541310,1319.450984,1307.359096,1288.213649,1289.991771,1262.345740,1270.146245,1261.241677,1236.941383,1183.131035,1128.487338,1073.402120,1038.084561,1004.384019,942.726232,869.353322,822.464282,790.695893,758.501794,704.062060,646.915801,600.072421,549.561221,485.145358,435.560040,388.144316,330.374645,282.298377,226.692042,186.802827,144.683545,101.164442,61.683363,29.790123,4.197095,0.000000,0.000000,0.000000,0.000000,0.000000,0.000000,0.000000,0.000000,0.000000,0.000000,0.000000,0.000000,0.000000,0.000000,0.000000,0.000000,0.000000,0.000000,0.000000,0.000000,0.000000,0.000000,0.000000,0.000000,0.000000,0.000000,0.000000,0.000000,0.000000,0.000000,0.000000
0.000000,0.000000,0.000000,0.000000,0.000000,0.000000,0.000000,0.000000,0.000000,0.000000,0.000000,0.000000,0.000000,0.000000,0.000000,0.000000,0.000000,0.000000,0.000000,0.000000,0.000000,0.000000,0.000000,0.000000,0.000000,0.000000,0.000000,0.000000,0.000000,0.000000,7.843036,31.781240,72.383141,112.626272,144.310149,189.760465,239.067943,281.388324,324.619868,374.144626,423.993233,470.572711,532.453653,572.856542,611.547134,663.549876,726.228814,772.339165,813.076101,856.393121,883.810450,900.797536,960.638013,1017.562193,1054.889595,1103.902583,1133.197703,1162.179145,1196.452732,1237.167599,1239.014419,1237.888492,1240.037994,1266.974563,1294.051693,1311.655260,1313.549997,1307.989699,1331.137582,1329.234347,1341.503314,1344.830834,1339.384179,1335.377953,1323.349550,1330.482998,1274.854438,1256.344375,1242.243453,1214.415979,1198.856614,1181.332191,1173.148493,1157.230103,1140.061232,1160.470032,1107.751554,1066.435884,998.439785,924.780695,883.706332,874.329295,849.888740,806.441610,770.927345,740.585213,720.080409,674.273317,626.448533,592.548101,536.674925,482.122888,438.773343,388.142522,330.578345,279.013951,231.922383,183.509506,139.250519,101.847657,67.634200,25.699773,1.520140,0.000000,0.000000,0.000000,0.000000,0.000000,0.000000,0.000000,0.000000,0.000000,0.000000,0.000000,0.000000,0.000000,0.000000,0.000000,0.000000,0.000000,0.000000,0.000000,0.000000,0.000000,0.000000,0.000000,0.000000,0.000000,0.000000,0.000000,0.000000,0.000000,0.000000,0.000000
0.219047,0.610622,0.610622,0.219047,0.219047,0.610622,0.219047,0.219047,0.219047,0.219047,0.219047,0.219047,0.219047,0.219047,0.219047,0.219047,0.000000,0.000000,0.085157,0.085157,0.088627,0.088627,0.088627,0.000000,0.000000,0.000000,0.000000,0.000000,0.000000,0.000000,8.243894,32.182098,72.924120,109.976330,148.639977,192.389372,251.022342,295.486512,353.394518,392.025288,450.468150,504.101843,550.187465,598.893862,637.510305,689.009818,751.676681,800.659316,839.456801,862.703984,892.357262,930.141614,970.651510,1023.605537,1074.843625,1114.667327,1156.759516,1189.041581,1184.569544,1210.895095,1225.949491,1255.832601,1273.976136,1328.197551,1377.832468,1431.348967,1433.544425,1474.691719,1484.522297,1468.071848,1466.710091,1478.963073,1473.737673,1453.157377,1451.787420,1467.600149,1425.382729,1411.009851,1353.950224,1324.654225,1254.929318,1230.343188,1234.194362,1184.221206,1133.870352,1136.634416,1120.814968,1084.765114,1027.378057,955.147867,930.983472,901.801237,831.431078,780.282133,753.282398,703.418107,676.881059,635.418337,587.627783,556.373768,497.727033,442.950493,403.300284,350.208724,302.716870,251.855081,219.725506,184.176453,140.686633,102.497541,63.469093,29.355769,2.382127,0.000000,0.000000,0.000000,0.000000,0.000000,0.000000,0.000000,0.000000,0.000000,0.000000,0.000000,0.000000,0.000000,0.000000,0.000000,0.000000,0.000000,0.000000,0.573198,0.573198,0.181624,0.181624,0.181624,0.850547,0.850547,0.850547,0.850547,0.850547,0.000000,0.000000,0.341834
0.000000,0.107466,0.107466,0.000000,0.000000,0.000000,0.000000,0.000000,0.000000,0.000000,0.000000,0.000000,0.000000,0.000000,0.000000,0.000000,0.000000,0.000000,0.000000,0.000000,0.000000,0.000000,0.000000,0.000000,0.000000,0.000000,0.000000,0.000000,0.000000,0.000000,11.207815,36.107032,74.778401,116.981559,150.566001,195.613236,244.712815,290.787413,339.281360,376.259504,424.364407,475.920028,529.577009,582.911766,638.112403,707.034154,768.745316,810.307963,849.791826,872.627557,901.816867,928.321737,976.850636,1025.431333,1052.260331,1087.389792,1116.110642,1174.476266,1187.908946,1215.399834,1218.805176,1262.143972,1256.380310,1275.423207,1269.545112,1258.324956,1251.258134,1329.306496,1305.909670,1288.324617,1303.938496,1318.573073,1335.803676,1309.138983,1308.060139,1303.626377,1311.172912,1299.960781,1237.819962,1216.010700,1215.582118,1185.155216,1152.099381,1129.894832,1116.485946,1123.108628,1139.940345,1098.384703,1045.208639,990.787270,957.947105,933.897395,878.281595,811.488139,777.478820,744.286261,706.079949,660.785120,614.763004,577.359996,522.884372,470.537094,427.968126,371.819741,324.647225,279.731323,235.973074,200.199729,149.139821,108.195029,71.864487,31.137311,5.846747,0.000000,0.000000,0.000000,0.000000,0.000000,0.000000,0.000000,0.000000,0.000000,0.000000,0.000000,0.000000,0.000000,0.000000,0.000000,0.000000,0.000000,0.000000,0.000000,0.000000,0.000000,0.000000,0.000000,0.370790,0.762364,0.370790,0.370790,0.370790,0.370790,0.125917,0.125917
0.873950,0.873950,0.873950,0.873950,0.873950,0.793231,0.873950,0.873950,0.873950,0.873950,0.873950,0.873950,0.873950,0.873950,0.873950,0.873950,0.873950,0.740060,0.740060,0.740060,0.743530,0.743530,0.769671,0.622579,0.323878,0.323878,0.323878,0.323878,0.323878,0.323878,14.240905,40.165205,76.996688,118.892004,154.138666,201.776482,250.162955,292.553838,346.875592,385.737390,439.798691,487.570773,545.789804,584.521032,647.912437,697.379012,752.487650,790.936653,852.834333,867.946898,910.843727,967.123801,1042.523543,1079.061708,1118.290997,1182.600754,1220.955675,1226.565060,1237.163631,1244.580605,1277.200308,1264.237402,1273.761863,1282.955514,1273.543831,1260.179476,1309.350183,1298.377832,1273.963511,1313.624900,1378.070044,1399.558536,1392.649829,1400.940847,1426.742952,1444.676319,1458.665492,1396.109974,1332.927467,1286.226478,1303.948059,1295.547858,1266.818394,1228.936836,1185.785618,1182.351219,1193.103984,1141.372898,1071.259662,1015.358080,968.226593,954.598429,857.511690,813.633389,772.791377,731.278439,691.957990,644.712030,605.666978,562.394773,517.915835,458.627991,418.630835,369.674974,321.802724,285.959317,248.109994,198.135091,151.574165,117.415303,72.864501,36.560836,9.796370,0.898490,0.000000,0.260009,0.000000,0.000000,0.359297,0.898490,0.368106,0.000000,0.000000,0.000000,0.000000,0.000000,0.000000,0.376449,0.000000,0.000000,0.000000,1.019942,1.019942,0.658463,0.658463,0.658463,1.327386,1.327386,1.327386,1.327386,1.608147,1.688866,0.818673,0.737955
0.688361,0.769080,0.769080,0.312668,0.312668,0.769080,0.688361,0.769080,0.769080,0.769080,0.769080,0.769080,0.769080,0.393387,0.688361,0.769080,0.769080,0.635190,0.635190,0.635190,0.638660,0.638660,0.638660,0.491569,0.192868,0.192868,0.000000,0.000000,0.192868,0.000000,11.833739,37.758039,75.567452,123.527649,154.040147,201.737498,253.781445,308.643299,342.834012,395.604845,445.300151,503.386849,559.701244,601.660457,645.259527,699.139718,769.807833,809.395584,864.767306,906.171280,916.259499,982.765776,1050.969718,1075.587016,1135.504101,1191.711372,1212.307158,1228.619524,1271.579452,1262.657490,1280.108137,1313.707147,1336.129594,1366.110091,1418.029660,1423.952768,1451.191366,1457.441599,1417.862828,1405.294513,1414.847061,1432.512668,1442.627813,1468.515982,1468.788615,1453.989706,1384.336267,1367.412653,1283.381553,1223.451794,1229.474910,1205.951765,1172.216088,1134.979792,1123.946038,1115.314174,1120.229114,1101.546105,1039.216822,996.448883,940.915049,926.342998,878.113020,808.947235,754.542092,721.503389,678.397168,642.444257,602.969676,565.626118,525.137289,472.745025,434.924489,382.339779,350.966725,299.845212,250.421626,207.991025,157.676718,116.977613,79.719949,36.592191,8.435239,0.000000,0.000000,0.000000,0.000000,0.000000,0.000000,0.000000,0.000000,0.000000,0.000000,0.000000,0.000000,0.000000,0.000000,0.000000,0.000000,0.000000,0.000000,0.000000,0.000000,0.000000,0.000000,0.000000,0.101559,0.101559,0.000000,0.944168,1.024887,1.024887,0.811148,1.836121
0.000000,0.000000,0.000000,0.040355,0.000000,0.351211,0.000000,0.000000,0.000000,0.000000,0.000000,0.000000,0.000000,0.000000,0.000000,0.000000,0.000000,0.000000,0.000000,0.000000,0.000000,0.000000,0.000000,0.000000,0.000000,0.000000,0.000000,0.000000,0.000000,0.000000,14.645965,42.941958,82.793704,118.645990,155.387537,194.414775,238.876710,284.830742,326.611264,362.614667,400.353692,446.269502,498.755918,539.296592,570.030781,635.919170,691.080932,739.719651,782.939997,820.777288,854.052208,884.976561,953.787912,991.168414,1036.399903,1062.442012,1103.123769,1127.026728,1136.484461,1167.811358,1172.372629,1218.002989,1230.723548,1242.328837,1254.543731,1248.038980,1258.739223,1245.251814,1210.961609,1234.573636,1248.630261,1247.294632,1232.966961,1314.283469,1283.752353,1269.443124,1283.997015,1354.428517,1336.573494,1303.840938,1307.272795,1274.898099,1272.228390,1241.695521,1209.773641,1180.652845,1177.633465,1116.319532,1075.015588,1037.315119,969.963623,933.294052,899.317855,826.892922,776.645281,741.368368,702.098593,655.172288,611.539262,579.923464,549.535070,489.302066,435.794398,398.641473,345.977181,310.823494,254.063688,200.070470,154.213558,114.028438,76.138647,34.861597,4.046884,0.000000,0.000000,0.000000,0.000000,0.000000,0.000000,0.000000,0.000000,0.000000,0.000000,0.000000,0.000000,0.000000,0.000000,0.000000,0.000000,0.000000,0.000000,0.000000,0.000000,0.000000,0.000000,0.000000,0.119217,0.119217,0.119217,0.540807,1.013100,0.485569,0.000000,0.376653
0.431929,0.000000,0.000000,0.431929,0.431929,0.040355,0.431929,0.000000,0.000000,0.000000,0.000000,0.000000,0.000000,0.000000,0.000000,0.000000,0.000000,0.000000,0.000000,0.000000,0.000000,0.000000,0.000000,0.000000,0.000000,0.000000,0.000000,0.000000,0.000000,0.000000,13.127774,36.980822,79.637784,122.916221,158.541959,192.565044,246.369432,286.382596,321.646471,375.194469,421.905959,467.377531,511.912035,549.028205,581.143885,635.090585,676.718182,719.827842,768.414864,807.585343,829.546065,875.141756,923.005323,961.367476,996.493043,1037.034827,1085.118895,1122.426475,1132.407021,1156.215784,1195.115193,1202.648780,1208.746838,1217.951071,1217.742505,1224.541644,1226.081961,1273.290666,1284.325650,1301.683724,1370.117556,1385.604135,1370.810563,1385.513193,1435.559326,1384.347217,1344.541581,1365.037232,1345.942231,1311.520892,1277.534497,1256.276436,1244.382009,1208.189688,1203.766690,1197.933298,1172.117613,1109.980092,1076.611236,1036.249732,985.300863,929.063183,906.004658,833.336679,793.714971,738.755744,701.671490,662.740371,625.499798,574.672831,528.054942,481.113634,433.373307,389.545566,340.842524,297.467109,249.939456,199.089407,157.610723,113.536643,71.997901,35.170578,5.923299,0.000000,0.000000,0.000000,0.000000,0.000000,0.000000,0.000000,0.000000,0.000000,0.000000,0.000000,0.000000,0.000000,0.000000,0.000000,0.000000,0.000000,0.000000,0.000000,0.000000,0.000000,0.000000,0.000000,0.000000,0.038499,0.119217,1.013100,0.119217,0.119217,0.000000,0.000000
0.000000,0.000000,0.000000,0.000000,0.000000,0.000000,0.000000,0.000000,0.000000,0.000000,0.000000,0.000000,0.000000,0.000000,0.000000,0.000000,0.000000,0.000000,0.000000,0.000000,0.000000,0.000000,0.000000,0.000000,0.005380,0.005380,0.000000,0.048089,0.005380,0.005380,18.602100,39.426271,82.637049,123.298711,166.424660,203.500465,247.603814,299.141378,329.572281,385.401455,435.856344,470.075212,517.039037,561.367975,601.413341,651.949444,680.233378,744.725005,786.652371,841.125569,878.555605,910.584567,987.863884,989.955504,1051.834116,1116.640752,1160.080607,1206.519480,1231.995579,1247.296904,1258.103929,1270.209567,1279.361573,1294.326332,1299.302876,1292.209733,1290.356232,1330.049477,1339.493099,1380.891562,1390.550422,1383.561725,1389.838995,1390.299517,1380.921987,1338.044431,1318.733933,1306.335387,1279.546598,1276.822571,1289.995238,1278.152044,1271.794388,1216.901356,1195.305901,1158.118764,1116.656865,1076.805390,1062.650776,1011.725761,956.951278,928.468264,904.001566,845.468440,793.156375,758.233069,704.049563,655.018445,634.573913,585.745723,534.823426,480.087206,436.977540,392.369233,334.014923,299.839480,257.496209,205.072666,166.109581,123.353512,81.637570,50.011984,19.583432,0.000000,0.000000,0.000000,0.000000,0.000000,0.000000,0.000000,0.000000,0.000000,0.000000,0.000000,0.000000,0.000000,0.000000,0.000000,0.000000,0.000000,0.034421,0.000000,0.000000,0.000000,0.000000,0.000000,0.000000,0.000000,0.000000,0.000000,0.000000,0.000000,0.000000,0.000000
0.125585,0.125585,0.125585,0.125585,0.125585,0.125585,0.125585,0.125585,0.125585,0.125585,0.125585,0.125585,1.013049,1.013049,1.013049,1.013049,1.013049,1.013049,1.013049,1.013049,1.016519,0.502877,0.502877,0.071153,0.071153,0.071153,0.071153,0.000000,0.071153,0.071153,19.837100,42.688584,76.756823,118.606766,160.353013,208.123990,251.196369,277.212942,316.808955,358.010835,407.681118,450.741700,488.012015,547.346168,575.708278,622.170631,675.110275,712.506211,751.493232,803.353450,861.319678,900.959835,931.103674,978.829655,1003.880759,1039.030824,1077.205752,1114.494097,1118.546561,1128.142723,1163.385135,1201.032980,1235.133662,1282.992456,1331.139941,1395.257471,1429.720097,1432.512012,1418.959027,1405.727980,1417.901404,1430.053500,1405.365507,1353.926929,1347.442475,1321.624322,1308.971790,1291.771981,1256.915729,1268.262689,1234.966510,1205.513690,1179.206867,1147.357613,1126.581366,1085.221150,1043.617955,1005.454649,969.360361,919.464350,882.734639,867.253104,847.019764,794.956295,745.074621,715.059611,656.657342,616.073064,579.877766,550.409051,496.763566,446.116966,413.011237,361.762192,309.004799,268.010898,237.531173,203.479677,159.084408,122.515578,81.759198,49.764139,19.771618,0.000000,0.000000,0.000000,0.000000,0.016185,0.016185,0.000000,0.024995,0.018398,0.000000,0.000000,0.018398,0.059696,0.000000,0.000000,0.000000,0.000000,1.227540,0.544926,0.544926,0.544926,0.544926,0.544926,0.544926,0.544926,0.544926,0.544926,0.214985,0.214985,0.214985,0.214985
0.145770,0.507249,0.507249,0.143325,0.143325,0.143325,0.143325,0.143325,0.143325,0.143325,0.143325,0.143325,0.143325,0.143325,0.143325,0.219883,0.219883,0.219883,0.219883,0.143325,0.146795,0.146795,0.172936,0.191592,0.115034,0.191592,0.000000,0.000000,0.191592,0.191592,19.976121,48.583152,76.047056,118.399024,164.518585,206.115889,248.142125,286.673016,325.427252,380.531595,436.178650,481.782887,528.995723,581.647148,619.029921,655.975939,716.082013,746.617612,784.936507,830.025495,865.839710,906.524368,939.012398,968.141597,1016.529684,1028.570749,1027.381093,1067.574301,1089.808835,1108.111849,1101.577390,1109.878368,1125.813146,1121.877285,1129.017973,1125.246056,1125.244336,1143.018761,1128.176358,1136.960886,1135.267353,1146.002771,1127.220018,1123.946117,1117.033635,1138.583737,1127.227871,1148.581377,1128.473615,1131.201525,1118.484012,1122.865419,1114.500125,1076.237805,1075.001333,1069.506176,1040.765423,1022.938319,1009.352055,989.365233,958.241670,935.759342,875.928759,828.020252,762.472589,709.879117,646.398806,605.158263,593.704888,562.654220,507.074699,457.651767,423.470374,372.334424,311.827368,265.485119,237.339916,201.783671,159.795684,118.823186,82.403774,46.237134,18.402703,0.000000,0.000000,0.000000,0.000000,0.000000,0.000000,0.000000,0.000000,0.000000,0.000000,0.000000,0.000000,0.000000,0.000000,0.000000,0.000000,0.000000,1.074964,0.232724,0.594203,0.309282,0.232724,0.232724,0.232724,0.232724,0.232724,0.232724,0.232724,0.235169,0.232724,0.232724
0.000000,0.000000,0.000000,0.000000,0.000000,0.000000,0.000000,0.000000,0.000000,0.000000,0.000000,0.000000,0.000000,0.000000,0.000000,0.000000,0.000000,0.000000,0.000000,0.000000,0.000000,0.000000,0.000000,0.000000,0.000000,0.000000,0.000000,0.000000,0.000000,0.000000,18.548041,46.812902,79.000737,113.437077,152.146578,192.985516,237.652493,261.998753,301.252384,347.316347,386.323464,432.107883,478.572514,521.527583,556.511637,588.829380,634.478773,675.595124,699.505066,737.303293,805.110676,829.883310,861.398555,885.977279,923.780505,962.674952,1025.823135,1054.934423,1082.782591,1106.563510,1133.022573,1135.546393,1141.938534,1131.020500,1151.620514,1165.649258,1203.111025,1213.203845,1229.345768,1202.579109,1209.885572,1227.119787,1189.576625,1180.288068,1165.203561,1147.503364,1148.845742,1136.554290,1128.911062,1128.518976,1126.625671,1113.051391,1095.879173,1070.340633,1055.864080,1035.718093,1015.779843,978.599125,935.430180,903.917719,862.846292,852.381698,824.525109,791.830503,726.409333,681.837493,644.345822,606.982708,567.811825,533.107757,488.285960,433.539494,385.554092,339.921527,299.919291,263.203768,229.811995,197.876006,153.416472,121.627176,79.955955,48.914274,20.282306,0.000000,0.115712,1.047675,0.000000,0.115712,0.557943,0.115712,0.124522,0.150793,0.150793,0.150793,0.150793,0.150793,0.150793,0.000000,0.000000,0.000000,0.000000,0.000000,0.000000,0.000000,0.000000,0.000000,0.000000,0.000000,0.000000,0.000000,0.000000,0.000000,0.000000,0.000000
0.000000,0.000000,0.000000,0.000000,0.000000,0.000000,0.000000,0.000000,0.000000,0.000000,0.000000,0.000000,0.000000,0.000000,0.000000,0.000000,0.000000,0.000000,0.000000,0.000000,0.000000,0.000000,0.000000,0.000000,0.181216,0.000000,0.000000,0.140895,0.000000,0.000000,16.965450,43.421473,70.129231,112.116972,148.399723,191.915554,223.060760,250.531263,294.690819,340.137435,377.051287,411.693712,452.778136,494.028556,533.267826,552.769863,578.770522,612.863371,668.668191,694.810969,743.376147,780.230217,821.334982,826.710261,867.597054,899.490753,929.541302,992.653429,1034.904078,1061.894773,1071.553646,1100.457918,1140.826435,1157.537235,1138.480526,1193.062651,1209.409169,1221.982723,1266.130149,1280.838002,1289.360518,1279.023259,1289.359824,1294.421939,1260.976375,1260.656795,1248.654922,1225.091210,1232.012378,1208.456233,1173.362142,1172.478452,1155.760350,1086.938716,1080.877933,1068.036249,1023.160330,990.843459,975.832146,958.544860,910.754365,877.321989,845.773909,789.047673,731.226027,693.177265,652.328521,612.984716,578.458947,525.247627,491.127848,446.681450,406.995758,356.698879,314.062132,273.616625,232.330262,198.459821,157.600386,122.079407,74.851199,45.712851,18.291978,0.082280,0.082280,0.567221,0.000000,0.082280,0.524512,0.000000,0.000000,0.117361,0.117361,0.117361,0.594839,0.000000,0.000000,0.000000,0.000000,0.000000,0.000000,0.000000,0.000000,0.000000,0.000000,0.000000,0.000000,0.000000,0.000000,0.000000,0.000000,0.000000,0.000000,0.000000
0.000000,0.000000,0.000000,0.000000,0.000000,0.000000,0.000000,0.000000,0.000000,0.000000,0.000000,0.000000,0.000000,0.000000,0.000000,0.000000,0.000000,0.000000,0.000000,0.000000,0.000000,0.000000,0.000000,0.000000,0.000000,0.000000,0.000000,0.000000,0.000000,0.000000,13.993474,33.509407,64.186198,96.381656,142.718908,179.621173,217.766913,255.397269,299.573780,333.715197,374.767785,394.767030,425.335919,477.262761,507.488004,524.265833,559.246479,588.145831,605.697455,636.741277,660.631603,715.268333,752.471633,804.869213,839.339457,870.463916,918.159032,923.445404,932.572543,945.863564,968.044878,963.844041,989.382805,995.730883,1019.588977,1043.951550,1063.788678,1072.708188,1074.708388,1078.153407,1082.778880,1070.977060,1052.227735,1037.119200,1045.299254,1011.816851,991.756246,993.083559,977.890982,987.588001,967.637853,962.632245,937.740479,911.428235,911.011734,912.079678,906.321353,898.156983,878.206207,820.771047,783.754161,756.921285,723.233887,648.316856,614.216264,592.310688,561.424143,526.592333,483.796787,468.938977,436.278540,396.310702,362.420304,309.894127,281.084535,245.065788,205.802935,178.500594,138.631374,98.266079,64.303633,31.406843,11.752586,0.000000,0.000000,0.000000,0.000000,0.000000,0.000000,0.000000,0.000000,0.000000,0.864596,0.000000,0.000000,0.000000,0.486325,0.000000,0.000000,0.864596,0.000000,0.000000,0.000000,0.000000,0.000000,0.000000,0.000000,0.000000,0.000000,0.000000,0.000000,0.000000,0.000000,0.000000
0.000000,0.000000,0.000000,0.000000,0.000000,0.000000,0.000000,0.000000,0.000000,0.000000,0.000000,0.000000,0.000000,0.000000,0.000000,0.000000,0.000000,0.000000,0.000000,0.000000,0.000000,0.000000,0.000000,0.000000,0.000000,0.000000,0.000000,0.000000,0.000000,0.000000,15.722244,37.276244,66.730662,98.999731,135.934679,175.688274,219.137900,253.535934,300.641878,330.105034,372.723661,388.493350,416.842984,457.662318,505.719576,517.961444,561.632717,578.122177,598.271609,622.172946,666.024033,734.018361,788.826022,835.249465,868.922138,894.499433,946.341071,952.948376,975.863390,1024.726717,1065.627743,1111.317000,1130.507724,1155.035572,1169.107180,1200.208247,1231.557624,1224.297085,1209.322493,1228.686501,1192.028655,1192.356928,1195.339316,1221.855172,1194.892540,1188.135491,1205.847037,1214.440101,1188.489409,1162.391076,1142.430233,1129.370818,1097.183944,1052.071928,1029.032941,998.884288,972.549323,947.119303,906.057686,864.150648,830.952677,816.823784,770.994058,722.192713,679.990582,638.815033,625.368361,580.602268,528.345551,492.937199,463.226760,422.280750,383.829010,327.356141,293.993205,253.427676,208.035407,184.460538,149.670091,103.868340,71.794148,39.704969,12.463005,0.000000,0.000000,0.000000,0.000000,0.000000,0.000000,0.000000,0.000000,0.000000,0.000000,0.000000,0.000000,0.000000,0.000000,0.486325,0.000000,0.000000,0.000000,0.000000,0.000000,0.000000,0.000000,0.000000,0.000000,0.000000,0.000000,0.000000,0.000000,0.000000,0.000000,0.000000
0.000000,0.000000,0.000000,0.000000,0.000000,0.000000,0.000000,0.000000,0.000000,0.000000,0.000000,0.000000,0.000000,0.000000,0.000000,0.000000,0.000000,0.000000,0.000000,0.000000,0.000000,0.000000,0.000000,0.000000,0.000000,0.000000,0.000000,0.000000,0.000000,0.000000,15.722244,42.779787,67.774065,95.925972,135.534316,171.221614,209.052149,249.127873,283.880231,318.493802,361.950897,384.242452,415.691623,463.156215,486.647202,536.815436,557.901808,579.908383,602.861278,663.587899,710.042796,750.986885,790.034683,839.967506,864.648214,902.911577,908.337993,936.353375,945.986013,954.036600,985.388017,1004.025763,1032.244284,1057.790013,1103.890911,1132.172179,1143.229932,1177.108975,1195.649955,1206.735767,1234.723204,1234.890279,1242.183318,1229.636366,1163.709840,1140.556022,1156.360483,1163.911764,1130.036519,1100.349141,1035.240988,999.939541,965.962622,942.138031,936.248164,929.226778,914.970047,874.320618,867.708161,828.989133,777.070439,719.171988,667.442671,621.874427,575.922063,534.572564,536.406469,503.628369,480.076615,445.684184,416.968775,368.801989,346.974100,307.554021,280.028279,238.363804,198.958177,168.302415,132.745316,100.340507,66.351360,38.944805,12.589854,0.000000,0.000000,0.000000,0.000000,0.000000,0.000000,0.000000,0.000000,0.000000,0.000000,0.000000,0.000000,0.000000,0.000000,0.000000,0.000000,0.000000,0.000000,0.000000,0.000000,0.000000,0.000000,0.000000,0.000000,0.000000,0.000000,0.000000,0.000000,0.000000,0.000000,0.000000
0.312298,0.312298,0.312298,0.312298,0.312298,0.312298,0.312298,0.237242,0.237242,0.237242,0.237242,0.237242,0.237242,0.237242,0.237242,0.295296,0.237242,0.237242,0.237242,0.237242,0.237242,0.237242,0.237242,0.264652,0.264652,0.264652,0.264652,0.397097,0.339708,0.339708,16.216561,40.775691,67.093336,96.717432,132.218978,162.235323,204.829536,234.973871,281.035628,319.897470,348.768708,393.060064,424.539459,475.753069,517.137986,535.252489,546.083016,567.707631,593.030897,625.019534,668.051247,691.824530,742.332008,776.696356,788.706728,818.229861,864.109129,883.455353,892.235135,896.647728,921.991957,939.914103,959.070096,979.189442,1011.023987,1026.097775,1046.008461,1054.626406,1060.165712,1062.533318,1071.810443,1079.486121,1093.346565,1079.749558,1061.629311,1057.075743,1058.897812,1043.759879,1033.358355,1001.330513,981.463959,964.724360,949.419232,930.532707,931.877551,910.043549,860.995611,847.777038,831.106272,815.539955,777.925442,712.580756,685.973781,637.193413,607.023988,591.210236,559.901736,536.956276,501.164462,478.923927,444.018386,419.148584,384.945085,327.548318,294.530334,261.955441,217.534144,179.186182,142.559138,105.704340,71.113786,40.042785,18.808976,0.905559,0.887179,0.928384,0.905559,0.905559,0.905559,0.905559,0.905559,0.887179,0.887179,0.905559,0.905559,0.183345,0.183345,0.183345,0.183345,0.183345,0.000000,0.120013,0.120013,0.120013,0.154083,0.154083,0.154083,0.154083,0.154083,0.154083,0.154083,0.154083,0.154083,0.139443
0.287589,0.287589,0.287589,0.287589,0.287589,0.287589,0.287589,0.212533,0.212533,0.227173,0.212533,0.212533,0.212533,0.212533,0.212533,0.206657,0.206657,0.212533,0.212533,0.227173,0.227173,0.221297,0.227173,0.254583,0.248707,0.248707,0.254583,0.381152,0.323763,0.323763,17.929386,40.765622,69.851026,96.615858,130.669407,162.827266,207.463655,244.208685,280.998518,317.724305,346.852353,390.081977,416.682763,472.724106,494.859838,546.653833,593.242485,603.517146,635.535857,667.613365,722.243079,763.525950,802.405913,863.626054,886.419028,913.850612,964.228037,985.609614,981.328606,993.105368,1003.976490,1033.569195,1068.719348,1112.890274,1123.692468,1150.514532,1151.057083,1208.710108,1222.976915,1221.314117,1230.320122,1267.195435,1265.182590,1280.883432,1247.073473,1245.451546,1243.354710,1245.167774,1236.964800,1205.403607,1172.142071,1145.505928,1115.081525,1086.950180,1090.451631,1053.234027,1028.781483,964.090699,942.305055,905.497609,851.164148,778.703258,734.004300,695.329101,652.062871,610.661671,576.201893,546.786338,506.940755,492.463254,441.412891,405.256031,369.464355,314.572315,282.359985,248.637188,212.144056,180.565280,141.547840,102.282721,72.236485,39.334423,19.919165,0.197197,0.197197,0.220022,0.197197,0.197197,0.197197,0.197197,0.197197,0.197197,0.197197,0.197197,0.197197,0.197197,0.197197,0.197197,0.197197,0.197197,0.229359,0.142535,0.142535,0.142535,0.176606,0.176606,0.191246,0.191246,0.176606,0.176606,0.176606,0.176606,0.176606,0.176606
0.000000,0.000000,0.000000,0.000000,0.000000,0.000000,0.000000,0.000000,0.000000,0.000000,0.000000,0.000000,0.000000,0.000000,0.227173,0.000000,0.000000,0.227173,0.000000,0.000000,0.227173,0.227173,0.227173,0.248707,0.248707,0.254583,0.000000,0.000000,0.000000,0.329639,19.685577,40.697386,67.432724,96.865970,132.059387,164.562501,208.554078,240.600272,271.587061,309.257983,350.093134,383.664990,422.183896,456.132045,493.712084,538.846172,555.945221,584.947210,636.869386,674.602265,723.668790,759.428861,820.962602,881.121995,908.028228,935.441512,998.260210,1044.052905,1045.512445,1085.627849,1106.771152,1096.720804,1094.092169,1100.815294,1113.650891,1104.862578,1126.995275,1183.189775,1182.810177,1192.196711,1178.268771,1178.858827,1193.388130,1199.333110,1193.240523,1177.861284,1185.811644,1190.815754,1177.998646,1151.126920,1121.969413,1119.182910,1076.409604,1032.971337,1030.164818,1025.666490,966.029213,925.018050,901.897711,870.057813,813.064380,757.326623,713.075377,652.777902,618.722876,579.844713,553.983981,532.015954,497.344984,439.559174,408.033605,378.439450,348.926200,308.123391,284.509424,247.017572,202.695215,170.047701,133.697166,98.194711,68.302888,37.556458,18.491951,0.000000,0.000000,0.000000,0.000000,0.000000,0.000000,0.000000,0.000000,0.000000,0.000000,0.000000,0.261380,0.261380,0.000000,0.000000,0.261380,0.261380,0.400351,0.000000,0.000000,0.000000,0.000000,0.000000,0.000000,0.000000,0.000000,0.000000,0.000000,0.000000,0.000000,0.000000
0.327523,0.327523,0.327523,0.327523,0.327523,0.327523,0.327523,0.252467,0.252467,0.252467,0.252467,0.252467,0.267106,0.267106,0.252467,0.252467,0.252467,0.252467,0.252467,0.267106,0.267106,0.252467,0.267106,0.294517,0.279877,0.294517,0.294517,0.478190,0.369573,0.369573,21.678689,45.122071,72.315902,102.407373,134.836270,169.723800,207.000838,236.794540,276.310550,303.935546,341.655645,407.974032,439.609000,470.142460,514.062300,547.654514,589.379034,610.041280,643.071225,686.566161,726.674988,771.256379,820.496828,887.056403,922.064634,982.557519,1030.565891,1083.269463,1097.031768,1095.432471,1127.967264,1139.443957,1147.374485,1153.271877,1175.978209,1200.483271,1232.715914,1244.827572,1250.518106,1246.558114,1225.964616,1209.933796,1201.515914,1196.663600,1174.166725,1170.376522,1173.161191,1165.171878,1165.431357,1156.290845,1130.983037,1127.962957,1110.354309,1067.197824,1028.470361,1015.144863,996.603000,922.329066,883.966778,866.793958,812.789147,755.654463,726.828791,679.731896,650.732447,602.448257,579.503968,544.122091,505.842968,473.579687,433.615761,402.618149,371.326047,323.854488,298.077666,254.074554,211.701888,170.960243,138.724909,98.216822,69.500128,37.588210,18.995489,0.000000,0.000000,0.000000,0.000000,0.000000,0.000000,0.000000,0.000000,0.000000,0.000000,0.000000,0.000000,0.783298,0.783298,0.000000,0.000000,0.783298,0.183757,0.135238,0.135238,0.135238,0.169308,0.169308,0.169308,0.169308,0.169308,0.169308,0.169308,0.169308,0.169308,0.169308
0.153006,0.153006,0.153006,0.153006,0.153006,0.153006,0.153006,0.077950,0.077950,0.077950,0.077950,0.077950,0.077950,0.077950,0.077950,0.092589,0.092589,0.092589,0.077950,0.077950,0.077950,0.077950,0.077950,0.120000,0.105360,0.105360,0.105360,0.303673,0.180416,0.180416,20.880981,44.172672,70.479490,104.224460,132.570888,168.634899,207.496288,231.790374,265.393637,297.281574,343.462243,392.136368,412.896807,454.921262,505.272565,536.434087,557.699372,583.343376,621.593558,675.174066,712.895157,756.106342,805.511927,841.219352,866.031849,901.923546,920.956214,938.627041,949.787430,959.283094,994.658189,1026.844763,1081.683852,1118.864807,1136.246521,1153.934044,1204.276583,1213.572402,1218.257468,1233.910063,1235.712868,1201.069343,1220.842859,1168.651667,1137.245347,1098.627867,1088.100191,1029.285726,985.017471,953.861487,936.635027,906.935965,854.623543,826.146823,824.740196,822.814761,814.263048,813.682599,812.967700,798.601727,760.726029,701.355965,669.307955,617.455433,583.794089,540.889923,515.449120,477.778160,453.148420,417.406363,392.221473,355.656590,317.479214,297.804240,253.488763,216.548818,194.576116,159.397393,130.332046,98.878820,68.849852,41.077105,18.488006,0.000000,0.000000,0.000000,0.000000,0.000000,0.000000,0.000000,0.000000,0.000000,0.000000,0.000000,0.000000,0.000000,0.000000,0.000000,0.000000,0.000000,0.000000,0.000000,0.000000,0.000000,0.000000,0.000000,0.000000,0.000000,0.010278,0.000000,0.000000,0.000000,0.000000,0.000000
0.200697,0.200697,0.200697,0.200697,0.200697,0.212363,0.212363,0.122667,0.122667,0.122667,0.122667,0.122667,0.122667,0.122667,0.122667,0.122667,0.122667,0.122667,0.122667,0.122667,0.137307,0.137307,0.137307,0.150077,0.150077,0.164717,0.164717,0.297162,0.239773,0.225133,21.417537,49.889500,74.794024,107.167247,139.864299,169.901626,205.664707,235.451578,265.459870,299.883968,346.751910,376.226393,413.583125,450.494515,489.999421,539.272417,559.442108,581.680804,631.087466,679.121173,707.519993,749.635844,790.167942,843.075588,856.372462,891.236019,919.369487,968.018637,986.373799,1003.337661,1047.852468,1070.189923,1107.070321,1140.610444,1173.591387,1205.812820,1189.309563,1199.873667,1202.399928,1200.608638,1202.199680,1227.756399,1222.808974,1175.745740,1162.202632,1128.385181,1124.335347,1100.744317,1058.802942,1050.580132,1025.251194,1025.573849,1013.334121,969.880546,971.577325,937.342141,909.561471,894.787965,863.504742,855.918486,797.747026,747.666322,709.950262,676.026423,624.572293,598.415328,551.685373,512.201905,469.677308,431.103682,398.440094,373.354875,328.790690,293.965644,253.389712,221.714579,189.121640,157.029596,128.193515,97.095452,68.897543,41.124796,18.535698,0.000000,0.000000,0.000000,0.000000,0.000000,0.000000,0.000000,0.000000,0.000000,0.000000,0.000000,0.000000,0.000000,0.000000,0.000000,0.000000,0.000000,0.000000,0.008412,0.008412,0.008412,0.042483,0.042483,0.042483,0.042483,0.042483,0.042483,0.042483,0.042483,0.042483,0.057123
0.215337,0.215337,0.215337,0.215337,0.215337,0.212363,0.212363,0.137307,0.137307,0.137307,0.137307,0.137307,0.137307,0.137307,0.137307,0.137307,0.137307,0.137307,0.137307,0.137307,0.137307,0.137307,0.137307,0.164717,0.164717,0.164717,0.164717,0.348391,0.239773,0.239773,23.303215,49.868052,73.636918,103.996020,140.328153,171.604144,208.231062,240.139345,268.624897,301.541401,347.757418,374.366263,401.999921,435.676933,492.591484,530.032717,545.582628,581.742824,610.953218,645.580926,702.887817,727.011892,759.273399,813.181619,841.677240,880.143729,903.326034,923.368183,948.440334,983.045708,982.642792,991.530630,1012.229125,1056.021300,1128.716390,1138.194104,1170.005053,1197.956200,1205.472652,1184.254635,1177.315026,1183.691442,1188.549268,1184.492749,1161.889755,1139.443869,1134.374360,1134.926061,1118.994423,1083.479980,1064.650218,1019.731499,983.905699,964.744823,928.241828,916.349484,916.452904,855.263017,842.276210,792.729896,745.289084,709.871669,688.538119,654.075271,616.863740,599.102706,565.663072,525.228446,490.909547,447.461495,417.322793,382.777621,340.290396,299.676486,265.893062,233.696432,198.920797,169.014456,135.170141,100.086159,72.376492,42.046466,18.492774,0.000000,0.000000,0.000000,0.000000,0.000000,0.000000,0.000000,0.000000,0.089812,0.089812,0.000000,0.000000,0.000000,0.000000,0.167393,0.000000,0.000000,0.000000,0.023052,0.023052,0.023052,0.057123,0.057123,0.057123,0.057123,0.057123,0.057123,0.057123,0.057123,0.057123,0.057123
0.282403,0.282403,0.282403,0.282403,0.282403,0.279429,0.279429,0.204373,0.204373,0.204373,0.204373,0.204373,0.204373,0.204373,0.204373,0.204373,0.204373,0.204373,0.204373,0.204373,0.204373,0.204373,0.204373,0.231783,0.231783,0.231783,0.231783,0.364228,0.306839,0.306839,21.681289,50.319583,74.128668,107.335747,142.572177,174.376633,213.270715,241.834193,272.375188,308.307972,353.007099,382.312839,416.362055,446.522318,510.815161,550.564831,577.530160,606.287935,627.542547,681.428976,747.912954,782.072041,826.339221,885.892556,892.922467,902.005318,926.860318,973.642739,992.623761,1001.063576,1000.725357,1016.614759,1011.502924,1016.301192,1008.942553,1026.662035,1012.192490,1015.701911,1017.284575,993.416295,994.576908,1024.906655,1025.753152,1024.698720,1052.347461,1042.483892,1052.273224,1058.259808,1036.736362,1021.924858,1006.231665,964.751437,945.035470,921.845507,918.485025,906.595230,901.622771,862.877038,820.421585,801.617213,748.326056,717.189751,689.549967,655.432751,626.611497,596.122967,557.686666,506.431196,475.753822,436.573873,403.330583,360.383611,326.471454,296.846536,257.051731,220.951484,195.600753,169.667137,132.264565,107.659541,76.635761,47.842575,23.210192,0.875664,0.875664,0.914225,0.875664,0.875664,0.875664,0.875664,0.138810,0.138810,0.875664,0.138810,0.857285,0.153450,0.153450,0.153450,0.153450,0.153450,0.000000,0.090118,0.090118,0.090118,0.124189,0.124189,0.124189,0.124189,0.124189,0.124189,0.124189,0.124189,0.124189,0.109549
0.268462,0.268462,0.268462,0.268462,0.268462,0.259612,0.265488,0.205072,0.205072,0.184555,0.184555,0.190432,0.205072,0.205072,0.190432,0.190432,0.199195,0.190432,0.190432,0.205072,0.205072,0.205072,0.205072,0.232482,0.211966,0.211966,0.226606,0.416156,0.307538,0.434107,25.025525,50.148074,77.694167,111.595117,139.548257,177.979156,215.547841,250.718139,281.795568,325.977706,359.564982,390.945160,429.684999,454.617181,513.431292,550.155744,578.728180,590.921005,635.189635,684.626183,739.211207,786.905630,810.211188,856.821892,864.351681,891.746165,941.895245,1011.704679,1042.231965,1072.192950,1108.524244,1118.517767,1135.695285,1173.256741,1181.301300,1192.893715,1202.194616,1220.275343,1221.423171,1229.159191,1214.606159,1225.687573,1229.078889,1210.994672,1190.830737,1177.919527,1180.801312,1161.782888,1133.889918,1098.225254,1093.426785,1014.365641,985.778314,974.532763,940.894977,924.095166,895.377739,843.876274,795.420138,755.214303,701.923280,670.858451,639.684819,622.652083,593.530211,572.043326,539.373154,505.433259,470.784286,433.834428,398.895554,369.516375,338.464251,292.265486,255.212635,219.622023,193.351012,165.898882,139.402034,106.834103,82.084682,47.881835,23.249452,0.200895,0.178070,0.252124,0.178070,0.178070,0.178070,0.178070,0.178070,0.178070,0.178070,0.178070,0.178070,0.178070,0.178070,0.178070,0.178070,0.178070,0.236504,0.123408,0.117532,0.123408,0.157479,0.157479,0.157479,0.157479,0.157479,0.157479,0.157479,0.157479,0.157479,0.157479
0.000000,0.000000,0.000000,0.000000,0.000000,0.000000,0.000000,0.000000,0.000000,0.000000,0.000000,0.205072,0.205072,0.000000,0.205072,0.205072,0.000000,0.000000,0.205072,0.205072,0.000000,0.205072,0.000000,0.000000,0.000000,0.226606,0.232482,0.000000,0.000000,0.677983,24.310525,49.433073,81.602133,108.939922,136.020994,172.591747,207.320125,248.016529,286.346258,323.493660,363.739443,382.106686,431.245400,464.718907,505.655769,537.506315,575.248152,599.232014,633.723746,678.268187,738.716722,786.411026,804.870219,867.851881,899.266368,932.227273,972.327364,1017.386652,1078.790358,1085.954193,1115.891853,1141.884094,1170.131993,1187.434617,1211.019266,1218.094248,1233.110172,1247.022472,1238.793014,1212.048051,1212.918081,1192.718404,1187.547539,1170.385502,1158.607881,1154.464883,1132.982878,1117.269449,1080.211745,1042.518417,1009.803081,969.203601,932.915834,923.059051,910.393135,896.914389,876.415074,854.170383,806.343260,768.624211,730.574859,706.195857,678.786200,657.494689,612.568821,591.759141,554.264931,520.248675,480.601009,462.715833,432.273405,377.784002,355.082633,311.369944,271.197868,237.959701,203.935432,180.321928,153.588762,119.566149,86.944988,54.999630,24.798045,0.000000,0.000000,0.000000,0.000000,0.000000,0.000000,0.000000,0.000000,0.000000,0.000000,0.000000,0.000000,0.000000,0.000000,0.000000,0.000000,0.000000,0.118740,0.000000,0.000000,0.000000,0.000000,0.000000,0.000000,0.000000,0.000000,0.000000,0.000000,0.000000,0.000000,0.000000
0.308395,0.308395,0.308395,0.308395,0.308395,0.305421,0.305421,0.230365,0.245005,0.230365,0.230365,0.230365,0.245005,0.230365,0.230365,0.230365,0.245005,0.245005,0.245005,0.245005,0.245005,0.245005,0.230365,0.272415,0.272415,0.272415,0.272415,0.404861,0.332832,0.516505,23.101850,45.904341,68.862585,102.376900,139.236498,171.113566,211.389823,254.233043,286.899162,324.745765,364.555641,402.508136,450.017424,466.141067,501.518205,549.345927,583.202581,624.111282,671.245621,716.121805,784.110654,819.633886,853.107917,910.446667,958.433333,992.492695,1035.845672,1068.618643,1108.902813,1119.265767,1129.149779,1137.342409,1139.457396,1156.490251,1158.727765,1162.020794,1174.258289,1187.970142,1183.995675,1182.924509,1182.613790,1189.994022,1173.279700,1168.149783,1114.463477,1099.700901,1060.834697,1020.769302,988.612284,961.192048,953.916981,903.141985,882.775027,882.745634,880.928591,877.732191,855.961652,823.608167,799.277931,787.005550,763.424114,750.723991,706.890549,684.887573,631.945759,613.010389,575.055405,539.270869,495.817411,470.928411,444.473133,397.794259,372.744478,334.476040,284.338320,246.487637,195.190320,172.483755,143.828940,115.095220,81.703208,55.377283,26.016615,0.000000,0.000000,0.000000,0.000000,0.000000,0.000000,0.124183,0.000000,0.000000,0.000000,0.000000,0.000000,0.000000,0.764170,0.764170,0.764170,0.764170,0.333900,0.116110,0.116110,0.116110,0.150181,0.150181,0.150181,0.150181,0.150181,0.150181,0.150181,0.150181,0.150181,0.150181
0.813913,0.784475,0.784475,0.731673,0.731673,0.731673,0.731673,0.731673,0.731673,0.000000,0.000000,0.000000,0.024100,0.024100,0.024100,0.024100,0.024100,0.024100,0.024100,0.024100,0.024100,0.024100,0.024100,0.000000,0.000000,0.000000,0.000000,0.000000,0.000000,0.000000,16.848930,42.552618,65.624136,98.380625,135.502255,166.279754,209.509479,244.934901,274.274563,316.684611,356.567232,383.893538,422.044852,457.946245,485.141015,520.046220,569.576647,626.365101,683.495131,728.489990,772.328332,801.594915,814.455632,853.044853,889.281811,893.702551,902.106820,929.171080,948.208901,942.872905,960.451544,986.824159,1005.792300,1027.729663,1051.230878,1070.061996,1068.033539,1065.063303,1034.504244,1015.203380,1020.490577,1013.666865,989.869783,987.851035,979.487537,940.954232,914.488320,915.119043,892.002081,886.307838,867.313700,867.109780,864.036716,849.022192,849.036686,835.821108,818.924017,806.225622,777.411971,779.465833,763.756914,733.401017,706.067140,669.240890,625.045793,590.222227,565.054140,522.460787,489.792327,466.898670,432.743425,384.863822,351.664338,313.663335,271.403100,239.409224,202.526780,166.276432,140.801775,108.104064,81.101453,48.607702,19.945307,0.000000,0.000000,0.000000,0.000000,0.000000,0.000000,0.000000,0.000000,0.000000,0.000000,0.000000,0.000000,0.000000,0.000000,0.000000,0.000000,0.000000,0.000000,0.000000,0.000000,0.000000,0.271420,0.757127,0.757127,0.757127,0.757127,0.757127,0.757127,0.757127,0.757127,0.720858
0.813913,0.784475,0.784475,0.731673,0.731673,0.731673,0.731673,0.731673,0.731673,0.000000,0.000000,0.000000,0.024100,0.024100,0.024100,0.024100,0.024100,0.024100,0.024100,0.000000,0.000000,0.024100,0.024100,0.000000,0.000000,0.000000,0.000000,0.000000,0.000000,0.000000,20.386414,43.849982,68.386883,96.510451,134.052026,167.713127,208.812862,239.451099,271.555122,306.833348,353.719082,393.230223,416.778896,435.446198,468.418785,505.365489,544.146644,569.912111,625.923929,654.174560,692.884839,714.175620,738.168599,763.703403,780.578124,805.331334,838.195056,851.420024,860.578629,914.927695,935.323605,922.174121,951.396018,985.091034,1010.114582,1023.145637,1032.493613,1044.154391,1032.357441,1021.515623,1037.868399,1049.740376,1046.278433,1060.207813,1072.948830,1066.860559,1051.590019,1051.303828,1035.760820,1028.481869,994.410748,957.883894,960.470285,947.960655,940.683070,919.660936,911.546625,869.083317,841.612530,815.302637,796.666615,744.940698,713.505272,687.471007,638.327490,586.428145,562.945704,527.402415,494.658236,485.050226,447.170004,416.857014,376.829870,342.996037,295.783795,257.833567,210.508858,179.782341,151.268661,109.090023,78.779383,50.192009,17.554365,0.000000,0.000000,0.000000,0.000000,0.000000,0.000000,0.000000,0.000000,0.000000,0.000000,0.000000,0.000000,0.000000,0.000000,0.000000,0.000000,0.000000,0.000000,0.000000,0.000000,0.000000,0.271420,0.757127,0.757127,0.757127,0.757127,0.757127,0.757127,0.757127,0.757127,0.720858
0.813913,0.784475,0.784475,0.731673,0.731673,0.731673,0.731673,0.731673,0.731673,0.000000,0.000000,0.000000,0.024100,0.024100,0.024100,0.024100,0.024100,0.024100,0.024100,0.000000,0.024100,0.024100,0.024100,0.000000,0.000000,0.000000,0.000000,0.000000,0.000000,0.000000,20.386414,47.699043,76.589948,105.768860,136.537624,169.075181,203.183170,237.804121,267.938795,315.324758,361.176351,398.523656,424.420074,458.156202,488.361570,533.687928,587.428569,649.794340,697.736774,738.613832,777.973014,805.303192,812.211566,832.982863,863.939397,888.022582,934.444874,935.912586,943.071935,962.700470,985.492136,1002.001541,1018.474331,1037.091408,1046.210597,1070.300811,1070.768510,1061.082436,1058.481500,1041.165315,1048.834793,1035.193895,1044.208615,1045.994195,1034.450130,995.634946,981.519880,973.370759,967.165057,963.997146,950.576907,949.582231,929.095877,947.085209,936.319664,923.009420,899.637664,861.288135,834.803441,815.474848,781.636138,751.046289,717.896616,663.358153,611.971996,573.092451,534.661597,498.602722,459.974351,436.033568,393.524767,362.125415,328.981900,278.659843,260.250088,225.906842,196.079224,174.971807,138.289405,106.547751,72.342825,48.093509,20.401671,0.000000,0.000000,0.000000,0.000000,0.000000,0.000000,0.000000,0.000000,0.000000,0.000000,0.000000,0.000000,0.000000,0.000000,0.000000,0.000000,0.000000,0.000000,0.000000,0.000000,0.000000,0.271420,0.757127,0.757127,0.757127,0.757127,0.757127,0.757127,0.757127,0.757127,0.720858
0.946649,0.424532,0.424532,0.371730,0.371730,0.371730,0.371730,0.864409,0.371730,0.000000,0.000000,0.000000,0.000000,0.000000,0.000000,0.000000,0.000000,0.000000,0.000000,0.000000,0.000000,0.000000,0.000000,0.000000,0.000000,0.000000,0.000000,0.000000,0.000000,0.258930,25.564216,56.347927,80.554896,110.500357,136.550882,166.566428,202.206688,237.007599,275.635675,317.161311,363.598033,413.983637,449.590596,482.573191,521.573926,568.091114,611.442812,645.794701,703.557489,737.037357,760.168580,778.963496,793.553951,803.779391,826.920145,878.147873,909.691818,985.436639,1016.933290,1022.356830,1036.706208,1056.748609,1077.164652,1089.996878,1120.522837,1124.846427,1129.499978,1144.973742,1142.179242,1162.282352,1164.756806,1166.341941,1162.203602,1171.843786,1184.206354,1157.226442,1126.047524,1124.123873,1121.096493,1079.886335,1027.554225,985.365362,974.088165,960.523305,942.745085,937.018034,895.441689,888.897016,891.995852,872.369405,833.845264,795.130032,767.219028,702.010842,644.837443,599.099340,550.473366,510.113892,490.502136,461.196448,428.097737,392.266675,349.644102,323.989286,287.132508,236.188643,202.740778,174.177509,140.901434,109.020176,70.063140,45.597086,17.896509,0.000000,0.000000,0.000000,0.000000,0.000000,0.000000,0.000000,0.000000,0.000000,0.000000,0.000000,0.000000,0.000000,0.000000,0.000000,0.000000,0.000000,0.000000,0.000000,0.000000,0.000000,0.299106,0.784813,0.784813,0.784813,0.784813,0.784813,0.784813,0.784813,0.292135,0.251870
0.471418,0.441980,0.441980,0.389178,0.389178,0.389178,0.389178,0.389178,0.389178,0.000000,0.000000,0.000000,0.000000,0.000000,0.000000,0.000000,0.000000,0.000000,0.000000,0.000000,0.000000,0.000000,0.000000,0.000000,0.000000,0.000000,0.000000,0.000000,0.000000,0.000000,18.036151,49.904159,80.509268,111.348555,147.561328,173.524763,217.574938,259.242178,293.616223,341.967766,400.745046,452.616803,495.758946,520.525899,563.070274,610.593488,655.878646,715.268597,745.500019,785.454265,805.480800,843.343555,862.156274,905.051999,931.714913,965.096112,985.860934,987.542978,1010.157911,1019.448757,1037.721193,1052.738963,1047.433996,1064.859689,1097.689754,1092.763503,1106.642198,1104.435355,1100.338512,1109.262398,1102.108314,1092.530284,1110.448440,1120.220547,1123.586158,1081.234895,1083.352006,1078.406442,1063.264310,1044.288824,1025.979647,988.034686,957.759400,952.865305,941.358217,929.625422,930.999176,901.111058,898.204909,879.833185,846.335067,823.582127,792.860647,750.706370,720.815770,656.865138,624.796969,584.392049,555.048804,528.964760,504.067786,457.615106,408.195981,367.054857,308.742630,272.929024,229.323542,187.793016,154.669124,120.902191,84.018948,48.411658,21.231034,0.987833,0.000000,0.000000,0.000000,0.000000,0.000000,0.000000,0.000000,0.000000,0.000000,0.000000,0.000000,0.000000,0.000000,0.000000,0.000000,0.000000,0.000000,0.000000,0.000000,0.000000,0.000000,0.292135,0.292135,0.292135,0.292135,0.292135,0.292135,0.292135,0.292135,0.251870
0.431509,0.402071,0.402071,0.349269,0.349269,0.349269,0.349269,0.349269,0.349269,0.000000,0.000000,0.000000,0.000000,0.000000,0.000000,0.000000,0.000000,0.000000,0.000000,0.000000,0.000000,0.000000,0.000000,0.000000,0.000000,0.000000,0.000000,0.000000,0.000000,0.000000,20.753820,52.447147,80.452999,110.489050,145.575472,175.427404,207.657572,247.370497,278.251795,314.643397,360.156292,415.491041,450.690900,485.087977,526.922276,566.217518,602.803105,665.422840,696.479791,723.594638,753.809049,763.804243,779.608603,798.777250,846.850422,860.273568,892.411850,953.554474,966.246978,1011.818820,1038.073983,1060.890266,1071.035169,1111.366738,1124.920705,1147.096725,1123.416064,1147.784532,1174.303453,1163.223053,1189.263650,1195.870508,1206.905812,1207.636625,1210.228312,1190.181667,1186.867450,1127.341432,1115.427805,1082.766409,1026.148486,992.868220,944.705176,939.861686,901.969520,898.480217,873.815928,868.382296,877.851172,847.155423,819.276157,790.050276,760.821992,727.051931,682.781251,625.751151,581.100271,542.297098,521.276039,479.922654,441.716337,388.212741,358.090546,320.968956,283.628061,245.390104,199.951770,166.297185,140.487207,103.640194,72.511823,48.312291,21.584203,0.000000,0.000000,0.000000,0.000000,0.000000,0.000000,0.000000,0.000000,0.000000,0.000000,0.000000,0.000000,0.000000,0.000000,0.000000,0.000000,0.000000,0.000000,0.000000,0.000000,0.000000,0.000000,0.318648,0.318648,0.318648,0.318648,0.318648,0.318648,0.318648,0.318648,0.278383
0.881740,0.852301,0.852301,0.306821,0.306821,0.306821,0.306821,0.306821,0.306821,0.000000,0.000000,0.000000,0.000000,0.000000,0.000000,0.000000,0.000000,0.000000,0.000000,0.000000,0.000000,0.000000,0.000000,0.000000,0.000000,0.000000,0.000000,0.000000,0.000000,0.000000,20.977970,48.494714,80.465759,110.302952,144.492174,182.186845,214.786010,257.891361,292.306581,334.089001,373.034357,429.515390,466.736905,508.228867,525.673054,555.870185,580.921552,646.765622,666.159705,691.601319,728.420419,757.989175,797.155779,823.917271,870.984508,879.461453,881.462598,866.652823,874.276107,903.520396,930.908295,941.701292,994.291110,1068.281561,1092.244051,1110.610294,1108.059455,1098.337704,1104.232554,1084.310888,1060.922922,1054.539495,1053.749051,1086.723460,1092.581351,1086.765557,1072.059560,1058.085907,1002.414117,979.896033,959.283723,912.438587,893.903258,887.905944,879.713528,838.427340,830.380839,824.346915,796.988357,783.899414,760.571903,730.120843,702.015892,660.571426,624.173083,587.235611,538.956403,503.209998,489.918113,461.285022,429.199749,391.671257,356.422391,321.593249,281.853874,242.825137,196.855072,164.686476,140.154970,103.988338,72.727920,51.293499,18.290615,0.000000,0.000000,0.000000,0.000000,0.000000,0.000000,0.000000,0.000000,0.000000,0.000000,0.000000,0.000000,0.000000,0.000000,0.000000,0.000000,0.000000,0.000000,0.000000,0.000000,0.000000,0.296623,0.782330,0.782330,0.782330,0.782330,0.782330,0.289651,0.782330,0.782330,0.746061
0.813913,0.784475,0.784475,0.731673,0.731673,0.731673,0.731673,0.731673,0.731673,0.000000,0.000000,0.000000,0.024100,0.024100,0.024100,0.024100,0.024100,0.024100,0.024100,0.024100,0.024100,0.024100,0.000000,0.000000,0.000000,0.000000,0.000000,0.000000,0.000000,0.000000,19.741532,53.065357,79.874203,108.003125,142.576326,176.469703,207.580614,251.212706,288.200220,324.561701,364.908094,404.574538,452.456183,490.880464,513.274241,539.951618,567.126869,612.195438,631.623816,675.833631,703.679010,732.842622,756.895512,780.505651,813.334532,850.059807,860.023060,868.593994,869.845434,881.958601,891.776788,925.231322,939.926496,960.833080,978.067027,982.179630,982.815014,984.130225,1029.640045,1027.427084,1028.579554,1055.216328,1073.610059,1102.521558,1104.447684,1107.710832,1081.598914,1083.056641,1070.986797,1060.973921,1027.481067,996.542494,963.862775,940.363493,934.665001,916.490790,885.660932,872.957898,859.815569,850.385413,803.301948,773.678055,730.716132,713.353113,687.602968,660.832271,600.681272,573.868567,528.110520,488.396917,466.291316,434.163638,398.845685,353.302991,306.131532,270.842702,214.135480,177.867106,142.560637,104.689971,70.826675,37.077613,16.875455,0.000000,0.000000,0.000000,0.000000,0.000000,0.000000,0.000000,0.000000,0.000000,0.000000,0.000000,0.000000,0.000000,0.000000,0.000000,0.000000,0.000000,0.000000,0.000000,0.000000,0.000000,0.271420,0.757127,0.757127,0.757127,0.757127,0.757127,0.757127,0.757127,0.757127,0.720858
0.876339,0.846901,0.846901,0.794099,0.794099,0.794099,0.794099,0.794099,0.794099,0.000000,0.000000,0.000000,0.086526,0.086526,0.086526,0.086526,0.086526,0.086526,0.086526,0.086526,0.086526,0.086526,0.000000,0.060362,0.000000,0.000000,0.000000,0.000000,0.000000,0.000000,23.341441,47.239818,80.184624,111.336914,142.944303,173.226503,203.059777,239.610650,270.972889,302.629172,346.712754,395.548931,437.033107,466.495759,495.776465,519.045007,562.521480,601.128447,634.492468,653.323246,678.372286,730.883537,735.073276,761.068552,788.722413,811.654414,853.506087,874.748811,875.039716,911.813342,950.768645,969.996677,999.247577,1038.405575,1077.992646,1119.542294,1122.550930,1117.841082,1131.901611,1145.754542,1181.094348,1192.336154,1178.946705,1190.080417,1187.189629,1167.959337,1143.382380,1154.222896,1136.020185,1090.845138,1082.960744,1027.482615,1008.484818,992.290172,961.785637,940.034846,925.127722,908.997787,889.389776,865.880204,834.313973,786.964456,758.882628,708.984042,696.029308,662.050609,600.439397,576.119469,540.850909,498.174457,446.324257,398.775137,357.423119,335.622311,286.009963,247.128325,213.020527,170.986850,138.170884,103.318356,68.609056,41.686299,19.238008,0.000000,0.000000,0.000000,0.000000,0.000000,0.000000,0.000000,0.000000,0.000000,0.000000,0.000000,0.000000,0.000000,0.000000,0.000000,0.000000,0.000000,0.000000,0.000000,0.000000,0.000000,0.271420,0.757127,0.757127,0.757127,0.757127,0.757127,0.757127,0.757127,0.757127,0.716862
0.813913,0.784475,0.784475,0.731673,0.731673,0.731673,0.731673,0.731673,0.731673,0.000000,0.000000,0.000000,0.024100,0.024100,0.000000,0.024100,0.024100,0.024100,0.024100,0.024100,0.024100,0.000000,0.000000,0.000000,0.000000,0.000000,0.000000,0.000000,0.000000,0.000000,23.141223,47.359686,80.355284,109.718850,141.717863,174.051012,200.518488,238.838643,270.057679,294.666371,344.645010,383.928211,419.022687,458.403190,491.450211,518.435450,540.018925,587.545651,627.061758,651.227382,692.969786,738.179591,763.010587,785.280733,832.794314,858.951087,880.932741,947.998327,970.014402,980.367357,1025.484639,1103.344718,1128.544769,1160.232996,1202.129122,1213.279970,1210.368234,1207.738965,1208.033861,1212.513287,1221.415868,1215.617041,1208.700888,1191.716025,1187.805261,1135.043096,1103.677401,1074.804087,1045.457975,1003.240875,977.610857,959.205542,932.208203,928.463618,909.450556,883.137500,838.441536,817.752159,800.541731,788.339478,756.813585,726.581490,703.378729,654.266967,608.591556,582.601858,532.565336,499.200394,479.480012,445.841471,408.464855,372.517693,345.213859,302.567661,255.500305,231.465986,207.771023,178.326402,142.407008,103.514887,72.693412,47.879008,19.266397,0.000000,0.000000,0.000000,0.000000,0.000000,0.000000,0.000000,0.000000,0.000000,0.000000,0.000000,0.000000,0.000000,0.000000,0.000000,0.000000,0.000000,0.000000,0.000000,0.000000,0.000000,0.271420,0.757127,0.757127,0.757127,0.757127,0.757127,0.757127,0.757127,0.757127,0.720858
0.884223,0.854785,0.362106,0.309304,0.309304,0.309304,0.309304,0.309304,0.309304,0.000000,0.000000,0.000000,0.000000,0.000000,0.000000,0.000000,0.000000,0.000000,0.000000,0.000000,0.000000,0.000000,0.000000,0.000000,0.000000,0.000000,0.000000,0.000000,0.000000,0.000000,18.119093,49.743623,81.242148,110.730446,146.093522,178.612153,212.382836,251.402374,289.150979,315.187442,360.535910,412.703195,462.502813,488.964523,527.750331,550.917660,587.121776,618.429065,657.237879,674.811293,704.374910,727.683088,756.535575,746.965410,791.183044,820.048123,866.217925,884.359346,980.657621,987.109153,1026.856822,1046.422983,1057.015202,1074.961805,1087.085208,1111.859118,1124.717756,1141.534759,1207.157369,1222.199902,1278.743787,1232.073554,1235.972245,1227.038386,1217.597515,1211.326521,1163.605099,1138.017907,1094.490307,1067.873952,1035.275791,1014.137520,1010.050279,977.689183,952.356116,938.313694,922.453264,875.802012,857.105173,843.745518,809.838641,780.056192,770.578061,739.376180,688.707971,655.781111,602.637233,553.349739,525.306122,478.905851,431.327689,381.079460,358.718697,311.179752,272.644717,236.401834,207.181738,178.893048,138.375219,109.140602,79.638477,50.120573,17.864552,0.000000,0.000000,0.000000,0.000000,0.000000,0.000000,0.000000,0.000000,0.000000,0.000000,0.000000,0.000000,0.000000,0.000000,0.000000,0.000000,0.000000,0.000000,0.000000,0.000000,0.000000,0.299106,0.784813,0.784813,0.784813,0.784813,0.784813,0.292135,0.784813,0.784813,0.255866
0.453109,0.423670,0.423670,0.370868,0.370868,0.370868,0.334475,0.334475,0.334475,0.000000,0.000000,0.000000,0.000000,0.000000,0.000000,0.000000,0.000000,0.000000,0.000000,0.000000,0.000000,0.000000,0.000000,0.000000,0.000000,0.000000,0.000000,0.000000,0.000000,0.000000,20.225031,49.227034,81.973424,103.675749,142.668355,177.259080,197.345524,238.485899,267.223864,305.871518,342.556695,398.006007,438.786703,467.889784,499.455598,533.007699,554.321481,586.266713,615.977858,652.964869,698.104225,749.714995,773.805440,801.240472,829.649688,857.986700,879.433624,914.775725,958.250055,982.094480,1001.391929,1037.911898,1072.002776,1108.178495,1123.369027,1136.544665,1137.131676,1147.672284,1170.937719,1196.689413,1195.877418,1180.451821,1173.420227,1155.325770,1155.244373,1132.168446,1139.789680,1140.745234,1106.690251,1073.769157,1064.656266,1070.669584,1071.881480,1043.600813,1022.814979,983.047547,956.114529,931.000789,919.896547,893.891898,859.140710,835.605447,845.040146,770.820854,742.071502,719.934480,658.203678,610.064527,565.247912,526.846219,484.387312,438.074320,410.390462,356.013899,316.162442,281.159203,235.188933,198.940495,160.488142,124.912657,93.263547,54.478097,23.803123,0.000000,0.000000,0.000000,0.000000,0.000000,0.000000,0.000000,0.000000,0.000000,0.000000,0.000000,0.000000,0.000000,0.000000,0.000000,0.000000,0.000000,0.000000,0.000000,0.000000,0.000000,0.000000,0.273825,0.273825,0.273825,0.273825,0.273825,0.273825,0.273825,0.273825,0.233560
0.405685,0.376247,0.376247,0.323445,0.323445,0.323445,0.323445,0.323445,0.323445,0.000000,0.000000,0.000000,0.000000,0.000000,0.000000,0.000000,0.000000,0.000000,0.000000,0.000000,0.000000,0.000000,0.000000,0.000000,0.000000,0.000000,0.000000,0.000000,0.000000,0.000000,20.698433,48.208134,80.660260,105.522075,140.632751,175.639171,195.701588,233.006836,264.353369,298.357667,340.702127,383.731187,423.577215,449.524280,479.915898,512.535308,558.225029,598.341884,635.350377,684.765096,719.282518,753.533012,771.315233,805.063677,836.773753,848.458550,871.877004,901.609591,939.652032,983.593829,999.502899,1048.890739,1110.169758,1144.868600,1159.346502,1168.545376,1177.400869,1180.840809,1190.399593,1210.371929,1201.269337,1197.221573,1186.025102,1188.096141,1183.214024,1152.180210,1146.477739,1138.970358,1112.489471,1067.432849,1051.326581,1035.260743,996.602848,966.351719,954.144194,934.693533,910.640840,876.102603,842.363836,836.952958,804.217755,778.026064,759.743301,719.549333,673.619785,646.418453,609.270786,563.027332,516.783368,469.209165,444.744694,396.801000,360.584940,338.731581,301.236012,266.254103,216.743372,186.868419,151.983918,119.067822,84.810851,53.145675,21.309198,0.000000,0.000000,0.000000,0.000000,0.000000,0.000000,0.000000,0.000000,0.000000,0.000000,0.000000,0.000000,0.000000,0.000000,0.000000,0.000000,0.000000,0.000000,0.000000,0.000000,0.000000,0.000000,0.288827,0.288827,0.288827,0.288827,0.288827,0.288827,0.288827,0.288827,0.745237
0.897847,0.375730,0.375730,0.322928,0.815607,0.815607,0.286535,0.286535,0.286535,0.000000,0.000000,0.000000,0.000000,0.000000,0.000000,0.000000,0.000000,0.000000,0.000000,0.000000,0.000000,0.000000,0.000000,0.000000,0.000000,0.000000,0.000000,0.000000,0.000000,0.000000,17.488496,49.589590,79.863831,107.233781,149.301775,172.622394,210.702576,244.495367,282.703409,324.623699,350.375651,401.680496,435.645255,466.601124,505.417860,539.910296,580.746951,623.809217,673.161681,702.413704,733.395404,763.084443,784.107385,812.568494,843.923974,870.257414,883.605284,904.355663,941.589383,1001.139540,990.016215,1040.089839,1069.213539,1098.774078,1138.177827,1167.452231,1168.454294,1206.673684,1235.405478,1235.173448,1230.008612,1247.959013,1257.605009,1224.621306,1218.229090,1204.586525,1197.670204,1205.856063,1154.883615,1143.341255,1116.411326,1087.392335,1067.578674,1030.972263,994.939445,993.090501,966.095246,951.463027,933.063543,911.554057,849.666865,827.563845,803.133020,757.808958,718.264228,695.309168,643.141130,588.797744,508.579710,486.380925,458.119654,409.753118,378.528126,338.802941,306.439960,265.049717,234.913916,196.272997,159.039516,124.385552,88.854418,56.210551,23.266405,0.000000,0.000000,0.000000,0.000000,0.000000,0.000000,0.000000,0.000000,0.000000,0.000000,0.000000,0.000000,0.000000,0.000000,0.000000,0.000000,0.000000,0.000000,0.000000,0.000000,0.000000,0.250304,0.736011,0.736011,0.736011,0.243332,0.243332,0.736011,0.243332,0.736011,0.695746
0.000000,0.000000,0.000000,0.000000,0.000000,0.000000,0.000000,0.000000,0.000000,0.000000,0.000000,0.000000,0.000000,0.000000,0.000000,0.000000,0.000000,0.000000,0.000000,0.000000,0.000000,0.000000,0.000000,0.000000,0.000000,0.000000,0.000000,0.000000,0.000000,0.000000,14.308533,45.673697,74.493192,105.731006,138.901938,165.669369,208.732623,245.884391,279.210126,320.300505,363.376470,394.288001,430.344837,474.763324,512.651532,560.362526,606.345818,670.289432,720.433650,741.298741,763.337487,787.002636,820.474921,843.952212,916.184189,971.009702,1015.731089,1040.787953,1080.770085,1137.886411,1172.149951,1175.806445,1202.421177,1250.952898,1270.286679,1279.005828,1296.657566,1308.665409,1288.237243,1274.995285,1257.296327,1235.542414,1220.139246,1220.970283,1207.464254,1209.682928,1216.496192,1251.279169,1229.312489,1210.795982,1205.539279,1211.895477,1202.737298,1175.011590,1120.541969,1100.389686,1080.305481,1012.149048,940.567731,901.216192,812.609129,781.488945,759.697059,710.793795,694.987311,674.206495,626.145321,586.461144,524.439249,484.306104,467.332793,424.529359,380.260480,343.149385,314.365740,273.767446,227.730778,189.637825,149.337737,113.508033,90.175117,56.188063,18.966172,0.408649,0.408649,0.000000,0.408649,0.000000,0.000000,0.401295,0.432025,0.000000,0.000000,0.000000,0.434089,1.038972,1.498783,1.509352,1.509352,1.807808,2.293629,0.000000,0.000000,0.000000,0.000000,0.000000,0.000000,0.000000,0.000000,0.000000,0.000000,0.000000,0.000000,0.000000
0.000000,0.000000,0.000000,0.000000,0.000000,0.000000,0.000000,0.000000,0.000000,0.000000,0.000000,0.000000,0.000000,0.000000,0.000000,0.000000,0.000000,0.000000,0.000000,0.000000,0.000000,0.000000,0.000000,0.000000,0.000000,0.000000,0.000000,0.000000,0.000000,0.000000,14.302249,42.560269,71.776360,109.158846,136.710105,176.751095,209.451443,251.494017,293.809467,325.814056,364.127866,403.308854,420.470014,462.746277,500.170566,534.130714,558.763151,607.868592,646.607079,673.789771,703.402417,731.663674,774.222025,827.256527,866.394841,927.040080,971.391218,1003.633459,1030.022912,1040.100451,1082.268633,1099.417332,1145.446821,1167.208602,1175.379893,1170.971484,1186.952358,1154.840836,1150.208370,1126.077804,1115.468420,1077.457112,1079.359384,1111.628083,1129.445189,1145.809670,1165.837120,1216.001078,1219.778992,1184.789755,1131.121150,1116.519669,1084.791276,1068.679547,1042.734673,1018.937182,979.789396,932.686992,898.285043,845.596014,811.800577,765.739704,713.279867,703.775759,690.939878,655.570466,619.266203,579.682278,532.985551,486.133150,465.448877,424.548025,373.021156,340.249213,317.953290,278.653148,236.657039,190.493775,153.930566,116.384492,90.261968,57.568038,18.176082,0.000000,0.000000,0.000000,0.000000,0.000000,0.000000,0.000000,0.000000,0.000000,0.000000,0.000000,0.000000,0.862245,1.316471,1.327041,1.332626,2.461051,2.287345,0.000000,0.000000,1.125107,0.000000,0.000000,0.000000,0.000000,0.000000,0.000000,0.000000,0.000000,0.000000,0.000000
0.000000,0.000000,0.000000,0.000000,0.000000,0.000000,0.000000,0.000000,0.000000,0.000000,0.000000,0.000000,0.000000,0.000000,0.000000,0.000000,0.000000,0.000000,0.000000,0.000000,0.000000,0.000000,0.000000,0.000000,0.000000,0.000000,0.000000,0.000000,0.000000,0.000000,13.909602,45.319697,76.090485,107.774825,148.337628,188.222648,223.676528,265.452762,301.151251,346.366914,368.407296,412.246695,429.774371,473.057003,518.339655,556.470734,614.631137,648.341888,711.453983,734.975680,744.063677,764.231046,783.149584,832.677636,867.259579,942.496251,1005.984026,1047.388465,1086.492813,1135.899019,1194.397675,1209.448025,1242.042830,1275.162688,1297.302031,1325.908133,1326.808621,1327.646798,1332.151122,1325.667273,1321.487865,1320.762786,1311.443030,1318.995406,1303.914620,1313.269071,1311.537875,1295.147292,1269.999503,1255.063672,1248.676291,1241.249182,1217.094283,1190.226641,1148.355236,1123.575251,1075.013298,1020.339181,952.156389,901.685506,852.716535,821.412026,775.826061,735.704726,718.797243,682.120854,650.670233,600.713800,544.144496,510.392152,480.897428,443.114609,399.470663,362.932091,314.459600,286.538949,243.532006,202.565156,160.317504,121.401868,91.367959,58.973624,20.456379,0.000000,0.602605,0.029259,0.000000,0.000000,0.602605,0.595251,0.625981,0.624924,0.000000,0.638616,0.628046,1.958110,0.000000,2.769536,1.968680,2.427849,2.018769,0.000000,0.000000,1.103705,0.000000,0.000000,0.000000,0.000000,0.000000,0.000000,0.000000,0.000000,0.000000,0.000000
0.000000,0.000000,0.000000,0.000000,0.000000,0.000000,0.000000,0.000000,0.000000,0.000000,0.000000,0.000000,0.000000,0.000000,0.000000,0.000000,0.000000,0.000000,0.000000,0.000000,0.000000,0.000000,0.000000,0.000000,0.000000,0.000000,0.000000,0.175301,0.000000,0.000000,25.323640,54.389862,84.562895,119.720306,164.817131,204.880216,238.780029,281.373122,319.273157,365.875541,395.461522,435.487069,486.963477,516.590129,546.939126,598.254437,653.764777,700.797130,749.447424,773.206015,789.831197,830.268670,846.845652,877.870316,945.468866,1006.121883,1048.705896,1109.909915,1148.897230,1176.095014,1211.988258,1247.709895,1278.488212,1316.458686,1334.443959,1393.448112,1404.137204,1391.609267,1404.101427,1392.086060,1403.628774,1407.337559,1395.724401,1407.328550,1388.426015,1369.546882,1340.463354,1333.037888,1311.672603,1290.144266,1288.253624,1291.275444,1284.251555,1236.544903,1176.980017,1147.686230,1129.635648,1065.547050,1001.968428,944.901031,913.250942,868.202870,831.063929,792.890917,775.200600,727.494282,701.647177,662.112698,604.099556,560.202479,513.458642,476.685865,434.111141,393.201222,352.146684,318.862600,271.310608,227.292585,178.962000,143.120781,106.007996,65.134767,27.912875,2.143670,2.679459,4.827158,2.854168,2.854168,2.917094,2.518217,3.352854,2.891170,2.165989,2.179680,2.894292,2.909038,2.628921,2.639491,2.904862,2.666974,2.434835,0.000000,0.000000,0.000000,0.000000,0.000000,0.000000,0.000000,0.000000,0.000000,0.000000,0.000000,0.000000,0.000000
0.000000,0.000000,0.000000,0.000000,0.000000,0.000000,0.000000,0.000000,0.000000,0.000000,0.000000,0.000000,0.000000,0.000000,0.000000,0.000000,0.000000,0.000000,0.000000,0.000000,0.000000,0.000000,0.000000,0.000000,0.000000,0.000000,0.000000,0.165505,0.000000,0.000000,25.313844,54.504095,82.929621,118.225806,160.715549,208.988986,243.600444,289.920355,341.127734,386.933339,423.367467,470.745352,518.661849,559.190872,599.230747,644.337104,706.285261,752.871357,801.771286,837.754066,866.674605,913.422464,957.210380,960.134870,1017.916194,1063.047127,1096.559378,1134.213055,1155.947520,1177.081186,1220.629194,1266.907549,1285.336144,1332.264749,1360.401360,1384.649792,1378.946879,1378.498539,1380.297033,1382.312854,1361.135353,1354.322425,1344.826668,1333.145840,1315.524988,1259.816016,1256.978488,1190.028419,1148.346533,1130.740262,1110.809775,1100.097720,1081.819870,1063.487674,1015.225320,1003.778627,978.292076,935.891032,922.488364,891.503165,854.083756,811.897822,792.855887,781.370948,743.826851,706.996235,675.211281,647.966662,595.016357,559.672050,519.277231,484.725967,444.745991,404.613792,354.524272,315.768151,277.192768,228.905716,189.220601,147.116907,106.812330,66.915253,28.398008,3.531280,3.531280,3.580267,2.944931,2.944931,3.531280,3.523926,3.554656,3.553599,3.019899,3.820771,3.586149,2.999801,3.052450,2.694977,3.820771,2.918978,2.525598,0.000000,0.000000,0.000000,0.000000,0.000000,0.000000,0.000000,0.000000,0.000000,0.000000,0.000000,0.000000,0.000000
1.253997,0.000000,0.000000,0.000000,0.000000,0.000000,0.000000,0.000000,0.000000,0.000000,0.000000,0.000000,0.000000,0.000000,0.000000,0.000000,0.000000,0.000000,0.000000,0.000000,0.000000,0.000000,0.000000,0.483323,0.000000,0.000000,0.000000,0.000000,0.000000,0.000000,23.304931,52.834994,84.482406,123.710149,165.969897,213.046470,247.035989,287.652017,339.699094,380.507593,424.310546,469.287444,525.376310,560.694178,592.153418,654.097670,710.430571,771.589847,808.481245,856.069433,881.892571,944.135364,966.431496,1001.965351,1042.910072,1087.719237,1116.479943,1150.840968,1160.266581,1180.416107,1193.986058,1206.422345,1202.142099,1232.597662,1246.256474,1261.085201,1247.463601,1285.063546,1273.472453,1270.375152,1243.481320,1249.613551,1274.035298,1290.452054,1273.091508,1263.541426,1260.929020,1246.126399,1222.848582,1198.171315,1186.905725,1162.568335,1146.271252,1130.851330,1107.567673,1112.794187,1071.163242,1009.390541,991.171814,953.223001,873.830596,851.080033,820.971253,792.336704,767.596671,720.364446,681.248447,649.869479,595.517064,539.733735,509.644782,457.843261,422.914961,382.871815,335.421929,297.525000,265.801847,217.583206,173.772778,127.198434,100.461464,62.292090,25.519204,3.582437,3.582437,3.631425,2.996089,3.582437,3.582437,3.623975,3.605814,3.604756,3.089110,3.102801,3.637307,3.637307,3.637307,3.618448,3.618448,3.130284,3.118690,1.805956,0.000000,0.000000,0.000000,0.000000,0.000000,0.000000,0.000000,0.000000,0.000000,0.000000,0.000000,0.000000
0.000000,0.000000,0.000000,0.000000,0.000000,0.000000,0.000000,0.000000,0.000000,0.000000,0.000000,0.000000,0.000000,1.094491,0.986748,0.000000,0.000000,0.000000,0.000000,0.000000,0.000000,0.000000,0.000000,0.000000,0.000000,0.000000,0.000000,0.035635,0.919670,0.000000,25.132420,58.936143,90.382623,123.837295,158.551831,211.947624,244.196067,281.186901,322.651329,369.990639,413.917676,460.042594,502.736520,537.675168,570.570432,609.387071,644.208124,682.130960,717.721570,762.880333,782.729038,824.559321,858.398904,900.210388,935.315315,964.238163,1009.919561,1016.535644,1039.150664,1068.965418,1092.911222,1139.335792,1174.269625,1204.129671,1222.648291,1291.457801,1310.465154,1310.074018,1296.084363,1282.847699,1286.900844,1290.907710,1271.175285,1286.202721,1275.733880,1279.618966,1256.048402,1216.626712,1182.217162,1165.720460,1138.629872,1140.020867,1131.561298,1131.996192,1116.815200,1093.313566,1032.544015,992.763071,973.229189,940.361556,892.009426,812.700823,806.910075,787.426408,762.863586,707.098105,667.420660,621.291348,572.269847,527.279634,494.188119,449.719759,414.945138,376.209774,336.266025,291.505612,267.786061,218.016094,174.632667,133.102477,102.045512,64.193422,26.928078,2.869581,3.168628,3.490233,2.854898,2.144400,2.443446,3.161274,2.466822,2.465765,2.465765,2.479457,2.468887,2.913700,3.208814,3.189954,3.204638,4.426878,2.977499,0.000000,0.000000,0.000000,0.000000,0.000000,0.000000,0.000000,0.000000,0.000000,0.000000,0.000000,0.000000,0.000000
0.000000,0.000000,0.000000,0.000000,0.000000,0.000000,0.000000,0.000000,0.000000,0.000000,0.000000,0.000000,0.000000,0.000000,0.000000,0.000000,0.000000,0.000000,0.000000,0.000000,0.000000,0.000000,0.000000,0.000000,0.000000,0.000000,0.000000,0.000000,0.000000,0.000000,14.617257,38.600867,74.814753,113.504475,148.455093,194.639592,230.237028,264.584995,308.217949,362.455600,394.280423,423.825757,472.919305,518.174577,539.304713,579.747256,629.292975,680.153324,722.743992,762.608775,781.992008,836.938371,856.103607,913.350991,965.715672,1005.647804,1036.399462,1085.410659,1120.129464,1159.366727,1183.045009,1171.852819,1194.461542,1200.430485,1208.242135,1192.016528,1217.743437,1219.878859,1216.745444,1222.856143,1222.443358,1247.320275,1235.575663,1232.260972,1230.919858,1233.670242,1199.959200,1181.853838,1162.504202,1148.221721,1106.489611,1100.108298,1085.655421,1061.003815,1036.593536,1010.142424,965.359524,922.233516,890.299620,848.227949,796.144198,756.254610,759.409420,730.830291,710.904802,675.420969,642.804678,603.261665,572.610926,517.381418,487.366025,449.825316,405.714602,376.794857,329.958191,293.832772,256.862705,207.322846,166.416033,124.989792,95.248283,56.307388,22.867757,3.382153,1.200634,0.000000,0.549269,3.024857,1.200634,1.193279,2.179637,2.600565,3.404472,1.236644,2.181701,3.050297,1.226074,1.236644,1.236644,3.122362,1.640959,0.000000,0.000000,0.000000,0.000000,0.000000,0.000000,0.000000,0.000000,0.000000,0.000000,0.000000,0.000000,0.000000
0.000000,0.000000,0.000000,0.000000,0.000000,0.000000,0.000000,0.000000,0.000000,0.000000,1.129820,0.000000,0.000000,0.000000,0.000000,0.000000,0.000000,0.000000,0.000000,0.000000,0.000000,0.000000,0.000000,0.000000,0.000000,0.000000,0.000000,0.000000,0.000000,0.000000,16.995273,45.640846,78.170612,112.399354,155.402724,199.952109,237.466236,275.728671,326.399355,382.970375,427.301973,467.418682,521.399887,557.121646,595.203854,643.169072,685.326352,737.528647,756.874700,805.155040,816.779026,865.151161,916.338163,979.228340,1000.144706,1048.915776,1112.977114,1160.422588,1191.736474,1220.349184,1236.669537,1256.679612,1292.154527,1333.419036,1368.981008,1389.972648,1428.297970,1416.671300,1394.684708,1371.511481,1367.580996,1360.727893,1371.357662,1370.391087,1358.233081,1356.020378,1323.258614,1312.233428,1271.763132,1237.042786,1210.396632,1201.375353,1158.178108,1157.825037,1140.937060,1108.627015,1031.021123,976.323912,944.593882,893.306194,846.118283,816.246344,775.224060,744.484932,715.311716,676.076113,656.832253,623.363892,567.344490,512.129114,480.924373,436.688735,392.972499,352.493458,326.907255,286.794821,250.549684,207.196390,164.455167,123.096284,87.700721,53.029631,23.055927,1.388803,0.429187,0.681111,1.254457,0.429187,3.570323,1.381449,0.809859,1.411122,1.411122,2.380441,1.414244,0.454628,0.811924,1.424814,1.424814,4.688145,2.000084,0.000000,0.000000,0.334374,0.000000,0.000000,0.000000,0.018693,0.067584,0.000000,0.000000,0.000000,0.000000,0.000000
0.000000,0.000000,0.000000,0.000000,0.000000,0.000000,0.000000,0.000000,0.000000,0.000000,0.000000,0.000000,0.000000,0.000000,0.000000,0.000000,0.000000,0.000000,0.000000,0.000000,0.000000,0.000000,0.000000,0.000000,0.000000,0.000000,0.000000,0.000000,0.000000,0.000000,14.527908,45.107345,75.918375,108.041457,146.035665,191.713479,227.937114,265.305275,310.955460,356.789778,399.331203,435.884432,486.185422,528.883878,562.073681,588.973905,641.275024,672.617454,701.014377,730.133804,754.020802,784.713495,830.012747,881.765690,899.845686,931.106698,966.401797,1005.808843,1051.749074,1095.185336,1100.896075,1124.778204,1141.731780,1192.747285,1211.362755,1225.123840,1239.822772,1224.147731,1226.008088,1225.633729,1214.700689,1221.590143,1216.201908,1216.822587,1227.083886,1227.496182,1218.587573,1222.842245,1199.510367,1193.523409,1186.438880,1177.652904,1156.691623,1177.188828,1155.831700,1127.439892,1083.943740,1045.224447,975.423927,939.942644,910.393665,850.342528,787.017417,761.191145,723.889113,667.412007,622.492789,597.344035,553.318089,505.925725,469.421527,426.877593,385.800848,347.604632,314.241471,278.222943,240.229654,192.819996,148.321591,118.104299,85.112331,51.292952,20.830751,3.546952,0.405817,0.657740,1.231086,0.405817,1.365433,1.358079,0.786489,1.387752,2.904745,2.779056,1.390873,0.788553,0.431257,0.441827,3.582962,6.255861,1.976713,0.000000,0.000000,0.262848,0.044213,0.000000,0.000000,1.385988,0.000000,0.000000,0.000000,0.000000,0.000000,0.000000
0.000000,0.000000,0.000000,0.000000,0.000000,0.000000,0.000000,0.000000,0.000000,0.000000,0.000000,0.000000,0.000000,0.000000,0.000000,0.000000,0.000000,0.000000,0.000000,0.000000,0.000000,0.000000,0.000000,0.000000,0.000000,0.000000,0.000000,0.000000,0.000000,0.000000,19.494296,45.766462,79.455292,112.230215,155.403999,196.996776,233.024539,274.797908,314.296347,362.698858,412.920905,457.643834,507.845650,556.543044,593.887102,643.078040,699.984365,754.337808,784.259098,823.355875,836.029313,875.344874,923.924488,975.143951,1008.911491,1063.656540,1129.641205,1152.810981,1197.143095,1200.156193,1251.934621,1296.199202,1300.426669,1318.553485,1333.662916,1397.024590,1413.096537,1419.807960,1409.815043,1431.413808,1436.688369,1442.083584,1433.781485,1420.329747,1431.493992,1438.461001,1436.887114,1409.079913,1402.341672,1359.694497,1355.183187,1323.955975,1268.190522,1259.757181,1212.464237,1161.909103,1120.290597,1076.442800,1031.641921,978.020468,952.418095,906.097756,878.366931,808.362309,773.569873,739.461061,713.467534,669.891313,622.730461,569.952367,516.859357,474.853448,426.755080,391.219062,336.223951,297.198286,252.851324,213.623114,162.934768,127.248389,90.576737,54.164243,25.175758,3.685905,2.784538,3.419874,3.970346,3.068901,3.734148,3.678551,2.793231,2.792174,3.708224,3.721915,3.711346,2.715634,2.809979,2.868791,3.721915,3.749399,2.359111,0.000000,0.000000,0.000000,0.000000,0.000000,0.000000,0.000000,0.000000,0.000000,0.000000,0.000000,0.000000,0.000000
0.000000,0.000000,0.000000,0.000000,0.000000,0.000000,0.000000,0.000000,0.000000,0.000000,0.000000,0.000000,0.000000,0.000000,0.000000,0.000000,0.000000,0.000000,0.000000,0.000000,0.000000,0.000000,0.000000,0.000000,0.000000,0.000000,0.000000,0.143898,0.000000,0.000000,21.928934,50.349781,84.761432,117.306793,155.287450,205.644578,241.162399,273.885071,310.235638,344.372609,389.455386,431.907213,475.653187,507.491735,556.657942,597.882476,639.856858,712.675172,756.738547,807.639806,819.297072,866.665595,903.531693,923.070611,986.141030,1057.518906,1104.494463,1136.080636,1163.891973,1184.946748,1214.226807,1259.788743,1288.398783,1300.052022,1314.318075,1353.237788,1391.742864,1407.462837,1403.230154,1413.992402,1418.832584,1439.026719,1425.774760,1406.577589,1412.908213,1409.994215,1408.942716,1378.799221,1344.602807,1298.111016,1244.469372,1231.601601,1156.999619,1146.990530,1117.611340,1079.031615,1020.585528,961.996753,918.564635,895.573859,849.119814,828.587921,790.017697,758.681798,715.721894,674.704775,624.475063,590.040009,558.277531,499.446683,441.310383,398.275666,359.887962,324.970418,298.251675,263.156708,230.042934,186.123788,153.902091,113.755929,82.251018,53.256261,23.258766,4.161113,2.771612,3.447408,3.447408,3.746454,4.348774,3.739100,2.884435,3.182425,3.498780,4.384784,4.403644,4.215983,3.502277,3.483418,4.384784,4.412268,2.983660,0.000000,0.000000,0.000000,0.000000,0.000000,0.000000,0.000000,0.000000,0.000000,0.000000,0.000000,0.000000,0.000000
0.000000,0.000000,1.114716,0.000000,0.000000,0.000000,0.325397,0.000000,0.000000,0.000000,0.000000,0.000000,0.000000,0.000000,0.000000,0.000000,0.000000,0.000000,0.000000,0.000000,0.000000,0.000000,0.000000,0.000000,0.000000,0.000000,0.000000,0.000000,0.000000,0.000000,21.072078,52.534969,85.922738,119.312466,157.084171,205.844547,244.568769,285.876737,322.987337,376.436436,419.003990,470.519841,513.568774,554.375924,588.915791,624.487401,668.148370,741.908468,784.241241,822.280788,859.622572,915.472440,948.425156,993.930397,1026.792363,1082.356413,1110.609547,1129.849022,1158.240200,1155.472585,1181.391534,1205.142265,1217.371543,1213.737562,1242.866435,1263.514186,1280.939925,1279.774251,1294.178781,1314.856754,1301.288379,1313.134032,1304.618990,1305.207470,1302.098521,1293.836948,1288.512100,1244.563547,1243.847857,1227.739473,1214.075883,1209.477732,1205.235986,1192.792353,1185.942183,1159.828382,1128.821922,1093.495620,1060.246099,1027.281623,966.551738,925.614694,893.463806,834.847779,781.022103,757.354211,718.673607,671.880029,620.738178,579.599346,510.691459,471.259616,424.936056,379.775517,331.781280,288.719766,254.037279,205.397192,159.050124,122.713065,83.817606,49.259930,21.928825,3.829653,3.829653,3.829653,3.530606,3.530606,3.829653,4.424619,3.553982,2.892920,3.794287,4.467983,4.486843,4.535734,3.884523,3.566616,4.467983,4.495466,2.993202,0.000000,0.000000,0.000000,0.000000,0.000000,0.000000,0.000000,0.000000,0.000000,0.000000,0.000000,0.000000,0.000000
0.000000,0.000000,0.000000,0.000000,0.000000,0.943078,2.992654,0.909234,0.000000,0.909234,2.202854,0.000000,0.000000,0.000000,0.000000,0.000000,0.000000,0.000000,0.000000,1.028281,1.028281,0.000000,0.000000,0.000000,0.000000,0.000000,0.000000,0.000000,0.000000,0.000000,19.325427,50.584934,83.030023,121.498704,158.946886,205.008324,241.460783,283.415752,324.880128,370.117933,409.121347,456.904389,501.006948,549.966277,602.542799,641.273629,699.582695,750.724363,783.432479,822.204408,872.332613,917.720090,963.700424,1002.599508,1053.809334,1073.926877,1129.964404,1171.130439,1188.249254,1189.409839,1213.625022,1230.023317,1241.604810,1242.803892,1243.140309,1265.678115,1267.914657,1248.857860,1242.775462,1232.850084,1204.324027,1191.586834,1192.861244,1192.488378,1190.794204,1209.509732,1204.664192,1194.241967,1203.938178,1201.701773,1209.584690,1211.847892,1192.037840,1183.897587,1156.024751,1144.494679,1107.324102,1059.770617,1022.707814,968.483614,957.824428,894.359115,862.425590,824.311554,775.587837,754.506270,710.147809,667.173840,622.628312,572.194547,516.769857,469.088283,427.113522,386.919991,339.288589,297.260005,259.846011,209.095442,163.708617,125.302799,86.411295,53.556935,26.875105,4.919017,4.919017,4.919017,4.919017,4.619971,4.919017,4.911663,4.643347,4.611027,4.910074,4.854043,4.843474,4.843474,4.843474,4.854043,4.854043,4.433783,3.404608,0.000000,0.000000,0.000000,1.009672,0.000000,0.882050,1.685128,0.015236,0.000000,0.000000,0.000000,0.000000,0.000000
1.165826,1.110432,1.110432,1.822376,1.791096,1.038021,0.602259,0.674670,1.093415,0.008577,0.602259,0.706766,0.634355,0.000000,0.000000,0.702545,0.647151,0.600282,0.000000,0.702545,0.000000,0.647151,0.635845,0.672028,1.075694,0.284114,0.124922,0.284114,1.075694,1.041621,12.765793,42.531504,74.912144,110.391923,148.593206,190.218383,225.098812,257.400251,302.034706,337.925725,388.135577,449.224836,491.958695,550.068912,584.927337,632.157202,676.081579,725.703359,767.309415,807.711592,868.426547,920.944323,956.280429,995.917512,1039.375975,1080.837462,1126.343251,1161.634710,1193.154770,1220.531180,1284.547176,1288.619108,1291.985773,1305.383119,1331.882863,1390.312716,1410.239626,1419.703113,1435.045593,1460.553965,1475.193972,1460.933200,1421.986704,1413.459370,1418.821736,1414.405414,1451.873712,1427.457963,1416.995887,1396.585227,1376.472295,1338.097827,1333.813862,1307.917989,1277.574781,1228.578015,1182.230871,1144.862083,1100.208998,1065.063120,1023.855064,962.839582,917.154812,863.063809,801.665886,737.629925,670.247223,627.633025,575.244744,537.220354,476.217977,425.080942,392.206208,349.586453,294.335714,253.137339,214.350958,175.951854,138.416391,101.300889,68.799376,34.697783,11.283184,0.000000,0.000000,0.000000,0.000000,0.000000,0.000000,0.000000,0.000000,0.000000,0.000000,0.000000,0.000000,0.000000,0.000000,0.000000,0.000000,0.000000,0.000000,0.000000,0.000000,0.000000,0.000000,0.000000,0.000000,0.000000,0.000000,0.000000,0.000000,0.000000,0.000000,0.000000
1.678219,1.678219,1.060529,1.622824,1.622824,1.060529,0.569374,0.496962,0.988118,0.593381,1.187063,1.605807,1.605807,1.618604,1.563209,0.141144,0.898651,1.073326,1.017932,0.945520,0.945520,1.017932,0.934214,0.936980,0.234868,0.234868,0.179474,0.936980,0.179474,0.051583,13.636017,37.997898,71.714685,107.158626,146.920227,189.663243,230.750630,264.081096,311.812572,355.515370,405.168980,453.616147,509.027830,563.610091,604.979172,649.296104,712.808030,757.415528,801.323663,818.966873,888.926229,912.625646,947.953661,964.388025,990.982601,1014.976596,1042.327699,1069.942951,1148.394888,1145.714674,1189.047547,1234.419531,1256.981165,1308.204323,1342.168931,1401.231218,1428.329455,1447.085139,1459.066621,1453.375821,1456.267665,1463.628332,1461.545820,1428.839427,1431.284645,1392.978751,1403.234765,1400.412577,1380.571256,1357.614296,1350.854236,1316.756478,1304.540261,1312.737026,1273.400144,1250.094873,1225.035976,1183.456203,1141.916780,1111.444027,1043.470105,998.143771,955.795864,879.750493,824.432331,776.554988,719.269870,666.808873,623.720895,571.989471,507.499472,468.901083,422.795837,372.899301,318.416615,265.330244,235.605987,191.222079,144.248867,105.285624,73.015601,33.960149,8.930765,0.000000,0.000000,0.000000,0.000000,0.000000,0.000000,0.000000,0.000000,0.000000,0.000000,0.000000,0.000000,0.000000,0.000000,0.000000,0.000000,0.000000,0.000000,0.032952,0.026759,0.000000,0.181396,0.400053,0.422831,1.405891,0.148158,0.148158,0.422831,0.398944,0.124271,0.176249
0.337745,1.856257,1.180176,1.925671,2.200343,1.235570,1.235570,1.166156,1.238567,1.166156,1.853260,1.870277,1.252587,1.265384,1.883073,1.192973,1.146103,1.248367,1.248367,1.320778,1.320778,1.248367,0.445481,1.218506,0.426926,0.267734,0.426926,1.273900,0.482320,0.054984,11.570381,41.038057,72.196815,109.936034,140.764577,182.023056,225.281226,264.546920,308.902192,353.638168,401.455807,456.405494,502.613634,557.492114,609.878851,647.494635,684.466870,750.092626,796.123770,820.084186,874.282470,930.345588,961.833216,975.924262,1031.092665,1018.042774,1050.235913,1081.324934,1100.013208,1117.821368,1149.222214,1193.165213,1205.190833,1213.471041,1268.320485,1352.371454,1359.161802,1351.782633,1318.762145,1280.673770,1233.494671,1224.840902,1192.851590,1196.305989,1209.768852,1201.150279,1229.336133,1269.986152,1234.861620,1183.359571,1145.023066,1136.352421,1099.307060,1062.302631,1046.995992,1002.997451,958.986437,940.341799,908.272879,885.752096,878.024845,848.861080,826.673447,772.961505,731.358663,670.002713,639.767310,596.219833,560.462108,528.954731,488.867418,460.367948,418.612856,366.378259,304.879652,271.252816,212.666544,176.099478,134.150813,96.917535,62.902089,24.741748,2.854212,0.000000,0.000000,0.000000,0.000000,0.000000,0.000000,0.000000,0.000000,0.000000,0.000000,0.000000,0.000000,0.000000,0.000000,0.000000,0.000000,0.000000,0.000000,0.119570,0.094597,0.076768,0.559221,0.425088,0.522473,0.505888,0.175389,0.150416,0.522473,0.000000,0.405716,0.000000
1.259472,1.187061,1.187061,1.187061,1.187061,1.187061,1.187061,1.187061,1.187061,1.187061,1.259472,0.855806,0.855806,0.868602,0.868602,0.796191,0.796191,0.749321,0.000000,0.000000,0.796191,0.796191,0.784885,0.030144,1.225390,1.297801,1.225390,1.225390,1.225390,0.433810,13.020239,41.340036,72.464720,112.273025,147.858395,192.342718,232.767865,272.323713,322.864373,374.957660,430.054690,490.387240,529.933306,594.255042,655.587979,698.580411,738.607112,800.337384,845.384716,877.866510,914.102264,943.785163,1004.681850,1023.402345,1054.786674,1094.863751,1114.718514,1140.384689,1160.518881,1173.148927,1213.241196,1226.388953,1242.765445,1244.502234,1299.674331,1342.768238,1354.793323,1371.684627,1368.219925,1368.334516,1382.008010,1389.517781,1382.717133,1328.953639,1300.173256,1209.411904,1209.258636,1185.394047,1175.449419,1159.801253,1172.158135,1161.263368,1129.573618,1128.144094,1088.828359,1030.891110,1006.213712,965.969196,936.777936,932.348298,906.886760,863.772789,817.918465,773.343965,741.977680,678.175292,639.763165,601.346562,562.838753,506.847243,448.606390,413.966031,382.056033,333.480592,289.971790,244.986680,221.329985,168.947756,141.609181,105.006956,71.058155,33.862993,9.634862,0.000000,0.000000,0.000000,0.000000,0.000000,0.000000,0.000000,0.145795,0.391671,0.137011,0.156091,0.412562,0.425038,0.168568,0.279224,0.000000,0.000000,0.000000,0.000000,0.000000,0.000000,0.000000,0.000000,0.000000,0.000000,0.000000,0.000000,0.000000,0.000000,0.000000,0.000000
1.334096,1.334096,1.261685,1.261685,1.334096,1.334096,1.334096,1.334096,1.334096,1.261685,1.261685,1.334096,1.227612,0.470105,1.274481,1.274481,0.470105,1.274481,0.470105,0.470105,1.274481,1.274481,1.263175,1.300015,1.300015,1.300015,0.508435,1.300015,1.300015,1.372426,14.321849,39.326163,77.820123,110.986839,151.708749,193.693163,233.550257,278.024617,318.136584,373.165361,416.084393,466.278106,527.621783,584.324326,637.339927,689.399187,735.143073,790.091796,841.989595,876.453597,931.751117,955.704869,1008.764570,1047.132654,1085.619648,1107.663569,1141.894053,1145.340248,1155.985991,1182.377067,1217.072112,1228.859694,1238.869834,1300.834703,1341.901386,1407.944256,1412.575299,1386.348247,1358.264310,1288.236413,1284.394283,1227.049371,1228.152925,1227.156807,1200.861430,1193.005432,1243.893227,1260.342458,1246.676820,1254.026537,1255.964044,1254.959846,1240.840392,1213.489360,1218.635135,1201.254074,1146.921171,1120.171778,1099.369338,1058.828004,1033.930626,978.307265,927.252984,883.321356,841.800690,809.470432,754.313151,703.853995,653.736064,596.155397,545.459019,496.555972,445.087031,396.227938,327.738838,285.990947,240.389226,184.094345,150.113574,110.549578,75.147747,37.510891,10.849296,0.000000,0.000000,0.000000,0.000000,0.000000,0.000000,0.000000,0.138002,0.631200,0.398267,0.400762,0.357884,0.370360,0.413239,0.413239,0.429824,0.413239,0.000000,0.000000,0.000000,0.000000,0.000000,0.000000,0.000000,0.000000,0.000000,0.000000,0.000000,0.000000,0.000000,0.000000
0.260471,0.260471,0.260471,0.365077,0.365077,0.334990,0.371954,0.316559,0.334990,0.334990,0.260471,0.279596,0.279596,0.279596,0.279596,0.334990,0.260471,0.279596,0.279596,0.279596,0.279596,0.279596,0.261962,0.298145,0.298145,0.317269,0.298145,0.298145,0.298145,0.317269,10.544858,38.730880,77.244575,109.897220,145.357510,189.250603,234.541530,273.054136,324.100326,375.576041,421.095938,477.576432,522.243645,573.310650,620.630397,648.318116,706.209953,756.054424,797.218528,830.998707,851.249679,916.974279,962.771676,993.733548,1052.733745,1097.794896,1145.779556,1180.433539,1200.506888,1224.036246,1295.197594,1304.114688,1305.648209,1310.598593,1348.181365,1414.115007,1416.474384,1426.002929,1419.419195,1389.568992,1361.157526,1319.323511,1303.144998,1319.120978,1282.599936,1266.527339,1285.448790,1300.673422,1299.225893,1313.371145,1302.376635,1315.556246,1304.192982,1294.197251,1273.805518,1228.292051,1171.820550,1102.212019,1068.147873,1022.059871,970.758005,924.252240,850.784053,813.769086,754.918621,691.666446,654.813310,619.132936,571.014721,524.546099,474.093156,423.996936,386.112641,335.508894,295.644983,248.810774,219.812766,175.947185,140.306829,105.824644,71.449769,36.872709,9.311687,0.000000,0.000000,0.000000,0.000000,0.000000,0.000000,0.000000,0.141551,0.449050,0.331503,0.299925,0.468130,0.425252,0.291119,0.333998,0.484716,0.333998,0.000000,0.000000,0.000000,0.000000,0.000000,0.000000,0.000000,0.000000,0.000000,0.000000,0.000000,0.000000,0.000000,0.000000
0.259939,0.259939,0.259939,0.296902,0.259939,0.259939,0.259939,0.296902,0.290025,0.259939,0.259939,0.185420,0.259939,0.259939,0.296902,0.204544,0.204544,0.204544,0.204544,0.185420,0.185420,0.259939,0.206034,0.242218,0.242218,0.242218,0.242218,0.242218,0.242218,0.242218,8.344764,32.131614,69.942118,102.037967,137.940913,178.069696,223.383652,265.082471,315.505909,367.874600,418.634729,475.821982,524.922930,577.596479,636.677129,676.759077,737.173379,788.045431,828.863621,873.106768,928.919209,977.642978,1016.231995,1034.178572,1084.136216,1114.683396,1152.077490,1150.383733,1168.617335,1184.436755,1186.775769,1205.441087,1217.372714,1224.706207,1251.654294,1285.746439,1334.152871,1390.140094,1401.484432,1411.740628,1453.368391,1405.528248,1413.807999,1424.728608,1381.697518,1358.486041,1368.258190,1330.791559,1325.410750,1313.206981,1286.305238,1228.290057,1209.748087,1155.102879,1151.482189,1123.964664,1086.045874,1046.955927,1016.519652,993.953905,980.396597,937.032499,868.028995,832.745037,778.169094,730.264208,693.480875,639.523458,590.273122,520.529753,486.269812,430.551616,383.042011,318.239478,275.462656,235.738206,204.500340,165.167792,130.872832,100.834903,64.240028,31.000431,6.592237,0.000000,0.000000,0.000000,0.000000,0.000000,0.000000,0.000000,0.000000,0.000000,0.000000,0.000000,0.000000,0.000000,0.000000,0.000000,0.000000,0.000000,0.000000,0.000000,0.000000,0.000000,0.000000,0.000000,0.000000,0.000000,0.000000,0.000000,0.000000,0.000000,0.000000,0.000000
0.929702,0.912685,0.843271,1.446125,1.518536,1.518536,0.641787,0.912685,0.065711,0.912685,0.912685,0.857291,0.857291,0.065711,0.870087,0.942499,0.942499,0.870087,0.925482,0.121105,0.121105,0.870087,0.858781,0.894964,0.000000,0.158779,0.950359,0.894964,0.103385,0.000000,7.740575,31.560795,60.461739,95.751518,137.444132,161.461231,208.055264,246.220879,284.526320,328.815295,375.950925,416.087724,459.612289,533.380611,568.605533,603.878773,660.132274,699.247307,742.316300,779.177210,839.519366,871.451824,908.635537,935.000282,967.598539,991.906429,1054.618889,1094.521912,1154.631563,1176.033928,1182.283753,1200.265676,1221.617336,1231.990810,1247.104387,1258.410216,1269.591039,1261.217775,1276.537943,1309.647102,1343.006249,1339.053143,1337.180355,1337.819530,1328.173591,1330.054551,1387.736859,1376.900191,1356.599759,1318.479457,1279.370387,1266.677380,1228.484452,1176.633015,1154.097232,1076.557227,1019.760225,965.010835,950.279879,914.331088,877.311991,854.880106,813.801279,783.391660,744.651862,671.607922,636.845333,603.052794,558.218794,522.205371,472.692171,419.821189,379.829410,330.557153,286.519546,250.163907,213.586477,167.772254,137.191632,103.548978,66.562331,31.114867,6.777640,0.000000,0.000000,0.000000,0.000000,0.000000,0.000000,0.000000,0.000000,0.000000,0.000000,0.085823,0.000758,0.000000,0.000000,0.000000,0.000758,0.085823,0.000000,0.000000,0.000000,0.000000,0.000000,0.000000,0.000000,0.000000,0.000000,0.000000,0.000000,0.000000,0.000000,0.000000
0.857291,0.857291,1.446125,1.446125,0.843271,0.857291,0.641787,0.929702,0.857291,0.121105,0.878612,0.985096,0.985096,0.997893,0.870087,0.925482,0.870087,0.870087,0.823218,0.065711,0.870087,0.870087,0.858781,0.000000,0.159435,0.951015,0.031544,0.895621,0.861547,0.000000,3.181931,24.337387,56.231064,92.412424,135.008501,165.866044,215.648264,249.561747,295.156851,340.826692,392.611778,439.239724,492.716642,539.009144,598.585045,635.111627,684.633347,747.866909,784.953753,849.418322,905.824480,930.671203,987.529805,1024.020350,1057.628014,1087.353077,1106.679192,1108.921895,1113.266286,1127.441876,1158.327113,1186.674392,1208.231052,1196.082620,1226.304701,1322.323776,1338.680642,1337.361751,1338.242255,1343.435131,1363.224485,1316.705218,1282.658604,1269.363365,1191.065179,1170.481119,1142.071635,1152.700667,1106.029958,1105.835035,1106.442665,1099.535354,1077.167751,1062.425923,1017.278187,1004.234729,957.473189,959.347605,961.315225,962.628287,917.334986,861.607254,818.908467,779.302256,723.204015,682.227198,635.684363,592.800636,560.812286,514.934502,467.884028,405.258813,362.970213,329.253853,281.878463,238.390894,203.030723,165.507318,132.957592,98.636326,64.477631,22.898849,4.755418,0.000000,0.000000,0.000000,0.000000,0.000000,0.000000,0.000000,0.000000,0.000000,0.000000,0.000000,0.000000,0.000000,0.000000,0.000000,0.000000,0.000000,0.000000,0.000000,0.000000,0.000000,0.000000,0.000000,0.000000,0.000000,0.000000,0.000000,0.000000,0.000000,0.000000,0.000000
1.210932,1.210932,2.327993,2.383387,1.996307,1.210932,1.155537,1.083126,0.346941,1.138520,1.155537,1.083126,1.104447,1.104447,1.151317,0.291546,0.132354,1.095923,1.151317,1.223728,1.095923,1.095923,1.084616,1.121456,1.176850,1.121456,0.329876,0.329876,0.385270,0.385270,4.483507,24.870722,57.937687,103.149950,137.506949,171.723046,220.099787,263.887266,303.996580,352.385840,405.342243,467.931772,520.122057,569.364952,606.669985,660.600673,710.539706,761.913393,813.207647,863.034571,896.616167,972.773756,1011.666672,1062.550052,1080.293263,1103.133983,1128.287123,1132.383161,1141.119897,1156.109679,1206.229856,1227.345432,1255.375153,1272.880197,1284.433879,1351.925503,1348.487019,1346.504225,1343.760248,1356.116296,1355.033880,1354.293415,1329.044473,1334.301302,1353.276930,1343.712601,1340.844536,1331.425832,1311.539767,1262.365417,1261.280554,1232.551030,1203.673736,1175.868534,1140.399708,1117.022803,1074.033146,1033.997200,1014.990429,997.198151,985.233777,916.864494,874.227126,816.432619,779.377194,726.939166,686.252563,648.926256,591.969578,551.094716,506.704133,452.148210,406.453374,351.033083,304.538620,264.599584,216.248330,166.782066,132.969422,97.061014,55.503149,24.443903,3.577125,0.000000,0.000000,0.000000,0.000000,0.000000,0.000000,0.000000,0.000000,0.073307,0.073307,0.092387,0.092387,0.092387,0.092387,0.092387,0.092387,0.092387,0.000000,0.000000,0.000000,0.000000,0.000000,0.000000,0.000000,0.000000,0.000000,0.000000,0.000000,0.000000,0.000000,0.000000
1.255467,1.255467,1.255467,1.327878,1.255467,1.255467,1.327878,1.327878,1.255467,1.255467,1.255467,1.255467,1.255467,1.268263,1.268263,1.268263,1.268263,1.268263,1.268263,1.268263,0.463887,0.463887,1.256957,1.293796,0.502217,1.259723,1.293796,0.502217,0.502217,1.259723,3.713236,22.452293,57.681841,97.598598,136.050867,165.428797,211.762137,254.207050,306.725920,353.462416,393.027109,451.841235,509.266783,565.925069,614.666781,655.781654,701.630320,768.427272,821.677011,853.036456,905.670933,934.615516,953.262811,972.327377,1001.117293,1055.130014,1084.785659,1142.031731,1165.898992,1211.687444,1246.919064,1230.560667,1225.135956,1236.449456,1263.331570,1268.786704,1270.227224,1268.892229,1269.096967,1277.952208,1307.763989,1304.731795,1285.740157,1274.690088,1256.911799,1221.093725,1215.934665,1204.001231,1201.488233,1183.555867,1171.075548,1181.338488,1174.984144,1168.954665,1138.474871,1118.810030,1073.096536,1033.835230,983.152508,958.997874,948.106784,910.189520,860.950953,810.924727,787.117514,740.903352,717.400421,662.869961,605.031583,554.105787,513.277046,459.830482,408.103381,358.772880,311.712422,260.842548,222.200664,175.911625,136.713860,94.548385,58.553147,19.993336,2.833472,0.000000,0.000000,0.000000,0.000000,0.000000,0.000000,0.000000,0.068739,0.314615,0.571086,0.590166,0.590166,0.602643,0.379937,0.021811,0.346172,0.021811,0.000000,0.000000,0.000000,0.005104,0.000000,0.000000,0.000000,0.000000,0.000000,0.000000,0.000000,0.000000,0.000000,0.000000
1.334096,1.334096,1.334096,1.334096,1.334096,1.334096,1.261685,1.261685,1.261685,1.261685,1.261685,1.261685,1.261685,1.274481,1.274481,1.274481,1.274481,1.274481,1.274481,1.274481,1.274481,1.274481,1.263175,1.265941,0.508435,0.380544,0.349242,1.300015,1.300015,1.300015,3.414980,22.590319,55.081475,92.638449,130.389009,168.180514,204.900895,246.962831,291.004564,332.295885,381.577057,432.338837,472.814610,546.777220,579.621930,607.884873,646.319455,688.738649,750.079389,810.985845,857.069979,888.832100,909.552667,944.081595,954.627103,1009.477671,1037.459020,1072.908451,1135.772319,1163.029421,1186.470540,1197.728236,1216.624858,1214.223269,1285.868375,1321.047173,1314.577242,1363.372914,1402.712561,1412.617784,1407.705353,1395.316132,1391.771677,1390.282660,1398.015817,1412.797365,1408.613365,1414.792295,1361.955274,1348.344712,1322.285955,1290.742919,1272.162690,1229.257097,1217.852447,1203.056635,1173.175088,1153.409228,1124.783333,1094.468510,1053.805047,995.744974,934.603146,884.749506,826.314482,804.212294,769.147387,715.419327,651.732384,611.012858,546.172335,500.519423,430.616062,378.154772,328.708241,282.611745,231.610426,172.488579,135.570867,94.292303,60.938339,22.122057,1.632330,0.000000,0.000000,0.000000,0.000000,0.000000,0.000000,0.000000,0.260440,0.504120,0.504120,0.463737,0.463737,0.535677,0.535677,0.519092,0.459628,0.459628,0.000000,0.000000,0.000000,0.000000,0.000000,0.000000,0.000000,0.000000,0.000000,0.000000,0.000000,0.000000,0.000000,0.000000
0.260471,0.316559,0.297435,0.279596,0.334990,0.334990,0.260471,0.260471,0.334990,0.260471,0.279596,0.260471,0.260471,0.260471,0.279596,0.260471,0.334990,0.334990,0.279596,0.279596,0.279596,0.260471,0.336480,0.298145,0.317269,0.317269,0.317269,0.317269,0.317269,0.298145,2.583198,21.224890,52.782481,87.995366,127.994242,161.663546,206.301639,243.981306,288.986691,340.324368,392.290335,445.767695,500.652547,542.061348,585.747340,630.142601,681.616409,706.912225,764.851193,808.986035,851.094313,909.838070,940.420040,986.816451,1028.345134,1080.889859,1131.833358,1151.776973,1188.669470,1226.994947,1239.627569,1278.254556,1297.418074,1318.274626,1352.961747,1391.774409,1372.118236,1384.661397,1438.188178,1427.919344,1377.672782,1363.999058,1350.484277,1304.323738,1273.048198,1272.453932,1273.967963,1247.827343,1233.106734,1227.521035,1207.077809,1203.165223,1196.589792,1198.392761,1157.542318,1139.832115,1086.555039,1051.194125,1014.945827,976.660378,963.160305,915.427860,866.700096,807.274791,772.573714,722.112144,678.082991,641.248458,589.720435,538.132406,493.643386,440.863334,396.351698,345.965651,299.583748,261.417079,216.467783,168.839677,134.185512,96.536138,57.582789,21.400994,1.579045,0.000000,0.000000,0.000000,0.000000,0.000000,0.000000,0.000000,0.298062,0.439552,0.573684,0.441436,0.469598,0.469598,0.592764,0.382583,0.442047,0.442047,0.000000,0.000000,0.000000,0.000000,0.000000,0.000000,0.000000,0.000000,0.000000,0.000000,0.000000,0.000000,0.000000,0.000000
0.294178,0.294178,0.238784,0.294178,0.238784,0.275747,0.275747,0.275747,0.238784,0.294178,0.294178,0.294178,0.294178,0.294178,0.219659,0.294178,0.331141,0.294178,0.219659,0.219659,0.219659,0.238784,0.240274,0.276457,0.276457,0.276457,0.276457,0.276457,0.276457,0.331851,1.039376,20.167582,51.956966,91.471424,126.259038,161.293679,212.629978,248.664440,287.852822,340.512062,387.792483,444.663525,499.594701,554.478176,609.861205,659.264038,708.668540,738.679633,789.607175,840.060286,886.846106,915.683671,952.526433,1021.341571,1063.223824,1092.933203,1148.144962,1163.086572,1189.654006,1236.924269,1259.226827,1254.471965,1230.112500,1247.685407,1254.080285,1252.721712,1268.694849,1331.506170,1352.546569,1399.472177,1413.202108,1400.663816,1391.989448,1353.414659,1339.270410,1347.114935,1338.755947,1332.693294,1328.630831,1304.686034,1302.217692,1284.888842,1268.256728,1238.931941,1206.431385,1166.718861,1135.490507,1080.917325,1025.095922,1000.418994,978.152945,910.872873,866.991120,813.970369,757.841642,700.555423,659.719199,609.320285,546.484644,496.280250,463.362142,409.019473,357.225273,309.738681,274.887702,226.212354,201.417740,161.655304,121.271835,83.015356,51.411193,15.738012,0.000000,0.000000,0.000000,0.000000,0.000000,0.000000,0.000000,0.000000,0.189778,0.176987,0.211061,0.230141,0.196068,0.364274,0.230141,0.000000,0.000000,0.230141,0.000000,0.000000,0.000000,0.000000,0.000000,0.000000,0.000000,0.000000,0.000000,0.000000,0.000000,0.000000,0.000000,0.407775
0.289197,0.000000,0.193677,0.002735,0.218508,0.263796,0.143464,0.218508,0.032491,0.713997,0.690862,0.504845,0.521294,0.516369,0.020881,0.020881,0.020881,0.000000,0.020881,0.020881,0.020881,0.020881,0.020881,0.257657,0.375192,0.375192,0.375192,0.375192,0.375192,0.375192,0.120517,17.692990,55.536817,91.861171,130.715332,168.285572,210.116169,249.330353,287.345015,339.014382,375.111948,422.637933,474.002702,518.309989,565.863013,606.737010,628.867296,677.064699,725.495856,751.114793,811.829715,851.964469,886.613359,911.403213,979.207452,1007.068093,1068.650377,1099.505423,1110.989441,1151.701403,1160.649184,1175.541351,1161.703676,1192.810104,1221.891695,1227.372965,1241.714759,1274.762146,1314.434459,1337.954707,1373.295790,1392.294148,1405.005175,1406.351381,1429.881171,1416.754775,1414.606830,1402.113920,1416.600029,1395.643287,1352.267164,1356.300767,1350.828636,1311.212329,1262.848770,1219.490819,1156.510817,1107.634307,1069.925305,1034.175021,1006.687480,946.932322,900.761113,832.734438,791.318313,733.708718,677.727160,633.576208,575.227034,528.474442,484.993501,432.419158,404.282056,347.768988,294.043274,247.409573,222.178390,167.718319,129.540663,92.647743,52.557589,16.379423,1.574963,0.000000,0.000000,0.000000,0.000000,0.000000,0.000000,0.000000,0.000000,0.000000,0.000000,0.000000,0.000000,0.000000,0.000000,0.000000,0.000000,0.003460,0.000000,0.000000,0.000000,0.000000,0.000000,0.000000,0.000000,0.000000,0.000000,0.554185,0.000000,0.000000,0.000000,0.000000
0.347005,0.418813,0.444123,0.253182,0.300593,0.300593,0.375637,0.207894,0.207894,0.724273,0.915215,0.915215,0.915215,0.776182,0.724273,0.228784,0.228784,0.771684,0.724273,0.724273,0.000000,0.000000,0.000000,0.000000,1.078584,1.078584,0.328420,1.078584,0.583095,0.583095,0.583095,13.844773,49.279865,87.833100,125.640594,160.024963,204.797358,249.811550,293.054291,338.290595,391.433263,441.367625,499.472055,539.258021,576.928896,616.091792,651.328308,682.159751,721.773464,764.634709,817.567326,852.597639,869.838176,939.320848,982.317701,1020.460736,1058.300446,1091.604330,1121.925516,1133.114383,1127.925570,1129.507045,1154.269251,1176.464674,1214.634445,1238.095240,1262.543317,1269.720047,1306.065274,1328.633380,1330.076081,1336.900533,1333.726494,1324.546685,1334.731033,1324.621421,1310.868307,1286.031538,1235.069775,1210.737659,1204.378719,1166.798194,1144.702107,1141.235178,1121.699258,1101.343750,1090.265029,1049.784824,1014.429977,977.108971,972.316548,930.051067,891.925700,849.192788,791.774066,748.979356,698.711246,647.779701,584.805729,511.971026,480.170530,434.428324,390.105066,337.417438,283.494135,246.674519,204.643148,157.929504,117.390301,78.413275,41.550231,8.457629,0.000000,0.000000,0.000000,0.000000,0.000000,0.000000,0.000000,0.000000,0.000000,0.000000,0.000000,0.000000,0.000000,0.000000,0.000000,0.000000,0.000000,0.000000,0.000000,0.000000,0.000000,0.000000,0.000000,0.027245,0.000000,0.000000,0.000000,0.088941,0.088941,0.079791,0.004748,0.002512
0.171552,0.053867,0.299876,0.108934,1.364733,1.555675,0.000000,0.152773,0.418406,0.700171,0.343714,0.299876,0.672781,0.530603,0.391570,0.030189,0.030189,0.000000,0.030189,0.030189,0.525678,0.525678,0.030189,0.026152,0.384500,0.129825,0.129825,0.129825,0.129825,0.129825,0.129825,13.670693,46.213990,90.104245,127.418679,171.101149,214.146573,254.162985,300.091549,345.030096,393.396297,442.309894,488.699494,520.591934,587.521903,621.609119,652.836672,678.837623,722.484236,764.893158,801.543365,839.873572,903.354902,932.862370,971.496313,1018.282167,1057.263634,1079.614181,1112.654057,1131.886625,1160.343291,1175.612347,1193.646675,1199.265431,1255.298145,1268.779336,1299.784114,1281.525415,1291.546043,1289.041212,1302.475495,1293.032840,1295.113386,1301.459933,1302.266505,1296.565737,1252.980117,1242.266784,1245.420626,1225.911641,1202.544649,1159.123404,1148.930533,1096.925303,1094.395141,1088.808915,1068.517075,1022.101098,983.078870,962.236491,906.471852,869.954160,836.322317,796.919129,764.690933,722.898740,671.937088,606.627275,554.293328,505.877017,462.472647,404.576892,370.843948,324.939016,283.754707,239.822296,195.803934,151.558903,120.054595,82.626345,41.253644,8.161042,0.000000,0.000000,0.000000,0.000000,0.000000,0.000000,0.000000,0.000000,0.000000,0.000000,0.000000,0.000000,0.000000,0.000000,0.000000,0.000000,0.000000,0.000000,0.000000,0.000000,0.000000,0.000000,0.000000,0.000000,0.000000,0.000000,0.000000,0.000000,0.000000,0.000000,0.000000,0.000000
0.125433,0.072654,0.127721,0.000000,0.083882,0.083882,0.000000,0.000000,0.127721,0.000000,0.000000,0.127721,0.005137,0.000000,0.000000,0.000000,0.000000,0.000000,0.005137,0.005137,0.000000,0.000000,0.000000,0.000000,0.000000,0.000000,0.000000,0.000000,0.000000,0.000000,0.000000,10.780577,46.194381,87.452041,127.403689,172.079812,215.074498,261.872922,312.539171,349.539412,389.958514,439.272291,480.026409,527.916932,561.910263,619.731214,662.295223,671.968360,719.714182,763.964376,816.211372,847.989332,917.001084,961.641047,1004.232822,1026.222791,1044.120703,1082.462501,1093.745612,1118.147664,1121.301604,1130.096917,1135.447260,1144.539454,1148.207768,1166.753826,1174.189657,1173.913539,1173.739216,1171.782860,1160.831011,1182.818933,1202.886678,1167.189915,1161.627916,1171.494513,1171.460159,1163.577098,1160.595987,1169.219573,1128.845279,1108.886945,1090.725984,1062.688702,1031.442282,1014.366206,989.486655,971.993302,938.281939,924.420600,909.614665,851.617094,796.327441,758.384352,716.049210,680.572220,643.935228,606.103953,552.357460,515.738726,459.473487,417.535608,377.100579,332.309285,282.135389,239.737573,203.971788,165.628762,125.311014,84.217284,48.533107,5.925485,0.000000,0.144901,0.144901,0.135565,0.000000,0.000000,0.000000,0.000000,0.000000,0.000000,0.000000,0.000000,0.000000,0.000000,0.000000,0.000000,0.000000,0.000000,0.181200,0.000000,0.000000,0.000000,0.000000,0.000000,0.000000,0.000000,0.000000,0.000000,0.000000,0.000000,0.000000,0.000000
0.461470,0.972380,1.027447,0.027868,0.027868,0.000000,0.027868,1.027447,0.382554,0.027868,0.027868,1.027447,0.904863,0.000000,0.000000,0.000000,0.000000,0.000000,0.000000,0.000000,0.000000,0.000000,0.000000,0.316071,0.000000,0.000000,0.000000,0.000000,0.000000,0.000000,0.000000,8.169860,47.176760,91.868457,130.516776,174.749358,224.330290,265.773907,313.712112,363.508855,405.255521,452.053138,492.432153,538.654539,581.953461,627.858697,673.029290,692.655251,748.032989,796.145902,877.664158,920.994576,958.318575,1004.468733,1059.365947,1086.652053,1129.753743,1163.393420,1199.148882,1235.370972,1297.371284,1299.954281,1292.191305,1298.659238,1359.408689,1376.063553,1348.880632,1385.210593,1399.143670,1416.653448,1436.588548,1458.282573,1430.826971,1422.987638,1420.906151,1417.118115,1397.246903,1402.120297,1403.518331,1398.104293,1397.184845,1369.579686,1361.414882,1336.402105,1276.033118,1230.044398,1182.296046,1118.386702,1069.191806,1040.137405,979.273687,916.566034,859.114269,824.916681,777.737366,737.333974,693.235160,640.825588,599.874711,549.144901,496.469576,475.210433,427.751931,365.605708,314.037530,267.349432,229.332729,175.304185,127.386789,88.088975,48.639516,9.500784,0.863920,0.156428,0.000000,0.000000,0.000000,0.000000,0.000000,0.526742,0.000000,0.000000,0.000000,0.000000,0.000000,0.000000,0.000000,0.000000,0.000000,0.000000,0.000000,0.000000,0.000000,0.000000,0.000000,0.000000,0.000000,0.000000,0.000000,0.852201,0.852201,0.210167,0.855059,0.593208
0.000000,0.000000,0.000000,0.000000,0.000000,0.000000,0.000000,0.000000,0.000000,0.000000,0.000000,0.000000,0.000000,0.000000,0.000000,0.000000,0.000000,0.000000,0.000000,0.000000,0.000000,0.000000,0.000000,0.000000,0.075383,0.075383,0.271825,0.271825,0.075383,0.075383,0.075383,8.223455,44.295416,88.074808,128.015949,168.629271,212.946853,264.493819,311.298962,364.657767,403.657011,452.884129,498.209827,547.544879,592.387830,637.603982,675.260555,696.200917,751.487335,792.221710,823.706694,894.668149,945.156289,980.991013,1041.741570,1080.544925,1115.453602,1151.760616,1176.565830,1209.544451,1267.060316,1279.010860,1299.482903,1289.637451,1273.889226,1306.884466,1302.260798,1316.513956,1329.025005,1338.345645,1327.301691,1305.188380,1333.777698,1339.639697,1334.546806,1318.821828,1322.199191,1324.271242,1317.857300,1308.681892,1284.862526,1296.092439,1294.044777,1304.309092,1279.668697,1209.793751,1135.453656,1083.496193,1049.490441,981.169501,931.383293,867.297728,816.435646,771.020309,722.581756,670.998143,619.639216,575.543043,554.126682,498.418687,459.407133,405.657931,367.588388,323.384423,279.662884,236.283880,200.850037,161.902017,117.393782,82.534830,42.811636,3.614096,0.000000,0.000000,0.000000,0.000000,0.000000,0.000000,0.000000,0.000000,0.000000,0.000000,0.000000,0.000000,0.000000,0.000000,0.000000,0.000000,0.000000,0.000000,0.000000,0.000000,0.000000,0.000000,0.000000,0.000000,0.000000,0.000000,0.000000,0.000000,0.000000,0.000000,0.000000,0.000000
0.000000,0.000000,0.000000,0.000000,0.675770,1.649120,1.649120,1.649120,1.649120,1.090348,1.090348,1.090348,1.090348,1.090348,1.090348,1.090348,1.090348,0.611023,1.090348,1.090348,0.409367,0.409367,0.409367,0.405330,0.405330,0.405330,0.405330,0.405330,0.405330,0.405330,0.000000,6.587980,33.872034,77.249746,118.382511,156.112888,202.716152,251.296168,303.898054,348.110097,389.534848,437.278671,471.195818,524.755909,579.058525,622.857108,651.227929,680.703997,721.728900,780.256344,813.056001,861.104304,903.739030,998.055906,1023.148936,1041.448124,1062.270667,1112.770648,1146.287438,1176.827346,1218.182581,1212.054323,1257.950096,1276.439428,1277.055419,1308.124645,1311.086005,1310.993298,1343.833297,1341.909926,1344.562303,1330.352796,1331.807231,1326.848438,1323.589622,1307.663339,1333.993876,1329.502056,1336.010204,1324.678497,1304.563711,1274.146000,1215.456381,1191.148716,1167.139715,1159.219471,1126.558294,1094.401339,1064.829129,1040.418327,976.456264,913.987508,865.108603,817.909239,777.981063,723.778897,680.092127,634.655453,580.586627,535.203572,487.999995,433.410104,401.565319,351.593041,293.523674,248.750959,213.980120,171.564706,126.508075,85.061107,42.861833,6.734430,0.000000,0.000000,0.000000,0.000000,0.000000,0.000000,0.000000,0.000000,0.000000,0.000000,0.000000,0.000000,0.000000,0.000000,0.000000,0.000000,0.000000,0.000000,0.000000,0.000000,0.000000,0.000000,0.000000,0.000000,0.000000,0.000000,0.000000,0.000000,0.000000,0.000000,0.000000,0.000000
0.000000,0.000000,0.000000,0.000000,0.114350,1.442690,1.639132,1.639132,1.442690,1.059470,1.059470,0.863027,0.740444,0.740444,0.740444,0.936886,0.936886,0.740444,0.520337,0.936886,0.673403,0.673403,0.869845,0.865808,0.669366,0.669366,0.669366,0.865808,0.865808,0.449259,0.000000,2.203946,29.134847,69.862253,104.979689,154.212250,202.096441,249.966382,299.594415,345.949080,389.118646,451.318154,499.418660,540.872506,595.590168,653.498506,691.240356,750.819161,784.460535,832.656188,868.918657,924.094826,969.107699,1023.659643,1061.241313,1100.303248,1130.846146,1152.307013,1186.865536,1235.933079,1225.672496,1222.440687,1244.324387,1270.976300,1272.705487,1285.544834,1264.247570,1272.656894,1290.159416,1291.870653,1316.927402,1306.616806,1294.929585,1296.470866,1286.649651,1261.934135,1274.918210,1260.559179,1209.849019,1182.370230,1162.224266,1129.360382,1115.425528,1088.028290,1072.296727,1038.765798,996.212821,950.954809,924.789408,869.270819,835.795140,807.025504,792.515717,729.554447,698.197284,668.869735,615.931796,592.496633,555.127802,525.999731,482.582797,417.808206,381.699621,341.473717,294.680572,242.897957,203.920737,158.610259,115.239215,78.009799,32.370069,2.243858,0.000000,0.000000,0.000000,0.000000,0.000000,0.000000,0.000000,0.000000,0.000000,0.000000,0.000000,0.000000,0.000000,0.000000,0.000000,0.000000,0.000000,0.000000,0.000000,0.000000,0.000000,0.000000,0.000000,0.000000,0.000000,0.000000,0.000000,0.000000,0.000000,0.000000,0.000000,0.000000
0.000000,0.000000,0.000000,0.000000,0.238435,1.397803,1.408228,1.594245,1.397803,0.818141,0.818141,1.014583,0.475451,0.475451,0.695557,0.695557,0.892000,0.695557,0.475451,0.475451,0.628516,0.824959,0.628516,0.404372,0.624479,0.624479,0.624479,0.624479,0.404372,0.404372,0.000000,6.061744,30.000411,70.270041,109.790328,155.456036,196.981610,246.153543,295.690895,345.852994,381.932412,433.215017,489.823831,540.492718,585.622846,615.956945,642.497502,684.668612,724.346384,775.263664,832.442233,856.936532,890.561683,924.159915,941.361868,987.049047,1017.083744,1073.104367,1075.324333,1066.879538,1080.783944,1071.178341,1073.975667,1088.753927,1107.043225,1105.361771,1107.472534,1116.266076,1122.436903,1138.678474,1163.277158,1214.334120,1221.778813,1236.351759,1180.008434,1183.688252,1148.475756,1125.671941,1148.795973,1141.452823,1140.669012,1142.860610,1148.754054,1166.450906,1123.086479,1112.388989,1096.049805,1047.324454,1007.657051,948.532555,911.435760,878.467106,843.528580,816.206412,778.169691,741.689586,694.993185,656.577310,613.083454,577.112012,523.610940,467.121764,412.003246,353.151021,293.844661,240.680922,207.349720,167.822148,118.567427,74.405806,32.828385,2.963835,0.000000,0.000000,0.000000,0.000000,0.000000,0.000000,0.000000,0.000000,0.000000,0.000000,0.000000,0.000000,0.000000,0.000000,0.000000,0.000000,0.000000,0.000000,0.000000,0.000000,0.000000,0.000000,0.000000,0.000000,0.000000,0.000000,0.000000,0.000000,0.000000,0.000000,0.000000,0.000000
0.000000,0.267943,0.164463,0.164463,1.328919,2.302270,2.679228,2.343754,2.291844,1.908624,1.712182,1.492075,1.600024,1.786041,1.786041,1.589599,1.369492,1.369492,1.369492,1.589599,0.908617,0.908617,0.908617,0.904580,0.684473,0.684473,0.904580,0.904580,0.904580,0.684473,0.000000,2.756142,29.490601,68.871334,107.760480,148.358003,202.186771,243.566888,290.406083,334.146447,381.214313,424.560689,480.422342,539.253752,570.166746,611.591906,640.558826,688.074066,724.452156,787.355245,826.622844,845.073506,918.692713,981.856753,1014.689508,1057.807864,1095.216244,1112.354200,1143.264480,1162.477290,1221.514190,1254.832135,1281.999803,1295.878223,1337.055146,1362.168170,1351.419288,1358.174296,1354.739880,1351.094563,1369.148567,1378.380098,1381.961130,1387.870742,1380.660767,1398.761136,1382.020948,1360.613491,1370.747231,1363.822498,1365.083645,1350.777693,1349.952833,1329.450633,1328.814862,1280.459574,1213.469458,1142.070153,1083.011273,1062.429372,1025.899801,949.034680,876.508037,838.456261,795.232770,771.655308,705.984013,664.134575,625.505424,583.907904,530.061620,474.530873,407.716661,353.307601,312.600831,264.964725,211.850012,166.839030,124.345738,81.630347,40.915286,11.112873,0.000000,0.000000,0.000000,0.000000,0.000000,0.000000,0.000000,0.000000,1.030228,0.000000,0.000000,0.000000,0.000000,0.000000,0.000000,0.000000,0.000000,0.000000,0.000000,0.000000,0.000000,0.000000,0.000000,0.000000,0.000000,0.000000,0.000000,0.000000,0.000000,0.000000,0.000000,0.000000
0.000000,0.000000,0.000000,0.000000,0.000000,1.626348,1.271359,1.626348,1.041592,0.461930,0.461930,0.241823,0.119240,0.119240,0.339346,0.339346,0.339346,0.119240,0.339346,0.339346,0.000000,0.000000,0.000000,0.000000,0.000000,0.000000,0.000000,0.000000,0.000000,0.000000,0.000000,1.309447,26.927709,68.448753,99.567643,146.738698,192.533159,239.368670,281.590393,322.973859,378.075583,416.601681,482.843093,543.301524,589.052415,642.549149,696.581817,735.739680,785.164365,816.448871,878.190114,925.968179,982.344804,1039.342782,1092.021032,1128.079032,1140.761297,1171.752145,1180.622016,1196.758604,1199.311285,1217.242117,1185.767471,1199.562167,1225.250157,1219.477421,1229.112953,1254.499654,1253.490715,1257.222333,1259.201664,1248.709274,1267.248906,1257.745580,1257.347165,1267.125630,1252.593193,1251.240237,1252.989224,1230.647683,1232.561596,1226.779044,1241.153943,1225.095694,1200.593791,1178.441485,1146.394721,1109.221325,1062.915424,1008.402751,940.820774,917.296040,879.043679,830.068575,796.105399,753.534235,719.035747,671.733414,619.478295,573.777611,520.589774,458.859704,397.548473,347.500315,305.775719,259.267347,218.316646,151.614523,109.606080,67.260461,29.824142,0.000000,0.000000,0.000000,0.000000,0.000000,0.000000,0.000000,0.000000,0.000000,0.000000,0.000000,0.000000,0.000000,0.000000,0.000000,0.000000,0.000000,0.000000,0.000000,0.000000,0.000000,0.000000,0.000000,0.000000,0.000000,0.000000,0.000000,0.000000,0.000000,0.000000,0.000000,0.000000,0.000000
0.000000,0.000000,0.000000,0.000000,1.410543,1.038982,0.536316,0.536316,0.536316,0.000000,0.000000,0.541409,0.336737,0.000000,0.000000,0.000000,0.000000,0.000000,0.000000,0.000000,0.000000,0.000000,0.000000,0.000000,0.000000,0.000000,0.000000,0.000000,0.000000,0.000000,0.000000,1.305109,22.416607,59.683353,102.331293,146.589165,193.664402,240.807799,287.973960,340.633281,382.380608,442.447159,492.378068,548.565400,603.125217,650.675686,700.401078,744.753012,778.989843,808.515955,869.442248,921.760709,977.862395,1033.134306,1091.701462,1118.505099,1148.407554,1181.648226,1204.226611,1224.725892,1251.929354,1299.281514,1312.760146,1328.328210,1329.353849,1359.454867,1369.335652,1362.322743,1360.953448,1350.300941,1329.048466,1275.695226,1284.547176,1264.391013,1245.184234,1254.928885,1248.306790,1248.802993,1220.212355,1133.242022,1122.620447,1131.963769,1124.506970,1106.055755,1095.610742,1087.529678,1098.159933,1080.670928,1022.719907,976.982355,945.717746,874.057928,845.674063,804.832697,766.610098,723.997625,680.579324,616.519938,579.697215,532.587278,468.123522,420.268563,371.803145,327.612159,287.913170,236.392758,200.142768,146.999123,101.382007,59.982085,21.624340,0.040459,0.000000,0.000000,0.000000,0.000000,0.000000,0.000000,0.000000,0.000000,0.000000,0.000000,0.000000,0.000000,0.000000,0.000000,0.000000,0.000000,0.000000,0.000000,0.000000,0.000000,0.000000,0.000000,0.000000,0.000000,0.000000,0.000000,0.000000,0.000000,0.000000,0.000000,0.000000,0.000000
0.000000,0.000000,0.000000,0.000000,0.832400,0.859578,0.849153,0.849153,0.849153,0.290381,0.486823,0.486823,0.290381,0.290381,0.486823,0.486823,0.486823,0.290381,0.000000,0.000000,0.000000,0.000000,0.000000,0.000000,0.000000,0.000000,0.000000,0.000000,0.000000,0.000000,0.000000,1.640879,22.898708,63.479143,105.510398,142.617788,187.851223,236.875914,285.693255,337.521391,383.771353,424.992082,475.774180,536.443532,596.215575,644.932475,702.894515,737.960114,805.150810,840.670346,860.075789,878.975806,922.711509,958.436403,985.999137,1041.596934,1052.325876,1052.767655,1097.404654,1097.646941,1100.112082,1125.626588,1167.547575,1165.439231,1236.543885,1276.895941,1296.603348,1304.294371,1303.268266,1305.297557,1330.593325,1315.298426,1313.551049,1270.015187,1248.297067,1215.128183,1214.256118,1198.657382,1182.623882,1161.821928,1172.080326,1207.110129,1213.378884,1284.070945,1260.747062,1204.905462,1157.079785,1144.667541,1103.023281,1042.975004,991.258854,939.802584,903.091237,835.735686,789.462394,748.441353,717.081874,659.811450,604.574041,557.234940,472.456895,438.858469,380.114325,329.746926,278.893513,223.047257,199.179592,158.467703,106.035311,61.755770,24.881264,1.457911,0.000000,0.000000,0.000000,0.000000,0.000000,0.000000,0.000000,0.000000,0.000000,0.000000,0.000000,0.000000,0.000000,0.000000,0.000000,0.000000,0.000000,0.000000,0.000000,0.000000,0.000000,0.000000,0.000000,0.000000,0.000000,0.000000,0.000000,0.000000,0.000000,0.000000,0.000000,0.000000
0.000000,0.000000,0.000000,0.000000,0.402439,1.055148,1.055148,1.055148,0.811295,0.252522,0.448965,0.252522,0.252522,0.762756,0.762756,0.762756,0.762756,0.771648,0.762756,0.283431,0.216390,0.695715,1.213820,1.209782,0.730457,1.218674,1.209782,1.209782,0.730457,0.730457,0.000000,2.485143,20.261926,60.055513,104.122749,144.957065,198.613868,247.810572,292.657362,350.046001,396.543417,449.438403,495.602829,558.880260,615.416045,660.284398,708.118908,760.595600,798.702129,835.723992,876.428993,918.619269,942.081939,1020.844819,1034.087230,1063.582192,1060.577862,1058.482653,1066.852534,1083.744909,1089.787694,1110.952713,1101.822119,1128.954068,1115.295143,1180.068143,1201.614169,1211.973017,1225.800849,1219.351222,1222.517878,1216.572242,1218.700922,1186.817412,1122.727703,1130.891598,1116.370272,1117.923015,1101.138610,1101.971453,1104.688933,1115.580963,1098.743182,1115.167869,1107.430146,1097.372106,1064.386039,1083.537454,1063.665458,1027.835899,957.943875,924.989185,884.776628,855.523423,815.047154,767.026106,718.429688,657.545993,605.470776,547.175666,499.761615,436.239393,385.219658,342.345537,286.599357,236.481776,186.737582,144.059501,100.771152,56.949648,17.111229,0.000000,0.000000,0.000000,0.000000,0.000000,0.000000,0.000000,0.000000,0.000000,0.000000,0.000000,0.000000,0.000000,0.000000,0.000000,0.000000,0.000000,0.000000,0.000000,0.000000,0.000000,0.000000,0.000000,0.000000,0.000000,0.000000,0.000000,0.000000,0.000000,0.000000,0.000000,0.000000,0.000000
0.000000,0.000000,0.000000,0.000000,0.000000,0.083818,0.000000,0.000000,0.000000,0.304683,0.304683,0.000000,0.000000,0.000000,0.000000,0.000000,0.000000,0.000000,0.000000,0.000000,0.000000,0.000000,0.000000,0.000000,0.000000,0.000000,0.000000,0.000000,0.000000,0.000000,0.000000,0.352808,20.432909,58.960325,101.061473,144.241603,190.219077,242.144464,297.710026,340.836907,398.525384,455.728850,507.621051,562.593044,613.144131,661.387312,707.808215,766.730849,829.998662,883.422107,931.814637,999.304932,1033.101130,1080.347131,1133.555654,1181.953503,1235.627198,1254.326991,1335.105981,1374.341496,1358.078243,1397.648785,1413.466260,1412.563365,1411.379962,1402.286095,1409.774783,1406.645480,1431.936301,1445.041615,1444.554616,1458.545640,1458.543446,1467.128453,1460.764436,1440.306056,1448.922140,1469.123522,1468.351294,1470.411872,1460.923339,1459.209659,1465.495283,1470.396892,1437.512437,1387.258567,1312.289119,1258.030878,1181.345207,1111.061879,1052.051191,1003.700461,955.898331,897.512124,859.518689,822.642697,767.164373,699.268196,635.124552,584.330427,509.952220,474.350598,421.875350,369.679669,307.590502,254.156126,208.318149,154.210119,111.885889,55.203415,19.774457,2.468007,0.000000,0.000000,0.000000,0.000000,0.000000,0.000000,0.000000,0.000000,0.000000,0.000000,0.000000,1.581497,1.581497,0.006344,0.137869,0.137869,0.137869,0.099291,0.106241,0.000000,0.213669,0.213669,0.213669,0.000000,0.065223,0.051052,0.000000,0.000000,0.051052,0.051052,0.051052,0.009721
0.000000,0.067155,0.125649,0.071018,0.000000,0.067155,0.125649,0.000000,0.000000,0.851961,0.000000,0.000000,0.000000,0.000000,0.000000,0.000000,0.000000,0.000000,0.149561,0.149561,0.000000,0.000000,0.000000,0.000000,0.000000,0.000000,0.000000,0.000000,0.000000,0.000000,0.000000,0.000000,16.048523,51.955767,100.774208,138.742151,188.544574,239.163916,292.408937,344.459692,397.877358,463.787768,502.943666,558.053701,614.006517,662.836677,708.769385,778.223557,848.369490,903.195609,947.776711,989.848841,1043.453517,1086.153750,1133.998205,1191.671397,1248.552718,1308.054559,1320.856297,1385.735202,1428.798931,1452.607064,1494.162953,1511.905974,1528.110646,1507.046981,1501.253202,1507.092059,1513.770310,1532.205861,1542.108926,1523.275898,1534.017008,1532.580860,1494.920671,1496.397452,1469.111087,1475.423069,1449.989272,1455.271958,1473.558900,1457.859882,1461.377641,1431.875241,1414.296013,1339.953290,1286.152513,1246.332017,1163.766224,1098.738571,1020.590910,985.312402,959.183209,881.907748,837.001542,795.327768,746.729512,676.506663,620.232866,541.525881,489.602108,427.780100,376.633612,334.501247,276.247051,233.223677,190.880204,135.708901,97.118651,49.609887,13.157422,0.174145,1.414472,1.414472,1.428643,1.428643,1.427480,1.428643,1.428643,1.425407,0.205019,1.450994,1.450994,1.496396,1.496396,1.500789,1.632315,1.632315,1.632315,1.622186,1.622186,0.026100,0.026100,0.026100,0.026100,0.026100,0.026100,0.011929,0.000000,0.000000,0.000000,0.011929,0.011929,0.011929
0.000000,0.000000,0.000000,0.000000,0.000000,0.000000,0.000000,0.000000,0.000000,0.229378,0.229378,0.000000,0.000000,0.000000,0.000000,0.210349,0.000000,0.000000,0.000000,0.000000,0.000000,0.229378,0.000000,0.000000,0.000000,0.000000,0.000000,0.531083,0.531083,0.608607,0.550113,0.722648,13.424352,42.150835,89.416127,140.010691,183.611190,240.301285,287.776849,333.757733,388.992750,457.479585,506.757011,561.308486,608.113519,659.422119,705.999155,753.084271,796.937276,881.304586,920.979611,963.302119,995.545113,1053.032602,1116.885866,1179.607347,1241.706684,1271.463876,1298.348963,1356.041788,1400.871086,1430.206604,1427.963068,1433.532751,1441.512160,1454.320816,1451.591079,1467.298958,1497.739328,1512.612986,1511.608462,1497.651633,1516.858740,1540.146004,1529.002256,1505.660706,1433.816064,1423.100208,1406.371665,1381.103205,1350.141502,1325.799712,1252.135269,1212.567004,1184.437981,1201.481523,1132.476570,1132.113813,1077.253864,1012.834267,963.295677,951.626679,901.876393,863.445749,815.950650,782.518788,741.677938,665.153619,610.290032,549.786877,489.376611,423.611162,373.347553,320.277385,268.546876,227.565517,170.021456,135.154902,90.415392,44.634608,10.824994,0.866312,1.980381,1.980381,1.980381,1.980381,1.980381,2.205613,2.205613,1.977145,1.977145,2.002732,2.002732,2.001255,2.001255,2.052527,2.167293,2.167293,2.167293,2.157164,2.157164,0.000000,0.000000,0.000000,0.000000,0.000000,0.000000,0.000000,0.000000,0.000000,0.000000,0.000000,0.000000,0.000000
0.000000,0.000000,0.000000,0.000000,0.000000,0.000000,0.000000,0.000000,0.000000,0.000000,0.000000,0.000000,0.000000,0.000000,0.000000,0.000000,0.000000,0.000000,0.000000,0.000000,0.000000,0.000000,0.000000,0.000000,0.000000,0.000000,0.000000,0.543897,0.543897,0.543897,0.524868,0.767081,13.774614,48.013897,99.637181,138.978208,179.992170,232.614272,288.862084,333.092340,393.259023,464.902305,518.386185,581.477055,647.486126,697.435966,750.482997,796.660280,838.498803,921.097730,973.193071,983.056796,1015.662842,1090.214100,1161.397879,1235.467442,1256.013235,1321.651549,1326.147606,1374.422774,1407.788170,1421.107784,1436.672567,1409.462542,1408.963367,1451.589756,1454.804434,1471.221976,1476.770922,1481.807310,1471.793708,1483.938963,1489.932676,1523.770425,1522.901738,1486.352925,1475.362729,1437.510160,1393.711672,1392.680618,1381.327557,1368.345240,1374.273257,1365.543295,1308.029887,1274.463393,1205.905678,1167.832823,1100.466800,1016.109981,932.547816,878.504907,844.426595,824.800159,779.424631,724.635431,668.619749,608.355280,557.728995,519.296710,438.646380,379.570036,349.985778,313.048168,258.765115,214.817672,166.933181,134.302057,92.555195,44.907700,8.853059,0.000000,0.000000,0.000000,0.000000,0.000000,0.000000,0.000000,0.000000,0.000000,0.000000,0.000000,0.000000,2.073302,1.354767,0.000000,2.209221,0.867031,0.000000,0.614991,0.000000,0.000000,0.000000,0.000000,0.000000,0.000000,0.000000,0.000000,0.000000,0.000000,0.000000,0.000000,0.000000,0.000000
0.000000,0.000000,0.465795,0.683767,0.683767,0.465795,0.000000,0.000000,0.000000,0.000000,0.000000,0.000000,0.000000,0.000000,0.000000,0.000000,0.000000,0.000000,0.000000,0.000000,0.000000,0.000000,0.000000,0.000000,0.000000,0.000000,0.000000,0.000000,0.000000,0.000000,0.000000,0.000000,8.910049,40.657534,86.484395,125.264754,172.699804,222.849261,266.938665,315.802228,362.689913,414.715697,467.704760,542.176644,593.796436,660.987991,709.029440,770.089906,836.879208,885.638823,924.518172,953.162273,1001.267140,1029.825661,1072.667355,1143.283035,1167.679974,1211.437243,1252.106477,1335.339268,1372.694775,1388.867448,1407.443421,1423.589098,1436.390810,1489.667893,1493.877316,1482.646115,1463.217641,1474.870692,1484.633959,1473.848122,1482.046615,1487.299515,1484.577364,1481.921639,1455.035246,1422.117948,1412.661804,1411.885442,1400.294637,1394.323914,1392.286930,1364.127989,1351.177893,1331.880158,1307.323840,1232.482068,1179.677172,1116.728760,1049.677416,991.982736,969.088085,900.553586,848.367770,799.363315,744.304292,691.063018,626.417797,579.137259,508.464969,470.653931,420.716296,362.801345,304.493407,244.085119,187.779616,142.088116,89.881054,45.519891,7.450835,0.000000,0.000000,0.000000,0.000000,0.000000,0.000000,0.000000,0.000000,0.000000,0.000000,0.000000,0.000000,0.000000,0.000000,0.036376,0.000000,0.167901,0.167901,0.157772,0.000000,0.424739,0.424739,0.000000,0.000000,0.642711,0.642711,0.053911,0.000000,0.000000,0.000000,0.628540,0.000000,0.000000
0.000000,0.000000,0.000000,0.000000,0.000000,0.000000,0.000000,0.000000,0.000000,0.000000,0.000000,0.000000,0.000000,0.000000,0.000000,0.000000,0.000000,0.000000,0.000000,0.000000,0.000000,0.000000,0.000000,0.000000,0.000000,0.000000,0.000000,0.000000,0.000000,0.000000,0.000000,0.000000,4.714294,29.729156,72.389907,126.206803,167.636678,219.120623,263.484237,311.771353,367.138919,429.155150,476.138153,535.334855,593.007760,623.842973,691.328483,745.431061,826.549813,876.413816,924.708664,952.472648,1001.884743,1037.976767,1075.373394,1148.826205,1182.273761,1245.383712,1278.907004,1369.087040,1383.191289,1409.532016,1445.636327,1459.885134,1483.138710,1530.327380,1533.606520,1563.162428,1572.896818,1579.987285,1580.864511,1579.884146,1583.462279,1574.521435,1542.668845,1527.927777,1522.830284,1542.904912,1499.030197,1451.888473,1439.765160,1453.407190,1457.267685,1406.161123,1399.137035,1368.394988,1293.558667,1256.624111,1202.118138,1123.720320,1070.988974,1030.638892,969.829919,913.122900,862.631624,810.461317,753.315543,675.424964,625.187950,553.620698,497.312533,431.783081,378.548165,327.045974,281.155304,229.423755,179.285263,132.542872,81.696922,33.524421,0.416925,0.000000,0.000000,0.000000,0.000000,0.000000,0.000000,0.000000,0.000000,0.000000,0.000000,0.000000,0.000000,0.000000,0.000000,0.000000,0.000000,0.000000,0.000000,0.000000,0.000000,0.000000,0.000000,0.000000,0.000000,0.000000,0.000000,0.000000,0.000000,0.000000,0.000000,0.000000,0.000000,0.000000
0.000000,0.000000,0.000000,0.000000,0.000000,0.000000,0.000000,0.000000,0.000000,0.000000,0.000000,0.000000,0.000000,0.000000,0.000000,0.000000,0.000000,0.000000,0.000000,0.000000,0.000000,0.000000,0.000000,0.000000,0.000000,0.000000,0.000000,0.000000,0.000000,0.000000,0.130722,0.000000,0.278368,36.293336,81.485453,118.326148,169.813917,222.269835,269.684265,315.342559,371.766206,432.728226,486.678902,535.739753,619.779262,662.984490,731.350360,787.207904,845.650549,894.861154,925.218066,970.426671,993.494074,1042.632604,1083.885527,1131.326210,1170.922038,1184.100463,1214.883081,1281.386267,1312.323823,1340.997807,1378.141056,1390.341282,1418.341740,1455.028490,1458.666697,1472.034802,1503.499352,1508.529946,1511.365961,1515.012273,1520.980921,1517.182720,1494.819656,1475.912761,1458.123455,1427.020861,1429.227104,1422.542033,1408.039875,1400.769747,1382.229577,1356.605401,1328.665413,1278.667273,1210.662077,1171.139445,1116.689850,1054.108116,1011.949133,961.383992,931.633443,864.537668,818.530828,761.481721,702.530644,648.732389,602.348875,549.765103,487.753625,433.158605,377.795792,323.561499,272.402778,219.270522,169.394355,125.805203,74.361360,28.375062,0.000000,0.000000,0.000000,0.000000,0.000000,0.000000,0.000000,0.000000,0.000000,0.000000,0.000000,0.000000,0.000000,0.000000,0.000000,0.000000,0.000000,0.000000,0.000000,0.000000,0.000000,0.000000,0.000000,0.000000,0.000000,0.000000,0.000000,0.000000,0.000000,0.000000,0.000000,0.000000,0.000000,0.000000
0.000000,0.000000,0.000000,0.000000,0.000000,0.000000,0.000000,0.000000,0.309816,0.368309,0.309816,0.290786,0.339462,0.309816,0.309816,0.368309,0.000000,0.000000,0.000000,0.000000,0.000000,0.000000,0.000000,0.000000,0.000000,0.000000,0.000000,0.611521,0.611521,0.611521,0.759652,0.611521,1.014334,36.830606,83.518629,125.249357,171.802268,213.205978,252.160033,308.259053,358.908472,401.403123,448.233304,516.857994,571.637146,607.953070,654.490476,732.168643,771.536923,832.158517,867.686323,938.957896,980.704316,1037.422146,1062.177472,1161.895700,1210.171040,1245.605575,1297.348053,1335.234116,1370.234532,1373.336222,1395.827211,1408.667775,1424.498329,1429.546342,1433.079116,1428.749642,1452.129500,1409.266578,1419.867609,1412.714438,1429.018179,1493.613205,1496.414598,1468.624682,1446.102677,1409.965740,1396.800519,1397.468335,1398.572228,1351.199189,1336.406975,1282.871575,1248.745378,1160.581063,1162.146217,1137.993276,1054.198499,1012.254942,974.894967,946.158681,924.732119,873.117354,840.169244,810.221481,742.287747,687.898095,624.134085,555.178538,494.738125,449.226223,393.759198,333.667163,280.770820,218.697916,172.248259,123.564616,80.309120,29.237923,0.000000,0.000000,0.000000,0.000000,0.000000,0.579765,0.068601,0.068601,0.000000,0.000000,0.000000,0.000000,0.000000,0.000000,0.000000,0.000000,0.000000,0.000000,0.000000,0.244049,0.000000,0.000000,0.000000,0.000000,0.000000,0.000000,0.000000,0.000000,0.000000,0.000000,0.000000,0.000000,0.000000,0.000000
0.000000,0.000000,0.000520,0.000000,0.000000,0.000520,0.000000,0.000000,0.267741,0.514560,0.296588,0.238094,0.238094,0.238094,0.000000,0.000000,0.000000,0.000000,0.000000,0.000000,0.000000,0.000000,0.000000,0.000000,0.000000,0.000000,0.000000,0.558829,0.558829,0.539799,0.668900,0.539799,0.583233,26.088659,66.633322,110.669606,158.147736,211.898176,254.967243,316.063779,357.405937,423.965842,484.848659,530.765874,590.227741,623.527486,694.899586,747.713386,783.605939,836.051136,904.320200,949.482708,993.119499,1043.656956,1108.365444,1147.740159,1206.696965,1251.865887,1287.166983,1357.936016,1385.036225,1407.846476,1427.391604,1428.652066,1435.651326,1431.596968,1450.069501,1462.121854,1487.306114,1481.463294,1489.727981,1493.800155,1492.418607,1496.434958,1487.564690,1486.099613,1474.792079,1443.030848,1429.808276,1418.260582,1433.089540,1422.180239,1361.445356,1327.137850,1281.758119,1217.805572,1187.941021,1146.046757,1081.437928,1031.647019,997.094950,966.757169,928.114506,883.670362,842.596743,810.142161,752.622439,681.965729,622.468993,549.642633,491.292273,439.450803,382.817954,326.590283,274.367338,216.901463,165.478582,116.601025,70.396454,28.337634,0.000000,0.000000,0.000000,0.000000,0.014699,0.000000,0.000000,0.000000,0.000000,0.011464,0.000000,0.000000,0.037051,0.082453,0.000000,0.000000,0.000000,0.000000,0.000000,0.000000,0.000000,0.000000,0.000000,0.000000,0.000000,0.000000,0.000000,0.000000,0.000000,0.000000,0.000000,0.000000,0.000000,0.000000
0.000000,0.000000,0.000000,0.000000,0.000000,0.000000,0.000000,0.000000,0.000000,0.000000,0.000000,0.442262,0.224290,0.000000,0.000000,0.000000,0.000000,0.000000,0.000000,0.000000,0.000000,0.000000,0.000000,0.000000,0.000000,0.000000,0.000000,0.000000,0.000000,0.000000,0.011455,0.000000,0.000000,24.416057,69.170987,106.557769,159.017803,211.340751,260.819339,307.646186,365.794023,431.451841,496.864779,546.052990,614.306403,662.481147,712.500159,769.961652,833.958536,885.739197,955.755413,992.456083,1036.785632,1086.370326,1144.847151,1196.909987,1264.620842,1265.646672,1307.774417,1376.545470,1406.061984,1412.651145,1419.368994,1427.805352,1424.733263,1447.377785,1459.395908,1457.871817,1453.570642,1450.075255,1457.229651,1466.257748,1474.658134,1470.213669,1473.464063,1467.014327,1461.207933,1433.110893,1416.900989,1431.888465,1436.983019,1420.885479,1408.002515,1402.460768,1290.109536,1222.024809,1154.984220,1114.266293,1076.525305,1002.498051,956.452413,908.286724,873.754322,847.065387,806.586214,770.976465,720.768651,656.021616,603.987806,547.479893,487.005550,411.078468,356.228115,306.574135,265.995327,215.988324,159.007145,107.348477,60.313619,22.817798,0.000000,0.000000,0.000000,0.000000,0.000000,0.000000,0.419110,0.419110,0.000000,0.000000,0.000000,0.000000,0.000000,0.000000,0.000000,0.000000,0.000000,0.000000,0.198580,0.000000,0.000000,0.000000,0.000000,0.000000,0.000000,0.000000,0.000000,0.000000,0.000000,0.000000,0.000000,0.000000,0.000000,0.000000
0.000000,0.000000,0.013967,0.013967,0.000000,0.000000,0.000000,0.000000,0.000000,0.000000,0.000000,0.000000,0.000000,0.000000,0.000000,0.000000,0.000000,0.000000,0.000000,0.000000,0.000000,0.000000,0.000000,0.000000,0.000000,0.000000,0.000000,0.000000,0.000000,0.000000,0.404694,0.000000,0.000000,23.732322,68.807817,107.061806,154.469763,203.912032,253.873244,301.977067,358.918180,407.903093,459.820540,515.375799,558.261115,612.332431,666.622398,706.367118,763.627905,811.316381,874.179020,922.121156,976.184926,1034.737542,1053.590426,1088.489868,1164.999438,1180.493016,1215.379818,1276.328588,1329.498855,1337.249929,1427.145683,1423.610871,1429.952400,1453.545242,1465.534680,1465.000582,1489.193019,1508.492438,1512.206476,1544.407344,1552.220808,1558.898461,1552.911756,1530.726686,1524.341294,1509.513800,1483.364329,1464.772280,1442.896347,1407.954644,1399.277204,1365.004644,1307.519667,1257.436474,1219.076448,1183.231501,1144.913281,1118.569983,1056.924725,1017.828695,990.850180,935.545323,877.550094,836.383474,764.537678,698.902505,639.418955,576.134221,514.993076,449.568378,387.452439,333.854354,288.037760,228.581921,174.164974,115.818213,70.438653,25.351252,0.000000,0.000000,0.000000,0.000000,0.000000,0.000000,0.000000,0.000000,0.000000,0.000000,0.000000,0.000000,0.000000,0.000000,0.000000,0.000000,0.896227,0.000000,0.000000,0.000000,0.617549,0.000000,0.000000,0.000000,0.000000,0.000000,0.000000,0.000000,0.000000,0.000000,0.000000,0.000000,0.000000,0.000000
0.220737,0.002765,0.002765,0.016066,0.002765,0.220737,0.016066,0.206829,0.206829,0.206829,0.206829,0.236475,0.206829,0.206829,0.206829,0.206829,0.206829,0.206829,0.206829,0.206829,0.206829,0.206829,0.275961,0.364090,0.345060,0.345060,0.345060,0.345060,0.154298,0.173327,0.153751,0.154298,0.251160,23.743560,63.972710,109.352411,154.966978,206.690533,259.775072,313.294314,367.999546,419.639703,475.096133,533.170850,590.787771,643.895061,694.783460,748.594162,800.779462,876.599274,907.536146,979.146519,1008.556424,1050.035634,1094.358046,1160.331377,1224.281692,1230.411263,1308.792490,1376.570391,1419.086820,1444.334246,1489.114006,1500.729083,1501.372178,1540.762074,1533.100878,1541.267957,1542.515447,1547.699892,1532.914668,1543.632761,1542.660149,1550.780750,1549.410817,1515.622725,1523.132092,1505.334231,1470.291352,1437.766167,1393.711733,1362.113759,1381.886002,1293.867369,1238.538069,1217.772780,1169.942106,1143.693255,1082.043412,1041.699812,995.681515,954.916889,919.025087,864.391565,817.866733,779.355790,726.444762,665.211726,612.219632,539.305425,477.907708,421.188057,364.352222,309.262983,268.876187,218.630745,158.113422,108.127285,60.690136,21.116197,0.000000,0.000000,0.060052,0.000000,0.000000,0.000000,0.000000,0.000000,0.000000,0.000000,0.000000,0.000000,0.609090,0.039152,0.039152,0.043546,1.106512,0.175071,0.175071,0.218069,0.000000,0.179682,0.179682,0.179682,0.000000,0.000000,0.000000,0.000000,0.000000,0.000000,0.000000,0.165511,0.000000,0.000000
0.671282,0.671282,0.643490,0.671282,0.671282,0.671282,0.629952,0.618959,0.618959,0.645798,0.623151,0.618959,0.618959,0.618959,0.618959,0.618959,0.618959,0.618959,0.022792,0.022792,0.022792,0.022792,0.091924,0.184245,0.180053,0.180053,0.180053,0.180053,0.191046,0.191046,0.433259,0.191046,0.191046,22.190306,53.574936,101.755345,147.732792,199.805278,249.586971,295.236595,348.111921,397.978193,449.720745,496.076271,554.737233,607.334015,660.224807,709.084999,777.658490,829.408615,884.923264,927.777184,969.998547,1014.009010,1045.229860,1084.819137,1148.085808,1170.803437,1191.741241,1266.620460,1283.248159,1298.708664,1321.218478,1336.196941,1267.519251,1250.900679,1245.939864,1229.694589,1239.160063,1229.012475,1189.343190,1182.416586,1198.285068,1184.377124,1181.196584,1174.733766,1172.620998,1170.710080,1174.058878,1170.858143,1131.400251,1132.138374,1132.264194,1088.912635,1068.192250,1033.908529,1014.861209,982.785224,944.016855,885.310557,851.063750,822.501133,785.636506,755.718592,703.088710,665.577832,611.288230,585.619563,537.853969,498.611980,433.806348,391.602571,346.503631,301.898210,243.112769,199.832482,150.768379,102.827676,51.478430,18.646534,0.000000,0.000000,0.000000,0.000000,0.000000,0.000000,0.000000,0.000000,0.000000,0.000000,0.000000,0.000000,0.000000,0.000000,0.000000,0.441271,1.506506,0.575066,0.528186,0.564937,1.484299,0.562054,0.588893,0.588893,0.588893,0.566246,0.562054,0.507423,0.562054,0.562054,0.562054,0.562054,0.562054,0.520724
0.000000,0.000000,0.000000,0.000000,0.000000,0.000000,0.000000,0.134845,0.134845,0.134845,0.134845,0.134845,0.134845,0.134845,0.134845,0.134845,0.134845,0.134845,0.139037,0.134845,0.134845,0.134845,0.203977,0.292106,0.292106,0.292106,0.292106,0.292106,0.101344,0.101344,0.343557,0.101344,0.101344,17.348569,49.403520,101.093306,151.444691,200.196683,252.881551,314.473894,362.692518,424.890656,477.478088,525.351357,585.005668,622.672693,678.337843,748.240977,811.681940,868.520285,929.710202,974.158659,1010.043646,1055.163235,1115.371162,1161.172388,1214.604536,1266.870860,1296.457324,1344.867836,1370.289676,1381.661602,1404.893482,1419.524197,1436.489145,1452.274699,1474.808274,1482.737335,1510.131135,1509.918451,1523.596468,1527.484117,1521.119074,1533.773601,1524.172810,1518.943340,1501.625164,1496.430093,1487.136840,1450.908268,1450.685665,1428.389751,1390.460082,1366.444891,1317.159637,1234.709712,1202.624857,1133.925500,1059.350426,987.920960,954.364067,897.797218,863.422386,795.131220,747.513881,692.035594,642.667595,597.382201,547.758216,497.335311,431.484286,387.713524,338.793568,283.529333,239.168707,190.948529,147.027035,97.756015,45.400660,13.644022,0.000000,0.000000,0.000000,0.000000,0.000000,0.000000,0.000000,0.000000,0.000000,0.000000,0.000000,0.000000,0.000000,0.000000,0.000000,0.000000,0.863977,0.000000,0.000000,0.000000,0.870827,0.000000,0.000000,0.000000,0.000000,0.000000,0.000000,0.000000,0.000000,0.000000,0.000000,0.000000,0.000000,0.000000
0.000000,0.000000,0.000000,0.000000,0.000000,0.000000,0.000000,0.000000,0.000000,0.000000,0.000000,0.000000,0.000000,0.000000,0.000000,0.000000,0.000000,0.000000,0.000000,0.000000,0.000000,0.000000,0.000000,0.000000,0.000000,0.000000,0.000000,0.000000,0.000000,0.000000,0.000000,0.000000,0.014562,16.642291,44.786222,86.873842,132.594168,194.451313,237.583959,283.103901,337.636272,384.237050,426.926553,472.115380,527.661374,572.017926,627.666872,686.028892,750.647314,805.746046,822.715443,861.183325,902.200711,928.155589,961.694798,1034.555055,1108.360122,1151.321638,1217.186690,1242.156383,1244.677213,1271.963465,1297.611263,1326.022642,1336.866586,1384.801093,1407.401240,1430.414815,1457.809081,1497.284919,1534.959775,1559.721748,1559.465279,1549.512965,1546.240748,1533.463761,1500.177515,1488.210011,1481.181154,1451.122999,1418.970120,1404.726640,1373.427737,1341.375483,1311.777068,1262.676977,1224.567196,1165.406314,1126.294395,1084.483436,1009.421348,964.188423,912.904506,837.830689,788.506397,742.076327,660.661405,605.099142,540.044010,489.273812,433.854911,380.685341,329.772013,275.124646,235.606298,196.688960,137.443446,97.306307,45.325804,13.511609,0.000000,0.000000,0.000000,0.000000,0.000000,0.000000,0.000000,0.000000,0.000000,0.000000,0.000000,0.000000,0.000000,0.000000,0.000000,0.000000,0.000000,0.000000,0.000000,0.000000,0.000000,0.000000,0.000000,0.000000,0.000000,0.000000,0.000000,0.000000,0.000000,0.000000,0.000000,0.000000,0.000000,0.000000
0.227548,0.174383,0.146542,0.120048,0.155991,0.186764,0.186764,0.120048,0.120048,0.120048,0.120048,0.120048,0.120048,0.120048,0.120048,0.120048,0.120048,0.120048,0.120048,0.131458,0.130392,0.130392,0.123023,0.108731,0.191211,0.145968,0.141342,0.141342,0.141342,0.141342,0.141342,0.141342,0.111190,15.382873,42.652258,85.030704,136.954274,185.075914,241.807663,292.107594,345.536923,405.737251,458.037254,519.014886,556.389847,621.614906,671.993959,738.325361,789.441004,846.852775,904.109127,949.206481,974.226120,1029.597451,1066.798266,1118.513760,1165.287679,1192.272510,1218.583000,1253.819571,1279.605652,1292.575685,1308.967062,1347.360377,1358.978729,1363.486066,1355.463528,1390.511927,1431.849881,1474.128243,1473.685608,1472.567797,1497.149454,1480.868089,1470.674740,1459.394047,1493.728007,1504.415278,1503.168490,1489.489335,1457.181210,1433.447771,1399.366537,1357.700263,1312.301331,1273.391592,1240.582126,1179.512349,1148.022202,1095.675210,1029.688992,1003.192160,939.468910,868.545936,827.215388,783.671908,708.283981,641.028251,578.388066,522.979963,480.572251,417.063500,363.851661,314.973338,252.319780,198.601734,155.761208,95.102660,42.394549,13.254555,0.000000,0.000000,0.000000,0.000000,0.000000,0.000000,0.000000,0.000000,0.000000,0.000000,0.000000,0.000000,0.000000,0.000000,0.000000,0.000000,0.000000,0.000000,0.000000,0.000000,0.000000,0.212489,0.009360,0.000000,0.000000,0.040133,0.040133,0.040133,0.212489,0.040133,0.026582,0.000000,0.026582,0.040133
0.219257,0.205706,0.124700,0.098206,0.098206,0.098206,0.164922,0.164922,0.098206,0.098206,0.098206,0.098206,0.098206,0.098206,0.098206,0.151371,0.151371,0.098206,0.098206,0.109616,0.108550,0.161715,0.101181,0.052675,0.054437,0.062360,0.139823,0.057734,0.057734,0.057734,0.057734,0.057734,0.084228,15.067517,40.552669,85.544565,132.482506,180.782976,224.890607,276.804960,325.389641,379.757520,420.101422,469.801631,526.218550,581.260859,635.149472,683.525775,751.524295,825.593466,868.823904,931.542852,964.319646,1033.350448,1063.617593,1124.742293,1152.934010,1192.744539,1224.148559,1254.808232,1258.346702,1282.993069,1327.110069,1365.703146,1390.830175,1404.030331,1410.800337,1414.423650,1450.912539,1473.116866,1487.771806,1480.757485,1477.253963,1484.206455,1461.889199,1433.455570,1428.141360,1389.259322,1378.727687,1373.692273,1349.872372,1321.595727,1282.936151,1235.561132,1200.943645,1163.345103,1112.130078,1072.215027,1047.055681,1019.741739,953.450373,918.575842,865.650535,784.411863,730.593108,683.171214,631.388731,577.706383,516.031313,489.743825,432.430097,365.155863,318.050110,267.517485,224.978237,178.710524,136.146813,80.668257,37.629414,7.505314,0.000000,0.000000,0.000000,0.000000,0.000000,0.000000,0.000000,0.000000,0.000000,0.000000,0.000000,0.000000,0.000000,0.000000,0.000000,0.000000,0.000000,0.000000,0.000000,0.000000,0.000000,1.483894,0.585234,0.030824,0.000000,0.518518,0.585234,1.417178,0.518518,0.554461,0.585234,0.571683,0.000000,0.000000
0.543262,0.529711,0.501870,0.475376,0.422211,0.422211,0.422211,0.488927,0.422211,0.422211,0.422211,0.422211,0.422211,0.475376,0.422211,0.422211,0.422211,0.422211,0.422211,0.433621,0.432555,0.432555,0.425186,0.295040,0.188401,0.196323,0.191698,0.191698,0.191698,0.191698,0.191698,0.191698,0.218192,9.850503,33.241744,76.945860,117.708291,168.171866,231.653244,279.391281,342.853654,386.256580,443.338646,501.363133,551.142313,620.494455,673.533100,722.992201,795.866184,868.461771,918.655210,992.608610,1028.140614,1056.614811,1123.197429,1171.619145,1206.253131,1264.459991,1325.739216,1367.884633,1402.119539,1417.667742,1418.600077,1457.625844,1458.693106,1487.542085,1485.129045,1467.775888,1488.192025,1480.436270,1461.926252,1460.148825,1454.946154,1456.832076,1465.217178,1439.687495,1423.206155,1396.902764,1386.741497,1364.854452,1308.756198,1285.326523,1255.934276,1210.847701,1158.779122,1118.913719,1078.916355,1014.144850,969.864167,917.593728,876.599948,851.039045,822.821086,770.445818,736.049153,685.283402,647.608010,599.785843,536.242733,497.066719,441.727759,377.403021,325.102779,265.097808,229.269460,176.273790,132.510710,77.410855,37.700758,8.591369,0.000000,0.201296,0.212649,0.139583,0.139583,0.139583,0.201296,0.139583,0.139583,0.000000,0.000000,0.212649,0.212649,0.289250,0.289250,0.289250,0.216184,0.216184,0.255662,0.000000,0.247881,1.807899,0.909239,0.281763,0.281763,0.895688,0.895688,1.741183,1.794348,0.909239,0.909239,0.909239,0.909239,0.281763
0.174383,0.174383,0.146542,0.120048,0.120048,0.210521,0.210521,0.173213,0.120048,0.120048,0.120048,0.120048,0.210521,0.210521,0.120048,0.120048,0.173213,0.120048,0.120048,0.131458,0.130392,0.130392,0.123023,0.108731,0.138046,0.145968,0.141342,0.141342,0.141342,0.141342,0.141342,0.141342,0.167837,7.920915,40.428859,81.114728,125.558855,172.284089,233.445905,289.852969,344.445727,394.396083,456.605131,523.580317,584.535197,652.905681,728.401292,772.426678,829.235859,882.596576,952.410785,1009.480899,1050.976873,1114.498371,1159.241276,1199.862077,1233.801134,1287.790901,1319.011729,1360.066485,1388.064347,1367.525353,1374.291699,1406.657291,1452.668391,1471.464559,1472.592024,1451.864783,1488.008250,1486.428342,1492.290334,1467.802702,1462.329936,1490.085779,1505.836565,1511.162551,1508.429195,1494.193800,1532.288168,1491.568612,1449.068700,1441.160013,1400.251898,1346.684774,1290.821921,1227.919361,1175.696989,1122.645306,1059.633771,994.138126,937.149932,922.111136,864.186219,801.842893,756.100527,707.727818,658.112544,601.280568,548.267689,501.858018,457.982099,389.514275,329.686208,273.777767,230.744309,178.723736,137.155987,79.364579,33.389350,6.728557,0.000000,0.000000,0.000000,0.000000,0.000000,0.000000,0.000000,0.000000,0.000000,0.000000,0.000000,0.000000,0.000000,0.005171,0.005171,0.000000,0.005171,0.005171,0.180702,0.165083,0.036868,0.000000,0.000000,0.000000,0.000000,0.000000,0.000000,0.163180,0.000000,0.000000,0.000000,0.000000,0.000000,0.000000
0.163533,0.163533,0.135693,0.109198,0.109198,0.109198,0.109198,0.109198,0.109198,0.109198,0.109198,0.109198,0.109198,0.109198,0.109198,0.109198,0.109198,0.109198,0.109198,0.120609,0.119542,0.119542,0.112174,0.063668,0.065430,0.073353,0.068727,0.068727,0.068727,0.068727,0.068727,0.068727,0.095221,6.787278,33.590320,75.611187,115.041197,162.672775,215.039034,266.314997,321.219709,374.383841,428.216185,490.419881,548.510446,602.150471,669.304440,721.231532,774.150351,815.386072,871.671067,931.448836,966.749054,1004.202304,1027.111159,1060.164328,1090.920286,1158.762859,1184.283062,1229.438544,1281.695772,1283.474461,1308.978415,1342.054795,1342.099995,1349.411727,1340.842944,1346.506839,1353.641516,1355.387088,1347.194869,1336.424603,1338.314536,1350.826532,1353.628384,1343.944779,1356.357900,1341.780356,1355.344570,1345.379635,1316.547133,1292.861207,1245.080573,1229.400663,1212.422570,1172.979297,1132.303369,1109.555621,1068.153290,1002.343244,982.270509,933.663757,892.455027,848.662994,800.767858,759.545071,703.312625,628.956331,557.821935,506.815704,452.733937,375.231501,317.582340,273.617089,225.673734,165.510818,127.578740,76.007603,31.971540,6.047643,0.000000,0.000000,0.000000,0.000000,0.000000,0.000000,0.000000,0.000000,0.000000,0.000000,0.000000,0.000000,0.000000,0.000000,0.000000,0.000000,0.000000,0.000000,0.118973,0.103354,0.146545,0.000000,0.000000,0.000000,0.000000,0.000000,0.000000,0.000000,0.000000,0.000000,0.000000,0.000000,0.000000,0.000000
0.174383,0.174383,0.115707,0.089213,0.120048,0.120048,0.089213,0.089213,0.089213,0.089213,0.089213,0.089213,0.089213,0.089213,0.089213,0.089213,0.089213,0.089213,0.089213,0.100623,0.099557,0.099557,0.092188,0.077896,0.107211,0.115133,0.110507,0.110507,0.110507,0.110507,0.110507,0.110507,0.137002,2.887525,27.946646,74.865939,121.856132,165.734566,212.851043,271.621000,322.705166,365.438999,425.590959,483.204793,558.424201,598.264262,666.625542,723.176177,779.168692,835.358496,882.954257,937.639249,973.646805,1035.492061,1067.978059,1107.166467,1137.301959,1168.300416,1195.386425,1212.189431,1244.071667,1278.738107,1303.714249,1324.710777,1342.504460,1385.264677,1379.979202,1381.635711,1403.180701,1436.440505,1439.044695,1445.243434,1450.001774,1463.270377,1446.703595,1448.172121,1468.963075,1466.625529,1444.654779,1418.381108,1366.297217,1345.564926,1305.278934,1263.746849,1239.153603,1196.510599,1162.118286,1126.751249,1093.910419,1044.316802,1003.151122,963.642803,918.149428,880.522510,814.816769,773.680298,724.672339,653.020421,578.208450,524.597911,478.292991,394.482218,336.157863,288.839072,237.309431,178.669304,123.606668,75.518931,27.140596,1.706182,0.000000,0.000000,0.000000,0.000000,0.000000,0.000000,0.000000,0.000000,0.000000,0.000000,0.000000,0.000000,0.000000,0.000000,0.000000,0.000000,0.000000,0.000000,0.062084,0.062084,0.000000,0.000000,0.000000,0.000000,0.000000,0.000000,0.000000,0.000000,0.000000,0.000000,0.000000,0.000000,0.000000,0.030455
0.230938,0.230938,0.203097,0.212546,0.176603,0.176603,0.176603,0.176603,0.176603,0.176603,0.176603,0.176603,0.176603,0.176603,0.176603,0.176603,0.176603,0.176603,0.176603,0.188014,0.186947,0.186947,0.179578,0.131073,0.024433,0.032356,0.027730,0.027730,0.027730,0.027730,0.027730,0.027730,0.010857,0.000000,22.403382,70.522723,113.504737,165.583866,218.156973,275.298582,330.731933,387.564115,445.062336,511.597501,579.460637,628.899465,691.667204,758.665322,824.295438,875.855963,924.678244,997.592729,1038.825038,1080.977978,1114.688362,1132.516601,1156.918926,1193.822205,1207.533856,1210.771533,1256.857082,1257.113564,1272.182038,1292.416223,1310.934678,1323.553812,1329.697497,1337.688617,1399.327707,1415.262038,1417.623218,1433.352770,1433.818402,1437.263832,1427.822659,1413.583622,1377.180324,1381.810896,1367.233816,1334.276703,1303.357244,1275.752961,1263.237552,1229.981836,1201.819108,1169.627490,1125.187738,1096.438360,1053.633030,1012.796317,958.277377,935.577448,897.002330,823.161673,782.234470,729.913924,686.611161,625.421866,570.950919,513.322044,470.137081,398.396269,339.325903,282.572065,228.801737,172.081498,120.865541,69.941321,25.123437,0.000000,0.052218,0.052218,0.052218,0.052218,0.000000,0.000000,0.052218,0.052218,0.040865,0.052218,0.052218,0.115170,0.115170,0.000000,0.000000,0.123261,0.123261,0.123261,0.277507,0.277507,0.170577,0.000000,0.000000,0.087010,0.073458,0.000000,0.073458,0.087010,0.087010,0.073458,0.087010,0.087010,0.000000,0.584382
0.219788,1.270420,0.191947,0.165453,0.134618,0.165453,0.165453,0.165453,0.165453,0.134618,0.134618,0.134618,0.165453,0.165453,0.134618,0.122085,0.165453,0.165453,0.165453,0.176864,0.175797,0.175797,0.137594,0.089088,0.000000,0.021206,0.016580,0.016580,0.016580,0.016580,0.016580,0.016580,0.030542,0.000000,19.834626,70.695148,113.052992,163.770469,217.138420,278.559677,328.639193,385.534088,444.368005,512.205172,580.806792,636.066485,707.961267,762.396067,817.118806,889.003963,954.222651,1023.810132,1077.091443,1103.277170,1148.314113,1194.594857,1221.094431,1259.815376,1299.376369,1332.945447,1357.845375,1377.033239,1367.402616,1378.161644,1383.393079,1411.110466,1417.353394,1429.646595,1449.188268,1475.107219,1474.095283,1476.527068,1476.113559,1465.155428,1457.034073,1441.579364,1425.069170,1418.094200,1380.071058,1353.881615,1327.917260,1299.096501,1252.265287,1243.412047,1171.055304,1143.175285,1088.774597,1054.362005,1011.588980,973.813466,941.611600,909.800966,867.290714,793.145393,741.632502,697.548443,645.701774,592.150776,531.126239,479.526942,414.453397,365.176559,300.626103,244.296066,203.499711,149.942167,99.949065,51.671238,13.695500,0.000000,0.027923,0.012304,0.012304,0.012304,0.041068,0.041068,0.012304,0.012304,0.012304,0.012304,0.012304,0.090875,0.090875,0.083347,0.083347,0.083347,0.083347,0.083347,0.253212,0.237593,0.117112,0.000000,0.000000,0.000000,0.000000,0.000000,0.000000,0.000000,0.000000,0.000000,0.000000,0.000000,0.000000,0.542397
0.161850,0.161850,0.103175,0.107515,0.107515,0.076680,0.076680,0.076680,0.107515,0.107515,0.107515,0.076680,0.076680,0.076680,0.107515,0.076680,0.107515,0.107515,0.076680,0.088091,0.117859,0.087024,0.079656,0.096198,0.094678,0.133435,0.128810,0.128810,0.128810,0.128810,0.128810,0.128810,0.155304,0.183145,21.295629,64.734597,108.528026,161.539398,215.435048,273.169077,327.045638,387.489505,456.335240,524.637729,591.790238,666.747168,714.908292,773.733739,843.886312,898.295358,964.448449,1004.808117,1057.630204,1100.038125,1141.084547,1193.940902,1228.730660,1234.949445,1285.394150,1324.670186,1359.457005,1368.408508,1362.751688,1379.354943,1393.645349,1436.373942,1413.262331,1422.860863,1456.440869,1507.815938,1504.227421,1509.564840,1507.143344,1503.852654,1493.269215,1454.004065,1440.815929,1422.608740,1407.544890,1385.466118,1384.674334,1352.414786,1343.320229,1313.377517,1278.711587,1212.693875,1182.443422,1154.030913,1105.688219,1086.064849,1015.871415,947.192224,909.995025,838.082393,768.992358,716.098145,644.705926,594.492145,529.279680,470.521860,409.086983,358.234370,290.721102,246.568054,202.349499,147.082591,94.524822,55.115863,15.624384,0.198786,0.042049,0.198786,0.198786,0.198786,0.198786,0.198786,0.198786,0.198786,0.198786,0.198786,0.198786,0.026430,0.042049,0.210297,0.210297,0.210297,0.210297,0.210297,0.207807,0.364543,0.071706,0.527827,0.527827,0.000000,0.000000,0.000000,0.527827,0.527827,0.527827,0.527827,0.527827,0.527827,0.000000,0.000000
0.000000,0.000000,0.000000,0.000000,0.000000,0.000000,0.000000,0.000000,0.000000,0.000000,0.000000,0.000000,0.000000,0.000000,0.000000,0.000000,0.643922,0.643922,0.643922,0.655332,0.623431,0.623431,0.528777,0.545320,0.574635,0.473097,0.468472,0.468472,0.499307,0.499307,0.499307,0.499307,0.525801,0.553642,16.103578,59.715345,103.802651,155.784388,212.463089,259.447658,320.599349,386.535705,436.207097,495.568535,565.619155,604.661264,667.230616,717.947085,767.809742,824.645356,881.771430,901.711306,967.139256,1014.185175,1055.090168,1095.011255,1152.005732,1172.929509,1206.212838,1269.546030,1313.523020,1333.774953,1364.790898,1369.109347,1423.081655,1429.443203,1437.862826,1471.725242,1506.299440,1532.276657,1557.543664,1556.981934,1573.267104,1532.478934,1495.298808,1466.205954,1440.719340,1418.800308,1387.277434,1371.685288,1356.762448,1327.190425,1312.697454,1279.590071,1205.655096,1165.313620,1134.468723,1105.647482,1056.846456,1036.277714,984.200575,935.284802,884.994765,806.988179,747.835186,680.491058,645.641172,594.370266,533.671255,485.942445,416.744188,362.891015,306.055851,256.896598,208.549739,148.669447,107.746183,55.200197,15.601549,0.642484,0.470129,0.642484,0.642484,0.642484,0.642484,0.642484,0.642484,0.470129,0.470129,0.642484,0.642484,0.470129,0.470129,0.653995,0.653995,0.653995,0.653995,0.000000,0.000000,0.000000,0.000000,0.228056,0.228056,0.228056,0.228056,0.228056,0.228056,0.228056,0.228056,0.228056,0.228056,0.228056,0.197221,0.000000
0.137639,0.137639,0.109798,0.070771,0.070771,0.000000,0.070771,0.070771,0.101606,0.070771,0.070771,0.101606,0.070771,0.070771,0.101606,0.101606,0.101606,0.101606,0.101606,0.113017,0.111950,0.081115,0.073747,0.090289,0.119604,0.127526,0.000000,0.000000,0.000000,0.000000,0.000000,0.000000,0.000000,0.000000,9.726103,52.079295,101.290210,150.319676,213.305221,262.031456,319.298337,386.105528,449.312799,517.254430,577.573211,638.803445,716.135325,752.610347,820.302754,875.791471,930.750991,996.695594,1030.825218,1084.303595,1116.844599,1170.499488,1213.831396,1254.090163,1282.711497,1309.786405,1377.395068,1416.508677,1431.712697,1447.106627,1503.960822,1503.657693,1491.178412,1496.082573,1504.652489,1526.623850,1516.858749,1517.761801,1520.761157,1493.622053,1477.288741,1452.484329,1437.210055,1418.226170,1412.936185,1404.820510,1396.262682,1380.907759,1360.592479,1349.867806,1290.180973,1220.398717,1208.384047,1177.158454,1128.075887,1093.282771,1048.926048,1000.188115,941.308721,856.507218,800.020592,723.706720,672.889957,627.634357,549.515110,496.351723,432.363633,371.081594,314.417582,250.749045,204.435173,147.328806,102.821433,49.589723,9.079972,0.000000,0.000000,0.000000,0.000000,0.000000,0.000000,0.000000,0.000000,0.406821,0.406821,0.406821,0.406821,0.315623,0.143267,0.146020,0.146020,0.146020,0.146020,0.154778,0.121596,0.321550,0.186475,0.000000,0.543740,0.000000,0.000000,0.000000,0.000000,0.000000,0.000000,0.000000,0.000000,0.000000,0.605249,0.574414
0.171062,0.171062,0.130689,0.000000,0.000000,0.104195,0.104195,0.104195,0.104195,0.104195,0.104195,0.104195,0.104195,0.104195,0.104195,0.104195,0.104195,0.104195,0.104195,0.115605,0.114539,0.114539,0.107170,0.058664,0.060426,0.068349,0.000000,0.000000,0.000000,0.000000,0.000000,0.000000,0.000000,0.000000,9.538585,49.200432,93.213694,142.948413,207.448056,251.336868,310.729775,370.491189,428.772451,493.662845,557.611688,619.114728,664.787115,732.982297,798.898382,852.557694,910.286771,951.044867,1002.764475,1029.640991,1076.808232,1094.007457,1132.604023,1149.124794,1180.951902,1222.446969,1271.907797,1287.860207,1310.161972,1341.641542,1343.904324,1342.892939,1354.850643,1361.904005,1374.952366,1409.140752,1412.878682,1419.294022,1431.666082,1421.500995,1404.597959,1397.525816,1409.556004,1384.816232,1358.315351,1364.768609,1340.383762,1320.185982,1291.522659,1262.533426,1221.387305,1186.500733,1142.016155,1125.581897,1074.344897,1027.846794,967.588050,937.150313,895.203685,823.105831,778.697682,712.095294,648.689863,601.115662,535.524154,477.121020,405.539523,343.867008,294.790317,244.275269,194.590533,138.223875,95.263203,43.647572,8.707949,0.000000,0.000000,0.000000,0.000000,0.000000,0.000000,0.000000,0.000000,0.000000,0.000000,0.000000,0.000000,0.000000,0.000000,0.000000,0.000000,0.000000,0.000000,0.000000,0.156536,0.156536,0.012702,0.585375,0.000000,0.000000,0.585375,0.000000,0.000000,0.000000,0.000000,0.000000,0.000000,0.000000,0.585375,0.585375
0.762366,0.774898,0.688577,0.662082,0.662082,0.674615,0.674615,0.621990,0.621990,0.621990,0.621990,0.621990,0.571704,0.571704,0.571704,0.571704,0.571704,0.571704,0.584237,0.595647,0.582048,0.582048,0.574680,0.478747,0.508062,0.515984,0.523891,0.523891,0.523891,0.523891,0.523891,0.523891,0.550386,0.611642,10.655239,48.624226,96.178560,144.562596,203.375093,256.427784,313.592537,375.927147,437.362036,502.912320,551.643050,613.713240,675.654078,738.756694,799.273995,866.164622,928.395953,988.129074,1039.639112,1096.332875,1116.937581,1150.624284,1199.544821,1216.731671,1256.823517,1260.937678,1303.199671,1333.594349,1353.813486,1379.482890,1427.720914,1423.683038,1464.345123,1451.349781,1494.018561,1500.742629,1500.241119,1511.758302,1507.789633,1502.127634,1475.560189,1462.951560,1427.024145,1437.592647,1412.081623,1386.297956,1350.870604,1339.639367,1303.703651,1284.160443,1249.543834,1198.538143,1167.603610,1128.988061,1079.494127,1034.933015,997.183381,945.334589,905.874295,842.597888,788.075210,716.946522,656.320427,619.050370,546.436337,487.524446,430.777024,367.909172,314.727223,262.306291,199.627038,147.195219,95.310569,45.014764,9.940791,0.443951,0.443951,0.443951,0.443951,0.443951,0.443951,0.443951,0.443951,0.443951,0.443951,0.443951,0.443951,0.443951,0.443951,0.523972,0.523972,0.523972,0.523972,0.523972,0.678218,0.678218,0.555669,0.488334,0.500866,0.500866,1.128343,1.128343,0.500866,0.500866,0.500866,0.500866,0.500866,0.500866,0.488334,1.159178
0.000000,0.000000,0.000000,0.000000,0.000000,0.000000,0.000000,0.000000,0.000000,0.000000,0.000000,0.000000,0.000000,0.000000,0.000000,0.000000,0.000000,0.000000,0.000000,0.000000,0.000000,0.000000,0.000000,0.000000,0.000000,0.000000,0.022925,0.048891,0.000000,0.000000,0.000000,0.000000,0.000000,0.000000,10.345354,43.565314,92.402821,136.297656,189.275417,242.931906,296.997639,354.414028,410.204701,466.651882,518.000437,574.026124,634.949878,695.540463,734.837243,819.050545,877.306231,955.808345,964.516129,1029.406460,1063.489462,1096.163907,1117.361719,1135.831590,1149.216185,1178.022501,1239.445815,1270.158476,1280.444880,1308.159519,1316.283065,1342.986778,1365.429934,1375.190506,1378.475769,1407.111898,1419.950188,1420.402860,1435.008743,1404.172478,1359.049631,1352.471671,1335.717354,1314.202204,1308.544835,1288.445180,1274.680279,1257.094578,1230.320934,1170.929169,1141.406384,1086.946557,1050.549565,1035.165303,976.102934,945.499029,901.793745,850.089466,809.835129,739.673159,698.988970,645.057076,591.527673,542.876318,494.009085,449.961579,407.121635,353.019769,298.257889,246.318113,200.782304,142.250814,88.843426,34.984367,6.051238,0.000000,0.000000,0.000000,0.000000,0.000000,0.000000,0.000000,0.000000,0.000000,0.000000,0.000000,0.000000,0.000000,0.000000,0.000000,0.000000,0.000000,0.000000,0.000000,0.000000,0.000000,0.000000,0.000000,0.000000,0.000000,0.000000,0.000000,0.000000,0.000000,0.000000,0.000000,0.000000,0.000000,0.000000,0.000000
0.000000,0.000000,0.000000,0.000000,0.000000,0.000000,0.000000,0.000000,0.000000,0.000000,0.000000,0.000000,0.000000,0.000000,0.000000,0.000000,0.000000,0.000000,0.000000,0.000000,0.000000,0.000000,0.000000,0.000000,0.000000,0.000000,0.038324,0.064291,0.000000,0.000000,0.000000,0.000000,0.000000,0.000000,6.572712,35.185920,81.241012,130.353710,180.401320,247.314805,308.899892,366.659305,427.832425,487.844695,543.104670,615.010577,657.686401,725.877248,786.105903,838.595321,906.232914,988.926086,1022.734240,1051.044687,1090.077668,1136.539764,1179.524398,1234.665640,1259.635909,1284.076204,1309.540192,1343.458236,1352.513674,1379.873243,1388.117969,1399.625213,1388.991090,1405.141832,1423.845068,1425.059433,1424.899008,1437.898137,1445.480862,1445.892050,1437.144370,1431.433732,1400.672195,1382.250306,1359.150961,1317.566542,1291.842744,1238.035434,1170.862678,1095.882211,1051.517106,1031.480151,1018.969239,955.338509,905.543257,871.405501,844.850029,793.597105,740.219442,699.024396,648.640898,611.025147,579.397875,511.345016,468.959646,419.479761,380.155128,326.244731,269.096952,219.021762,162.427236,126.468989,82.349336,29.978742,2.278596,0.000000,0.000000,0.000000,0.000000,0.000000,0.000000,0.000000,0.000000,0.000000,0.000000,0.000000,0.000000,0.000000,0.000000,0.000000,0.000000,0.000000,0.000000,0.000000,0.000000,0.772694,0.000000,0.000000,0.000000,0.000000,0.000000,0.000000,0.000000,0.000000,0.000000,0.000000,0.000000,0.000000,0.000000,0.000000
0.000000,0.000000,0.000000,0.000000,0.000000,0.000000,0.000000,0.000000,0.000000,0.000000,0.000000,0.000000,0.000000,0.000000,0.000000,0.000000,0.000000,0.000000,0.000000,0.000000,0.000000,0.000000,0.000000,0.000000,0.000000,0.000000,0.000000,0.000000,0.000000,0.000000,0.000000,0.000000,0.000000,0.000000,6.443745,34.852153,79.810752,128.234523,174.263069,232.359824,281.936320,343.231767,393.521524,449.162053,504.016466,564.458876,616.062133,680.677668,733.920197,804.827356,859.494378,914.677990,1004.777291,1066.138892,1105.346793,1158.019580,1192.311230,1241.590813,1281.360352,1318.899073,1365.984528,1400.924034,1414.724682,1452.524432,1453.792604,1461.848050,1455.253379,1467.089111,1477.619996,1486.112794,1494.450467,1503.822199,1529.870355,1526.476019,1532.825694,1520.716490,1502.650114,1467.023521,1463.647183,1437.013153,1420.005645,1367.420452,1313.622049,1263.407550,1212.809313,1144.984742,1115.784796,1057.710206,989.110408,951.256468,915.641380,877.718025,776.868373,734.134556,682.424830,634.859707,578.136347,513.805323,484.885602,428.872508,387.682609,321.872889,279.952349,220.196766,168.355074,118.591217,72.086444,29.863276,2.135867,0.000000,0.000000,0.000000,0.000000,0.000000,0.000000,0.000000,0.000000,0.000000,0.000000,0.000000,0.000000,0.000000,0.000000,0.000000,0.000000,0.000000,0.000000,0.000000,0.000000,0.000000,0.000000,0.000000,0.000000,0.000000,0.000000,0.000000,0.000000,0.000000,0.000000,0.000000,0.000000,0.000000,0.000000,0.000000
0.000000,0.000000,0.000000,0.000000,0.000000,0.000000,0.000000,0.000000,0.000000,0.000000,0.000000,0.000000,0.000000,0.000000,0.000000,0.000000,0.000000,0.000000,0.000000,0.000000,0.000000,0.000000,0.000000,0.000000,0.000000,0.000000,0.000000,0.000000,0.000000,0.000000,0.000000,0.000000,0.000000,0.000000,4.365824,30.020237,70.249207,117.049352,163.643294,222.022196,275.260717,325.170479,395.026357,434.942282,494.745544,555.816595,627.565982,673.146704,751.870895,804.213029,849.157975,916.440055,972.536704,1034.939915,1112.938387,1144.541745,1184.796142,1228.015130,1277.811779,1328.151333,1383.763194,1431.369980,1449.140764,1503.049906,1513.894663,1520.735801,1544.051524,1548.673018,1558.641387,1569.348365,1591.163228,1595.955625,1593.581509,1596.946767,1599.828463,1571.386273,1565.657858,1504.989949,1464.094191,1444.970051,1399.362903,1310.433720,1243.967774,1200.744436,1161.928372,1128.396920,1094.838945,1034.824695,974.242040,935.320199,901.576221,848.365993,788.065772,735.366027,697.514867,629.492179,587.350062,537.248775,491.017227,433.396796,384.344401,324.903298,270.753957,219.359467,168.243564,112.114122,69.139634,24.922542,3.225966,0.000000,0.000000,0.000000,0.000000,0.000000,0.000000,0.000000,0.000000,0.000000,0.000000,0.000000,0.000000,0.000000,0.000000,0.000000,0.000000,0.000000,0.000000,0.000000,0.000000,0.000000,0.000000,0.000000,0.000000,0.000000,0.000000,0.000000,0.000000,0.000000,0.000000,0.000000,0.000000,0.000000,0.000000,0.000000
0.000000,0.000000,0.000000,0.000000,0.000000,0.000000,0.000000,0.000000,0.000000,0.000000,0.000000,0.000000,0.000000,0.000000,0.000000,0.000000,0.000000,0.000000,0.000000,0.000000,0.000000,0.000000,0.000000,0.000000,0.000000,0.000000,0.000000,0.000000,0.000000,0.000000,0.000000,0.000000,0.000000,0.000000,3.163167,28.156801,67.128828,112.138729,156.153778,208.118170,256.757945,310.306644,364.107803,408.559493,453.824908,510.822951,562.844129,610.514165,677.686686,720.462713,762.999111,809.826300,842.031290,877.876644,948.104032,969.797985,991.162546,1011.435731,1066.914757,1151.271553,1180.094332,1215.701682,1246.149464,1305.469255,1324.570773,1414.342440,1438.961969,1439.216367,1424.846395,1411.976941,1386.901340,1373.944846,1381.635574,1390.124209,1380.987513,1402.702056,1407.978706,1389.085408,1371.810834,1329.821936,1298.782263,1233.339737,1198.128656,1169.943502,1129.100507,1100.779814,1061.365901,1015.906999,961.056222,935.181537,885.667811,847.349168,783.576351,733.200904,668.318304,615.415914,574.454211,511.447527,456.634565,414.267270,354.918643,309.593798,248.443558,205.272597,154.460534,108.333044,62.730903,24.431626,0.000000,0.000000,0.000000,0.000000,0.000000,0.000000,0.000000,0.000000,0.000000,0.000000,0.000000,0.000000,0.000000,0.000000,0.000000,0.000000,0.000000,0.000000,0.000000,0.020055,0.000000,0.020055,0.000000,0.000000,0.000000,0.000000,0.000000,0.000000,0.000000,0.000000,0.000000,0.000000,0.000000,0.000000,0.000000,0.000000
0.000000,0.000000,0.000000,0.000000,0.000000,0.000000,0.000000,0.000000,0.000000,0.000000,0.000000,0.000000,0.000000,0.000000,0.000000,0.000000,0.000000,0.000000,0.000000,0.000000,0.000000,0.000000,0.000000,0.000000,0.000000,0.000000,0.000000,0.000000,0.000000,0.000000,0.000000,0.000000,0.000000,0.000000,2.594389,22.106833,57.286569,102.670349,156.523998,209.949390,253.296979,308.649145,364.783653,424.118314,479.755448,540.110911,607.602272,663.130396,729.336994,787.588960,821.865014,925.310995,984.865685,1046.358275,1108.912803,1153.711415,1214.456112,1247.229204,1288.104520,1343.927786,1383.072231,1411.028455,1445.447372,1485.409700,1496.531562,1539.009811,1532.117407,1568.714269,1574.990838,1571.261153,1573.621787,1568.979131,1575.923525,1571.674915,1564.374044,1558.123894,1527.208128,1508.795757,1485.944422,1422.268307,1366.612107,1306.874004,1238.617595,1189.155538,1140.932056,1119.491929,1079.704903,1018.786999,958.833442,908.723155,880.003638,813.716830,755.683404,703.058217,652.744551,618.890471,564.121363,502.227822,451.369128,406.828035,357.289057,306.968938,252.089640,205.497516,154.057095,109.628818,52.098601,19.225543,0.000000,0.000000,0.000000,0.000000,0.000000,0.000000,0.000000,0.000000,0.000000,0.000000,0.000000,0.000000,0.000000,0.000000,0.000000,0.000000,0.000000,0.000000,0.000000,0.000000,0.000000,0.000000,0.000000,0.000000,0.000000,0.000000,0.000000,0.000000,0.000000,0.000000,0.000000,0.000000,0.000000,0.000000,0.000000,0.000000
0.000000,0.000000,0.000000,0.000000,0.000000,0.000000,0.000000,0.000000,0.000000,0.000000,0.000000,0.000000,0.000000,0.000000,0.000000,0.000000,0.000000,0.000000,0.000000,0.000000,0.000000,0.000000,0.000000,0.000000,0.000000,0.000000,0.000000,0.000000,0.000000,0.000000,0.000000,0.000000,0.000000,0.000000,2.206358,19.693348,57.054399,101.325236,147.817743,209.556504,249.555177,297.574003,362.486068,406.886490,460.625677,526.029283,593.684076,651.075323,701.448355,763.854076,793.665551,881.556369,931.995608,1000.039168,1048.036993,1089.941708,1130.134213,1190.522966,1216.886570,1236.094758,1250.473713,1287.939312,1298.713438,1329.453162,1377.179004,1400.000140,1406.643501,1377.882582,1364.749795,1377.704543,1353.833429,1360.767971,1374.457811,1378.563794,1365.732808,1384.006209,1376.280724,1368.170720,1344.954330,1302.474485,1259.991017,1217.116515,1170.213915,1088.996833,1025.569744,995.041709,950.958926,907.671558,835.498693,788.165335,776.627371,744.207421,693.648811,648.280751,608.299501,573.762171,537.914871,485.228635,444.809280,387.784638,347.120600,308.073803,259.147828,207.764898,155.852923,103.223432,49.755739,10.916713,0.000000,0.000000,0.000000,0.000000,0.000000,0.000000,0.000000,0.000000,0.000000,0.000000,0.000000,0.000000,0.000000,0.000000,0.000000,0.000000,0.000000,0.000000,0.000000,0.000000,0.000000,0.000000,0.000000,0.000000,0.000000,0.000000,0.000000,0.000000,0.000000,0.000000,0.000000,0.000000,0.000000,0.000000,0.000000,0.000000
0.000000,0.000000,0.000000,0.000000,0.000000,0.000000,0.000000,0.000000,0.000000,0.000000,0.000000,0.000000,0.000000,0.000000,0.000000,0.000000,0.000000,0.000000,0.000000,0.000000,0.000000,0.000000,0.000000,0.000000,0.000000,0.000000,0.000000,0.000000,0.000000,0.000000,0.000000,0.000000,0.000000,0.000000,0.282411,16.412470,54.196641,99.925306,142.485195,196.797606,246.948305,293.059308,356.983974,413.050914,466.769401,536.555240,595.627342,665.017124,719.668642,786.840271,805.444862,882.990978,920.158740,987.445202,1036.971885,1072.750936,1107.056020,1159.759399,1193.345979,1224.761137,1255.969405,1277.652444,1292.965113,1364.098197,1397.050907,1434.271885,1445.309357,1461.284770,1478.919648,1488.922046,1491.381606,1502.930162,1519.694427,1509.811331,1512.965806,1498.379596,1461.290672,1434.779645,1400.327474,1326.085938,1295.802350,1254.236785,1169.785845,1130.287367,1062.562600,1026.379496,1020.354775,972.451700,901.908125,873.043794,821.769661,771.358738,709.244575,645.929527,595.620791,558.783033,512.249530,460.856083,413.187765,373.462767,332.236366,285.843376,235.257644,184.493119,130.719119,90.519867,44.884765,10.909440,0.000000,0.000000,0.000000,0.000000,0.000000,0.000000,0.000000,0.000000,0.000000,0.000000,0.000000,0.000000,0.000000,0.000000,0.000000,0.000000,0.000000,0.000000,0.000000,0.000000,0.000000,0.000000,0.000000,0.000000,0.000000,0.000000,0.000000,0.000000,0.000000,0.000000,0.000000,0.000000,0.000000,0.000000,0.000000,0.000000
0.000000,0.000000,0.000000,0.000000,0.000000,0.000000,0.000000,0.000000,0.000000,0.000000,0.000000,0.000000,0.000000,0.000000,0.000000,0.000000,0.000000,0.000000,0.000000,0.000000,0.000000,0.000000,0.000000,0.000000,0.000000,0.000000,0.000000,0.000000,0.000000,0.000000,0.000000,0.000000,0.000000,0.000000,0.000000,12.783869,48.882071,98.195865,143.071450,197.349351,247.634497,300.119395,364.500907,422.686491,471.215500,544.264157,621.784980,676.836487,738.932150,791.777072,830.052062,881.608069,925.453818,1006.325531,1034.823605,1096.941449,1166.374357,1227.050125,1269.504671,1288.132272,1328.183894,1362.462153,1410.726717,1445.255914,1454.989307,1491.318959,1511.643419,1537.865843,1553.250197,1550.608492,1545.061950,1552.632541,1552.714096,1519.032706,1487.747489,1474.952869,1443.735785,1426.988384,1411.316229,1361.651299,1325.056598,1289.453359,1255.987672,1230.086256,1173.298558,1121.549729,1079.080335,1021.859125,974.563455,919.659839,848.139493,792.497278,755.536184,702.095949,639.401315,596.175613,567.042617,497.783691,453.440882,400.972327,353.894256,310.941119,252.144709,193.244270,141.744554,91.755265,45.663573,5.980710,0.000000,0.000000,0.000000,0.000000,0.000000,0.000000,0.000000,0.000000,0.000000,0.000000,0.000000,0.000000,0.000000,0.000000,0.000000,0.000000,0.000000,0.000000,0.000000,0.000000,0.000000,0.000000,0.000000,0.000000,0.000000,0.000000,0.000000,0.000000,0.000000,0.000000,0.000000,0.000000,0.000000,0.000000,0.000000,0.000000
0.000000,0.000000,0.000000,0.000000,0.000000,0.000000,0.000000,0.012392,0.012392,0.000000,0.000000,0.000000,0.000000,0.000000,0.000000,0.000000,0.000000,0.000000,0.000000,0.000000,0.000000,0.000000,0.000000,0.000000,0.000000,0.000000,0.076390,0.102356,0.000000,0.000000,0.000000,0.000000,0.000000,0.000000,0.242837,7.645947,48.992302,96.510235,142.808646,204.042761,255.513071,308.659349,371.369009,423.935720,470.382834,536.354234,608.363996,667.074158,709.539336,771.747738,809.402848,860.158967,919.304885,979.133917,1013.097417,1069.118658,1115.417732,1184.383278,1226.635693,1246.565521,1287.930666,1310.130037,1343.327458,1390.472819,1421.530197,1460.142192,1469.379012,1474.368121,1479.727546,1473.211093,1443.685355,1449.689435,1458.233781,1491.496128,1494.285213,1496.159002,1482.145306,1450.650910,1429.527313,1390.676584,1360.537365,1315.641674,1251.037295,1213.743295,1169.940110,1107.284979,1086.866639,1016.595341,963.224188,926.759656,882.624559,821.324572,771.552021,716.056625,643.927425,614.928690,553.441715,496.304163,446.866699,395.052591,349.092731,298.386290,240.810165,196.607238,136.791050,95.008008,46.222839,2.316661,0.000000,0.000000,0.000000,0.000000,0.000000,0.000000,0.000000,0.000000,0.000000,0.000000,0.000000,0.000000,0.000000,0.000000,0.000000,0.000000,0.000000,0.000000,0.000000,0.000000,0.000000,0.810759,0.031729,0.000000,0.000000,0.000000,0.000000,0.000000,0.000000,0.000000,0.000000,0.000000,0.000000,0.000000,0.000000,0.000000
0.000000,0.000000,0.000000,0.000000,0.000000,0.000000,0.000000,0.000000,0.000000,0.000000,0.000000,0.000000,0.000000,0.000000,0.000000,0.000000,0.000000,0.000000,0.000000,0.000000,0.000000,0.000000,0.000000,0.000000,0.000000,0.000000,0.000000,0.000000,0.000000,0.000000,0.000000,0.000000,0.000000,0.717305,0.000000,5.425339,42.094679,86.149911,136.192368,197.942985,246.329619,300.729973,355.521964,409.176890,457.174280,523.426810,596.493147,648.013097,705.979365,756.627048,787.308492,837.703232,890.115278,946.203889,998.526725,1057.132550,1134.229003,1175.586010,1225.054412,1277.425301,1342.388986,1411.919753,1438.487705,1497.369146,1523.169463,1537.620285,1545.324723,1558.231186,1557.981044,1560.710522,1552.211446,1540.120456,1565.448316,1564.046331,1540.777051,1527.197600,1511.305319,1499.096393,1456.561835,1402.146165,1350.498436,1279.198144,1228.847500,1168.983517,1125.096283,1068.801581,1029.629144,978.246361,922.624310,890.904896,840.103403,774.466777,741.371123,680.158799,637.579980,597.915113,544.443025,490.857206,444.686739,394.561080,346.485396,287.273902,234.893980,190.390629,132.758248,86.663557,36.416768,0.000000,0.000000,0.000000,0.000000,0.000000,0.000000,0.000000,0.000000,0.000000,0.000000,0.000000,0.000000,0.000000,0.000000,0.000000,0.000000,0.000000,0.000000,0.000000,0.000000,0.000000,0.000000,0.000000,0.000000,0.000000,0.000000,0.000000,0.000000,0.000000,0.000000,0.000000,0.000000,0.000000,0.000000,0.000000,0.000000,0.000000
0.000000,0.000000,0.000000,0.000000,0.000000,0.000000,0.000000,0.000000,0.000000,0.000000,0.000000,0.000000,0.000000,0.000000,0.000000,0.000000,0.000000,0.000000,0.000000,0.000000,0.000000,0.000000,0.000000,0.000000,0.000000,0.000000,0.000000,0.000000,0.000000,0.000000,0.000000,0.000000,0.000000,0.469868,0.000000,4.157687,36.888663,82.150268,127.279996,177.782401,236.842996,282.002451,330.832727,395.417220,443.549790,487.138528,557.029817,591.951367,654.744994,720.681723,775.279522,814.045031,883.425470,945.487987,996.101903,1038.818498,1092.200071,1144.431188,1195.236087,1205.849613,1236.046557,1263.098952,1307.334630,1352.465706,1390.762585,1408.613766,1432.896366,1433.144783,1446.134985,1461.756354,1455.402827,1445.103634,1473.881779,1477.071767,1490.142931,1480.428516,1472.763718,1465.767189,1448.123998,1367.341947,1331.498195,1255.505891,1221.154681,1175.726422,1122.977733,1077.471669,1056.534910,995.225238,949.990000,920.695380,876.094496,794.964337,755.129063,713.946760,652.776362,614.596939,568.831904,502.522009,445.599192,400.178398,348.920428,285.845630,235.465286,173.575190,130.068595,81.073765,30.869733,0.000000,0.000000,0.000000,0.000000,0.000000,0.000000,0.000000,0.000000,0.000000,0.102021,0.102021,0.102021,0.102021,0.102021,0.102021,0.102021,0.120104,0.120104,0.147294,0.112783,0.112783,0.112783,0.112783,0.144922,0.000000,0.000000,0.000000,0.000000,0.000000,0.000000,0.000000,0.000000,0.000000,0.000000,0.000000,0.000000,0.000000
0.000000,0.000000,0.000000,0.000000,0.000000,0.000000,0.000000,0.000000,0.000000,0.000000,0.000000,0.000000,0.000000,0.000000,0.000000,0.000000,0.000000,0.000000,0.000000,0.000000,0.000000,0.000000,0.000000,0.000000,0.000000,0.000000,0.000000,0.000000,0.000000,0.000000,0.000000,0.000000,0.000000,0.381312,0.000000,1.565573,36.015093,77.950390,121.723851,178.821045,235.142006,287.455066,341.555734,399.177679,454.386799,511.640378,578.000925,645.940717,686.898979,751.702478,781.066085,827.042707,921.465653,994.198145,1030.644375,1083.281152,1136.392072,1189.418066,1228.580774,1243.366474,1264.433877,1308.717412,1342.633019,1376.928411,1422.278883,1445.433960,1451.443736,1457.926352,1461.787081,1482.753159,1468.454661,1455.468122,1463.417873,1475.056464,1461.643771,1415.347135,1403.352280,1350.980531,1329.758387,1282.888819,1229.376500,1182.796165,1131.970400,1102.549014,1055.284388,1023.564749,980.492519,904.314301,831.255986,780.914503,764.716733,717.369032,632.654854,585.019717,543.214064,505.457505,467.198543,410.092312,375.323868,344.683439,310.485457,247.988502,199.929492,153.436396,108.214818,68.981383,29.987202,0.000000,0.000000,0.000000,0.000000,0.000000,0.000000,0.000000,0.000000,0.000000,0.000000,0.000000,0.000000,0.000000,0.000000,0.000000,0.000000,0.000000,0.000000,0.000000,0.000000,0.000000,0.000000,0.000000,0.000000,0.000000,0.000000,0.000000,0.000000,0.000000,0.000000,0.000000,0.000000,0.000000,0.000000,0.000000,0.000000,0.000000
0.000000,0.000000,0.000000,0.000000,0.000000,0.000000,0.000000,0.000000,0.000000,0.000000,0.000000,0.000000,0.000000,0.000000,0.000000,0.000000,0.000000,0.000000,0.000000,0.000000,0.000000,0.000000,0.000000,0.000000,0.000000,0.000000,0.022925,0.048891,0.000000,0.000000,0.000000,0.000000,0.000000,0.869515,0.291275,1.656509,29.418223,75.559385,119.638821,171.295832,228.503106,279.786531,334.748898,396.181158,445.295498,502.383010,564.673840,626.319975,677.297722,743.316888,798.393403,831.889459,884.081377,966.857432,1024.627532,1054.917172,1117.857316,1158.907578,1196.078641,1223.587691,1257.841832,1282.799120,1305.194161,1352.535693,1363.976130,1375.010055,1387.995185,1445.476301,1490.698022,1504.049352,1494.733688,1491.103334,1515.514522,1521.146726,1509.388531,1488.319106,1479.596004,1450.594366,1414.024025,1354.180091,1305.155251,1267.186332,1222.554843,1181.823792,1140.896011,1071.636198,1007.411436,946.262730,875.697308,822.529407,767.473153,705.692373,672.804832,625.180543,590.847235,553.952684,508.854869,450.716739,395.855513,355.911739,310.917127,255.560346,199.565607,153.619368,106.770458,66.242632,29.417234,0.000000,0.000000,0.000000,0.000000,0.000000,0.000000,0.000000,0.000000,0.000000,0.000000,0.000000,0.000000,0.000000,0.000000,0.000000,0.000000,0.000000,0.000000,0.000000,0.000000,0.000000,0.000000,0.000000,0.000000,0.000000,0.000000,0.000000,0.000000,0.000000,0.000000,0.000000,0.000000,0.000000,0.000000,0.000000,0.000000,0.000000
0.187331,0.187331,0.187331,0.187331,0.187331,0.187331,0.187331,0.192882,0.246354,0.246354,0.239391,0.239391,0.239391,0.239391,0.239391,0.239391,0.239391,0.239391,0.239391,0.239391,0.251429,0.293320,0.336347,0.323199,0.323199,0.296564,0.296564,0.328174,0.328174,0.328174,0.328174,0.328174,0.328174,0.338950,0.000000,0.000000,23.571569,61.328452,108.260083,154.218714,207.201611,260.918503,309.520695,361.845312,413.620537,467.802164,524.975602,561.325425,611.297198,658.576695,703.774147,761.676673,842.695578,894.876751,930.284237,979.713025,1039.446948,1096.695822,1149.637315,1183.038718,1225.030505,1259.406853,1311.054775,1352.313879,1356.060029,1386.298728,1413.677770,1427.012278,1458.223680,1461.526962,1467.928292,1474.418520,1464.198300,1483.682137,1473.761976,1473.886032,1465.462717,1449.260257,1415.489710,1388.488628,1347.650416,1329.945903,1285.323151,1220.079207,1180.398880,1133.316807,1083.254943,1030.789744,975.206092,940.966877,888.549245,826.524259,790.437792,757.683781,690.752938,610.330697,542.818421,501.507422,432.624672,378.022867,328.255415,265.481050,210.809771,157.384202,107.235396,52.260744,17.386662,0.000000,0.000000,0.000000,0.000000,0.000000,0.000000,0.000000,0.000000,0.000000,0.000000,0.000000,0.000000,0.000000,0.013263,0.013263,0.013263,0.000000,0.000000,0.145039,0.000000,0.145039,0.145039,0.000000,0.000000,0.000000,0.000000,0.000000,0.000000,0.000000,0.000000,0.000000,0.000000,0.000000,0.000000,0.000000,0.000000,0.000000
0.086956,0.086956,0.086956,0.086956,0.086956,0.086956,0.086956,0.086956,0.086956,0.086956,0.079993,0.079993,0.079993,0.079993,0.079993,0.079993,0.079993,0.079993,0.079993,0.079993,0.092031,0.133922,0.176949,0.163801,0.163801,0.137167,0.137167,0.168776,0.168776,0.168776,0.168776,0.168776,0.168776,0.179552,0.000000,0.000000,18.629903,52.582509,103.850027,159.581849,206.026122,257.886965,314.354519,369.118817,426.969378,480.017996,526.600732,564.689423,626.697819,665.371619,719.999061,753.219642,833.402753,866.141889,908.303620,956.586088,995.716294,1038.154702,1091.701807,1114.569578,1148.376054,1185.275759,1227.804921,1272.062046,1273.911660,1297.996356,1340.602009,1345.208099,1337.636696,1346.389455,1377.263694,1368.101024,1378.119282,1390.613886,1389.692833,1389.785850,1370.755238,1362.095794,1321.370769,1298.456302,1268.956872,1247.060507,1237.345794,1188.195367,1162.103858,1122.056610,1081.527947,1035.923537,987.370421,941.730584,893.100693,814.113519,780.215411,721.961798,666.626443,574.788835,528.147348,463.861976,407.767863,359.041296,312.465346,251.874861,201.613447,148.452695,99.121425,54.101986,15.569440,0.000000,0.000000,0.000000,0.000000,0.000000,0.000000,0.000000,0.000000,0.000000,0.000000,0.000000,0.000000,0.000000,0.000000,0.000000,0.000000,0.000000,0.000000,0.000000,0.000000,0.000000,0.000000,0.000000,0.000000,0.000000,0.000000,0.000000,0.000000,0.000000,0.000000,0.000000,0.000000,0.000000,0.000000,0.000000,0.000000,0.000000
0.000000,0.000000,0.000000,0.000000,0.000000,0.000000,0.000000,0.000000,0.000000,0.000000,0.000000,0.000000,0.000000,0.000000,0.000000,0.000000,0.000000,0.000000,0.000000,0.000000,0.000000,0.019749,0.062777,0.049628,0.049628,0.016030,0.016030,0.047640,0.047640,0.047640,0.047640,0.047640,0.047640,0.058416,0.000000,0.000000,15.261209,54.115293,98.557511,153.675897,203.844212,255.544074,314.429601,368.465357,424.666749,483.368125,533.405656,566.026578,626.990636,667.656228,706.694643,759.078840,792.970791,848.483132,878.968749,931.306323,981.000069,997.944785,1019.509547,1050.736408,1086.342787,1107.180172,1151.947163,1178.338986,1181.115929,1207.708136,1249.238470,1272.831815,1269.680235,1279.803323,1303.675992,1318.697494,1323.302323,1332.828114,1326.967026,1314.595847,1279.864992,1257.285546,1246.985749,1225.383280,1214.850678,1175.032678,1134.993415,1105.386969,1074.203255,1051.307952,1009.308976,929.722134,889.330793,845.353758,808.872624,767.522142,719.614221,670.304215,610.254994,543.212886,488.786678,444.378780,388.419543,341.728211,299.467122,244.705109,187.618015,141.868843,98.116808,37.214584,12.259503,0.000000,0.000000,0.000000,0.000000,0.000000,0.000000,0.000000,0.000000,0.000000,0.000000,0.000000,0.000000,0.000000,0.000000,0.000000,0.000000,0.000000,0.000000,0.000000,0.000000,0.000000,0.000000,0.000000,0.000000,0.000000,0.000000,0.000000,0.000000,0.000000,0.000000,0.000000,0.000000,0.000000,0.000000,0.000000,0.000000,0.000000
0.212998,0.212998,0.212998,0.212998,0.212998,0.212998,0.212998,0.201817,0.190584,0.190584,0.190584,0.190584,0.190584,0.190584,0.190584,0.190584,0.190584,0.190584,0.190584,0.190584,0.202623,0.244514,0.287541,0.274392,0.274392,0.240795,0.240795,0.272404,0.272404,0.272404,0.272404,0.272404,0.272404,0.146041,0.272404,0.008921,15.351607,52.055326,97.000644,151.977101,202.440052,255.434631,307.601416,361.852564,416.589136,483.262682,549.354456,574.580815,633.595901,699.864947,734.642999,790.614729,872.521316,914.109753,960.436902,1026.437680,1072.496258,1116.858795,1176.038723,1242.077663,1256.268087,1282.207714,1314.011183,1344.901367,1343.421998,1354.370763,1363.788219,1403.219892,1405.617954,1406.427752,1413.036541,1434.731024,1426.676339,1431.794631,1458.574698,1455.391246,1436.774565,1409.954755,1395.337593,1374.954383,1341.080606,1319.307757,1257.893573,1218.145729,1164.632624,1123.653480,1065.550207,1006.018492,961.498115,883.819348,839.336100,761.400588,740.016328,694.452529,624.571349,570.639368,524.079855,475.043566,404.910589,359.264685,312.255100,248.341473,198.596941,147.537465,101.775423,41.208433,15.242806,0.000000,0.000000,0.000000,0.000000,0.000000,0.000000,0.000000,0.000000,0.000000,0.000000,0.000000,0.000000,0.000000,0.000000,0.000000,0.000000,0.019927,0.019927,0.000000,0.000000,0.000000,0.000000,0.019927,0.000000,0.000000,0.000000,0.000000,0.000000,0.000000,0.000000,0.000000,0.000000,0.000000,0.000000,0.000000,0.000000,0.000000
0.162925,0.158081,0.158081,0.158081,0.158081,0.158081,0.158081,0.158081,0.158081,0.191239,0.191239,0.158081,0.158081,0.158081,0.158081,0.158081,0.158081,0.158081,0.158081,0.158081,0.170120,0.212011,0.255038,0.241889,0.241889,0.208292,0.208292,0.239901,0.239901,0.239901,0.239901,0.239901,0.239901,0.383606,0.244744,2.661194,18.952419,51.428290,101.069484,155.824690,204.460092,254.063845,311.406629,374.615122,426.516082,497.309721,557.888823,610.392068,680.542434,741.468609,800.635879,845.073806,912.146531,968.028544,999.724175,1047.348273,1080.597038,1104.282603,1145.656596,1162.312212,1173.782975,1208.179124,1241.699559,1287.020874,1313.617774,1320.633138,1323.199899,1367.733657,1385.360445,1394.766184,1393.559789,1398.103865,1415.648045,1393.716652,1365.082933,1335.270859,1327.036916,1310.028117,1280.203617,1262.900958,1232.561147,1234.305260,1202.839175,1176.177031,1153.245697,1146.713288,1098.691551,1043.194814,999.688366,971.400956,934.715355,858.130951,815.185059,740.428425,694.258644,621.129869,553.157148,500.079383,439.069411,377.431168,317.013332,251.688296,204.744089,146.696948,98.502830,47.539933,11.755487,0.000000,0.000000,0.000000,0.000000,0.000000,0.000000,0.000000,0.000000,0.000000,0.000000,0.000000,0.000000,0.000000,0.000000,0.000000,0.000000,0.000000,0.000000,0.000000,0.000000,0.000000,0.000000,0.000000,0.000000,0.000000,0.000000,0.000000,0.000000,0.000000,0.000000,0.000000,0.000000,0.000000,0.000000,0.000000,0.000000,0.000000
0.046615,0.041771,0.041771,0.041771,0.041771,0.041771,0.074929,0.074929,0.041771,0.074929,0.074929,0.041771,0.041771,0.041771,0.041771,0.041771,0.041771,0.041771,0.041771,0.041771,0.053810,0.095700,0.138728,0.125579,0.125579,0.091982,0.091982,0.123591,0.123591,0.123591,0.123591,0.123591,0.123591,0.267296,0.164258,1.225267,8.682209,44.294381,92.337788,139.812324,196.607372,243.473949,303.428934,350.515481,410.810964,467.767620,522.041728,571.305344,637.488513,707.842894,754.368498,797.852378,860.187103,910.506381,961.372290,1003.767281,1067.984881,1100.574525,1143.481451,1162.136598,1188.354936,1213.786948,1247.510179,1279.992303,1288.476461,1330.873746,1329.584829,1376.844380,1376.852715,1362.680844,1365.365503,1378.575255,1385.767077,1372.415188,1342.390911,1339.904073,1339.345231,1314.901846,1285.339470,1240.720548,1215.666635,1200.161322,1173.722916,1149.642207,1106.142920,1090.173166,1053.586145,1011.507977,944.371033,890.412312,846.356459,783.616050,726.593356,664.097221,593.450443,562.668446,486.713438,436.216338,386.403790,342.506375,283.844154,228.705700,183.820642,135.465559,88.456214,43.499568,10.247996,0.000000,0.000000,0.000000,0.000000,0.000000,0.000000,0.000000,0.000000,0.000000,0.000000,0.000000,0.000000,0.000000,0.000000,0.000000,0.000000,0.000000,0.000000,0.000000,0.000000,0.000000,0.000000,0.000000,0.000000,0.000000,0.000000,0.000000,0.000000,0.000000,0.000000,0.000000,0.000000,0.000000,0.000000,0.000000,0.000000,0.000000
0.007528,0.007528,0.007528,0.007528,0.007528,0.007528,0.007528,0.007528,0.007528,0.007528,0.000564,0.000564,0.000564,0.000564,0.000564,0.000564,0.000564,0.000564,0.000564,0.000564,0.012603,0.054493,0.097521,0.084372,0.084372,0.057738,0.057738,0.089348,0.089348,0.089348,0.089348,0.089348,0.089348,0.089348,0.000000,0.000000,6.570775,35.153223,81.039086,128.138366,173.953662,232.237393,278.199392,339.239275,402.408891,465.145110,519.881178,589.889562,653.078966,698.615851,760.377446,812.585680,874.845226,933.360086,981.070986,1020.073615,1071.667090,1104.408301,1148.000494,1174.148798,1218.609521,1240.284418,1259.987239,1299.577746,1333.659316,1358.436867,1389.786893,1427.834519,1454.415008,1475.797827,1500.344820,1527.078859,1501.139572,1480.736627,1426.367200,1390.312415,1356.358650,1337.596879,1294.905985,1220.040338,1188.601171,1167.032422,1116.290310,1057.729992,1050.440509,1007.369943,980.133675,930.925409,883.257303,833.602858,792.905290,726.261573,685.967935,636.421192,577.849160,537.546366,469.595229,419.050411,378.392375,328.177752,280.198563,228.832087,178.733426,135.071433,89.699623,38.436851,6.507559,0.000000,0.000000,0.000000,0.000000,0.000000,0.000000,0.000000,0.000000,0.000000,0.000000,0.000000,0.000000,0.000000,0.000000,0.000000,0.000000,0.000000,0.000000,0.000000,0.000000,0.000000,0.000000,0.000000,0.000000,0.000000,0.000000,0.000000,0.000000,0.000000,0.000000,0.000000,0.000000,0.000000,0.000000,0.000000,0.000000,0.000000
0.240615,0.240615,0.240615,0.240615,0.240615,0.240615,0.240615,0.240615,0.240615,0.240615,0.233652,0.233652,0.233652,0.233652,0.233652,0.233652,0.233652,0.233652,0.233652,0.233652,0.245690,0.287581,0.330609,0.317460,0.317460,0.290826,0.290826,0.322435,0.322435,0.322435,0.322435,0.322435,0.322435,0.322435,0.000000,0.000000,1.837888,29.262168,71.036946,129.865335,172.057995,232.744578,287.149174,357.235351,409.981448,469.708031,524.104878,569.267811,618.927468,665.568648,739.530958,771.454540,864.168363,902.677965,970.931312,1011.819979,1064.424857,1117.327462,1144.412479,1181.271013,1218.909329,1225.093060,1267.381205,1292.842365,1306.187205,1316.158006,1322.584671,1349.173564,1368.151709,1378.313101,1378.461704,1390.579920,1405.980235,1395.841269,1366.196793,1348.035094,1333.699529,1313.021468,1262.521773,1246.146689,1212.641778,1184.865234,1167.280963,1128.041217,1068.127396,1039.291284,1003.776500,966.575957,889.563142,859.841064,814.003166,764.276885,716.963109,670.265191,630.000952,578.632435,510.112486,460.992047,416.547908,358.641162,299.127095,240.017677,183.193456,133.680374,84.277829,20.272496,0.000000,0.045102,0.045102,0.045102,0.045102,0.045102,0.045102,0.045102,0.045102,0.045102,0.000000,0.000000,0.000000,0.045102,0.071175,0.071175,0.071175,0.057018,0.000000,0.057018,0.000000,0.057018,0.057018,0.000000,0.000000,0.000000,0.000000,0.000000,0.000000,0.000000,0.000000,0.000000,0.000000,0.000000,0.000000,0.000000,0.000000,0.000000
0.000000,0.000000,0.000000,0.000000,0.000000,0.000000,0.000000,0.000000,0.000000,0.000000,0.000000,0.000000,0.000000,0.000000,0.000000,0.000000,0.000000,0.000000,0.000000,0.000000,0.011344,0.053234,0.096262,0.083113,0.083113,0.049515,0.049515,0.081125,0.081125,0.081125,0.081125,0.081125,0.081125,0.081125,0.000000,0.000000,3.563674,31.212118,83.570515,136.996724,181.134716,242.797799,292.666116,358.467439,413.718031,463.823420,516.438997,556.437289,630.747084,666.866065,698.397199,751.065712,812.469401,865.274385,891.177296,960.147706,968.627494,979.662668,1001.814114,1037.306051,1085.350837,1095.837634,1128.476045,1168.904582,1194.430755,1230.697620,1276.220086,1307.746656,1339.474243,1348.853715,1363.230167,1372.089167,1381.660899,1381.232498,1372.406487,1349.883989,1319.407648,1275.335859,1260.316735,1218.738452,1177.608119,1137.632927,1122.728877,1082.227310,1044.933853,1018.975747,964.588727,914.675841,908.862553,863.756606,818.812585,741.353125,697.302624,658.846552,613.270501,548.205890,486.402414,432.820705,392.297756,343.102564,285.294844,238.945859,180.011093,137.064180,90.772462,19.280017,0.561967,0.000000,0.000000,0.000000,0.000000,0.000000,0.000000,0.000000,0.000000,0.000000,0.000000,0.000000,0.000000,0.000000,0.000000,0.000000,0.000000,0.000000,0.000000,0.000000,0.000000,0.000000,0.000000,0.000000,0.000000,0.000000,0.000000,0.000000,0.000000,0.000000,0.000000,0.000000,0.000000,0.000000,0.000000,0.000000,0.000000,0.000000
0.000000,0.000000,0.000000,0.000000,0.000000,0.000000,0.000000,0.000000,0.000000,0.000000,0.000000,0.000000,0.000000,0.000000,0.000000,0.000000,0.000000,0.000000,0.000000,0.000000,0.000000,0.000000,0.000000,0.000000,0.000000,0.000000,0.000000,0.000000,0.000000,0.000000,0.000000,0.000000,0.000000,0.000000,0.000000,0.000000,0.000000,29.955785,78.362501,135.593028,182.057281,243.225313,298.384862,355.224057,419.669010,476.661085,531.763304,576.968924,646.715239,686.741959,733.797773,778.372209,845.240391,907.928550,950.940149,998.613109,1040.354156,1081.464600,1127.693432,1163.532879,1164.436203,1172.332081,1243.745200,1255.897890,1289.314117,1315.599373,1343.528940,1350.140598,1360.999029,1371.261752,1377.194259,1376.035599,1386.403269,1391.699072,1386.589090,1376.856522,1360.144138,1332.781836,1317.218528,1274.726397,1232.369679,1196.369929,1169.522869,1153.136622,1123.711972,1098.003867,1047.925312,1022.265261,972.554549,933.374663,879.773834,820.104001,757.129501,738.913458,672.811882,608.551020,535.738918,498.328692,435.565421,375.796877,323.282131,253.040454,201.361883,143.950839,92.305558,27.931386,0.000000,0.000000,0.000000,0.000000,0.000000,0.000000,0.000000,0.000000,0.000000,0.000000,0.000000,0.000000,0.000000,0.000000,0.000000,0.000000,0.000000,0.000000,0.000000,0.000000,0.000000,0.000000,0.000000,0.000000,0.000000,0.000000,0.000000,0.000000,0.000000,0.000000,0.000000,0.000000,0.000000,0.000000,0.000000,0.000000,0.000000,0.000000
0.000000,0.000000,0.000000,0.000000,0.000000,0.000000,0.000000,0.000000,0.000000,0.000000,0.000000,0.000000,0.000000,0.000000,0.000000,0.000000,0.000000,0.000000,0.000000,0.000000,0.000000,0.000000,0.000000,0.000000,0.000000,0.000000,0.000000,0.000000,0.000000,0.000000,0.000000,0.000000,0.000000,0.000000,0.135311,1.895459,1.854977,26.627538,82.644819,139.443255,192.428605,243.642581,298.922932,352.605789,403.821564,452.675337,503.964888,543.938110,598.090888,668.495594,708.049224,750.431336,792.484918,815.457807,849.551975,908.681150,940.355309,989.760570,1000.326910,1011.595658,1047.062356,1111.491419,1133.159853,1176.125722,1182.758089,1184.046220,1207.231704,1216.376807,1257.996334,1250.821966,1269.889255,1295.752488,1292.657410,1296.695341,1299.977866,1279.401098,1255.194428,1236.923104,1222.495323,1205.371083,1171.550541,1152.344916,1121.811361,1073.581490,1052.591916,1031.517719,1015.230288,962.994915,916.976525,886.121562,840.539728,787.699512,727.856357,700.617651,652.157543,574.388226,527.909865,470.655973,409.545034,364.872411,315.243775,247.906128,189.556341,133.386607,84.212974,27.053611,0.892445,0.544684,0.544684,0.544684,0.544684,0.544684,0.544684,0.544684,0.544684,0.544684,0.544684,0.544684,0.544684,0.544684,0.570757,0.570757,0.570757,0.715121,0.715121,0.584033,0.584033,0.584033,0.584033,0.584033,1.571428,0.628564,0.739111,0.595406,0.595406,0.628564,0.655636,0.622478,0.622478,0.622478,0.622478,0.622478,0.622478,0.766183
0.524605,0.519762,0.417118,0.417118,0.417118,0.417118,0.450275,0.417118,0.417118,0.417118,0.417118,0.450275,0.417118,0.417118,0.233330,0.417118,0.417118,0.417118,0.450275,0.417118,0.429156,0.471047,0.514074,0.500926,0.500926,0.467328,0.467328,0.498938,0.498938,0.498938,0.498938,0.498938,0.498938,0.457877,0.359635,1.885360,1.997418,22.572078,72.162061,131.221677,187.200304,241.204619,291.218454,359.132572,410.393541,460.881247,518.321696,572.736952,622.415201,693.504202,760.633027,812.148439,860.652340,932.126218,959.556932,1004.758584,1031.269371,1041.082529,1043.894744,1068.304363,1138.154555,1168.044203,1203.450439,1244.854996,1248.725553,1262.505670,1285.684196,1288.315748,1304.036088,1314.049628,1312.607586,1327.664620,1342.129233,1384.763542,1383.300872,1394.562509,1396.581075,1366.875730,1336.130227,1309.357509,1264.332537,1219.855410,1170.330401,1146.140139,1118.403291,1110.534860,1097.097809,1055.833363,1014.298907,961.213994,909.969060,857.657963,802.246803,737.559001,688.268364,610.373315,550.668757,488.256964,428.377157,376.544050,315.670845,245.156829,187.846874,127.449291,68.331602,15.155925,0.100534,0.595493,0.492408,0.595493,0.595493,0.595493,0.595493,0.595493,0.595493,0.595493,0.595493,0.595493,0.595493,0.595493,0.621566,0.621566,0.621566,0.000000,0.000000,0.000000,0.000000,0.000000,0.000000,0.000000,0.000000,0.000000,0.000000,0.000000,0.000000,0.000000,0.004884,0.004884,0.000000,0.000000,0.000000,0.000000,0.000000,0.004884
0.453973,0.166241,0.022537,0.022537,0.000000,0.000000,0.000000,0.000000,0.034923,0.034923,0.034923,0.034923,0.034923,0.034923,0.178627,0.034923,0.034923,0.034923,0.068081,0.034923,0.046961,0.088852,0.131880,0.118731,0.118731,0.085133,0.085133,0.116743,0.116743,0.116743,0.116743,0.116743,0.116743,0.116743,0.337213,3.168788,3.168788,20.763050,76.297122,133.310274,188.006874,246.651624,305.456758,371.943218,435.509339,499.682191,551.316651,616.970889,705.829782,758.632646,818.019044,880.597160,943.120166,1003.834625,1061.971657,1104.873378,1131.089328,1195.775227,1254.388193,1307.480258,1352.652200,1360.583634,1403.434931,1437.365909,1436.946081,1434.324389,1421.294194,1442.204315,1451.273935,1471.485795,1487.569027,1499.077447,1497.703319,1467.492455,1432.876149,1392.172904,1351.719851,1320.262899,1300.428336,1307.290815,1251.933674,1250.328907,1219.831986,1205.345793,1176.068519,1101.120927,1062.563242,1031.049154,986.401608,929.945422,859.690896,814.207074,760.571420,713.347726,652.718524,576.976649,518.161353,464.420986,403.884268,358.566889,299.656359,238.343425,173.211270,117.001732,68.014092,11.502790,0.000000,0.000000,0.000000,0.000000,0.000000,0.000000,0.000000,0.000000,0.000000,0.000000,0.000000,0.000000,0.000000,0.000000,0.000000,0.000000,0.000000,0.010990,0.010990,0.010990,0.010990,0.010990,0.010990,0.010990,0.000000,0.034980,0.000000,0.000000,0.000000,0.000000,0.000000,0.066679,0.000000,0.000000,0.000000,0.000000,0.000000,0.000000
0.163657,0.163657,0.163657,0.163657,0.163657,0.163657,0.163657,0.163657,0.163657,0.163657,0.156693,0.156693,0.156693,0.156693,0.156693,0.156693,0.156693,0.156693,0.156693,0.156693,0.168732,0.210622,0.253650,0.240501,0.240501,0.213867,0.213867,0.245477,0.245477,0.245477,0.245477,0.245477,0.245477,0.245477,0.000000,0.013706,0.013706,13.990401,67.458663,124.548400,177.838062,238.686058,291.263331,349.629486,413.287172,464.835276,530.343424,579.800603,646.440955,711.552420,760.785762,809.885259,862.056168,922.955802,970.380241,1023.202783,1063.874494,1094.029890,1138.511388,1184.092090,1218.082096,1237.907422,1251.750058,1293.180902,1307.763935,1355.264434,1349.391753,1355.349421,1377.870984,1375.765335,1400.633517,1407.791970,1424.212544,1419.143645,1419.982295,1421.455497,1387.356017,1366.782777,1341.204215,1300.874720,1258.500940,1242.310296,1194.122918,1168.059538,1142.939396,1094.477420,1072.647909,1029.856493,980.882341,920.105817,861.332006,819.965176,772.458186,719.825345,659.339503,606.238866,541.236448,494.817069,429.228940,369.250270,294.176219,238.467708,171.873596,116.905491,65.815992,11.683562,0.532128,0.000000,0.000000,0.000000,0.000000,0.000000,0.000000,0.000000,0.000000,0.000000,0.000000,0.000000,0.000000,0.000000,0.000000,0.000000,0.000000,0.138580,0.138580,0.138580,0.138580,0.138580,0.000000,0.138580,0.000000,0.000000,0.196766,0.000000,0.000000,0.000000,0.000000,0.000000,0.000000,0.000000,0.000000,0.000000,0.000000,0.000000
0.000000,0.000000,0.000000,0.000000,0.000000,0.000000,0.000000,0.000000,0.000000,0.000000,0.000000,0.000000,0.000000,0.000000,0.000000,0.000000,0.000000,0.000000,0.000000,0.000000,0.000000,0.000000,0.000000,0.000000,0.000000,0.000000,0.000000,0.000000,0.000000,0.000000,0.000000,0.000000,0.000000,0.000000,0.000000,0.000000,0.000000,11.628381,57.712627,109.126797,171.324434,227.197887,269.806984,339.194432,404.978602,470.936709,511.839735,568.660857,635.020327,684.061028,743.040127,809.644419,851.093505,896.637476,951.201108,1005.091212,1069.089640,1135.475210,1188.632726,1255.352970,1272.686115,1290.339945,1319.675982,1359.415945,1356.922076,1377.332500,1369.369094,1381.993935,1390.705657,1402.201735,1424.993363,1415.406964,1420.083039,1429.425595,1424.456607,1414.548358,1407.633662,1395.542176,1363.932751,1340.864990,1299.270163,1278.646470,1241.528635,1221.284416,1174.407749,1134.497346,1072.667513,1024.463087,973.084025,929.803350,881.516315,816.330475,764.337408,713.914497,643.703623,593.644687,531.457880,474.541498,417.968568,359.145242,289.144155,227.369903,171.569616,119.336035,60.985760,14.000314,0.000000,0.000000,0.000000,0.000000,0.000000,0.000000,0.000000,0.000000,0.000000,0.000000,0.000000,0.000000,0.000000,0.000000,0.000000,0.000000,0.000000,0.000000,0.000000,0.000000,0.000000,0.000000,0.000000,0.000000,0.000000,0.000000,0.000000,0.000000,0.000000,0.000000,0.000000,0.000000,0.000000,0.000000,0.000000,0.000000,0.000000,0.000000
0.000000,0.000000,0.000000,0.000000,0.000000,0.000000,0.000000,0.000000,0.000000,0.000000,0.000000,0.000000,0.000000,0.000000,0.000000,0.000000,0.000000,0.000000,0.000000,0.000000,0.000000,0.000000,0.000000,0.000000,0.000000,0.000000,0.000000,0.000000,0.000000,0.000000,0.000000,0.000000,0.000000,0.000000,0.000000,0.000000,0.000000,7.554750,48.800533,102.345006,153.801210,208.228533,260.899933,310.628585,377.925613,436.283645,485.916678,534.044081,590.433918,643.901333,709.987487,792.296568,825.832367,874.030115,893.513932,958.798346,1019.593276,1053.954449,1107.128639,1135.818700,1165.500258,1197.114244,1241.816377,1311.180843,1286.864490,1298.508699,1317.958320,1315.722394,1335.969293,1352.095970,1402.793139,1404.210014,1427.729254,1431.569691,1421.304198,1409.332907,1402.337272,1377.295296,1367.643127,1336.480429,1278.559778,1254.814675,1194.474293,1167.460875,1129.967598,1105.309478,1070.436884,1022.438898,943.550820,921.899673,852.106779,794.034198,730.778681,680.328245,603.543767,571.970688,505.331722,454.744579,396.185910,332.731472,270.271067,226.263620,167.382296,115.242913,59.370079,17.211388,0.000000,0.000000,0.000000,0.000000,0.000000,0.000000,0.000000,0.000000,0.000000,0.000000,0.000000,0.000000,0.000000,0.000000,0.000000,0.000000,0.000000,0.000000,0.000000,0.000000,0.000000,0.000000,0.000000,0.000000,0.000000,0.000000,0.000000,0.000000,0.000000,0.000000,0.000000,0.000000,0.000000,0.000000,0.000000,0.000000,0.000000,0.000000
0.000000,0.000000,0.000000,0.000000,0.000000,0.000000,0.000000,0.000000,0.000000,0.000000,0.000000,0.000000,0.000000,0.000000,0.000000,0.000000,0.000000,0.000000,0.000000,0.000000,0.000000,0.000000,0.000000,0.000000,0.000000,0.000000,0.000000,0.000000,0.000000,0.000000,0.000000,0.000000,0.000000,0.000000,0.000000,0.000000,0.000000,7.092722,45.299533,95.458385,143.918682,202.129885,260.679847,312.743566,388.645912,448.949147,496.174639,548.337265,597.962788,652.913474,702.492365,767.283436,802.490848,866.966495,884.212469,940.955619,1009.243654,1032.529141,1092.910954,1144.719723,1153.095620,1209.158429,1266.831987,1322.112323,1365.932357,1395.904601,1401.987294,1404.698082,1403.756535,1410.392606,1432.551309,1427.054514,1427.944733,1432.588284,1439.127471,1437.759689,1421.554346,1383.994892,1373.892709,1350.289252,1318.538706,1284.828739,1259.216160,1208.007819,1173.882734,1141.585386,1105.645587,1053.454994,987.171590,926.286822,872.596484,800.468637,739.939415,682.228194,612.657592,569.644006,508.170604,450.949549,396.341715,326.455565,273.595430,221.141870,169.514729,110.032760,52.059169,14.936542,0.000000,0.000000,0.000000,0.000000,0.000000,0.000000,0.000000,0.000000,0.000000,0.000000,0.000000,0.000000,0.000000,0.000000,0.000000,0.000000,0.000000,0.000000,0.000000,0.000000,0.000000,0.000000,0.000000,0.000000,0.000000,0.000000,0.000000,0.000000,0.000000,0.000000,0.000000,0.000000,0.000000,0.000000,0.000000,0.000000,0.000000,0.000000
0.262675,0.262675,0.236978,0.207753,0.207753,0.199977,0.199977,0.199977,0.199977,0.199977,0.098302,0.098302,0.098302,0.098302,0.098302,0.098302,0.098302,0.098302,0.093831,0.114642,0.114642,0.114642,0.145262,0.155080,0.155080,0.272040,0.272040,0.444197,0.444197,0.444197,0.451973,0.451973,0.481198,0.506895,1.072453,2.068474,2.068474,10.752478,43.849587,95.000845,142.921413,199.758059,249.415152,311.569834,371.543825,439.470517,497.850334,567.600946,606.392092,675.482020,721.810282,785.762076,846.974874,871.722224,912.344929,956.713494,1026.838731,1066.036404,1103.019624,1161.023670,1219.015533,1234.722007,1263.194395,1308.972517,1330.489515,1342.778613,1344.777910,1373.439800,1390.242934,1405.295022,1437.578776,1453.889657,1456.958597,1454.653936,1450.571208,1446.641694,1432.464934,1405.131586,1368.602377,1363.695952,1321.831552,1311.187866,1273.098852,1248.195792,1201.135525,1160.520613,1099.101046,1060.078606,1016.059066,950.780974,879.308976,815.361710,764.762955,697.983787,648.283064,584.050648,526.021182,466.124522,400.217391,334.888236,275.793849,222.701821,160.129079,105.883286,51.638611,9.612148,0.000000,0.000000,0.000000,0.000000,0.000000,0.000000,0.000000,0.000000,0.000000,0.000000,0.000000,0.000000,0.000000,0.000000,0.000000,0.000000,0.000000,0.000000,0.000000,0.000000,0.000000,0.000000,0.000000,0.000000,0.341513,0.000000,0.000000,0.000000,0.000000,0.000000,0.000000,0.000000,0.000000,0.000000,0.000000,0.000000,0.000000,0.000000
0.076346,0.076346,0.050649,0.026301,0.036471,0.018524,0.013648,0.013648,0.013648,0.013648,0.013648,0.013648,0.013648,0.013648,0.013648,0.013648,0.013648,0.013648,0.009176,0.029988,0.890803,0.029988,0.060607,0.070425,0.070425,0.085711,0.085711,0.257868,0.257868,0.257868,0.265644,0.265644,0.294869,0.281584,0.411130,1.422263,1.585071,7.324961,38.204486,84.487514,134.101243,188.795409,244.289707,308.699853,372.809111,440.746771,508.665019,575.053134,617.995796,696.129486,749.616981,819.721630,896.612523,932.028141,984.483531,1059.836511,1135.060595,1170.697722,1236.940182,1272.287902,1290.384186,1330.690029,1383.171444,1408.168497,1426.583574,1445.705800,1452.020913,1458.369345,1462.671848,1459.956556,1481.423326,1493.504521,1496.970291,1498.514719,1500.652020,1488.795335,1472.085844,1456.546034,1440.490726,1409.847803,1377.425149,1334.605534,1307.598224,1284.299409,1239.226353,1222.935977,1176.158137,1131.345377,1070.523650,1025.323699,948.974953,891.298062,824.433030,754.045295,684.671901,619.194592,550.627561,506.667599,430.926745,357.130772,296.413260,219.748205,159.878466,111.824377,48.530285,7.742781,0.000000,0.000000,0.000000,0.000000,0.000000,0.000000,0.000000,0.000000,0.000000,0.000000,0.000000,0.000000,0.000000,0.000000,0.000000,0.000000,0.000000,0.000000,0.000000,0.000000,0.000000,0.000000,0.000000,0.000000,0.000000,0.000000,0.000000,0.000000,0.000000,0.000000,0.000000,0.000000,0.000000,0.000000,0.000000,0.000000,0.000000,0.000000
0.000000,0.000000,0.000000,0.000000,0.000000,0.000000,0.000000,0.000000,0.000000,0.000000,0.000000,0.000000,0.000000,0.000000,0.000000,0.000000,0.000000,0.000000,0.000000,0.000000,0.000000,0.000000,0.000000,0.000000,0.000000,0.000000,0.000000,0.036612,0.036612,0.041488,0.044388,0.044388,0.073613,0.137825,0.921308,1.428249,2.030896,7.106467,34.476240,88.071244,144.495512,196.870927,256.489794,329.640715,395.586193,457.969377,529.365218,566.818890,636.389438,693.150609,760.170885,820.585252,866.604478,924.735973,981.035099,1029.918686,1090.125087,1133.191234,1191.692064,1215.404489,1239.663758,1286.011975,1318.557010,1337.352991,1354.002357,1392.711761,1389.172701,1389.543473,1394.637893,1405.856636,1394.653810,1411.509855,1425.417645,1430.846006,1431.849467,1411.844702,1374.329792,1327.566236,1326.145074,1315.316424,1289.886344,1257.117548,1253.160121,1218.896269,1166.359845,1126.846751,1098.079143,1057.816837,962.770828,918.178264,854.979285,788.009846,715.013774,667.398302,612.923422,555.709551,485.180937,432.906101,377.626680,313.926641,255.358027,200.722815,136.311270,83.478992,32.395650,2.378610,0.000000,0.000000,0.000000,0.000000,0.000000,0.000000,0.000000,0.000000,0.000000,0.000000,0.000000,0.000000,0.000000,0.000000,0.000000,0.000000,0.000000,0.000000,0.000000,0.000000,0.000000,0.000000,0.000000,0.000000,0.000000,0.000000,0.000000,0.000000,0.000000,0.000000,0.000000,0.000000,0.000000,0.000000,0.000000,0.000000,0.000000,0.000000
0.080703,0.080703,0.055006,0.025781,0.025781,0.013461,0.013461,0.013461,0.013461,0.013461,0.000000,0.000000,0.000000,0.000000,0.000000,0.000000,0.000000,0.000000,0.000000,0.000000,0.000000,0.000000,0.000000,0.000000,0.000000,0.085524,0.085524,0.235122,0.235122,0.235122,0.247441,0.247441,0.276666,0.307239,1.605233,2.030625,2.030625,6.852886,34.939143,88.282352,141.446577,197.234664,251.360568,314.261544,377.879822,440.553739,495.880170,540.424002,599.378400,662.409535,741.197515,800.413845,884.836469,935.413725,994.390264,1046.932215,1090.089337,1125.055464,1181.148415,1211.764187,1240.680375,1275.395361,1292.078360,1337.723323,1348.279573,1379.484814,1395.440319,1403.542685,1383.541131,1386.947849,1397.329485,1422.643638,1426.848220,1421.031624,1424.663857,1409.347706,1386.582673,1370.473508,1347.961150,1299.081459,1275.211931,1251.324041,1225.479071,1125.569704,1075.798722,1052.420658,1049.635518,1007.285865,948.557326,921.655247,861.915293,795.375068,734.073056,677.733361,601.816488,557.771291,481.276162,425.044618,364.324594,304.835933,250.354771,190.847677,131.204097,83.818147,31.727947,4.014011,0.000000,0.000000,0.000000,0.000000,0.000000,0.000000,0.000000,0.000000,0.000000,0.000000,0.000000,0.000000,0.000000,0.000000,0.000000,0.000000,0.000000,0.000000,0.000000,0.000000,0.000000,0.000000,0.000000,0.000000,0.000000,0.000000,0.000000,0.000000,0.000000,0.000000,0.000000,0.000000,0.000000,0.000000,0.000000,0.000000,0.000000,0.000000
0.000000,0.000000,0.000000,0.000000,0.000000,0.000000,0.000000,0.000000,0.000000,0.000000,0.000000,0.000000,0.000000,0.000000,0.000000,0.000000,0.000000,0.000000,0.000000,0.000000,0.000000,0.000000,0.000000,0.000000,0.000000,0.000000,0.000000,0.059692,0.059692,0.059692,0.072012,0.072012,0.101237,0.126933,0.262713,0.345618,0.345618,1.908148,26.913428,74.533495,130.170467,188.876761,236.752121,298.626790,365.421191,425.555980,482.211347,521.465877,583.830163,635.169630,698.327065,764.309929,827.332484,876.334070,941.565458,992.241059,1044.201091,1070.002609,1105.751945,1150.486064,1185.092569,1220.184224,1267.851012,1311.255922,1331.176531,1371.150208,1369.271738,1364.645862,1382.497867,1380.627226,1402.770019,1411.255797,1401.305449,1392.676586,1372.282773,1335.237041,1312.303611,1290.375523,1291.530010,1268.840905,1254.671414,1222.421744,1177.790859,1137.937799,1097.893133,1049.828919,1032.812049,967.437705,905.497094,874.462426,826.246875,761.161491,686.653941,635.198945,589.358679,542.011870,461.833012,399.103488,343.245463,294.854057,244.129149,181.677186,126.722908,71.224485,26.396029,7.927424,0.988254,0.000000,0.000000,0.000000,0.000000,0.000000,0.000000,0.000000,0.000000,0.000000,0.000000,0.000000,0.000000,0.000000,0.000000,0.000000,0.000000,0.000000,0.000000,0.000000,0.000000,0.000000,0.000000,0.000000,0.000000,0.000000,0.000000,0.000000,0.000000,0.000000,0.000000,0.000000,0.000000,0.000000,0.000000,0.000000,0.000000,0.000000
0.111421,0.111421,0.085724,0.056500,0.056500,0.044180,0.044180,0.044180,0.044180,0.044180,0.000000,0.000000,0.000000,0.000000,0.000000,0.000000,0.000000,0.000000,0.000000,0.000000,0.000000,0.000000,0.000000,0.000000,0.000000,0.116243,0.116243,0.265840,0.265840,0.265840,0.278160,0.278160,0.307385,0.333082,0.483625,0.551766,0.551766,2.114296,22.661303,66.580993,128.081766,187.850484,235.725844,295.773265,359.627004,418.481713,479.573083,519.319892,574.656975,625.685098,687.813256,746.767348,814.288084,860.660469,919.904307,978.946061,1036.203918,1083.741883,1169.745468,1224.762338,1233.826371,1269.911606,1321.133837,1360.051322,1366.952516,1401.213947,1403.769995,1421.889770,1451.325014,1452.200117,1470.595253,1479.661736,1479.720432,1478.781935,1448.548415,1447.000509,1414.362819,1378.131630,1343.073419,1324.626084,1256.426608,1225.953336,1182.426226,1175.566743,1123.779471,1087.762068,1017.503003,960.708837,909.505932,848.640192,815.908286,757.677584,718.717464,648.488018,588.859396,555.699449,475.898932,416.199171,358.104681,291.349210,243.562231,181.472178,124.976263,71.534548,22.861259,8.576054,1.333831,0.000000,0.000000,0.000000,0.000000,0.000000,0.000000,0.000000,0.000000,0.000000,0.000000,0.000000,0.000000,0.000000,0.000000,0.000000,0.000000,0.000000,0.000000,0.000000,0.000000,0.000000,0.000000,0.000000,0.000000,0.000000,0.000000,0.000000,0.000000,0.000000,0.000000,0.000000,0.000000,0.000000,0.000000,0.000000,0.000000,0.000000
0.000000,0.000000,0.000000,0.000000,0.000000,0.000000,0.000000,0.000000,0.000000,0.000000,0.000000,0.000000,0.000000,0.000000,0.000000,0.000000,0.000000,0.000000,0.000000,0.000000,0.000000,0.000000,0.000000,0.000000,0.000000,0.000000,0.000000,0.110597,0.110597,0.110597,0.122916,0.122916,0.152141,0.177838,0.396677,0.389362,0.389362,0.633485,19.103086,60.012218,110.802101,172.703167,236.350104,287.513027,353.834969,425.092673,486.036664,538.909679,618.861858,658.391000,727.817816,792.478693,838.705694,909.265313,967.510659,1019.013045,1079.683520,1125.292916,1202.520595,1228.643705,1250.838001,1292.443227,1315.238684,1362.887916,1374.124604,1397.790327,1402.070004,1421.080836,1417.615677,1436.143017,1439.724519,1441.146463,1451.581106,1454.587440,1437.477196,1449.249181,1417.017529,1414.963450,1392.802424,1367.550640,1321.847866,1303.035255,1276.372370,1263.334351,1202.145904,1141.620255,1085.673096,1054.352614,966.030363,911.733469,857.934574,800.307532,742.798129,684.670100,622.567239,537.270501,487.049518,439.186487,370.410495,306.372994,250.230101,182.341511,120.992087,68.269252,21.755079,1.198098,0.000000,0.000000,0.000000,0.000000,0.000000,0.000000,0.000000,0.000000,0.000000,0.000000,0.000000,0.000000,0.000000,0.000000,0.000000,0.000000,0.000000,0.000000,0.000000,0.000000,0.000000,0.000000,0.000000,0.000000,0.000000,0.000000,0.000000,0.000000,0.000000,0.000000,0.000000,0.000000,0.000000,0.000000,0.000000,0.000000,0.000000,0.000000
0.364232,0.364232,0.338535,0.309311,0.309311,0.296991,0.296991,0.296991,0.296991,0.296991,0.195316,0.195316,0.195316,0.195316,0.195316,0.195316,0.195316,0.195316,0.190845,0.211657,0.211657,0.211657,0.242276,0.252094,0.252094,0.369054,0.369054,0.518651,0.518651,0.518651,0.530971,0.530971,0.560196,0.585893,1.149823,1.370203,1.370203,1.370203,19.936064,66.113228,117.689632,170.384842,238.147864,287.525257,368.228157,423.631215,501.444108,557.190772,625.426109,680.125931,743.805145,803.494765,850.221280,923.965636,979.616200,1032.488403,1078.409764,1107.208030,1161.343327,1200.661346,1216.224965,1231.013569,1270.540187,1341.002402,1354.329946,1394.323835,1395.396052,1424.100530,1428.682238,1426.334622,1424.195134,1433.056737,1420.105693,1399.260041,1362.266160,1337.941693,1321.452771,1297.076688,1279.975623,1254.686941,1185.741904,1130.919668,1112.860751,1077.129528,1052.424840,1008.359801,959.495693,920.510753,851.702324,820.614896,755.847581,727.894516,650.834891,601.351756,570.383226,490.703986,433.023267,371.052672,321.077615,271.705687,216.489925,156.915116,106.802875,53.998372,9.278699,0.000000,0.000000,0.000000,0.000000,0.000000,0.000000,0.000000,0.000000,0.000000,0.000000,0.000000,0.000000,0.000000,0.000000,0.000000,0.000000,0.000000,0.000000,0.000000,0.000000,0.000000,0.000000,0.000000,0.000000,0.000000,0.000000,0.000000,0.000000,0.000000,0.000000,0.000000,0.000000,0.000000,0.000000,0.000000,0.000000,0.000000,0.000000,0.000000
0.105620,0.105620,0.183263,0.149162,0.149162,0.141718,0.141718,0.136842,0.136842,0.136842,0.035167,0.040044,0.040044,0.035167,0.035167,0.035167,0.040044,0.035167,0.030696,0.051508,0.051508,0.051508,0.082127,0.091945,0.091945,0.208905,0.208905,0.358502,0.358502,0.358502,0.370822,0.370822,0.400047,0.327280,0.440507,0.629592,0.792400,0.792400,15.563298,60.131592,117.762301,169.332841,225.031923,280.420842,341.696033,407.446546,472.056156,530.968529,591.457472,656.059210,720.497270,784.656211,835.150902,890.811726,947.410271,1024.278960,1057.051320,1116.321983,1164.100035,1206.816760,1216.105158,1233.775460,1271.886738,1352.753142,1367.904339,1393.013212,1402.700303,1426.528574,1433.009683,1434.294362,1436.780673,1444.579996,1451.218369,1450.126435,1440.929228,1432.005973,1422.447807,1371.272559,1349.592197,1284.673309,1226.865664,1222.114763,1179.118438,1166.577928,1124.809900,1063.038437,977.079258,908.436121,845.734637,786.568867,733.508848,677.058029,633.682251,598.125522,545.058972,480.315952,422.221433,359.137482,311.770835,259.403874,206.039936,155.550193,103.230321,45.449984,7.019269,0.000000,0.000000,0.000000,0.000000,0.000000,0.000000,0.000000,0.000000,0.000000,0.000000,0.000000,0.000000,0.000000,0.000000,0.000000,0.000000,0.000000,0.000000,0.000000,0.000000,0.000000,0.000000,0.000000,0.000000,0.000000,0.000000,0.000000,0.000000,0.000000,0.000000,0.000000,0.000000,0.000000,0.000000,0.000000,0.000000,0.000000,0.000000,0.000000
0.000000,0.000000,0.000000,0.000000,0.000000,0.000000,0.000000,0.000000,0.000000,0.000000,0.000000,0.000000,0.000000,0.000000,0.000000,0.000000,0.000000,0.000000,0.000000,0.000000,0.000000,0.000000,0.000000,0.000000,0.000000,0.000000,0.000000,0.143665,0.143665,0.143665,0.155985,0.155985,0.185209,0.112443,0.949846,0.533442,0.000000,0.000000,7.421767,49.193422,113.530993,161.655135,216.383321,265.188780,320.051449,369.330209,435.290652,477.848333,552.316832,581.685274,657.673813,718.475058,767.642111,819.409678,853.166406,905.818926,946.372321,1013.787417,1070.228291,1093.221618,1139.522776,1178.996984,1191.542818,1268.008090,1261.469473,1297.408752,1314.732601,1352.021421,1375.578167,1376.349997,1372.353397,1370.502910,1386.469936,1384.972912,1387.712508,1384.911908,1376.405443,1348.321641,1303.217271,1258.303520,1202.521353,1190.264267,1144.250170,1102.807036,1017.801252,973.205346,924.969897,863.633152,813.563694,769.098328,719.704859,679.067220,652.460828,587.876804,548.181284,466.962129,419.697939,362.004807,309.531685,254.207456,200.489968,145.386919,95.251511,44.131264,3.366868,0.000000,0.000000,0.000000,0.000000,0.000000,0.000000,0.000000,0.000000,0.000000,0.000000,0.000000,0.000000,0.000000,0.000000,0.000000,0.000000,0.000000,0.000000,0.000000,0.000000,0.000000,0.000000,0.000000,0.000000,0.000000,0.000000,0.000000,0.000000,0.000000,0.000000,0.000000,0.000000,0.000000,0.000000,0.000000,0.000000,0.000000,0.000000,0.000000
0.149395,0.149395,0.123698,0.094473,0.094473,0.082153,0.082153,0.082153,0.082153,0.082153,0.000000,0.000000,0.000000,0.000000,0.000000,0.000000,0.000000,0.000000,0.000000,0.000000,0.000000,0.000000,0.027439,0.037257,0.037257,0.154216,0.154216,0.303814,0.303814,0.303814,0.316134,0.316134,0.345358,0.371055,1.673925,2.099317,2.099317,2.099317,6.921578,48.407802,102.269882,157.524270,213.550606,267.174583,323.515364,386.057571,448.174646,502.097475,557.790698,637.379068,702.741650,762.758669,817.539622,871.009396,925.122076,973.316694,1031.702054,1065.115747,1106.149687,1136.947449,1152.706791,1192.911729,1198.839019,1257.666247,1307.454799,1354.184639,1356.424322,1372.387630,1380.381157,1390.412834,1382.158908,1376.397236,1375.432123,1366.167542,1343.586801,1309.686123,1294.495599,1267.638703,1214.992337,1172.269381,1142.319957,1121.153437,1098.869084,1069.822017,1007.794517,959.932872,946.089656,890.022431,842.992080,783.347582,739.873123,683.386403,642.909151,582.059226,531.938374,472.446175,419.173330,364.750064,308.085992,251.477013,206.614026,151.106713,101.480437,45.196606,5.260997,0.000000,0.000000,0.000000,0.000000,0.000000,0.000000,0.000000,0.000000,0.000000,0.000000,0.000000,0.000000,0.000000,0.000000,0.000000,0.000000,0.000000,0.000000,0.000000,0.000000,0.000000,0.000000,0.000000,0.000000,0.000000,0.000000,0.000000,0.000000,0.000000,0.000000,0.000000,0.000000,0.000000,0.000000,0.000000,0.000000,0.000000,0.000000,0.298292
0.000000,0.000000,0.000000,0.000000,0.000000,0.000000,0.000000,0.000000,0.000000,0.000000,0.000000,0.000000,0.000000,0.000000,0.000000,0.000000,0.000000,0.000000,0.000000,0.000000,0.000000,0.000000,0.000000,0.000000,0.000000,0.000000,0.000000,0.000000,0.000000,0.000000,0.000000,0.000000,0.000000,0.000000,0.000000,0.000000,0.000000,0.000000,0.000000,28.290871,78.499950,129.974742,181.851830,234.593225,296.783309,350.440434,410.812371,462.202537,530.436513,574.823390,630.494409,676.510971,710.353271,774.864783,787.709062,836.677648,870.521172,931.437083,968.030739,1021.469577,1072.821048,1119.341078,1156.440401,1180.787396,1199.108788,1253.527838,1276.291308,1295.127035,1299.060574,1327.865465,1351.675219,1349.030871,1350.898006,1351.288794,1345.781138,1324.084411,1285.801461,1266.379659,1220.545426,1203.522469,1176.209408,1142.886845,1125.207190,1082.135797,1018.476188,989.257214,945.083481,902.817807,845.087742,808.109999,771.671040,725.702830,674.380741,621.318185,555.213448,486.902395,439.194817,374.991825,314.143701,255.419530,198.526140,141.429269,95.138135,38.967577,0.000000,0.000000,0.000000,0.000000,0.000000,0.000000,0.000000,0.000000,0.000000,0.000000,0.000000,0.000000,0.000000,0.000000,0.000000,0.000000,0.000000,0.000000,0.000000,0.000000,0.000000,0.000000,0.000000,0.000000,0.000000,0.000000,0.000000,0.000000,0.000000,0.000000,0.000000,0.000000,0.000000,0.000000,0.000000,0.000000,0.000000,0.000000,0.000000,0.000000
0.000000,0.000000,0.000000,0.000000,0.000000,0.000000,0.000000,0.000000,0.000000,0.000000,0.000000,0.000000,0.000000,0.000000,0.000000,0.000000,0.000000,0.000000,0.000000,0.000000,0.000000,0.000000,0.000000,0.000000,0.000000,0.000000,0.000000,0.000000,0.000000,0.000000,0.000000,0.000000,0.000000,0.000000,0.000000,0.000000,0.000000,0.000000,0.000000,30.533308,75.168298,122.883465,171.750543,231.444095,282.354117,336.152712,401.827935,435.439123,497.351928,551.237266,602.985489,638.092506,692.961469,721.061132,781.058579,798.255829,830.361081,864.990863,909.897052,950.861764,974.311227,991.727172,1035.316004,1060.598984,1100.587692,1180.724314,1213.658404,1207.655473,1216.538198,1175.558618,1196.583682,1190.955972,1191.154256,1212.214498,1205.849542,1187.547280,1210.740359,1218.484281,1146.631965,1125.132336,1104.932268,1076.177458,1068.619865,1039.500884,1013.624871,965.780262,920.877142,895.724827,857.943770,807.952526,777.503920,735.449691,695.760655,634.647119,587.365829,519.528258,449.119968,396.860203,328.725076,278.129247,213.917525,145.623348,96.384165,43.456285,0.653774,0.000000,0.000000,0.000000,0.000000,0.000000,0.000000,0.000000,0.000000,0.000000,0.000000,0.000000,0.000000,0.000000,0.000000,0.000000,0.000000,0.000000,0.000000,0.000000,0.000000,0.000000,0.000000,0.000000,0.000000,0.000000,0.000000,0.000000,0.000000,0.000000,0.000000,0.000000,0.000000,0.000000,0.000000,0.000000,0.000000,0.000000,0.000000,0.000000
0.000000,0.000000,0.000000,0.000000,0.000000,0.000000,0.000000,0.000000,0.000000,0.000000,0.000000,0.000000,0.000000,0.000000,0.000000,0.000000,0.000000,0.000000,0.000000,0.000000,0.000000,0.000000,0.000000,0.000000,0.000000,0.000000,0.000000,0.000000,0.000000,0.000000,0.000000,0.000000,0.000000,0.000000,0.000000,0.000000,0.000000,0.000000,0.000000,23.702895,64.851972,115.498559,162.481271,223.824186,282.737439,341.579731,393.295788,451.747305,518.344059,578.727959,633.482088,672.946459,728.350603,764.737285,817.871007,848.389369,884.592841,942.315226,975.614170,1021.035921,1062.115318,1117.542071,1138.604695,1149.219462,1190.926297,1209.542967,1224.488337,1236.411365,1257.359512,1273.180504,1292.592923,1314.583330,1330.131188,1334.258398,1314.185277,1319.083297,1287.948465,1262.572663,1239.977852,1228.253120,1207.075515,1190.445162,1154.262285,1111.470637,1096.649692,1042.567655,985.196830,939.237090,890.586849,828.057395,797.002794,751.692090,696.481148,630.308074,564.015854,499.221468,438.260462,385.243046,309.180335,254.204070,199.278663,136.960107,85.336672,26.615397,0.000000,0.000000,0.000000,0.000000,0.000000,0.000000,0.000000,0.000000,0.000000,0.000000,0.000000,0.000000,0.000000,0.000000,0.000000,0.000000,0.000000,0.000000,0.000000,0.000000,0.000000,0.000000,0.000000,0.000000,0.000000,0.000000,0.000000,0.000000,0.357730,0.000000,0.000000,0.000000,0.000000,0.000000,0.000000,0.000000,0.000000,0.000000,0.000000,0.000000
0.000000,0.000000,0.000000,0.000000,0.000000,0.000000,0.000000,0.000000,0.000000,0.000000,0.000000,0.000000,0.000000,0.000000,0.000000,0.000000,0.000000,0.000000,0.000000,0.000000,0.000000,0.000000,0.000000,0.000000,0.063760,0.065054,0.065054,0.074640,0.074640,0.074640,0.074640,0.074640,0.074640,0.074640,0.074640,0.000000,0.000000,0.000000,0.000000,27.461118,68.525827,122.293274,169.215369,230.874704,287.760072,351.559741,411.958320,480.335711,540.365846,589.787780,644.876672,681.003321,728.327099,768.466786,786.832942,831.820778,877.592517,909.112097,923.156990,975.697102,1005.940282,1042.024602,1101.442837,1135.333131,1172.822351,1213.378666,1240.273940,1234.859020,1253.800377,1261.779909,1252.108375,1257.598978,1262.235424,1276.079106,1265.435439,1243.135081,1212.492700,1215.521283,1178.910476,1161.782145,1150.671138,1143.981506,1107.860567,1092.353160,1041.603694,986.608590,955.526786,898.291427,864.713458,821.405526,762.671415,709.511396,671.241243,607.320867,561.513489,500.751121,430.678052,372.286851,312.984120,252.132645,190.815073,133.467615,77.188840,27.855244,0.000000,0.000000,0.000000,0.000000,0.000000,0.000000,0.000000,0.000000,0.000000,0.000000,0.000000,0.000000,0.000000,0.000000,0.000000,0.000000,0.000000,0.000000,0.000000,0.000000,0.000000,0.000000,0.000000,0.000000,0.000000,0.000000,0.000000,0.000000,0.209655,0.000000,0.000000,0.000000,0.000000,0.000000,0.000000,0.000000,0.000000,0.000000,0.000000,0.000000
0.000000,0.000000,0.000000,0.000000,0.000000,0.013280,0.013280,0.000000,0.000000,0.000000,0.000000,0.000000,0.000000,0.000000,0.000000,0.000000,0.000000,0.000000,0.000000,0.000000,0.000000,0.000000,0.000000,0.019532,0.095089,0.096382,0.096382,0.105968,0.105968,0.105968,0.105968,0.105968,0.105968,0.120827,0.105968,0.148410,0.302222,0.148410,0.361894,28.982352,70.941374,122.835960,173.586020,230.383447,285.275976,340.039513,395.015900,439.868822,508.144888,566.611515,601.514460,676.249572,711.072606,747.609474,791.437037,833.386258,874.363870,918.157681,963.136811,1023.886128,1071.247184,1091.112821,1118.565707,1159.770717,1212.687397,1233.560392,1248.670697,1278.945072,1283.790173,1281.060354,1289.275311,1290.281949,1283.156996,1281.729024,1287.724895,1275.219945,1250.994218,1246.495501,1230.121672,1197.740227,1196.675367,1177.288773,1136.399417,1117.587957,1057.028175,1020.618485,973.195690,926.436709,879.777474,842.187747,798.759177,736.756157,692.520667,618.087496,555.886398,503.148673,437.676110,374.329622,313.219516,252.720157,189.480013,127.298263,73.317815,28.056467,0.000000,0.000000,0.000000,0.000000,0.000000,0.000000,0.000000,0.000000,0.000000,0.000000,0.000000,0.000000,0.000000,0.000000,0.000000,0.000000,0.000000,0.000000,0.000000,0.000000,0.000000,0.000000,0.000000,0.000000,0.000000,0.000000,0.000000,0.000000,0.625604,0.000000,0.000000,0.000000,0.000000,0.000000,0.000000,0.000000,0.000000,0.000000,0.000000,0.000000
0.376234,0.376234,0.376234,0.376234,0.376234,0.376234,0.376234,0.376234,0.376234,0.376234,0.376234,0.376234,0.376234,0.376234,0.376234,0.376234,0.376234,0.376234,0.376234,0.376234,0.376234,0.376234,0.376234,0.397345,0.465926,0.467220,0.467220,0.476805,0.476805,0.476805,0.476805,0.476805,0.476805,0.457195,0.519805,0.533313,0.687125,0.533313,0.746796,28.293008,70.336397,121.072677,166.458410,228.246961,284.024551,336.168715,395.739547,446.264867,510.515513,574.099902,639.517734,713.485132,770.982599,833.857121,870.310820,917.634193,977.713544,1024.109030,1060.238520,1088.686748,1128.411432,1181.295766,1214.808488,1256.169008,1295.322275,1324.767037,1350.327503,1366.572614,1369.957721,1368.866365,1366.971366,1371.413136,1363.592971,1369.474625,1354.722644,1310.609644,1293.931408,1281.735671,1266.492083,1218.171497,1204.204729,1178.599531,1136.581723,1116.865995,1059.292400,1026.346268,995.952144,947.720106,903.550967,859.990990,798.151356,748.149392,670.732927,615.662114,542.712273,485.161160,418.502921,363.528038,296.600009,239.027391,177.563107,124.155148,75.390459,30.936985,3.443517,2.222716,0.275170,0.121358,0.121358,0.121358,0.121358,0.121358,0.121358,0.121358,0.121358,0.121358,0.121358,0.121358,0.121358,0.121358,0.121358,0.121358,0.121358,0.121358,0.121358,0.150389,0.150389,0.150389,0.159290,0.159290,0.145782,0.160641,0.351632,0.160641,0.160641,0.160641,0.183380,0.183380,0.148910,0.183380,0.183380,0.168521,0.168521,0.168521
0.055911,0.055911,0.055911,0.055911,0.055911,0.055911,0.055911,0.077803,0.077803,0.077803,0.077803,0.077803,0.077803,0.077803,0.077803,0.077803,0.077803,0.077803,0.077803,0.077803,0.077803,0.077803,0.077803,0.098913,0.167494,0.168788,0.168788,0.178373,0.156482,0.156482,0.156482,0.156482,0.156482,0.156482,0.199482,0.212990,0.124225,0.212990,0.212990,21.889237,67.377675,118.627409,161.083431,221.220200,272.726053,329.854375,381.611821,429.322734,492.156762,567.636434,612.558869,662.713962,710.328685,747.056412,803.726956,862.929936,898.466872,953.491602,1017.708087,1064.729439,1098.213477,1151.767998,1182.783987,1209.873238,1258.042307,1289.228760,1317.386812,1345.360598,1352.618598,1351.103737,1355.969676,1373.705564,1372.231466,1367.960592,1361.676596,1327.512566,1296.936676,1260.952612,1228.671708,1190.079569,1168.818519,1140.378198,1110.117853,1095.895287,1060.487986,1014.588101,952.889437,916.994001,883.916223,826.141230,773.424923,712.694872,666.753303,601.726050,541.712704,500.629386,425.734798,365.550815,305.333397,250.151961,186.701420,121.379062,66.852412,22.906769,2.673875,0.000000,0.000210,0.000000,0.000000,0.000000,0.000000,0.000000,0.000000,0.000000,0.000000,0.000000,0.000000,0.000000,0.000000,0.000000,0.000000,0.000000,0.000000,0.000000,0.000000,0.000000,0.000000,0.000000,0.000000,0.000000,0.000000,0.000000,0.549029,0.000000,0.000000,0.000000,0.000000,0.000000,0.000000,0.000000,0.000000,0.000000,0.000000,0.000000
0.285768,0.285768,0.285768,0.285768,0.285768,0.285768,0.285768,0.285768,0.285768,0.285768,0.285768,0.285768,0.285768,0.285768,0.285768,0.285768,0.285768,0.285768,0.285768,0.285768,0.285768,0.285768,0.285768,0.306879,0.375460,0.376753,0.376753,0.386339,0.386339,0.386339,0.386339,0.386339,0.386339,0.386339,0.386339,0.500248,0.607297,0.500248,0.500248,20.881662,57.028865,116.075837,159.860696,217.185414,271.250856,320.056823,386.503541,441.156533,501.540700,573.620205,629.106703,685.294087,719.499775,764.209698,818.846056,886.245092,918.155628,964.751684,1029.921026,1075.074034,1099.013510,1137.918027,1171.340236,1211.765781,1226.930714,1242.129208,1260.159157,1270.588410,1273.797178,1278.459734,1278.777941,1279.112413,1289.329298,1285.455610,1254.199007,1266.367256,1268.759004,1220.871692,1207.686752,1165.671314,1158.877465,1112.210976,1059.339062,1023.887098,963.716187,930.741502,908.973978,850.636255,809.093465,761.465214,717.339611,665.026702,614.721931,559.546438,508.573796,455.077740,410.499511,337.855578,289.273938,236.921430,174.686781,117.517023,66.401063,22.615374,2.978630,0.627589,0.067522,0.013907,0.013907,0.013907,0.013907,0.013907,0.013907,0.013907,0.013907,0.013907,0.013907,0.013907,0.013907,0.013907,0.013907,0.013907,0.013907,0.013907,0.013907,0.042938,0.042938,0.042938,0.027922,0.027922,0.027922,0.014414,1.132035,0.014414,0.014414,0.014414,0.037153,0.037153,0.037153,0.037153,0.037153,0.037153,0.037153,0.037153
0.000000,0.000000,0.000000,0.000000,0.000000,0.000000,0.000000,0.011998,0.011998,0.011998,0.011998,0.011998,0.011998,0.011998,0.011998,0.011998,0.011998,0.011998,0.011998,0.011998,0.011998,0.011998,0.011998,0.033109,0.063065,0.064359,0.064359,0.073945,0.052053,0.052053,0.052053,0.052053,0.052053,0.052053,0.180028,0.179470,0.179470,0.179470,0.179470,19.517093,52.895241,108.645629,152.321972,214.714258,261.019667,316.061109,382.101306,430.430359,483.771109,559.351096,599.861117,662.999927,709.864696,759.564728,810.547686,873.226034,930.153160,980.846797,1046.752357,1096.927948,1121.286171,1159.035110,1200.800780,1237.981125,1277.830982,1297.901533,1333.981736,1350.389847,1373.426224,1378.564649,1370.311336,1368.136589,1375.558559,1366.877259,1347.603273,1318.843517,1307.089727,1253.001556,1233.687960,1176.384613,1156.129856,1135.475149,1085.541055,1075.187861,1016.651115,980.860080,950.625571,903.870072,848.245033,805.999605,773.586062,704.673943,648.189366,577.790251,532.907407,490.535805,408.800693,358.616267,297.754224,232.223013,170.878501,111.679295,55.837164,19.104268,2.201409,0.000000,0.075491,0.000000,0.000000,0.000000,0.000000,0.000000,0.000000,0.000000,0.000000,0.000000,0.000000,0.000000,0.000000,0.000000,0.000000,0.000000,0.000000,0.000000,0.000000,0.000000,0.000000,0.000000,0.000000,0.000000,0.000000,0.000000,1.020667,0.000000,0.000000,0.000000,0.000000,0.000000,0.000000,0.000000,0.000000,0.000000,0.000000,0.000000
0.244605,0.244605,0.244605,0.244605,0.244605,0.244605,0.244605,0.244605,0.244605,0.244605,0.244605,0.244605,0.244605,0.244605,0.244605,0.244605,0.244605,0.244605,0.244605,0.244605,0.244605,0.244605,0.244605,0.265716,0.295672,0.296966,0.296966,0.306552,0.306552,0.306552,0.306552,0.306552,0.306552,0.306552,0.434526,0.433969,0.433969,0.433969,0.433969,15.366735,48.560589,101.549667,148.915946,205.496447,261.156174,322.400818,378.974393,442.104027,495.068230,559.249510,625.077179,666.468213,723.675113,776.783536,824.740814,875.663191,939.268832,992.407769,1045.230333,1097.708021,1112.083995,1152.321788,1180.362698,1210.733257,1222.337354,1231.203001,1233.608727,1227.547614,1241.322928,1268.072353,1274.796393,1272.562528,1289.159749,1274.574082,1259.734795,1253.940008,1237.929408,1183.006369,1163.642974,1151.212941,1096.651102,1071.835957,1041.833102,1014.205146,940.408045,909.917563,878.469928,822.841804,793.580339,731.965777,686.135882,625.885982,574.513199,527.923977,471.610945,419.271837,365.200827,312.849504,255.125384,205.446636,148.111267,96.650296,48.634902,15.441048,0.912893,0.000000,0.000000,0.013646,0.013646,0.013646,0.013646,0.013646,0.013646,0.013646,0.013646,0.013646,0.013646,0.013646,0.013646,0.013646,0.013646,0.013646,0.013646,0.013646,0.013646,0.042677,0.042677,0.042677,0.027660,0.027660,0.027660,0.014152,0.486410,0.014152,0.014152,0.014152,0.036891,0.036891,0.036891,0.036891,0.036891,0.036891,0.036891,0.036891
0.109398,0.109398,0.109398,0.109398,0.109398,0.109398,0.109398,0.109398,0.109398,0.109398,0.109398,0.109398,0.109398,0.109398,0.109398,0.109398,0.109398,0.109398,0.109398,0.109398,0.109398,0.109398,0.109398,0.130509,0.206066,0.207360,0.207360,0.216945,0.216945,0.216945,0.216945,0.216945,0.216945,0.216945,0.216945,0.259387,0.259387,0.259387,0.259387,11.203657,47.164348,97.618077,149.607818,203.594801,262.463120,318.743001,378.090407,438.889105,501.599310,553.843307,627.697322,695.011153,748.903678,793.403812,857.005204,904.079674,938.141416,999.381731,1040.245845,1084.905257,1102.292037,1157.603402,1191.980967,1212.979979,1241.074153,1289.319125,1315.714607,1317.138226,1319.568654,1308.160754,1306.461492,1308.499722,1312.303298,1291.412259,1284.179802,1281.669086,1264.458206,1236.814052,1200.618555,1169.770497,1146.254188,1110.674667,1085.024321,1057.417977,1007.188005,960.157253,906.537497,867.126078,800.546058,764.959804,719.961907,652.075211,600.275687,530.399391,481.179505,431.832538,368.658653,319.064395,254.839553,203.587448,152.636005,95.262496,40.624572,9.473362,0.000000,0.000000,0.000000,0.000000,0.000000,0.000000,0.000000,0.000000,0.000000,0.000000,0.000000,0.000000,0.000000,0.000000,0.000000,0.000000,0.000000,0.000000,0.000000,0.000000,0.000000,0.000000,0.000000,0.000000,0.000000,0.000000,0.000000,0.000000,0.168613,0.000000,0.000000,0.000000,0.000000,0.000000,0.000000,0.000000,0.000000,0.000000,0.000000,0.000000
0.000000,0.000000,0.000000,0.000000,0.000000,0.000000,0.000000,0.000000,0.000000,0.000000,0.000000,0.000000,0.000000,0.000000,0.000000,0.000000,0.000000,0.000000,0.000000,0.000000,0.000000,0.000000,0.000000,0.000000,0.000000,0.000000,0.000000,0.000000,0.000000,0.000000,0.000000,0.000000,0.000000,0.000000,0.000000,0.004304,0.004304,0.004304,0.004304,10.239107,45.305487,99.706119,146.242909,203.447793,264.373150,316.594608,380.950952,442.229090,500.858884,568.304077,628.295170,688.889607,758.003851,798.906937,844.624023,892.260461,929.356020,981.387076,1039.621202,1085.802615,1132.094185,1179.262575,1216.730353,1245.120531,1260.057639,1313.516249,1326.861920,1339.563632,1369.952826,1367.115022,1371.440689,1352.680741,1357.052217,1346.646683,1319.221449,1293.801432,1278.855083,1261.028104,1215.329211,1203.220366,1187.199525,1134.202018,1079.196712,1043.009914,973.860027,934.734262,881.095991,828.306815,780.984409,744.163632,687.372318,634.518879,581.251118,525.149774,471.816068,419.636900,371.118304,307.940783,252.236304,196.303241,141.276833,89.388552,41.322260,5.353956,1.454535,1.395362,0.000000,0.000000,0.000000,0.000000,0.000000,0.000000,0.000000,0.000000,0.000000,0.000000,0.000000,0.000000,0.000000,0.000000,0.000000,0.000000,0.000000,0.000000,0.000000,0.000000,0.000000,0.000000,0.000000,0.000000,0.000000,0.000000,0.000000,0.000000,0.000000,0.000000,0.000000,0.000000,0.000000,0.000000,0.000000,0.000000,0.000000,0.000000
0.412077,0.412077,0.094752,0.094752,0.094752,0.431687,0.431687,0.431687,0.431687,0.431687,0.431687,0.430202,0.430202,0.430202,0.430202,0.430202,0.430202,0.430202,0.430202,0.430202,0.430202,0.430202,0.430202,0.451313,0.482755,0.484048,0.484048,0.493634,0.493634,0.493634,0.493634,0.493634,0.493634,0.493634,0.536634,0.550142,0.550142,0.550142,0.550142,8.024206,36.150948,90.912456,144.148686,201.475816,254.590006,310.823037,369.082562,432.841231,482.960190,534.076455,590.886772,645.235751,715.512775,764.393160,788.158517,845.751785,877.823561,903.421688,941.073753,993.464896,1030.849534,1060.560164,1100.967301,1129.151174,1147.113838,1174.954962,1198.019476,1188.426212,1180.359911,1182.392898,1179.034807,1162.783697,1135.300986,1178.768479,1168.892433,1157.683819,1145.813167,1152.207420,1144.085344,1113.718623,1120.097286,1071.450623,1051.594529,1029.757055,992.845861,942.993055,909.608778,860.079288,828.743275,795.184556,736.620283,662.800833,610.424006,543.259808,485.689922,416.004371,367.435511,312.575902,260.125966,199.368878,146.295025,89.363383,37.783080,6.687293,2.442098,2.236887,0.245020,0.245020,0.245020,0.245020,0.245020,0.245020,0.245020,0.245020,0.245020,0.245020,0.245020,0.245020,0.245020,0.245020,0.245020,0.245020,0.245020,0.245020,0.245020,0.274050,0.274050,0.274050,0.282951,0.282951,0.743982,0.269443,0.000000,0.000000,0.000000,0.000000,0.000000,0.292182,0.000000,0.000000,0.292182,0.292182,0.292182,0.292182
0.080499,0.080499,0.080499,0.080499,0.080499,0.080499,0.080499,0.102390,0.102390,0.102390,0.102390,0.102390,0.102390,0.102390,0.102390,0.102390,0.102390,0.102390,0.102390,0.102390,0.102390,0.102390,0.102390,0.123501,0.153458,0.154751,0.154751,0.164337,0.142446,0.142446,0.142446,0.142446,0.142446,0.142446,0.256912,0.270420,0.270420,0.270420,0.270420,3.268423,34.746389,88.800920,139.883680,192.843260,253.714268,309.457560,366.808803,412.100405,472.062215,541.574533,602.553075,657.677661,713.593325,770.289936,806.471690,847.526894,874.506912,907.628219,933.309300,1000.948565,1016.982057,1030.910513,1065.338704,1086.820503,1128.442335,1159.302170,1161.284280,1189.285059,1212.924557,1224.136019,1243.865806,1251.386066,1268.661809,1263.027436,1240.536346,1240.655760,1227.332848,1209.215045,1164.639040,1130.753001,1116.661799,1095.620725,1076.886481,1031.125910,996.425126,976.578454,924.353966,878.862510,838.956628,798.582233,755.713924,677.019168,628.614115,555.410258,521.687047,447.307461,390.033237,327.480813,263.742039,211.541442,147.510242,90.347964,35.146789,4.313986,1.908020,0.000000,0.000000,0.000000,0.000000,0.000000,0.000000,0.000000,0.000000,0.000000,0.000000,0.000000,0.000000,0.000000,0.000000,0.000000,0.000000,0.000000,0.000000,0.000000,0.000000,0.000000,0.000000,0.000000,0.000000,0.000000,0.000000,0.000000,0.000000,0.000000,0.000000,0.000000,0.000000,0.000000,0.000000,0.000000,0.000000,0.000000,0.000000,0.000000
0.154889,0.154889,0.154889,0.108956,0.108956,0.108956,0.077827,0.077827,0.077827,0.077827,0.077827,0.077827,0.077827,0.077827,0.077827,0.077827,0.077827,0.077827,0.077827,0.077827,0.077827,0.077827,0.077827,0.000546,0.010996,0.010996,0.010996,0.010996,0.010996,0.010996,0.042126,0.042126,0.088058,0.088058,0.088058,0.317483,0.317483,0.317483,0.317483,3.953959,33.472664,85.740826,137.294516,189.522203,245.401805,303.800437,365.864489,422.674604,484.814456,543.702738,599.140345,652.203940,703.001311,748.736164,786.219005,828.493022,871.696373,912.824387,949.247736,995.334338,1041.173137,1072.635409,1105.936615,1112.245215,1136.218286,1165.201724,1173.509311,1188.981510,1192.471275,1192.414450,1193.368927,1197.696964,1189.090160,1180.427078,1152.106251,1149.776183,1147.042461,1128.876097,1105.795543,1104.948898,1091.251810,1043.059883,1006.546977,966.442511,925.129653,896.690006,848.639233,811.551985,741.713501,714.982595,653.800492,586.812840,550.240640,493.546834,438.898296,387.453824,331.468857,286.234046,232.447742,180.338501,129.721483,77.176432,28.647931,2.067876,0.490033,0.000000,0.114038,0.000000,0.000000,0.000000,0.000000,0.000000,0.000000,0.000000,0.000000,0.000000,0.000000,0.082218,0.051649,0.000000,0.051649,0.000000,0.000000,0.000000,0.000000,0.051649,0.051649,0.000000,0.000000,0.075304,0.000000,0.000000,0.000000,0.000000,0.000000,0.000000,0.000000,0.000000,0.000000,0.000000,0.000000,0.000000,0.000000,0.000000
0.048443,0.048443,0.048443,0.002511,0.002511,0.002511,0.000000,0.000000,0.000000,0.000000,0.000000,0.000000,0.000000,0.000000,0.000000,0.000000,0.000000,0.000000,0.000000,0.000000,0.000000,0.000000,0.000000,0.000000,0.000000,0.000000,0.000000,0.000000,0.000000,0.000000,0.000000,0.000000,0.000000,0.000000,0.086548,0.110369,0.110369,0.110369,0.110369,1.328597,30.105914,80.734322,130.944333,182.292873,233.101310,283.296207,339.940868,396.986083,451.189985,524.025503,576.173570,631.193054,687.421912,729.516924,778.426348,826.822844,862.980919,909.961745,935.680683,976.743919,1033.269366,1039.094137,1100.190007,1103.517400,1113.607699,1154.599643,1159.336233,1176.862933,1196.344819,1201.470998,1214.369938,1231.351258,1230.200097,1207.592185,1197.541077,1184.306380,1160.883712,1143.913573,1122.258957,1115.278523,1088.406562,1050.766922,1041.903700,1008.161796,983.476815,953.355415,907.537418,863.674841,814.590414,773.913237,706.589416,650.896519,608.747310,533.882758,473.987545,409.249250,356.919370,300.261228,248.413117,187.494438,133.699258,74.154325,28.464517,0.000000,0.050067,0.042992,0.000000,0.000000,0.000000,0.000000,0.000000,0.000000,0.000000,0.000000,0.000000,0.000000,0.000000,0.000000,0.000000,0.000000,0.000000,0.000000,0.000000,0.000000,0.000000,0.000000,0.000000,0.000000,0.000000,0.000000,0.000000,0.000000,0.000000,0.000000,0.000000,0.000000,0.000000,0.000000,0.000000,0.000000,0.000000,0.000000,0.000000,0.000000
0.104642,0.104642,0.104642,0.058710,0.058710,0.058710,0.027580,0.027580,0.027580,0.027580,0.027580,0.027580,0.027580,0.027580,0.027580,0.027580,0.027580,0.027580,0.027580,0.027580,0.027580,0.027580,0.027580,0.000000,0.000000,0.000000,0.000000,0.000000,0.000000,0.000000,0.000000,0.000000,0.037811,0.037811,0.142746,0.118574,0.118574,0.118574,0.118574,0.000000,22.241707,68.284859,117.481143,165.656236,214.030733,267.750688,326.705304,376.677997,431.307874,481.628259,552.759356,585.188443,642.341465,689.237683,714.789831,772.713642,807.876308,848.841057,901.034801,928.647420,982.198453,1033.791961,1065.591838,1099.250882,1113.425454,1147.020024,1171.794827,1200.542896,1232.639212,1228.593438,1229.572465,1263.848366,1263.430833,1270.872381,1265.237599,1258.159475,1240.218985,1213.356891,1192.296132,1159.238304,1113.187872,1083.718968,1073.545762,1033.132469,1000.336571,962.842532,917.569506,879.291738,824.045466,771.643819,718.433157,665.717746,616.070697,537.906361,502.663109,433.977005,373.656148,319.080176,252.115103,187.856772,131.663887,73.455473,20.147309,0.000000,0.000000,0.000000,0.000000,0.000000,0.000000,0.000000,0.000000,0.000000,0.000000,0.000000,0.000000,0.000000,0.000000,0.000000,0.000000,0.000000,0.000000,0.000000,0.000000,0.000000,0.000000,0.000000,0.000000,0.000000,0.000000,0.000000,0.000000,0.000000,0.000000,0.000000,0.000000,0.000000,0.000000,0.000000,0.000000,0.000000,0.000000,0.000000,0.000000,0.000000
0.317816,0.317816,0.317816,0.271884,0.271884,0.271884,0.240754,0.240754,0.240754,0.240754,0.240754,0.240754,0.240754,0.240754,0.240754,0.240754,0.240754,0.240754,0.240754,0.240754,0.240754,0.240754,0.240754,0.317999,0.339457,0.804302,0.339457,0.339457,0.339457,0.804302,0.370587,0.370587,0.416519,0.416519,0.900267,1.211084,1.211084,1.009955,1.211084,1.009955,20.814727,65.980309,112.443100,165.557007,215.487132,265.109404,321.495865,382.938086,442.206365,484.592825,544.280102,585.164456,637.598656,683.071863,713.044671,757.398623,796.161039,822.823095,880.967740,895.633010,923.139620,976.618158,1000.604142,1044.165234,1047.793656,1065.884347,1087.922533,1109.327658,1128.785873,1144.926650,1159.333844,1188.461567,1204.593602,1187.885272,1174.720978,1167.656931,1156.460300,1138.225306,1122.327652,1104.475812,1081.323346,1062.698311,1036.589083,1003.858568,973.159032,937.292457,898.323427,863.165108,819.526406,770.749365,740.328674,689.646288,619.875894,537.898283,484.789984,429.559721,366.285502,310.386055,243.249588,183.029881,124.832396,67.561427,18.669207,0.000000,0.000000,0.000000,0.000000,0.117092,0.145462,0.145462,0.145462,0.145462,0.145462,0.145462,0.145462,0.145462,0.145462,0.145462,0.145462,0.145462,0.145462,0.145462,0.145462,0.145462,0.145462,0.145462,0.145462,0.145462,0.169117,0.169117,0.169117,0.018168,0.018168,1.046978,0.018168,0.018168,0.037283,0.037283,0.037283,0.037283,0.037283,0.037283,0.037283,0.037283
0.284980,0.287003,0.290823,0.239048,0.239048,0.239048,0.207918,0.207918,0.207918,0.207918,0.207918,0.207918,0.207918,0.207918,0.207918,0.207918,0.207918,0.207918,0.207918,0.207918,0.213761,0.209941,0.207918,0.292341,0.339457,0.339457,0.339457,0.339457,0.339457,0.339457,0.370587,0.370587,0.416519,0.418542,0.900267,1.571108,1.571108,1.704712,1.571108,1.571108,22.438301,73.802809,119.792726,170.045153,225.404040,273.831624,328.203617,390.687380,451.878908,498.363001,560.194074,617.451865,666.331538,720.775349,770.325249,794.685217,832.363169,860.541837,904.783862,939.264113,995.497729,1017.627423,1047.689090,1065.945499,1100.989840,1109.212824,1138.981757,1159.692451,1168.145259,1170.954609,1162.652445,1162.803091,1164.077442,1171.668158,1162.644071,1150.932647,1131.685411,1121.144305,1094.821471,1073.120650,1052.893990,1032.390791,1017.799680,986.488699,937.309836,895.804851,878.237983,826.561223,785.899663,738.828435,710.303613,655.988306,606.496527,533.368438,490.419331,435.985568,378.132650,310.250560,244.982353,183.021593,125.491314,65.439986,15.495252,0.848245,0.894177,0.000000,0.457732,0.178204,0.031729,0.031729,0.031729,0.031729,0.031729,0.031729,0.031729,0.031729,0.031729,0.031729,0.031729,0.031729,0.031729,0.031729,0.031729,0.031729,0.031729,0.300793,0.270224,0.270224,0.166850,0.341695,0.136281,0.000000,0.000000,0.000000,0.000000,0.000000,0.004447,0.004447,0.004447,0.004447,0.004447,0.006471,0.004447,0.004447
0.155147,0.000000,0.000000,0.086052,0.109214,0.109214,0.078085,0.078085,0.054922,0.000000,0.054922,0.078085,0.078085,0.078085,0.078085,0.078085,0.078085,0.054922,0.078085,0.078085,0.054922,0.054922,0.078085,0.007982,0.044089,0.044089,0.044089,0.044089,0.044089,0.044089,0.075219,0.075219,0.121151,0.000000,0.709835,2.085963,2.085963,2.219567,2.085963,2.085963,17.119159,65.524603,114.406178,164.547444,213.693078,264.315927,318.907305,374.164927,432.056073,486.792278,547.214674,609.103449,654.853039,706.350630,756.055458,808.054913,874.187510,923.879818,970.828285,1012.359202,1059.275000,1082.720736,1110.327215,1136.715159,1153.365470,1188.725891,1202.622931,1225.797566,1223.171295,1226.354941,1222.271229,1215.582139,1215.448033,1213.887837,1208.589649,1203.300043,1186.422573,1173.081356,1147.870359,1130.938545,1094.687242,1077.224600,1052.907087,1005.137795,956.586419,909.373345,843.010376,798.871364,739.521555,696.424921,645.545525,592.353290,559.522476,498.776160,442.448114,390.274625,339.228878,280.756159,229.760980,166.936464,118.063851,63.220047,16.241257,0.752629,0.664183,0.712890,0.293203,0.000000,0.000000,0.000000,0.000000,0.146056,0.146056,0.000000,0.000000,0.000000,0.000000,0.000000,0.000000,0.000000,0.000000,0.000000,0.000000,0.000000,0.000000,0.146056,0.146056,0.146056,0.012113,0.186958,0.075763,0.000000,0.062781,0.000000,0.062781,0.062781,0.000000,0.000000,0.000000,0.081896,0.081896,0.081896,0.000000,0.941272
0.000000,0.000000,0.000000,0.000000,0.000000,0.000000,0.000000,0.000000,0.000000,0.000000,0.000000,0.000000,0.000000,0.000000,0.000000,0.000000,0.000000,0.000000,0.000000,0.000000,0.000000,0.000000,0.000000,0.000000,0.000000,0.000000,0.000000,0.000000,0.000000,0.000000,0.000000,0.000000,0.000000,0.000000,0.000000,1.574092,1.574092,1.221592,1.574092,1.574092,16.104481,59.886840,103.031790,151.042910,201.647668,254.293853,307.823807,364.337001,410.676487,460.998066,516.054686,565.274030,609.915668,654.515023,696.036806,728.526714,791.092500,824.888893,858.469722,879.322075,911.366541,950.215281,1001.214127,1044.149406,1072.422401,1101.874026,1119.309898,1138.160404,1144.296386,1168.302179,1181.189264,1185.687890,1189.252732,1183.649682,1162.151630,1159.435282,1131.226194,1123.810317,1105.461276,1089.146700,1066.487084,1065.361656,1046.040195,1014.280300,981.482740,923.322765,859.254705,806.189815,757.653389,699.520608,652.077227,596.054002,558.521180,490.930005,438.865045,383.141172,331.368735,269.848629,221.387819,154.997484,107.904459,54.067780,13.414054,0.269157,0.315089,0.000000,0.000000,0.000000,0.000000,0.000000,0.000000,0.000000,0.000000,0.000000,0.000000,0.000000,0.000000,0.000000,0.000000,0.000000,0.000000,0.000000,0.000000,0.000000,0.000000,0.000000,0.000000,0.000000,0.000000,0.000000,0.000000,0.000000,0.000000,0.000000,0.000000,0.000000,0.000000,0.000000,0.000000,0.000000,0.000000,0.000000,0.000000,0.000000
0.252307,0.252307,0.252307,0.206375,0.206375,0.206375,0.175245,0.175245,0.175245,0.175245,0.175245,0.175245,0.175245,0.175245,0.175245,0.175245,0.175245,0.175245,0.175245,0.175245,0.175245,0.175245,0.175245,0.105143,0.141250,0.141250,0.141250,0.141250,0.141250,0.141250,0.172380,0.172380,0.218312,0.218312,0.323248,0.574058,0.574058,0.707662,0.574058,0.574058,11.948508,55.083466,98.758201,144.435225,206.057269,260.033355,315.533593,380.925436,432.413252,481.799645,542.539886,594.119790,645.532320,696.806814,724.302681,775.688377,839.596476,868.349207,913.659030,958.789122,1011.277754,1024.892640,1062.991438,1101.936685,1129.261549,1168.858283,1178.773873,1208.275078,1208.942735,1215.250095,1229.227374,1209.497399,1205.381142,1198.657129,1186.221406,1165.655690,1152.276421,1130.017502,1113.588574,1082.593194,1072.234566,1064.398761,1028.074644,1006.111678,956.902214,913.135203,857.231126,810.078363,771.559694,719.913546,673.938195,620.305517,569.508733,510.426352,458.148694,400.756802,338.618549,285.457882,234.040903,169.369393,112.047829,56.091392,13.102365,1.389609,0.797979,0.254941,0.838560,0.000000,0.000000,0.068171,0.000000,0.068171,0.068171,0.000000,0.000000,0.000000,0.000000,0.000000,0.000000,0.068171,0.068171,0.068171,0.000000,0.000000,0.000000,0.068171,0.098740,0.000000,0.109073,0.000000,0.000000,0.000000,0.000000,0.000000,0.000000,0.000000,0.009623,0.009623,0.009623,0.009623,0.009623,0.009623,0.009623,0.009623
0.419682,0.419682,0.419682,0.373750,0.373750,0.373750,0.342620,0.342620,0.342620,0.342620,0.342620,0.342620,0.342620,0.342620,0.342620,0.342620,0.342620,0.342620,0.342620,0.342620,0.342620,0.342620,0.342620,0.283767,0.309865,0.309865,0.309865,0.309865,0.309865,0.309865,0.340995,0.340995,0.386927,0.386927,0.491863,0.642004,0.642004,0.622735,0.642004,0.642004,12.314392,57.623968,106.425236,152.256760,209.052404,260.961152,312.785592,373.730956,421.171864,479.324148,534.788509,589.487061,635.438125,686.087769,730.695836,769.320522,816.861598,846.477675,903.107924,928.005806,983.677643,1020.424985,1060.139442,1113.338274,1141.884106,1178.229777,1200.022654,1233.712012,1249.241727,1250.164893,1264.426460,1269.982815,1258.998964,1260.062271,1250.886747,1242.280899,1234.859627,1212.761974,1187.054926,1171.025021,1159.937401,1131.371953,1106.219479,1052.159821,1011.123848,964.201670,910.133918,865.339027,805.446503,759.937774,713.985942,650.779591,601.784669,536.648533,493.551355,415.509973,354.568158,289.422247,232.875562,173.157303,112.089033,53.159604,13.242374,4.279883,4.191437,4.508742,0.976676,0.103741,0.132111,0.132111,0.132111,0.206287,0.206287,0.132111,0.132111,0.206287,0.132111,0.132111,0.206287,0.206287,0.206287,0.206287,0.132111,0.132111,0.132111,0.236855,0.206287,0.132111,0.165253,0.110943,0.165253,0.157882,0.159905,0.157882,0.157882,0.157882,0.176998,0.176998,0.176998,0.176998,0.176998,0.176998,0.176998,0.176998
0.319553,0.319553,0.319553,0.273621,0.273621,0.273621,0.242491,0.242491,0.242491,0.242491,0.242491,0.242491,0.242491,0.242491,0.242491,0.242491,0.242491,0.242491,0.242491,0.242491,0.242491,0.242491,0.242491,0.183637,0.209736,0.209736,0.209736,0.209736,0.209736,0.209736,0.240866,0.240866,0.286798,0.286798,0.391733,0.467699,0.467699,0.448430,0.467699,0.467699,12.140087,57.682514,109.844454,158.067847,215.590246,269.327788,319.182154,383.970013,433.100479,490.296250,550.062234,611.764897,670.561797,711.767644,772.714147,821.423605,876.490787,921.079620,969.348972,999.959605,1037.554031,1057.309658,1077.366244,1103.160294,1121.523963,1153.031650,1172.300229,1190.845502,1206.287901,1213.396774,1223.780905,1236.684654,1232.749675,1239.270058,1234.175505,1205.682107,1190.956743,1189.630537,1156.699496,1136.491368,1105.984328,1069.598359,1044.274192,1012.688144,969.352500,905.018216,852.279402,806.462598,760.134694,709.155755,648.553437,603.538117,549.363292,500.551044,445.740550,394.283080,327.490584,276.889826,218.384766,157.948743,107.313389,51.923993,12.377264,2.301000,2.897886,2.077805,1.680979,0.003611,0.031981,0.031981,0.031981,0.031981,0.031981,0.031981,0.031981,0.031981,0.031981,0.031981,0.031981,0.031981,0.031981,0.031981,0.031981,0.031981,0.031981,0.031981,0.031981,0.031981,0.065123,0.000000,0.065123,0.057752,0.504974,0.057752,0.057752,0.057752,0.076868,0.076868,0.076868,0.076868,0.076868,0.076868,0.076868,0.076868
0.329767,0.329767,0.329767,0.283834,0.283834,0.283834,0.252705,0.252705,0.252705,0.252705,0.252705,0.252705,0.252705,0.252705,0.717549,0.252705,0.252705,0.252705,0.252705,0.252705,0.252705,0.252705,0.252705,0.348376,0.385484,0.385484,0.385484,0.850328,0.850328,0.385484,0.416614,0.416614,0.462546,1.353354,1.837101,2.585653,2.585653,2.393436,2.585653,2.585653,14.574451,55.183698,100.820086,151.365939,209.255520,250.201012,307.840844,370.228584,418.293858,457.018032,506.008582,562.486536,597.521449,630.472152,690.022411,735.563376,782.954106,812.274981,855.338422,868.260280,887.566838,939.909015,1000.324882,1041.980158,1072.662649,1088.409863,1103.612412,1111.808493,1138.282795,1141.676159,1153.884710,1159.436893,1152.839537,1137.168393,1141.977582,1128.689553,1126.345226,1114.095297,1091.868392,1078.217122,1055.568149,1043.468348,992.732176,977.553325,935.824862,871.808841,815.777202,769.238189,732.340587,674.527871,629.880510,589.539248,536.556319,474.174270,421.821217,365.874414,311.540898,249.525033,202.303618,146.792704,91.337291,38.864683,5.226778,0.000000,0.000000,0.000000,1.144225,1.262918,1.291288,1.291288,1.291288,0.400481,0.400481,0.400481,0.400481,0.400481,0.400481,0.400481,0.400481,0.400481,0.400481,0.400481,0.400481,0.400481,0.400481,0.000000,0.000000,0.400481,0.433622,0.433622,1.484946,0.030118,0.203050,0.030118,0.030118,0.030118,0.049234,0.051257,0.049234,0.049234,0.055077,0.049234,0.049234,0.049234
0.361584,0.355741,0.355741,0.309809,0.309809,0.309809,0.278679,0.278679,0.278679,0.278679,0.278679,0.278679,0.278679,0.278679,0.278679,0.278679,0.278679,0.278679,0.278679,0.278679,0.278679,0.278679,0.278679,0.374351,0.411458,0.411458,0.411458,0.411458,0.411458,0.411458,0.442588,0.442588,0.488520,1.381351,1.863076,1.500806,1.500806,1.308589,1.500806,1.500806,10.611860,48.414766,98.455614,148.588391,212.629078,266.415486,325.399248,386.415607,447.895704,491.046858,543.324423,590.358257,641.115135,673.806868,718.947248,761.111760,813.851903,853.695357,885.858224,933.112383,955.146328,993.298134,1013.646773,1043.514032,1060.398243,1083.828982,1104.183390,1124.988674,1145.626791,1158.235077,1175.827129,1202.020963,1195.399634,1190.401675,1172.704412,1162.283530,1156.393262,1135.472583,1130.557789,1108.382061,1080.800522,1053.651381,1022.942363,1004.964620,971.032971,925.244254,873.845830,813.541073,785.815282,745.128071,679.575843,638.892367,573.767705,524.861446,449.511944,393.353201,334.302053,274.438522,219.059846,152.004993,95.518251,40.350801,6.733489,1.267299,0.413874,2.716529,1.679616,1.288893,1.317263,1.317263,1.317263,0.601300,0.601300,0.426455,0.426455,0.601300,0.426455,0.426455,0.601300,0.601300,0.601300,0.601300,0.426455,0.426455,0.426455,0.000000,0.000000,0.000000,0.000000,0.665010,1.510920,0.061936,0.229024,0.061936,0.061936,0.061936,0.081051,0.075208,0.075208,0.075208,0.081051,0.075208,0.075208,0.075208
0.241440,0.264603,0.264603,0.218670,0.218670,0.218670,0.187541,0.187541,0.187541,0.164378,0.187541,0.187541,0.164378,0.164378,0.187541,0.187541,0.187541,0.187541,0.187541,0.187541,0.187541,0.187541,0.187541,0.128687,0.154786,0.154786,0.154786,0.154786,0.154786,0.154786,0.185915,0.185915,0.231848,0.231848,0.820531,0.752915,0.752915,0.752915,0.752915,0.752915,6.688074,37.973466,89.043482,138.182421,196.462662,244.691607,306.890002,362.319856,415.934262,459.824706,508.162295,570.369967,619.501060,656.314334,706.236291,764.944827,822.214446,870.102040,910.605136,978.624488,1016.755468,1051.219139,1081.659393,1115.587444,1138.971249,1179.481108,1187.706342,1217.526181,1232.780210,1259.408485,1270.280355,1289.216942,1268.731515,1264.804159,1245.600126,1221.990041,1207.277542,1176.528189,1162.932987,1148.711043,1113.331666,1107.713573,1062.185167,1018.465947,997.861674,955.037528,885.282484,817.647877,771.652609,725.400824,672.912173,626.067866,553.712980,509.133571,437.367382,377.698197,311.296034,261.879332,208.961637,150.777122,100.627204,41.390368,9.434170,3.444949,3.356504,3.805480,0.322148,0.146630,0.152077,0.152077,0.152077,0.175000,0.152077,0.152077,0.152077,0.152077,0.152077,0.175000,0.175000,0.175000,0.175000,0.175000,0.152077,0.152077,0.152077,0.152077,0.152077,0.152077,0.208142,0.208142,0.185219,0.172237,0.619458,0.000000,0.172237,0.172237,0.191352,0.021918,0.021918,0.021918,0.000000,0.021918,0.021918,0.021918
0.383077,0.383077,0.383077,0.337145,0.337145,0.801989,0.770859,0.306015,0.306015,0.306015,0.306015,0.306015,0.306015,0.306015,0.306015,0.306015,0.306015,0.306015,0.306015,0.306015,0.306015,0.306015,0.306015,0.247161,0.273260,0.273260,0.273260,0.273260,0.273260,0.738104,0.769234,0.304390,0.350322,0.350322,0.630304,1.023310,1.023310,1.023310,1.023310,1.023310,6.086862,36.890586,81.225799,135.372459,186.285831,249.725419,304.642806,369.065320,431.857649,479.224304,535.645929,604.779746,654.695209,700.705379,753.357320,803.570413,866.372266,894.715779,937.941322,987.402023,1012.965361,1034.329824,1061.549392,1101.195597,1123.201754,1143.614369,1153.627715,1176.672252,1178.727426,1195.751448,1202.069158,1222.028379,1218.349844,1193.343549,1179.832803,1179.339446,1167.820789,1135.523779,1121.053156,1093.831685,1068.041430,1036.663726,1003.170954,953.707762,926.014821,871.959057,819.613015,756.992914,707.104428,661.963391,598.574801,568.475550,514.700576,467.450090,425.828093,369.658093,313.879590,258.996657,207.542361,151.978715,100.353442,39.559558,11.724912,5.256063,5.301995,6.187374,0.433490,0.242181,0.270551,0.270551,0.270551,0.270551,0.270551,0.270551,0.270551,0.270551,0.270551,0.445396,0.445396,0.270551,0.270551,0.270551,0.445396,0.445396,0.270551,0.270551,0.270551,0.270551,0.303693,0.478538,0.303693,0.121276,0.294208,0.121276,0.121276,0.121276,0.140392,0.140392,0.140392,0.140392,0.140392,0.140392,0.140392,0.140392
0.000000,0.000000,0.000000,0.000000,0.000000,0.000000,0.000000,0.000000,0.000000,0.000000,0.000000,0.000000,0.000000,0.000000,0.000000,0.000000,0.000000,0.000000,0.000000,0.000000,0.000000,0.000000,0.000000,0.000000,0.000000,0.000000,0.000000,0.000000,0.000000,0.000000,0.000000,0.000000,0.000000,0.000000,0.346773,0.256560,0.256560,0.256560,0.256560,0.256560,3.582257,36.155857,78.268624,127.406581,181.953490,231.431184,285.369246,343.349179,398.370300,444.194928,504.985500,565.376076,608.455821,655.810197,710.288353,765.715420,816.065811,851.858252,898.291764,949.747041,987.039075,1005.805103,1015.076623,1045.842857,1069.091299,1083.575912,1107.512100,1139.873488,1157.519754,1152.553108,1149.799321,1167.092304,1167.934252,1164.436730,1158.598310,1152.425902,1135.312955,1116.689864,1096.824671,1077.721546,1038.874039,1002.485287,972.068455,942.368796,891.857018,855.633330,809.127943,757.579006,711.919219,671.853990,615.113430,576.469101,520.076054,475.512693,426.982772,374.594068,317.299915,256.869613,203.287449,145.704461,82.222867,30.729107,3.698697,0.000000,0.000000,0.000000,0.000000,0.000000,0.000000,0.000000,0.000000,0.000000,0.000000,0.000000,0.000000,0.000000,0.000000,0.000000,0.000000,0.000000,0.000000,0.000000,0.000000,0.000000,0.000000,0.000000,0.000000,0.000000,0.000000,0.000000,0.000000,0.000000,0.000000,0.000000,0.000000,0.000000,0.000000,0.000000,0.000000,0.000000,0.000000,0.000000,0.000000,0.000000
0.000000,0.000000,0.000000,0.000000,0.000000,0.000000,0.000000,0.000000,0.000000,0.000000,0.000000,0.000000,0.000000,0.000000,0.000000,0.000000,0.000000,0.000000,0.000000,0.000000,0.000000,0.000000,0.000000,0.000000,0.000000,0.000000,0.000000,0.000000,0.000000,0.000000,0.000000,0.000000,0.000000,0.000000,0.000000,0.343583,0.343583,0.343583,0.343583,0.343583,3.112929,30.374329,70.328269,124.863413,172.401793,228.271475,278.904489,324.205502,374.970320,426.274477,483.169899,541.398683,609.444966,643.543188,702.858077,754.650114,804.807932,842.867999,888.850341,936.476340,970.501771,999.337952,1005.305633,1049.846038,1082.184084,1102.196146,1127.803265,1133.240965,1141.099882,1136.887297,1145.425133,1142.610415,1145.554076,1138.717109,1133.818997,1127.051207,1106.096780,1094.087234,1096.617309,1071.247014,1032.940769,998.687579,969.257070,947.555264,897.445364,860.746279,825.094593,771.094379,745.725963,689.409683,641.140334,582.067370,528.152657,492.365859,432.077434,373.117133,316.339588,253.315198,193.288953,138.088362,85.082940,30.428880,3.572024,0.000000,0.000000,0.000000,0.000000,0.000000,0.000000,0.000000,0.000000,0.000000,0.000000,0.000000,0.000000,0.000000,0.000000,0.000000,0.000000,0.000000,0.000000,0.000000,0.000000,0.000000,0.000000,0.000000,0.000000,0.000000,0.000000,0.000000,0.000000,0.000000,0.000000,0.000000,0.000000,0.000000,0.000000,0.000000,0.000000,0.000000,0.000000,0.000000,0.000000,0.000000
0.000000,0.000000,0.000000,0.000000,0.000000,0.000000,0.000000,0.000000,0.000000,0.000000,0.000000,0.000000,0.000000,0.000000,0.000000,0.000000,0.000000,0.000000,0.000000,0.000000,0.000000,0.000000,0.000000,0.000000,0.000000,0.000000,0.000000,0.000000,0.000000,0.000000,0.000000,0.000000,0.000000,0.000000,0.449774,0.359561,0.359561,0.359561,0.359561,0.359561,3.194687,30.836643,74.990635,122.001643,182.437047,234.093947,285.852803,337.611313,386.501029,433.637453,478.897236,541.693209,593.096060,635.957203,698.640408,754.135279,798.621874,850.678239,890.332627,947.557856,988.809855,1013.943631,1021.178941,1045.135839,1056.544212,1084.266795,1104.252436,1138.643427,1146.210485,1144.396039,1146.617668,1150.953459,1144.513019,1140.875311,1130.069757,1119.055461,1114.920966,1104.542858,1072.892270,1073.728906,1040.421967,1014.607666,973.154163,939.272959,917.580170,880.331859,818.101504,778.235096,735.262785,676.385797,618.726717,560.924249,517.299510,459.733795,417.840213,359.724582,302.056444,242.220788,183.845469,130.094417,74.020053,25.861055,3.464747,0.000000,0.000000,0.000000,0.000000,0.000000,0.000000,0.000000,0.000000,0.000000,0.000000,0.000000,0.000000,0.000000,0.000000,0.000000,0.000000,0.000000,0.000000,0.000000,0.000000,0.000000,0.000000,0.000000,0.000000,0.000000,0.000000,0.000000,0.000000,0.000000,0.000000,0.000000,0.000000,0.000000,0.000000,0.000000,0.000000,0.000000,0.000000,0.000000,0.000000,0.000000
0.000000,0.000000,0.000000,0.000000,0.000000,0.000000,0.000000,0.000000,0.000000,0.000000,0.000000,0.000000,0.000000,0.000000,0.000000,0.000000,0.000000,0.000000,0.000000,0.000000,0.000000,0.000000,0.000000,0.000000,0.000000,0.000000,0.000000,0.000000,0.000000,0.000000,0.000000,0.000000,0.040118,0.040118,0.274772,0.684747,0.172553,0.684747,0.684747,0.172553,2.354167,27.619418,69.209173,117.634303,166.411592,228.696482,279.747590,326.621528,373.907207,423.047405,476.691289,541.559271,575.254979,596.232963,658.382429,716.808118,753.698595,793.287879,825.343587,886.671301,918.905446,946.553027,956.164597,1001.173308,1023.578221,1049.844897,1067.015502,1084.765085,1076.902492,1081.258455,1096.062516,1118.442595,1111.205142,1096.637275,1090.486501,1069.829673,1047.071868,1039.514419,1030.631521,1017.250694,974.394848,925.337889,916.475678,896.051810,860.570970,831.818886,785.085542,753.977575,711.500936,672.105391,613.789835,563.052183,501.531446,454.073627,408.516025,350.774039,294.323686,244.262531,182.846474,125.111665,72.455517,24.641547,0.662387,0.000000,0.000000,0.000000,0.000000,0.000000,0.000000,0.000000,0.000000,0.000000,0.000000,0.000000,0.000000,0.000000,0.000000,0.000000,0.000000,0.000000,0.000000,0.000000,0.000000,0.000000,0.000000,0.000000,0.000000,0.000000,0.000000,0.000000,0.000000,0.000000,0.000000,0.000000,0.000000,0.000000,0.000000,0.000000,0.000000,0.000000,0.000000,0.000000,0.000000,0.000000
0.000000,0.000000,0.000000,0.000000,0.000000,0.000000,0.000000,0.000000,0.000000,0.000000,0.000000,0.000000,0.000000,0.000000,0.000000,0.000000,0.000000,0.000000,0.000000,0.000000,0.000000,0.000000,0.000000,0.000000,0.000000,0.000000,0.000000,0.000000,0.000000,0.000000,0.000000,0.000000,0.010688,0.000000,0.072506,0.128681,0.128681,0.640876,0.128681,0.640876,1.690823,24.282916,67.599997,117.441756,170.085830,228.325577,284.571833,335.200993,395.698217,443.834504,497.231757,548.512725,607.782099,646.134780,698.673310,734.015141,784.639236,829.656485,871.707297,911.733984,950.237613,990.121234,995.759201,1014.781961,1055.776005,1064.352420,1078.000014,1100.251885,1125.637723,1134.154414,1130.847153,1155.475100,1155.198713,1154.646631,1141.215472,1132.689952,1116.825293,1123.557767,1088.706267,1077.833943,1028.562053,989.333259,969.667912,941.339091,908.150008,863.175872,811.626026,763.106366,723.316683,660.383721,628.749877,560.068865,516.482438,461.220779,411.462218,355.382125,298.968313,246.385426,182.561448,127.067444,66.995888,22.174531,0.155734,0.000000,0.000000,0.000000,0.000000,0.000000,0.000000,0.000000,0.000000,0.000000,0.000000,0.000000,0.000000,0.000000,0.000000,0.000000,0.000000,0.000000,0.000000,0.000000,0.000000,0.000000,0.000000,0.000000,0.000000,0.000000,0.000000,0.000000,0.000000,0.000000,0.000000,0.000000,0.000000,0.000000,0.000000,0.000000,0.000000,0.000000,0.000000,0.000000,0.000000,0.000000
0.000000,0.000000,0.000000,0.000000,0.000000,0.000000,0.000000,0.000000,0.000000,0.000000,0.000000,0.000000,0.000000,0.000000,0.000000,0.000000,0.000000,0.000000,0.000000,0.000000,0.000000,0.000000,0.000000,0.000000,0.000000,0.000000,0.000000,0.000000,0.000000,0.000000,0.000000,0.000000,0.000000,0.000000,0.215566,0.554729,0.554729,0.554729,0.554729,0.554729,0.935477,20.018132,55.414263,104.021579,153.383428,216.080055,268.104222,319.746374,376.016483,413.164230,466.692136,525.398333,575.797000,609.413074,665.624451,738.402409,775.604478,831.818719,866.736937,922.062181,964.463776,991.795294,1008.121646,1045.094404,1087.676673,1094.046958,1132.950740,1141.934472,1155.812261,1165.361513,1175.874731,1182.873333,1184.265797,1181.038161,1176.464630,1144.792298,1136.551544,1128.243724,1110.561055,1091.180776,1049.775412,1012.586736,991.017470,959.938550,916.936947,878.106137,823.268639,780.444623,735.712328,676.387857,615.629768,571.523580,515.317655,459.968148,409.281290,352.436929,288.532585,237.697445,173.994695,125.065707,70.034132,21.019990,0.000000,0.000000,0.000000,0.000000,0.000000,0.000000,0.000000,0.000000,0.000000,0.000000,0.000000,0.000000,0.000000,0.000000,0.000000,0.000000,0.000000,0.000000,0.000000,0.000000,0.000000,0.000000,0.000000,0.000000,0.000000,0.000000,0.000000,0.000000,0.000000,0.000000,0.412407,0.000000,0.000000,0.000000,0.000000,0.000000,0.000000,0.000000,0.000000,0.000000,0.000000,0.000000
0.000000,0.000000,0.002419,0.000000,0.000000,0.000000,0.000000,0.000000,0.000000,0.000000,0.000000,0.000000,0.000000,0.000000,0.000000,0.000000,0.000000,0.000000,0.000000,0.000000,0.000000,0.000000,0.020036,0.007973,0.007973,0.007507,0.007507,0.007507,0.007507,0.007507,0.007507,0.007507,0.034763,0.030229,0.432271,0.613040,0.613040,0.613040,0.613040,0.613040,1.885166,21.401457,62.871692,107.721039,157.613609,212.767978,265.403145,310.063117,366.051178,400.821320,448.583944,506.044609,557.273037,575.001204,616.532120,686.859602,734.816912,759.959940,823.305206,868.320806,910.446489,935.064889,955.421882,1013.351102,1036.249384,1045.244603,1063.625192,1076.892095,1091.209734,1088.724838,1096.278087,1093.452784,1097.186759,1101.824169,1100.867480,1077.665002,1070.064798,1080.864551,1063.467811,1016.103836,964.139624,930.865105,912.960843,895.278557,839.762960,810.039856,753.141533,705.521233,674.901315,626.994260,571.609071,530.774039,484.005147,418.806744,376.604215,313.583145,265.722835,223.740997,163.602380,113.404666,64.690124,18.572351,0.342151,0.000000,1.436041,1.139470,0.000000,0.000000,0.000000,0.000000,0.000000,0.000000,0.000000,0.000000,0.000000,0.000000,0.000000,0.000000,0.000000,0.000000,0.000000,0.000000,0.000000,0.000000,0.000000,0.000000,0.000000,0.000000,0.000000,0.000000,0.000000,0.000000,0.000000,0.000000,0.000000,0.000000,0.000000,0.000000,0.000000,0.000000,0.000000,0.000000,0.000000,0.000000
0.000000,0.000000,0.000000,0.000000,0.000000,0.000000,0.000000,0.000000,0.000000,0.000000,0.000000,0.000000,0.000000,0.000000,0.000000,0.000000,0.000000,0.000000,0.000000,0.000000,0.000000,0.000000,0.000000,0.000000,0.000000,0.000000,0.000000,0.000000,0.000000,0.000000,0.000000,0.000000,0.009417,0.009417,0.473278,0.398121,0.398121,0.398121,0.398121,0.398121,1.670247,18.159428,62.227170,107.076516,153.859819,207.000624,267.700923,321.918742,371.710757,418.991678,477.980533,529.990260,572.198579,618.183113,677.605823,726.320667,781.706104,835.958774,879.801187,929.642311,976.538355,994.092169,1013.406429,1055.597441,1078.632663,1085.253881,1095.080547,1100.685535,1104.044850,1105.724593,1107.801283,1110.924446,1113.965669,1113.087296,1118.464495,1113.471007,1100.168301,1099.288585,1085.616779,1048.546152,997.463177,950.639920,919.915399,896.036540,840.528542,808.999488,764.192174,722.029731,692.172678,638.261914,590.505864,553.892359,501.198078,445.699059,390.953947,337.586493,279.663782,231.324485,173.022669,121.118456,67.930423,19.768671,1.538470,0.000000,0.000000,0.000000,0.000000,0.000000,0.000000,0.000000,0.000000,0.000000,0.000000,0.000000,0.000000,0.000000,0.000000,0.000000,0.000000,0.000000,0.000000,0.000000,0.000000,0.000000,0.000000,0.000000,0.000000,0.000000,0.000000,0.000000,0.000000,0.000000,0.000000,0.000000,0.000000,0.000000,0.000000,0.000000,0.000000,0.000000,0.000000,0.000000,0.000000,0.000000
0.000000,0.000000,0.000000,0.000000,0.000000,0.000000,0.000000,0.000000,0.000000,0.000000,0.000000,0.000000,0.000000,0.000000,0.000000,0.000000,0.000000,0.000000,0.000000,0.000000,0.000000,0.000000,0.000000,0.000000,0.000000,0.000000,0.000000,0.000000,0.000000,0.000000,0.000000,0.000000,0.009417,0.009417,0.411459,0.398121,0.398121,0.398121,0.398121,0.398121,0.738393,18.159428,56.582669,107.076516,160.379820,219.630932,274.419214,329.038226,379.961470,436.313525,482.841341,539.854184,587.051563,627.524177,695.427887,748.238710,784.626227,830.979858,875.015044,922.250399,944.270242,976.349696,1002.483574,1024.752100,1035.558620,1042.761881,1061.169609,1088.032342,1097.086708,1109.659822,1122.851131,1141.128037,1143.674872,1149.311528,1141.227023,1122.941201,1112.448745,1107.668987,1087.786673,1061.716001,1018.589804,990.939696,942.224772,901.146090,857.297159,832.070052,793.035870,758.143584,719.056399,669.314402,619.331295,565.935684,512.242621,453.522645,389.075142,328.833164,278.426636,223.608851,162.739288,112.940933,63.710846,17.683706,0.000000,0.000000,0.000000,0.382390,0.000000,0.000000,0.000000,0.000000,0.000000,0.000000,0.000000,0.000000,0.000000,0.000000,0.000000,0.000000,0.000000,0.000000,0.000000,0.000000,0.000000,0.000000,0.000000,0.000000,0.000000,0.000000,0.000000,0.000000,0.000000,0.000000,0.000000,0.000000,0.000000,0.000000,0.000000,0.000000,0.000000,0.000000,0.000000,0.000000,0.000000,0.000000
0.000000,0.000000,0.000000,0.000000,0.000000,0.000000,0.000000,0.000000,0.000000,0.000000,0.000000,0.000000,0.000000,0.000000,0.000000,0.000000,0.000000,0.000000,0.000000,0.000000,0.000000,0.000000,0.000000,0.000000,0.000000,0.000000,0.000000,0.000000,0.000000,0.000000,0.000000,0.000000,0.000000,0.000000,0.392852,0.379514,0.379514,0.379514,0.379514,0.379514,0.777263,16.930157,57.244509,107.030108,151.656109,207.803456,260.637186,301.241747,356.774993,406.276818,453.780140,509.355489,560.239215,593.248112,658.384096,705.961956,743.414794,790.501092,830.437429,872.811554,908.103227,935.320487,956.194912,1007.033494,1037.154171,1047.396664,1058.411147,1089.646615,1102.042632,1114.086137,1117.590239,1125.488526,1141.412393,1145.250738,1143.148421,1125.084994,1120.031267,1133.887006,1104.008412,1077.737417,1047.029577,1005.435423,984.411838,927.318482,894.393709,853.247701,811.195455,760.609656,713.721540,657.585716,613.402463,544.874235,489.660284,436.939630,381.924895,331.607404,269.653184,217.580022,159.733715,106.710405,51.332056,12.964649,0.148271,0.000000,0.000000,0.000000,0.000000,0.000000,0.000000,0.000000,0.000000,0.000000,0.000000,0.000000,0.000000,0.000000,0.000000,0.000000,0.000000,0.000000,0.000000,0.000000,0.000000,0.000000,0.000000,0.000000,0.000000,0.000000,0.000000,0.000000,0.000000,0.000000,0.000000,0.000000,0.000000,0.000000,0.000000,0.000000,0.000000,0.000000,0.000000,0.000000,0.000000,0.000000
0.000000,0.105003,0.109537,0.098509,0.098509,0.098509,0.098509,0.098509,0.098509,0.098509,0.098509,0.098509,0.098509,0.098509,0.098509,0.098509,0.098509,0.098509,0.098509,0.098509,0.098509,0.098509,0.143381,0.177997,0.177997,0.177531,0.177531,0.177531,0.177531,0.177531,0.177531,0.177531,0.188559,0.184025,0.418679,0.296753,0.296753,0.296753,0.296753,0.808948,2.346053,17.836961,53.488874,105.377367,150.959856,199.845748,249.916573,306.056006,364.944217,420.295763,471.431846,513.916529,568.596806,600.867255,650.017616,705.807264,742.920347,785.011640,822.878423,844.190669,890.714267,896.988326,905.988068,941.194736,996.908800,996.815990,1003.487287,1020.726190,1029.427389,1026.101871,1020.846478,1024.098394,1027.945410,1034.644383,1035.350233,1028.400779,1027.691307,1021.547236,991.502570,962.150447,917.778506,897.116956,888.581279,852.102894,831.717183,787.165484,756.867267,713.229814,673.167941,622.823787,577.500083,532.777799,484.426257,425.006866,370.948870,323.583051,264.830514,213.990008,160.621285,114.286466,57.840353,14.187504,1.723732,0.013802,0.013802,0.000000,0.000000,0.000000,0.000000,0.000000,0.000000,0.000000,0.000000,0.000000,0.000000,0.000000,0.000000,0.000000,0.000000,0.000000,0.000000,0.000000,0.000000,0.000000,0.000000,0.000000,0.000000,0.000000,0.000000,0.000000,0.000000,0.000000,0.000000,0.000000,0.000000,0.000000,0.000000,0.000000,0.000000,0.000000,0.000000,0.000000,0.000000,0.000000
0.000000,0.000000,0.000000,0.000000,0.000000,0.000000,0.000000,0.000000,0.000000,0.000000,0.000000,0.000000,0.000000,0.000000,0.000000,0.000000,0.000000,0.000000,0.000000,0.000000,0.000000,0.000000,0.017083,0.051699,0.051699,0.051232,0.051232,0.051232,0.051232,0.051232,0.051232,0.051232,0.062260,0.062260,0.296914,1.683468,1.683468,1.683468,1.171274,1.171274,1.979164,14.894388,50.628892,103.330254,147.333597,200.863538,252.756960,319.665641,374.398623,428.528374,480.706809,524.500982,578.642256,623.410368,684.479508,722.953280,755.321715,795.715496,833.419181,872.915178,882.949854,905.657091,928.698134,949.760820,978.295669,988.213937,988.585273,1014.371668,1030.538149,1034.713525,1026.667648,1029.649894,1034.224495,1036.673849,1033.994921,1022.828849,1012.968225,1017.980015,999.025881,983.659504,943.816776,936.248141,918.608293,896.801234,857.369051,823.545893,792.351501,747.088002,693.282527,635.755416,587.045512,531.039318,477.287318,421.450362,375.262079,322.976864,266.042641,213.246007,150.999047,108.506843,53.640731,10.406782,0.000000,0.000000,0.000000,0.000000,0.000000,0.000000,0.000000,0.000000,0.000000,0.000000,0.000000,0.000000,0.000000,0.000000,0.000000,0.000000,0.000000,0.000000,0.000000,0.000000,0.000000,0.000000,0.000000,0.000000,0.000000,0.000000,0.000000,0.000000,0.000000,0.000000,0.000000,0.000000,0.000000,0.000000,0.000000,0.000000,0.000000,0.000000,0.000000,0.000000,0.000000,0.000000
0.000000,0.000000,0.000000,0.000000,0.000000,0.000000,0.000000,0.000000,0.000000,0.000000,0.000000,0.000000,0.000000,0.000000,0.000000,0.000000,0.000000,0.000000,0.000000,0.000000,0.000000,0.000000,0.000000,0.000000,0.000000,0.000000,0.000000,0.000000,0.000000,0.000000,0.000000,0.000000,0.000000,0.000000,0.000000,0.483038,0.483038,0.483038,0.483038,0.483038,0.525394,8.764354,48.751394,92.530790,138.346097,181.939975,228.994261,271.919936,340.131491,393.892637,433.691315,471.717503,527.322231,569.872457,617.628313,669.253051,697.289502,751.591187,790.605241,828.259399,872.829896,886.888889,936.402270,1005.860197,1014.203019,1043.652280,1055.608585,1056.969853,1077.833521,1077.875795,1064.905035,1049.846195,1057.440678,1054.705433,1043.662595,1018.935809,1005.010519,1013.839289,981.118477,951.300834,921.460332,899.799485,858.123811,822.541233,789.595555,755.405475,711.874025,664.972711,614.968828,567.231253,523.682322,483.371396,433.381914,394.019298,348.670602,305.115412,253.407068,199.754380,148.950675,101.363236,42.760899,5.956641,0.682884,0.000000,0.640528,1.835037,0.000000,0.000000,0.000000,0.000000,0.000000,0.000000,0.000000,0.000000,0.000000,0.000000,0.000000,0.000000,0.000000,0.000000,0.000000,0.000000,0.000000,0.000000,0.000000,0.000000,0.000000,0.000000,0.000000,0.000000,0.000000,0.000000,0.000000,0.000000,0.000000,0.000000,0.000000,0.000000,0.000000,0.000000,0.000000,0.000000,0.000000,0.000000
0.000000,0.000000,0.000000,0.000000,0.000000,0.000000,0.000000,0.000000,0.000000,0.000000,0.000000,0.000000,0.000000,0.000000,0.000000,0.000000,0.000000,0.000000,0.000000,0.000000,0.000000,0.000000,0.000000,0.000000,0.000000,0.000000,0.000000,0.000000,0.000000,0.000000,0.000000,0.000000,0.000000,0.000000,0.000000,0.000000,0.000000,0.506467,0.506467,0.506467,0.548823,10.689289,44.661773,93.192320,141.803627,191.709887,244.162411,296.861035,357.760708,415.774551,457.255816,494.673501,545.663436,598.628507,643.349804,679.202882,708.609644,746.149456,766.653184,809.330316,832.986151,846.936150,873.191117,903.655707,939.723291,957.709194,971.024190,982.590195,997.918573,1003.138199,992.770802,984.255703,984.890959,991.052052,991.248427,976.632839,970.443298,962.738015,947.830541,930.991753,897.588836,868.738866,851.372474,823.137923,785.318039,752.512441,704.415064,661.289686,612.578797,569.675933,524.021350,475.242212,433.426645,382.586090,352.999748,295.523753,246.494655,199.085814,143.228719,96.345948,44.150394,7.065062,0.000000,0.000000,0.000000,0.318828,0.000000,0.000000,0.000000,0.000000,0.000000,0.000000,0.000000,0.000000,0.000000,0.000000,0.000000,0.000000,0.000000,0.000000,0.000000,0.000000,0.000000,0.000000,0.000000,0.000000,0.000000,0.000000,0.000000,0.000000,0.031404,0.000000,0.000000,0.000000,0.000000,0.000000,0.000000,0.000000,0.000000,0.000000,0.000000,0.000000,0.000000,0.000000
0.171339,0.175420,0.143054,0.043227,0.043227,0.001974,0.000000,0.000000,0.000000,0.000000,0.000000,0.000000,0.000000,0.000000,0.000000,0.000000,0.000000,0.000000,0.000000,0.000000,0.000000,0.000000,0.000000,0.000000,0.000000,0.000000,0.000000,0.000000,0.000000,0.000000,0.058797,0.058797,0.160114,0.192479,1.372945,1.332282,1.366945,1.366945,1.366945,1.423649,1.480602,9.386459,44.397694,86.139178,134.785624,181.508829,225.389844,274.995226,311.957058,379.268175,436.334373,483.927147,531.876487,583.139837,634.287023,673.054277,711.049980,750.443359,788.548055,829.389058,857.338773,892.581323,926.004060,984.670541,1014.607606,1047.050619,1095.686452,1085.876933,1109.289629,1098.965157,1099.456128,1084.313786,1074.683041,1086.240842,1064.089453,1049.285724,1030.001982,1031.440584,1011.576954,985.328397,947.820288,913.373040,893.501264,848.783385,825.428557,786.505006,745.344485,691.332011,647.404683,593.990471,529.884261,498.892340,445.213939,395.058341,347.739837,291.937662,234.864561,177.928090,132.920745,82.758184,34.917467,0.000000,0.000000,0.000000,0.000000,0.000000,0.000000,0.000000,0.000000,0.000000,0.000000,0.000000,0.000000,0.000000,0.000000,0.000000,0.000000,0.000000,0.000000,0.000000,0.000000,0.000000,0.000000,0.000000,0.000000,0.000000,0.000000,0.000000,0.000000,0.000000,0.000000,0.000000,0.000000,0.000000,0.000000,0.000000,0.000000,0.000000,0.000000,0.000000,0.000000,0.000000,0.000000,0.000000
0.127264,0.131345,0.100469,0.000641,0.000641,0.000000,0.000000,0.000000,0.000000,0.000000,0.000000,0.000000,0.000000,0.000000,0.000000,0.000000,0.000000,0.000000,0.000000,0.000000,0.000000,0.000000,0.000000,0.000000,0.000000,0.000000,0.000000,0.000000,0.000000,0.000000,0.016212,0.016212,0.116039,0.148405,1.380837,1.340174,1.374838,1.374838,1.374838,1.670605,1.488494,7.990522,39.018105,84.727599,132.099625,178.804643,229.970408,268.259254,319.520237,376.442635,430.528867,476.683897,523.002705,575.860131,606.371772,656.297303,703.335738,746.909622,783.876647,829.547485,861.761982,871.160165,906.938171,956.809058,1007.481789,1038.738407,1035.785520,1047.736153,1055.921926,1060.658044,1058.719311,1049.592410,1061.391975,1050.017548,1030.863435,989.561405,963.516822,952.967884,934.890363,891.323591,859.836826,829.566261,797.673122,739.994411,725.997862,703.906760,638.974483,600.149910,556.820476,515.246787,454.845385,417.309407,387.934367,343.460574,290.729893,249.347014,206.440795,157.686338,117.441577,75.188679,30.014627,0.000000,0.000000,0.000000,0.000000,0.000000,0.000000,0.000000,0.000000,0.000000,0.000000,0.000000,0.000000,0.000000,0.000000,0.000000,0.000000,0.000000,0.000000,0.000000,0.000000,0.000000,0.000000,0.000000,0.000000,0.000000,0.000000,0.000000,0.000000,0.000000,0.000000,0.000000,0.000000,0.000000,0.000000,0.000000,0.000000,0.000000,0.000000,0.000000,0.000000,0.000000,0.000000,0.000000
0.000000,0.000000,0.000000,0.000000,0.000000,0.000000,0.000000,0.000000,0.000000,0.000000,0.000000,0.000000,0.000000,0.000000,0.000000,0.000000,0.000000,0.000000,0.000000,0.000000,0.000000,0.000000,0.000000,0.000000,0.000000,0.000000,0.000000,0.000000,0.000000,0.000000,0.000000,0.000000,0.000000,0.000000,0.021749,0.000000,0.015749,0.015749,0.015749,0.072453,0.129406,3.972052,34.999636,77.363296,124.662994,168.516051,218.918576,261.356593,304.761382,350.352792,394.434915,439.476353,479.598553,541.773605,577.115468,620.184983,643.993767,686.340213,722.539073,768.245132,790.790048,802.914441,831.606053,866.938653,888.145583,916.094101,941.301707,957.949847,961.386665,972.527051,1001.883406,1035.414786,1042.691762,1039.135911,990.469979,978.272205,952.578131,926.507098,905.421864,871.953905,835.506661,807.235510,776.215836,737.760264,715.689299,689.481545,659.741649,616.957636,568.765868,529.174311,486.523627,447.223769,397.975434,358.374923,311.695543,278.580723,223.837986,173.926667,128.125537,77.432962,27.099653,0.000000,0.000000,0.000000,0.000000,0.000000,0.000000,0.000000,0.000000,0.000000,0.000000,0.000000,0.000000,0.000000,0.000000,0.000000,0.000000,0.000000,0.000000,0.000000,0.000000,0.000000,0.000000,0.000000,0.000000,0.000000,0.000000,0.000000,0.000000,0.000000,0.000000,0.000000,0.000000,0.000000,0.000000,0.000000,0.000000,0.000000,0.000000,0.000000,0.000000,0.000000,0.000000,0.000000
0.263683,0.267764,0.235399,0.135571,0.135571,0.104136,0.073828,0.073828,0.073828,0.073828,0.073828,0.073828,0.073828,0.073828,0.073828,0.073828,0.073828,0.073828,0.073828,0.068952,0.068952,0.091929,0.093127,0.093127,0.093127,0.090887,0.090887,0.090887,0.090887,0.090887,0.151142,0.151142,0.250969,0.283335,0.319560,0.661160,0.711068,0.695824,0.695824,0.991592,0.809480,2.964832,30.990512,75.959112,117.842190,167.741712,211.959648,257.197363,308.154885,359.520210,409.885480,461.996046,498.125609,563.974652,588.190862,628.801447,652.949523,697.660302,729.911596,756.391921,796.116118,817.342004,852.462605,900.924231,922.536220,963.239071,983.208746,992.619309,998.418427,987.741338,999.336012,1006.511969,1005.495219,1002.348884,994.195824,986.047485,971.496468,954.432639,930.475021,924.235727,888.919236,858.552938,830.242282,792.570990,765.996075,739.942223,704.336928,652.310142,599.545253,553.778216,503.904845,457.965085,417.529736,372.249142,321.665488,275.362299,227.964001,175.797119,132.016663,83.183643,42.174800,4.046497,0.444418,0.581122,0.330761,0.000000,0.000000,0.000000,0.000000,0.000000,0.000000,0.000000,0.000000,0.000000,0.000000,0.000000,0.000000,0.000000,0.000000,0.000000,0.000000,0.000000,0.000000,0.000000,0.000000,0.000000,0.000000,0.000000,0.000000,0.000000,0.000000,0.000000,2.536912,2.634756,2.634756,0.000000,0.000000,0.000000,0.000000,0.000000,0.000000,0.000000,0.000000,0.000000
0.353970,0.339959,0.160331,0.060504,0.060504,0.016893,0.000249,0.000249,0.159947,0.159947,0.159947,0.159947,0.159947,0.159947,0.159947,0.159947,0.159947,0.159947,0.159947,0.155071,0.155071,0.178048,0.179246,0.179246,0.179246,0.177006,0.177006,0.177006,0.177006,0.177006,0.237260,0.237260,0.337088,0.516716,0.571033,0.900775,0.947297,0.935439,0.935439,1.185799,1.060954,3.303933,37.554265,81.724650,125.800298,171.726357,225.974608,280.164800,326.660987,375.349992,434.732378,494.135650,534.095946,584.976681,626.180203,665.890088,689.753673,723.722234,750.694853,784.693817,798.954973,828.355048,855.402916,874.557644,902.126056,902.539690,923.673987,942.037671,941.531375,955.070964,965.244118,990.552327,983.263518,974.633017,959.250074,945.782723,925.745567,912.704967,899.129567,886.003352,865.617764,833.350806,805.924239,756.879180,731.633715,700.459479,658.678182,623.371327,567.134706,520.326862,473.134754,439.455779,393.603718,348.858383,300.553297,254.185738,211.719932,164.202213,122.532041,75.707248,31.952726,0.000000,0.000000,0.000000,0.000000,0.000000,0.000000,0.000000,0.000000,0.000000,0.000000,0.000000,0.000000,0.000000,0.000000,0.000000,0.000000,0.000000,0.000000,0.000000,0.000000,0.000000,0.000000,0.000000,0.000000,0.000000,0.000000,0.000000,0.000000,0.000000,0.000000,0.000000,0.000000,0.000000,0.000000,0.000000,0.010204,0.010204,0.003634,0.003634,0.003634,0.003634,0.003634,0.000000
0.262650,0.248639,0.085850,0.015687,0.015687,0.000000,0.000000,0.000000,0.000000,0.000000,0.000000,0.000000,0.000000,0.000000,0.000000,0.000000,0.000000,0.000000,0.000000,0.000000,0.000000,0.000000,0.000000,0.000000,0.000000,0.000000,0.000000,0.000000,0.000000,0.000000,0.032747,0.032747,0.102910,0.265698,0.649758,0.649758,0.696280,0.684422,0.684422,0.934782,0.809936,4.313953,38.576143,82.383493,126.660700,173.757298,226.943786,281.027438,343.213811,389.752949,441.153267,480.555840,521.098060,582.192392,611.764534,655.914670,682.361096,718.203664,756.472501,783.627600,817.973734,836.051390,842.920149,868.818002,891.792869,901.887433,932.960748,948.703241,965.296161,978.512784,997.234209,1013.408588,1011.170203,1010.225249,984.489087,968.546609,950.668970,947.234292,945.174306,927.259181,882.369934,866.056428,835.726461,793.083171,780.590094,747.442160,700.773964,651.820398,592.024393,549.654461,504.867472,456.137954,423.074518,361.595980,319.681133,269.411849,223.012876,175.463866,121.995510,76.118090,30.673622,0.566094,0.000000,0.363278,0.000000,0.000000,0.000000,0.000000,0.000000,0.000000,0.000000,0.000000,0.000000,0.000000,0.000000,0.000000,0.000000,0.000000,0.000000,0.000000,0.000000,0.000000,0.000000,0.000000,0.000000,0.000000,0.000000,0.000000,0.000000,0.000000,0.000000,0.000000,0.000000,0.000000,0.000000,0.000000,0.000000,0.000000,0.000000,0.000000,0.000000,0.000000,0.000000,0.000000
0.253569,0.257650,0.242123,0.171961,0.171961,0.140525,0.111706,0.111706,0.111706,0.111706,0.111706,0.111706,0.111706,0.111706,0.111706,0.111706,0.111706,0.111706,0.111706,0.106831,0.106831,0.129808,0.131006,0.131006,0.131006,0.128766,0.128766,0.128766,0.128766,0.128766,0.189020,0.189020,0.259183,0.274710,0.640677,0.652535,0.687199,0.687199,0.687199,0.937559,0.800855,4.314388,38.576578,81.340472,120.145510,169.448127,219.001503,261.919569,326.101160,372.117413,418.664991,465.525561,515.874109,579.252820,609.459901,652.071311,676.216430,702.686020,736.530947,789.299158,826.990685,856.756143,855.285273,878.959038,909.748185,930.150171,949.423239,970.248250,995.714603,992.407192,1017.017887,1007.471213,1025.783794,1013.354477,987.388550,983.216023,974.939716,963.336389,950.032731,942.232553,895.828150,868.623224,836.477124,790.038023,772.364003,736.810975,689.546450,646.913666,596.615448,550.893397,506.061544,455.897399,418.002364,366.101350,323.635678,275.273472,229.009974,171.050584,122.308992,80.489964,39.051542,2.762389,0.702106,0.642198,0.391837,0.000000,0.000000,0.000000,0.000000,0.000000,0.000000,0.000000,0.000000,0.000000,0.000000,0.000000,0.000000,0.000000,0.000000,0.000000,0.000000,0.000000,0.000000,0.000000,0.000000,0.000000,0.000000,0.000000,0.000000,0.000000,0.000000,0.000000,0.000000,0.000000,0.000000,0.000000,0.000000,0.000000,0.000000,0.000000,0.000000,0.000000,0.000000,0.000000
0.249741,0.253823,0.236807,0.166644,0.166644,0.125392,0.053241,0.051752,0.051752,0.051752,0.053241,0.051752,0.051752,0.051752,0.051752,0.051752,0.051752,0.051752,0.051752,0.046877,0.046877,0.069854,0.071051,0.071051,0.071051,0.068812,0.068812,0.068812,0.068812,0.113633,0.183704,0.183704,0.253867,0.269393,0.565579,0.524916,0.559580,0.559580,0.559580,0.570876,0.673236,3.235708,31.450218,77.698682,124.493700,175.033242,227.889489,269.628075,334.960641,381.028539,439.438293,499.628886,552.586073,616.886510,639.615081,684.179615,707.165945,764.997672,802.575618,836.400436,866.096138,898.203328,934.139482,962.016994,980.775505,992.249355,1012.114239,1020.119934,1030.526020,1038.090458,1036.008639,1039.412110,1045.388282,1038.690305,1012.445226,997.646730,972.519965,929.192199,899.817786,870.105042,839.219500,804.678060,768.325628,748.742622,715.163697,683.815833,643.772678,596.313943,559.361295,502.117578,460.337510,420.477452,383.135663,333.589012,291.395579,243.290213,201.142246,147.883258,112.519808,71.983215,28.235544,0.000000,0.000000,0.000000,0.000000,0.000000,0.000000,0.000000,0.000000,0.000000,0.000000,0.000000,0.000000,0.000000,0.000000,0.000000,0.000000,0.000000,0.000000,0.000000,0.000000,0.000000,0.000000,0.000000,0.000000,0.000000,0.000000,0.000000,0.000000,0.000000,0.000000,0.000000,0.000000,0.000000,0.000000,0.000000,0.000000,0.000000,0.000000,0.000000,0.000000,0.000000,0.000000,0.000000
0.296073,0.300154,0.284627,0.214465,0.214465,0.181540,0.152721,0.152721,0.152721,0.152721,0.152721,0.152721,0.152721,0.152721,0.152721,0.152721,0.152721,0.152721,0.152721,0.147846,0.147846,0.170823,0.172021,0.172021,0.172021,0.169781,0.169781,0.169781,0.169781,0.169781,0.230035,0.230035,0.300198,0.315724,0.666011,0.625348,0.660011,0.660011,1.858748,1.671733,0.773668,3.279436,38.553347,81.428624,124.400467,175.183635,229.532026,271.348772,334.939200,373.209499,422.408823,466.785834,513.313137,579.958318,615.174830,651.023967,685.550594,725.769672,755.207608,787.063289,822.244821,845.817481,868.962993,888.006078,910.844989,929.264366,940.790619,946.992312,940.044549,956.331624,947.269689,950.155815,937.286719,941.377699,938.390005,937.754665,923.422713,922.966511,892.108396,878.889598,843.129850,834.309170,809.725619,775.883960,755.597492,722.006598,678.955630,627.534579,574.040075,520.199864,482.869762,436.522922,394.670735,340.286095,296.728491,246.527942,206.700142,159.739804,118.631404,73.224866,30.411782,0.000000,0.222945,0.000000,0.000000,0.000000,0.224036,0.000000,0.000000,0.000000,0.000000,0.000000,0.000000,0.000000,0.000000,0.000000,0.000000,0.000000,0.000000,0.000000,0.000000,0.000000,0.000000,0.000000,0.000000,0.000000,0.000000,0.000000,0.000000,0.000000,0.000000,0.000000,0.000000,0.000000,0.000000,0.000000,0.000000,0.000000,0.000000,0.000000,0.000000,0.000000,0.000000,0.000000
0.296073,0.300154,0.283138,0.214465,0.214465,0.181540,0.152721,0.154210,0.154210,0.152721,0.152721,0.154210,0.152721,0.152721,0.152721,0.152721,0.152721,0.152721,0.152721,0.147846,0.147846,0.170823,0.172021,0.172021,0.172021,0.169781,0.169781,0.169781,0.169781,0.169781,0.230035,0.230035,0.300198,0.315724,0.666011,0.625348,1.038869,0.660011,0.660011,0.910372,0.773668,3.279436,32.755435,75.856926,123.169374,171.182775,219.603981,272.900980,333.472302,370.847311,424.311975,478.600542,535.772431,596.991936,626.933402,662.068776,682.815394,718.572825,738.351505,759.627729,787.820637,815.435299,847.769341,893.639216,909.999716,916.742085,923.307286,932.267532,939.853319,962.685158,963.496732,964.606526,960.620669,954.564694,956.437535,938.577722,926.166717,910.310210,882.521944,868.038820,847.785906,853.813850,829.725601,805.128563,778.590559,754.947199,707.736000,646.467711,598.149344,542.776980,519.495499,484.964541,427.362676,372.402765,330.298671,273.762287,227.773595,174.233808,132.883363,85.230274,38.436285,0.000000,0.000000,0.000000,0.000000,0.000000,0.983504,0.000000,0.000000,0.000000,0.000000,0.000000,0.000000,0.000000,0.000000,0.000000,0.000000,0.000000,0.000000,0.000000,0.000000,0.000000,0.000000,0.000000,0.000000,0.000000,0.000000,0.000000,0.000000,0.000000,0.000000,0.000000,0.000000,0.000000,0.000000,0.000000,0.000000,0.000000,0.000000,0.000000,0.000000,0.000000,0.000000,0.000000
0.326977,0.331058,0.314042,0.243879,0.245369,0.213933,0.185114,0.183625,0.183625,0.185114,0.185114,0.183625,0.183625,0.183625,0.185114,0.183625,0.183625,0.183625,0.183625,0.178750,0.178750,0.201727,0.202925,0.202925,0.202925,0.200685,0.200685,0.200685,0.200685,0.200685,0.260939,0.260939,0.331102,0.346628,0.382854,0.724454,0.774362,0.759118,0.759118,1.009478,0.872774,3.378542,32.241728,75.215103,117.273820,161.660294,208.484319,252.399379,314.036544,360.865831,403.525117,449.801403,501.820071,565.702244,586.527842,624.130268,670.322077,693.763311,715.840653,736.690647,786.851232,815.967761,826.611640,864.940166,893.792025,905.183986,911.402318,921.644959,937.465412,954.794130,973.454536,989.886977,987.923067,956.816434,950.099514,934.804020,929.396285,918.385874,891.682482,878.236781,851.250490,834.593960,814.943643,798.483929,766.640584,743.820893,697.088440,643.320905,606.688522,552.443671,520.944876,482.405174,431.843695,374.062448,333.553185,283.052152,234.601864,181.031740,133.770274,82.147224,32.237894,0.000000,0.000000,0.052190,0.000000,0.000000,0.000000,0.000000,0.000000,0.000000,0.000000,0.000000,0.000000,0.000000,0.000000,0.000000,0.000000,0.000000,0.000000,0.000000,0.000000,0.000000,0.000000,0.000000,0.000000,0.000000,0.000000,0.000000,0.000000,0.000000,0.000000,0.000000,0.000000,0.000000,0.000000,0.000000,0.000000,0.000000,0.000000,0.000000,0.000000,0.000000,0.000000,0.000000
0.451635,0.437624,0.287010,0.216847,0.216847,0.163420,0.101955,0.101955,0.101955,0.261652,0.261652,0.261652,0.261652,0.261652,0.261652,0.261652,0.261652,0.261652,0.261652,0.097079,0.256777,0.279754,0.280951,0.280951,0.280951,0.278712,0.278712,0.278712,0.278712,0.323533,0.393604,0.393604,0.463767,0.626555,0.680873,0.956514,1.003036,0.991178,0.991178,0.636005,1.104834,3.617173,32.460810,75.562301,119.339734,162.606370,216.264334,265.146936,318.909745,367.651567,427.419197,483.508626,527.719827,586.252001,623.949335,677.700852,704.211371,739.544430,774.050736,797.404576,847.653843,865.599129,897.078034,932.849316,959.652898,995.958857,998.583828,1012.784237,1009.602269,1012.015244,1021.167617,1028.050228,1022.324582,1009.345647,1005.406687,995.689271,979.717578,941.510711,929.610699,898.158056,875.943932,833.583968,808.426120,785.050045,751.576695,721.001011,678.249209,627.159277,593.352260,550.526909,512.889578,457.683829,415.177400,364.715649,327.577286,270.929083,218.181056,172.647645,120.993741,71.817985,28.410188,0.000000,0.000000,0.000000,0.000000,0.000000,0.000000,0.009585,0.009585,0.044249,0.044249,0.044249,0.044249,0.044249,0.050819,0.050819,0.050819,0.050819,0.063920,0.063920,0.063920,0.063920,0.063920,0.063920,0.068374,0.041272,0.041272,0.041272,0.041272,0.041272,0.041272,0.092536,0.055996,0.120836,0.120836,0.120836,0.140672,0.140672,0.134101,0.134101,0.068618,0.068618,0.134101,0.099437
0.266481,0.289009,0.126221,0.056058,0.056058,0.014806,0.000000,0.000000,0.000000,0.000000,0.000000,0.000000,0.000000,0.000000,0.000000,0.000000,0.000000,0.000000,0.000000,0.000000,0.000000,0.000000,0.000000,0.000000,0.000000,0.000000,0.000000,0.000000,0.000000,0.111190,0.073118,0.073118,0.143280,0.306069,0.636028,0.636028,0.682550,0.670692,0.670692,0.315518,0.796206,2.749992,31.888945,68.647704,117.565955,162.424701,213.343427,260.386209,325.628465,372.994503,432.961890,484.972307,531.183403,588.804253,633.517817,681.938628,707.538963,746.096861,770.464327,792.155854,837.566866,861.815134,880.881312,921.572771,942.714905,977.597169,989.002046,994.292833,1000.979607,1011.137781,994.705761,985.391289,994.380112,988.906910,985.733270,984.466833,949.199597,920.936164,921.711488,891.938868,856.460455,813.781395,795.426641,777.501363,752.469533,721.528440,671.625600,626.802592,600.912833,543.438969,506.935896,459.715012,414.456256,364.717557,311.790011,264.649008,219.973962,158.965420,118.464419,65.804041,30.677352,0.991955,1.828017,1.056203,1.685581,1.403343,0.000000,0.000000,0.000000,0.000000,0.000000,0.000000,0.000000,0.000000,0.000000,0.000000,0.000000,0.000000,0.000000,0.000000,0.000000,0.000000,0.000000,0.000000,0.000000,0.000000,0.000000,0.000000,0.000000,0.000000,0.000000,0.000000,0.000000,0.000000,0.000000,0.000000,0.000000,0.000000,0.000000,0.000000,0.000000,0.000000,0.000000,0.000000
0.206060,0.210141,0.194615,0.124452,0.124452,0.093017,0.064198,0.064198,0.064198,0.064198,0.064198,0.064198,0.064198,0.064198,0.064198,0.064198,0.064198,0.064198,0.064198,0.059322,0.059322,0.082300,0.083497,0.083497,0.083497,0.081258,0.081258,0.081258,0.081258,0.081258,0.141512,0.141512,0.211674,0.227201,0.593168,0.605027,0.654935,0.639690,0.639690,0.890051,0.753347,2.714317,28.059156,70.073194,113.435290,155.785719,207.592285,250.785026,303.415288,351.292723,396.929688,449.413709,500.449716,554.322353,579.334791,620.012965,643.880098,668.514554,703.404926,733.619368,766.605969,807.191576,834.102565,857.079797,878.347047,899.621302,925.039429,946.177038,968.299052,982.024525,978.334938,974.870794,979.192875,980.039691,978.128196,960.615572,930.314887,911.420671,888.796214,885.437639,846.661076,822.694292,786.015522,778.766346,743.755203,701.131183,657.402085,617.098930,579.525909,539.811525,490.846160,454.999932,407.436431,355.548290,314.213432,258.304571,220.376105,161.251678,112.826094,69.934987,32.034617,0.000000,0.297020,0.000000,0.000000,0.000000,0.000000,0.000000,0.000000,0.000000,0.000000,0.000000,0.000000,0.000000,0.000000,0.000000,0.000000,0.000000,0.000000,0.000000,0.000000,0.000000,0.000000,0.000000,0.000000,0.000000,0.000000,0.000000,0.000000,0.000000,0.000000,0.000000,0.000000,0.000000,0.000000,0.000000,0.000000,0.000000,0.000000,0.000000,0.000000,0.000000,0.000000,0.000000
0.601807,0.577452,0.391796,0.251853,0.251853,0.251853,0.193299,0.193299,0.193299,0.193299,0.193299,0.193299,0.193299,0.193299,0.193299,0.193299,0.193299,0.193299,0.193299,0.191908,0.191908,0.191908,0.231785,0.230426,0.230426,0.230426,0.230426,0.230426,0.230426,0.259909,0.288979,0.288979,0.428923,0.614578,0.797422,0.797422,0.809769,0.809769,0.809769,0.903227,1.244525,1.949395,31.879996,72.477011,113.750862,154.900134,209.667239,255.341017,299.847383,350.520609,397.023816,452.239612,496.436673,544.960614,575.341087,613.615866,638.364846,665.037377,702.299499,741.201424,775.269778,799.098288,825.727890,841.758649,848.198486,842.936415,851.280984,895.224319,920.963206,937.307932,938.313393,935.191754,930.508381,928.781107,925.075252,912.985203,900.060728,895.927075,890.162879,879.557787,863.186907,839.029773,829.717489,820.801876,792.823472,757.576817,715.209104,668.220755,617.570126,575.685836,525.224151,474.874941,423.034561,369.624722,322.664708,267.950438,218.822362,166.319597,119.893615,73.635490,28.967996,1.465374,1.680969,1.230859,0.976961,3.253290,0.566666,0.140631,0.152977,0.152977,0.152977,0.152977,0.152977,0.152977,0.152977,0.767912,0.767912,0.767912,0.767912,0.767912,0.000000,0.000000,0.000000,0.000000,0.000000,0.000000,0.000000,0.000000,0.000000,0.136914,0.150951,0.053945,0.053945,0.053945,0.053945,0.053945,0.278489,0.300946,0.300946,0.300946,0.300946,0.300946,0.300946,0.300946
0.448510,0.424155,0.238500,0.102173,0.102173,0.102173,0.043619,0.043619,0.043619,0.043619,0.043619,0.043619,0.043619,0.043619,0.043619,0.043619,0.043619,0.043619,0.043619,0.042228,0.042228,0.042228,0.188329,0.186970,0.186970,0.186970,0.186970,0.186970,0.186970,0.216453,0.245523,0.245523,0.381851,0.567506,0.750350,0.750350,0.762696,0.762696,0.762696,0.856154,1.197452,3.408967,32.579626,73.351112,118.025340,160.767915,214.857688,252.580071,307.887558,358.374160,406.711756,457.280173,502.849723,543.582355,585.599068,607.154362,638.581879,663.284940,702.427177,748.541749,791.630194,831.385950,868.509868,886.371682,900.043120,910.605165,927.806208,948.310066,972.582334,961.977735,972.478400,967.001151,977.374424,974.176975,971.027152,974.230992,935.265132,921.474280,913.284602,884.612782,853.823806,814.953149,804.536887,795.914353,765.879758,738.360173,694.548951,658.091816,621.005270,567.214481,517.108740,469.324506,425.277574,372.362983,320.621567,266.157970,223.883482,166.907501,124.482069,77.068392,31.354755,1.393425,1.391093,1.049794,0.956336,0.508917,0.382052,0.023552,0.035899,0.035899,0.035899,0.035899,0.035899,0.035899,0.035899,0.650834,0.650834,0.650834,0.650834,0.650834,0.000000,0.000000,0.000000,0.000000,0.000000,0.000000,0.000000,0.000000,0.000000,0.019835,0.000000,0.000000,0.000000,0.000000,0.000000,0.000000,0.125192,0.147649,0.147649,0.147649,0.147649,0.147649,0.147649,0.147649
0.448510,0.424155,0.238500,0.102173,0.102173,0.102173,0.043619,0.043619,0.043619,0.043619,0.043619,0.043619,0.043619,0.043619,0.043619,0.043619,0.043619,0.043619,0.043619,0.042228,0.042228,0.042228,0.188329,0.186970,0.186970,0.186970,0.186970,0.186970,0.186970,0.216453,0.245523,0.245523,0.381851,0.567506,0.750350,0.750350,0.762696,0.762696,0.762696,1.499323,1.197452,4.989785,38.188172,80.478331,120.967926,163.144062,210.589173,259.292541,306.580249,351.079737,397.811945,451.362149,497.786591,552.326760,601.572401,641.190012,668.496518,694.761943,735.847605,797.572833,828.170354,852.733713,877.387008,908.569633,916.595056,931.558051,946.898275,947.047712,980.991304,992.123838,990.791257,988.852794,994.085460,985.320685,983.066868,989.853106,970.778224,944.633660,920.308197,897.526228,889.844076,856.875541,827.190318,806.066126,769.956262,735.678338,684.584291,648.111668,606.061457,547.812626,505.674895,447.211508,407.660695,358.418118,313.415972,260.134178,211.200843,163.616093,121.330137,74.568035,32.363907,0.454778,0.620699,0.376479,0.185943,0.000000,0.382052,0.023552,0.035899,0.035899,0.035899,0.035899,0.035899,0.035899,0.035899,0.650834,0.650834,0.650834,0.650834,0.650834,0.000000,0.000000,0.000000,0.000000,0.000000,0.000000,0.000000,0.000000,0.000000,0.019835,0.000000,0.000000,0.000000,0.000000,0.000000,0.000000,0.125192,0.147649,0.147649,0.147649,0.147649,0.147649,0.147649,0.147649
0.611629,0.587274,0.401618,0.265291,0.265291,0.265291,0.206738,0.206738,0.206738,0.206738,0.206738,0.206738,0.206738,0.206738,0.206738,0.206738,0.206738,0.206738,0.206738,0.205347,0.205347,0.205347,0.245223,0.243864,0.243864,0.243864,0.243864,0.243864,0.243864,0.273348,0.302418,0.302418,0.438745,0.624400,0.807244,0.807244,0.819591,0.819591,0.819591,0.913049,1.254347,5.046680,34.710671,73.753397,119.648238,162.967321,209.399689,251.088382,304.924493,350.009236,395.535937,437.142667,492.505487,537.471792,589.475704,619.830860,665.353313,684.979471,737.316478,773.309233,809.557314,856.545331,900.064514,915.825642,945.478480,957.066795,969.134314,983.566218,991.661768,993.110180,993.423299,999.020598,997.462290,989.725595,987.922648,973.799132,972.663232,963.111018,933.608115,904.113136,875.072746,841.978556,785.822828,756.841016,717.778277,685.199469,660.059527,630.643706,596.902054,546.618820,503.182779,444.923356,406.104688,356.676192,310.655198,256.512526,209.542152,159.221521,118.226449,72.434619,31.921981,0.158572,0.160904,0.000000,0.000000,0.000000,0.186671,0.186671,0.199017,0.199017,0.199017,0.199017,0.199017,0.199017,0.199017,0.813952,0.813952,0.813952,0.813952,0.813952,0.004360,0.004360,0.004360,0.004360,0.004360,0.039324,0.039324,0.039324,0.039324,0.182954,0.160773,0.063767,0.000000,0.063767,0.063767,0.063767,0.288311,0.310768,0.310768,0.310768,0.310768,0.310768,0.310768,0.310768
0.362979,0.319906,0.134251,0.000000,0.000000,0.000000,0.000000,0.000000,0.000000,0.000000,0.000000,0.000000,0.000000,0.000000,0.000000,0.000000,0.000000,0.000000,0.000000,0.000000,0.000000,0.000000,0.000000,0.000000,0.000000,0.000000,0.000000,0.000000,0.000000,0.005981,0.035050,0.035050,0.171378,0.357033,0.239804,0.398293,0.436763,0.436763,0.436763,0.530221,0.871519,3.254110,32.918101,63.741758,108.677825,156.941140,212.618361,251.249858,305.217577,354.763425,390.007001,443.089028,482.208218,532.292042,584.978790,610.004476,646.626142,679.186936,723.859771,762.440478,794.002252,825.562266,867.179681,896.297352,911.820566,907.297000,912.648158,927.036483,931.516173,930.766155,938.478925,955.142449,956.576135,957.145061,956.730917,952.707652,951.478469,955.314686,920.145182,899.359498,877.512281,861.834932,833.427330,801.792434,768.509806,727.630381,686.477029,655.485269,615.054583,568.971257,514.387055,459.481135,417.614290,366.523337,317.473440,267.690663,220.468551,168.295737,118.238245,72.129983,30.440753,0.177349,0.177349,0.000000,0.000000,2.104725,0.000000,0.000000,0.000000,0.000000,0.000000,0.000000,0.000000,0.000000,0.000000,0.000000,0.000000,0.000000,0.000000,0.000000,0.000000,0.000000,0.000000,0.000000,0.000000,0.011454,0.011454,0.011454,0.011454,0.155085,0.132904,0.035898,0.000000,0.035898,0.000000,0.000000,0.065784,0.088241,0.088241,0.000000,0.000000,0.088241,0.088241,0.088241
0.258667,0.215594,0.029939,0.000000,0.000000,0.000000,0.000000,0.000000,0.000000,0.000000,0.000000,0.000000,0.000000,0.000000,0.000000,0.000000,0.000000,0.000000,0.000000,0.000000,0.000000,0.000000,0.000000,0.000000,0.000000,0.000000,0.000000,0.000000,0.000000,0.007892,0.036962,0.036962,0.173290,0.358945,0.400205,0.400205,0.438675,0.438675,0.438675,0.532133,0.873431,3.256021,30.682908,69.945395,110.050503,154.356255,201.716191,242.907203,286.634885,344.290841,391.890485,431.414334,482.215966,520.889824,569.214076,608.576519,649.740130,685.882078,720.933264,766.701562,796.465975,843.081746,863.234594,887.747087,918.326275,933.213885,951.138964,954.052187,965.591548,990.517990,999.208562,1006.573058,1002.885848,988.798630,985.254397,962.654057,952.526565,946.452768,899.521049,879.214598,859.361163,837.640004,807.898031,780.654678,750.283149,711.291788,668.758735,625.022953,587.916271,530.746296,480.729444,437.292982,388.634425,350.615935,308.298373,253.415293,212.821421,163.305530,115.022838,67.107986,29.058714,0.000000,0.000000,0.000000,0.000000,0.000000,0.000000,0.000000,0.000000,0.000000,0.000000,0.000000,0.000000,0.000000,0.000000,0.000000,0.000000,0.000000,0.000000,0.000000,0.000000,0.000000,0.000000,0.000000,0.000000,0.000000,0.000000,0.000000,0.000000,0.000000,0.028592,0.000000,0.000000,0.000000,0.000000,0.000000,0.000000,0.000000,0.000000,0.000000,0.000000,0.000000,0.000000,0.000000
0.514316,0.489960,0.304305,0.167978,0.167978,0.167978,0.109424,0.109424,0.109424,0.109424,0.109424,1.329828,1.329828,1.329828,1.329828,1.329828,1.329828,1.329828,1.329828,1.328437,1.328437,1.328437,1.368313,1.366954,0.146551,0.146551,0.146551,0.146551,0.146551,0.176035,0.205105,0.205105,0.341432,0.527087,0.549630,0.549630,0.561976,0.561976,0.561976,0.655434,0.996732,3.609536,31.796364,71.058852,107.273037,150.983078,200.861228,243.634459,287.753998,344.347832,386.866316,438.586991,478.054870,518.223070,575.034012,618.057913,651.826018,687.599701,721.600990,766.413275,813.226521,831.474204,876.969314,903.380797,922.322632,924.950515,938.188046,937.094885,936.685589,943.173837,958.024354,955.510841,960.682948,968.960222,973.465520,980.252376,974.325354,967.355845,940.372867,937.808169,915.834629,881.941750,850.267316,832.441852,794.969582,756.997312,718.244521,671.827469,623.172987,558.268125,508.958973,465.889195,414.317484,375.931752,330.233693,273.756537,229.113318,176.361672,125.721698,78.014122,34.140452,1.386933,1.604860,1.263562,0.952177,1.680474,0.000000,0.000000,0.000013,0.000013,0.000013,0.000013,0.000013,0.000013,0.000013,0.000013,0.000013,0.000013,0.000013,0.000013,0.000013,0.000013,0.000013,0.000013,0.000013,0.034976,0.034976,0.034976,0.034976,0.178607,0.258117,0.161111,0.161111,0.161111,0.064593,0.161111,0.190998,0.213454,0.213454,0.213454,0.213454,0.213454,0.213454,0.213454
0.462666,0.438311,0.252656,0.116328,0.116328,0.116328,0.057775,0.057775,0.057775,0.057775,0.057775,0.057775,0.057775,0.057775,0.057775,0.057775,0.057775,0.057775,0.057775,0.056384,0.056384,0.056384,0.096261,0.094902,0.094902,0.094902,0.094902,0.094902,0.094902,0.124385,0.153455,0.153455,0.289783,0.475438,0.658282,0.497980,0.510327,0.510327,0.510327,0.603785,0.590666,2.401752,31.572412,71.728962,119.060013,160.774037,213.737509,253.391790,298.992178,350.168724,388.869777,439.772429,486.186685,526.645195,569.120381,616.550181,649.849270,700.290262,724.637048,759.222889,809.389118,840.071020,874.406664,904.478392,938.990953,957.126003,982.476837,993.440849,1005.149241,1031.401537,1022.106949,1012.588893,1011.483701,1016.751728,1001.798432,986.099753,977.953305,976.679830,943.460067,912.786575,888.889340,855.948741,818.844127,785.185495,742.183489,713.177079,678.915494,630.393496,592.564883,538.254650,500.215737,454.100688,408.020183,366.420373,317.494681,261.828563,213.296248,159.346506,117.184872,72.225917,32.889873,0.345854,0.348186,0.358973,1.361239,1.003827,0.000000,0.001490,0.013836,0.013836,0.013836,0.013836,0.013836,0.013836,0.013836,0.013836,0.013836,0.013836,0.013836,0.013836,0.013836,0.013836,0.013836,0.013836,0.013836,0.048800,0.048800,0.048800,0.048800,0.192430,0.206468,0.109462,0.109462,0.109462,0.109462,0.109462,0.139348,0.161805,0.161805,0.161805,0.161805,0.161805,0.161805,0.161805
0.377394,0.353039,0.167384,0.031057,0.031057,0.031057,0.000000,0.000000,0.000000,0.000000,0.000000,0.000000,0.000000,0.000000,0.000000,0.000000,0.000000,0.000000,0.000000,0.000000,0.000000,0.000000,0.117212,0.115854,0.115854,0.115854,0.115854,0.115854,0.115854,0.145337,0.174407,0.174407,0.310734,0.496390,0.679233,0.518932,0.531278,0.531278,0.531278,0.624737,0.611618,2.422704,31.593364,71.749913,118.287697,166.380907,215.632235,259.527062,309.797291,359.199350,414.069004,450.170265,506.834400,543.598363,606.689023,640.252700,676.411536,708.437853,747.822743,793.189758,824.816299,859.634555,894.413452,924.133609,942.641624,950.704816,967.589004,975.518853,987.860200,997.211948,1010.325195,997.190337,987.679066,984.632298,985.927951,966.593270,967.245973,946.799670,923.826432,903.770472,876.773260,852.247588,816.424724,795.433027,754.548873,710.455405,685.649924,644.832034,605.900852,543.384516,507.082438,464.435337,411.039971,373.798525,321.909555,272.139138,223.034715,173.079090,122.506085,76.078123,30.028796,0.000000,0.000000,0.000000,0.000000,0.011340,0.000000,0.000000,0.000000,0.000000,0.000000,0.000000,0.000000,0.000000,0.000000,0.000000,0.000000,0.000000,0.000000,0.000000,0.000000,0.000000,0.000000,0.000000,0.000000,0.000000,0.000000,0.000000,0.000000,0.143376,0.121196,0.024190,0.024190,0.024190,0.024190,0.024190,0.054076,0.076533,0.076533,0.076533,0.076533,0.076533,0.076533,0.076533
0.377394,0.353039,0.167384,0.031057,0.031057,0.031057,0.000000,0.000000,0.000000,0.000000,0.000000,0.000000,0.000000,0.000000,0.000000,0.000000,0.000000,0.000000,0.000000,0.000000,0.000000,0.000000,0.117212,0.115854,0.115854,0.115854,0.115854,0.115854,0.115854,0.145337,0.174407,0.174407,0.310734,0.496390,0.679233,0.679233,0.691580,0.691580,0.691580,0.785038,0.771919,2.583005,31.753665,73.454393,123.951045,169.724055,215.617948,266.156139,316.581593,367.841380,415.327592,464.604092,513.245813,552.933116,613.255017,658.465461,688.930596,740.099141,765.300062,808.365061,828.719913,861.382864,908.533329,933.088597,940.858076,979.691258,986.112652,1003.071080,1009.531582,1014.249097,1024.416920,1014.910571,996.275468,990.638271,988.856653,968.635555,961.384995,940.585982,905.687026,885.248644,860.719220,837.158132,807.693040,776.024631,748.277344,712.445542,667.356751,629.745591,591.570399,540.349849,504.165982,453.953434,412.081504,359.458455,310.845655,264.866652,219.904208,167.079984,116.445626,71.650917,29.761024,0.000000,0.107274,0.369209,0.000000,0.140102,0.000000,0.000000,0.000000,0.000000,0.000000,0.000000,0.000000,0.000000,0.000000,0.000000,0.000000,0.000000,0.000000,0.000000,0.000000,0.000000,0.000000,0.000000,0.000000,0.000000,0.000000,0.000000,0.000000,0.143376,0.121196,0.024190,0.024190,0.024190,0.024190,0.024190,0.054076,0.076533,0.076533,0.076533,0.076533,0.076533,0.076533,0.076533
0.388217,0.363862,0.178207,0.041879,0.041879,0.041879,0.000000,0.000000,0.000000,0.000000,0.000000,0.000000,0.000000,0.000000,0.000000,0.000000,0.000000,0.000000,0.000000,0.000000,0.000000,0.000000,0.021812,0.020453,0.020453,0.020453,0.020453,0.020453,0.020453,0.049936,0.079006,0.079006,0.215333,0.400989,0.425344,0.583832,0.596179,0.596179,0.596179,0.689637,0.676518,2.487604,32.151595,69.844780,114.111820,167.538420,215.067295,252.944651,309.892237,361.537467,413.175181,457.353647,510.746042,549.573498,614.990994,644.134327,675.832620,705.008281,743.204325,770.512744,803.293638,847.772327,876.880219,904.591873,917.794727,938.762622,963.568956,970.262042,974.889312,996.993471,1018.202655,1002.183301,993.269347,972.361129,971.401274,946.722756,911.468169,899.181942,867.192739,831.002504,820.859492,786.803622,746.375157,716.222653,696.564799,654.717222,634.273522,610.921441,586.225626,535.381423,509.152530,450.445428,410.685178,353.609866,309.893131,256.579550,213.530531,164.014641,117.845647,71.252798,29.349327,0.000000,0.000000,0.000000,0.000000,0.000000,0.000000,0.000000,0.000000,0.000000,0.000000,0.000000,0.000000,0.000000,0.000000,0.000000,0.000000,0.000000,0.000000,0.000000,0.000000,0.000000,0.000000,0.000000,0.000000,0.010569,0.010569,0.010569,0.010569,0.154199,0.132019,0.035013,0.000000,0.035013,0.035013,0.035013,0.064899,0.087356,0.087356,0.087356,0.087356,0.087356,0.087356,0.000000
0.155236,0.275433,0.089778,0.000000,0.000000,0.000000,0.000000,0.000000,0.000000,0.000000,0.000000,0.000000,0.000000,0.000000,0.000000,0.000000,0.000000,0.000000,0.000000,0.000000,0.000000,0.000000,0.039606,0.038248,0.038248,0.038248,0.038248,0.038248,0.038248,0.067731,0.096801,0.096801,0.233128,0.418784,0.461856,0.460043,0.498513,0.498513,0.498513,0.591971,0.578853,2.389939,32.053930,72.036010,112.463104,152.546461,207.812096,253.985684,297.880962,342.831214,393.786553,446.836306,490.929667,533.024538,587.443754,621.392082,651.544842,688.566973,727.181032,757.318116,808.735696,829.052833,863.829506,871.542801,912.072838,933.129014,950.872589,963.416081,980.241529,1001.543303,1010.902016,1002.967856,1005.635999,976.915467,967.172218,949.959858,931.187653,918.480493,874.140383,843.446217,829.599863,801.733199,760.545992,743.777316,711.367421,673.331584,640.390453,611.120162,585.058741,530.334062,505.084312,446.479355,406.977518,359.705244,313.685262,264.617367,216.356529,168.534118,119.285490,75.587212,28.513911,0.000000,0.000000,0.000000,0.000000,0.000000,0.000000,0.000000,0.000000,0.000000,0.000000,0.000000,0.000000,0.000000,0.000000,0.000000,0.000000,0.000000,0.000000,0.000000,0.000000,0.000000,0.000000,0.000000,0.000000,0.000000,0.000000,0.000000,0.000000,0.110611,0.088431,0.000000,0.000000,0.000000,0.000000,0.000000,0.021311,0.000000,0.000000,0.000000,0.043768,0.043768,0.000000,0.000000
0.230719,0.350916,0.165261,0.028934,0.028934,0.028934,0.000000,0.000000,0.000000,0.000000,0.000000,0.000000,0.000000,0.000000,0.000000,0.000000,0.000000,0.000000,0.000000,0.000000,0.000000,0.000000,0.115090,0.113731,0.113731,0.113731,0.113731,0.113731,0.113731,0.143215,0.172284,0.172284,0.308612,0.494267,0.695828,0.442131,0.480601,0.480601,0.480601,0.574059,0.560940,2.372026,31.542686,69.235870,112.196029,158.497577,213.545641,258.782596,313.558097,354.950373,408.860904,463.587429,511.805558,545.868207,601.740448,631.776399,671.560752,700.612870,747.362391,787.345672,821.742675,863.534289,900.344198,921.835620,943.800470,967.068665,974.834130,977.624588,975.067977,974.861295,960.257593,952.288936,958.853558,947.552635,940.178163,931.993002,911.129374,905.878898,886.396116,857.655527,844.831943,834.145723,808.410594,783.968572,757.062983,726.872267,688.501125,656.586135,608.837605,556.313328,497.590363,450.148719,410.719596,356.574909,310.346505,264.131180,213.286520,163.922459,115.816146,71.194660,28.681368,0.000000,0.000000,0.000000,0.000000,0.000000,0.000000,0.000000,0.000000,0.000000,0.000000,0.000000,0.000000,0.000000,0.000000,0.000000,0.000000,0.000000,0.000000,0.000000,0.000000,0.000000,0.000000,0.000000,0.000000,0.000000,0.000000,0.000000,0.000000,0.000000,0.000000,0.000000,0.000000,0.066908,0.000000,0.000000,0.096794,0.119251,0.000000,0.000000,0.119251,0.119251,0.119251,0.119251
0.282147,0.257792,0.072136,0.000000,0.000000,0.000000,0.000000,0.000000,0.000000,0.000000,0.000000,0.000000,0.000000,0.000000,0.000000,0.000000,0.000000,0.000000,0.000000,0.000000,0.000000,0.000000,0.021965,0.020606,0.020606,0.020606,0.020606,0.020606,0.020606,0.050090,0.079160,0.079160,0.215487,0.401142,0.583986,0.330289,0.342635,0.342635,0.342635,1.079263,0.422974,2.234060,35.432447,77.282141,119.672891,161.619846,214.384174,262.244534,307.709353,358.712959,408.390775,457.893839,512.638300,561.233217,599.011901,642.645526,680.105298,715.661244,761.723003,802.013638,827.416381,855.756319,888.233724,903.681372,928.541834,950.085270,960.978866,946.776358,949.395985,958.627671,954.091342,953.234024,950.160045,937.702340,933.270127,907.222834,898.597451,891.964262,869.813283,843.477647,827.369860,823.362995,796.582272,768.781788,738.828747,697.923144,668.389816,639.583874,605.973356,554.059870,505.118569,458.261286,411.725877,358.864713,306.967032,256.712458,208.619065,161.808783,115.665215,67.260915,29.211643,0.000000,0.000000,0.000000,0.000000,0.000000,0.000000,0.000000,0.000000,0.000000,0.000000,0.000000,0.000000,0.000000,0.000000,0.000000,0.000000,0.000000,0.000000,0.000000,0.000000,0.000000,0.000000,0.000000,0.000000,0.000000,0.000000,0.000000,0.000000,0.000000,0.000000,0.000000,0.000000,0.000000,0.000000,0.000000,0.000000,0.000000,0.000000,0.000000,0.000000,0.000000,0.000000,0.000000
0.030323,0.000000,0.000000,0.000000,0.000000,0.000000,0.000000,0.000000,0.000000,0.000000,0.000000,0.000000,0.000000,0.000000,0.000000,0.013706,0.000000,0.000000,0.013706,0.012974,0.030573,0.030573,0.069772,0.078095,0.078095,0.078095,0.078095,0.078095,0.078095,0.078095,0.084803,0.084803,0.085552,0.046338,1.282045,1.819737,1.020570,1.853847,1.853847,2.613901,1.853847,2.719572,34.868877,71.848075,118.293539,163.063861,216.907929,260.180078,311.204971,355.500017,397.447711,448.902692,501.330613,550.229313,595.838515,621.592779,668.376829,704.771275,736.283639,780.470334,809.491187,842.936085,864.491280,899.290730,917.556086,939.946558,951.538416,958.389537,956.576035,956.010478,950.323446,948.306743,947.262332,950.827970,954.662589,944.332378,951.533124,951.850466,936.013324,918.556009,901.246727,896.522922,875.394448,843.688284,819.076513,790.320165,749.223614,686.355456,636.566794,597.650058,542.841085,493.876484,435.593372,382.441654,332.296898,277.606587,230.180074,177.827784,125.538036,78.878026,32.565512,2.233708,1.605187,2.285595,1.605187,4.305149,0.394483,0.464322,0.498432,0.498432,0.498432,0.498432,0.498432,0.498432,0.498432,0.498432,0.498432,0.498432,0.498432,0.498432,0.498432,0.518056,0.518056,0.518056,0.518056,1.388167,2.211366,1.453905,1.453905,1.453905,2.196362,0.000000,0.000000,0.000000,0.000000,0.000000,0.000000,0.000000,0.000000,0.000000,0.000000,0.000000,0.000000,0.000000
