0.424800,0.424500,0.426900,0.427200,0.427100,0.428500,0.431100,0.430200,0.427900,0.431200,0.433300,0.431100,0.429300,0.432400,0.436700,0.434800,0.433500,0.435700,0.437400,0.437100,0.435600,0.435300,0.436000,0.437800,0.440100,0.438900,0.436400,0.439300,0.442200,0.439500,0.433300,0.443900,0.430100,0.371300,0.570800,0.909900,0.936800,0.875800,0.875900,0.860100,0.844200,0.833400,0.809200,0.797200,0.764400,0.689900,0.860000,1.161700,1.168300,1.095600,1.084900,1.061000,1.043000,1.036000,1.014700,0.992200,0.970000,0.942200,0.956900,0.997700,0.991900,0.958800,0.954900,0.983900,0.799000,0.502500,0.466200,0.500700,0.482700,0.478500,0.466200,0.443200,0.441100,0.455100,0.446300,0.411300,0.568200,0.827900,0.863600,0.841600,0.861800,0.862300,0.902600,0.975400,1.000200,0.997800,1.027100,1.090600,0.937600,0.669400,0.660000,0.721700,0.730800,0.753400,0.782300,0.805500,0.827100,0.851900,0.879100,0.902400,0.916300,0.926400,0.946200,0.974200,0.986200,0.976000,1.074200,1.231300,1.256100,1.244700,1.254500,1.252200,1.288100,1.346600,1.352300,1.344500,1.348300,1.349000,1.347300,1.348200,1.351300,1.340000,1.348900,1.395200,1.222600,0.933200,0.906800,0.937100,0.937100,0.987100,0.776400,0.420900,0.385900,0.436800,0.419800,0.418600,0.424100,0.423700,0.424800,0.424000,0.422000,0.424000,0.427100,0.427600
0.452700,0.473300,0.484300,0.454100,0.426600,0.431100,0.454400,0.448300,0.425100,0.444000,0.478000,0.494100,0.484000,0.475100,0.488000,0.521500,0.549800,0.547100,0.506700,0.476900,0.466900,0.450100,0.460800,0.492700,0.497600,0.488900,0.488500,0.504200,0.517800,0.504200,0.463900,0.489900,0.519400,0.445900,0.672600,1.069300,1.069600,0.997400,1.045100,1.068400,1.026700,0.981400,1.018700,1.036200,0.967000,0.893000,1.136000,1.520900,1.520600,1.413200,1.389500,1.361000,1.302800,1.256200,1.274900,1.273500,1.213500,1.158600,1.246400,1.394700,1.376100,1.329400,1.364600,1.409900,1.177300,0.806000,0.748300,0.798100,0.792900,0.771300,0.726000,0.713300,0.802600,0.818300,0.730500,0.712000,0.903000,1.152500,1.160700,1.143700,1.153700,1.057100,1.142300,1.362700,1.363000,1.321500,1.388400,1.473600,1.220300,0.829500,0.878200,0.974000,0.925700,0.936800,0.988500,1.023600,1.025600,1.051800,1.091800,1.086600,1.119600,1.182100,1.171900,1.127100,1.100100,1.120600,1.212500,1.324600,1.354300,1.295100,1.221400,1.236300,1.333900,1.461300,1.552100,1.562200,1.521800,1.504700,1.484300,1.469500,1.499300,1.494600,1.502900,1.599300,1.371600,0.960100,0.948500,1.006400,0.962200,0.947000,0.742800,0.448200,0.424300,0.459500,0.438400,0.450600,0.436200,0.411100,0.459000,0.475900,0.431400,0.403800,0.417900,0.428400
0.424800,0.424500,0.426900,0.427200,0.427100,0.428500,0.431100,0.430200,0.427900,0.431200,0.433300,0.431100,0.429300,0.432400,0.436700,0.434800,0.433500,0.435700,0.437400,0.437100,0.435600,0.435300,0.436000,0.437800,0.440100,0.438900,0.436400,0.439300,0.442200,0.439500,0.433300,0.443900,0.430100,0.371300,0.570800,0.909900,0.936800,0.875800,0.875900,0.860100,0.844200,0.833400,0.809200,0.797200,0.764400,0.689900,0.860000,1.161700,1.168300,1.095600,1.084900,1.061000,1.043000,1.036000,1.014700,0.992200,0.970000,0.942200,0.956900,0.997700,0.991900,0.958800,0.954900,0.983900,0.799000,0.502500,0.466200,0.500700,0.482700,0.478500,0.466200,0.443200,0.441100,0.455100,0.446300,0.411300,0.568200,0.827900,0.863600,0.841600,0.861800,0.862300,0.902600,0.975400,1.000200,0.997800,1.027100,1.090600,0.937600,0.669400,0.660000,0.721700,0.730800,0.753400,0.782300,0.805500,0.827100,0.851900,0.879100,0.902400,0.916300,0.926400,0.946200,0.974200,0.986200,0.976000,1.074200,1.231300,1.256100,1.244700,1.254500,1.252200,1.288100,1.346600,1.352300,1.344500,1.348300,1.349000,1.347300,1.348200,1.351300,1.340000,1.348900,1.395200,1.222600,0.933200,0.906800,0.937100,0.937100,0.987100,0.776400,0.420900,0.385900,0.436800,0.419800,0.418600,0.424100,0.423700,0.424800,0.424000,0.422000,0.424000,0.427100,0.427600
0.432300,0.427400,0.389900,0.391100,0.389000,0.360400,0.330000,0.320100,0.344900,0.398100,0.420900,0.397800,0.360900,0.309500,0.297000,0.384400,0.419300,0.377200,0.379900,0.409200,0.429400,0.430900,0.429400,0.431200,0.426600,0.406700,0.382100,0.376400,0.391000,0.406500,0.405300,0.432000,0.461200,0.447900,0.595300,0.839400,0.885500,0.834400,0.801000,0.805300,0.842100,0.864700,0.834800,0.881100,0.926800,0.798300,0.900300,1.182100,1.165400,1.064700,1.034000,1.011800,1.032000,1.065200,1.028500,0.981400,0.960100,0.956500,1.017700,1.091800,1.072500,1.083900,1.142100,1.102200,0.850500,0.551200,0.512800,0.552400,0.533800,0.485000,0.407700,0.362300,0.424900,0.470100,0.440800,0.429500,0.631400,0.900000,0.876500,0.804400,0.799100,0.767200,0.898100,1.116100,1.120100,1.059200,1.092200,1.190300,1.019500,0.681500,0.630000,0.691700,0.701300,0.679000,0.704500,0.778400,0.820100,0.795300,0.760900,0.806000,0.838400,0.829100,0.836200,0.830900,0.797100,0.780500,0.918900,1.114500,1.119800,1.114700,1.149300,1.113500,1.198600,1.371500,1.385000,1.343900,1.343300,1.369800,1.380300,1.369800,1.366000,1.351500,1.365400,1.426400,1.218500,0.849900,0.769600,0.772000,0.754500,0.796200,0.634300,0.339200,0.276600,0.311600,0.326700,0.339800,0.323700,0.306400,0.346200,0.354500,0.320100,0.324700,0.360400,0.381900
0.416809,0.434860,0.474860,0.454160,0.428259,0.439410,0.470160,0.461760,0.429959,0.447660,0.481661,0.490261,0.464210,0.448410,0.466160,0.498611,0.500761,0.486011,0.506011,0.512011,0.488611,0.475510,0.492611,0.520361,0.517511,0.493611,0.486011,0.521611,0.529112,0.496261,0.485811,0.520611,0.523711,0.443410,0.657164,1.043073,1.073474,1.016372,1.050173,1.072474,1.043923,1.004922,1.024522,1.040673,0.981222,0.881469,1.091724,1.467582,1.487233,1.402481,1.387330,1.358980,1.315229,1.284278,1.284978,1.271028,1.222677,1.185276,1.284578,1.432081,1.400581,1.339979,1.373330,1.429281,1.176776,0.767267,0.711566,0.783967,0.797467,0.785217,0.748016,0.719216,0.748016,0.777167,0.755217,0.712316,0.858969,1.103574,1.134025,1.130825,1.146175,1.071073,1.155575,1.367930,1.403031,1.358830,1.391981,1.501183,1.269578,0.865469,0.894970,0.979921,0.936171,0.960171,0.984322,0.984472,1.023972,1.060823,1.070373,1.073724,1.094624,1.125625,1.137325,1.135925,1.116074,1.085074,1.175726,1.325529,1.325879,1.284878,1.261728,1.229077,1.327329,1.500783,1.535484,1.534234,1.545134,1.508933,1.479182,1.486883,1.506883,1.502383,1.524333,1.604585,1.365880,0.955971,0.933370,1.002122,0.992422,0.995372,0.778667,0.451060,0.397509,0.415959,0.400359,0.445210,0.463660,0.442060,0.456560,0.460260,0.436360,0.421459,0.418909,0.416909
0.452483,0.473073,0.465177,0.453883,0.429694,0.447486,0.454182,0.465077,0.434592,0.451084,0.477771,0.486167,0.483768,0.474873,0.487766,0.475472,0.495063,0.529047,0.505058,0.491065,0.510056,0.488566,0.484268,0.528647,0.529546,0.488666,0.483269,0.523049,0.540141,0.490765,0.463678,0.489665,0.527747,0.445687,0.672278,1.065690,1.076784,1.034804,1.044600,1.067888,1.026208,1.014114,1.029807,1.044600,0.994923,0.892572,1.135456,1.477292,1.453104,1.391034,1.384437,1.356250,1.302176,1.303975,1.282885,1.272890,1.231210,1.200025,1.245803,1.394032,1.375441,1.348254,1.381338,1.447906,1.175637,0.728151,0.698865,0.797718,0.792520,0.770931,0.725652,0.724753,0.721155,0.735648,0.730150,0.711659,0.814510,1.100973,1.106770,1.117365,1.138055,1.072686,1.168240,1.372443,1.442309,1.395432,1.394832,1.500081,1.258997,0.841097,0.877780,0.975033,0.939850,0.956842,0.988027,1.023110,1.021811,1.051296,1.064390,1.067089,1.091677,1.128160,1.102172,1.126560,1.099573,1.062691,1.146851,1.323966,1.331962,1.294480,1.299677,1.235708,1.333261,1.516674,1.524370,1.520871,1.540162,1.506278,1.483589,1.503480,1.498582,1.493884,1.544960,1.598534,1.359449,0.959640,0.917760,0.997322,1.022110,1.023610,0.758637,0.447985,0.397610,0.445087,0.421998,0.439589,0.445587,0.430394,0.453883,0.444387,0.441089,0.438890,0.419699,0.428195
0.433704,0.435356,0.462838,0.452726,0.447370,0.464489,0.459584,0.466992,0.467293,0.459784,0.469295,0.472949,0.479657,0.480158,0.485864,0.483261,0.479357,0.483361,0.501482,0.519804,0.516800,0.495425,0.494725,0.520104,0.514297,0.494174,0.486565,0.525260,0.529715,0.490219,0.486365,0.521205,0.535021,0.471347,0.690051,1.066038,1.091117,1.037905,1.045664,1.073697,1.045114,1.022688,1.025691,1.041860,0.982341,0.882475,1.110790,1.478317,1.488929,1.404081,1.388913,1.356275,1.316729,1.309971,1.290749,1.281488,1.253105,1.206151,1.259312,1.404681,1.402178,1.351269,1.381454,1.452587,1.178118,0.768142,0.724591,0.800780,0.789517,0.778254,0.748870,0.726694,0.708273,0.704518,0.696058,0.650105,0.804434,1.082858,1.102931,1.084710,1.098175,1.072245,1.181622,1.369490,1.404631,1.369190,1.397773,1.491382,1.254207,0.859398,0.889984,0.975883,0.934085,0.971528,1.004216,1.011825,1.023839,1.062033,1.079604,1.078352,1.095322,1.117348,1.102280,1.121703,1.117348,1.090266,1.171310,1.326090,1.316529,1.286344,1.277734,1.230479,1.328843,1.501694,1.525071,1.516311,1.533130,1.509703,1.511656,1.537736,1.508602,1.486026,1.526072,1.606416,1.367438,0.959614,0.921220,0.995606,1.003415,1.035102,0.787665,0.433303,0.408474,0.452926,0.422190,0.439060,0.441513,0.428197,0.457081,0.460785,0.442514,0.429599,0.421540,0.433003
0.450335,0.421677,0.458523,0.449636,0.439850,0.447040,0.453730,0.464614,0.434159,0.450634,0.461618,0.457724,0.473501,0.483386,0.487280,0.488978,0.481389,0.499962,0.495768,0.490575,0.509547,0.488079,0.483785,0.509348,0.496866,0.488179,0.482787,0.522528,0.517036,0.487580,0.506951,0.496766,0.527221,0.445242,0.685188,1.061832,1.075711,1.033773,1.042261,1.069620,1.059535,1.026883,1.017198,1.034672,0.993932,0.891683,1.126836,1.473024,1.477118,1.389647,1.383057,1.350505,1.300879,1.302676,1.281607,1.273219,1.269625,1.201625,1.253449,1.406023,1.422898,1.348508,1.375668,1.446463,1.175564,0.804811,0.747196,0.800418,0.791731,0.782245,0.738609,0.724031,0.696272,0.734914,0.729423,0.710950,0.813698,1.099875,1.105667,1.112357,1.104968,1.071617,1.180456,1.365283,1.394940,1.363885,1.394740,1.498586,1.257742,0.874009,0.876905,0.972563,0.938913,0.982049,0.987741,0.996229,1.021491,1.067923,1.090190,1.084997,1.094284,1.114054,1.097679,1.112057,1.119447,1.099576,1.162782,1.322547,1.295486,1.272720,1.265231,1.234477,1.331933,1.515162,1.522851,1.506275,1.519556,1.504777,1.482111,1.501981,1.497089,1.471826,1.501582,1.596941,1.358094,0.955489,0.920740,0.989638,0.980452,1.022590,0.791731,0.416784,0.417583,0.458822,0.421577,0.436655,0.435557,0.429965,0.453430,0.443944,0.440649,0.438452,0.421577,0.435956
0.450062,0.446028,0.460023,0.445530,0.433478,0.457333,0.451955,0.454993,0.428249,0.457433,0.465152,0.455192,0.475461,0.477702,0.483380,0.483679,0.486766,0.488360,0.493291,0.484575,0.486667,0.486468,0.492195,0.517445,0.496876,0.486966,0.480641,0.511717,0.501508,0.485422,0.504845,0.507883,0.521628,0.452353,0.693296,1.055408,1.073884,1.032598,1.040318,1.065567,1.044202,1.028813,1.007847,1.031951,1.000127,0.917007,1.127770,1.470758,1.460748,1.375735,1.381811,1.349340,1.309996,1.282954,1.274139,1.269258,1.257505,1.197244,1.257306,1.404172,1.404222,1.344360,1.374391,1.432759,1.172094,0.764214,0.720886,0.796685,0.785480,0.774274,0.729950,0.716354,0.692599,0.700916,0.703506,0.657289,0.800321,1.077321,1.097291,1.077221,1.084691,1.066763,1.170849,1.359599,1.378275,1.364430,1.393863,1.484155,1.265772,0.884835,0.872932,0.963921,0.933044,0.973583,0.999430,1.006651,1.018604,1.056454,1.087381,1.092211,1.098437,1.105160,1.096644,1.115967,1.122093,1.103616,1.158498,1.307456,1.293960,1.279766,1.278621,1.236538,1.322049,1.494015,1.517273,1.502034,1.515032,1.499892,1.480818,1.515231,1.500888,1.478427,1.518717,1.591727,1.357508,0.954708,0.916509,0.984938,0.970744,1.013424,0.772880,0.410868,0.406386,0.450610,0.420032,0.428598,0.434275,0.444982,0.446626,0.441446,0.440251,0.439604,0.441496,0.443389
0.392038,0.379673,0.363569,0.363420,0.371447,0.366461,0.336895,0.332058,0.356888,0.368056,0.368156,0.367707,0.367458,0.349260,0.341930,0.390941,0.407594,0.390393,0.421605,0.438158,0.416768,0.404702,0.419361,0.432922,0.404403,0.384958,0.388399,0.380920,0.382316,0.399068,0.416519,0.443293,0.448728,0.419810,0.578111,0.832888,0.850688,0.804319,0.807510,0.806912,0.836179,0.873324,0.856870,0.877462,0.882099,0.759845,0.875218,1.157568,1.148444,1.054759,1.027437,1.009587,1.023647,1.044239,1.007643,0.972792,0.957635,0.937791,1.002208,1.107809,1.107510,1.081284,1.096541,1.102773,0.875318,0.539819,0.474903,0.506564,0.486471,0.438207,0.401761,0.394781,0.408342,0.424397,0.415522,0.398470,0.578161,0.843209,0.857867,0.831841,0.844456,0.788913,0.883395,1.092452,1.133636,1.087865,1.107011,1.213110,1.026290,0.653696,0.603688,0.652849,0.653547,0.690642,0.723798,0.742146,0.781085,0.807809,0.815787,0.828850,0.819327,0.798885,0.811100,0.818579,0.789511,0.759746,0.914607,1.141364,1.131492,1.121969,1.174021,1.127603,1.184641,1.338156,1.358498,1.334366,1.336760,1.343291,1.357401,1.367772,1.350471,1.322251,1.347978,1.432089,1.210019,0.814889,0.767324,0.795993,0.768670,0.798885,0.627471,0.335947,0.301445,0.341581,0.335000,0.344074,0.345869,0.338590,0.349210,0.343626,0.323533,0.332956,0.377978,0.426092
0.353168,0.333315,0.338503,0.364042,0.355163,0.359553,0.329224,0.345087,0.370028,0.348080,0.352170,0.392276,0.360052,0.326032,0.336009,0.383497,0.397264,0.404846,0.447446,0.465005,0.428391,0.379905,0.410732,0.430187,0.397963,0.364541,0.381202,0.386689,0.390081,0.392974,0.404348,0.430985,0.437769,0.393174,0.562874,0.829147,0.874340,0.832439,0.816676,0.811189,0.840121,0.884816,0.872445,0.876735,0.840420,0.737563,0.864464,1.136922,1.135326,1.048331,1.031570,1.010719,1.018700,1.026781,1.012515,0.979094,0.958343,0.954252,1.015308,1.127444,1.139316,1.082251,1.139416,1.106992,0.891201,0.530251,0.461613,0.499523,0.471988,0.436173,0.406742,0.428491,0.423901,0.468995,0.439764,0.428491,0.550603,0.789341,0.842116,0.825954,0.840121,0.813184,0.895989,1.072474,1.129938,1.109686,1.120461,1.239879,1.026382,0.628120,0.579435,0.672915,0.675309,0.680098,0.720303,0.776571,0.809892,0.794927,0.772979,0.804106,0.803008,0.771383,0.790937,0.828947,0.795227,0.764798,0.913349,1.141411,1.146898,1.112080,1.146599,1.121558,1.195783,1.342937,1.354908,1.340742,1.340143,1.343435,1.339046,1.366581,1.346329,1.344034,1.335055,1.423048,1.205560,0.782656,0.767592,0.774875,0.785350,0.804206,0.632809,0.338403,0.282934,0.312863,0.340398,0.339001,0.333016,0.356660,0.353368,0.353667,0.328027,0.323937,0.359553,0.381003
0.434318,0.420141,0.447845,0.429076,0.437712,0.474600,0.457628,0.465665,0.451988,0.459575,0.466214,0.456231,0.463019,0.469458,0.487378,0.477794,0.481538,0.489475,0.491571,0.485681,0.515331,0.494017,0.497112,0.518625,0.510938,0.492769,0.481738,0.516030,0.492819,0.483135,0.505997,0.531753,0.521720,0.450890,0.694878,1.057816,1.088864,1.037251,1.047733,1.066152,1.046585,1.031161,1.015937,1.038748,1.016037,0.920598,1.110877,1.474114,1.459089,1.368442,1.380372,1.352419,1.327012,1.292470,1.263919,1.269659,1.260375,1.204119,1.277196,1.407377,1.407576,1.352719,1.377527,1.436028,1.165335,0.758770,0.703863,0.784377,0.778587,0.766108,0.741050,0.710352,0.683797,0.679654,0.700219,0.639721,0.802147,1.070944,1.099795,1.063556,1.086817,1.073440,1.184952,1.367893,1.395547,1.378975,1.402235,1.487541,1.270507,0.906671,0.871480,0.953941,0.941862,0.975804,1.001711,1.003258,1.019880,1.048382,1.091509,1.107233,1.092208,1.097948,1.099146,1.123655,1.124653,1.099995,1.161142,1.290624,1.294367,1.269859,1.281539,1.243902,1.337494,1.516393,1.517591,1.504313,1.528023,1.505411,1.495228,1.522233,1.506659,1.476510,1.523032,1.583080,1.348626,0.952743,0.916455,0.978799,0.972959,1.032159,0.802347,0.404518,0.389793,0.438511,0.420990,0.429576,0.423785,0.445998,0.439459,0.432970,0.445049,0.448444,0.442504,0.444401
0.449966,0.421687,0.433749,0.430246,0.452619,0.483151,0.452118,0.466934,0.485203,0.464181,0.461378,0.457474,0.477845,0.495113,0.489057,0.486104,0.489457,0.500719,0.482200,0.474492,0.499267,0.488907,0.488807,0.507125,0.506925,0.498867,0.482250,0.499718,0.481099,0.484452,0.509027,0.533203,0.529549,0.479547,0.696772,1.060699,1.091831,1.040278,1.060249,1.069058,1.044282,1.027064,1.005041,1.037475,1.018806,0.923107,1.113904,1.478132,1.459663,1.372172,1.381431,1.339038,1.322170,1.295993,1.262158,1.250546,1.263810,1.203247,1.280677,1.411212,1.412964,1.360960,1.393744,1.441193,1.176619,0.792421,0.705781,0.777255,0.776605,0.753931,0.722549,0.692217,0.687613,0.681506,0.697873,0.605427,0.774503,1.076265,1.104645,1.052390,1.064403,1.072111,1.205799,1.362662,1.388889,1.373473,1.411413,1.491596,1.262959,0.896079,0.871353,0.952537,0.947432,0.969855,1.004441,1.022359,1.023010,1.051239,1.094484,1.110250,1.103944,1.110701,1.112353,1.126718,1.136728,1.109800,1.169762,1.294141,1.296844,1.279976,1.281878,1.247292,1.355855,1.520526,1.524880,1.502957,1.518423,1.499053,1.499304,1.526382,1.497752,1.480534,1.526732,1.587395,1.355104,0.958994,0.915098,0.962247,0.964449,1.018505,0.799328,0.405620,0.403818,0.439706,0.422137,0.425441,0.424940,0.433349,0.440657,0.433699,0.446262,0.449666,0.460427,0.445612
0.447826,0.419681,0.429444,0.421524,0.452359,0.480404,0.446780,0.455447,0.479856,0.461973,0.456742,0.450615,0.462072,0.485535,0.486083,0.483791,0.480553,0.498337,0.479906,0.472234,0.480354,0.480105,0.481201,0.504713,0.504514,0.509645,0.487079,0.497341,0.478810,0.475771,0.509595,0.547105,0.501176,0.446481,0.682498,1.043449,1.073985,1.034433,1.061830,1.066812,1.039314,1.021332,1.000260,1.032540,0.989251,0.885390,1.085940,1.463030,1.456106,1.365644,1.374860,1.332668,1.315880,1.282804,1.256154,1.236029,1.233538,1.201657,1.286291,1.404499,1.406242,1.360464,1.388110,1.409032,1.171022,0.788651,0.727630,0.743271,0.744068,0.752387,0.739535,0.676919,0.678762,0.688227,0.694553,0.602547,0.750693,1.060136,1.099390,1.053312,1.070249,1.069053,1.182529,1.348060,1.381037,1.363004,1.404698,1.478672,1.267910,0.903273,0.861180,0.942975,0.952738,0.965540,0.980136,1.001207,1.018094,1.046238,1.089278,1.110199,1.115629,1.105417,1.114483,1.134359,1.136650,1.104521,1.164197,1.286092,1.290675,1.265768,1.260288,1.239715,1.326291,1.495907,1.520216,1.495808,1.497551,1.492869,1.492171,1.488535,1.499643,1.485745,1.499046,1.578797,1.348658,0.950646,0.912887,0.957670,0.959861,1.005042,0.795526,0.403691,0.412059,0.459781,0.422670,0.413056,0.411561,0.438261,0.438560,0.414949,0.446531,0.451910,0.458237,0.431586
0.448799,0.441460,0.435070,0.422440,0.453341,0.474209,0.445753,0.438515,0.460331,0.464125,0.462427,0.448150,0.461129,0.478902,0.487139,0.477504,0.481597,0.499419,0.464973,0.461778,0.481398,0.481148,0.482246,0.515594,0.515045,0.501317,0.480998,0.476455,0.470914,0.479251,0.518390,0.531819,0.481797,0.447451,0.683981,1.029890,1.074571,1.036879,1.072873,1.069129,1.041572,1.023550,1.019107,1.034783,0.991401,0.909878,1.099831,1.458770,1.448137,1.368611,1.371756,1.341204,1.318739,1.285591,1.258883,1.237865,1.225435,1.212205,1.289085,1.399363,1.392574,1.357429,1.375400,1.395269,1.148355,0.790365,0.703001,0.737947,0.745984,0.751975,0.720674,0.670452,0.672150,0.693067,0.696062,0.605803,0.762508,1.055450,1.092243,1.055600,1.072574,1.077666,1.197928,1.357029,1.393572,1.365965,1.407750,1.491918,1.270664,0.905235,0.855513,0.938982,0.954808,0.965092,0.982265,1.019706,1.025597,1.047812,1.091644,1.112611,1.118053,1.106870,1.116904,1.142015,1.143663,1.100131,1.161285,1.288886,1.296224,1.269017,1.276655,1.244056,1.352336,1.514982,1.532455,1.499556,1.504249,1.506296,1.486477,1.468954,1.501054,1.503251,1.522770,1.574290,1.330421,0.947719,0.914022,0.960848,0.960449,1.000636,0.790365,0.417498,0.426234,0.452044,0.415950,0.405017,0.423838,0.453042,0.437916,0.413753,0.456137,0.463426,0.459232,0.433373
0.457941,0.469963,0.448173,0.441611,0.454685,0.475824,0.447271,0.457139,0.461898,0.465705,0.468711,0.461598,0.468510,0.463401,0.476375,0.468110,0.478429,0.498165,0.472518,0.474872,0.504777,0.497964,0.483889,0.517350,0.516799,0.498015,0.482486,0.492154,0.485492,0.483037,0.522960,0.546954,0.500970,0.442613,0.670281,1.041863,1.079232,1.040411,1.076527,1.069514,1.032947,1.007550,1.024582,1.040962,0.980751,0.890335,1.092907,1.473907,1.453068,1.377780,1.376428,1.371018,1.335753,1.289969,1.272888,1.241981,1.221643,1.214681,1.293475,1.412494,1.397316,1.352634,1.380084,1.391956,1.142999,0.788849,0.705395,0.740460,0.724330,0.748575,0.703792,0.661465,0.659912,0.695427,0.697781,0.607866,0.765105,1.059045,1.095963,1.059195,1.076226,1.086646,1.218137,1.365558,1.399220,1.374574,1.405731,1.486931,1.264723,0.889183,0.857675,0.929507,0.944635,0.959863,0.988515,1.023179,1.012760,1.022077,1.089350,1.106181,1.121860,1.112443,1.131027,1.145904,1.157275,1.114747,1.169297,1.303594,1.300438,1.273639,1.283707,1.248292,1.356942,1.520142,1.547091,1.498953,1.504613,1.533216,1.500506,1.496849,1.508019,1.522396,1.527956,1.586063,1.355940,0.955054,0.916233,0.955705,0.963720,0.997682,0.795511,0.436401,0.427685,0.453583,0.409151,0.408099,0.425982,0.440709,0.432194,0.424279,0.457690,0.474171,0.460796,0.430040
0.334450,0.348711,0.361270,0.351613,0.352764,0.358869,0.338103,0.358268,0.363222,0.370677,0.377282,0.377883,0.358218,0.348861,0.363072,0.389892,0.397748,0.408306,0.424968,0.437978,0.421966,0.394896,0.402451,0.425368,0.400800,0.386339,0.385288,0.382286,0.393695,0.400500,0.395996,0.412559,0.450337,0.401501,0.542256,0.821315,0.874254,0.838578,0.826018,0.847234,0.867599,0.895470,0.879809,0.873053,0.845983,0.769376,0.884062,1.112182,1.114935,1.046884,1.031122,1.013208,1.012708,1.029971,1.022465,0.982485,0.961069,0.941154,1.031272,1.153764,1.142605,1.089966,1.132798,1.118988,0.877257,0.526194,0.463297,0.510232,0.482111,0.450237,0.416812,0.434775,0.444483,0.473454,0.439429,0.432574,0.552764,0.787940,0.841180,0.817812,0.821215,0.809406,0.895320,1.071302,1.136100,1.118337,1.126443,1.241229,1.024917,0.610907,0.577032,0.672704,0.689616,0.694470,0.723842,0.744807,0.779734,0.796646,0.800549,0.825568,0.810106,0.766374,0.792293,0.821515,0.815460,0.774129,0.912083,1.160268,1.154264,1.120188,1.137051,1.119688,1.196796,1.345457,1.364872,1.351111,1.358167,1.359217,1.362270,1.364571,1.347709,1.338952,1.347459,1.437226,1.214359,0.790492,0.759719,0.780584,0.776431,0.815060,0.633274,0.337152,0.280310,0.312834,0.334200,0.337152,0.341255,0.345158,0.350462,0.344858,0.324693,0.334150,0.379334,0.425869
0.319594,0.361098,0.380905,0.363188,0.347363,0.355126,0.328452,0.344277,0.356918,0.373340,0.374933,0.366274,0.359207,0.354728,0.356121,0.382696,0.394839,0.403896,0.418129,0.411859,0.411958,0.399815,0.409769,0.416935,0.400214,0.404792,0.386080,0.385782,0.393943,0.404593,0.398123,0.390659,0.436741,0.392251,0.561553,0.827201,0.866715,0.830486,0.814760,0.809285,0.838149,0.898465,0.870397,0.861937,0.838448,0.740709,0.863729,1.082896,1.085085,1.036514,1.021883,1.007053,0.998096,1.024372,1.010139,0.976796,0.955596,0.925637,1.021286,1.149980,1.136145,1.079711,1.116537,1.107480,0.874478,0.517660,0.460529,0.498351,0.470881,0.460430,0.423305,0.437339,0.461226,0.467895,0.435348,0.427485,0.550207,0.787488,0.833073,0.802716,0.823419,0.798735,0.887019,1.069957,1.127287,1.107082,1.117831,1.231993,1.014717,0.626646,0.578075,0.671336,0.689052,0.678502,0.718613,0.706769,0.742998,0.791569,0.821229,0.839941,0.810281,0.755539,0.789081,0.815954,0.793361,0.763004,0.903044,1.138733,1.149183,1.118727,1.117831,1.108276,1.192977,1.339785,1.363175,1.349240,1.341577,1.340283,1.336102,1.350932,1.337595,1.322467,1.331922,1.427074,1.212784,0.784701,0.745387,0.773056,0.763402,0.818940,0.631324,0.335618,0.282270,0.312129,0.339599,0.332433,0.346566,0.355823,0.352538,0.340196,0.327257,0.341490,0.358709,0.380108
0.444712,0.444014,0.446309,0.455238,0.469155,0.481077,0.456385,0.467958,0.459977,0.472298,0.472996,0.446957,0.462471,0.477636,0.474393,0.457133,0.476339,0.496092,0.464067,0.472547,0.520186,0.499684,0.472996,0.491104,0.514649,0.491902,0.487762,0.498836,0.492251,0.482225,0.520785,0.544679,0.513003,0.445810,0.667493,1.032990,1.073595,1.036082,1.074094,1.067060,1.028450,1.003359,1.020319,1.036631,0.971783,0.886182,1.080778,1.443282,1.458148,1.378733,1.370702,1.357882,1.336132,1.294080,1.272880,1.253176,1.216561,1.222448,1.293183,1.382973,1.383222,1.342168,1.326555,1.382524,1.147473,0.789757,0.702461,0.731842,0.733439,0.745461,0.704855,0.658713,0.657616,0.692534,0.677968,0.608380,0.769305,1.045211,1.089408,1.054789,1.056335,1.082125,1.213070,1.359877,1.393399,1.358979,1.393598,1.475258,1.257815,0.861240,0.850266,0.923894,0.921899,0.945045,0.978916,1.018075,1.015530,1.019571,1.078982,1.098986,1.117592,1.107815,1.121882,1.135949,1.138843,1.113851,1.182641,1.298171,1.296625,1.268341,1.278367,1.241453,1.351297,1.513818,1.552178,1.499850,1.512621,1.526837,1.493964,1.481144,1.501746,1.506734,1.499950,1.579465,1.350299,0.951081,0.914167,0.951729,0.948836,0.999867,0.792202,0.434586,0.429598,0.477286,0.415930,0.428750,0.434137,0.426804,0.416977,0.427453,0.459328,0.476638,0.445610,0.420070
0.456808,0.445965,0.444815,0.456008,0.469949,0.470749,0.457157,0.468750,0.469699,0.483141,0.473797,0.447713,0.463903,0.478843,0.475196,0.457907,0.471248,0.488987,0.471348,0.484840,0.503528,0.490786,0.473797,0.485589,0.499230,0.482691,0.489786,0.499680,0.493084,0.493434,0.523265,0.537306,0.499730,0.446964,0.665574,1.021646,1.075412,1.037836,1.065918,1.068866,1.040984,1.006855,1.005356,1.034288,0.972178,0.873791,1.079959,1.429935,1.450072,1.381066,1.361079,1.339692,1.325901,1.296270,1.281530,1.256246,1.226565,1.211674,1.290974,1.392409,1.375869,1.326701,1.349036,1.395757,1.146216,0.786896,0.690758,0.733081,0.734680,0.747472,0.706048,0.645687,0.658728,0.693706,0.667373,0.609410,0.770607,1.046980,1.079359,1.056574,1.058123,1.083956,1.215122,1.369923,1.400304,1.352134,1.393008,1.489996,1.259943,0.862698,0.845459,0.913165,0.918962,0.946644,0.988867,1.025194,1.026693,1.036287,1.080808,1.100845,1.119483,1.109690,1.109540,1.140170,1.154411,1.123431,1.178196,1.300368,1.298819,1.278482,1.287776,1.239856,1.353534,1.535017,1.554805,1.502388,1.478304,1.513581,1.492245,1.483650,1.516729,1.512382,1.508334,1.588383,1.368624,0.956488,0.918912,0.967481,0.952790,0.992265,0.785797,0.438969,0.430325,0.478094,0.416633,0.429475,0.442517,0.439619,0.432023,0.433123,0.453360,0.468850,0.448463,0.428975
0.468689,0.458059,0.444284,0.444933,0.455364,0.456811,0.466893,0.474279,0.469138,0.482564,0.473231,0.457809,0.463349,0.478272,0.479220,0.457360,0.470686,0.486457,0.475527,0.484261,0.502926,0.490200,0.473381,0.494093,0.501778,0.482115,0.501629,0.512858,0.497486,0.483562,0.517250,0.524786,0.479270,0.412842,0.657193,1.033502,1.087203,1.039241,1.055961,1.059953,1.039741,1.029909,1.014287,1.018879,0.972264,0.879585,1.080166,1.443998,1.448340,1.369685,1.357158,1.358555,1.343832,1.294722,1.279999,1.254746,1.232836,1.190913,1.266175,1.387851,1.366191,1.325116,1.347425,1.394090,1.138809,0.767091,0.680201,0.723072,0.714588,0.734751,0.711344,0.644916,0.654348,0.682946,0.664879,0.622307,0.776724,1.033252,1.062599,1.047177,1.056859,1.082662,1.195904,1.375973,1.398631,1.348024,1.389099,1.480232,1.255295,0.874644,0.840357,0.910827,0.909130,0.951353,0.987686,1.015735,1.018480,1.035049,1.079917,1.098682,1.105570,1.108115,1.108215,1.138809,1.139407,1.103573,1.148840,1.285739,1.296619,1.276955,1.286238,1.244614,1.360452,1.533184,1.552948,1.503838,1.483925,1.511774,1.490463,1.493757,1.514918,1.508230,1.495354,1.580248,1.348224,0.953599,0.925949,0.974860,0.957641,0.992627,0.783062,0.431557,0.429811,0.477523,0.416136,0.409648,0.439942,0.444733,0.424970,0.425568,0.452818,0.468290,0.441539,0.425119
0.450355,0.438771,0.447731,0.441345,0.438325,0.441741,0.463127,0.478623,0.452583,0.471147,0.469415,0.456098,0.463028,0.472732,0.454266,0.453820,0.471692,0.482534,0.471692,0.480355,0.492930,0.489712,0.486940,0.490108,0.497088,0.478227,0.480851,0.495059,0.488524,0.488871,0.513079,0.517732,0.486445,0.434909,0.675854,1.051257,1.078436,1.030861,1.043782,1.042792,1.043287,1.043485,1.004425,0.991900,0.970216,0.886155,1.071456,1.415917,1.433294,1.358639,1.346213,1.347599,1.332995,1.280964,1.260717,1.243687,1.222894,1.148239,1.232795,1.376659,1.348391,1.307252,1.299826,1.368936,1.129625,0.733628,0.661200,0.698726,0.708825,0.717835,0.695756,0.637982,0.643279,0.667537,0.659517,0.617289,0.770460,1.024920,1.054030,1.023732,1.029920,1.068386,1.185270,1.364877,1.366461,1.328490,1.377897,1.453839,1.245172,0.867590,0.833580,0.903482,0.901799,0.943681,0.979721,1.007544,1.007395,1.051307,1.079327,1.089822,1.090565,1.088337,1.095862,1.114575,1.122793,1.094674,1.143635,1.271558,1.286707,1.278242,1.275865,1.242399,1.349481,1.520820,1.540425,1.507602,1.493691,1.481265,1.471117,1.489483,1.508592,1.496068,1.483295,1.567504,1.339579,0.945909,0.910413,0.959770,0.949919,0.984622,0.776747,0.423127,0.404562,0.455256,0.407433,0.430751,0.440503,0.429166,0.421543,0.422137,0.440355,0.462682,0.437978,0.420453
0.439777,0.431654,0.454819,0.435014,0.441582,0.441682,0.469059,0.484753,0.455621,0.476078,0.486056,0.479087,0.465499,0.478786,0.483950,0.470413,0.482647,0.494229,0.477733,0.486508,0.488563,0.495984,0.493176,0.496385,0.481494,0.482346,0.499744,0.506764,0.499795,0.495132,0.519650,0.527221,0.515238,0.428696,0.660242,1.064972,1.106086,1.048325,1.045969,1.056147,1.056648,1.050331,1.002548,0.996781,0.989461,0.888379,1.079412,1.434252,1.449244,1.364307,1.363455,1.371577,1.348613,1.287342,1.283030,1.276662,1.228578,1.159586,1.248484,1.403416,1.373783,1.331265,1.314167,1.394140,1.149157,0.743023,0.669669,0.707675,0.717903,0.724321,0.704666,0.655028,0.647908,0.675986,0.687619,0.637028,0.791509,1.042810,1.068983,1.054192,1.069484,1.061863,1.179441,1.382357,1.392084,1.345505,1.396246,1.472459,1.266133,0.878702,0.846713,0.915053,0.937466,0.967399,0.981890,1.002146,1.020297,1.064771,1.084927,1.103780,1.104532,1.092499,1.114560,1.128850,1.126142,1.121680,1.182349,1.287844,1.296067,1.294613,1.295465,1.258311,1.356285,1.548070,1.562259,1.526058,1.503345,1.500236,1.494671,1.508560,1.527914,1.515228,1.502292,1.585574,1.356736,0.958023,0.918864,0.972213,0.969656,1.017740,0.788751,0.421526,0.392596,0.458229,0.418668,0.436267,0.438474,0.422830,0.419120,0.426590,0.432156,0.462691,0.443588,0.425838
0.335810,0.362920,0.359139,0.363666,0.350683,0.356752,0.336109,0.349241,0.359488,0.360134,0.362970,0.366402,0.360333,0.355508,0.361179,0.386995,0.389432,0.390179,0.416791,0.419527,0.408086,0.402962,0.410921,0.413209,0.404405,0.406942,0.390378,0.404504,0.407290,0.416293,0.400575,0.410125,0.408583,0.388189,0.553532,0.824429,0.851389,0.810998,0.812988,0.806571,0.835870,0.890188,0.862333,0.853279,0.825672,0.739767,0.862979,1.085675,1.075279,1.025487,1.013997,0.985494,0.989723,1.023896,0.999124,0.970522,0.946248,0.922421,1.016633,1.139646,1.123430,1.078761,1.088461,1.113929,0.881384,0.502845,0.451113,0.497125,0.479267,0.458226,0.434797,0.444696,0.469567,0.469269,0.424750,0.400326,0.549503,0.783292,0.821743,0.801299,0.809009,0.803836,0.890039,1.064983,1.120545,1.091993,1.116615,1.213961,1.013052,0.607304,0.575021,0.668735,0.681072,0.690373,0.715444,0.704351,0.748970,0.791947,0.810998,0.820698,0.805328,0.758819,0.787620,0.811148,0.794832,0.759416,0.906703,1.152181,1.148749,1.113581,1.110397,1.104229,1.189736,1.337521,1.356821,1.342793,1.352443,1.338914,1.335382,1.352195,1.339759,1.307924,1.323643,1.422729,1.207196,0.787769,0.755237,0.775980,0.773095,0.818808,0.632175,0.334169,0.287013,0.335462,0.341431,0.335164,0.339541,0.343122,0.348395,0.336556,0.322778,0.332179,0.376052,0.423357
0.314415,0.344792,0.337025,0.361713,0.348800,0.358546,0.361614,0.359338,0.357557,0.358200,0.361020,0.364434,0.361218,0.360525,0.374576,0.386055,0.385115,0.403717,0.414552,0.417273,0.395257,0.390013,0.397929,0.400749,0.402233,0.414305,0.397780,0.424497,0.423903,0.413118,0.406587,0.394713,0.378238,0.365374,0.549075,0.814707,0.825691,0.782548,0.808622,0.802240,0.838208,0.894511,0.857701,0.840088,0.810255,0.735794,0.857701,1.074155,1.060252,1.000684,0.990987,0.974611,0.974957,1.010975,0.982675,0.954524,0.930331,0.913806,1.005286,1.133525,1.117396,1.057234,1.050654,1.107947,0.876650,0.484955,0.437311,0.490101,0.468134,0.443198,0.432462,0.442308,0.467045,0.452450,0.400303,0.368590,0.534381,0.769487,0.797094,0.779728,0.803625,0.805752,0.892284,1.041897,1.100476,1.088255,1.110618,1.207441,0.996133,0.583362,0.571933,0.664055,0.669349,0.693642,0.711601,0.698391,0.743117,0.793186,0.822129,0.839593,0.791850,0.750785,0.770773,0.795808,0.785270,0.747223,0.892977,1.145993,1.142579,1.098497,1.093846,1.090729,1.181516,1.327517,1.334741,1.330337,1.345180,1.331723,1.328210,1.335186,1.329150,1.296595,1.312526,1.409498,1.193984,0.783538,0.751181,0.783192,0.781509,0.824949,0.628532,0.317977,0.285472,0.359882,0.343902,0.338558,0.343803,0.351125,0.355825,0.331236,0.305954,0.347068,0.379178,0.385807
0.435492,0.432378,0.455581,0.435743,0.444683,0.448801,0.470297,0.485565,0.477831,0.481346,0.472708,0.455983,0.464823,0.479588,0.475822,0.471352,0.483456,0.491190,0.497317,0.489181,0.476023,0.492295,0.513490,0.498272,0.495660,0.501285,0.502491,0.514444,0.502892,0.498523,0.514494,0.525242,0.496112,0.432328,0.668280,1.053246,1.116378,1.062136,1.058922,1.063592,1.066757,1.052091,1.009702,0.998452,0.986197,0.899009,1.081221,1.436656,1.446148,1.356900,1.369255,1.355444,1.338267,1.305119,1.304316,1.283624,1.239326,1.164894,1.250576,1.396627,1.373123,1.325309,1.314963,1.396477,1.173683,0.766970,0.670791,0.708861,0.726489,0.728398,0.715842,0.666522,0.648994,0.677119,0.688771,0.626242,0.780631,1.044558,1.070774,1.055958,1.055506,1.063643,1.181418,1.351376,1.387286,1.347760,1.381158,1.473621,1.278953,0.886955,0.845671,0.916587,0.939037,0.969021,0.974897,0.988005,1.022007,1.066556,1.083381,1.105630,1.099854,1.094330,1.116428,1.143398,1.121250,1.123560,1.184331,1.290002,1.305873,1.296782,1.297636,1.272223,1.358558,1.523543,1.544738,1.528616,1.505865,1.502751,1.497176,1.503203,1.523794,1.517768,1.512745,1.592250,1.363329,0.960985,0.917792,0.973842,0.983435,1.030495,0.787863,0.413795,0.380647,0.444080,0.442172,0.439610,0.438355,0.432579,0.420475,0.427305,0.432880,0.452518,0.440364,0.426552
0.458502,0.430969,0.437277,0.425112,0.443234,0.447339,0.468765,0.474221,0.476274,0.479778,0.473771,0.477826,0.471418,0.478026,0.497499,0.482031,0.479578,0.489590,0.495697,0.483482,0.460154,0.484934,0.511817,0.503557,0.496298,0.503757,0.505058,0.521178,0.509314,0.503406,0.515471,0.523531,0.494345,0.429818,0.665602,1.062129,1.112740,1.046661,1.055471,1.054470,1.063281,1.052668,1.022832,1.002558,0.980381,0.886968,1.086509,1.433977,1.433527,1.352229,1.364794,1.346772,1.314734,1.265124,1.259017,1.247252,1.222122,1.155842,1.242997,1.392077,1.368649,1.327099,1.313232,1.392928,1.160698,0.742494,0.681421,0.724523,0.712909,0.728127,0.717765,0.664350,0.646879,0.677716,0.699493,0.636016,0.780690,1.059777,1.082804,1.072792,1.078099,1.069438,1.173514,1.346021,1.405443,1.368098,1.376658,1.468819,1.274786,0.885867,0.845368,0.914502,0.935977,0.965863,0.971720,0.984786,1.022782,1.064232,1.079851,1.088111,1.088311,1.094168,1.112790,1.139673,1.124354,1.115894,1.156443,1.285799,1.305372,1.292557,1.302269,1.279691,1.369650,1.521583,1.526839,1.510920,1.500958,1.513423,1.508567,1.497103,1.518830,1.527640,1.531945,1.587062,1.356584,0.957854,0.925265,0.978128,0.980231,1.012920,0.782793,0.417203,0.371698,0.432371,0.435324,0.433172,0.430819,0.431169,0.417203,0.416952,0.416602,0.444986,0.442883,0.446838
0.452307,0.422659,0.431797,0.413323,0.425937,0.441481,0.463729,0.469688,0.472369,0.471525,0.452803,0.450866,0.463083,0.473561,0.472022,0.469042,0.475746,0.485678,0.479868,0.479620,0.470681,0.475895,0.500726,0.505145,0.492333,0.499732,0.507082,0.508622,0.497249,0.507132,0.511601,0.513389,0.503457,0.428966,0.663661,1.053644,1.107079,1.038299,1.053197,1.041328,1.054786,1.049125,1.020123,0.994548,0.965100,0.879882,1.079666,1.422521,1.410454,1.335963,1.353891,1.336013,1.304230,1.255017,1.220304,1.214246,1.199149,1.140301,1.230485,1.374996,1.357665,1.311928,1.300208,1.374847,1.136478,0.735420,0.671359,0.725836,0.718039,0.720224,0.691024,0.659043,0.641711,0.669521,0.692216,0.616633,0.766706,1.051558,1.060547,1.043712,1.042570,1.033482,1.156888,1.306217,1.365611,1.344753,1.372712,1.440349,1.254024,0.878790,0.838515,0.907196,0.929096,0.958147,0.963957,0.976919,1.014611,1.055730,1.060845,1.073409,1.079616,1.085427,1.103900,1.122771,1.115372,1.096501,1.151177,1.287644,1.311481,1.279450,1.287296,1.269468,1.362134,1.493536,1.526162,1.514691,1.507540,1.523580,1.508384,1.485143,1.506696,1.498700,1.505454,1.562365,1.345746,0.950202,0.901783,0.962915,0.960034,1.023302,0.781207,0.413870,0.371956,0.428917,0.416104,0.413621,0.417942,0.413025,0.412181,0.413621,0.428023,0.447440,0.440438,0.438203
0.454454,0.424666,0.433847,0.417481,0.436242,0.457747,0.466828,0.471917,0.455152,0.473764,0.472217,0.453007,0.451161,0.461140,0.449315,0.464882,0.479003,0.490479,0.474063,0.480051,0.483992,0.484890,0.503103,0.507543,0.488633,0.497564,0.509489,0.509689,0.492574,0.509539,0.514030,0.515826,0.505847,0.431901,0.663419,1.046371,1.112234,1.047220,1.058197,1.039935,1.044525,1.049216,1.023270,0.991935,0.940442,0.873332,1.077606,1.428426,1.414854,1.341707,1.348193,1.338314,1.295154,1.239769,1.229840,1.236276,1.204842,1.145715,1.246704,1.384268,1.367403,1.314863,1.306380,1.381374,1.140725,0.731826,0.707776,0.756076,0.721448,0.704483,0.690213,0.671352,0.673598,0.691211,0.680533,0.606288,0.770346,1.055303,1.065581,1.064085,1.074563,1.065931,1.158887,1.312418,1.373989,1.351137,1.364160,1.444193,1.264418,0.898629,0.845140,0.906463,0.926022,0.964143,0.969631,0.985199,1.006804,1.042430,1.050263,1.069074,1.074862,1.078056,1.096268,1.123212,1.120118,1.101706,1.167769,1.293756,1.317707,1.286172,1.271303,1.263919,1.353133,1.500626,1.533407,1.521881,1.525374,1.536800,1.520335,1.506064,1.517042,1.526272,1.509507,1.569782,1.352135,0.951269,0.900176,0.949473,0.958804,1.028159,0.793049,0.415834,0.373722,0.421173,0.418080,0.421572,0.429306,0.414986,0.414138,0.425863,0.430753,0.443527,0.438587,0.440283
0.450704,0.433434,0.423537,0.426605,0.450259,0.466143,0.465549,0.457384,0.443034,0.469112,0.468221,0.449269,0.447438,0.457335,0.463422,0.461046,0.469310,0.491133,0.470151,0.461393,0.472626,0.474209,0.492469,0.510036,0.483314,0.485591,0.505285,0.511867,0.504790,0.498259,0.496823,0.513401,0.499694,0.427248,0.645673,1.022694,1.103057,1.038579,1.039074,1.026604,1.018736,1.032987,1.011016,0.979296,0.917045,0.865433,1.068715,1.416640,1.409415,1.336673,1.345828,1.324995,1.295898,1.250570,1.226867,1.209498,1.169564,1.136261,1.236417,1.361613,1.356120,1.304013,1.295601,1.369976,1.131313,0.740782,0.701936,0.749837,0.715495,0.714852,0.691050,0.665813,0.680708,0.693722,0.674918,0.601285,0.763990,1.046595,1.056789,1.055305,1.065696,1.057135,1.149325,1.301588,1.362652,1.339939,1.350331,1.433712,1.234488,0.875676,0.832872,0.888146,0.882604,0.932831,0.949309,0.980633,0.995676,1.014480,1.031503,1.050455,1.059560,1.069160,1.091329,1.118793,1.118249,1.092616,1.158133,1.280013,1.295749,1.264277,1.260813,1.253341,1.341968,1.488244,1.520755,1.500367,1.514124,1.537728,1.507790,1.470677,1.503138,1.513679,1.498586,1.556829,1.340780,0.945895,0.893589,0.941292,0.950892,1.019676,0.786703,0.418836,0.380684,0.432494,0.413690,0.407356,0.420172,0.414086,0.420519,0.433483,0.423636,0.431949,0.434968,0.455455
0.314244,0.353852,0.335161,0.361517,0.337880,0.352369,0.370516,0.359885,0.355583,0.373434,0.368489,0.364236,0.355286,0.357610,0.375214,0.381395,0.379862,0.406762,0.409383,0.403399,0.398702,0.400581,0.394301,0.392076,0.402015,0.414080,0.393114,0.424267,0.423673,0.431931,0.399444,0.394499,0.378032,0.365176,0.548778,0.814266,0.846358,0.809716,0.812337,0.802447,0.842056,0.894026,0.842896,0.824452,0.809815,0.740143,0.857879,1.073424,1.059678,0.994109,0.982044,0.967110,0.967654,0.998362,0.987928,0.958506,0.924783,0.910986,1.004741,1.132911,1.102698,1.036338,1.046623,1.107346,0.861093,0.483209,0.427777,0.489835,0.467880,0.443057,0.433959,0.442068,0.466792,0.452205,0.399295,0.365769,0.526081,0.744543,0.786723,0.757993,0.788009,0.799085,0.891801,1.028377,1.075748,1.073177,1.105170,1.188045,0.969187,0.578249,0.567469,0.663695,0.668986,0.681151,0.702018,0.694156,0.732923,0.777872,0.806205,0.814661,0.789096,0.750378,0.754779,0.787069,0.794190,0.746818,0.886806,1.131922,1.143245,1.097901,1.093253,1.090138,1.190666,1.329616,1.348802,1.333176,1.344451,1.331001,1.320715,1.328034,1.331841,1.309738,1.308205,1.398695,1.188985,0.796415,0.751417,0.782767,0.784448,0.836814,0.631653,0.304898,0.275328,0.336842,0.341737,0.326606,0.336793,0.338474,0.347424,0.333480,0.308508,0.359489,0.363247,0.360231
0.328108,0.363149,0.360660,0.364791,0.356131,0.360710,0.372954,0.355334,0.357922,0.375891,0.370913,0.363348,0.350307,0.359963,0.395502,0.388384,0.387438,0.414913,0.412076,0.406054,0.392416,0.406999,0.407746,0.394655,0.412226,0.416805,0.395701,0.408343,0.422379,0.434773,0.411081,0.401922,0.375692,0.375941,0.552388,0.819623,0.845008,0.822211,0.817682,0.807727,0.838836,0.886867,0.846501,0.830275,0.819573,0.747153,0.870989,1.082926,1.066650,0.992437,0.983378,0.964962,0.974021,1.004930,0.971084,0.946994,0.930867,0.909216,0.979894,1.116772,1.105125,1.038080,1.053510,1.104328,0.857451,0.460655,0.405407,0.478524,0.471805,0.445972,0.436814,0.431637,0.451497,0.440945,0.401922,0.363646,0.527551,0.749442,0.791899,0.762981,0.779207,0.793193,0.883184,1.023098,1.075310,1.067745,1.104378,1.184862,0.954510,0.572447,0.567569,0.665673,0.668908,0.676922,0.691207,0.693397,0.717338,0.766614,0.811510,0.815790,0.786972,0.755116,0.759745,0.792248,0.790306,0.744017,0.880198,1.129016,1.154998,1.122994,1.106319,1.089944,1.188645,1.341649,1.346776,1.330848,1.330450,1.349314,1.331446,1.336772,1.334781,1.316115,1.320446,1.408396,1.196808,0.801655,0.756361,0.797275,0.793691,0.845057,0.635809,0.295855,0.265642,0.345927,0.340850,0.330945,0.339008,0.322036,0.334330,0.324076,0.302873,0.361855,0.365637,0.362601
0.454077,0.436678,0.426707,0.435531,0.453629,0.469632,0.469034,0.460808,0.448892,0.478905,0.472773,0.445452,0.455573,0.474269,0.465394,0.461456,0.470779,0.498398,0.482594,0.478805,0.476163,0.477758,0.493961,0.500243,0.488228,0.497401,0.529757,0.517044,0.510513,0.495507,0.500542,0.517243,0.496853,0.430446,0.662869,1.025014,1.094213,1.038824,1.047848,1.025912,1.022272,1.031495,1.018583,0.979846,0.915683,0.862737,1.077860,1.430483,1.419964,1.343586,1.352111,1.334912,1.305597,1.260977,1.228821,1.201351,1.178916,1.163760,1.253000,1.371804,1.352909,1.300512,1.307840,1.382722,1.111662,0.724639,0.695075,0.732915,0.707738,0.702404,0.696222,0.682961,0.685802,0.698914,0.652001,0.592723,0.756895,1.054429,1.055077,1.038824,1.032592,1.056971,1.149252,1.311330,1.332020,1.311729,1.350666,1.442698,1.238492,0.882230,0.827290,0.877145,0.859845,0.913988,0.956414,0.987972,1.004574,1.022073,1.034287,1.052684,1.073972,1.090324,1.111861,1.127167,1.131654,1.100794,1.166801,1.276930,1.305447,1.285107,1.270250,1.254446,1.349968,1.498236,1.531290,1.508157,1.525457,1.549536,1.526154,1.498535,1.526105,1.517879,1.475053,1.555619,1.350815,0.958907,0.890656,0.932683,0.944050,1.027308,0.806600,0.421971,0.375706,0.432789,0.410504,0.410405,0.423317,0.424912,0.432939,0.445004,0.443957,0.443159,0.429848,0.434833
0.439525,0.424501,0.411076,0.416989,0.430123,0.444614,0.462691,0.449072,0.430074,0.452513,0.470251,0.429929,0.440833,0.461043,0.452416,0.442966,0.454016,0.486972,0.460268,0.451883,0.467440,0.468119,0.474080,0.486293,0.473353,0.480138,0.514984,0.501317,0.480041,0.473983,0.486584,0.502819,0.482997,0.418443,0.634837,0.986738,1.046882,1.003410,1.018773,0.997303,0.993765,0.995510,0.961197,0.930083,0.887046,0.827532,1.045041,1.365488,1.380367,1.305247,1.305828,1.293761,1.249609,1.204198,1.193294,1.167850,1.140273,1.106009,1.191646,1.307670,1.296814,1.249367,1.256734,1.322161,1.075961,0.680103,0.647922,0.686452,0.665030,0.661880,0.647050,0.637745,0.637018,0.643512,0.621315,0.557730,0.724835,1.001907,1.025122,0.985042,0.978596,1.006075,1.099321,1.259496,1.269189,1.239190,1.302096,1.399122,1.193294,0.850601,0.789681,0.830003,0.835868,0.879098,0.929743,0.960422,0.976415,0.986689,1.005445,1.020566,1.034088,1.047125,1.055073,1.090985,1.100096,1.062585,1.119870,1.241322,1.256734,1.245441,1.235845,1.219464,1.299819,1.456456,1.488588,1.466100,1.482918,1.506326,1.480591,1.456747,1.483548,1.470705,1.427377,1.499541,1.298365,0.935898,0.875172,0.907450,0.911909,0.986156,0.784108,0.410204,0.368621,0.420236,0.399057,0.398960,0.407102,0.393920,0.411852,0.424549,0.416504,0.423047,0.430559,0.434097
0.442416,0.428739,0.415797,0.427464,0.423543,0.439082,0.465456,0.454230,0.418886,0.446092,0.461485,0.433494,0.438102,0.458348,0.457612,0.435553,0.459230,0.492564,0.474525,0.452514,0.472809,0.479476,0.478201,0.482907,0.473495,0.485652,0.509771,0.492810,0.475456,0.479427,0.471534,0.487956,0.480946,0.426974,0.645756,0.998070,1.057582,1.024689,1.030473,1.008757,1.009836,0.995031,0.953412,0.937382,0.897234,0.841546,1.052141,1.355778,1.384553,1.316855,1.304502,1.297099,1.259941,1.209254,1.206999,1.190920,1.164840,1.134643,1.184449,1.288766,1.281560,1.233617,1.238862,1.284893,1.071504,0.677864,0.655364,0.694335,0.657276,0.660952,0.632373,0.589626,0.603990,0.631245,0.628451,0.564135,0.725170,0.998169,1.034493,0.983756,0.989835,1.001796,1.090328,1.252539,1.253226,1.215724,1.301070,1.403034,1.206999,0.842722,0.798751,0.839536,0.834732,0.871449,0.913117,0.954981,0.970766,0.979001,1.000522,1.028954,1.059494,1.063269,1.078465,1.094544,1.088465,1.071749,1.147291,1.261706,1.271167,1.259745,1.250039,1.233470,1.302443,1.454800,1.484213,1.479311,1.489556,1.523626,1.486958,1.449212,1.483037,1.463673,1.438771,1.507155,1.301953,0.940814,0.885224,0.917872,0.928264,1.003071,0.793113,0.420945,0.380404,0.435553,0.410209,0.403542,0.415552,0.398444,0.416582,0.429425,0.423494,0.423003,0.419866,0.420454
0.441747,0.427577,0.418739,0.430539,0.426589,0.436118,0.478037,0.457497,0.421899,0.434193,0.464805,0.436612,0.442784,0.466483,0.461200,0.438686,0.463965,0.498477,0.476753,0.453152,0.460855,0.482925,0.475815,0.459225,0.476901,0.499959,0.497539,0.496354,0.478580,0.461694,0.461892,0.476358,0.484998,0.423627,0.627294,1.004855,1.053340,1.022234,1.022284,1.030973,1.017396,0.996807,0.960270,0.944125,0.900479,0.834762,1.040552,1.373775,1.393130,1.314971,1.303023,1.287865,1.253057,1.216964,1.213015,1.199486,1.192129,1.162308,1.162752,1.216964,1.203584,1.150112,1.187143,1.223976,1.011323,0.682740,0.671236,0.704020,0.655980,0.660325,0.655881,0.633021,0.618357,0.635786,0.628972,0.558022,0.714290,1.005349,1.024308,0.990833,1.001991,1.015470,1.090765,1.171343,1.156136,1.157272,1.234196,1.296111,1.119994,0.821481,0.820148,0.850710,0.831602,0.863201,0.905663,0.946001,0.977749,0.986043,1.018926,1.023518,1.053982,1.083952,1.092493,1.092938,1.091160,1.079459,1.152532,1.264610,1.276065,1.273547,1.263721,1.244663,1.285298,1.353285,1.369677,1.384588,1.384687,1.398166,1.377479,1.377084,1.390365,1.366271,1.347262,1.414064,1.237800,0.932275,0.881272,0.913563,0.935337,0.998930,0.796744,0.429848,0.381264,0.437550,0.413160,0.406000,0.418541,0.421306,0.428762,0.432514,0.418591,0.426046,0.422985,0.423479
0.443929,0.417384,0.420807,0.426910,0.424777,0.438273,0.480398,0.456582,0.418475,0.436338,0.467101,0.419170,0.441845,0.475933,0.477124,0.440853,0.466257,0.490818,0.479108,0.453704,0.454051,0.483872,0.484020,0.461494,0.484665,0.502429,0.483326,0.484070,0.480150,0.473005,0.477272,0.499600,0.488585,0.415002,0.617591,1.009124,1.058543,1.019544,1.030410,1.058891,1.030857,1.001731,0.985407,0.968388,0.912965,0.833775,1.034330,1.373665,1.383936,1.321468,1.309460,1.268774,1.234637,1.236522,1.219007,1.204271,1.192809,1.168496,1.133565,1.128356,1.111138,1.094367,1.099230,1.111535,0.926461,0.697178,0.674552,0.707498,0.661503,0.663587,0.659121,0.611885,0.621412,0.638927,0.632080,0.560779,0.717670,0.994487,1.012498,0.988434,1.006941,1.012002,1.069360,1.092234,1.074620,1.096154,1.158573,1.156390,1.022074,0.825539,0.796016,0.828863,0.832088,0.855458,0.901007,0.950675,0.985010,0.993892,1.026044,1.028574,1.054227,1.089306,1.097890,1.098337,1.092829,1.075314,1.143489,1.266243,1.282369,1.263663,1.269964,1.250812,1.272644,1.256320,1.275720,1.283808,1.320922,1.292888,1.283361,1.310502,1.288521,1.244957,1.247686,1.311197,1.175294,0.936881,0.889794,0.927106,0.939957,1.003865,0.792196,0.418376,0.375507,0.439712,0.421403,0.400167,0.412422,0.404037,0.444872,0.432468,0.406815,0.412422,0.441448,0.441597
0.320654,0.346357,0.326238,0.352758,0.344384,0.348330,0.353529,0.343613,0.347079,0.359882,0.354154,0.346213,0.336009,0.348090,0.365225,0.371241,0.369749,0.380723,0.398484,0.392660,0.379472,0.390349,0.394296,0.381638,0.398628,0.402816,0.379760,0.394874,0.408447,0.410854,0.397521,0.388665,0.363299,0.347127,0.534167,0.792587,0.817135,0.776848,0.780940,0.777378,0.804235,0.839564,0.818579,0.790518,0.788256,0.718464,0.836291,1.047205,1.029107,0.951615,0.944925,0.932988,0.938427,0.964707,0.921003,0.903194,0.883845,0.872583,0.915227,1.050526,1.051778,1.001480,1.007159,1.062992,0.812129,0.421491,0.373936,0.431791,0.425630,0.419469,0.402382,0.389242,0.378846,0.415185,0.384429,0.347801,0.488731,0.724722,0.752301,0.726214,0.725058,0.737958,0.830515,0.963071,1.015727,1.019289,1.057553,1.119836,0.899296,0.531905,0.545912,0.639239,0.646844,0.638180,0.651561,0.655412,0.685638,0.730979,0.770976,0.762649,0.751627,0.730209,0.737140,0.761013,0.751820,0.719475,0.838361,1.074785,1.111557,1.092256,1.069827,1.053992,1.148282,1.296239,1.284591,1.266879,1.273521,1.293207,1.280837,1.276024,1.280500,1.261392,1.267841,1.354431,1.153240,0.771891,0.731027,0.773431,0.772998,0.817905,0.622778,0.296781,0.256880,0.334516,0.329607,0.331388,0.327826,0.318248,0.330907,0.324601,0.309680,0.331003,0.347993,0.343854
0.328856,0.338470,0.314121,0.330402,0.345668,0.349629,0.354847,0.344895,0.348373,0.362190,0.354654,0.320063,0.322720,0.349388,0.366587,0.365621,0.368954,0.381467,0.384462,0.387022,0.382723,0.393061,0.383979,0.380162,0.390936,0.390646,0.359775,0.376732,0.402144,0.400211,0.405767,0.394366,0.364654,0.338035,0.517270,0.787765,0.817525,0.774770,0.782789,0.783997,0.803467,0.824144,0.816172,0.793466,0.791195,0.720564,0.839072,1.047149,1.032946,0.955164,0.948449,0.944826,0.948111,0.947869,0.924438,0.911442,0.872552,0.875837,0.904292,1.030240,1.039902,1.005215,0.995118,1.052270,0.787572,0.414367,0.363398,0.406975,0.371418,0.388230,0.372336,0.374365,0.344653,0.376925,0.385863,0.346538,0.486061,0.693123,0.733173,0.707665,0.712206,0.704863,0.803322,0.923375,0.992461,1.006133,1.033477,1.102707,0.883084,0.532730,0.539397,0.631043,0.627951,0.639160,0.656842,0.659354,0.681239,0.714429,0.761532,0.765494,0.745638,0.723656,0.739889,0.763851,0.754624,0.716361,0.841488,1.078793,1.111790,1.078986,1.073817,1.057923,1.135752,1.267159,1.269913,1.244598,1.275227,1.287836,1.278271,1.248269,1.272135,1.266000,1.257304,1.337066,1.148941,0.774770,0.733753,0.776316,0.782548,0.820279,0.617130,0.296294,0.252958,0.316246,0.321899,0.332624,0.325474,0.319435,0.327938,0.323686,0.310835,0.329387,0.349291,0.357456
0.440999,0.408984,0.421213,0.424146,0.425588,0.436574,0.462176,0.453477,0.430311,0.439806,0.467993,0.436028,0.442689,0.469683,0.464364,0.441049,0.471423,0.485491,0.459890,0.437171,0.454222,0.484795,0.484050,0.462375,0.480272,0.503388,0.484249,0.480918,0.481067,0.467048,0.474256,0.496677,0.489518,0.422257,0.638755,1.016022,1.066928,1.021491,1.032378,1.060913,1.037548,1.003644,0.995292,0.981273,0.911726,0.834174,1.017911,1.383745,1.386579,1.323991,1.311115,1.271196,1.236994,1.237441,1.211740,1.206570,1.195086,1.172467,1.118330,1.098197,1.075826,1.092629,1.088304,1.068867,0.916498,0.681905,0.688517,0.713423,0.655856,0.662766,0.660380,0.617229,0.619417,0.640147,0.647952,0.557028,0.710241,0.993652,1.014431,0.986095,1.014233,1.028798,1.043314,1.069911,1.075876,1.074086,1.116590,1.137967,1.013934,0.827115,0.825773,0.856545,0.835019,0.867283,0.902728,0.952490,0.988780,0.995789,1.007571,1.030538,1.065238,1.091933,1.099042,1.094419,1.080300,1.083134,1.162475,1.274875,1.286309,1.266076,1.272389,1.249969,1.268164,1.256630,1.263342,1.278255,1.288446,1.270053,1.275571,1.284270,1.271594,1.247334,1.250068,1.313700,1.168142,0.925049,0.895519,0.928876,0.935190,0.983709,0.772133,0.415099,0.376224,0.440551,0.422208,0.397053,0.409183,0.391585,0.430907,0.432100,0.421462,0.432548,0.426433,0.421561
0.432180,0.420499,0.422995,0.425940,0.422545,0.435575,0.464131,0.455394,0.430982,0.435176,0.446908,0.437872,0.444561,0.471669,0.460437,0.456193,0.470421,0.479058,0.443213,0.435925,0.446908,0.473816,0.486097,0.463732,0.482303,0.488893,0.478808,0.479307,0.483102,0.486097,0.469573,0.481654,0.478059,0.424043,0.641456,1.019321,1.064750,1.014079,1.036744,1.065399,1.041936,1.002197,0.999502,0.985423,0.927014,0.837702,1.016974,1.363937,1.374870,1.312317,1.315063,1.273976,1.242225,1.242675,1.208178,1.202487,1.197245,1.170636,1.116470,1.102841,1.080376,1.087216,1.086167,1.073387,0.920374,0.696221,0.713495,0.718038,0.658630,0.667666,0.681644,0.619840,0.622036,0.651441,0.650692,0.561730,0.716740,1.013779,1.021967,0.990266,1.018522,1.033149,1.047427,1.053817,1.077081,1.078629,1.118118,1.138486,1.012781,0.817633,0.825022,0.868355,0.838551,0.870152,0.899407,0.942041,0.991065,0.988269,1.002247,1.034897,1.060707,1.071939,1.094205,1.099047,1.079977,1.080726,1.153763,1.276023,1.291749,1.259049,1.263293,1.255255,1.268185,1.261945,1.268684,1.283661,1.283761,1.275424,1.279168,1.266488,1.273926,1.252609,1.255355,1.315512,1.173033,0.926764,0.918177,0.936499,0.933154,0.987870,0.766213,0.416854,0.377815,0.444561,0.423993,0.403125,0.414608,0.390745,0.418452,0.430483,0.409316,0.414957,0.432630,0.437173
0.415421,0.405755,0.410144,0.404867,0.412906,0.413942,0.446049,0.449896,0.431598,0.425532,0.420551,0.435100,0.439194,0.465974,0.454877,0.461536,0.466566,0.470019,0.439243,0.436481,0.433966,0.455519,0.476479,0.489747,0.482990,0.484815,0.473520,0.470660,0.480820,0.487231,0.472978,0.486343,0.472287,0.418923,0.640123,1.007014,1.051895,0.994190,1.018209,1.039565,1.024670,0.990097,0.987434,0.973525,0.920161,0.827933,1.004597,1.337950,1.339824,1.288532,1.292872,1.239853,1.215341,1.227671,1.176625,1.171002,1.170114,1.156502,1.102990,1.055199,1.055248,1.062942,1.073053,1.060624,0.915624,0.680664,0.704880,0.709368,0.643526,0.659604,0.673414,0.612356,0.614526,0.643575,0.642835,0.554947,0.708086,0.985806,1.006422,0.959913,1.006224,1.013179,1.031772,1.041094,1.064077,1.065606,1.093817,1.124740,1.000553,0.805049,0.815061,0.857870,0.824382,0.853629,0.889139,0.931949,0.980825,0.981712,0.961442,1.009430,1.047900,1.058997,1.080993,1.085777,1.071771,1.074582,1.139832,1.238028,1.276152,1.242467,1.232159,1.250703,1.258150,1.250259,1.252972,1.268162,1.268261,1.270826,1.271171,1.274130,1.258545,1.236499,1.240198,1.299628,1.158870,0.909903,0.900926,0.928891,0.927806,0.997840,0.773336,0.421093,0.375719,0.439194,0.395052,0.398258,0.411377,0.392488,0.418430,0.425285,0.397765,0.395102,0.427406,0.436234
0.432037,0.422076,0.437726,0.425995,0.430557,0.440214,0.459001,0.466618,0.458142,0.451548,0.440403,0.434671,0.445399,0.465400,0.469578,0.474157,0.477714,0.479177,0.458249,0.455113,0.462368,0.468182,0.484139,0.500412,0.501147,0.498316,0.487316,0.491231,0.500736,0.500131,0.510050,0.504381,0.477220,0.428518,0.628506,0.995350,1.052368,1.009616,1.024235,1.007880,0.981271,0.968674,0.972264,0.967868,0.913710,0.828467,1.022025,1.339106,1.338589,1.284844,1.280627,1.247576,1.237225,1.224378,1.172176,1.158186,1.170387,1.134565,1.095600,1.062248,1.057583,1.041459,1.041288,1.037149,0.905201,0.689878,0.681134,0.689893,0.637166,0.653903,0.663127,0.621365,0.608600,0.615953,0.607123,0.550565,0.703463,0.980121,0.984130,0.940957,0.977650,0.996253,1.017925,1.029728,1.051086,1.059338,1.086565,1.129529,1.008296,0.798445,0.791217,0.830007,0.823044,0.845297,0.886324,0.919058,0.967543,0.976744,0.985010,1.012221,1.043417,1.051206,1.073054,1.088517,1.093689,1.082849,1.149382,1.251156,1.250302,1.228804,1.245326,1.263588,1.260215,1.257426,1.266227,1.265274,1.249460,1.256158,1.266585,1.272100,1.261728,1.257959,1.271628,1.302635,1.154274,0.905762,0.916219,0.947906,0.939146,0.996618,0.793097,0.440084,0.401268,0.451490,0.416503,0.422354,0.432918,0.428085,0.453692,0.441190,0.415653,0.411962,0.437794,0.442031
0.430322,0.432360,0.440030,0.449070,0.441829,0.435743,0.449797,0.453699,0.457590,0.461803,0.450681,0.435555,0.437144,0.451604,0.459489,0.467153,0.477649,0.481006,0.460605,0.455056,0.455479,0.470780,0.486960,0.493017,0.511749,0.495712,0.472065,0.490658,0.506049,0.494447,0.501545,0.500371,0.481330,0.451973,0.649099,1.010445,1.060685,1.017019,1.016156,0.978524,0.951392,0.966969,0.945318,0.954642,0.924596,0.832291,1.007235,1.322121,1.332132,1.272173,1.265950,1.254507,1.223051,1.210480,1.195796,1.179880,1.157296,1.113114,1.086399,1.060856,1.072328,1.061971,1.022807,1.037174,0.892744,0.651526,0.630651,0.646890,0.628857,0.626943,0.621764,0.598395,0.601892,0.600444,0.578025,0.556443,0.699988,0.961646,0.968350,0.963148,0.988377,1.011211,1.017492,1.031257,1.057173,1.058633,1.064177,1.136357,1.017452,0.788876,0.786953,0.809979,0.816858,0.855301,0.900535,0.912161,0.962348,0.981627,0.992708,1.005890,1.029706,1.046719,1.081610,1.094245,1.090718,1.075414,1.148333,1.262436,1.262496,1.239123,1.242931,1.236577,1.248003,1.243341,1.252004,1.269646,1.259835,1.255024,1.251459,1.269710,1.269680,1.272678,1.263434,1.298111,1.162905,0.916349,0.914503,0.938486,0.935727,0.990186,0.792452,0.444333,0.414916,0.447919,0.415816,0.433815,0.445890,0.427340,0.447594,0.445094,0.418229,0.414439,0.409465,0.424249
0.288359,0.292216,0.261897,0.275322,0.283295,0.287217,0.296416,0.292090,0.294381,0.314472,0.314027,0.279898,0.278769,0.312792,0.318112,0.307158,0.310029,0.331804,0.328072,0.333466,0.335006,0.338333,0.324272,0.319992,0.332585,0.337398,0.317698,0.332739,0.349698,0.345145,0.345543,0.341449,0.316831,0.299371,0.456875,0.732106,0.766350,0.733387,0.726510,0.726585,0.739418,0.755952,0.747920,0.737943,0.719431,0.641527,0.773210,0.974646,0.965773,0.894513,0.890376,0.892249,0.873909,0.863956,0.863880,0.861365,0.808013,0.793698,0.802267,0.845114,0.864117,0.831293,0.787215,0.815665,0.637607,0.330022,0.298468,0.329563,0.295032,0.299211,0.304279,0.316268,0.283620,0.280375,0.294258,0.280506,0.407237,0.628520,0.659230,0.622383,0.645890,0.642297,0.690407,0.748489,0.781561,0.777993,0.812416,0.873181,0.740225,0.477072,0.469795,0.534161,0.546568,0.551249,0.569379,0.589251,0.607118,0.627903,0.687592,0.689782,0.668049,0.663672,0.681067,0.694215,0.689311,0.652157,0.771563,1.012938,1.043037,1.012523,1.011209,0.998908,1.042827,1.112474,1.131937,1.091530,1.104000,1.090755,1.103617,1.095046,1.101226,1.099200,1.105165,1.142058,0.962136,0.689951,0.665070,0.710979,0.718769,0.761842,0.579176,0.238699,0.206942,0.261821,0.273125,0.285132,0.277346,0.262635,0.266152,0.265539,0.259533,0.273186,0.274321,0.264303
0.286262,0.289390,0.260400,0.275237,0.283474,0.281176,0.289159,0.288566,0.289054,0.307527,0.310317,0.276866,0.279670,0.302174,0.312110,0.298619,0.302552,0.331668,0.340830,0.338932,0.331124,0.335788,0.317052,0.312741,0.317718,0.334028,0.328028,0.337083,0.345450,0.347903,0.334955,0.333536,0.320101,0.313100,0.468899,0.734802,0.775553,0.741081,0.727405,0.727935,0.738652,0.745781,0.740141,0.730809,0.689785,0.625547,0.768074,0.952001,0.943170,0.883045,0.873852,0.860881,0.849908,0.853126,0.840459,0.821609,0.795892,0.780547,0.760228,0.730355,0.755186,0.730698,0.671505,0.699446,0.575064,0.326665,0.303802,0.333438,0.316348,0.333903,0.325241,0.291560,0.295553,0.296311,0.289443,0.264245,0.387047,0.615497,0.651191,0.625215,0.636972,0.636615,0.655888,0.685003,0.672638,0.683303,0.732353,0.766737,0.666256,0.454430,0.464138,0.523315,0.536431,0.532591,0.549243,0.595949,0.619678,0.634886,0.659235,0.667857,0.659530,0.656784,0.672749,0.689116,0.687135,0.649888,0.776772,1.017583,1.043981,1.029866,1.044375,1.025643,1.030171,1.041229,1.054644,1.032174,1.017922,1.014124,1.015846,1.016629,1.014990,1.016113,1.032219,1.049450,0.886330,0.675781,0.660515,0.698940,0.708737,0.762785,0.570140,0.226485,0.197789,0.260850,0.272717,0.279630,0.271752,0.264188,0.259894,0.263496,0.259913,0.265296,0.267773,0.270019
0.417915,0.416298,0.437972,0.458795,0.446727,0.424295,0.432415,0.451004,0.463882,0.448703,0.435813,0.450666,0.444429,0.448232,0.467588,0.472924,0.477641,0.472273,0.462077,0.466634,0.462866,0.463961,0.486786,0.489871,0.493346,0.482764,0.486785,0.492242,0.498960,0.497632,0.479688,0.482039,0.481527,0.458662,0.657275,1.011538,1.056873,1.006679,1.011570,0.982047,0.955176,0.944567,0.937194,0.940047,0.890188,0.814726,0.997242,1.301760,1.309454,1.238646,1.225572,1.200582,1.198495,1.190297,1.156782,1.145103,1.136892,1.071728,1.040292,1.040606,1.033628,1.014505,0.998731,1.027667,0.871674,0.651573,0.607559,0.631623,0.635697,0.628622,0.609613,0.589188,0.571997,0.579767,0.568583,0.537829,0.675390,0.930854,0.985627,0.982668,0.979447,1.010461,1.002510,1.016943,1.022749,1.013530,1.006675,1.067800,0.973467,0.780136,0.782412,0.815203,0.796455,0.848467,0.880167,0.915083,0.966706,0.984539,0.969633,0.986188,1.003603,1.027892,1.066842,1.069861,1.068045,1.078451,1.149520,1.255695,1.253322,1.242070,1.247422,1.259645,1.257031,1.248316,1.234547,1.250570,1.252423,1.253349,1.247579,1.259692,1.254934,1.253251,1.243317,1.288631,1.147997,0.910179,0.928648,0.946597,0.931689,0.999748,0.788020,0.422903,0.405831,0.451538,0.412854,0.423847,0.434144,0.421596,0.444004,0.445852,0.429703,0.414036,0.423374,0.432371
0.423629,0.424233,0.444087,0.468995,0.455806,0.428393,0.433320,0.452507,0.455696,0.445296,0.432695,0.439447,0.438089,0.452699,0.475771,0.479602,0.473381,0.461002,0.462106,0.466252,0.461760,0.462469,0.478321,0.473161,0.495333,0.496443,0.489145,0.485454,0.502793,0.504893,0.488419,0.488429,0.484916,0.446657,0.651537,1.024711,1.064162,1.026412,1.033538,0.995844,0.955322,0.935605,0.955006,0.954613,0.898115,0.822174,1.015522,1.319216,1.331934,1.266693,1.249238,1.225125,1.220190,1.186572,1.154868,1.154927,1.150656,1.077568,1.043379,1.066671,1.068028,1.042124,1.017086,1.046639,0.902267,0.657308,0.608717,0.632022,0.631676,0.615815,0.607359,0.611840,0.586604,0.581948,0.575333,0.551719,0.684060,0.914240,0.994065,0.988936,0.973576,1.001703,1.001146,1.014913,1.026449,1.026509,1.031591,1.096686,0.989599,0.801036,0.784359,0.804044,0.801667,0.857254,0.891780,0.917271,0.954140,0.971599,0.980485,1.001433,1.028045,1.055652,1.069871,1.086383,1.097389,1.098495,1.157889,1.252313,1.260160,1.253351,1.254794,1.250234,1.251701,1.280560,1.278131,1.284699,1.262884,1.277137,1.287633,1.295803,1.299845,1.265613,1.247896,1.313742,1.181817,0.919992,0.922081,0.942925,0.935477,1.006476,0.801873,0.432787,0.394315,0.443909,0.416135,0.429896,0.449136,0.437663,0.445350,0.450090,0.444406,0.430895,0.444095,0.468692
0.428270,0.423383,0.439939,0.470193,0.468915,0.441002,0.437744,0.437083,0.442408,0.459325,0.459822,0.437996,0.436638,0.451218,0.465351,0.469298,0.474929,0.475985,0.463681,0.464814,0.476332,0.459793,0.461855,0.473112,0.499305,0.506693,0.500885,0.502782,0.493779,0.484862,0.504702,0.494799,0.463622,0.435380,0.651072,1.018960,1.059865,1.009675,1.011676,1.007201,0.975107,0.943224,0.932287,0.927938,0.896777,0.814124,1.001248,1.317253,1.331000,1.243416,1.223260,1.213779,1.199026,1.170614,1.129438,1.127012,1.126115,1.060843,1.030340,1.045092,1.027925,1.009313,1.021369,1.042539,0.902592,0.633157,0.586696,0.600336,0.608488,0.607395,0.598543,0.578585,0.566632,0.576112,0.571607,0.542420,0.669805,0.906917,0.971064,0.961722,0.952142,0.967083,0.978951,0.993703,1.022094,1.013847,1.025542,1.075278,0.982544,0.789156,0.781954,0.804328,0.803348,0.850731,0.889828,0.885400,0.898423,0.927509,0.954802,0.980962,1.024637,1.058353,1.071991,1.085561,1.093170,1.089339,1.149020,1.248621,1.261203,1.258974,1.266266,1.275928,1.266371,1.274381,1.277086,1.288241,1.266928,1.258454,1.259249,1.278016,1.289217,1.262021,1.247281,1.299859,1.156943,0.912408,0.912940,0.941733,0.920274,1.001972,0.808449,0.427926,0.387130,0.438121,0.427730,0.430989,0.450310,0.453160,0.446019,0.436965,0.437805,0.444913,0.452474,0.449939
0.435823,0.414399,0.426240,0.459584,0.460888,0.445812,0.433266,0.437183,0.447272,0.464709,0.464964,0.427262,0.432178,0.444180,0.457160,0.466730,0.473863,0.470823,0.461254,0.462139,0.472597,0.468062,0.480711,0.478252,0.476949,0.493422,0.508207,0.511699,0.490081,0.475718,0.475803,0.483934,0.471219,0.432278,0.640526,1.011723,1.049368,0.993217,1.001215,1.015830,0.978644,0.932517,0.923633,0.924884,0.895759,0.809527,0.994334,1.325766,1.328060,1.238157,1.228962,1.240100,1.216539,1.159347,1.151870,1.157160,1.115112,1.045990,1.020903,1.034028,1.026535,1.013126,1.029088,1.032324,0.876314,0.641786,0.588661,0.602827,0.605925,0.606106,0.596654,0.576753,0.578674,0.589037,0.565875,0.548152,0.677678,0.917717,0.961139,0.951251,0.951339,0.947465,0.970817,1.004059,1.013522,1.011636,1.027258,1.068723,0.974176,0.789031,0.785316,0.808405,0.803293,0.839096,0.865726,0.873155,0.905680,0.942588,0.957350,0.978374,1.016274,1.057733,1.069527,1.077821,1.083348,1.090819,1.156280,1.239424,1.260661,1.255026,1.253524,1.257396,1.268787,1.272058,1.261723,1.275268,1.288765,1.258370,1.241693,1.261236,1.294051,1.269793,1.248812,1.301694,1.160465,0.907607,0.923694,0.947225,0.909233,0.984196,0.799237,0.427136,0.404867,0.442241,0.421214,0.427338,0.451751,0.467904,0.450321,0.438673,0.433498,0.424164,0.414084,0.426304
0.438221,0.426029,0.421124,0.440073,0.447608,0.454465,0.436559,0.436943,0.449328,0.460895,0.462673,0.450864,0.441087,0.448928,0.463470,0.466222,0.475345,0.477117,0.462326,0.457244,0.470426,0.469951,0.465704,0.466245,0.466540,0.485805,0.497029,0.513873,0.505545,0.484750,0.453776,0.475250,0.475190,0.421616,0.640007,1.035269,1.042626,0.989406,1.017986,0.999532,0.968730,0.959278,0.932197,0.912213,0.900000,0.801473,0.984024,1.328559,1.322449,1.227955,1.223030,1.247560,1.225428,1.175794,1.171324,1.166997,1.118737,1.067279,1.038941,1.023483,1.003893,1.004719,1.019668,1.036398,0.887215,0.638482,0.583436,0.599647,0.594474,0.595552,0.582109,0.564553,0.559885,0.558378,0.543912,0.537117,0.678216,0.922011,0.974246,0.966398,0.964387,0.971043,0.972188,0.989556,1.018479,1.017445,1.029872,1.074385,0.979487,0.802877,0.787205,0.801847,0.812938,0.859564,0.886187,0.875357,0.938877,0.955800,0.937080,0.981236,1.023826,1.042928,1.060679,1.076213,1.097387,1.095449,1.146185,1.245127,1.263436,1.253344,1.242189,1.249197,1.255649,1.268283,1.271604,1.282483,1.277301,1.259007,1.254933,1.262299,1.288418,1.270408,1.255463,1.293862,1.167604,0.925324,0.916061,0.931737,0.927844,1.002520,0.802443,0.436195,0.394196,0.445663,0.425023,0.428729,0.453251,0.449292,0.447497,0.433995,0.430602,0.437145,0.427507,0.433268
0.285407,0.288896,0.266859,0.273450,0.284922,0.291680,0.291401,0.296592,0.299672,0.300490,0.296521,0.284378,0.293683,0.313575,0.320187,0.304432,0.307862,0.331029,0.332594,0.338466,0.338239,0.332286,0.313378,0.313418,0.318154,0.336453,0.333150,0.339974,0.351323,0.351784,0.333271,0.333182,0.328815,0.295873,0.449766,0.742483,0.781849,0.748028,0.739543,0.740054,0.747082,0.743896,0.732729,0.731756,0.669813,0.607922,0.739069,0.954999,0.958238,0.891613,0.877872,0.862902,0.864070,0.868100,0.855401,0.821834,0.807210,0.807777,0.776603,0.743431,0.763615,0.739062,0.703243,0.727802,0.574367,0.322964,0.313434,0.342656,0.320180,0.318094,0.313902,0.285342,0.286806,0.286844,0.291292,0.260174,0.356302,0.603607,0.646209,0.617088,0.636024,0.637731,0.653200,0.647892,0.665705,0.674344,0.727514,0.776296,0.658256,0.455113,0.470079,0.523997,0.528000,0.536767,0.562420,0.587603,0.613924,0.633882,0.645834,0.675881,0.682702,0.664484,0.677651,0.703447,0.687926,0.648707,0.778281,1.027266,1.052971,1.014037,1.020838,1.007453,1.023669,1.046598,1.057443,1.040365,1.021326,1.031865,1.031770,1.025824,1.029171,1.030716,1.042394,1.070796,0.917651,0.700981,0.679772,0.718122,0.724034,0.765516,0.575035,0.237771,0.204030,0.277821,0.273718,0.275604,0.269996,0.276563,0.272098,0.262166,0.254718,0.258563,0.268255,0.274277
0.278387,0.288188,0.274123,0.281514,0.289200,0.287101,0.289732,0.305610,0.300924,0.300401,0.296469,0.282162,0.294604,0.303880,0.308285,0.303956,0.306451,0.319418,0.319689,0.325642,0.329430,0.317911,0.315125,0.323758,0.317891,0.324439,0.336050,0.330236,0.340852,0.354511,0.334930,0.338049,0.341840,0.300563,0.455396,0.746305,0.773980,0.733344,0.733469,0.731178,0.739643,0.726089,0.718698,0.714488,0.663342,0.596304,0.728151,0.936047,0.923660,0.858816,0.863682,0.826146,0.830844,0.837592,0.820565,0.795388,0.789547,0.757178,0.739548,0.716042,0.733335,0.712533,0.692183,0.727766,0.578866,0.313260,0.295665,0.314927,0.282934,0.301621,0.303920,0.263238,0.269917,0.272398,0.265768,0.248932,0.350503,0.581741,0.622852,0.611801,0.618272,0.618861,0.640366,0.656353,0.657373,0.650512,0.686857,0.746756,0.638485,0.456130,0.475582,0.505645,0.498179,0.518936,0.551586,0.595093,0.608796,0.619701,0.632553,0.668089,0.679811,0.663145,0.648410,0.673606,0.684538,0.656866,0.775590,1.013433,1.040603,1.012058,1.046068,1.006387,1.011486,1.032368,1.025746,1.025866,1.029292,1.029812,1.016570,1.014965,1.020366,1.017929,1.023690,1.060179,0.906747,0.699392,0.681020,0.706954,0.704578,0.748193,0.554831,0.241620,0.202043,0.262421,0.275944,0.284522,0.276299,0.281504,0.276986,0.269454,0.256612,0.262543,0.277241,0.277910
0.450926,0.428910,0.441128,0.471056,0.467639,0.455981,0.438938,0.438839,0.443817,0.457588,0.466305,0.462259,0.453113,0.457155,0.465772,0.470289,0.475747,0.470517,0.452881,0.452383,0.466209,0.469274,0.481350,0.483995,0.477673,0.478154,0.481822,0.493498,0.491779,0.487498,0.467532,0.488532,0.483012,0.432993,0.644058,1.038635,1.052438,0.998006,1.003011,0.991951,0.963742,0.952220,0.951741,0.926533,0.897396,0.798967,0.976358,1.306183,1.317386,1.235173,1.225966,1.221814,1.186263,1.141236,1.131796,1.131815,1.106901,1.052781,1.033318,1.014986,0.985465,0.985704,1.009051,1.041844,0.892690,0.640521,0.553413,0.568713,0.602201,0.587980,0.562437,0.565355,0.573612,0.555208,0.528960,0.547658,0.699206,0.914789,0.959110,0.951475,0.956498,0.966086,0.976448,0.987895,1.013320,1.007281,1.011914,1.060304,0.975334,0.784100,0.777138,0.801140,0.791764,0.821886,0.858947,0.867416,0.907697,0.934545,0.934369,0.975385,1.022242,1.061426,1.061142,1.075309,1.111287,1.101838,1.148549,1.247933,1.260247,1.260317,1.263136,1.265488,1.254895,1.266230,1.269851,1.295838,1.305075,1.275983,1.260939,1.258865,1.299388,1.270622,1.251065,1.305746,1.170733,0.924854,0.929451,0.949001,0.936942,0.994901,0.790871,0.429555,0.386800,0.434526,0.436130,0.429788,0.449968,0.458546,0.450191,0.429543,0.417117,0.440440,0.446473,0.430672
0.436187,0.428959,0.440708,0.445034,0.441321,0.450404,0.442041,0.438600,0.441022,0.442067,0.442713,0.442489,0.448256,0.460908,0.465496,0.464327,0.469194,0.471701,0.463194,0.451108,0.451589,0.462398,0.478014,0.498764,0.480349,0.479340,0.483825,0.509728,0.499126,0.475495,0.488237,0.506071,0.490984,0.429207,0.623493,1.022815,1.050996,1.013239,1.012275,0.987629,0.954297,0.945037,0.939264,0.916150,0.880265,0.796216,0.980447,1.317565,1.337031,1.254194,1.224420,1.225732,1.184827,1.126291,1.115949,1.124076,1.099771,1.068727,1.052385,1.037510,1.023198,0.995985,1.004352,1.044869,0.899629,0.619977,0.559398,0.588882,0.609582,0.587640,0.579407,0.593966,0.581220,0.582120,0.554583,0.558965,0.690012,0.896859,0.938750,0.930211,0.932979,0.955394,0.971343,0.980867,1.014031,1.005922,1.005566,1.058888,0.966465,0.779470,0.772778,0.808483,0.816132,0.850929,0.864046,0.863829,0.901452,0.932604,0.926748,0.981916,1.022787,1.042250,1.076884,1.093270,1.113916,1.084265,1.148102,1.261932,1.268234,1.255871,1.254519,1.275781,1.266173,1.246811,1.271195,1.291093,1.299050,1.270406,1.258081,1.255444,1.288280,1.270232,1.255142,1.306499,1.163689,0.915921,0.920965,0.958564,0.946643,0.994327,0.788998,0.425253,0.404659,0.445909,0.417317,0.419072,0.436378,0.457021,0.439442,0.431119,0.426043,0.442374,0.445372,0.445715
0.442562,0.443329,0.446107,0.434303,0.428140,0.442166,0.443716,0.453230,0.473401,0.451342,0.439417,0.443382,0.443980,0.454002,0.463441,0.444449,0.459766,0.469338,0.463663,0.445903,0.441735,0.455119,0.488378,0.507160,0.497318,0.475800,0.487710,0.508251,0.496265,0.477408,0.481971,0.499763,0.481738,0.425090,0.603783,0.986286,1.024970,1.002515,1.013869,1.011793,0.977455,0.939128,0.906134,0.904902,0.886130,0.780011,0.968628,1.318600,1.342219,1.253697,1.204815,1.204808,1.173476,1.151968,1.126662,1.104111,1.085749,1.040780,1.034003,1.036898,1.015431,0.998245,1.006084,1.019783,0.868897,0.605974,0.577974,0.599200,0.583615,0.581472,0.575408,0.566551,0.570634,0.562746,0.552683,0.543385,0.654865,0.883042,0.937619,0.925830,0.933306,0.929779,0.947826,0.978932,1.000098,0.989603,0.997958,1.068282,0.970063,0.762016,0.756770,0.806940,0.818033,0.849725,0.851010,0.858578,0.893702,0.929365,0.933940,0.991468,1.026588,1.032362,1.072906,1.100917,1.098871,1.067233,1.131317,1.266619,1.268821,1.248100,1.252745,1.273767,1.284020,1.245296,1.261301,1.270894,1.282898,1.265620,1.255303,1.253833,1.251353,1.259730,1.271018,1.307051,1.169735,0.928399,0.930030,0.951270,0.946933,0.990777,0.785085,0.428006,0.399621,0.450328,0.437357,0.422427,0.436673,0.457580,0.448713,0.438879,0.434376,0.423255,0.426457,0.437763
0.451295,0.449878,0.429176,0.420290,0.430224,0.439265,0.443015,0.448398,0.453829,0.438675,0.432626,0.425898,0.422217,0.442528,0.452161,0.433890,0.446863,0.460777,0.461914,0.440374,0.438912,0.450249,0.471426,0.483212,0.482279,0.472211,0.473719,0.484456,0.483256,0.471449,0.473084,0.492335,0.469309,0.416788,0.619415,0.999646,1.012915,0.993151,1.017492,0.985459,0.957720,0.940155,0.931687,0.902119,0.875133,0.784928,0.965670,1.298911,1.321118,1.239519,1.198854,1.192742,1.154622,1.123299,1.103701,1.076748,1.049303,1.009066,0.995390,1.006032,0.982138,0.976285,0.977674,0.990265,0.825662,0.574036,0.556206,0.573249,0.547534,0.554295,0.538229,0.520512,0.522179,0.505434,0.505201,0.473850,0.633053,0.908696,0.949769,0.921940,0.933677,0.917905,0.924526,0.953331,0.984764,0.974435,0.977624,1.063510,0.963075,0.751109,0.750473,0.798679,0.796335,0.825758,0.841829,0.863705,0.896561,0.927997,0.925860,0.992237,1.016517,1.013058,1.047594,1.088893,1.098800,1.067924,1.139761,1.259269,1.259055,1.239530,1.252214,1.251636,1.251464,1.242548,1.267033,1.272178,1.269140,1.264554,1.254525,1.256651,1.253246,1.258315,1.269784,1.304162,1.161476,0.945226,0.924490,0.944786,0.941794,0.980499,0.773775,0.431484,0.402372,0.451773,0.432894,0.427149,0.433331,0.450768,0.435363,0.430645,0.418768,0.419952,0.421134,0.416601
0.439143,0.446171,0.430361,0.425413,0.431207,0.439139,0.449835,0.445494,0.433107,0.443628,0.442000,0.440067,0.448080,0.452685,0.452745,0.442189,0.457968,0.479050,0.475770,0.453142,0.450218,0.448199,0.465305,0.486848,0.494636,0.485913,0.483188,0.482787,0.482218,0.479293,0.473611,0.493222,0.473750,0.416146,0.624004,1.014530,1.032564,0.999631,1.021393,0.968348,0.949911,0.968410,0.945182,0.908174,0.868416,0.787841,0.964670,1.298246,1.305979,1.237893,1.202230,1.182315,1.147830,1.103885,1.093540,1.076260,1.044947,1.041152,1.029671,1.011521,0.984983,0.963272,0.943196,0.974841,0.809641,0.581734,0.530466,0.554736,0.543586,0.546254,0.548706,0.547926,0.525891,0.514650,0.515766,0.492459,0.645401,0.913789,0.963754,0.927914,0.915480,0.928268,0.939864,0.955118,1.003572,0.985175,0.976943,1.055297,0.974604,0.762695,0.736051,0.793972,0.809839,0.850960,0.867089,0.885891,0.912579,0.942268,0.949027,0.997139,1.021282,1.016129,1.056470,1.109978,1.111570,1.086243,1.154874,1.266838,1.258785,1.243869,1.280109,1.262746,1.247783,1.255009,1.283296,1.277005,1.263442,1.262386,1.271886,1.269773,1.272860,1.276904,1.278245,1.298003,1.166514,0.953717,0.920597,0.944464,0.969006,0.994716,0.768618,0.422984,0.388048,0.443893,0.452907,0.434144,0.435247,0.438309,0.433546,0.428935,0.425753,0.421648,0.413592,0.421442
0.286726,0.303762,0.298893,0.312808,0.324707,0.311850,0.315166,0.317178,0.309830,0.335593,0.337142,0.318676,0.319026,0.323508,0.339110,0.335272,0.341690,0.343580,0.345320,0.353083,0.356734,0.345823,0.339703,0.336429,0.338513,0.344483,0.364727,0.350490,0.352681,0.372659,0.357784,0.353575,0.361500,0.318638,0.478859,0.772621,0.803324,0.764204,0.767210,0.760784,0.752461,0.750269,0.741009,0.725000,0.666475,0.613347,0.732126,0.953093,0.964795,0.896988,0.867213,0.834910,0.837504,0.854598,0.845540,0.828957,0.818794,0.794655,0.770356,0.748899,0.738273,0.706243,0.689507,0.723157,0.560819,0.301103,0.288805,0.333259,0.323073,0.310540,0.318164,0.276007,0.279790,0.277111,0.262648,0.260904,0.364995,0.609594,0.634100,0.631253,0.645494,0.667457,0.684397,0.682512,0.691735,0.696315,0.713074,0.758843,0.675578,0.485196,0.473382,0.509780,0.518674,0.534003,0.587024,0.639734,0.633385,0.650974,0.679890,0.686829,0.697261,0.680869,0.677654,0.709470,0.718375,0.686536,0.819766,1.062973,1.078797,1.054523,1.053676,1.039218,1.056472,1.074205,1.062926,1.061542,1.060279,1.068646,1.059010,1.056596,1.070870,1.058903,1.047412,1.090542,0.958717,0.722606,0.702598,0.736144,0.744828,0.787059,0.589924,0.271337,0.237609,0.308608,0.305579,0.307028,0.304252,0.306692,0.310090,0.301440,0.283419,0.293597,0.308296,0.305292
0.280507,0.297265,0.309723,0.309415,0.320429,0.319508,0.307683,0.304609,0.312680,0.331594,0.327812,0.310562,0.320088,0.336194,0.339073,0.340018,0.337496,0.328479,0.334612,0.326048,0.341716,0.333005,0.326671,0.327915,0.327696,0.337379,0.354236,0.343482,0.353497,0.365454,0.348616,0.348745,0.351920,0.324088,0.479402,0.763763,0.790957,0.754423,0.757095,0.742478,0.738127,0.746352,0.718127,0.708659,0.673341,0.615759,0.722812,0.923614,0.937528,0.866243,0.840730,0.808432,0.791792,0.822237,0.832834,0.825028,0.797332,0.764661,0.737327,0.739357,0.729599,0.698413,0.675336,0.714433,0.559631,0.312077,0.295312,0.331900,0.349326,0.320913,0.297543,0.272456,0.279835,0.276929,0.249888,0.263446,0.410578,0.621126,0.631732,0.628758,0.648727,0.663324,0.667997,0.674255,0.679716,0.672833,0.704694,0.754615,0.668496,0.477187,0.457802,0.495328,0.518492,0.533189,0.565787,0.610015,0.608438,0.622933,0.655428,0.687153,0.688275,0.674582,0.668817,0.696175,0.701840,0.677192,0.825094,1.063286,1.068799,1.044542,1.076784,1.029698,1.033778,1.063158,1.042017,1.044260,1.069598,1.060814,1.036816,1.032070,1.072572,1.055938,1.047811,1.080211,0.947639,0.725467,0.712226,0.726890,0.733949,0.788491,0.598947,0.275744,0.245788,0.303040,0.294174,0.286168,0.285156,0.305829,0.314334,0.295064,0.280068,0.286528,0.299562,0.302128
0.434795,0.444997,0.451768,0.440229,0.428553,0.432558,0.436669,0.437473,0.437383,0.440888,0.432117,0.433677,0.422203,0.443600,0.451725,0.440134,0.451652,0.462150,0.456460,0.432000,0.432968,0.435330,0.458579,0.487239,0.496312,0.482310,0.466623,0.478065,0.470853,0.461413,0.468718,0.504659,0.476254,0.416088,0.609643,0.977403,1.010938,0.979921,0.995993,0.969695,0.935614,0.927194,0.916595,0.890691,0.843190,0.763683,0.941382,1.291040,1.317575,1.230559,1.172364,1.154661,1.150804,1.120830,1.098795,1.074390,1.039132,1.028693,1.025447,1.021484,0.987449,0.953871,0.922123,0.934137,0.777310,0.600427,0.541355,0.556718,0.553256,0.542459,0.535437,0.546480,0.532057,0.525883,0.527354,0.500647,0.650247,0.907490,0.950443,0.913212,0.907635,0.907107,0.907736,0.942327,0.961722,0.966168,0.973178,1.051166,0.949145,0.743039,0.715502,0.776276,0.808497,0.856244,0.847947,0.832291,0.877736,0.926735,0.952027,0.985933,1.000202,0.998037,1.054797,1.106740,1.099281,1.056348,1.136260,1.260856,1.253015,1.245653,1.295502,1.275324,1.246328,1.245587,1.261807,1.272005,1.278077,1.266603,1.253673,1.258318,1.279947,1.287005,1.269527,1.308717,1.171137,0.954185,0.930254,0.950861,0.941853,0.986658,0.773536,0.427485,0.386921,0.440843,0.438712,0.408493,0.417725,0.445237,0.433313,0.426044,0.427994,0.409570,0.411482,0.415851
0.434122,0.432281,0.434342,0.432649,0.427582,0.426062,0.442451,0.455725,0.446494,0.449605,0.444370,0.429466,0.416748,0.431701,0.455451,0.462363,0.470536,0.463016,0.452942,0.445370,0.449333,0.434926,0.456231,0.498895,0.505191,0.478799,0.458717,0.462419,0.468896,0.458524,0.474517,0.492720,0.460993,0.411585,0.622455,0.969862,1.021314,0.989213,1.013010,0.963459,0.933048,0.918833,0.916950,0.893669,0.832252,0.747494,0.921444,1.269483,1.313859,1.233653,1.185276,1.170970,1.167441,1.156832,1.103751,1.063986,1.037765,1.026747,1.021327,1.022438,0.986551,0.944913,0.948553,0.960672,0.807739,0.616530,0.562325,0.573766,0.558800,0.536500,0.539179,0.558021,0.543944,0.551683,0.561697,0.517473,0.654330,0.913938,0.964829,0.930047,0.925588,0.935787,0.956500,0.985357,1.026917,1.004733,1.012865,1.079459,0.975189,0.757230,0.743967,0.800654,0.826931,0.874343,0.881314,0.881033,0.900759,0.926264,0.970930,0.997814,1.014379,1.015481,1.042763,1.102471,1.122861,1.100866,1.161420,1.258994,1.280965,1.270452,1.274634,1.269647,1.268393,1.279535,1.270050,1.281434,1.294750,1.273407,1.263588,1.295541,1.275114,1.260741,1.274534,1.299326,1.163544,0.958509,0.938467,0.963419,0.954377,1.006044,0.775149,0.419407,0.388784,0.447315,0.421891,0.416846,0.428310,0.426506,0.430020,0.433742,0.440160,0.434831,0.430328,0.447304
0.429302,0.417898,0.431808,0.418319,0.423172,0.430786,0.453671,0.448759,0.434732,0.460682,0.469629,0.444033,0.420572,0.422638,0.447991,0.461419,0.471827,0.464075,0.456296,0.464685,0.469631,0.458868,0.449373,0.470351,0.496320,0.474554,0.436731,0.448526,0.459581,0.462651,0.464396,0.465490,0.445325,0.403748,0.613774,0.969269,1.014616,0.981713,1.018834,0.962211,0.929736,0.915886,0.893213,0.884475,0.838903,0.753295,0.924599,1.276592,1.296389,1.227213,1.194749,1.169960,1.159444,1.171308,1.118187,1.078643,1.045136,1.035728,1.036921,1.031879,0.990739,0.949074,0.953774,0.965462,0.809734,0.610565,0.578403,0.581718,0.559995,0.542715,0.546962,0.554108,0.542903,0.547909,0.548363,0.522689,0.671538,0.945542,0.972851,0.943515,0.961196,0.951023,0.966993,0.989089,1.024119,1.022303,1.048002,1.112215,1.013438,0.776619,0.772503,0.822568,0.837949,0.875947,0.883781,0.892625,0.912721,0.956686,0.972774,0.994977,1.002224,1.000754,1.020804,1.077012,1.115521,1.098352,1.150167,1.255464,1.268990,1.259561,1.260833,1.255412,1.251368,1.276326,1.280202,1.280995,1.281225,1.260599,1.260037,1.281775,1.284362,1.278838,1.270742,1.301323,1.173041,0.948032,0.926189,0.957413,0.970750,1.011659,0.772501,0.425614,0.381922,0.444058,0.430232,0.435187,0.432830,0.411642,0.428854,0.432767,0.427159,0.436057,0.433847,0.420228
0.426434,0.422096,0.412395,0.420958,0.425227,0.427123,0.452619,0.445194,0.423640,0.455457,0.484134,0.448652,0.418323,0.418660,0.436749,0.448027,0.457649,0.457068,0.458168,0.484218,0.482403,0.465627,0.440236,0.455686,0.489247,0.473788,0.433873,0.454888,0.469842,0.464606,0.451072,0.464093,0.459002,0.395838,0.596094,0.967083,1.003634,0.967738,1.006638,0.952751,0.907670,0.895463,0.877067,0.870754,0.831277,0.746270,0.931434,1.281768,1.297671,1.216161,1.188824,1.161099,1.144704,1.127550,1.106520,1.089225,1.061299,1.055277,1.057228,1.034219,0.973858,0.938544,0.944934,0.928234,0.789232,0.610238,0.587755,0.586769,0.558483,0.553775,0.562107,0.543693,0.552004,0.564179,0.554274,0.526007,0.676115,0.923491,0.947273,0.920452,0.927038,0.934011,0.948277,0.956378,1.006882,1.043367,1.074705,1.082265,0.980640,0.773904,0.753063,0.798914,0.824748,0.864786,0.859554,0.871534,0.902394,0.947346,0.959343,0.974686,0.990229,1.003054,1.020978,1.065386,1.104022,1.078486,1.133731,1.252000,1.243071,1.245887,1.268305,1.254436,1.243316,1.267662,1.277411,1.271761,1.262198,1.252463,1.248008,1.247943,1.275477,1.276305,1.261641,1.285453,1.170455,0.947082,0.912061,0.944914,0.967418,1.014123,0.772580,0.425742,0.365066,0.424970,0.422044,0.427527,0.421578,0.418362,0.432327,0.430159,0.422353,0.424220,0.427215,0.418763
0.413144,0.412082,0.405059,0.421846,0.438281,0.433309,0.452921,0.436348,0.419059,0.461514,0.475469,0.441761,0.418796,0.421137,0.430259,0.440814,0.453406,0.449916,0.445273,0.465367,0.467969,0.446674,0.435572,0.462214,0.486533,0.460204,0.423600,0.454774,0.463622,0.450546,0.437474,0.460573,0.471177,0.403763,0.599374,0.950608,1.000209,0.963786,0.992010,0.946343,0.897930,0.875038,0.858403,0.874566,0.832455,0.744058,0.922261,1.284850,1.293015,1.206861,1.173257,1.147929,1.135384,1.124127,1.096999,1.076943,1.050976,1.038388,1.037138,1.025564,0.985491,0.933738,0.920956,0.931326,0.797125,0.599569,0.586049,0.600007,0.552282,0.545841,0.547578,0.532504,0.546709,0.560605,0.539807,0.512652,0.664685,0.906233,0.937620,0.911821,0.943138,0.951679,0.966353,0.974910,1.014643,1.035659,1.058589,1.101333,0.983604,0.761641,0.713910,0.764614,0.819769,0.848936,0.847682,0.869545,0.906064,0.931733,0.951651,0.977984,0.995335,1.002307,1.016327,1.062469,1.096931,1.063175,1.130250,1.253804,1.244931,1.235412,1.260702,1.263936,1.256957,1.257082,1.264044,1.255774,1.241379,1.256916,1.251992,1.240286,1.279420,1.285696,1.261524,1.292292,1.176503,0.946036,0.909141,0.931772,0.959524,1.008624,0.775690,0.413207,0.368578,0.431334,0.423105,0.414408,0.406205,0.411637,0.439983,0.445252,0.404182,0.419900,0.437181,0.432934
0.280344,0.291357,0.305797,0.310169,0.322289,0.323942,0.300562,0.307198,0.329979,0.328311,0.322441,0.301330,0.315955,0.323085,0.337999,0.331720,0.327674,0.312470,0.321070,0.322713,0.341155,0.329780,0.330080,0.340374,0.328869,0.332476,0.323952,0.334914,0.356318,0.374702,0.342086,0.345415,0.360330,0.330570,0.474915,0.759550,0.791854,0.746003,0.747933,0.734427,0.735596,0.739590,0.707127,0.689667,0.645723,0.607350,0.726886,0.923929,0.920234,0.849422,0.837068,0.795688,0.786143,0.824400,0.825258,0.801232,0.787240,0.759347,0.730648,0.719825,0.729923,0.699612,0.665824,0.730642,0.574829,0.320639,0.285981,0.322977,0.346684,0.322873,0.287336,0.268415,0.265556,0.277134,0.253373,0.242057,0.370830,0.602575,0.619542,0.631020,0.653056,0.657694,0.657680,0.681180,0.677650,0.676193,0.702020,0.760230,0.655247,0.456500,0.441134,0.473410,0.493338,0.510789,0.548224,0.613886,0.602702,0.621475,0.642754,0.660244,0.668013,0.655052,0.665444,0.691582,0.699764,0.678252,0.824419,1.055721,1.068673,1.053593,1.081307,1.035283,1.041043,1.057217,1.041676,1.046085,1.074578,1.062737,1.051727,1.045306,1.069844,1.049458,1.056881,1.083549,0.954024,0.738624,0.724017,0.727502,0.733659,0.770965,0.590747,0.277241,0.240076,0.307050,0.292154,0.277490,0.290786,0.319503,0.319082,0.299896,0.283746,0.291615,0.304561,0.313415
0.292571,0.303393,0.306813,0.323637,0.322634,0.314002,0.307789,0.314284,0.327245,0.320074,0.315191,0.311583,0.324333,0.329634,0.336434,0.328387,0.327081,0.316726,0.305256,0.315370,0.341173,0.330569,0.316131,0.333837,0.318097,0.332904,0.328104,0.327047,0.338630,0.363636,0.342475,0.348762,0.350317,0.306675,0.451895,0.732183,0.766759,0.723783,0.752526,0.725199,0.714720,0.713461,0.712804,0.691741,0.633189,0.574422,0.705126,0.915227,0.912941,0.841073,0.820560,0.786663,0.803154,0.838866,0.809298,0.788258,0.777932,0.757831,0.728002,0.704416,0.714987,0.671143,0.643422,0.700333,0.547182,0.289876,0.270807,0.291468,0.311199,0.273066,0.263715,0.254119,0.258345,0.264548,0.248438,0.253030,0.380509,0.595285,0.626139,0.633031,0.656742,0.667591,0.667854,0.686974,0.685139,0.697467,0.712181,0.762931,0.656188,0.458216,0.469249,0.496452,0.491865,0.532840,0.569360,0.589991,0.592630,0.591018,0.623373,0.653410,0.661553,0.672707,0.681360,0.713533,0.699926,0.693623,0.826682,1.034142,1.064598,1.045924,1.052234,1.039529,1.049031,1.063402,1.055276,1.064461,1.077246,1.061817,1.055321,1.064677,1.073953,1.055041,1.063634,1.083754,0.947417,0.732533,0.723472,0.733195,0.730074,0.774626,0.599872,0.286144,0.254484,0.286463,0.281155,0.261175,0.279995,0.308774,0.311343,0.304761,0.286566,0.289468,0.301505,0.324832
0.437412,0.417476,0.401343,0.427148,0.442126,0.423476,0.459418,0.447504,0.409366,0.438153,0.467809,0.453686,0.417218,0.419123,0.434701,0.435943,0.435637,0.444317,0.433193,0.445472,0.472991,0.455107,0.438062,0.453194,0.487157,0.467836,0.436597,0.443241,0.445843,0.437200,0.457379,0.471200,0.454498,0.396936,0.593798,0.939948,0.981909,0.956950,0.992631,0.942545,0.895897,0.884636,0.850536,0.845002,0.801770,0.712428,0.904546,1.258435,1.258778,1.174238,1.145079,1.128060,1.128206,1.137016,1.073299,1.050214,1.052934,1.033497,1.034863,1.022037,0.971772,0.917657,0.909440,0.916729,0.774268,0.572210,0.583883,0.588533,0.529899,0.521168,0.545337,0.544468,0.533307,0.538740,0.532500,0.515732,0.668758,0.911117,0.954638,0.928015,0.959532,0.985291,0.982752,0.982429,1.003259,1.029233,1.055322,1.109994,0.985494,0.751358,0.751769,0.809162,0.807735,0.850872,0.862529,0.868994,0.882739,0.912954,0.952750,0.971909,0.979400,0.999277,1.018214,1.062576,1.092960,1.075375,1.132054,1.239494,1.254681,1.246467,1.257743,1.282626,1.267495,1.256796,1.271013,1.274369,1.259761,1.259411,1.242987,1.245969,1.263090,1.283232,1.272406,1.314355,1.171456,0.933192,0.909949,0.944530,0.949337,1.014469,0.779608,0.414726,0.383565,0.436565,0.408516,0.416571,0.411069,0.400498,0.426088,0.439059,0.408199,0.417097,0.440200,0.426090
0.434350,0.406275,0.399369,0.415465,0.438176,0.431503,0.463460,0.445263,0.413625,0.441610,0.448783,0.429611,0.426427,0.431432,0.438573,0.431047,0.435556,0.440935,0.443256,0.454705,0.479687,0.457447,0.442949,0.454044,0.476458,0.450714,0.433495,0.451938,0.459108,0.449808,0.450286,0.470329,0.460549,0.397913,0.588135,0.932630,0.975219,0.949927,0.974140,0.938036,0.892874,0.884028,0.852220,0.837294,0.795700,0.719620,0.909488,1.248542,1.257023,1.163375,1.148643,1.141414,1.109689,1.096123,1.067553,1.044306,1.038205,1.015650,1.008916,1.007049,0.959708,0.919148,0.910996,0.943122,0.793386,0.574469,0.582046,0.601909,0.553824,0.563446,0.561605,0.537924,0.522124,0.528105,0.516288,0.494283,0.646344,0.895470,0.928223,0.909131,0.942275,0.959149,0.957886,0.972028,1.003970,1.017177,1.039768,1.102796,0.983549,0.757702,0.728093,0.777809,0.802051,0.828332,0.845435,0.864754,0.878005,0.904939,0.948214,0.959775,0.971870,0.985567,0.993559,1.042191,1.083178,1.067360,1.137931,1.239902,1.247514,1.249634,1.265730,1.280768,1.262889,1.256497,1.259750,1.256797,1.256808,1.244625,1.230101,1.238368,1.252479,1.268287,1.273790,1.304468,1.164296,0.930468,0.901498,0.932953,0.966379,1.018446,0.787608,0.413284,0.384107,0.439390,0.413994,0.433974,0.424625,0.393372,0.420651,0.433451,0.415693,0.437031,0.445209,0.427249
0.426749,0.412619,0.410685,0.432661,0.445136,0.438786,0.465047,0.451217,0.422006,0.448015,0.464870,0.450853,0.446624,0.450234,0.446425,0.439910,0.441868,0.442347,0.449845,0.460964,0.482320,0.460675,0.446760,0.451953,0.468411,0.450387,0.438661,0.446858,0.469760,0.473034,0.458944,0.474379,0.467358,0.399952,0.599771,0.957089,0.994499,0.948932,0.965315,0.933249,0.906435,0.893433,0.863888,0.858498,0.827356,0.730675,0.919621,1.266637,1.275274,1.175803,1.160499,1.164502,1.124797,1.089304,1.090939,1.083249,1.050438,1.044818,1.029068,1.008900,0.971878,0.938324,0.912454,0.975064,0.831274,0.596431,0.588148,0.615799,0.590435,0.588276,0.580998,0.538425,0.541734,0.547259,0.523955,0.502468,0.657652,0.887357,0.923512,0.925675,0.957266,0.950018,0.938783,0.959278,1.005572,1.020072,1.038186,1.087496,0.982894,0.796529,0.757857,0.766962,0.803383,0.848952,0.867259,0.866512,0.875190,0.897762,0.932848,0.949297,0.984081,1.010398,1.025365,1.065035,1.073112,1.070665,1.139341,1.256221,1.252837,1.248904,1.297810,1.305989,1.293748,1.280377,1.277099,1.262104,1.276903,1.275562,1.259537,1.247100,1.279598,1.289114,1.283567,1.312302,1.177412,0.940347,0.910944,0.943654,0.961951,1.011638,0.794139,0.426867,0.388180,0.426033,0.430878,0.443167,0.436352,0.421381,0.430778,0.437206,0.432530,0.451903,0.452139,0.435399
0.430909,0.422987,0.408427,0.435456,0.440391,0.434508,0.457606,0.451752,0.418573,0.429177,0.448093,0.442661,0.434115,0.460336,0.456245,0.441918,0.424117,0.425900,0.439206,0.450469,0.453729,0.442840,0.428832,0.444398,0.459317,0.458494,0.441691,0.451718,0.480408,0.483733,0.461289,0.470566,0.465135,0.397210,0.612344,0.964477,0.994995,0.926653,0.936446,0.929915,0.908351,0.877879,0.855916,0.843418,0.808665,0.731314,0.925117,1.249020,1.260198,1.170660,1.142819,1.135508,1.127814,1.109459,1.100360,1.062551,1.036835,1.020229,1.010571,0.976867,0.968080,0.947053,0.922340,0.951383,0.826563,0.614287,0.567130,0.588416,0.571952,0.595676,0.586984,0.540731,0.532455,0.523691,0.495195,0.489820,0.652258,0.891864,0.937228,0.937712,0.949229,0.927969,0.920131,0.942083,0.979241,1.004488,1.034502,1.063227,0.968363,0.775929,0.746212,0.769569,0.800341,0.824291,0.837730,0.863852,0.882319,0.909298,0.940902,0.958129,0.993046,1.007104,1.018591,1.055590,1.071647,1.047603,1.131884,1.257054,1.257396,1.241847,1.283022,1.293594,1.306182,1.283219,1.261586,1.252414,1.282140,1.269977,1.252031,1.242247,1.264880,1.278755,1.266855,1.307882,1.180024,0.936822,0.904079,0.929874,0.954619,0.988670,0.781202,0.423151,0.384107,0.430725,0.420473,0.423857,0.422697,0.431032,0.426857,0.427779,0.423800,0.418470,0.432403,0.433017
0.425780,0.420821,0.416305,0.426572,0.430921,0.431668,0.450855,0.435272,0.423391,0.432971,0.451596,0.447418,0.448346,0.451711,0.448674,0.448327,0.439859,0.438828,0.428326,0.429230,0.434325,0.437749,0.433415,0.434428,0.436816,0.446477,0.433868,0.452641,0.470397,0.466001,0.451791,0.454856,0.455762,0.415085,0.619339,0.969788,0.997741,0.917152,0.929071,0.934083,0.909933,0.866623,0.845046,0.839150,0.795613,0.712766,0.900229,1.239693,1.254548,1.173670,1.143388,1.114700,1.121550,1.125415,1.085768,1.032809,1.014234,1.001442,0.988723,0.952287,0.953938,0.929840,0.913182,0.950387,0.821319,0.584225,0.562183,0.575808,0.559907,0.571644,0.565530,0.521742,0.489542,0.481339,0.489038,0.470286,0.627791,0.879469,0.933725,0.929984,0.940295,0.914519,0.916887,0.951494,0.982206,0.990075,1.013288,1.052565,0.959869,0.760356,0.756290,0.786805,0.800311,0.797737,0.825866,0.875691,0.867290,0.884720,0.942616,0.962766,0.980226,1.001121,0.999916,1.047349,1.088978,1.066184,1.132385,1.264394,1.262039,1.253731,1.283257,1.296118,1.298757,1.269815,1.246814,1.252606,1.291599,1.283681,1.249978,1.244592,1.250246,1.272375,1.294287,1.305313,1.158320,0.937455,0.904800,0.925205,0.946669,0.981612,0.776171,0.405173,0.379121,0.436507,0.426783,0.433823,0.430774,0.433242,0.429945,0.431234,0.424422,0.413317,0.403473,0.397936
0.291097,0.306190,0.315974,0.312347,0.311720,0.300447,0.305760,0.308914,0.315443,0.332818,0.326733,0.316778,0.320284,0.319295,0.345632,0.332925,0.324241,0.317480,0.295871,0.312446,0.332940,0.334412,0.328765,0.344252,0.338757,0.330692,0.322562,0.336284,0.343361,0.340385,0.337430,0.349911,0.345333,0.306012,0.470733,0.730224,0.761736,0.730044,0.751537,0.728534,0.715325,0.729951,0.703174,0.688762,0.636573,0.581823,0.702270,0.905552,0.894040,0.842800,0.811348,0.786475,0.802313,0.822237,0.802736,0.789806,0.774493,0.753401,0.724864,0.702822,0.703767,0.667010,0.649349,0.684034,0.551786,0.309956,0.275580,0.301841,0.293982,0.271985,0.256891,0.252116,0.255205,0.267217,0.260365,0.257070,0.382492,0.602964,0.621952,0.615888,0.650972,0.648190,0.665074,0.683278,0.684402,0.680578,0.700059,0.754029,0.635489,0.435740,0.450329,0.476803,0.469284,0.519212,0.547939,0.563014,0.579025,0.601071,0.639011,0.674896,0.649013,0.656574,0.683808,0.716512,0.708680,0.691958,0.817448,1.039412,1.074362,1.057328,1.072448,1.049747,1.050470,1.067661,1.062678,1.068882,1.083820,1.070603,1.072916,1.088340,1.074118,1.050730,1.075019,1.089777,0.952822,0.737237,0.725658,0.732338,0.737906,0.801209,0.622366,0.302663,0.262271,0.299023,0.288285,0.279465,0.294653,0.308632,0.324881,0.308820,0.281744,0.289776,0.304661,0.329718
0.288026,0.303460,0.314295,0.299528,0.296197,0.306152,0.302443,0.296272,0.291687,0.314712,0.325045,0.312057,0.315009,0.313785,0.332284,0.321248,0.311191,0.335802,0.317232,0.322579,0.315764,0.317857,0.308376,0.334324,0.360247,0.339003,0.298806,0.325572,0.344180,0.345161,0.335734,0.338918,0.319424,0.306602,0.474590,0.731548,0.749842,0.714680,0.728151,0.706125,0.693292,0.705943,0.689293,0.680048,0.609137,0.536586,0.677434,0.894144,0.876558,0.813278,0.783870,0.780629,0.793520,0.793855,0.783494,0.762329,0.767113,0.736550,0.709718,0.699548,0.689070,0.653137,0.634052,0.664736,0.510169,0.273673,0.266270,0.300126,0.289828,0.252655,0.238676,0.252235,0.266800,0.270424,0.252694,0.249756,0.368325,0.590665,0.606486,0.582061,0.625593,0.661420,0.678737,0.669856,0.682493,0.702171,0.703378,0.740074,0.633301,0.450890,0.423213,0.456111,0.487386,0.523603,0.546154,0.560508,0.579201,0.615699,0.655316,0.651598,0.643027,0.636806,0.677510,0.714476,0.711734,0.684801,0.818200,1.060636,1.087673,1.063301,1.047612,1.059043,1.055530,1.066680,1.063451,1.062328,1.065937,1.070313,1.080334,1.088243,1.074978,1.051854,1.074480,1.101413,0.957026,0.739259,0.703601,0.724752,0.743533,0.798822,0.614329,0.300697,0.259727,0.294219,0.281669,0.283470,0.295460,0.283449,0.303301,0.305159,0.282161,0.286284,0.309808,0.348983
0.438741,0.431562,0.421360,0.436307,0.436891,0.434470,0.453406,0.439066,0.420029,0.428757,0.443757,0.449103,0.454650,0.453751,0.446751,0.443028,0.445005,0.442120,0.448908,0.454144,0.461543,0.449960,0.443778,0.443006,0.444385,0.454238,0.444210,0.455407,0.468794,0.470691,0.457021,0.457386,0.457772,0.425227,0.637181,0.989386,0.996543,0.920701,0.931598,0.900034,0.887867,0.868439,0.847871,0.828062,0.787918,0.690548,0.874091,1.234993,1.260625,1.165696,1.146081,1.116865,1.110999,1.093389,1.079768,1.052334,1.029454,1.008991,1.010444,0.980142,0.965866,0.940574,0.941732,0.986833,0.826393,0.588914,0.561243,0.591315,0.567188,0.603113,0.607754,0.566910,0.507546,0.494301,0.496932,0.457712,0.630763,0.887735,0.939466,0.921945,0.945384,0.935377,0.934103,0.965347,0.999410,1.013338,1.038728,1.062865,0.962168,0.778700,0.757083,0.790830,0.794150,0.817495,0.833593,0.862026,0.865205,0.888233,0.938958,0.964498,0.991040,1.014649,1.006666,1.051892,1.083400,1.075663,1.147054,1.276666,1.288009,1.276268,1.308897,1.312818,1.319009,1.297488,1.264777,1.262935,1.282545,1.294204,1.267816,1.252760,1.264374,1.282647,1.290677,1.323042,1.171359,0.953104,0.902270,0.931467,0.956661,0.987262,0.773531,0.410202,0.376109,0.436605,0.431492,0.448903,0.434907,0.423664,0.427279,0.437054,0.448329,0.426341,0.413145,0.416390
0.448745,0.431439,0.428514,0.430317,0.424624,0.412788,0.443341,0.442519,0.417145,0.429083,0.438182,0.435029,0.435279,0.452796,0.477417,0.461677,0.446211,0.454203,0.444668,0.429623,0.430787,0.449346,0.442330,0.423893,0.441045,0.451514,0.443311,0.454886,0.460484,0.429999,0.441407,0.455313,0.453227,0.395886,0.620995,0.979591,1.000890,0.925065,0.922780,0.906021,0.901590,0.876504,0.846806,0.833150,0.801383,0.701789,0.879253,1.245398,1.260081,1.167824,1.147016,1.118772,1.099521,1.052915,1.060027,1.037315,0.976051,0.976652,0.992270,0.956324,0.982423,0.976583,0.938855,0.986981,0.841605,0.598722,0.568280,0.585759,0.562331,0.607364,0.609247,0.540106,0.498804,0.510971,0.528737,0.506744,0.648291,0.879457,0.942975,0.932033,0.948710,0.921745,0.921033,0.952571,0.968212,0.979889,0.996657,1.046527,0.931461,0.754966,0.732986,0.785151,0.789732,0.805135,0.813210,0.853967,0.857343,0.883856,0.920063,0.954270,0.989578,1.008268,0.998803,1.038437,1.075585,1.074212,1.143467,1.262861,1.268312,1.257373,1.289456,1.289593,1.300674,1.296700,1.256015,1.253649,1.278524,1.275119,1.253933,1.257718,1.259039,1.258164,1.252303,1.297868,1.160827,0.944451,0.903858,0.926843,0.945576,0.988111,0.781287,0.428812,0.379027,0.437759,0.434547,0.445598,0.433260,0.425731,0.422182,0.433225,0.446860,0.429007,0.416228,0.426571
0.432689,0.424648,0.431597,0.432882,0.405285,0.390639,0.426209,0.430045,0.408434,0.431392,0.453046,0.442709,0.431715,0.442681,0.464608,0.447139,0.425097,0.445266,0.430572,0.418815,0.430194,0.436356,0.431496,0.431520,0.462474,0.447730,0.413473,0.436295,0.446479,0.415412,0.425011,0.448627,0.447348,0.387920,0.606666,0.959575,0.992035,0.924766,0.904087,0.904115,0.896629,0.848876,0.826352,0.822332,0.795897,0.711149,0.871298,1.221280,1.237327,1.134833,1.124520,1.100739,1.069283,1.036179,1.044516,1.008673,0.929478,0.930556,0.934470,0.917216,0.952562,0.948799,0.904970,0.945058,0.812022,0.581803,0.544677,0.540899,0.523097,0.528550,0.523575,0.502100,0.486319,0.498445,0.505078,0.494496,0.636073,0.880314,0.938251,0.919494,0.933073,0.895585,0.899198,0.916532,0.929780,0.946865,0.952602,1.013825,0.910138,0.733124,0.714213,0.768578,0.759788,0.792024,0.807439,0.853551,0.858023,0.867212,0.910607,0.952585,0.971501,0.988225,1.001681,1.049498,1.064803,1.051031,1.126599,1.251662,1.253295,1.240762,1.249341,1.257858,1.271534,1.273381,1.243663,1.256514,1.270696,1.257400,1.247508,1.257521,1.240466,1.228687,1.245806,1.283762,1.154733,0.941949,0.904106,0.907064,0.912022,0.967402,0.776466,0.438048,0.390478,0.437531,0.437214,0.427776,0.426728,0.421860,0.413951,0.421156,0.440229,0.423978,0.406955,0.415598
0.427663,0.432472,0.444612,0.427819,0.400887,0.411873,0.428227,0.427807,0.421422,0.428912,0.440716,0.438261,0.434614,0.439618,0.448172,0.445541,0.431171,0.443839,0.440166,0.436247,0.448630,0.450962,0.439355,0.422431,0.460076,0.458055,0.424181,0.451758,0.459190,0.429437,0.425785,0.448481,0.441893,0.404095,0.604330,0.962257,0.998982,0.940997,0.917185,0.924362,0.903321,0.837268,0.809095,0.817147,0.793540,0.744535,0.911808,1.210996,1.237552,1.161669,1.143588,1.121062,1.095056,1.089936,1.064386,1.023735,0.931035,0.931769,0.946566,0.931451,0.961982,0.942912,0.902381,0.937448,0.802821,0.567482,0.527022,0.533795,0.527763,0.502819,0.491322,0.484586,0.491058,0.485766,0.480774,0.458168,0.625208,0.887118,0.945631,0.904442,0.916414,0.895810,0.906465,0.924202,0.925960,0.934402,0.965334,1.019776,0.917939,0.725493,0.706636,0.773269,0.765390,0.777567,0.801713,0.854768,0.864006,0.874215,0.916771,0.955159,0.971216,0.993114,1.022956,1.066331,1.068532,1.055963,1.136942,1.270424,1.266417,1.254809,1.272407,1.279385,1.276000,1.289162,1.265382,1.273643,1.282603,1.262515,1.260064,1.268120,1.254198,1.238670,1.262949,1.299825,1.170948,0.950864,0.921177,0.921976,0.920030,0.987206,0.784958,0.429598,0.399252,0.443559,0.433745,0.422478,0.436475,0.437381,0.422933,0.415318,0.447163,0.427596,0.410981,0.419278
0.427253,0.425584,0.427673,0.416533,0.406938,0.400956,0.414594,0.422078,0.422735,0.435921,0.451742,0.451755,0.457953,0.440786,0.434869,0.445588,0.435093,0.438291,0.437167,0.448461,0.464950,0.453213,0.442873,0.433773,0.463608,0.449331,0.420077,0.443013,0.448058,0.435443,0.430491,0.453976,0.457933,0.401116,0.607298,0.980311,1.004286,0.934345,0.915057,0.922017,0.898240,0.835364,0.800476,0.804101,0.782388,0.717529,0.914502,1.222756,1.226242,1.158356,1.161429,1.122231,1.090471,1.094298,1.069242,1.026581,0.940636,0.944276,0.954092,0.931654,0.968850,0.942896,0.899356,0.935683,0.796182,0.554246,0.514272,0.543040,0.535756,0.521745,0.507859,0.480630,0.495160,0.500015,0.475989,0.446334,0.605642,0.865626,0.918470,0.884016,0.898504,0.910085,0.914781,0.926198,0.937485,0.950052,0.986738,1.034726,0.925215,0.719997,0.704555,0.759490,0.778091,0.796306,0.802258,0.815895,0.843315,0.867562,0.913090,0.938079,0.958719,0.980514,1.015752,1.055468,1.051097,1.060347,1.141922,1.260825,1.254393,1.249806,1.280265,1.277735,1.263310,1.271126,1.261673,1.269195,1.276978,1.260804,1.255097,1.261533,1.249446,1.244302,1.274577,1.303870,1.172310,0.948112,0.922343,0.926482,0.929275,0.997078,0.789452,0.427399,0.380799,0.437525,0.430351,0.434857,0.441999,0.432957,0.418881,0.414961,0.443602,0.431113,0.409934,0.412870
0.303657,0.303696,0.304911,0.305835,0.302105,0.291591,0.304556,0.321735,0.314671,0.325534,0.320315,0.310447,0.332217,0.332062,0.338177,0.334644,0.314783,0.312075,0.314608,0.333223,0.317420,0.314077,0.317877,0.333775,0.338373,0.338182,0.337091,0.336915,0.346798,0.330890,0.347897,0.360992,0.343159,0.305557,0.466816,0.741880,0.755136,0.714611,0.730284,0.717359,0.705029,0.710759,0.692920,0.671472,0.604102,0.526619,0.672131,0.889465,0.879430,0.828311,0.781698,0.790233,0.802193,0.794437,0.781203,0.748668,0.779564,0.746052,0.711705,0.696919,0.685876,0.656688,0.638683,0.661593,0.510361,0.263470,0.269938,0.307842,0.296892,0.272191,0.273283,0.262371,0.266328,0.263869,0.265336,0.248440,0.361414,0.595271,0.615901,0.580543,0.616230,0.655636,0.666566,0.671588,0.691986,0.697613,0.715445,0.765165,0.646968,0.432193,0.428228,0.463462,0.489898,0.535492,0.552954,0.551409,0.562336,0.595890,0.640253,0.653164,0.645526,0.644565,0.663425,0.709155,0.710246,0.685855,0.825842,1.072133,1.084667,1.065374,1.086993,1.073884,1.060414,1.068900,1.072226,1.060199,1.059423,1.077793,1.087110,1.086060,1.077896,1.067704,1.087724,1.133693,0.986482,0.748628,0.732409,0.756826,0.767911,0.805770,0.632377,0.303931,0.248453,0.292044,0.288177,0.285521,0.300380,0.284852,0.309312,0.304772,0.284788,0.278346,0.310533,0.350702
0.304089,0.309903,0.305032,0.312928,0.302043,0.284039,0.296935,0.312874,0.300208,0.289814,0.303228,0.300579,0.323067,0.324588,0.336843,0.327323,0.310563,0.312622,0.292592,0.312675,0.311669,0.309060,0.307712,0.337864,0.334061,0.328140,0.330645,0.340785,0.332734,0.310939,0.327492,0.351273,0.332137,0.284349,0.431081,0.724660,0.739718,0.701872,0.696661,0.665268,0.658703,0.680352,0.646699,0.612130,0.575310,0.506518,0.633555,0.848565,0.843844,0.774024,0.748376,0.742072,0.759683,0.768927,0.763981,0.734417,0.727682,0.718296,0.691637,0.677537,0.661469,0.633083,0.610280,0.635885,0.471336,0.244968,0.257121,0.269057,0.220344,0.221924,0.230698,0.247085,0.231949,0.233850,0.247420,0.228620,0.340378,0.561620,0.593924,0.550748,0.579029,0.607255,0.636814,0.646510,0.665739,0.675043,0.695619,0.722328,0.614418,0.406770,0.408165,0.445203,0.448391,0.492911,0.526342,0.533114,0.548965,0.581597,0.613006,0.643312,0.637644,0.622347,0.628459,0.679752,0.695293,0.670903,0.798636,1.032329,1.067123,1.055803,1.067530,1.053026,1.053230,1.058212,1.056614,1.036467,1.019166,1.056072,1.067625,1.067520,1.050968,1.050447,1.071228,1.103754,0.940283,0.717760,0.701676,0.736270,0.745188,0.778774,0.597122,0.277029,0.238472,0.283258,0.277397,0.286230,0.291339,0.272548,0.292173,0.299427,0.287523,0.286459,0.305510,0.340974
0.432078,0.430455,0.433711,0.425185,0.421232,0.424668,0.423740,0.419787,0.427515,0.436567,0.443028,0.449174,0.443164,0.447012,0.451461,0.448754,0.432681,0.436867,0.438711,0.443402,0.464330,0.457097,0.444838,0.450919,0.469004,0.446430,0.416519,0.451158,0.453237,0.430592,0.425343,0.459796,0.474073,0.382132,0.591673,0.975355,1.001648,0.938107,0.915796,0.908359,0.885031,0.832323,0.792424,0.791378,0.785798,0.711821,0.890149,1.216140,1.226610,1.160589,1.151780,1.091384,1.053328,1.067208,1.071011,1.044046,0.965923,0.964122,0.960596,0.957905,0.965915,0.942126,0.900817,0.923062,0.776476,0.548112,0.499349,0.519388,0.521945,0.514157,0.495725,0.458680,0.464372,0.475672,0.455961,0.452574,0.609891,0.864506,0.921381,0.911835,0.940766,0.927488,0.902355,0.892146,0.914526,0.943457,0.984233,1.037069,0.912847,0.716288,0.682405,0.746416,0.768040,0.802175,0.802512,0.826530,0.850673,0.876386,0.911156,0.941823,0.964485,0.982518,1.010212,1.050121,1.053847,1.052772,1.138830,1.253849,1.267140,1.260737,1.273419,1.279038,1.276597,1.295051,1.286535,1.269741,1.271171,1.257647,1.254618,1.266683,1.269876,1.259968,1.274142,1.303205,1.168820,0.950485,0.918212,0.936323,0.938870,0.990160,0.776455,0.429412,0.385511,0.440881,0.433401,0.435234,0.440591,0.422221,0.407776,0.415771,0.457469,0.447250,0.415756,0.412489
0.421337,0.422147,0.429626,0.416953,0.415442,0.420006,0.423170,0.418199,0.436976,0.454383,0.458027,0.455732,0.442786,0.442670,0.443804,0.447896,0.441220,0.441046,0.437234,0.444776,0.460659,0.456897,0.443421,0.450776,0.472055,0.453964,0.412124,0.426864,0.448575,0.454804,0.432246,0.457079,0.459747,0.388833,0.600921,0.992758,1.010737,0.938930,0.923645,0.920269,0.891570,0.848488,0.793344,0.788136,0.789515,0.714313,0.892488,1.186285,1.225230,1.163196,1.147497,1.092213,1.070118,1.093835,1.064532,1.024473,0.981853,0.981858,0.968310,0.913991,0.947468,0.946916,0.909372,0.922258,0.788835,0.568176,0.517915,0.539437,0.553922,0.510363,0.488645,0.475872,0.461335,0.484982,0.485520,0.444862,0.600296,0.880118,0.916215,0.883915,0.899369,0.909114,0.894637,0.885706,0.902144,0.922517,0.959525,1.016170,0.913280,0.721316,0.668731,0.745209,0.760757,0.782152,0.792277,0.843620,0.854360,0.865745,0.899833,0.929511,0.937455,0.960159,1.002513,1.040238,1.050812,1.034195,1.132976,1.269851,1.254481,1.233697,1.264884,1.280505,1.272712,1.266853,1.269325,1.271318,1.285073,1.256948,1.240893,1.236506,1.251711,1.257884,1.275093,1.295511,1.167034,0.955387,0.915209,0.932191,0.958233,0.988050,0.779715,0.437852,0.372915,0.434249,0.446318,0.448216,0.445359,0.437877,0.410440,0.411464,0.437629,0.431306,0.412370,0.424171
0.426708,0.432533,0.430060,0.422481,0.429444,0.424377,0.402571,0.417846,0.445936,0.442348,0.447687,0.451412,0.446593,0.444992,0.444768,0.442542,0.429986,0.439941,0.438795,0.461746,0.470981,0.452954,0.440408,0.454685,0.458744,0.445332,0.428294,0.422216,0.440161,0.452701,0.432084,0.455123,0.457882,0.383253,0.591468,1.004024,1.013741,0.940240,0.927883,0.930166,0.895352,0.835281,0.796839,0.793851,0.784722,0.697047,0.869114,1.199174,1.224989,1.147316,1.131933,1.104048,1.096256,1.083500,1.040394,1.024657,1.018745,0.993900,0.963930,0.931034,0.943426,0.934624,0.909991,0.912569,0.770436,0.577888,0.547215,0.548879,0.540376,0.515172,0.505926,0.490525,0.473219,0.492143,0.485470,0.440455,0.589060,0.866243,0.889141,0.861184,0.883340,0.885888,0.879391,0.889733,0.914065,0.920793,0.956756,1.032803,0.918529,0.705312,0.671906,0.741958,0.745877,0.785296,0.799372,0.831143,0.826010,0.859816,0.907294,0.934211,0.942067,0.970984,0.998976,1.039600,1.054480,1.030164,1.122493,1.264462,1.262347,1.244369,1.264189,1.275451,1.265679,1.250028,1.263418,1.273368,1.269936,1.259821,1.256176,1.244854,1.250219,1.242156,1.266617,1.311844,1.171826,0.942066,0.912753,0.932759,0.959337,0.999936,0.775586,0.424180,0.369013,0.442059,0.445055,0.428068,0.438130,0.458173,0.430732,0.409866,0.410175,0.437605,0.426979,0.432036
0.426140,0.424719,0.419239,0.413803,0.427425,0.433469,0.406740,0.402381,0.435054,0.434073,0.446996,0.442480,0.441646,0.442653,0.446343,0.446732,0.436184,0.437025,0.442715,0.460169,0.463970,0.448015,0.437771,0.447925,0.457461,0.449902,0.425028,0.419629,0.435016,0.443771,0.421765,0.458384,0.464698,0.375984,0.578214,0.999644,1.010169,0.942288,0.950319,0.928377,0.890008,0.847822,0.806362,0.799804,0.770887,0.687106,0.859128,1.195148,1.225884,1.148272,1.133768,1.124206,1.103267,1.091057,1.063401,1.026316,1.008793,0.991389,0.979543,0.988102,0.956239,0.949577,0.917044,0.918490,0.757992,0.552720,0.523141,0.529886,0.524919,0.523760,0.492765,0.467673,0.468639,0.490476,0.462476,0.414830,0.573382,0.834162,0.871943,0.848340,0.886164,0.876972,0.863711,0.887503,0.926779,0.949984,0.995498,1.042738,0.915032,0.699101,0.689578,0.745167,0.751364,0.797050,0.806574,0.810537,0.814154,0.863825,0.918833,0.939115,0.948992,0.970402,0.985390,1.037157,1.061061,1.042204,1.118553,1.246151,1.257756,1.267259,1.275556,1.277332,1.271829,1.264978,1.265240,1.273538,1.276218,1.270945,1.257479,1.228410,1.259948,1.255896,1.254547,1.310665,1.175185,0.926087,0.914248,0.953130,0.972442,1.005940,0.780726,0.425483,0.375163,0.449787,0.423143,0.427394,0.437544,0.445491,0.435966,0.416054,0.414267,0.434995,0.434826,0.439096
0.428197,0.415009,0.409235,0.410960,0.422160,0.438302,0.410321,0.404456,0.438173,0.429931,0.444448,0.445191,0.437983,0.438188,0.447112,0.441876,0.426261,0.428475,0.431160,0.444226,0.450295,0.441749,0.438832,0.444660,0.455638,0.450299,0.424163,0.419291,0.431871,0.428977,0.418962,0.454500,0.462597,0.379157,0.584748,0.988708,1.005935,0.926834,0.935836,0.908673,0.867049,0.833942,0.794936,0.793450,0.772048,0.692217,0.859389,1.173698,1.197307,1.133949,1.132393,1.116515,1.094596,1.083660,1.052863,1.017721,0.997691,0.983748,0.968982,0.927358,0.934684,0.923833,0.909024,0.916689,0.746225,0.527177,0.500904,0.519647,0.507799,0.502126,0.474562,0.452555,0.454516,0.475683,0.447311,0.400372,0.544109,0.810621,0.865177,0.852256,0.875273,0.867877,0.859534,0.886183,0.919879,0.938071,0.963345,1.017730,0.888109,0.676864,0.674050,0.732860,0.730596,0.782845,0.788642,0.796773,0.813021,0.856937,0.900459,0.926867,0.962858,0.972497,0.980025,1.020399,1.050794,1.041694,1.116236,1.242743,1.246544,1.250500,1.268237,1.265997,1.262691,1.261875,1.259390,1.258516,1.254905,1.271175,1.258405,1.220878,1.254927,1.262762,1.250402,1.296356,1.173228,0.933791,0.912596,0.945513,0.970139,0.991755,0.757492,0.426373,0.375453,0.449872,0.439457,0.422539,0.429524,0.438630,0.431669,0.413786,0.406714,0.424232,0.422220,0.419368
0.305309,0.312334,0.300009,0.299171,0.297829,0.294714,0.306342,0.309658,0.304463,0.299408,0.312806,0.313921,0.332617,0.330594,0.335608,0.330260,0.330248,0.332903,0.303792,0.311387,0.307343,0.313344,0.316037,0.329192,0.346342,0.341499,0.340543,0.356258,0.339811,0.313621,0.336378,0.355413,0.324112,0.292778,0.456528,0.728868,0.739052,0.706918,0.707300,0.653408,0.634424,0.673370,0.656590,0.637621,0.605811,0.534230,0.636106,0.855672,0.860695,0.788730,0.764991,0.739960,0.758630,0.796101,0.782157,0.749329,0.721099,0.748863,0.723113,0.683351,0.675474,0.654428,0.622979,0.627692,0.466980,0.249644,0.240661,0.241019,0.206151,0.189193,0.202162,0.206650,0.199512,0.202370,0.242125,0.222318,0.322851,0.539488,0.587681,0.577614,0.619812,0.661002,0.671086,0.665412,0.675787,0.673445,0.708722,0.738086,0.622129,0.404119,0.424862,0.474930,0.469859,0.485679,0.527099,0.565247,0.570007,0.588563,0.608567,0.645534,0.650983,0.624934,0.639399,0.675487,0.691411,0.679700,0.819585,1.061428,1.094168,1.071216,1.073845,1.073957,1.082755,1.089995,1.074905,1.056179,1.047606,1.065134,1.091607,1.105360,1.078890,1.082598,1.104971,1.126214,0.968803,0.750665,0.720007,0.746893,0.762443,0.793847,0.597104,0.287705,0.267126,0.303476,0.290141,0.307812,0.305256,0.279790,0.298290,0.313464,0.298554,0.289745,0.304361,0.330618
0.298147,0.299148,0.290346,0.298704,0.302008,0.313074,0.304932,0.299314,0.321255,0.329036,0.331852,0.312702,0.321916,0.318298,0.323971,0.326856,0.327910,0.321265,0.317020,0.323091,0.309717,0.301024,0.309633,0.346112,0.356572,0.323653,0.303003,0.350049,0.341627,0.314614,0.331606,0.345253,0.321353,0.289747,0.461566,0.737112,0.745335,0.698266,0.701181,0.654575,0.631989,0.644528,0.646594,0.615140,0.587393,0.527939,0.655018,0.871700,0.848046,0.754106,0.762094,0.745968,0.756516,0.771318,0.777754,0.753449,0.725503,0.728000,0.690942,0.660297,0.635648,0.611463,0.612700,0.606666,0.443998,0.229775,0.205082,0.225242,0.201003,0.182567,0.198875,0.191744,0.178391,0.173508,0.198626,0.167998,0.301053,0.542174,0.578876,0.556434,0.593913,0.606900,0.625713,0.650524,0.657648,0.642654,0.685737,0.728815,0.615252,0.395389,0.406342,0.446205,0.451811,0.474105,0.504052,0.542355,0.559671,0.576896,0.602253,0.641122,0.643280,0.615195,0.626759,0.663784,0.686799,0.669210,0.810395,1.068169,1.097550,1.073780,1.069161,1.063908,1.058565,1.056425,1.072285,1.059941,1.044309,1.062023,1.085738,1.087727,1.067825,1.071785,1.103911,1.124962,0.957179,0.740589,0.718689,0.751184,0.767696,0.796390,0.592435,0.273316,0.237201,0.295180,0.302406,0.311549,0.305114,0.281218,0.293329,0.300491,0.297632,0.304288,0.312595,0.331374
0.425683,0.420195,0.414050,0.410956,0.436165,0.452428,0.436520,0.415774,0.452002,0.450649,0.447491,0.450463,0.440324,0.443744,0.451112,0.449683,0.442726,0.442937,0.431723,0.440560,0.452746,0.443474,0.438402,0.448692,0.452091,0.460236,0.451213,0.436934,0.438778,0.444489,0.422072,0.437807,0.443266,0.382314,0.592966,0.989235,1.005153,0.934024,0.939423,0.925494,0.883232,0.825770,0.781064,0.801693,0.792096,0.693977,0.867816,1.185354,1.184053,1.128285,1.137359,1.103015,1.083538,1.076005,1.049578,1.024344,1.017685,0.983359,0.965930,0.943324,0.934870,0.910922,0.910810,0.923857,0.769713,0.525879,0.522076,0.520682,0.479451,0.473869,0.464043,0.432134,0.433669,0.443145,0.425767,0.386896,0.566216,0.828789,0.857812,0.850010,0.881214,0.863495,0.821442,0.845333,0.907010,0.928639,0.937873,1.012051,0.879220,0.651640,0.649857,0.704494,0.704074,0.762549,0.793610,0.791733,0.801102,0.850680,0.904826,0.922083,0.952316,0.982354,0.982318,1.018326,1.049547,1.024388,1.103924,1.266117,1.284002,1.271638,1.260453,1.260889,1.260317,1.257972,1.271656,1.287267,1.274611,1.286179,1.267404,1.245422,1.271940,1.270358,1.259742,1.295592,1.168799,0.934493,0.918160,0.959704,0.975464,0.999020,0.772213,0.425049,0.378506,0.441254,0.437594,0.426666,0.437246,0.447317,0.434956,0.406543,0.405501,0.426076,0.415364,0.422211
0.425844,0.420551,0.414427,0.408639,0.425722,0.434918,0.404830,0.398822,0.445329,0.438326,0.438307,0.447007,0.430490,0.435002,0.447679,0.449948,0.447061,0.448172,0.429002,0.429650,0.424883,0.442497,0.439372,0.444785,0.459131,0.462914,0.430737,0.424004,0.437011,0.440458,0.420163,0.438904,0.444588,0.380526,0.575852,0.963024,1.000329,0.926911,0.926720,0.898277,0.857195,0.814898,0.788096,0.797354,0.772187,0.683837,0.855604,1.172406,1.174587,1.112248,1.112259,1.088799,1.077300,1.073548,1.033576,0.995920,0.965944,0.959149,0.943447,0.934996,0.937063,0.918055,0.888975,0.891573,0.744253,0.528249,0.503185,0.490936,0.450312,0.459332,0.449610,0.398784,0.423712,0.447761,0.404023,0.385844,0.547398,0.791816,0.840110,0.827613,0.857453,0.859788,0.823090,0.824093,0.906469,0.937434,0.947460,1.013719,0.883855,0.656943,0.659188,0.714452,0.728630,0.771929,0.802164,0.801733,0.808376,0.853766,0.900639,0.903009,0.927976,0.957024,0.983829,1.019626,1.041666,1.033126,1.102445,1.249610,1.253357,1.259517,1.255077,1.247712,1.256124,1.264504,1.258987,1.268594,1.261211,1.254470,1.258926,1.277127,1.262709,1.256807,1.249562,1.273866,1.152618,0.934222,0.916211,0.938800,0.961998,0.990278,0.759957,0.410179,0.389588,0.455371,0.432779,0.410994,0.418136,0.428947,0.419576,0.398979,0.401380,0.421043,0.429567,0.435063
0.425936,0.415726,0.400776,0.410871,0.429434,0.448771,0.414840,0.394319,0.441771,0.432579,0.433318,0.448134,0.426494,0.431161,0.451033,0.439278,0.438335,0.455866,0.433369,0.423240,0.429186,0.444529,0.435690,0.445617,0.456499,0.455530,0.415510,0.425175,0.439257,0.438268,0.425242,0.444245,0.450008,0.392480,0.599991,0.961273,0.988325,0.914346,0.902361,0.884532,0.852866,0.808454,0.790254,0.797895,0.778624,0.673745,0.850473,1.181139,1.178288,1.107211,1.118534,1.098715,1.090781,1.080461,1.042400,0.997633,0.954132,0.986996,0.965553,0.948125,0.946865,0.926960,0.912184,0.903791,0.722751,0.518021,0.491759,0.504207,0.489204,0.485585,0.468520,0.425345,0.458842,0.476762,0.427392,0.406443,0.568515,0.822218,0.871313,0.869211,0.886222,0.891121,0.859624,0.886315,0.935769,0.944488,0.953920,1.021860,0.906885,0.679166,0.693641,0.742734,0.733185,0.789482,0.830127,0.815014,0.816237,0.854995,0.897103,0.920717,0.954789,0.963980,0.981374,1.019956,1.056777,1.038902,1.095443,1.223646,1.262110,1.267389,1.262833,1.251679,1.262541,1.262959,1.267215,1.261753,1.254593,1.252670,1.267306,1.282741,1.269826,1.259858,1.257892,1.297387,1.172648,0.926323,0.919626,0.943441,0.965316,1.010456,0.782456,0.397250,0.389183,0.459979,0.432770,0.413561,0.413704,0.422402,0.424122,0.404538,0.410952,0.439592,0.448033,0.432927
0.428165,0.417736,0.403927,0.434544,0.439145,0.449080,0.422580,0.415615,0.446094,0.438214,0.432449,0.442629,0.427666,0.436059,0.451803,0.444644,0.455836,0.460186,0.433714,0.429533,0.442568,0.456059,0.455639,0.446804,0.450667,0.453415,0.440208,0.442416,0.449994,0.446630,0.439465,0.457537,0.456224,0.411204,0.630290,0.957556,0.988404,0.908446,0.882754,0.876977,0.869833,0.804126,0.766010,0.780013,0.764517,0.657727,0.837213,1.173823,1.178721,1.110981,1.107197,1.071653,1.056055,1.081706,1.053045,1.016042,0.981214,1.007041,0.993096,0.965979,0.952949,0.909364,0.916611,0.930082,0.768890,0.529910,0.508158,0.536520,0.523750,0.502428,0.474021,0.434123,0.476266,0.494467,0.441818,0.411464,0.592586,0.872126,0.898327,0.898470,0.921352,0.925319,0.900757,0.902598,0.942797,0.949439,0.973631,1.033694,0.915215,0.684663,0.692333,0.750338,0.742870,0.790873,0.817615,0.821880,0.843484,0.872789,0.899766,0.914119,0.954961,0.972645,0.990665,1.026807,1.067237,1.050656,1.116374,1.249526,1.274265,1.270095,1.249005,1.256963,1.275386,1.291439,1.270809,1.259756,1.266357,1.285217,1.266618,1.264510,1.276788,1.275966,1.271386,1.307553,1.170062,0.931389,0.921487,0.947438,0.972666,1.018855,0.804160,0.419861,0.387801,0.447543,0.437222,0.428149,0.413546,0.415994,0.422938,0.419874,0.424112,0.435952,0.447683,0.441199
0.440838,0.423560,0.410083,0.443187,0.461064,0.461954,0.424795,0.417871,0.449101,0.435312,0.427066,0.441784,0.424683,0.432700,0.441503,0.442936,0.442660,0.456567,0.440145,0.436867,0.449230,0.460111,0.471805,0.455744,0.454137,0.449980,0.470544,0.464631,0.448866,0.441092,0.441292,0.461920,0.459464,0.422943,0.633245,0.968474,0.998531,0.906379,0.866334,0.857337,0.839039,0.806544,0.771909,0.769122,0.751840,0.663607,0.844202,1.188633,1.184178,1.117945,1.127211,1.079698,1.063127,1.080210,1.059784,1.027905,1.006104,1.010199,0.992746,0.975684,0.957214,0.908772,0.915777,0.931096,0.771151,0.549548,0.533504,0.550313,0.521025,0.498153,0.473277,0.451803,0.473455,0.487417,0.459512,0.414420,0.604272,0.889277,0.883503,0.886143,0.939046,0.913864,0.887021,0.918284,0.935027,0.931522,0.970391,1.037208,0.911146,0.671465,0.677605,0.731341,0.721644,0.761379,0.787994,0.810662,0.838596,0.871643,0.898288,0.891336,0.908222,0.966643,0.981559,1.007733,1.042564,1.033736,1.113874,1.246350,1.268299,1.259891,1.256004,1.256090,1.269481,1.285892,1.265614,1.250086,1.267689,1.284682,1.272560,1.263911,1.277349,1.279236,1.276037,1.310874,1.162586,0.927048,0.921764,0.946361,0.954005,1.009593,0.792695,0.409138,0.379894,0.441078,0.434089,0.424629,0.405266,0.411937,0.428249,0.425540,0.420221,0.420609,0.422445,0.415184
0.296638,0.309378,0.308850,0.316288,0.309553,0.308104,0.298061,0.295784,0.326065,0.335924,0.340582,0.317128,0.325881,0.320682,0.325069,0.327392,0.326145,0.318002,0.311915,0.321416,0.314536,0.301384,0.308680,0.332018,0.342118,0.320071,0.301446,0.338939,0.331319,0.318521,0.326625,0.341760,0.320720,0.275507,0.449163,0.731168,0.741352,0.690718,0.683449,0.637633,0.623060,0.646368,0.629698,0.603590,0.582705,0.533472,0.637069,0.849467,0.836131,0.763184,0.758356,0.721616,0.734302,0.754493,0.773060,0.751230,0.721598,0.688634,0.671202,0.649365,0.606762,0.576171,0.595521,0.603600,0.448455,0.218093,0.201715,0.226192,0.178034,0.171722,0.179483,0.181978,0.166531,0.180139,0.165462,0.142343,0.291705,0.531575,0.570321,0.533869,0.575440,0.581167,0.607506,0.646136,0.639974,0.641504,0.695238,0.726325,0.604572,0.385014,0.386840,0.418409,0.436116,0.474046,0.499431,0.514187,0.549959,0.577838,0.596753,0.628951,0.624417,0.606291,0.619242,0.655386,0.674637,0.659996,0.801505,1.049072,1.088659,1.063365,1.064462,1.059352,1.057624,1.061453,1.060222,1.050038,1.047164,1.071095,1.082487,1.076962,1.061820,1.076215,1.099486,1.130988,0.977510,0.730985,0.713749,0.739459,0.747834,0.782374,0.590617,0.270320,0.239334,0.288385,0.289485,0.309115,0.308484,0.276533,0.283778,0.300414,0.301654,0.303602,0.303741,0.326922
0.295594,0.308814,0.304121,0.313837,0.314516,0.299123,0.280044,0.296889,0.324918,0.336911,0.332387,0.318748,0.322195,0.321387,0.324341,0.328529,0.325849,0.311146,0.300150,0.314132,0.315398,0.312644,0.313181,0.324011,0.320918,0.319436,0.312238,0.334043,0.325440,0.324869,0.329153,0.345080,0.330944,0.272288,0.434031,0.725662,0.735575,0.690892,0.686359,0.639264,0.632854,0.655847,0.629682,0.607694,0.588432,0.523735,0.619178,0.822649,0.826930,0.751614,0.742432,0.719388,0.713256,0.739590,0.758744,0.739199,0.710018,0.672526,0.640895,0.627753,0.612658,0.593914,0.572871,0.592879,0.431840,0.205407,0.199094,0.222742,0.182758,0.192866,0.206593,0.181816,0.168973,0.180165,0.160251,0.126477,0.275448,0.513070,0.548702,0.512989,0.545570,0.559934,0.575301,0.618296,0.615033,0.621394,0.663688,0.707569,0.587097,0.378478,0.354172,0.394597,0.416367,0.455716,0.482544,0.514193,0.525493,0.552901,0.582666,0.623503,0.626417,0.601743,0.615410,0.655487,0.677365,0.669643,0.810745,1.034931,1.073946,1.060356,1.072286,1.063608,1.067093,1.087072,1.061134,1.041510,1.034116,1.057113,1.084632,1.082708,1.061130,1.073687,1.109656,1.134186,0.975416,0.733500,0.721622,0.753105,0.746675,0.785924,0.604405,0.283948,0.239715,0.289773,0.311915,0.303514,0.310023,0.286049,0.284874,0.284743,0.291482,0.291699,0.305956,0.317361
0.426198,0.418116,0.419161,0.435075,0.452777,0.447836,0.412722,0.402223,0.441185,0.434460,0.430941,0.449391,0.424573,0.433452,0.442175,0.437759,0.431635,0.445554,0.436927,0.434281,0.449058,0.458537,0.476342,0.460965,0.448456,0.433046,0.453938,0.432002,0.444073,0.451143,0.435614,0.461176,0.461005,0.414563,0.620485,0.964888,0.985654,0.896112,0.875478,0.865381,0.847921,0.817452,0.758373,0.755290,0.750381,0.651356,0.829351,1.180697,1.170989,1.107097,1.103496,1.081904,1.063710,1.072742,1.037642,1.000808,0.994956,0.982909,0.950731,0.922765,0.957185,0.932708,0.914059,0.917416,0.775805,0.552128,0.514504,0.524325,0.518628,0.518715,0.493140,0.446556,0.445672,0.455348,0.451119,0.397779,0.575264,0.863212,0.867234,0.866046,0.918825,0.891699,0.876597,0.895083,0.924076,0.924663,0.952174,1.014858,0.901596,0.680192,0.677891,0.739466,0.740239,0.780889,0.800165,0.812446,0.806533,0.832881,0.877526,0.894353,0.910374,0.937657,0.957765,1.009311,1.048071,1.035638,1.110294,1.225767,1.264489,1.260557,1.254047,1.254154,1.270199,1.290723,1.266736,1.247085,1.268966,1.278870,1.266932,1.265192,1.273018,1.266566,1.279315,1.320408,1.160765,0.922900,0.938276,0.964458,0.945498,1.005453,0.798348,0.420188,0.383408,0.441965,0.417678,0.425557,0.419716,0.424498,0.428319,0.431714,0.431399,0.424765,0.435321,0.423543
0.443626,0.422278,0.413052,0.430235,0.448628,0.440304,0.417496,0.406377,0.444809,0.441247,0.443610,0.444192,0.426386,0.434593,0.437045,0.439447,0.433783,0.432706,0.433991,0.448749,0.459192,0.451264,0.466761,0.458085,0.443464,0.437946,0.456305,0.426569,0.442312,0.465647,0.455451,0.456967,0.455831,0.424800,0.626605,0.951800,0.975593,0.892399,0.867941,0.850717,0.837639,0.814837,0.761642,0.753711,0.749621,0.670924,0.853777,1.190078,1.171350,1.093376,1.088209,1.105560,1.096604,1.034464,1.010232,0.980367,0.977511,0.951784,0.941919,0.910498,0.905683,0.885738,0.877546,0.893310,0.737362,0.531395,0.490237,0.491757,0.496715,0.517280,0.500454,0.470207,0.454749,0.449136,0.440644,0.403825,0.559952,0.830744,0.867075,0.869754,0.905568,0.877430,0.877793,0.890943,0.908018,0.915886,0.951429,1.013049,0.889937,0.670814,0.674191,0.746532,0.746171,0.782417,0.796254,0.806801,0.807274,0.829330,0.869940,0.871166,0.888776,0.926162,0.942021,1.001294,1.040259,1.016426,1.095914,1.222890,1.264132,1.248005,1.241860,1.243116,1.257965,1.274738,1.256295,1.245528,1.267311,1.277031,1.268192,1.260332,1.268657,1.268812,1.278391,1.308812,1.158734,0.920273,0.917560,0.955148,0.951745,1.005799,0.790301,0.421449,0.386515,0.440852,0.424782,0.428463,0.418828,0.397076,0.423790,0.433909,0.430182,0.427073,0.434699,0.424002
0.440495,0.432252,0.404907,0.422131,0.440146,0.431566,0.423164,0.423073,0.432572,0.431676,0.430894,0.430532,0.439007,0.444926,0.446616,0.441490,0.436635,0.425732,0.422992,0.450156,0.463110,0.450190,0.437013,0.428599,0.443691,0.441455,0.453759,0.432472,0.442985,0.471375,0.477599,0.473969,0.452477,0.418938,0.618624,0.931330,0.964891,0.892184,0.874232,0.859914,0.851765,0.822682,0.776925,0.773408,0.761762,0.672462,0.855061,1.190823,1.175541,1.096955,1.085613,1.092098,1.059204,0.996287,1.004313,1.006262,0.982500,0.947477,0.931994,0.889845,0.862986,0.842620,0.832785,0.877480,0.713387,0.491321,0.475717,0.496887,0.485363,0.505570,0.500917,0.494017,0.461077,0.455663,0.448885,0.432909,0.578823,0.824533,0.872871,0.861403,0.884634,0.860515,0.889528,0.897826,0.895952,0.904707,0.941580,1.017624,0.888117,0.662391,0.671521,0.739540,0.734427,0.761424,0.784360,0.809219,0.808158,0.834675,0.859425,0.875936,0.893705,0.925367,0.931569,0.972178,1.028237,1.003473,1.097488,1.230616,1.256859,1.242999,1.242734,1.246984,1.250880,1.249905,1.240144,1.239927,1.267697,1.272150,1.259753,1.253079,1.261917,1.262573,1.275338,1.314988,1.173994,0.921642,0.904521,0.937893,0.937482,1.012442,0.803316,0.417695,0.388684,0.442557,0.442092,0.420103,0.412836,0.417913,0.428861,0.432180,0.443296,0.427564,0.421323,0.417862
0.440661,0.441168,0.427116,0.410411,0.412452,0.427739,0.421611,0.420758,0.430224,0.427041,0.425434,0.431541,0.438635,0.439780,0.433402,0.436207,0.426930,0.412065,0.421637,0.454002,0.463389,0.445742,0.434059,0.456734,0.456923,0.463179,0.465726,0.455782,0.449379,0.471044,0.470838,0.472405,0.451164,0.416720,0.619806,0.944288,0.978067,0.897770,0.875397,0.863302,0.854700,0.822425,0.794847,0.784564,0.753846,0.682436,0.875832,1.215253,1.201350,1.119678,1.107688,1.112200,1.074181,1.015371,1.007378,0.997798,0.974344,0.932235,0.915666,0.894899,0.871536,0.848788,0.839630,0.870396,0.713836,0.471183,0.464956,0.490181,0.464531,0.492745,0.485631,0.470939,0.429494,0.426489,0.429129,0.410270,0.536453,0.797797,0.854973,0.847033,0.852459,0.859223,0.856947,0.891889,0.908567,0.917388,0.944422,1.005342,0.864462,0.641930,0.655959,0.727400,0.730598,0.748388,0.777691,0.790093,0.801775,0.825136,0.865567,0.881975,0.896813,0.917415,0.949405,0.996004,1.037615,1.028099,1.111884,1.237016,1.252651,1.247312,1.276801,1.257790,1.258370,1.255847,1.258775,1.249113,1.264433,1.278871,1.276556,1.271356,1.268097,1.270558,1.283887,1.324088,1.172094,0.914751,0.914721,0.941246,0.920577,1.001176,0.791639,0.424731,0.386799,0.438370,0.420160,0.414086,0.420615,0.427080,0.421125,0.423652,0.428726,0.416138,0.410069,0.420043
0.438823,0.441168,0.451023,0.419772,0.406959,0.429877,0.433078,0.427880,0.427556,0.428158,0.430119,0.435783,0.436287,0.436152,0.436257,0.440325,0.430211,0.410353,0.424872,0.452906,0.463751,0.453212,0.445967,0.473062,0.472272,0.468453,0.456538,0.450215,0.449148,0.464833,0.449617,0.460791,0.451065,0.412377,0.611825,0.959252,0.999618,0.917169,0.878745,0.867948,0.863843,0.837716,0.800492,0.785686,0.757622,0.685764,0.882089,1.223381,1.207158,1.129684,1.136040,1.115756,1.079737,1.030117,1.025178,1.019370,0.996467,0.949231,0.931675,0.915396,0.893046,0.872471,0.873946,0.894797,0.734003,0.490127,0.481118,0.499522,0.475848,0.502162,0.491984,0.471186,0.433372,0.434805,0.434230,0.391573,0.541422,0.812081,0.864396,0.850491,0.851533,0.862937,0.861268,0.898265,0.918299,0.932367,0.956378,1.012017,0.874955,0.653541,0.663539,0.735862,0.742576,0.764127,0.787968,0.801556,0.811831,0.836501,0.877909,0.887965,0.901058,0.930720,0.963034,0.995766,1.017684,1.028271,1.124457,1.249849,1.266433,1.258584,1.278683,1.259171,1.255126,1.261622,1.280862,1.265355,1.264454,1.290599,1.298156,1.280185,1.278961,1.278259,1.291328,1.333776,1.178489,0.919323,0.920266,0.948336,0.920488,0.995118,0.797149,0.434470,0.389001,0.440562,0.421663,0.427903,0.436113,0.415885,0.426423,0.430634,0.448144,0.418563,0.410238,0.406044
0.299068,0.302797,0.317522,0.333544,0.328549,0.316634,0.308652,0.312396,0.336879,0.354639,0.348858,0.319453,0.318652,0.317775,0.320773,0.329536,0.327064,0.322729,0.308537,0.319636,0.323701,0.318084,0.319463,0.342017,0.337416,0.328582,0.317642,0.336770,0.330763,0.328376,0.317082,0.339896,0.324123,0.271861,0.441362,0.736349,0.755852,0.713525,0.692178,0.653621,0.643094,0.662475,0.638662,0.620821,0.574806,0.496054,0.617179,0.830034,0.834985,0.759522,0.757373,0.730325,0.725586,0.750817,0.755679,0.736473,0.698552,0.674486,0.626019,0.633051,0.624306,0.597433,0.579824,0.594907,0.441051,0.204359,0.197655,0.221560,0.178532,0.184681,0.194448,0.160400,0.142242,0.165120,0.151490,0.127500,0.291925,0.527378,0.557503,0.532835,0.559604,0.577065,0.594969,0.613545,0.630195,0.637244,0.687537,0.731382,0.606375,0.384568,0.362701,0.402495,0.434071,0.491729,0.510226,0.525622,0.518358,0.550829,0.598618,0.624089,0.619271,0.610165,0.631264,0.668389,0.683750,0.662438,0.820751,1.072817,1.104565,1.082788,1.077155,1.067736,1.080071,1.114706,1.081762,1.067081,1.078849,1.094217,1.100103,1.099929,1.092289,1.102864,1.122905,1.144391,0.984845,0.751631,0.736716,0.768090,0.767217,0.795130,0.601742,0.291853,0.248366,0.298258,0.316571,0.312467,0.314868,0.286306,0.291048,0.295411,0.309782,0.302036,0.306683,0.318514
0.305959,0.305219,0.298399,0.314437,0.319930,0.335125,0.322789,0.308876,0.338475,0.360400,0.346941,0.325377,0.317378,0.312937,0.304035,0.321684,0.312427,0.296866,0.301595,0.321435,0.320788,0.311676,0.319622,0.335349,0.334136,0.330171,0.317629,0.336407,0.331475,0.324734,0.318307,0.341574,0.327018,0.281406,0.433617,0.704477,0.732678,0.693627,0.673212,0.631288,0.614071,0.631974,0.616454,0.607489,0.570342,0.504002,0.617885,0.817929,0.806211,0.742134,0.741641,0.719142,0.721376,0.748066,0.721054,0.693110,0.674863,0.657405,0.617303,0.624918,0.618784,0.592268,0.578423,0.586287,0.427961,0.201187,0.198579,0.224293,0.211038,0.190335,0.181718,0.165846,0.151998,0.147179,0.152155,0.130270,0.272397,0.503730,0.529601,0.511511,0.557857,0.561453,0.545142,0.575326,0.590555,0.611072,0.634616,0.703480,0.574878,0.375716,0.362462,0.415258,0.432889,0.449949,0.489371,0.520095,0.518870,0.543402,0.600058,0.613730,0.602009,0.582163,0.606940,0.648901,0.670760,0.640928,0.811515,1.064665,1.083609,1.059071,1.065843,1.053611,1.048485,1.087364,1.066187,1.057736,1.062440,1.084026,1.080846,1.080155,1.083838,1.077578,1.085650,1.118807,0.959928,0.729429,0.721718,0.762489,0.754326,0.779017,0.598317,0.295976,0.273145,0.297072,0.324735,0.304896,0.306523,0.287097,0.299594,0.293406,0.305267,0.274314,0.292110,0.316831
0.420837,0.433761,0.417750,0.409432,0.408610,0.433401,0.436919,0.442950,0.430707,0.430657,0.439691,0.437000,0.432491,0.431997,0.435858,0.447844,0.431957,0.396893,0.419632,0.445875,0.465447,0.462080,0.442484,0.444486,0.455213,0.469851,0.469321,0.451562,0.446980,0.456528,0.471724,0.471704,0.453689,0.410276,0.596857,0.946558,0.985545,0.887822,0.853583,0.848934,0.848935,0.817058,0.789231,0.783743,0.749596,0.658871,0.862331,1.219089,1.187014,1.104003,1.106484,1.073804,1.027669,1.014257,1.020214,1.018873,0.997726,0.928850,0.919993,0.911774,0.883992,0.856367,0.854621,0.889175,0.736805,0.502690,0.458276,0.472072,0.478062,0.498199,0.494381,0.462519,0.456128,0.458866,0.436887,0.398622,0.521327,0.789465,0.870453,0.842715,0.825650,0.856908,0.879514,0.867498,0.891787,0.911739,0.948568,0.995552,0.861291,0.654002,0.662090,0.745832,0.758106,0.752940,0.766747,0.799880,0.810306,0.833935,0.875718,0.872671,0.878633,0.903889,0.954617,0.989876,1.008320,1.023327,1.116825,1.244170,1.267493,1.250353,1.248079,1.261073,1.266828,1.254328,1.286855,1.269729,1.272000,1.282279,1.281315,1.272027,1.268057,1.254118,1.259260,1.308457,1.167264,0.906647,0.905234,0.947047,0.913563,0.977595,0.783356,0.438045,0.390000,0.441194,0.425745,0.422657,0.427395,0.432406,0.435619,0.439829,0.440132,0.431963,0.416275,0.413938
0.436742,0.433282,0.423043,0.409575,0.423504,0.436861,0.433164,0.438938,0.434867,0.422370,0.435695,0.441697,0.430681,0.410340,0.439218,0.447088,0.438924,0.415151,0.429678,0.441802,0.455429,0.467696,0.447819,0.444054,0.450204,0.464255,0.485452,0.454993,0.438815,0.446428,0.464264,0.457616,0.439635,0.407004,0.614008,0.951938,0.977112,0.889196,0.847154,0.852011,0.852068,0.837065,0.792611,0.783309,0.741909,0.644356,0.845100,1.202353,1.194661,1.108233,1.099726,1.072329,1.044282,1.029654,1.029953,1.014698,0.994837,0.951995,0.939246,0.934279,0.897043,0.857845,0.860984,0.889986,0.737411,0.504655,0.488473,0.508878,0.486591,0.502378,0.505785,0.484415,0.467743,0.467850,0.443175,0.419691,0.575388,0.821293,0.883698,0.859460,0.858633,0.859760,0.861015,0.864567,0.890184,0.900592,0.927535,1.001109,0.894952,0.671028,0.659708,0.739334,0.754388,0.764884,0.781203,0.804224,0.806723,0.837577,0.898598,0.885915,0.898686,0.925098,0.971825,0.994553,1.019989,1.024935,1.112270,1.230975,1.263528,1.251195,1.241699,1.252635,1.257061,1.250869,1.267867,1.264471,1.273939,1.276477,1.273940,1.266264,1.266069,1.254015,1.259247,1.316522,1.171448,0.911699,0.909022,0.927036,0.895859,0.960365,0.780157,0.441091,0.393677,0.429317,0.418549,0.418200,0.435227,0.430285,0.430672,0.428519,0.425094,0.438644,0.427539,0.439930
0.426509,0.427600,0.440538,0.427024,0.419843,0.407960,0.414669,0.412495,0.412468,0.422391,0.435313,0.446841,0.437120,0.415398,0.420062,0.434266,0.440231,0.437397,0.434895,0.436748,0.447337,0.475929,0.479832,0.469242,0.460013,0.460429,0.477559,0.456830,0.441222,0.453835,0.452232,0.448047,0.431575,0.390871,0.596695,0.955748,0.981564,0.888266,0.844874,0.844295,0.845870,0.848974,0.798597,0.784502,0.741109,0.646955,0.838707,1.175283,1.190750,1.103320,1.100259,1.053042,1.012521,1.028586,1.020553,0.994343,0.977919,0.951923,0.938137,0.932818,0.891495,0.854417,0.880086,0.898461,0.732353,0.455808,0.451361,0.477387,0.479702,0.472252,0.464745,0.446081,0.438768,0.439565,0.430106,0.396456,0.567474,0.815199,0.864418,0.832107,0.833347,0.849923,0.870462,0.874479,0.913295,0.908809,0.915770,0.968058,0.874145,0.667016,0.640800,0.708783,0.726410,0.743991,0.769135,0.796872,0.807709,0.846913,0.897530,0.889725,0.898615,0.921174,0.965393,0.987396,1.002661,1.016231,1.102069,1.224938,1.239208,1.238149,1.224692,1.241145,1.256376,1.248126,1.252975,1.248806,1.253007,1.269798,1.280733,1.267380,1.262228,1.237060,1.239881,1.310185,1.174049,0.931781,0.918087,0.926983,0.900985,0.965497,0.787086,0.426781,0.385031,0.428801,0.420307,0.412044,0.433398,0.440341,0.427490,0.413509,0.423074,0.427367,0.415563,0.437908
0.427510,0.419835,0.431505,0.421680,0.414659,0.418779,0.408861,0.419412,0.433885,0.427621,0.445480,0.451874,0.435124,0.420047,0.423151,0.430540,0.437561,0.440705,0.435792,0.431951,0.442011,0.466586,0.465876,0.464495,0.444158,0.450380,0.466642,0.456432,0.446437,0.419175,0.436577,0.452115,0.439175,0.362367,0.579777,0.950728,0.975649,0.863187,0.832382,0.828091,0.839611,0.844641,0.786746,0.760994,0.724646,0.647522,0.840881,1.172759,1.170287,1.093510,1.098672,1.032715,0.989734,1.014173,1.014891,0.994909,0.975014,0.933779,0.917218,0.921419,0.887578,0.858817,0.876951,0.894936,0.732291,0.458466,0.424736,0.460697,0.492818,0.448945,0.427104,0.412781,0.417760,0.429999,0.413249,0.385057,0.540739,0.811735,0.855575,0.816571,0.827943,0.847877,0.871603,0.882138,0.928752,0.919079,0.890317,0.947316,0.846958,0.650541,0.626022,0.679336,0.720889,0.739473,0.759404,0.776595,0.790088,0.830630,0.879394,0.868058,0.885436,0.918358,0.966478,0.993845,1.016394,1.015570,1.084417,1.210778,1.247362,1.243113,1.229872,1.244173,1.257881,1.243231,1.254303,1.251138,1.256231,1.270990,1.279325,1.287509,1.258191,1.224281,1.245538,1.291295,1.165669,0.936300,0.931207,0.933698,0.909720,0.968121,0.783618,0.433629,0.379991,0.416939,0.411517,0.409864,0.433470,0.446259,0.414954,0.385881,0.406570,0.416015,0.410990,0.422457
0.417764,0.415799,0.423282,0.439552,0.437221,0.434215,0.432417,0.432757,0.436545,0.444924,0.454558,0.453860,0.451951,0.436336,0.427370,0.435955,0.439112,0.440020,0.454889,0.441698,0.438454,0.466799,0.465704,0.455560,0.446185,0.460553,0.479504,0.463403,0.439128,0.424202,0.452360,0.474642,0.447540,0.366248,0.590497,0.960232,0.963445,0.861244,0.851452,0.843247,0.839726,0.843825,0.797559,0.773093,0.721779,0.651572,0.851308,1.179269,1.185689,1.112042,1.106651,1.056806,1.014151,1.024056,1.016057,0.994685,0.988966,0.955604,0.939100,0.939636,0.913209,0.867042,0.875133,0.910768,0.752020,0.486152,0.469099,0.518839,0.513841,0.498392,0.472079,0.452554,0.442379,0.444670,0.445431,0.403162,0.568758,0.835853,0.878808,0.833825,0.838093,0.868753,0.896867,0.913605,0.905948,0.908373,0.912553,0.985760,0.887008,0.684931,0.656486,0.714000,0.760330,0.762540,0.769690,0.797929,0.816669,0.840339,0.867765,0.872464,0.900296,0.933408,0.977607,1.002296,1.016374,1.023397,1.075976,1.197801,1.256123,1.254338,1.242292,1.251438,1.276628,1.263220,1.262069,1.267423,1.276546,1.281244,1.288902,1.282486,1.256424,1.228797,1.273556,1.317523,1.181764,0.949775,0.936360,0.945854,0.939879,0.993666,0.801832,0.438959,0.380277,0.421002,0.415109,0.418652,0.432503,0.429338,0.419699,0.418763,0.430485,0.431853,0.422939,0.420573
0.309302,0.308281,0.305537,0.323002,0.328007,0.322190,0.328361,0.321248,0.332721,0.348696,0.340159,0.323356,0.323405,0.324024,0.316536,0.325796,0.310808,0.298144,0.315553,0.327365,0.319476,0.316647,0.328230,0.336221,0.330399,0.329197,0.327225,0.335877,0.325724,0.340017,0.318324,0.331697,0.334443,0.291648,0.441897,0.733590,0.738055,0.696808,0.690633,0.628114,0.612456,0.617917,0.608577,0.591277,0.554606,0.486975,0.603939,0.818015,0.799526,0.749651,0.743263,0.722247,0.721677,0.732255,0.720510,0.697878,0.676249,0.632075,0.610933,0.623006,0.614447,0.586172,0.581911,0.605548,0.443742,0.195769,0.191913,0.222849,0.206707,0.204054,0.195303,0.176674,0.151163,0.148388,0.154924,0.127028,0.274068,0.503484,0.527594,0.509000,0.544720,0.562439,0.550890,0.584898,0.590053,0.598883,0.620476,0.722564,0.595146,0.357748,0.348823,0.405169,0.423240,0.458168,0.476668,0.495209,0.512345,0.518825,0.563502,0.615386,0.601106,0.577628,0.599984,0.652482,0.668051,0.642242,0.802207,1.064564,1.085760,1.075098,1.086430,1.069365,1.065207,1.113668,1.081005,1.072378,1.093108,1.100268,1.095146,1.091022,1.083853,1.076162,1.102757,1.146822,0.978182,0.732976,0.726361,0.770422,0.756438,0.797045,0.607745,0.293187,0.258278,0.286918,0.316545,0.313755,0.314891,0.293202,0.308145,0.298888,0.298562,0.278150,0.310129,0.345048
0.313561,0.319524,0.313277,0.309226,0.320439,0.322495,0.329890,0.320540,0.330699,0.339195,0.340614,0.331384,0.318173,0.318211,0.326292,0.328872,0.315589,0.300199,0.312064,0.325122,0.323003,0.316914,0.324744,0.337447,0.333479,0.335195,0.346125,0.343078,0.327662,0.333977,0.319720,0.335601,0.341776,0.289760,0.431334,0.709032,0.733229,0.684541,0.663466,0.608933,0.607625,0.618561,0.584227,0.564310,0.537588,0.468612,0.575884,0.804165,0.783835,0.751033,0.746638,0.710568,0.718357,0.745486,0.705535,0.671321,0.666560,0.620473,0.592463,0.623829,0.623167,0.595640,0.584517,0.610732,0.475440,0.226054,0.201502,0.227418,0.223354,0.212777,0.196011,0.173970,0.186047,0.191053,0.181738,0.145210,0.282574,0.514321,0.543013,0.514766,0.543192,0.546305,0.531603,0.580460,0.574711,0.586506,0.635817,0.717533,0.578369,0.350054,0.355143,0.417154,0.439814,0.495160,0.483961,0.488445,0.513969,0.542380,0.562509,0.596820,0.582725,0.547481,0.585508,0.645257,0.650192,0.638432,0.798435,1.048191,1.076045,1.066999,1.089495,1.075921,1.059985,1.098351,1.069890,1.074907,1.105615,1.085582,1.080917,1.075945,1.090148,1.077881,1.089966,1.133124,0.992036,0.745513,0.725656,0.753484,0.747791,0.783055,0.601203,0.295160,0.260031,0.290383,0.302503,0.309766,0.326353,0.307612,0.306993,0.283896,0.277188,0.276424,0.295774,0.344980
0.433282,0.425225,0.411986,0.440413,0.442417,0.431617,0.426509,0.425866,0.425818,0.430662,0.446123,0.458023,0.447952,0.440208,0.436379,0.433236,0.439532,0.446909,0.448234,0.439231,0.448831,0.453885,0.454680,0.462183,0.452564,0.461835,0.475666,0.461953,0.452676,0.443461,0.455131,0.471669,0.446517,0.366810,0.575539,0.934460,0.945633,0.857813,0.839976,0.838669,0.835580,0.829208,0.791704,0.774571,0.713878,0.634140,0.832002,1.164859,1.191213,1.112361,1.097843,1.049018,1.012080,1.033098,0.995124,0.974934,0.969852,0.940477,0.934908,0.938883,0.900488,0.859786,0.870628,0.904944,0.746201,0.492910,0.459851,0.462767,0.483340,0.466569,0.443373,0.422981,0.409710,0.421529,0.424834,0.394989,0.551846,0.828105,0.879661,0.832902,0.833093,0.853676,0.872982,0.871441,0.897729,0.904257,0.901008,0.973365,0.877377,0.673474,0.633813,0.674725,0.710251,0.748445,0.763375,0.766811,0.797020,0.838726,0.851135,0.857533,0.882158,0.914617,0.954092,0.980854,0.996856,0.997752,1.065945,1.189692,1.242887,1.242431,1.237844,1.247621,1.268085,1.258546,1.253485,1.263374,1.267361,1.258192,1.268026,1.276442,1.253102,1.221202,1.235806,1.294376,1.172440,0.945660,0.929333,0.938678,0.941285,0.983378,0.780911,0.419083,0.379152,0.428199,0.410225,0.416030,0.435473,0.432268,0.411566,0.408233,0.421761,0.433497,0.421908,0.418496
0.437562,0.421497,0.410146,0.432088,0.439308,0.429251,0.429175,0.430599,0.418241,0.416004,0.438456,0.441028,0.443356,0.438407,0.458334,0.431093,0.429323,0.448371,0.456737,0.440451,0.447844,0.442813,0.448776,0.456653,0.465278,0.459982,0.461255,0.452710,0.451859,0.450950,0.445056,0.460262,0.452871,0.375376,0.576767,0.937750,0.946835,0.865389,0.867251,0.851352,0.843963,0.826887,0.785861,0.750496,0.709133,0.644398,0.847232,1.173348,1.186309,1.109413,1.096431,1.072266,1.034260,1.025077,0.989599,0.980050,0.973527,0.945421,0.923158,0.900608,0.860715,0.842748,0.856751,0.900748,0.733062,0.464833,0.469718,0.484502,0.480892,0.468934,0.448660,0.422518,0.419987,0.450355,0.441849,0.395447,0.550682,0.825224,0.870711,0.824731,0.832135,0.852417,0.858793,0.878967,0.930937,0.932900,0.908792,0.959384,0.869661,0.662739,0.630640,0.662113,0.684401,0.730215,0.766318,0.778866,0.784918,0.825017,0.846795,0.856827,0.884749,0.928233,0.951618,0.978271,0.999812,0.991649,1.072723,1.200549,1.235130,1.229841,1.246436,1.239734,1.261846,1.269102,1.255227,1.262241,1.266954,1.257050,1.265556,1.276373,1.257919,1.222290,1.224252,1.297996,1.187105,0.958276,0.910834,0.931986,0.932687,0.987920,0.784794,0.428096,0.385288,0.431278,0.415157,0.425533,0.432405,0.422786,0.413286,0.420899,0.430785,0.431308,0.439113,0.445809
0.436660,0.420660,0.401450,0.427268,0.439839,0.424782,0.421402,0.429217,0.423936,0.417758,0.428757,0.435410,0.435511,0.429913,0.435508,0.432034,0.432086,0.453353,0.456643,0.443918,0.441478,0.433890,0.431461,0.438741,0.456560,0.455568,0.445295,0.454754,0.458900,0.454397,0.444818,0.461903,0.466398,0.375365,0.577141,0.941268,0.945920,0.865309,0.887811,0.847846,0.829305,0.788392,0.766454,0.750273,0.706110,0.644755,0.845946,1.171810,1.166022,1.091172,1.096401,1.049297,1.003399,0.995038,0.978223,0.967415,0.954030,0.929630,0.914461,0.901028,0.860027,0.846599,0.888370,0.894860,0.723501,0.475192,0.461631,0.475697,0.467630,0.460570,0.440964,0.396807,0.397261,0.431767,0.430723,0.380535,0.526628,0.798013,0.842698,0.804339,0.809265,0.852479,0.852167,0.876759,0.915543,0.921680,0.928149,0.964969,0.830299,0.640658,0.632665,0.665901,0.679221,0.723481,0.773208,0.775174,0.773699,0.802533,0.836076,0.857513,0.882627,0.923138,0.945564,0.972481,0.986877,0.978611,1.069389,1.202102,1.232410,1.225902,1.252139,1.233073,1.253912,1.291659,1.254219,1.248072,1.256686,1.253787,1.259168,1.266174,1.264232,1.227635,1.216042,1.288797,1.175266,0.949999,0.913697,0.938267,0.947437,0.992826,0.785113,0.423264,0.381255,0.424414,0.413718,0.426358,0.433461,0.437614,0.428126,0.409625,0.403036,0.429636,0.436230,0.422666
0.439438,0.431098,0.409586,0.421601,0.441913,0.427134,0.434759,0.440870,0.444102,0.422746,0.432696,0.449706,0.447058,0.439542,0.443425,0.434253,0.434222,0.457180,0.450618,0.448779,0.452620,0.443434,0.436992,0.445881,0.462035,0.465864,0.450926,0.462066,0.451296,0.449714,0.456472,0.479711,0.465778,0.375709,0.589493,0.953610,0.947153,0.858482,0.884722,0.848878,0.818103,0.773802,0.755217,0.737089,0.695559,0.646746,0.846368,1.169133,1.192494,1.104803,1.074218,1.049004,1.033676,0.985726,0.973271,0.971996,0.966730,0.949438,0.920978,0.889708,0.883528,0.879688,0.893155,0.912247,0.751564,0.482759,0.464504,0.481683,0.469616,0.458322,0.445335,0.406876,0.402933,0.411185,0.412419,0.401504,0.555266,0.821865,0.844019,0.798019,0.836612,0.880439,0.875048,0.865614,0.919109,0.928174,0.951776,1.012161,0.900350,0.658172,0.641853,0.691206,0.719468,0.744978,0.771151,0.772233,0.772704,0.793621,0.825067,0.853605,0.880236,0.917915,0.943379,0.972375,0.981072,0.983895,1.084909,1.231872,1.248223,1.245525,1.276952,1.257141,1.264989,1.287698,1.277521,1.276127,1.264596,1.270748,1.281478,1.271270,1.255936,1.236970,1.249686,1.304406,1.167595,0.927721,0.915666,0.951040,0.955843,0.994647,0.783144,0.432604,0.388029,0.434489,0.421177,0.438142,0.440046,0.426266,0.429573,0.438179,0.440656,0.437100,0.440291,0.420038
0.436989,0.435233,0.425143,0.435179,0.449224,0.442814,0.445901,0.439974,0.442880,0.426892,0.428233,0.439462,0.444778,0.446835,0.429146,0.424832,0.432973,0.457351,0.444430,0.443839,0.453815,0.454277,0.446309,0.435730,0.460280,0.470269,0.464114,0.453399,0.448040,0.456793,0.464629,0.465525,0.443722,0.387621,0.599949,0.956805,0.950499,0.869132,0.876398,0.846012,0.809776,0.779026,0.750690,0.746875,0.702235,0.638814,0.829109,1.150101,1.187373,1.100269,1.067319,1.046722,1.033165,0.990000,0.973569,0.980993,0.979555,0.957424,0.919277,0.882111,0.881108,0.877639,0.890649,0.916268,0.753283,0.483515,0.474458,0.495812,0.471222,0.473078,0.471492,0.456494,0.426711,0.430036,0.438154,0.418716,0.564518,0.829257,0.848599,0.812924,0.845367,0.868780,0.874542,0.877172,0.927372,0.911852,0.946520,1.005216,0.896156,0.660783,0.639904,0.676783,0.686057,0.719139,0.755538,0.761980,0.783011,0.802103,0.821434,0.843958,0.880624,0.914745,0.940380,0.972526,0.990468,0.988107,1.072664,1.221346,1.235815,1.246213,1.277692,1.261490,1.262564,1.273877,1.270008,1.266513,1.253349,1.256615,1.265318,1.274332,1.270830,1.241222,1.248572,1.316451,1.187587,0.927590,0.914921,0.951173,0.946882,1.006727,0.782676,0.424100,0.386205,0.443997,0.416950,0.433526,0.437068,0.425734,0.431751,0.439559,0.440084,0.430234,0.427895,0.425694
0.320626,0.326260,0.320879,0.321356,0.327957,0.335331,0.334402,0.324881,0.339403,0.353965,0.349624,0.330266,0.323635,0.322042,0.323292,0.323875,0.312358,0.300709,0.317461,0.330383,0.332644,0.336103,0.338825,0.352457,0.341985,0.336182,0.327747,0.328104,0.339088,0.341898,0.326049,0.347846,0.353484,0.296329,0.438230,0.714593,0.738783,0.686129,0.661206,0.609903,0.607665,0.622781,0.581750,0.568613,0.539752,0.469750,0.576266,0.807942,0.785038,0.737969,0.733766,0.717648,0.722349,0.759249,0.708840,0.667546,0.658001,0.629853,0.599536,0.621665,0.637028,0.597466,0.563270,0.600757,0.463366,0.216871,0.184509,0.222878,0.217338,0.217584,0.202573,0.172759,0.180318,0.190477,0.178062,0.137394,0.270489,0.518270,0.541732,0.496236,0.511081,0.505998,0.524382,0.571785,0.572301,0.579890,0.634528,0.684460,0.564536,0.368358,0.359812,0.421225,0.434454,0.472795,0.480214,0.479150,0.505079,0.517990,0.550968,0.596324,0.581467,0.533477,0.575094,0.630579,0.643032,0.644199,0.818237,1.048153,1.076929,1.065556,1.093187,1.088030,1.074707,1.097357,1.077114,1.083655,1.086505,1.081441,1.078331,1.081884,1.083370,1.068269,1.095595,1.144027,0.993575,0.745129,0.736787,0.756715,0.747862,0.785495,0.602209,0.285568,0.265216,0.311594,0.320019,0.314269,0.321757,0.306996,0.312257,0.287701,0.264430,0.265154,0.284076,0.326712
0.314035,0.314523,0.307370,0.324199,0.317283,0.318478,0.327002,0.331834,0.327302,0.341979,0.343646,0.323392,0.314965,0.318117,0.321553,0.311269,0.297815,0.303739,0.322034,0.331529,0.346093,0.329259,0.327567,0.347062,0.351291,0.339565,0.331671,0.323582,0.338080,0.336630,0.321044,0.330048,0.339173,0.290617,0.426751,0.682349,0.706144,0.648791,0.632110,0.604251,0.601096,0.594657,0.562108,0.547012,0.506461,0.466153,0.587253,0.776800,0.772618,0.717015,0.722291,0.696754,0.712560,0.749519,0.700713,0.652172,0.646178,0.643234,0.605689,0.612222,0.620435,0.597078,0.575324,0.590544,0.457668,0.216106,0.173926,0.197868,0.204409,0.196521,0.181133,0.153305,0.149220,0.151638,0.159175,0.132623,0.271207,0.510002,0.541011,0.507341,0.524161,0.520700,0.515119,0.544075,0.585610,0.602637,0.617397,0.666336,0.546606,0.335281,0.348209,0.408742,0.420965,0.455065,0.459626,0.456801,0.489946,0.508722,0.541734,0.575222,0.575052,0.529216,0.559247,0.607286,0.619769,0.640291,0.802568,1.030965,1.061612,1.049776,1.066218,1.075213,1.069155,1.079466,1.067561,1.074084,1.092183,1.078610,1.066141,1.062652,1.071985,1.073457,1.086038,1.111366,0.953194,0.719656,0.716553,0.738097,0.728969,0.779729,0.596293,0.279981,0.267109,0.315606,0.305329,0.311550,0.318557,0.288539,0.298925,0.279102,0.268111,0.285436,0.303446,0.316997
0.436183,0.426483,0.426507,0.429246,0.446415,0.421283,0.443483,0.442515,0.434188,0.420000,0.428188,0.438895,0.439119,0.444376,0.438386,0.421282,0.431502,0.473140,0.454003,0.448030,0.450726,0.445878,0.434660,0.430207,0.469362,0.468065,0.449432,0.439515,0.442988,0.456881,0.464290,0.456732,0.422876,0.375576,0.588763,0.945932,0.945016,0.875212,0.876949,0.846680,0.801440,0.771399,0.739034,0.722337,0.679912,0.629720,0.818450,1.128915,1.162166,1.076282,1.041817,1.026726,1.018323,0.976734,0.951789,0.952011,0.939178,0.931269,0.899239,0.854565,0.848359,0.852904,0.843328,0.884879,0.709241,0.437352,0.436627,0.458111,0.438020,0.430574,0.417404,0.394895,0.398984,0.427796,0.417038,0.371214,0.522113,0.795053,0.831746,0.792138,0.830577,0.828838,0.840493,0.842277,0.928141,0.913829,0.923065,0.951202,0.818794,0.618269,0.616070,0.653581,0.656398,0.675157,0.726971,0.754249,0.769292,0.787530,0.817786,0.842025,0.879777,0.934484,0.948255,0.962334,0.967260,0.980529,1.073619,1.223871,1.227167,1.235693,1.277263,1.261863,1.261965,1.269519,1.272194,1.256321,1.244213,1.246949,1.260736,1.274995,1.263044,1.230295,1.238528,1.300762,1.172545,0.917937,0.905355,0.949764,0.946775,1.007301,0.778470,0.420727,0.379282,0.443307,0.417190,0.426484,0.428309,0.435615,0.437252,0.441807,0.431956,0.451525,0.428216,0.415834
0.422800,0.427942,0.448877,0.429269,0.439639,0.426781,0.434767,0.432062,0.432611,0.420174,0.425854,0.428666,0.432966,0.434838,0.426723,0.427553,0.438672,0.467244,0.454221,0.449891,0.445302,0.461119,0.447292,0.431042,0.461629,0.469057,0.445344,0.438034,0.440884,0.453568,0.457422,0.450277,0.433289,0.361147,0.584683,0.949969,0.944549,0.867691,0.869361,0.832457,0.791767,0.771083,0.747053,0.733953,0.692952,0.635709,0.825805,1.150484,1.170461,1.084772,1.050468,1.026639,1.031561,1.003480,0.956427,0.953610,0.941150,0.928694,0.899256,0.869646,0.859760,0.829371,0.809439,0.859278,0.692919,0.440074,0.435560,0.464682,0.440411,0.431557,0.418960,0.394150,0.404772,0.429675,0.416913,0.368867,0.500503,0.784732,0.828085,0.788681,0.815679,0.811272,0.822835,0.843224,0.899994,0.894005,0.926208,0.965373,0.833179,0.618981,0.616566,0.667753,0.681915,0.701767,0.739980,0.780676,0.769731,0.779248,0.822717,0.855097,0.893832,0.937505,0.938563,0.963654,0.990029,0.982615,1.072238,1.226659,1.230590,1.240225,1.271089,1.259734,1.257246,1.256375,1.269641,1.250751,1.233183,1.243321,1.263165,1.270617,1.252818,1.238676,1.256395,1.305377,1.176446,0.939577,0.912586,0.948981,0.934857,1.010001,0.783958,0.417712,0.382312,0.443708,0.419521,0.422590,0.418795,0.425751,0.442757,0.445953,0.429165,0.415740,0.433712,0.443293
0.441238,0.451892,0.466552,0.449520,0.442643,0.428889,0.433602,0.440886,0.446443,0.436437,0.439548,0.440551,0.445838,0.441509,0.433005,0.415479,0.437992,0.467400,0.460013,0.460806,0.456314,0.465348,0.453638,0.433814,0.449049,0.464618,0.460890,0.455784,0.452916,0.455912,0.460625,0.477090,0.444273,0.368089,0.592763,0.965640,0.946029,0.864600,0.888350,0.843412,0.798568,0.783285,0.762442,0.760945,0.723291,0.638100,0.820360,1.155492,1.179989,1.107577,1.079971,1.052546,1.047012,1.022243,0.980393,0.978227,0.962564,0.949799,0.920373,0.906856,0.903850,0.882685,0.862270,0.917583,0.754155,0.488393,0.472183,0.510886,0.489587,0.466436,0.464251,0.455521,0.418834,0.431438,0.438548,0.391683,0.524495,0.807769,0.856330,0.836827,0.862127,0.861554,0.885585,0.875841,0.917553,0.912149,0.954585,0.995887,0.859303,0.628116,0.643410,0.695766,0.674589,0.721529,0.758965,0.781027,0.793987,0.798557,0.824759,0.865218,0.921227,0.952308,0.941690,0.972825,1.013073,1.020744,1.105064,1.241056,1.263983,1.264828,1.285800,1.274631,1.280473,1.295749,1.296179,1.274448,1.259701,1.269596,1.290005,1.282244,1.261230,1.255986,1.287566,1.340995,1.192521,0.953203,0.937021,0.963485,0.947607,1.017175,0.799310,0.425904,0.396187,0.456915,0.423561,0.415869,0.421265,0.427428,0.443180,0.441481,0.428640,0.413605,0.428811,0.443583
0.436089,0.443870,0.452127,0.442503,0.435801,0.414409,0.427225,0.434688,0.430441,0.428553,0.447046,0.456714,0.438203,0.428497,0.423070,0.409371,0.428550,0.453792,0.445523,0.451759,0.445094,0.446617,0.441732,0.447325,0.446485,0.450597,0.452499,0.447757,0.434139,0.428921,0.445441,0.447870,0.428842,0.357576,0.581759,0.940657,0.920188,0.833535,0.855985,0.814350,0.785457,0.769680,0.739536,0.731415,0.699319,0.613764,0.783837,1.124471,1.143751,1.072444,1.047083,1.038787,1.027641,0.993807,0.947391,0.934018,0.948616,0.937136,0.895694,0.872145,0.880158,0.853288,0.826380,0.884163,0.737767,0.467896,0.444584,0.497130,0.484562,0.480140,0.483534,0.456604,0.424479,0.433217,0.438143,0.391787,0.532240,0.807276,0.841970,0.820817,0.851171,0.873584,0.872168,0.846379,0.899236,0.900060,0.917026,0.979702,0.846922,0.631682,0.635375,0.700276,0.696428,0.726463,0.747347,0.766637,0.777113,0.790572,0.808347,0.846803,0.904744,0.925377,0.918689,0.947432,0.982920,0.993938,1.080571,1.198789,1.225527,1.234112,1.249758,1.245721,1.252415,1.252361,1.266399,1.258381,1.243197,1.258030,1.258034,1.250903,1.237600,1.236676,1.259317,1.313634,1.169466,0.919309,0.906733,0.942292,0.930408,1.002714,0.783370,0.405751,0.384189,0.446373,0.419701,0.410388,0.418137,0.425489,0.430155,0.424707,0.416158,0.409404,0.410734,0.427734
0.434781,0.428745,0.442962,0.441702,0.446507,0.422725,0.438201,0.437267,0.431515,0.423175,0.437699,0.441393,0.437514,0.421817,0.427124,0.439461,0.432326,0.429493,0.446136,0.450548,0.435977,0.425953,0.445302,0.433158,0.446527,0.457145,0.450118,0.447342,0.444270,0.439418,0.439637,0.430956,0.423285,0.363067,0.575843,0.920787,0.914034,0.850182,0.856836,0.812658,0.782016,0.765712,0.739049,0.731601,0.698033,0.616379,0.790929,1.131526,1.139318,1.056156,1.051892,1.033518,1.000917,0.966318,0.919144,0.895525,0.918141,0.905918,0.878272,0.850797,0.857001,0.848478,0.816204,0.855027,0.715669,0.474648,0.471581,0.519170,0.492856,0.492584,0.463719,0.423585,0.412177,0.425069,0.438574,0.385246,0.530325,0.815559,0.857274,0.816666,0.835842,0.837737,0.826253,0.822801,0.867381,0.886805,0.900482,0.961971,0.838683,0.598954,0.607601,0.669951,0.660457,0.682615,0.727932,0.755861,0.763318,0.775754,0.800770,0.846336,0.901907,0.936707,0.920168,0.946584,0.979958,0.990768,1.062042,1.204911,1.229144,1.228937,1.231187,1.250379,1.253604,1.250657,1.268233,1.263228,1.253821,1.262188,1.264055,1.259995,1.257193,1.259797,1.258920,1.312257,1.179093,0.945089,0.902513,0.938187,0.946062,1.004169,0.778679,0.398517,0.383225,0.448233,0.411780,0.403290,0.410001,0.418213,0.426912,0.419036,0.406582,0.407235,0.407600,0.426495
0.306909,0.323844,0.300685,0.291274,0.308712,0.330459,0.325494,0.321568,0.325450,0.338664,0.344090,0.339966,0.325605,0.318025,0.322225,0.321935,0.311717,0.305847,0.319685,0.333378,0.342727,0.326746,0.319069,0.336395,0.350594,0.342346,0.338865,0.333786,0.342805,0.307300,0.333180,0.339972,0.345320,0.290085,0.420440,0.665818,0.708263,0.660935,0.621000,0.600239,0.602840,0.587374,0.576697,0.564154,0.519690,0.474023,0.597422,0.782241,0.767950,0.711086,0.729194,0.688373,0.696667,0.740413,0.696363,0.654789,0.638695,0.614654,0.596119,0.610612,0.602105,0.587418,0.575419,0.575064,0.423547,0.224447,0.189542,0.203834,0.205670,0.202486,0.191600,0.166651,0.168135,0.182989,0.156262,0.119703,0.269601,0.524015,0.547271,0.511944,0.533401,0.514936,0.513164,0.539663,0.592495,0.603806,0.629496,0.672030,0.556812,0.354911,0.359620,0.417740,0.439014,0.450005,0.455229,0.458494,0.491082,0.513297,0.554730,0.583052,0.579729,0.534943,0.564644,0.598549,0.616599,0.640715,0.803182,1.022343,1.074970,1.060916,1.079117,1.084538,1.090559,1.078763,1.078983,1.085032,1.090702,1.083141,1.077819,1.077638,1.077570,1.055860,1.067938,1.114989,0.970421,0.739096,0.723782,0.741901,0.735445,0.778747,0.600561,0.295802,0.262139,0.302786,0.314696,0.300982,0.306744,0.292900,0.306379,0.283877,0.273209,0.311376,0.319636,0.316030
0.322611,0.342610,0.319398,0.313887,0.317391,0.340292,0.341409,0.342211,0.339343,0.345903,0.337788,0.336584,0.325798,0.326912,0.349009,0.333579,0.315563,0.317412,0.337951,0.346720,0.352907,0.350119,0.336901,0.347277,0.371015,0.360772,0.349397,0.347119,0.358510,0.351823,0.350864,0.342566,0.333944,0.288447,0.425820,0.683815,0.730828,0.673806,0.632708,0.608672,0.611455,0.615842,0.593239,0.574185,0.539885,0.491286,0.606835,0.793135,0.791482,0.749732,0.745683,0.704308,0.721664,0.770803,0.728376,0.663998,0.655932,0.640892,0.631009,0.622453,0.619723,0.609590,0.593717,0.618290,0.467765,0.229609,0.191663,0.214206,0.201578,0.206525,0.198931,0.183702,0.192168,0.223705,0.213922,0.166952,0.293859,0.551418,0.581505,0.561390,0.571104,0.564211,0.550736,0.593909,0.637276,0.643211,0.665969,0.723628,0.596026,0.376065,0.381040,0.454813,0.466064,0.469126,0.478690,0.483552,0.517513,0.540156,0.584893,0.611530,0.604434,0.565648,0.597392,0.636589,0.642953,0.646894,0.815180,1.064705,1.118505,1.101712,1.108071,1.139318,1.143145,1.116579,1.122556,1.132907,1.141825,1.123615,1.115271,1.117995,1.103024,1.094972,1.129231,1.171506,1.039672,0.793773,0.762272,0.769783,0.760215,0.826382,0.636529,0.291708,0.262107,0.317602,0.336422,0.325954,0.319134,0.327125,0.329206,0.303134,0.286909,0.348436,0.361105,0.344059
0.446928,0.438353,0.452777,0.443342,0.441250,0.425284,0.427754,0.442138,0.430264,0.416173,0.435745,0.454957,0.439463,0.430627,0.433683,0.442136,0.433185,0.418572,0.450747,0.468141,0.447786,0.431538,0.453026,0.459328,0.447945,0.452321,0.460552,0.454435,0.445492,0.432976,0.443234,0.439965,0.434784,0.364155,0.569933,0.930693,0.926058,0.848960,0.855257,0.799354,0.786863,0.782947,0.758599,0.751781,0.720614,0.632619,0.811124,1.143758,1.149934,1.081468,1.083944,1.059293,1.047269,0.998410,0.939791,0.915914,0.918643,0.908036,0.896722,0.874049,0.867061,0.855364,0.827623,0.870808,0.742828,0.488763,0.491073,0.517532,0.473196,0.483885,0.494521,0.468100,0.439932,0.472219,0.498693,0.411041,0.525952,0.804887,0.856696,0.817853,0.866469,0.856836,0.841449,0.851952,0.886940,0.921964,0.925885,0.974747,0.840635,0.631256,0.656688,0.716253,0.698441,0.703434,0.744036,0.792751,0.793292,0.802320,0.834402,0.884423,0.922027,0.975174,0.953158,0.975162,1.004444,1.000638,1.087933,1.229746,1.253038,1.252371,1.260244,1.266705,1.268184,1.290590,1.300648,1.288205,1.275158,1.289652,1.285925,1.278880,1.259937,1.259725,1.290448,1.331851,1.193986,0.979862,0.918663,0.954161,0.987496,1.024401,0.794016,0.410694,0.405241,0.463048,0.434396,0.421703,0.418236,0.423157,0.446421,0.451239,0.438475,0.428447,0.418954,0.424827
0.428234,0.436040,0.463110,0.444617,0.439636,0.431547,0.425406,0.437922,0.425827,0.418788,0.439781,0.467727,0.440882,0.425751,0.430770,0.466326,0.449068,0.419794,0.444307,0.460635,0.437316,0.418576,0.437364,0.457043,0.443149,0.441143,0.463116,0.465743,0.439058,0.408814,0.439766,0.459568,0.445316,0.369098,0.574315,0.926262,0.911659,0.833452,0.826870,0.803725,0.789551,0.779682,0.749884,0.739524,0.710982,0.621280,0.802173,1.146665,1.145627,1.062819,1.076017,1.049190,1.019820,0.963609,0.945175,0.919043,0.901858,0.892686,0.887173,0.856816,0.864649,0.844967,0.829347,0.812701,0.685988,0.481826,0.482973,0.516707,0.489699,0.499217,0.483952,0.444806,0.435182,0.481880,0.477832,0.380111,0.521950,0.814546,0.873215,0.818880,0.857146,0.857135,0.851281,0.849909,0.876221,0.903259,0.915307,0.954578,0.827901,0.631499,0.638158,0.700413,0.691787,0.702987,0.738112,0.772735,0.786800,0.804021,0.852616,0.898239,0.912639,0.958054,0.934241,0.965323,1.010746,1.002750,1.077962,1.221342,1.252747,1.251990,1.258087,1.261564,1.272169,1.293409,1.301140,1.291949,1.288595,1.284835,1.283539,1.281108,1.273015,1.276947,1.277358,1.307862,1.196394,0.994935,0.935605,0.954949,0.982850,1.003331,0.788348,0.436479,0.432130,0.465041,0.428153,0.420281,0.426338,0.413056,0.435906,0.448069,0.438296,0.431479,0.428799,0.459826
0.443973,0.442901,0.464553,0.452332,0.451139,0.435588,0.427224,0.436220,0.442197,0.435900,0.445866,0.466632,0.441410,0.432065,0.447213,0.440904,0.425536,0.414572,0.454479,0.473557,0.442678,0.424466,0.430777,0.448708,0.450789,0.447748,0.460181,0.475535,0.454973,0.426514,0.452157,0.478791,0.449425,0.377199,0.582918,0.926510,0.920117,0.843128,0.829212,0.813061,0.793666,0.782246,0.753521,0.746217,0.723099,0.633663,0.815266,1.161313,1.152269,1.064753,1.070955,1.065440,1.031803,0.971864,0.962633,0.942096,0.925170,0.914102,0.887704,0.863892,0.872901,0.880164,0.865347,0.857933,0.704341,0.506117,0.489753,0.518907,0.524915,0.506554,0.477054,0.431979,0.433723,0.474541,0.471542,0.387256,0.559428,0.848928,0.880590,0.822876,0.862562,0.891166,0.876026,0.861567,0.878706,0.909514,0.938182,0.950994,0.833506,0.656461,0.655223,0.682591,0.682143,0.711189,0.727269,0.753245,0.790509,0.824491,0.873252,0.909366,0.919679,0.948482,0.931722,0.967640,1.020244,1.018083,1.095170,1.225288,1.259401,1.266942,1.278947,1.281191,1.295333,1.317361,1.302945,1.299109,1.314145,1.309779,1.293864,1.293436,1.302217,1.286863,1.287476,1.332203,1.222230,1.017648,0.963570,0.967532,0.983072,1.011215,0.793076,0.435883,0.429815,0.470818,0.435541,0.450748,0.456713,0.436907,0.437572,0.438868,0.429604,0.431489,0.430456,0.445134
0.432729,0.443941,0.464428,0.460318,0.448493,0.428520,0.430438,0.438299,0.438030,0.433056,0.424231,0.446961,0.433373,0.448213,0.455504,0.457520,0.428058,0.411580,0.446533,0.476858,0.451720,0.432519,0.429072,0.458869,0.455906,0.454184,0.454231,0.462340,0.457647,0.447913,0.454489,0.473764,0.436909,0.365507,0.568286,0.924109,0.931658,0.848456,0.833452,0.816672,0.789219,0.762996,0.762695,0.763781,0.715454,0.677904,0.870406,1.177005,1.158910,1.077655,1.083607,1.072022,1.038641,0.983750,0.962474,0.943390,0.937673,0.929381,0.903627,0.871725,0.874258,0.876916,0.841729,0.831067,0.694239,0.471962,0.453660,0.465337,0.470896,0.477962,0.461984,0.416110,0.410876,0.425152,0.417685,0.371959,0.525332,0.819085,0.852571,0.809254,0.844644,0.848502,0.856847,0.845949,0.872316,0.901838,0.915956,0.926388,0.808079,0.656305,0.656633,0.676518,0.665984,0.694935,0.724822,0.750666,0.765996,0.804421,0.879870,0.911912,0.929384,0.933397,0.935698,0.984165,1.028108,1.019898,1.099292,1.230991,1.247720,1.266566,1.307903,1.294891,1.312214,1.328547,1.311374,1.301900,1.312663,1.320237,1.314780,1.289313,1.295950,1.289251,1.289973,1.334678,1.227208,1.023778,0.980074,0.975404,0.978413,1.028993,0.818788,0.436350,0.431126,0.474499,0.443890,0.463500,0.470372,0.455977,0.442339,0.440134,0.437802,0.426445,0.428783,0.445699
0.427191,0.443291,0.493810,0.466988,0.449238,0.446027,0.456863,0.451414,0.446879,0.444136,0.429472,0.449561,0.426711,0.444644,0.463863,0.445149,0.433256,0.419899,0.447024,0.457638,0.450790,0.430520,0.430676,0.460289,0.453372,0.450797,0.446931,0.461374,0.465306,0.467444,0.466189,0.483009,0.454487,0.364791,0.570371,0.927006,0.924753,0.844329,0.837151,0.825823,0.800676,0.773110,0.770247,0.779459,0.742196,0.679997,0.858880,1.170465,1.162567,1.094644,1.099112,1.089166,1.055340,1.012333,0.980329,0.964144,0.921793,0.914072,0.916168,0.906939,0.879498,0.883637,0.863420,0.876842,0.713711,0.494375,0.494389,0.518794,0.494598,0.480709,0.460931,0.412374,0.411053,0.442127,0.444051,0.381886,0.537938,0.834897,0.863289,0.816003,0.829228,0.823365,0.837302,0.850885,0.874671,0.905123,0.933146,0.939629,0.814706,0.653013,0.662391,0.689423,0.673394,0.698677,0.726712,0.755716,0.768231,0.817820,0.887839,0.909506,0.914036,0.926689,0.948183,1.002789,1.039881,1.031275,1.109121,1.240814,1.261188,1.263596,1.299699,1.290991,1.309130,1.327228,1.320468,1.316231,1.311015,1.330545,1.317780,1.290468,1.301760,1.289408,1.301943,1.349073,1.222145,1.013922,0.976473,0.979296,0.980912,1.004862,0.793105,0.479893,0.443656,0.477729,0.451728,0.456301,0.451313,0.454745,0.445465,0.439352,0.435684,0.421151,0.415213,0.438000
0.331958,0.331901,0.315494,0.294844,0.309795,0.337289,0.333708,0.335022,0.337293,0.344403,0.340260,0.347673,0.325443,0.320085,0.345449,0.340083,0.331181,0.322501,0.334143,0.346580,0.359508,0.339890,0.325708,0.349349,0.366719,0.356336,0.342284,0.328853,0.351916,0.347685,0.351881,0.337700,0.329319,0.286926,0.432555,0.684214,0.708279,0.661179,0.630030,0.602196,0.604573,0.611476,0.588230,0.568659,0.530356,0.491931,0.594985,0.768995,0.789338,0.751785,0.732351,0.701943,0.713753,0.765461,0.706308,0.661508,0.660373,0.661795,0.642054,0.610141,0.619160,0.614974,0.579161,0.600274,0.435680,0.231844,0.192170,0.212743,0.182668,0.195050,0.206383,0.190808,0.195454,0.213078,0.200735,0.135699,0.282118,0.561612,0.588048,0.559978,0.570480,0.559952,0.550636,0.588215,0.640699,0.645960,0.660348,0.725924,0.605984,0.384657,0.378449,0.451525,0.462267,0.472321,0.483180,0.490524,0.520433,0.553900,0.579378,0.588605,0.593656,0.571920,0.598887,0.633872,0.641544,0.634786,0.793911,1.048031,1.091182,1.081601,1.092736,1.125829,1.129499,1.104268,1.099620,1.105990,1.129920,1.105735,1.107347,1.116589,1.112310,1.115519,1.134924,1.153373,1.015174,0.784998,0.753892,0.769066,0.757971,0.827063,0.661975,0.299849,0.268872,0.332774,0.345014,0.318033,0.307939,0.313494,0.308084,0.309275,0.292343,0.341530,0.353047,0.337466
0.329978,0.332007,0.314686,0.319690,0.316671,0.335665,0.333136,0.332813,0.327187,0.331044,0.325780,0.327569,0.322712,0.318883,0.342823,0.335429,0.327045,0.319864,0.337916,0.344577,0.353964,0.337854,0.334945,0.340443,0.357945,0.352298,0.343229,0.327225,0.328080,0.349166,0.349884,0.340852,0.329589,0.291388,0.429329,0.669952,0.695660,0.645075,0.611966,0.572233,0.597505,0.619235,0.597355,0.563287,0.516288,0.484689,0.589560,0.760172,0.791011,0.749985,0.731794,0.701063,0.713683,0.763115,0.726862,0.670975,0.661030,0.658621,0.632802,0.604571,0.618268,0.620301,0.576004,0.592190,0.435327,0.228482,0.185124,0.192140,0.170101,0.186658,0.203431,0.193174,0.169382,0.177655,0.176565,0.131715,0.277973,0.549689,0.579714,0.553951,0.563924,0.563998,0.569096,0.591707,0.646727,0.645331,0.643293,0.705979,0.594958,0.368076,0.364434,0.454990,0.459299,0.456720,0.476702,0.513256,0.517441,0.530158,0.568769,0.583841,0.590255,0.581946,0.623696,0.637865,0.621616,0.622521,0.795161,1.046328,1.088760,1.077919,1.091093,1.130604,1.131754,1.107479,1.109881,1.102814,1.124007,1.109849,1.123199,1.143467,1.109110,1.106645,1.131789,1.145603,1.002571,0.780470,0.760278,0.770174,0.749951,0.825766,0.673048,0.316782,0.283601,0.341992,0.352205,0.327923,0.309951,0.308721,0.324713,0.344678,0.308173,0.340794,0.352452,0.345304
0.436054,0.445052,0.504663,0.473875,0.447022,0.434927,0.438237,0.424850,0.431195,0.436628,0.449041,0.452810,0.424772,0.450913,0.469025,0.453983,0.436450,0.429441,0.443130,0.452035,0.438814,0.431993,0.436975,0.454263,0.443323,0.445296,0.442779,0.461618,0.463515,0.462883,0.472667,0.490956,0.462448,0.365756,0.561893,0.921030,0.910750,0.832516,0.831607,0.823062,0.794096,0.783946,0.781046,0.780884,0.736380,0.662871,0.838019,1.170344,1.164046,1.108183,1.104026,1.101378,1.061033,1.002243,0.993139,0.986940,0.917756,0.906759,0.906611,0.900067,0.902854,0.893081,0.848805,0.875082,0.730295,0.507059,0.506141,0.522100,0.501253,0.475393,0.458161,0.409801,0.419218,0.439508,0.422028,0.382482,0.536193,0.835263,0.858382,0.823321,0.853769,0.857565,0.866954,0.868487,0.879124,0.905891,0.940209,0.944598,0.822306,0.649077,0.655678,0.691315,0.693008,0.702472,0.741935,0.768037,0.794335,0.825175,0.879514,0.901667,0.907563,0.915032,0.951833,0.983142,1.018761,1.017228,1.112760,1.242179,1.265616,1.268743,1.301240,1.301477,1.319003,1.330153,1.312329,1.306472,1.316775,1.331003,1.308653,1.297354,1.312983,1.309018,1.298777,1.340983,1.223891,1.023135,0.981371,0.980650,0.976927,1.023036,0.820992,0.496097,0.439194,0.471697,0.456672,0.465945,0.472850,0.468764,0.453901,0.451571,0.448240,0.429887,0.400552,0.439477
0.430276,0.439962,0.496958,0.465426,0.439703,0.434871,0.456610,0.444888,0.430313,0.440539,0.471871,0.449399,0.428309,0.439279,0.462674,0.450157,0.440343,0.444534,0.453856,0.459416,0.440277,0.446716,0.440212,0.454607,0.445492,0.447386,0.441268,0.456168,0.464999,0.462809,0.467900,0.476554,0.452006,0.359160,0.557206,0.920632,0.917075,0.836821,0.827734,0.823085,0.782958,0.762898,0.763660,0.770715,0.710024,0.633571,0.802021,1.142618,1.154655,1.102046,1.107593,1.091027,1.042441,0.999279,0.995481,0.980099,0.934187,0.938906,0.928983,0.922124,0.914864,0.903416,0.892866,0.895127,0.729764,0.513379,0.493712,0.523859,0.517310,0.476051,0.443383,0.418462,0.440174,0.444870,0.421266,0.378819,0.535190,0.836585,0.863731,0.838994,0.863748,0.868792,0.871952,0.883455,0.884084,0.918460,0.965283,1.007911,0.860710,0.640223,0.641930,0.676987,0.693631,0.706328,0.745471,0.769927,0.804851,0.824874,0.862777,0.892760,0.888685,0.889119,0.927389,0.977746,1.017025,1.014756,1.101704,1.233728,1.251569,1.258117,1.299632,1.304725,1.323308,1.322720,1.290505,1.291913,1.322321,1.337974,1.305452,1.308613,1.312514,1.313530,1.315851,1.340594,1.220733,0.998348,0.968799,0.971387,0.977532,1.042559,0.835188,0.484674,0.430240,0.477532,0.460028,0.455254,0.459866,0.476566,0.451251,0.446304,0.446388,0.436398,0.435384,0.453790
0.432323,0.436765,0.474730,0.458369,0.439694,0.443402,0.451815,0.435766,0.425802,0.439513,0.455082,0.438109,0.426145,0.437456,0.465520,0.443844,0.439590,0.455325,0.461286,0.454742,0.435328,0.449602,0.453530,0.444868,0.442518,0.445551,0.443773,0.455004,0.469184,0.465404,0.466301,0.463438,0.441176,0.344996,0.546410,0.899582,0.931185,0.851212,0.832212,0.816754,0.780408,0.751613,0.758660,0.762190,0.699579,0.629336,0.792265,1.114390,1.143127,1.095008,1.095284,1.072061,1.028263,1.009601,0.993331,0.967104,0.928802,0.948058,0.924216,0.906099,0.900175,0.897302,0.891273,0.883808,0.720613,0.505701,0.496549,0.519638,0.497437,0.485330,0.457442,0.434514,0.446429,0.443771,0.431542,0.390819,0.553671,0.837990,0.864818,0.842820,0.859783,0.863110,0.867421,0.876584,0.882760,0.912299,0.952889,0.999715,0.857318,0.637401,0.635838,0.671109,0.691665,0.712270,0.739808,0.762171,0.794817,0.818530,0.836367,0.873636,0.899809,0.915382,0.942600,0.991922,1.027592,1.008138,1.088587,1.219312,1.248515,1.257271,1.300672,1.301387,1.308695,1.302518,1.290511,1.293695,1.328767,1.335472,1.300193,1.281587,1.302733,1.312792,1.305890,1.334512,1.209909,0.967071,0.946815,0.955209,0.957150,1.029311,0.832958,0.475955,0.429821,0.465794,0.450779,0.424470,0.458821,0.476981,0.461000,0.435837,0.436166,0.438592,0.437926,0.438436
0.423988,0.433962,0.471491,0.450371,0.436548,0.457844,0.449644,0.434491,0.423619,0.435922,0.452880,0.446343,0.433842,0.430137,0.465002,0.468199,0.450362,0.449380,0.444468,0.432400,0.439367,0.448714,0.447661,0.442148,0.432977,0.437240,0.447551,0.457134,0.462143,0.463056,0.471339,0.480916,0.431716,0.334656,0.550957,0.912363,0.926886,0.848620,0.849202,0.826810,0.775107,0.746292,0.759815,0.770093,0.711099,0.640750,0.792140,1.097546,1.131623,1.093776,1.106484,1.072161,1.031740,1.014853,0.993595,0.965404,0.927630,0.946882,0.944510,0.912716,0.902569,0.876105,0.863572,0.888706,0.730144,0.490228,0.504504,0.540556,0.513383,0.520365,0.492228,0.469829,0.460363,0.445647,0.435194,0.388752,0.542155,0.833588,0.863284,0.835982,0.835908,0.849086,0.870627,0.877086,0.876826,0.901354,0.940313,1.014973,0.865537,0.639952,0.634302,0.678621,0.695947,0.726990,0.744942,0.759651,0.798242,0.829469,0.850406,0.883259,0.896518,0.901873,0.947071,0.990804,1.010051,0.998863,1.106751,1.237017,1.251797,1.254064,1.313595,1.310672,1.298000,1.301119,1.315947,1.314908,1.318477,1.327858,1.310954,1.307682,1.305952,1.307758,1.313438,1.343890,1.200517,0.964484,0.961960,0.972667,0.957993,1.018353,0.830519,0.476912,0.428792,0.462249,0.459151,0.438713,0.449968,0.474002,0.478087,0.445864,0.427281,0.434616,0.452121,0.445152
0.429264,0.434291,0.451567,0.438603,0.439334,0.454558,0.448874,0.434247,0.418415,0.428657,0.449293,0.446767,0.442183,0.429478,0.456345,0.445085,0.444630,0.443036,0.459532,0.437367,0.443186,0.451603,0.451380,0.443603,0.428189,0.421664,0.440540,0.450713,0.450987,0.463516,0.482112,0.486088,0.429126,0.319881,0.525444,0.901005,0.911690,0.833959,0.844288,0.824929,0.773352,0.741308,0.746662,0.758856,0.711026,0.637118,0.791797,1.097485,1.133428,1.095446,1.108170,1.065363,1.009964,0.988610,0.983629,0.959538,0.915143,0.914189,0.905062,0.905147,0.890877,0.876453,0.884156,0.900192,0.760137,0.515504,0.499557,0.530210,0.523963,0.504550,0.477882,0.452722,0.443853,0.440836,0.418957,0.378920,0.525261,0.821872,0.850388,0.847592,0.858445,0.851088,0.864867,0.886665,0.876618,0.889026,0.944806,1.005636,0.861477,0.637581,0.635146,0.688030,0.695020,0.716417,0.737942,0.772403,0.792861,0.821307,0.850881,0.860323,0.876774,0.878557,0.940511,0.972917,0.981051,0.997833,1.116941,1.235969,1.259603,1.256505,1.298703,1.308063,1.299851,1.289709,1.289544,1.300294,1.301062,1.288929,1.296616,1.308053,1.296881,1.297034,1.307708,1.355036,1.197730,0.950116,0.950313,0.983432,0.965120,1.026076,0.819315,0.449533,0.400810,0.450405,0.452281,0.424391,0.445213,0.465454,0.473399,0.459737,0.427039,0.447765,0.454888,0.428041
0.313896,0.327120,0.316458,0.323101,0.313748,0.324375,0.330232,0.342842,0.334549,0.328936,0.330962,0.349159,0.324278,0.317778,0.335786,0.340694,0.328223,0.323923,0.338912,0.355903,0.357757,0.338170,0.324184,0.337067,0.351148,0.358631,0.344267,0.326163,0.331339,0.346038,0.344378,0.330973,0.328662,0.278324,0.424195,0.685334,0.700433,0.626813,0.606152,0.571874,0.576317,0.594275,0.581425,0.564903,0.525397,0.495329,0.600027,0.767000,0.791464,0.756383,0.729320,0.699208,0.708298,0.736309,0.711155,0.663023,0.668859,0.659200,0.633087,0.605136,0.610829,0.618345,0.602941,0.614946,0.476200,0.244989,0.184465,0.193893,0.168640,0.173792,0.189131,0.179794,0.190363,0.196399,0.171142,0.128719,0.274809,0.545936,0.592057,0.574312,0.606340,0.601000,0.599023,0.618181,0.642434,0.644341,0.645246,0.705169,0.578485,0.349967,0.386709,0.462217,0.459856,0.448926,0.475447,0.521321,0.533090,0.560586,0.594257,0.594825,0.592804,0.583819,0.618680,0.634377,0.617144,0.620273,0.797203,1.053626,1.085841,1.085181,1.105238,1.136454,1.135893,1.118276,1.114183,1.105770,1.125735,1.119242,1.134851,1.150729,1.120913,1.116747,1.138894,1.161502,1.029524,0.786386,0.769448,0.780825,0.773198,0.852498,0.675966,0.333272,0.275893,0.332159,0.347340,0.325550,0.310823,0.315072,0.326564,0.342132,0.325883,0.349040,0.357083,0.354649
0.305718,0.316116,0.310929,0.300481,0.304687,0.323164,0.328844,0.326575,0.321511,0.323252,0.331559,0.340250,0.315964,0.310238,0.333828,0.343105,0.322146,0.305427,0.324013,0.331589,0.333422,0.312415,0.327278,0.344922,0.342633,0.335910,0.330416,0.318919,0.314100,0.323868,0.333286,0.323485,0.318402,0.272844,0.404546,0.656099,0.686667,0.620996,0.588373,0.550199,0.539533,0.572110,0.565955,0.548423,0.506828,0.460789,0.577142,0.752027,0.769753,0.734172,0.709927,0.678802,0.691122,0.719751,0.697347,0.639536,0.634576,0.632599,0.604644,0.590859,0.595655,0.579878,0.558051,0.598731,0.459641,0.186949,0.161556,0.179720,0.164492,0.179234,0.197031,0.187300,0.196683,0.199598,0.174814,0.139272,0.279034,0.534756,0.590371,0.576557,0.587821,0.587226,0.591140,0.603160,0.625691,0.632005,0.635559,0.689516,0.563291,0.336587,0.371592,0.450153,0.451277,0.438214,0.461941,0.507604,0.526533,0.545772,0.574233,0.577344,0.570469,0.568780,0.601646,0.632857,0.613664,0.602301,0.770793,1.030028,1.068480,1.063785,1.079546,1.107066,1.106290,1.092881,1.097166,1.093070,1.110202,1.117811,1.108607,1.117715,1.119629,1.110264,1.116443,1.130501,1.003662,0.786016,0.764461,0.774149,0.792803,0.858178,0.673287,0.330892,0.276134,0.327917,0.343613,0.319455,0.305909,0.329977,0.328060,0.332283,0.331361,0.335621,0.339442,0.359065
0.431659,0.435633,0.458275,0.433530,0.430404,0.449292,0.448271,0.434494,0.419128,0.421175,0.444378,0.445152,0.443340,0.435322,0.439241,0.440011,0.440299,0.430438,0.450684,0.443144,0.444211,0.451419,0.457239,0.449521,0.440328,0.438155,0.444032,0.458710,0.456267,0.455380,0.458747,0.465982,0.425130,0.319601,0.516281,0.902844,0.929890,0.845364,0.832998,0.814972,0.767005,0.729655,0.730418,0.744330,0.693848,0.627031,0.796739,1.107414,1.135644,1.077189,1.085471,1.062804,0.996111,0.967600,0.978686,0.966275,0.919943,0.901974,0.880634,0.880525,0.888652,0.867790,0.859754,0.876461,0.733097,0.499434,0.496152,0.541998,0.555740,0.534970,0.494038,0.474436,0.458323,0.455368,0.447156,0.427015,0.568079,0.829155,0.868332,0.863481,0.873939,0.869652,0.875891,0.890811,0.871713,0.871117,0.947869,1.009164,0.866271,0.634879,0.620660,0.675513,0.701255,0.714948,0.724143,0.776697,0.800038,0.825256,0.850830,0.865067,0.888648,0.898217,0.934573,0.972500,0.996798,1.000572,1.093607,1.231521,1.257301,1.264208,1.302178,1.308297,1.320458,1.301232,1.301512,1.297080,1.303562,1.294361,1.300939,1.292503,1.302717,1.305814,1.303887,1.338854,1.196011,0.967028,0.958120,0.984057,0.981356,1.041021,0.828404,0.454672,0.412865,0.454999,0.463026,0.443812,0.459506,0.474193,0.475336,0.457259,0.440281,0.461221,0.467190,0.444199
0.434253,0.433226,0.445025,0.441513,0.429907,0.443927,0.444708,0.441927,0.424135,0.421916,0.443316,0.442995,0.440402,0.429172,0.411112,0.428044,0.441173,0.434275,0.473808,0.468149,0.454394,0.449943,0.439989,0.442308,0.441501,0.444099,0.459648,0.459078,0.456127,0.463403,0.432098,0.437115,0.423747,0.328131,0.526515,0.901997,0.922747,0.826425,0.823993,0.811658,0.772544,0.736636,0.734738,0.737514,0.688363,0.620797,0.806949,1.128902,1.140109,1.080127,1.103743,1.073041,0.995214,0.965826,0.956565,0.959187,0.937724,0.915086,0.893175,0.913597,0.890225,0.877137,0.872609,0.884186,0.735335,0.516645,0.512743,0.545600,0.538741,0.507693,0.490492,0.483271,0.471789,0.479810,0.485667,0.437909,0.559439,0.831201,0.862828,0.849980,0.867391,0.863407,0.871065,0.895807,0.883611,0.879615,0.935781,0.986169,0.863481,0.635454,0.614845,0.665765,0.680471,0.708925,0.730695,0.753686,0.784375,0.816301,0.848018,0.862137,0.876116,0.895494,0.929332,0.965055,1.005553,1.011569,1.091342,1.221966,1.244441,1.262419,1.299994,1.292263,1.290444,1.302612,1.299198,1.292914,1.300901,1.303825,1.304189,1.296198,1.303593,1.299959,1.306651,1.340671,1.201644,0.962385,0.962687,0.999671,0.965629,1.023103,0.826158,0.448771,0.411693,0.466971,0.468410,0.441178,0.451258,0.450535,0.461978,0.441158,0.436535,0.459455,0.466359,0.453338
0.425925,0.422682,0.431138,0.433383,0.428288,0.436828,0.445208,0.442243,0.425194,0.411940,0.423349,0.432448,0.437143,0.427105,0.429504,0.429875,0.443216,0.437760,0.462725,0.447260,0.448692,0.444034,0.439099,0.443455,0.425055,0.423245,0.444972,0.451116,0.449605,0.470534,0.437086,0.421569,0.408789,0.347558,0.550923,0.883212,0.886953,0.814958,0.816839,0.799132,0.759958,0.737815,0.746222,0.740443,0.686438,0.616062,0.797141,1.124877,1.143357,1.067756,1.064464,1.048097,0.994586,0.934851,0.934711,0.943021,0.922453,0.894613,0.878714,0.865301,0.854345,0.837506,0.843716,0.882314,0.739306,0.488162,0.491777,0.517378,0.492018,0.477361,0.457030,0.435489,0.433938,0.445547,0.450438,0.414666,0.549144,0.813206,0.849621,0.820500,0.823783,0.828654,0.844898,0.867963,0.849144,0.861458,0.912189,0.956103,0.824912,0.617149,0.611481,0.648972,0.667535,0.692797,0.726296,0.761378,0.785496,0.823802,0.836944,0.843004,0.852619,0.890677,0.921415,0.951506,0.991821,1.007886,1.092790,1.218546,1.241851,1.246983,1.269962,1.272009,1.273506,1.289008,1.306622,1.293805,1.281483,1.287704,1.290537,1.276072,1.294915,1.299297,1.298703,1.330621,1.191466,0.962680,0.957001,0.984476,0.956218,1.011309,0.821793,0.444652,0.409743,0.452857,0.451414,0.433941,0.437660,0.424964,0.440558,0.443348,0.431443,0.437469,0.451128,0.444007
0.436864,0.434744,0.442947,0.439389,0.425618,0.436384,0.459311,0.453927,0.436327,0.403624,0.410321,0.433557,0.437986,0.423374,0.422525,0.437744,0.451571,0.439229,0.442507,0.446836,0.455973,0.455002,0.432584,0.443496,0.446521,0.453154,0.450505,0.453607,0.454491,0.465178,0.454625,0.439217,0.407155,0.338104,0.562947,0.915717,0.905815,0.816541,0.815013,0.820260,0.775196,0.738127,0.748218,0.746247,0.694243,0.642706,0.815068,1.129216,1.151694,1.070785,1.067781,1.057462,1.012925,0.952587,0.951199,0.948668,0.923363,0.897610,0.884384,0.880636,0.884819,0.859442,0.849801,0.899128,0.775422,0.518462,0.490729,0.512745,0.509852,0.482260,0.453220,0.435496,0.428846,0.438803,0.441177,0.416885,0.554803,0.818639,0.856386,0.835375,0.843466,0.854197,0.864024,0.900116,0.868571,0.881052,0.937306,0.991268,0.863437,0.631740,0.634692,0.689412,0.685946,0.707829,0.739615,0.768960,0.787109,0.815953,0.860861,0.868061,0.868326,0.892779,0.920583,0.955821,0.993095,1.020279,1.106122,1.232968,1.262171,1.265334,1.264660,1.285509,1.307673,1.319298,1.329709,1.309957,1.293514,1.295335,1.315411,1.311397,1.316208,1.316807,1.325223,1.348260,1.193582,0.965292,0.957591,0.985254,0.969097,1.029949,0.827145,0.445336,0.415405,0.466187,0.453597,0.447733,0.446739,0.428465,0.434848,0.448367,0.432359,0.438451,0.452654,0.449848
0.437371,0.439021,0.440177,0.445079,0.424529,0.423165,0.451121,0.451557,0.442247,0.410509,0.408305,0.434871,0.436927,0.428538,0.420243,0.438045,0.451561,0.450952,0.463984,0.451418,0.450917,0.441203,0.442398,0.457777,0.463627,0.475770,0.460817,0.446074,0.442733,0.453820,0.438841,0.423923,0.405116,0.330972,0.546481,0.902709,0.898723,0.808827,0.813233,0.818312,0.768635,0.726357,0.727853,0.724831,0.671365,0.624597,0.808935,1.122781,1.143969,1.063869,1.046633,1.041931,1.015040,0.962123,0.958035,0.952903,0.928919,0.899017,0.888855,0.888228,0.881622,0.843193,0.845664,0.889696,0.756399,0.514874,0.470276,0.496424,0.503408,0.469197,0.427895,0.406180,0.419423,0.445373,0.447278,0.417456,0.559048,0.800170,0.854393,0.837003,0.848427,0.832912,0.844268,0.880797,0.861778,0.895409,0.951976,0.997495,0.871314,0.641904,0.643748,0.700141,0.689046,0.714004,0.736642,0.744592,0.769981,0.813382,0.838833,0.838328,0.860905,0.898074,0.928579,0.964340,0.986389,1.010894,1.093424,1.227076,1.266710,1.269206,1.263479,1.280855,1.296772,1.302841,1.296437,1.297175,1.292580,1.298869,1.306638,1.299974,1.296691,1.292828,1.306895,1.348930,1.200500,0.967746,0.946039,0.958277,0.954381,1.027110,0.827980,0.445630,0.409353,0.458899,0.441060,0.447106,0.453075,0.431634,0.436469,0.445382,0.442731,0.448328,0.454331,0.425345
0.327030,0.332122,0.314126,0.307638,0.313469,0.318801,0.328720,0.335438,0.330023,0.332719,0.337767,0.346899,0.323791,0.320484,0.348344,0.352934,0.324361,0.300328,0.328687,0.337366,0.343730,0.336699,0.333130,0.343875,0.341561,0.336781,0.330673,0.326949,0.330070,0.328107,0.326973,0.330005,0.324570,0.274502,0.408709,0.674722,0.676488,0.607761,0.600039,0.567258,0.557644,0.580090,0.569933,0.553362,0.516009,0.460814,0.583843,0.772087,0.782976,0.743847,0.720341,0.688246,0.706757,0.733286,0.721308,0.673073,0.675673,0.650834,0.634992,0.613431,0.618331,0.588551,0.585193,0.613488,0.469148,0.226706,0.205600,0.212386,0.178139,0.186230,0.222145,0.230529,0.224303,0.219386,0.195830,0.148941,0.292936,0.543265,0.602708,0.588625,0.637431,0.639399,0.619117,0.618334,0.652720,0.650753,0.653970,0.703894,0.574035,0.361455,0.380158,0.448081,0.454284,0.442896,0.467493,0.505288,0.518916,0.545784,0.573199,0.579021,0.580634,0.581036,0.634120,0.650078,0.626839,0.607658,0.784297,1.050618,1.103002,1.094101,1.114010,1.126939,1.128599,1.116887,1.111566,1.115169,1.143623,1.152792,1.129391,1.123944,1.136540,1.141897,1.145914,1.163674,1.015897,0.811922,0.784726,0.780689,0.791533,0.866048,0.682749,0.354233,0.287185,0.335379,0.351836,0.338470,0.326951,0.350683,0.339607,0.347178,0.347027,0.335116,0.341842,0.354612
0.319534,0.319131,0.312157,0.311235,0.310746,0.319998,0.334226,0.333769,0.311158,0.320011,0.338052,0.349700,0.325111,0.322428,0.345977,0.349114,0.328850,0.311951,0.317839,0.329625,0.342998,0.336753,0.331435,0.344695,0.338987,0.333058,0.312267,0.325868,0.330382,0.325876,0.305862,0.320465,0.310858,0.246848,0.392862,0.669102,0.659205,0.590159,0.582100,0.567581,0.574051,0.561131,0.547969,0.530633,0.491391,0.433599,0.566555,0.755507,0.767105,0.722111,0.694740,0.665446,0.667780,0.703716,0.694536,0.672460,0.666624,0.654092,0.629317,0.601920,0.603051,0.568010,0.571803,0.575385,0.410416,0.178441,0.185791,0.206676,0.170964,0.170362,0.185966,0.203064,0.187549,0.188530,0.185807,0.143154,0.290641,0.554859,0.604475,0.589623,0.623307,0.600415,0.590359,0.611812,0.643135,0.636254,0.632659,0.702118,0.577213,0.329182,0.368012,0.437892,0.440391,0.445302,0.479257,0.500564,0.513460,0.532783,0.560539,0.581388,0.573797,0.554972,0.603688,0.629453,0.610093,0.600273,0.771692,1.018131,1.082245,1.077047,1.103727,1.120739,1.125841,1.112289,1.108298,1.110265,1.139159,1.140159,1.113993,1.123482,1.129783,1.133416,1.133353,1.142878,0.999061,0.791433,0.784264,0.777006,0.771786,0.834919,0.669185,0.344841,0.297286,0.334918,0.341350,0.342506,0.337191,0.326904,0.328372,0.338723,0.341116,0.327432,0.330287,0.364436
0.432352,0.430539,0.434701,0.442089,0.426661,0.432959,0.459557,0.458002,0.442131,0.415800,0.418540,0.442948,0.445939,0.442407,0.439344,0.440104,0.453198,0.455364,0.468132,0.452268,0.443521,0.433965,0.436213,0.457094,0.460844,0.469081,0.455253,0.454793,0.457170,0.443556,0.422021,0.420869,0.407096,0.329302,0.538203,0.882173,0.891416,0.809574,0.808951,0.804151,0.782478,0.758398,0.720188,0.709199,0.672296,0.598441,0.799860,1.138792,1.149061,1.057109,1.044822,1.043458,1.013166,0.968189,0.957590,0.951127,0.925917,0.900844,0.891683,0.890470,0.882216,0.850320,0.855647,0.890970,0.747320,0.493680,0.478328,0.509574,0.499427,0.472538,0.447928,0.408378,0.440885,0.468601,0.452454,0.433284,0.602069,0.861067,0.860756,0.823389,0.831679,0.808455,0.826116,0.870773,0.886614,0.911481,0.949190,1.004986,0.878724,0.633902,0.632552,0.673078,0.668190,0.709658,0.737014,0.727122,0.754977,0.803932,0.826807,0.850174,0.869141,0.900759,0.897641,0.951497,0.997572,1.006567,1.082438,1.226406,1.264010,1.264270,1.258038,1.281660,1.296837,1.303513,1.305400,1.314122,1.302578,1.300278,1.305010,1.297073,1.288680,1.291687,1.305741,1.333848,1.188709,0.980656,0.955388,0.944788,0.940315,1.021234,0.826929,0.448245,0.424977,0.473865,0.454795,0.459238,0.460104,0.431750,0.432827,0.443293,0.448646,0.434208,0.452526,0.430350
0.439928,0.437281,0.432806,0.436341,0.423393,0.430317,0.457924,0.472843,0.458508,0.423303,0.417814,0.443224,0.439270,0.430327,0.431119,0.435175,0.448706,0.454281,0.463312,0.438879,0.431923,0.438801,0.436826,0.447406,0.457674,0.461509,0.442864,0.443941,0.454739,0.460319,0.424193,0.414382,0.409231,0.354004,0.556658,0.884421,0.897281,0.813206,0.802550,0.809141,0.790028,0.755950,0.709633,0.703203,0.666691,0.589003,0.777945,1.127379,1.136493,1.043367,1.026168,1.035306,1.016098,0.999413,0.973316,0.952828,0.918713,0.896290,0.888795,0.891127,0.871692,0.845478,0.851581,0.898503,0.753387,0.480064,0.463863,0.499071,0.481332,0.475610,0.451732,0.397820,0.411742,0.443221,0.427217,0.421728,0.587875,0.831363,0.825413,0.799085,0.830378,0.815815,0.827543,0.878803,0.899247,0.911033,0.943686,0.973732,0.851681,0.628541,0.611412,0.657446,0.665551,0.705221,0.741711,0.732461,0.759346,0.793582,0.823146,0.814349,0.856856,0.899585,0.904298,0.945968,1.002314,1.018817,1.091457,1.209920,1.257460,1.260720,1.269247,1.278970,1.292831,1.295489,1.279380,1.298905,1.291956,1.295087,1.304374,1.308621,1.299421,1.299070,1.310136,1.347448,1.204336,1.002682,0.955825,0.941987,0.938864,1.023547,0.824610,0.444403,0.410295,0.473792,0.464207,0.470833,0.465301,0.434893,0.444546,0.447324,0.422862,0.427049,0.442760,0.436241
0.434268,0.446225,0.438524,0.427114,0.415822,0.438793,0.458933,0.472838,0.472816,0.429223,0.424896,0.454057,0.438461,0.433294,0.442847,0.431633,0.437338,0.450195,0.440537,0.443842,0.441877,0.445369,0.440816,0.458554,0.467562,0.449056,0.441364,0.452713,0.469701,0.445463,0.431907,0.432682,0.412755,0.338523,0.552923,0.894042,0.899791,0.813816,0.796642,0.805620,0.778960,0.750251,0.722408,0.721779,0.680098,0.599541,0.786692,1.118444,1.146459,1.061283,1.040274,1.035812,1.027631,1.016159,0.986345,0.955980,0.924598,0.903654,0.901064,0.927050,0.900437,0.860441,0.875364,0.921035,0.766344,0.478951,0.464851,0.495080,0.463373,0.469891,0.455436,0.411487,0.422187,0.443805,0.426737,0.418555,0.602517,0.837870,0.840748,0.813228,0.853296,0.855465,0.844639,0.876957,0.868255,0.904053,0.937121,0.953114,0.812940,0.614422,0.614181,0.664390,0.673286,0.709951,0.745091,0.748634,0.787541,0.821153,0.837516,0.846689,0.883031,0.922663,0.916697,0.952500,0.990799,1.004420,1.092635,1.212131,1.264586,1.260248,1.261062,1.292843,1.313386,1.315044,1.315863,1.315588,1.300672,1.301524,1.312772,1.301356,1.300685,1.292602,1.316673,1.348996,1.206249,0.997539,0.942976,0.943295,0.939377,1.025996,0.830274,0.473947,0.429245,0.470860,0.455167,0.471280,0.469787,0.441044,0.442144,0.448059,0.419368,0.437022,0.451108,0.440115
0.429257,0.437708,0.432030,0.419223,0.407906,0.430051,0.432027,0.445838,0.460535,0.427853,0.427313,0.444411,0.428543,0.423388,0.427635,0.424650,0.450568,0.449714,0.433879,0.440138,0.449769,0.443653,0.440012,0.467406,0.472417,0.455325,0.450784,0.476231,0.475799,0.431517,0.415106,0.448706,0.424075,0.334813,0.545943,0.905557,0.909439,0.818977,0.813206,0.797778,0.768073,0.738368,0.718180,0.724304,0.701870,0.617622,0.797953,1.123303,1.155051,1.073084,1.058578,1.030318,1.025206,1.019557,0.982143,0.950345,0.933695,0.906713,0.900898,0.934468,0.928520,0.899981,0.915567,0.929924,0.777927,0.503065,0.481883,0.508709,0.466000,0.485750,0.476881,0.424316,0.442762,0.460786,0.434020,0.418622,0.604382,0.857966,0.832900,0.799286,0.858023,0.854298,0.833883,0.865248,0.874015,0.897956,0.927594,0.949896,0.837270,0.618257,0.612451,0.661233,0.660668,0.710739,0.754648,0.750408,0.788182,0.815466,0.831501,0.850309,0.880407,0.908574,0.909730,0.936483,0.970956,0.971931,1.071850,1.211200,1.257027,1.255185,1.266983,1.280174,1.300888,1.315702,1.313076,1.310847,1.300791,1.291949,1.289109,1.294486,1.292278,1.287398,1.307457,1.323769,1.180143,0.974824,0.920629,0.935381,0.941885,1.030716,0.824585,0.447339,0.419582,0.486146,0.465725,0.461899,0.463174,0.448776,0.439470,0.423119,0.427969,0.444574,0.438708,0.429649
0.427215,0.426673,0.419515,0.426056,0.421500,0.429954,0.413606,0.444027,0.468409,0.435423,0.424278,0.443154,0.440242,0.441941,0.446227,0.415387,0.429935,0.459307,0.464372,0.453744,0.435641,0.445030,0.447518,0.462712,0.459780,0.442388,0.448984,0.496482,0.484169,0.438166,0.416526,0.445475,0.423494,0.329693,0.537350,0.914185,0.917239,0.811371,0.819779,0.808670,0.780228,0.753741,0.715364,0.728526,0.729649,0.617832,0.804463,1.152612,1.168854,1.067460,1.065933,1.040921,1.028868,1.021461,0.990283,0.957310,0.935813,0.918954,0.920613,0.960453,0.947019,0.909171,0.906711,0.924319,0.766547,0.500468,0.489913,0.510150,0.463613,0.476073,0.464505,0.418310,0.436433,0.455913,0.427164,0.384573,0.577765,0.843907,0.824175,0.795342,0.853137,0.845585,0.832357,0.852793,0.866593,0.881269,0.908395,0.944844,0.816376,0.608999,0.596674,0.654901,0.649126,0.704323,0.760332,0.766834,0.796064,0.830438,0.839307,0.850916,0.887054,0.934840,0.919914,0.952977,0.984394,0.975351,1.067915,1.215952,1.236931,1.246127,1.276364,1.284406,1.311604,1.325089,1.306637,1.306865,1.317420,1.307949,1.301801,1.305516,1.301263,1.294717,1.308403,1.330775,1.192943,0.978311,0.939159,0.956302,0.950572,1.038463,0.823314,0.453664,0.421430,0.481945,0.462725,0.454799,0.463774,0.455565,0.443824,0.436118,0.455986,0.436344,0.431982,0.426394
0.316515,0.323885,0.332663,0.323223,0.314268,0.327807,0.328949,0.327260,0.313488,0.321303,0.338084,0.352082,0.337226,0.322818,0.342086,0.348977,0.326532,0.326670,0.322067,0.329284,0.325113,0.341217,0.338112,0.327229,0.334210,0.331221,0.306836,0.324158,0.342197,0.339610,0.316695,0.323476,0.300240,0.223561,0.379069,0.663068,0.663333,0.594214,0.582666,0.564306,0.581133,0.577217,0.538205,0.510122,0.495626,0.445339,0.573337,0.769751,0.781993,0.712738,0.695304,0.673479,0.694120,0.723875,0.712289,0.681184,0.674291,0.653783,0.631887,0.604471,0.607575,0.562329,0.564053,0.582045,0.427964,0.197338,0.200025,0.210437,0.184927,0.184489,0.177216,0.190715,0.177298,0.173842,0.184171,0.146394,0.290357,0.544080,0.603642,0.588157,0.599160,0.562223,0.562862,0.594164,0.617544,0.607185,0.632196,0.716058,0.571758,0.332947,0.357096,0.427183,0.412500,0.429714,0.444399,0.498264,0.509827,0.526565,0.552716,0.578608,0.564698,0.546091,0.590536,0.617972,0.614317,0.607610,0.768909,1.026056,1.074011,1.063301,1.092880,1.119785,1.121210,1.100367,1.106260,1.114759,1.132716,1.143108,1.131185,1.125431,1.123968,1.124819,1.131569,1.146792,1.000349,0.803294,0.796845,0.801701,0.785779,0.842063,0.665509,0.335149,0.288833,0.332778,0.335165,0.337739,0.341309,0.343615,0.328933,0.337419,0.330744,0.319894,0.325625,0.359629
0.305799,0.320294,0.314699,0.314300,0.313655,0.318696,0.331683,0.329500,0.311344,0.321233,0.340348,0.355081,0.349220,0.337055,0.351556,0.350167,0.325635,0.330603,0.322080,0.332169,0.352264,0.356128,0.340942,0.315136,0.337046,0.325722,0.307782,0.324866,0.349704,0.339721,0.317267,0.319163,0.299858,0.230756,0.384037,0.658802,0.679630,0.603715,0.590374,0.570852,0.581659,0.578241,0.542044,0.512258,0.494501,0.450076,0.578193,0.775028,0.780218,0.723150,0.705177,0.678664,0.675570,0.734435,0.728605,0.702243,0.663844,0.652382,0.639234,0.608807,0.592749,0.565159,0.567745,0.596265,0.441348,0.193610,0.192355,0.217312,0.173899,0.162616,0.159561,0.139690,0.149881,0.172336,0.194084,0.142107,0.288612,0.548429,0.608029,0.623094,0.653333,0.587860,0.583985,0.634297,0.626412,0.609958,0.660147,0.731930,0.595002,0.350849,0.379781,0.428448,0.408377,0.445527,0.458675,0.490598,0.521150,0.545475,0.576849,0.593074,0.578160,0.550053,0.592004,0.623860,0.633463,0.620137,0.774196,1.024875,1.075415,1.069657,1.093638,1.113214,1.114319,1.106160,1.105911,1.110474,1.137747,1.136788,1.124740,1.131284,1.121849,1.129675,1.149036,1.166664,1.018337,0.806239,0.794899,0.806460,0.814301,0.844334,0.660343,0.329503,0.290535,0.334692,0.341573,0.350246,0.353598,0.343829,0.330877,0.337237,0.335823,0.334637,0.339784,0.373233
0.427910,0.412353,0.417586,0.429456,0.430270,0.436430,0.416071,0.437243,0.462426,0.437729,0.428175,0.441517,0.438814,0.438809,0.446027,0.418865,0.438207,0.462104,0.446342,0.445369,0.455434,0.450102,0.446993,0.452868,0.455803,0.443578,0.450529,0.498594,0.488304,0.454630,0.419078,0.445012,0.432897,0.338993,0.526807,0.899993,0.928221,0.856208,0.822947,0.801918,0.788495,0.779488,0.732026,0.742060,0.735338,0.642012,0.806443,1.153668,1.169885,1.091899,1.092398,1.053755,1.021671,1.025925,1.005705,0.970936,0.935763,0.917476,0.917948,0.948902,0.948945,0.925241,0.911961,0.934316,0.792232,0.536844,0.529497,0.543684,0.474563,0.494199,0.493021,0.458999,0.466762,0.483680,0.483548,0.424520,0.590466,0.841390,0.843691,0.818938,0.869281,0.859114,0.853804,0.889489,0.886665,0.891351,0.922168,0.959460,0.827520,0.624864,0.611512,0.657172,0.650956,0.697401,0.755227,0.765853,0.796490,0.827994,0.841963,0.860073,0.899564,0.932890,0.914085,0.958465,1.009723,0.987657,1.080619,1.212806,1.244786,1.250351,1.275945,1.280646,1.310408,1.330112,1.331960,1.325713,1.320035,1.306769,1.309004,1.321858,1.321422,1.300328,1.328418,1.345434,1.202009,0.978293,0.939728,0.964085,0.962497,1.037089,0.812540,0.429984,0.423108,0.490059,0.466117,0.441602,0.461710,0.456272,0.449906,0.438929,0.435516,0.440971,0.447276,0.439392
0.457244,0.447216,0.450946,0.453291,0.446642,0.453999,0.433833,0.452997,0.495261,0.464913,0.462701,0.472638,0.450729,0.450111,0.461832,0.436835,0.455369,0.477083,0.456316,0.448376,0.467164,0.455715,0.458620,0.476187,0.488512,0.470095,0.474225,0.495048,0.496058,0.488415,0.449803,0.456068,0.434888,0.367619,0.570860,0.944608,0.962087,0.865093,0.827435,0.810408,0.812634,0.804033,0.756810,0.762755,0.756163,0.661919,0.836957,1.190946,1.204967,1.137709,1.140161,1.103795,1.067520,1.061963,1.042405,1.023382,0.990998,0.969111,0.977881,0.987293,0.996769,0.981766,0.962196,0.989111,0.836011,0.601681,0.562660,0.581731,0.544524,0.551576,0.561440,0.533805,0.504365,0.509563,0.494371,0.458044,0.625265,0.895502,0.886939,0.851124,0.903225,0.900083,0.896897,0.922161,0.925148,0.931589,0.969935,1.000440,0.861647,0.651423,0.640568,0.695773,0.686689,0.727252,0.796786,0.828170,0.831910,0.856755,0.891262,0.897132,0.935837,0.967293,0.970951,0.994025,1.032729,1.016059,1.110640,1.250410,1.282321,1.281420,1.318847,1.334404,1.357580,1.378349,1.378578,1.381097,1.362351,1.347469,1.370190,1.378911,1.369735,1.353027,1.381098,1.380892,1.232469,1.013877,1.012081,1.014336,1.016165,1.078711,0.847643,0.445997,0.440589,0.510532,0.483803,0.452994,0.472374,0.471771,0.470250,0.461566,0.455968,0.473041,0.462294,0.488055
0.459379,0.452994,0.469661,0.470088,0.471892,0.459557,0.436800,0.455732,0.482370,0.459766,0.455677,0.470349,0.464827,0.469520,0.455307,0.431278,0.454949,0.472806,0.459780,0.458751,0.481171,0.461873,0.452555,0.464639,0.469938,0.459298,0.467457,0.480123,0.476439,0.461354,0.440620,0.451816,0.446203,0.358341,0.549791,0.934953,0.940639,0.845567,0.830264,0.796455,0.800703,0.814679,0.767882,0.753108,0.742263,0.661425,0.842795,1.194850,1.225800,1.166070,1.136664,1.103057,1.074096,1.062037,1.032228,1.015780,1.005170,0.973325,0.962526,0.976253,0.973250,0.954331,0.940187,0.978232,0.818135,0.579466,0.547650,0.566828,0.529848,0.543494,0.546797,0.504250,0.505851,0.519198,0.496940,0.439622,0.619207,0.921131,0.916963,0.890428,0.911443,0.895903,0.892298,0.934868,0.950033,0.946736,0.974713,1.012923,0.881061,0.658286,0.671869,0.713359,0.697798,0.737480,0.804827,0.839517,0.843829,0.869185,0.926057,0.927915,0.947467,0.993399,1.003612,1.007956,1.026168,1.007779,1.096029,1.251957,1.284888,1.276945,1.314168,1.333514,1.352181,1.365349,1.355039,1.359449,1.359025,1.338200,1.351350,1.376067,1.351834,1.353769,1.377062,1.364635,1.219712,1.001372,0.975058,1.018756,1.036081,1.086898,0.845398,0.487143,0.463904,0.521323,0.481831,0.463427,0.478857,0.466287,0.477116,0.467081,0.476807,0.477237,0.477513,0.466352
0.481650,0.476380,0.456433,0.484098,0.493595,0.462964,0.454647,0.472465,0.485665,0.462106,0.456039,0.470978,0.477118,0.483332,0.449710,0.456106,0.477858,0.492701,0.479492,0.468395,0.473432,0.464359,0.469456,0.465854,0.471358,0.456116,0.460799,0.455683,0.455483,0.456432,0.436633,0.453990,0.473998,0.368504,0.543360,0.928376,0.934413,0.841008,0.830222,0.802305,0.809192,0.830043,0.783319,0.752636,0.734277,0.661089,0.851063,1.191813,1.221804,1.155179,1.139202,1.103416,1.085186,1.063763,1.049711,1.047387,1.019495,0.975778,0.960160,0.963923,0.966591,0.945208,0.918458,0.968820,0.809719,0.546021,0.542809,0.578973,0.554677,0.559691,0.562492,0.538637,0.508864,0.527333,0.534274,0.447885,0.601389,0.916859,0.942477,0.918296,0.922459,0.922408,0.932680,0.970519,0.992006,0.996095,1.019668,1.072735,0.922438,0.681967,0.675474,0.730478,0.747450,0.783132,0.835963,0.861946,0.855936,0.880017,0.940856,0.948138,0.952560,0.993882,1.009756,1.027434,1.041235,1.018118,1.109278,1.268004,1.286761,1.289278,1.314752,1.346171,1.355477,1.374357,1.347718,1.344357,1.365799,1.354544,1.358178,1.365074,1.348818,1.356508,1.389307,1.387051,1.225157,0.998827,0.984251,1.024060,1.050797,1.094061,0.850105,0.491889,0.495760,0.549789,0.504123,0.469385,0.469439,0.473200,0.515266,0.515149,0.487752,0.501522,0.478178,0.458782
0.493375,0.511096,0.476815,0.499625,0.489117,0.481978,0.487274,0.494300,0.490155,0.466519,0.472426,0.497361,0.493336,0.487704,0.468468,0.469583,0.456397,0.466853,0.504559,0.494552,0.476982,0.464120,0.455876,0.468253,0.464419,0.455124,0.450570,0.453754,0.455213,0.467852,0.459878,0.458480,0.468377,0.367393,0.548348,0.933110,0.928452,0.842248,0.833679,0.811855,0.811782,0.842113,0.791093,0.759912,0.742555,0.674695,0.868690,1.195814,1.216503,1.146750,1.138096,1.121474,1.087356,1.058819,1.065382,1.043174,1.006403,0.970752,0.981232,0.978453,0.981325,0.941988,0.917486,0.969349,0.826454,0.561442,0.548964,0.577257,0.548228,0.552328,0.567632,0.560877,0.515555,0.519201,0.541325,0.498352,0.645451,0.939071,0.975167,0.944068,0.955318,0.963891,0.989521,1.000235,0.984355,0.999358,1.051386,1.092671,0.930818,0.702117,0.687451,0.763726,0.820123,0.826645,0.838541,0.859370,0.867462,0.891009,0.928985,0.936126,0.949082,0.989426,1.008761,1.052504,1.068600,1.037403,1.119710,1.264616,1.288689,1.287570,1.306885,1.340458,1.366828,1.390745,1.369872,1.350306,1.353238,1.365088,1.367972,1.368341,1.363656,1.370288,1.389586,1.397639,1.241264,1.013888,1.009941,1.041863,1.068549,1.093785,0.857701,0.483275,0.483144,0.544034,0.509729,0.498023,0.494962,0.483964,0.533444,0.537909,0.505758,0.511254,0.508058,0.489996
0.314474,0.317550,0.316349,0.321205,0.323217,0.336221,0.346736,0.337710,0.312181,0.336214,0.357943,0.353791,0.360442,0.347140,0.357421,0.362326,0.337496,0.342711,0.342291,0.345781,0.335146,0.344088,0.341363,0.344815,0.349219,0.327555,0.310278,0.332625,0.349820,0.332226,0.329790,0.333079,0.302189,0.231101,0.390680,0.662636,0.680141,0.618358,0.598905,0.592623,0.609135,0.585567,0.554887,0.520789,0.506024,0.456156,0.587988,0.778790,0.776517,0.724079,0.711601,0.691771,0.690147,0.751031,0.742431,0.710398,0.671936,0.664583,0.661429,0.631391,0.611881,0.580072,0.582170,0.607092,0.452452,0.213836,0.215271,0.230888,0.197022,0.187142,0.189813,0.186603,0.176852,0.193450,0.226631,0.191620,0.330042,0.566831,0.626933,0.630289,0.636100,0.607576,0.606924,0.657428,0.637654,0.620904,0.673417,0.752268,0.620929,0.379694,0.391356,0.435356,0.423512,0.465303,0.475972,0.495680,0.533985,0.543860,0.557856,0.589581,0.584976,0.557627,0.600466,0.642544,0.644870,0.628224,0.778052,1.042038,1.082152,1.069026,1.100383,1.119744,1.125857,1.126215,1.127927,1.142274,1.150251,1.154959,1.133014,1.134047,1.135609,1.135527,1.153116,1.165682,1.034234,0.817268,0.804920,0.817266,0.816613,0.832332,0.657718,0.333283,0.298010,0.344742,0.341621,0.361309,0.364441,0.352037,0.342917,0.340458,0.333578,0.332063,0.355111,0.374822
0.348138,0.358777,0.341024,0.345920,0.354775,0.367498,0.362475,0.350267,0.346556,0.368112,0.382289,0.379395,0.386624,0.384131,0.368981,0.359197,0.356125,0.383401,0.374454,0.363267,0.371069,0.366015,0.358382,0.363515,0.369917,0.350736,0.328193,0.348000,0.366364,0.358449,0.344906,0.344738,0.320177,0.246536,0.415507,0.702708,0.713099,0.644025,0.628042,0.633925,0.640592,0.632543,0.583558,0.549837,0.540846,0.498040,0.619918,0.818292,0.826055,0.794889,0.784065,0.751400,0.751368,0.810986,0.812174,0.776587,0.744122,0.717363,0.708221,0.706247,0.666870,0.627390,0.642445,0.678023,0.518974,0.278860,0.248182,0.270729,0.232789,0.215808,0.221255,0.262891,0.262419,0.269076,0.278227,0.248732,0.391840,0.620462,0.676928,0.701789,0.709160,0.668264,0.684330,0.729901,0.701678,0.677355,0.728196,0.801872,0.675840,0.422164,0.433966,0.492199,0.468910,0.518960,0.542410,0.533091,0.570911,0.592168,0.627696,0.647391,0.636920,0.620845,0.637345,0.681434,0.700137,0.672364,0.827762,1.104037,1.144699,1.126880,1.166825,1.182447,1.191159,1.198258,1.197567,1.217868,1.218367,1.206182,1.211101,1.201339,1.192896,1.192262,1.216031,1.231685,1.089043,0.860872,0.859284,0.858713,0.854023,0.874612,0.696838,0.356803,0.328022,0.371880,0.369907,0.376686,0.384821,0.370133,0.369870,0.366214,0.353108,0.353100,0.394870,0.406988
0.507816,0.516861,0.497747,0.505989,0.501694,0.497662,0.498564,0.497901,0.496499,0.470405,0.470592,0.499247,0.504888,0.487457,0.485397,0.463135,0.458306,0.486166,0.509375,0.500953,0.475172,0.465963,0.454509,0.468997,0.461658,0.458165,0.464566,0.451686,0.442563,0.457752,0.460886,0.467155,0.472065,0.376519,0.567168,0.932992,0.928109,0.840046,0.843375,0.813874,0.808354,0.833959,0.800557,0.782192,0.758100,0.684160,0.884209,1.210494,1.251821,1.180438,1.162095,1.166682,1.125486,1.084948,1.083442,1.075679,1.031436,0.999351,1.019744,1.016208,1.012518,0.990283,0.971311,1.016556,0.875156,0.631109,0.601170,0.614386,0.611858,0.616482,0.621978,0.613131,0.554086,0.559764,0.589754,0.560490,0.742247,0.976570,1.015509,0.979658,0.977993,1.005296,1.045340,1.054840,1.042808,1.049575,1.106122,1.109233,0.956305,0.745414,0.750659,0.853636,0.907825,0.894566,0.907722,0.936463,0.919245,0.936721,0.985144,0.993268,0.997155,1.017897,1.029381,1.066510,1.085785,1.072412,1.138075,1.279297,1.309639,1.311615,1.332699,1.355068,1.370241,1.389954,1.382099,1.376534,1.368608,1.361295,1.355739,1.377434,1.379947,1.392852,1.397132,1.398366,1.254346,1.032813,1.021904,1.066298,1.070586,1.104023,0.878052,0.532267,0.522931,0.554702,0.513160,0.501093,0.499398,0.491085,0.542861,0.552997,0.523962,0.535186,0.522275,0.472988
0.487754,0.493047,0.480354,0.489804,0.484685,0.487707,0.499429,0.484785,0.475677,0.469544,0.473882,0.486757,0.489003,0.484730,0.503658,0.455275,0.448756,0.492030,0.498919,0.488334,0.457868,0.457068,0.440869,0.453630,0.457030,0.454555,0.455858,0.434299,0.418569,0.435649,0.450748,0.459652,0.453997,0.368707,0.567214,0.914035,0.911178,0.830273,0.841854,0.809518,0.792617,0.800856,0.783730,0.768507,0.730320,0.668637,0.874158,1.181153,1.193432,1.112359,1.118432,1.124720,1.084628,1.052900,1.048033,1.035697,0.967134,0.959488,0.985592,0.976576,0.979824,0.956089,0.940065,0.978043,0.843718,0.600470,0.577164,0.595339,0.569231,0.588926,0.615205,0.593280,0.558607,0.562176,0.578222,0.552840,0.697559,0.944848,0.992062,0.945877,0.940818,0.972097,1.004785,1.017507,1.023614,1.029832,1.063703,1.077732,0.934905,0.721924,0.734775,0.818465,0.857025,0.847693,0.865501,0.918726,0.897008,0.919275,0.971660,0.959564,0.953869,0.982248,1.001421,1.035351,1.049703,1.044222,1.126572,1.249463,1.278428,1.276952,1.301160,1.310588,1.334646,1.364283,1.366615,1.362163,1.354193,1.335484,1.325540,1.344871,1.357995,1.363412,1.364970,1.383493,1.242587,1.017547,0.999740,1.038130,1.047232,1.086195,0.865270,0.528662,0.500345,0.533347,0.497042,0.493463,0.497968,0.485078,0.527429,0.535603,0.520468,0.523286,0.514865,0.502221
0.487934,0.475877,0.477024,0.496914,0.496414,0.487521,0.500497,0.493684,0.477983,0.475449,0.481375,0.492520,0.503996,0.501547,0.491110,0.457473,0.458621,0.499343,0.496404,0.490580,0.487900,0.466697,0.448939,0.470041,0.465881,0.457247,0.458734,0.449910,0.436525,0.442124,0.450977,0.464460,0.451039,0.367260,0.564912,0.916681,0.924921,0.849032,0.865268,0.834120,0.815901,0.803723,0.802446,0.791189,0.732251,0.667969,0.881928,1.212897,1.227180,1.152868,1.144342,1.133922,1.088252,1.042279,1.040491,1.019318,0.943036,0.966056,0.971308,0.943409,0.951641,0.952077,0.935874,0.957953,0.837097,0.590838,0.563755,0.579513,0.544304,0.552661,0.570817,0.550867,0.529371,0.551082,0.552018,0.522547,0.690289,0.947042,0.995417,0.953818,0.967042,0.983477,1.012044,1.001537,1.004164,1.020472,1.071691,1.086504,0.956745,0.758227,0.761451,0.831810,0.856737,0.853327,0.860686,0.914008,0.918712,0.948345,0.983302,0.951956,0.961956,1.013142,1.031650,1.060017,1.074614,1.072620,1.147760,1.265047,1.317265,1.302210,1.314112,1.326394,1.361568,1.390751,1.376317,1.357816,1.358085,1.361467,1.353160,1.366697,1.375873,1.381601,1.387068,1.422206,1.264789,1.024413,1.000525,1.033822,1.056011,1.086859,0.866378,0.520717,0.476370,0.520404,0.499057,0.494768,0.503380,0.514113,0.530867,0.528133,0.506818,0.524853,0.522482,0.484352
0.491305,0.485210,0.463112,0.485405,0.494918,0.480114,0.508444,0.508153,0.470194,0.467102,0.488297,0.503344,0.497898,0.495560,0.509052,0.466262,0.456937,0.477797,0.484190,0.480414,0.466509,0.462527,0.459742,0.482708,0.463067,0.452853,0.467129,0.463415,0.451363,0.452639,0.449700,0.461341,0.434455,0.369780,0.562055,0.902910,0.918501,0.853144,0.859392,0.835731,0.822142,0.805940,0.799341,0.783915,0.725290,0.658781,0.883948,1.214294,1.205359,1.125271,1.133484,1.136458,1.093424,1.051345,1.054102,1.032705,0.958392,0.996066,0.989799,0.979174,0.981516,0.964315,0.938704,0.956149,0.827794,0.586351,0.558380,0.594969,0.574890,0.573716,0.580699,0.565797,0.529875,0.534974,0.551035,0.526165,0.692445,0.954025,0.997134,0.944595,0.957804,1.000274,1.017446,1.005191,1.011494,1.034924,1.051672,1.087876,0.972062,0.766975,0.758919,0.830151,0.858249,0.857014,0.858304,0.901271,0.916658,0.945687,0.952390,0.953968,0.965859,0.980406,1.010959,1.058730,1.091955,1.082457,1.141557,1.258233,1.296247,1.293383,1.310912,1.331843,1.379076,1.393777,1.397210,1.365704,1.348509,1.369011,1.379090,1.359493,1.372197,1.375362,1.388515,1.427341,1.269149,1.031048,0.998326,1.029904,1.042673,1.066639,0.867594,0.520443,0.468657,0.513967,0.490050,0.488626,0.487015,0.503094,0.526749,0.529076,0.515833,0.521046,0.515410,0.479390
0.488625,0.481133,0.483967,0.494816,0.494029,0.481874,0.509430,0.516408,0.475488,0.476397,0.503023,0.498999,0.487224,0.493777,0.504915,0.469356,0.461059,0.474216,0.484365,0.476788,0.456324,0.450151,0.448103,0.472167,0.462872,0.457394,0.466587,0.460121,0.473682,0.466733,0.451392,0.441609,0.426018,0.361482,0.563529,0.926905,0.929882,0.865965,0.868040,0.855052,0.827730,0.818324,0.805674,0.801758,0.742589,0.670956,0.892243,1.215032,1.207717,1.130141,1.127749,1.132202,1.102963,1.080941,1.101931,1.053910,0.978002,1.007598,0.998072,1.000380,0.995843,0.978893,0.953802,0.974644,0.840681,0.592738,0.559724,0.604457,0.595447,0.599724,0.581309,0.567379,0.537908,0.555820,0.558838,0.540742,0.716148,0.975539,1.016025,0.977011,0.986737,1.015630,1.028684,1.040799,1.052917,1.054949,1.069984,1.100412,0.990649,0.796356,0.780316,0.850342,0.871440,0.886667,0.873724,0.894031,0.937643,0.961543,0.953720,0.958429,0.973733,0.981861,1.024482,1.061005,1.081057,1.075583,1.147335,1.265089,1.280915,1.297119,1.333021,1.334885,1.362582,1.400226,1.405183,1.372176,1.364446,1.384096,1.388285,1.354604,1.368535,1.382576,1.393404,1.434431,1.276903,1.033396,1.005995,1.040449,1.048429,1.096036,0.878878,0.498312,0.458189,0.511574,0.494358,0.499733,0.492409,0.497209,0.520343,0.523688,0.509607,0.507751,0.515819,0.509943
0.337743,0.350149,0.364523,0.355242,0.370649,0.368337,0.367350,0.356984,0.353940,0.367850,0.379656,0.374485,0.369617,0.360427,0.369212,0.378188,0.358462,0.376782,0.374040,0.354621,0.364627,0.373001,0.367773,0.357166,0.362860,0.346206,0.326339,0.339143,0.369183,0.360550,0.337008,0.333956,0.315914,0.248853,0.404002,0.691870,0.717071,0.657439,0.642420,0.628215,0.631660,0.626163,0.586078,0.562727,0.548097,0.503326,0.607921,0.820949,0.839894,0.812012,0.803009,0.744991,0.754262,0.814974,0.809886,0.774483,0.740943,0.714891,0.707820,0.699788,0.677239,0.661340,0.652896,0.680302,0.533346,0.276460,0.224461,0.249741,0.217730,0.197495,0.195251,0.225731,0.230497,0.240873,0.255692,0.226312,0.396072,0.671893,0.705172,0.691104,0.698702,0.650667,0.666511,0.717912,0.690694,0.659021,0.704433,0.807374,0.684384,0.406882,0.415422,0.473695,0.446261,0.506847,0.539119,0.526943,0.567733,0.614116,0.622586,0.624285,0.617427,0.612177,0.630223,0.672528,0.715764,0.683083,0.824185,1.112967,1.119521,1.108569,1.149787,1.187015,1.180781,1.182174,1.185317,1.206916,1.200222,1.192961,1.186426,1.189702,1.185200,1.174430,1.197090,1.244298,1.093617,0.848919,0.843896,0.845704,0.855357,0.890607,0.700236,0.346281,0.317557,0.363497,0.375707,0.376722,0.383481,0.361761,0.362673,0.358203,0.344380,0.357983,0.388237,0.392689
0.353960,0.364945,0.368974,0.358726,0.362474,0.352802,0.347786,0.349707,0.364387,0.355281,0.369119,0.369610,0.353656,0.354656,0.367239,0.361663,0.337591,0.372397,0.380332,0.363829,0.364528,0.359031,0.362701,0.352898,0.338497,0.332616,0.331820,0.344797,0.363612,0.354573,0.338232,0.331320,0.318090,0.255270,0.413137,0.680620,0.699204,0.639208,0.632238,0.622889,0.624335,0.627455,0.580600,0.579879,0.573677,0.497895,0.619714,0.857456,0.864241,0.821888,0.824022,0.777390,0.798230,0.823101,0.800454,0.794408,0.777173,0.721176,0.702081,0.727601,0.718501,0.711323,0.707508,0.726359,0.579680,0.335824,0.292501,0.296254,0.249468,0.279739,0.280662,0.305227,0.327447,0.342040,0.329854,0.295267,0.399475,0.600031,0.639730,0.666132,0.712011,0.690870,0.700558,0.712351,0.697134,0.697585,0.755460,0.809277,0.686411,0.461577,0.453118,0.504357,0.507596,0.539445,0.555946,0.582535,0.635866,0.676967,0.668780,0.662875,0.665665,0.648042,0.650499,0.685264,0.729577,0.717543,0.856152,1.092302,1.118009,1.112607,1.139879,1.149298,1.166488,1.188262,1.196838,1.202902,1.197317,1.182617,1.182080,1.188631,1.190616,1.166469,1.206288,1.259417,1.103776,0.846591,0.849942,0.858270,0.851518,0.897445,0.704291,0.369827,0.339305,0.381629,0.390103,0.379633,0.379427,0.360064,0.371013,0.372234,0.372466,0.387376,0.391656,0.394172
0.495594,0.476286,0.485232,0.485820,0.485143,0.480810,0.500759,0.509188,0.473263,0.467320,0.491634,0.489947,0.483926,0.485717,0.489232,0.458901,0.455334,0.483646,0.486737,0.487852,0.461668,0.451528,0.450311,0.457432,0.454232,0.449833,0.467870,0.472187,0.463189,0.443953,0.444069,0.442236,0.420244,0.355688,0.560479,0.905963,0.921385,0.857357,0.853900,0.843665,0.818344,0.791968,0.805440,0.806915,0.742904,0.656648,0.880991,1.207174,1.231046,1.146526,1.118580,1.122769,1.105951,1.091743,1.078093,1.044183,1.007010,1.007743,0.989389,0.982032,0.999416,0.984374,0.954898,0.969033,0.855289,0.637557,0.596400,0.632088,0.631985,0.658144,0.627336,0.572198,0.562482,0.570230,0.569870,0.543641,0.703549,0.958747,0.991241,0.952826,0.978101,1.022299,1.032333,1.028242,1.059805,1.069725,1.081973,1.111378,1.011868,0.828845,0.806936,0.864471,0.883474,0.900605,0.906241,0.932318,0.956035,0.973681,0.977144,0.983854,1.005330,1.010603,1.044747,1.072792,1.077715,1.094396,1.153410,1.259850,1.283928,1.304914,1.338066,1.333746,1.363250,1.388530,1.396100,1.372461,1.369036,1.372458,1.372607,1.367727,1.372728,1.371164,1.383578,1.413857,1.281916,1.055765,1.003242,1.039936,1.060823,1.094913,0.881063,0.527057,0.464400,0.513520,0.501179,0.508711,0.502161,0.512054,0.527980,0.524393,0.504817,0.523530,0.522742,0.476842
0.482982,0.472077,0.490262,0.482615,0.481280,0.481362,0.491610,0.502401,0.491161,0.480176,0.490102,0.482507,0.477342,0.467113,0.479556,0.466899,0.454371,0.462810,0.467928,0.484096,0.484761,0.487062,0.473294,0.463837,0.460728,0.452023,0.458169,0.459154,0.456721,0.441035,0.445697,0.442968,0.408496,0.362713,0.553960,0.888667,0.923243,0.861359,0.845126,0.820178,0.807650,0.789727,0.793517,0.773121,0.735398,0.667230,0.871324,1.173750,1.224232,1.158442,1.112719,1.120883,1.101236,1.084866,1.065585,1.051930,1.027011,0.991092,0.968940,0.980326,0.996654,0.979784,0.952092,0.971174,0.862143,0.633236,0.566479,0.600356,0.628719,0.637183,0.593005,0.534971,0.542698,0.550642,0.552254,0.538033,0.714743,0.968371,1.016419,0.982701,1.014522,1.047603,1.051395,1.057926,1.075042,1.062168,1.066731,1.103105,0.999522,0.810571,0.784875,0.842206,0.864383,0.873917,0.871148,0.898912,0.936222,0.960572,0.971818,0.966118,0.979414,1.009085,1.037168,1.062278,1.068029,1.070516,1.137406,1.257236,1.281221,1.291065,1.318233,1.349557,1.386786,1.380749,1.380665,1.352464,1.352069,1.363105,1.381245,1.386717,1.359563,1.350812,1.371007,1.402754,1.268182,1.031256,0.999261,1.039716,1.054861,1.099363,0.875224,0.508658,0.460285,0.509470,0.504774,0.513233,0.511310,0.529332,0.515519,0.507300,0.504051,0.514607,0.516973,0.500904
0.487172,0.481997,0.501067,0.480649,0.482127,0.477266,0.488931,0.500845,0.499526,0.484148,0.490297,0.475901,0.462569,0.462440,0.472840,0.468896,0.460453,0.451378,0.468803,0.479063,0.474297,0.489646,0.489040,0.479102,0.464504,0.456348,0.457267,0.467544,0.470148,0.466052,0.441745,0.436969,0.403349,0.336700,0.544867,0.894497,0.926709,0.853992,0.842968,0.829610,0.819035,0.815402,0.793486,0.769055,0.749253,0.674644,0.883461,1.181974,1.224658,1.161369,1.128214,1.129598,1.114949,1.108221,1.106351,1.064274,1.022523,1.000896,0.985553,0.995879,0.990978,0.977011,0.965319,0.979297,0.855698,0.604012,0.557705,0.588750,0.599193,0.625132,0.595476,0.532319,0.548121,0.568643,0.549483,0.568349,0.750085,0.983541,1.025672,1.000465,1.010958,1.040305,1.049292,1.077428,1.085305,1.054139,1.062734,1.106847,1.024399,0.813144,0.781833,0.834540,0.866615,0.882834,0.884339,0.879911,0.925946,0.952053,0.935235,0.968479,0.981246,1.000917,1.030527,1.055668,1.066702,1.078247,1.144359,1.257875,1.278977,1.295868,1.324792,1.350577,1.387177,1.385623,1.365923,1.342204,1.346753,1.361864,1.376765,1.379785,1.346927,1.335509,1.365622,1.404039,1.260728,1.026467,1.001306,1.040572,1.050673,1.082794,0.862566,0.492521,0.459491,0.515393,0.495051,0.514530,0.509287,0.520402,0.507962,0.502731,0.494582,0.501447,0.509579,0.496926
0.498674,0.499026,0.495741,0.475190,0.482585,0.480064,0.491564,0.492860,0.489025,0.466468,0.481828,0.477175,0.462802,0.462433,0.474735,0.464226,0.466824,0.473162,0.482946,0.473785,0.461975,0.461730,0.473234,0.476305,0.458151,0.452080,0.444048,0.456976,0.464747,0.474071,0.445646,0.439168,0.404227,0.331683,0.547074,0.899980,0.930665,0.853497,0.831778,0.832252,0.833592,0.818740,0.778314,0.748072,0.745754,0.682080,0.893156,1.195090,1.228676,1.150035,1.132155,1.122710,1.113198,1.106748,1.099163,1.059216,1.021274,1.005684,1.014082,1.007633,0.998105,0.994396,1.000902,1.032920,0.887398,0.617735,0.565347,0.596623,0.627709,0.639952,0.602457,0.551969,0.577895,0.607125,0.560460,0.598899,0.804455,1.022406,1.045830,1.013106,1.046579,1.050536,1.068174,1.070691,1.091763,1.075855,1.071111,1.115568,1.023743,0.801526,0.771352,0.827281,0.857657,0.874385,0.880359,0.884229,0.926855,0.935583,0.934362,0.966759,0.977985,0.979014,1.016027,1.053170,1.055250,1.066566,1.138981,1.247565,1.277920,1.293947,1.339445,1.357131,1.374548,1.382410,1.376172,1.358259,1.356635,1.358544,1.371473,1.377082,1.353930,1.344225,1.371503,1.424310,1.275052,1.028191,0.997645,1.034986,1.045571,1.080880,0.867650,0.497089,0.448132,0.499139,0.496149,0.509381,0.504393,0.495299,0.503910,0.506261,0.500862,0.491061,0.495094,0.516710
0.492269,0.484747,0.493286,0.468681,0.465795,0.477509,0.488597,0.484129,0.482984,0.459576,0.457087,0.465709,0.474374,0.463060,0.468027,0.464497,0.471522,0.473357,0.475552,0.469272,0.461066,0.457677,0.467588,0.468821,0.455107,0.444957,0.435171,0.444939,0.461783,0.470577,0.459708,0.452842,0.404596,0.335393,0.545299,0.891664,0.924133,0.857046,0.845284,0.828306,0.818702,0.820930,0.780107,0.755912,0.751178,0.680155,0.855028,1.174698,1.221684,1.143005,1.127971,1.115852,1.105955,1.089682,1.074537,1.045097,1.024662,0.986993,0.999201,1.010098,0.996136,0.990411,1.013936,1.047015,0.883242,0.619476,0.578976,0.614126,0.611023,0.636529,0.601177,0.544156,0.587893,0.617196,0.571601,0.576896,0.774799,1.039883,1.038919,1.007172,1.049320,1.047275,1.050922,1.049123,1.069352,1.061180,1.062472,1.100252,0.987848,0.779255,0.755425,0.801471,0.841080,0.874777,0.886438,0.878801,0.913036,0.922569,0.929768,0.964513,0.980853,1.010081,1.021332,1.040235,1.052245,1.064698,1.147886,1.258144,1.272813,1.284995,1.330625,1.352322,1.359205,1.369490,1.360405,1.366171,1.360752,1.347956,1.358732,1.389984,1.357892,1.337139,1.357819,1.386632,1.253530,0.999974,0.990802,1.035291,1.064386,1.098814,0.866541,0.489631,0.445167,0.502183,0.496605,0.503120,0.496916,0.514224,0.503778,0.505038,0.502945,0.494929,0.498435,0.506151
0.372215,0.390519,0.368534,0.364667,0.358774,0.349652,0.358194,0.349648,0.352572,0.353875,0.361163,0.364532,0.354838,0.370108,0.367331,0.351845,0.336264,0.372272,0.376324,0.379525,0.361025,0.352239,0.352864,0.353465,0.334063,0.337551,0.346542,0.362040,0.368672,0.360046,0.337928,0.331996,0.319552,0.269188,0.419444,0.694998,0.714019,0.650549,0.630967,0.615536,0.614104,0.621318,0.594649,0.595100,0.583133,0.518073,0.628936,0.804945,0.837653,0.806215,0.817843,0.773399,0.802438,0.794037,0.792144,0.785282,0.809351,0.746837,0.702131,0.724603,0.747362,0.722173,0.702739,0.727528,0.590952,0.373757,0.338500,0.343549,0.312410,0.322155,0.346829,0.357730,0.360785,0.368639,0.343020,0.294460,0.415680,0.653499,0.703063,0.700321,0.727775,0.716445,0.725668,0.728074,0.739507,0.751545,0.781572,0.817820,0.696816,0.494290,0.490859,0.533070,0.536244,0.573659,0.590141,0.634889,0.695142,0.706185,0.687961,0.701167,0.705399,0.673109,0.671908,0.696674,0.733908,0.714414,0.866997,1.116007,1.129916,1.130677,1.151327,1.158210,1.168817,1.186567,1.219807,1.226500,1.202345,1.192486,1.190310,1.199144,1.208130,1.184537,1.216933,1.245003,1.104230,0.863550,0.865364,0.866199,0.871464,0.905014,0.711402,0.397743,0.364270,0.397014,0.400624,0.388654,0.385770,0.378189,0.381916,0.388263,0.386682,0.396227,0.399789,0.430473
0.370197,0.378627,0.359788,0.361801,0.376225,0.356941,0.354995,0.359725,0.360223,0.369793,0.369266,0.358157,0.345155,0.363426,0.357846,0.345485,0.328467,0.346133,0.365095,0.385397,0.358114,0.350226,0.355390,0.345412,0.326885,0.330174,0.340352,0.344359,0.344873,0.340356,0.320280,0.322690,0.320925,0.274563,0.413138,0.680709,0.702959,0.637226,0.606798,0.589252,0.591124,0.612919,0.583645,0.573604,0.564480,0.498822,0.608307,0.805543,0.833236,0.793616,0.800109,0.761945,0.785139,0.799298,0.775389,0.767524,0.792141,0.755322,0.711690,0.717529,0.729536,0.704760,0.698555,0.727312,0.575729,0.347676,0.312690,0.324103,0.330140,0.324674,0.327409,0.329703,0.350462,0.349797,0.316236,0.276013,0.422221,0.681360,0.706170,0.686249,0.716760,0.708246,0.728320,0.744007,0.751027,0.747873,0.767635,0.796001,0.679179,0.491320,0.479181,0.514427,0.525053,0.573836,0.596073,0.619765,0.672604,0.685400,0.669545,0.701063,0.702385,0.670408,0.668266,0.706974,0.723192,0.704510,0.850586,1.108031,1.137020,1.119471,1.129784,1.135073,1.160019,1.185329,1.193717,1.199774,1.182843,1.166102,1.166484,1.192693,1.182487,1.160552,1.193727,1.213638,1.099588,0.879348,0.849504,0.847691,0.863663,0.902975,0.712973,0.417396,0.361323,0.389478,0.393436,0.390503,0.384832,0.404652,0.380366,0.379806,0.386913,0.390042,0.398001,0.432192
0.492938,0.486166,0.496106,0.472146,0.468451,0.482105,0.489135,0.490809,0.498527,0.468435,0.457070,0.467744,0.474809,0.466506,0.467472,0.456232,0.463121,0.453790,0.466843,0.468087,0.466871,0.467746,0.470870,0.464977,0.454758,0.445255,0.436057,0.450042,0.456735,0.462173,0.459322,0.455585,0.403818,0.350958,0.544937,0.886247,0.921460,0.850117,0.824970,0.800133,0.790880,0.793152,0.748405,0.738547,0.728097,0.648921,0.806077,1.163773,1.213351,1.133549,1.102686,1.098842,1.080671,1.082656,1.061843,1.033924,1.002146,0.972463,0.979155,0.999773,0.968157,0.965356,0.981626,0.997345,0.843893,0.590227,0.560546,0.582268,0.579769,0.617205,0.581030,0.523710,0.567271,0.593457,0.538240,0.536937,0.724602,0.986831,1.015081,0.987104,1.010396,1.032200,1.054558,1.041276,1.061372,1.047297,1.056090,1.084594,0.980596,0.786220,0.762462,0.780505,0.814737,0.836738,0.867587,0.879973,0.891643,0.906166,0.929195,0.951452,0.965793,1.001302,1.008914,1.029875,1.049411,1.060495,1.140420,1.248157,1.272299,1.283476,1.318293,1.340508,1.354948,1.373445,1.355942,1.359869,1.348347,1.341789,1.347092,1.373841,1.341790,1.318988,1.335521,1.372196,1.255941,1.021496,0.993988,1.028791,1.054508,1.088818,0.869447,0.494563,0.442974,0.499202,0.499484,0.503204,0.499949,0.515376,0.505899,0.502867,0.496849,0.486803,0.486196,0.510853
0.502636,0.505143,0.509745,0.469267,0.454110,0.481851,0.496354,0.495355,0.497972,0.471261,0.454811,0.465145,0.469958,0.465398,0.456378,0.470897,0.474872,0.461542,0.462179,0.458515,0.441684,0.467405,0.465321,0.462650,0.456094,0.460082,0.445812,0.444952,0.459845,0.463473,0.459685,0.455314,0.410759,0.348804,0.544839,0.886052,0.921272,0.856209,0.845312,0.818459,0.786198,0.784370,0.749592,0.765421,0.723246,0.655437,0.829718,1.183501,1.189418,1.124753,1.111313,1.103901,1.086862,1.086475,1.072933,1.043532,1.002162,0.970575,0.976723,0.992328,0.963948,0.957676,0.970384,0.987859,0.824475,0.569874,0.575074,0.596089,0.585738,0.609887,0.591238,0.531231,0.545568,0.579687,0.550000,0.516871,0.689544,0.937341,1.024910,1.008280,1.012448,1.007984,1.020093,1.024607,1.088429,1.067327,1.051036,1.099050,0.989007,0.789187,0.762992,0.787455,0.803231,0.822008,0.849657,0.849587,0.892784,0.915353,0.935939,0.946893,0.958522,0.986960,1.011463,1.032463,1.054556,1.068758,1.143505,1.253269,1.273870,1.275552,1.314140,1.336087,1.357328,1.355695,1.351177,1.359978,1.353433,1.349739,1.357142,1.379896,1.344721,1.324525,1.342775,1.376949,1.253439,1.022775,0.999011,1.020311,1.036314,1.085164,0.864811,0.484726,0.458883,0.521109,0.503668,0.501970,0.486659,0.503828,0.500453,0.499944,0.494529,0.491031,0.502436,0.514192
0.498907,0.500279,0.498607,0.466538,0.450303,0.473601,0.489152,0.487169,0.472940,0.466026,0.459716,0.454120,0.462167,0.462703,0.448879,0.460977,0.476243,0.480852,0.471132,0.460548,0.441577,0.460756,0.464507,0.464736,0.454296,0.456870,0.452419,0.451588,0.468629,0.468058,0.454967,0.449359,0.419914,0.350972,0.540450,0.879120,0.916239,0.857219,0.860913,0.827003,0.783509,0.764464,0.745493,0.764647,0.721214,0.637325,0.824359,1.178121,1.168527,1.105546,1.104193,1.106207,1.085476,1.060276,1.064595,1.044617,1.020334,0.992903,0.978725,0.989301,0.967644,0.939265,0.934650,0.955529,0.797569,0.579526,0.570062,0.601849,0.587467,0.614830,0.597821,0.541814,0.560579,0.598233,0.570731,0.515390,0.693910,0.956994,1.025379,0.999801,1.041404,1.012505,1.010183,1.026838,1.087876,1.078152,1.057232,1.112161,0.984344,0.782614,0.767869,0.790926,0.794056,0.815510,0.843411,0.838933,0.896446,0.919892,0.917539,0.943062,0.968046,0.997159,1.012378,1.036457,1.052264,1.064028,1.143163,1.261293,1.283669,1.274853,1.307128,1.325921,1.353932,1.335062,1.345608,1.364556,1.367737,1.350822,1.357531,1.373588,1.354820,1.332638,1.355691,1.382530,1.254680,1.037562,0.994104,1.005094,1.028448,1.075537,0.861989,0.493658,0.464227,0.517306,0.493723,0.504152,0.487756,0.484941,0.504968,0.507898,0.494618,0.496075,0.505697,0.509994
0.498578,0.493337,0.498085,0.486241,0.468362,0.468316,0.483986,0.494208,0.486153,0.475369,0.470534,0.474241,0.486272,0.481240,0.466674,0.457276,0.477996,0.485733,0.473198,0.461584,0.474744,0.466049,0.463772,0.465807,0.453240,0.445202,0.447455,0.459473,0.477687,0.477460,0.466234,0.462830,0.433865,0.360270,0.558685,0.899516,0.928823,0.869790,0.872281,0.839708,0.802601,0.788800,0.759349,0.760589,0.735137,0.650271,0.840179,1.213790,1.213424,1.137629,1.132252,1.127019,1.108684,1.091298,1.091405,1.078882,1.059958,1.013299,1.004623,1.018334,0.999671,0.982102,0.991910,1.023948,0.858638,0.619846,0.603014,0.641920,0.619451,0.639464,0.616629,0.560209,0.582383,0.614176,0.602871,0.527767,0.697797,0.970980,1.040685,1.027088,1.061198,1.040287,1.030180,1.040476,1.079047,1.098011,1.095588,1.147418,0.997518,0.778287,0.774590,0.804918,0.798323,0.832843,0.862864,0.868572,0.927607,0.945641,0.955919,0.965158,0.981228,1.011689,1.031718,1.057726,1.081609,1.089442,1.161407,1.290829,1.306467,1.299086,1.320637,1.342213,1.377255,1.362827,1.376499,1.394133,1.407294,1.387587,1.378404,1.397711,1.385333,1.370592,1.376893,1.415042,1.283662,1.040120,1.001925,1.024394,1.032158,1.085203,0.875147,0.510881,0.473631,0.513247,0.498546,0.510110,0.501021,0.498729,0.520115,0.533925,0.516844,0.501643,0.496579,0.515470
0.479957,0.466205,0.490235,0.492295,0.464503,0.448910,0.464246,0.489302,0.486705,0.472935,0.461892,0.464066,0.469079,0.461935,0.452465,0.449458,0.463993,0.471821,0.454122,0.442249,0.469181,0.465576,0.451839,0.454786,0.446086,0.448192,0.448412,0.448321,0.464574,0.465487,0.455031,0.451570,0.424142,0.353873,0.552157,0.898876,0.920339,0.851834,0.858813,0.842833,0.796600,0.744595,0.740803,0.753773,0.728713,0.649373,0.835260,1.188533,1.189544,1.115067,1.107037,1.116039,1.105879,1.105079,1.087051,1.072295,1.064994,1.021416,0.992893,1.028337,1.012547,0.975861,0.977802,1.013138,0.853396,0.613531,0.628444,0.667253,0.618069,0.634235,0.618342,0.575896,0.565030,0.586945,0.564937,0.512145,0.695865,0.959726,1.030228,0.987932,1.027098,1.005255,0.990422,1.019329,1.028137,1.042127,1.071351,1.136040,0.991580,0.766773,0.760235,0.795550,0.795384,0.841509,0.847274,0.832078,0.890201,0.931441,0.926262,0.942867,0.964244,0.992464,1.015058,1.041744,1.063995,1.077189,1.153694,1.280321,1.301263,1.289551,1.311130,1.327418,1.361947,1.369766,1.350150,1.371990,1.391653,1.362531,1.350518,1.365452,1.370902,1.350475,1.341484,1.390777,1.258958,1.023908,1.004850,1.026720,1.026543,1.081386,0.867860,0.507534,0.469122,0.503861,0.485397,0.508369,0.504958,0.489476,0.508679,0.505834,0.499357,0.496698,0.493244,0.499557
0.363516,0.376944,0.378202,0.358044,0.364204,0.355505,0.359179,0.356526,0.376454,0.378447,0.375131,0.362480,0.359407,0.356499,0.360746,0.342657,0.327935,0.334365,0.360777,0.382462,0.361783,0.362727,0.355736,0.341602,0.325939,0.330486,0.336127,0.316266,0.322068,0.329745,0.312116,0.320304,0.318494,0.266028,0.404336,0.677275,0.691145,0.625897,0.578670,0.584451,0.588332,0.604525,0.581491,0.574582,0.563920,0.504499,0.618035,0.810798,0.831829,0.783157,0.770266,0.759540,0.800661,0.802343,0.796105,0.777761,0.784857,0.750817,0.712704,0.703697,0.725195,0.705641,0.703485,0.717931,0.569783,0.351292,0.313177,0.322122,0.327559,0.318037,0.325713,0.332505,0.347017,0.345022,0.314571,0.278699,0.418063,0.680631,0.704670,0.680391,0.704733,0.696127,0.735552,0.756428,0.765958,0.758289,0.780115,0.832897,0.676127,0.481066,0.473855,0.521672,0.523062,0.567605,0.582897,0.608014,0.655307,0.668898,0.655269,0.688279,0.689515,0.661685,0.664588,0.701010,0.709881,0.691965,0.838747,1.089289,1.118172,1.104376,1.126078,1.124032,1.147487,1.177391,1.182108,1.185322,1.166638,1.148386,1.145647,1.175733,1.172661,1.153431,1.183642,1.208350,1.080831,0.858419,0.840131,0.844300,0.855663,0.889219,0.701025,0.410486,0.360564,0.399174,0.404924,0.385723,0.377842,0.395203,0.375265,0.380911,0.377246,0.387882,0.383222,0.410668
0.368341,0.377087,0.364929,0.358095,0.348563,0.355895,0.354833,0.355006,0.373846,0.372644,0.366162,0.352413,0.353310,0.360084,0.361795,0.356483,0.334645,0.335797,0.352755,0.380723,0.353789,0.357781,0.355737,0.343563,0.320303,0.323583,0.350119,0.349808,0.339141,0.333226,0.306233,0.316618,0.320222,0.271473,0.406996,0.678559,0.689631,0.619868,0.586506,0.567074,0.581809,0.597330,0.573060,0.560857,0.540614,0.474802,0.601502,0.805666,0.819368,0.775266,0.774251,0.741954,0.779886,0.800764,0.796085,0.777551,0.784207,0.759946,0.733064,0.707363,0.719625,0.704096,0.697040,0.697243,0.553983,0.327834,0.300393,0.311423,0.308703,0.304570,0.305249,0.311641,0.341585,0.339817,0.315808,0.251064,0.378894,0.619568,0.669713,0.659415,0.694823,0.694661,0.719696,0.732869,0.752759,0.761379,0.763669,0.802716,0.672043,0.486809,0.464193,0.501480,0.498989,0.545683,0.553832,0.575081,0.616529,0.633972,0.619614,0.666918,0.678545,0.655288,0.657739,0.685165,0.692054,0.670667,0.827890,1.080380,1.106396,1.102956,1.117686,1.118194,1.135548,1.171311,1.183772,1.179979,1.163684,1.161001,1.166082,1.174801,1.173421,1.150560,1.180554,1.213259,1.081490,0.840972,0.837602,0.858297,0.861541,0.893676,0.701824,0.397549,0.358144,0.387135,0.389667,0.391075,0.380941,0.377637,0.377949,0.384827,0.381654,0.401823,0.387297,0.413970
0.489361,0.482216,0.490314,0.490099,0.473831,0.462484,0.465372,0.485307,0.489653,0.468654,0.467989,0.453300,0.461785,0.453913,0.447130,0.454477,0.469309,0.469746,0.453908,0.438526,0.466110,0.461966,0.454827,0.452467,0.448997,0.459224,0.453904,0.464081,0.466269,0.458534,0.443406,0.434534,0.429453,0.349279,0.539211,0.878443,0.921196,0.846332,0.854434,0.841098,0.795780,0.743314,0.740024,0.752834,0.720644,0.636872,0.843968,1.181606,1.181436,1.113921,1.122629,1.108391,1.091394,1.105968,1.073498,1.055500,1.037671,1.023132,0.994627,0.979013,0.968176,0.965984,0.954551,0.987763,0.829498,0.578937,0.549717,0.582881,0.574397,0.603572,0.581612,0.537740,0.527143,0.554341,0.544876,0.492430,0.657692,0.940581,1.010363,0.961357,0.992375,0.979115,0.965929,1.005901,1.034904,1.053980,1.060731,1.115925,0.985253,0.735772,0.752672,0.791399,0.795569,0.808706,0.820920,0.827842,0.860335,0.909317,0.921464,0.933564,0.961542,0.988439,1.008808,1.026106,1.024358,1.044360,1.128813,1.260440,1.290748,1.274324,1.286281,1.320341,1.350772,1.357093,1.357698,1.369927,1.380521,1.372195,1.360894,1.353172,1.359161,1.350981,1.342537,1.384728,1.250016,1.014371,0.996628,1.020547,1.019906,1.074576,0.872391,0.505798,0.466153,0.503508,0.494071,0.500439,0.495308,0.486359,0.513484,0.506726,0.488102,0.498278,0.495740,0.484197
0.483634,0.485298,0.487479,0.486946,0.462186,0.447409,0.468137,0.493104,0.477547,0.465116,0.469930,0.462427,0.465085,0.449602,0.451152,0.470700,0.473898,0.465219,0.458030,0.456039,0.464410,0.461175,0.456366,0.460684,0.462207,0.462110,0.448027,0.450325,0.442487,0.458949,0.450532,0.440447,0.425175,0.348129,0.540379,0.869054,0.918186,0.844993,0.839156,0.842419,0.803200,0.756067,0.752921,0.764662,0.725685,0.661650,0.860478,1.173705,1.176264,1.124803,1.136487,1.119414,1.115459,1.135163,1.071994,1.049775,1.057535,1.038576,1.022777,0.997469,0.971085,0.962363,0.940350,0.955150,0.822738,0.601234,0.587182,0.621863,0.604826,0.631337,0.607115,0.562576,0.545206,0.571415,0.568433,0.509397,0.691219,0.979609,1.017189,0.962077,0.992497,0.994240,0.984497,1.012778,1.038677,1.051563,1.054780,1.118155,0.987615,0.742748,0.769721,0.800489,0.801314,0.834317,0.835649,0.828824,0.866151,0.919979,0.934612,0.943485,0.951727,0.976818,1.008649,1.031865,1.034666,1.060163,1.135708,1.256578,1.286461,1.277329,1.297576,1.336436,1.354948,1.339413,1.361265,1.370451,1.378699,1.371690,1.373504,1.354920,1.370176,1.360014,1.351503,1.383584,1.255991,1.026623,1.000262,1.019006,1.022660,1.069918,0.867327,0.515340,0.468636,0.504607,0.489153,0.506193,0.490720,0.465321,0.502097,0.524940,0.491857,0.492014,0.491104,0.492337
0.485045,0.478816,0.480533,0.478053,0.464846,0.449603,0.452616,0.463794,0.462446,0.473211,0.477812,0.473924,0.454508,0.443183,0.460095,0.469883,0.472282,0.459328,0.464037,0.470861,0.463280,0.456522,0.453637,0.460102,0.456446,0.455682,0.454556,0.452832,0.430063,0.454195,0.451259,0.441093,0.410484,0.348048,0.552559,0.886457,0.925030,0.848319,0.837158,0.817408,0.806378,0.797740,0.776347,0.771998,0.736154,0.677399,0.863965,1.173875,1.168156,1.113240,1.152238,1.119188,1.101854,1.115860,1.063249,1.051165,1.053391,1.035137,1.017900,1.022714,1.001178,0.998130,0.977141,1.002802,0.843767,0.609466,0.587243,0.600880,0.586812,0.590531,0.581259,0.578653,0.570469,0.587626,0.592938,0.545623,0.710080,0.973138,0.987062,0.933080,0.955952,0.963425,0.976568,0.983503,1.003036,1.006290,1.027052,1.099318,0.971860,0.726000,0.736156,0.793274,0.797250,0.841711,0.850231,0.830688,0.866377,0.912369,0.911388,0.931232,0.941420,0.977322,1.010017,1.029129,1.023323,1.031436,1.120508,1.267748,1.292675,1.270936,1.291555,1.323137,1.348739,1.365305,1.357621,1.360509,1.368716,1.366509,1.350520,1.341865,1.358877,1.354740,1.355197,1.393778,1.255193,1.003030,0.985487,1.015158,1.021682,1.071937,0.863663,0.507742,0.460526,0.495847,0.482906,0.503445,0.487793,0.454618,0.496833,0.520361,0.486649,0.486774,0.495489,0.499185
0.534496,0.536939,0.511017,0.508516,0.507017,0.500469,0.490728,0.511521,0.517885,0.513927,0.513200,0.530169,0.507604,0.480765,0.490396,0.512750,0.503439,0.487741,0.491877,0.497396,0.499214,0.491595,0.481077,0.485030,0.485898,0.491577,0.482946,0.484677,0.464129,0.485567,0.475921,0.462298,0.435053,0.367520,0.589253,0.951275,0.973842,0.884765,0.868605,0.874354,0.863188,0.855209,0.815755,0.819039,0.776736,0.720098,0.914776,1.245631,1.237933,1.187085,1.215855,1.189671,1.170967,1.174514,1.140399,1.109045,1.092724,1.076596,1.093620,1.112271,1.119944,1.080086,1.067186,1.088503,0.929642,0.645288,0.596796,0.633447,0.629054,0.649075,0.644264,0.622659,0.592282,0.599293,0.623618,0.559950,0.721577,1.005820,1.036154,0.976308,0.984702,0.992468,1.032427,1.060749,1.076335,1.082885,1.111600,1.196210,1.073551,0.791393,0.791242,0.849363,0.863943,0.888141,0.887112,0.874263,0.916795,0.962231,0.977265,0.996639,1.008470,1.043741,1.060894,1.096068,1.101197,1.120121,1.202454,1.341464,1.366114,1.345171,1.386243,1.410125,1.446315,1.491035,1.487068,1.477321,1.481567,1.478170,1.461813,1.448767,1.477239,1.471203,1.464043,1.508113,1.357097,1.069402,1.071811,1.104870,1.112364,1.152811,0.928193,0.534033,0.488883,0.533933,0.521893,0.534108,0.510595,0.506029,0.530979,0.550825,0.519179,0.521799,0.528471,0.534264
0.543695,0.545338,0.515573,0.506511,0.516608,0.519990,0.497004,0.512511,0.514333,0.524606,0.511221,0.527355,0.507275,0.480536,0.485044,0.519644,0.509785,0.492146,0.493329,0.502047,0.495302,0.494918,0.490047,0.490541,0.502560,0.496418,0.500532,0.495341,0.464767,0.496626,0.489976,0.465105,0.438992,0.373179,0.582967,0.925720,0.966731,0.875228,0.835233,0.857889,0.855185,0.816741,0.795649,0.801110,0.759944,0.701957,0.896214,1.235063,1.223589,1.156660,1.195289,1.174919,1.160815,1.159498,1.096650,1.086112,1.059031,1.047504,1.074170,1.103844,1.109826,1.076425,1.068974,1.091819,0.928199,0.626565,0.575671,0.609326,0.620112,0.642557,0.606682,0.597967,0.586853,0.574240,0.579758,0.527950,0.719364,0.993038,1.025341,0.967117,0.968931,0.987332,1.028553,1.064460,1.088348,1.095200,1.126975,1.220753,1.075877,0.760347,0.743486,0.832130,0.868436,0.871257,0.871378,0.871189,0.917293,0.963168,0.977329,0.999217,1.022858,1.066485,1.063147,1.086488,1.091814,1.107398,1.184043,1.331193,1.353178,1.340510,1.394000,1.393615,1.431526,1.494509,1.498526,1.485910,1.477053,1.472159,1.486334,1.458927,1.486476,1.468582,1.466903,1.513955,1.362690,1.105006,1.094459,1.113172,1.101512,1.163143,0.925827,0.527350,0.489380,0.548727,0.543426,0.550059,0.514247,0.506937,0.533852,0.546426,0.520689,0.530924,0.545729,0.545256
0.384585,0.402291,0.411074,0.374656,0.363582,0.375152,0.378831,0.374436,0.365807,0.374574,0.377069,0.372751,0.383084,0.384572,0.386185,0.373395,0.345394,0.332543,0.367396,0.400533,0.370002,0.360326,0.373001,0.366052,0.343709,0.343240,0.355686,0.387831,0.382751,0.344923,0.319987,0.337526,0.339213,0.277020,0.418091,0.700584,0.709520,0.622036,0.594333,0.581127,0.600016,0.612284,0.600395,0.575588,0.548451,0.489506,0.621147,0.838593,0.852108,0.796460,0.790967,0.758237,0.797616,0.831479,0.813960,0.799093,0.801324,0.766654,0.748537,0.752841,0.758537,0.728872,0.721197,0.730631,0.559431,0.295256,0.276555,0.293188,0.295109,0.288234,0.293747,0.276709,0.310292,0.333372,0.296058,0.240764,0.368075,0.580903,0.674266,0.668037,0.708458,0.704374,0.739272,0.775972,0.807335,0.813575,0.817010,0.869493,0.715289,0.507688,0.493636,0.540545,0.538565,0.585830,0.607723,0.612743,0.628203,0.650438,0.667715,0.716195,0.711828,0.681716,0.689412,0.722329,0.732324,0.695847,0.856744,1.108794,1.148363,1.141633,1.146738,1.151716,1.183401,1.242478,1.247218,1.260983,1.246834,1.237888,1.243453,1.263813,1.249487,1.214735,1.241718,1.285846,1.170142,0.890773,0.866954,0.892512,0.900083,0.951698,0.733978,0.411117,0.384516,0.433592,0.412208,0.407245,0.401550,0.408342,0.398174,0.401082,0.400185,0.400177,0.392635,0.402947
0.405628,0.414381,0.421442,0.407832,0.394546,0.399157,0.416429,0.417436,0.414527,0.419610,0.415099,0.404355,0.414544,0.409700,0.403033,0.403411,0.369918,0.352983,0.384043,0.403296,0.380344,0.397946,0.393335,0.382598,0.376643,0.366825,0.374023,0.411469,0.403675,0.363055,0.334953,0.351859,0.355285,0.288082,0.427900,0.726300,0.735633,0.660007,0.628543,0.609554,0.620223,0.624016,0.620606,0.596820,0.564352,0.509356,0.638515,0.867945,0.886591,0.836146,0.826175,0.784703,0.807253,0.842209,0.830055,0.820757,0.820852,0.779217,0.758390,0.783300,0.794896,0.760741,0.750173,0.764009,0.583534,0.270016,0.252057,0.282014,0.246555,0.263290,0.288801,0.273713,0.268873,0.295051,0.282410,0.225296,0.340665,0.636577,0.711859,0.701896,0.739496,0.732636,0.783312,0.825980,0.868712,0.864060,0.876347,0.948562,0.780919,0.523553,0.498251,0.563993,0.555609,0.616421,0.637375,0.630014,0.640397,0.662056,0.669956,0.737534,0.729932,0.704360,0.712279,0.753259,0.756668,0.722943,0.894826,1.179176,1.202292,1.174120,1.199441,1.206813,1.235526,1.300147,1.304875,1.313710,1.301739,1.293930,1.298163,1.315481,1.314085,1.280524,1.297870,1.344248,1.220458,0.930308,0.899909,0.931399,0.940916,1.002151,0.782250,0.443138,0.402895,0.454123,0.430485,0.423286,0.440126,0.432129,0.413947,0.416366,0.421495,0.425469,0.412238,0.464483
0.583695,0.575689,0.543215,0.523163,0.539226,0.545478,0.551580,0.557280,0.538078,0.550990,0.532658,0.551914,0.534762,0.521941,0.499723,0.530845,0.531502,0.517626,0.515852,0.516539,0.501507,0.501944,0.495708,0.508043,0.522310,0.511496,0.531956,0.516802,0.497346,0.523064,0.517668,0.477112,0.458914,0.384509,0.585272,0.931225,0.969104,0.883750,0.846850,0.855936,0.843353,0.829869,0.809379,0.818491,0.782474,0.705309,0.899740,1.239598,1.225897,1.179975,1.198768,1.173687,1.145931,1.141149,1.118231,1.092661,1.050094,1.014497,1.072234,1.151812,1.178860,1.150479,1.140432,1.192391,0.948129,0.614312,0.557895,0.600259,0.606743,0.621250,0.603964,0.585372,0.582337,0.576807,0.569913,0.524049,0.703335,0.978839,1.015656,0.973452,0.980178,0.994049,1.058768,1.153355,1.202279,1.202288,1.211870,1.305231,1.131283,0.781757,0.782809,0.839616,0.888828,0.862657,0.868088,0.881218,0.924296,0.972458,1.007828,1.018774,1.041705,1.070510,1.074326,1.103530,1.109753,1.118775,1.205594,1.356394,1.359527,1.343079,1.408436,1.426871,1.482458,1.628203,1.599532,1.586490,1.606467,1.585880,1.611052,1.598421,1.605260,1.575841,1.594106,1.656405,1.469761,1.118388,1.110627,1.128180,1.124447,1.200290,0.933132,0.532550,0.496345,0.577084,0.565418,0.562163,0.523046,0.532063,0.568941,0.579312,0.553317,0.566275,0.577975,0.556187
0.593005,0.588612,0.561891,0.535545,0.541168,0.549119,0.560878,0.558895,0.537692,0.551453,0.539325,0.548606,0.549015,0.549465,0.511282,0.522281,0.521955,0.518662,0.513818,0.510398,0.507734,0.495629,0.507587,0.520037,0.529842,0.525020,0.529509,0.512437,0.511467,0.507698,0.503302,0.476834,0.467387,0.399498,0.596395,0.931054,0.963221,0.876438,0.850903,0.853697,0.836415,0.823861,0.786491,0.802831,0.793613,0.695833,0.887946,1.222715,1.212310,1.180991,1.181121,1.151771,1.124640,1.109038,1.105038,1.096714,1.063050,1.003432,1.061868,1.224056,1.267642,1.183942,1.176261,1.251332,0.988420,0.597359,0.569670,0.627618,0.617834,0.633542,0.615457,0.588015,0.592368,0.594992,0.574501,0.528642,0.703540,0.961373,1.004609,0.968001,0.987163,0.985531,1.083692,1.243898,1.268254,1.244432,1.311065,1.400166,1.173257,0.794323,0.794790,0.869273,0.888633,0.872914,0.874595,0.894301,0.936898,0.966398,1.009225,1.019544,1.042760,1.062208,1.084183,1.120862,1.139439,1.129214,1.200690,1.334959,1.349129,1.356514,1.391030,1.414551,1.528133,1.689814,1.685098,1.649332,1.685466,1.678306,1.688088,1.692330,1.698385,1.653839,1.668547,1.754961,1.549010,1.129827,1.090148,1.131326,1.129638,1.186419,0.944680,0.539367,0.523614,0.584503,0.559076,0.565434,0.546281,0.549371,0.562963,0.570793,0.551696,0.573657,0.567236,0.550844
0.574308,0.573408,0.549707,0.540730,0.534340,0.538491,0.559646,0.545086,0.525116,0.542005,0.543804,0.539005,0.555037,0.553011,0.523195,0.523986,0.515706,0.522650,0.517189,0.512646,0.503030,0.508597,0.521544,0.508189,0.528256,0.535400,0.517388,0.512235,0.516368,0.515749,0.499868,0.487036,0.484008,0.409215,0.586457,0.916258,0.947796,0.877320,0.862865,0.851487,0.822252,0.806167,0.778831,0.788713,0.773132,0.680911,0.862708,1.210662,1.221680,1.157477,1.151121,1.137304,1.112817,1.085228,1.085552,1.079581,1.035291,0.979450,1.055414,1.214338,1.231432,1.158516,1.182906,1.226151,0.987822,0.597167,0.550448,0.594659,0.582677,0.600431,0.565260,0.538334,0.546230,0.566138,0.558683,0.519328,0.691147,0.949241,0.994285,0.964477,0.976997,0.971540,1.102083,1.268357,1.268221,1.238592,1.295950,1.374572,1.143691,0.768963,0.776482,0.870799,0.865604,0.866864,0.878694,0.892186,0.912233,0.946473,0.993144,1.016115,1.027269,1.047697,1.068728,1.102743,1.120523,1.098954,1.170975,1.314547,1.327891,1.357984,1.386968,1.405804,1.519236,1.649738,1.669524,1.613888,1.638011,1.667127,1.652428,1.654163,1.670396,1.653918,1.642697,1.707938,1.517773,1.123943,1.078597,1.115647,1.137595,1.165217,0.934121,0.537015,0.538091,0.593648,0.571014,0.557426,0.564755,0.553764,0.554910,0.558892,0.558415,0.561493,0.551741,0.570168
0.565875,0.563168,0.546590,0.551199,0.540194,0.541653,0.560524,0.544909,0.520680,0.552882,0.559111,0.548705,0.548619,0.545060,0.517820,0.535574,0.532985,0.533059,0.523216,0.512047,0.508125,0.503779,0.512387,0.512111,0.523310,0.527617,0.508286,0.511004,0.526193,0.543588,0.511556,0.502172,0.484283,0.407258,0.585527,0.926839,0.953585,0.881391,0.857084,0.856952,0.847105,0.807941,0.782308,0.784594,0.772268,0.671898,0.850393,1.199269,1.216243,1.178742,1.162204,1.140995,1.106798,1.089437,1.085312,1.054328,1.017175,0.978664,1.071210,1.240314,1.242999,1.148138,1.166938,1.210910,0.976070,0.595180,0.547572,0.592249,0.608278,0.600538,0.559692,0.510350,0.529614,0.548100,0.540945,0.518934,0.679379,0.932908,0.977863,0.949240,0.949566,0.963007,1.083976,1.243748,1.288786,1.274777,1.306143,1.379542,1.149374,0.788777,0.783486,0.859104,0.853952,0.851432,0.875844,0.898054,0.928519,0.957654,0.991521,1.024980,1.041528,1.043993,1.094967,1.111145,1.102022,1.102132,1.196077,1.320707,1.348239,1.354824,1.378095,1.398339,1.503405,1.641438,1.651769,1.602809,1.638009,1.655282,1.636418,1.637859,1.664179,1.661717,1.649634,1.710896,1.519980,1.126557,1.092100,1.133489,1.132676,1.170518,0.951925,0.545116,0.539822,0.595290,0.575060,0.563321,0.575137,0.567872,0.563327,0.557591,0.566804,0.564892,0.558134,0.561663
0.545632,0.545762,0.546805,0.557623,0.543582,0.538284,0.560941,0.549615,0.525006,0.560909,0.576538,0.562411,0.547831,0.530470,0.507989,0.530442,0.521596,0.531150,0.532392,0.522210,0.511020,0.522861,0.529766,0.529989,0.522699,0.513078,0.505488,0.504807,0.508042,0.512874,0.502701,0.498546,0.480021,0.409009,0.592685,0.930998,0.961326,0.884787,0.857756,0.852571,0.838081,0.804888,0.783458,0.773310,0.742056,0.669335,0.860883,1.218916,1.211013,1.161298,1.158663,1.122892,1.085678,1.086113,1.054138,1.019196,1.000395,0.963673,1.048926,1.189750,1.192872,1.145977,1.155228,1.210543,0.970941,0.554353,0.501229,0.564526,0.579405,0.582893,0.550855,0.506605,0.520229,0.512832,0.508517,0.507767,0.681721,0.910360,0.947526,0.946236,0.966902,0.949511,1.058258,1.253508,1.309175,1.307296,1.334901,1.367937,1.127624,0.773280,0.770676,0.838327,0.840133,0.853288,0.876571,0.897690,0.940309,0.965702,0.991224,1.013432,1.025668,1.046173,1.091220,1.106387,1.100672,1.109677,1.218714,1.329361,1.374167,1.363196,1.369290,1.362222,1.495252,1.652494,1.639296,1.605720,1.645959,1.652042,1.628475,1.650054,1.660731,1.638892,1.638942,1.706941,1.519784,1.125363,1.083303,1.126008,1.132600,1.181130,0.951867,0.554155,0.546426,0.606321,0.570379,0.559867,0.571017,0.573886,0.571256,0.557087,0.562729,0.571975,0.558015,0.540698
0.390932,0.406264,0.422509,0.422299,0.399628,0.391590,0.429320,0.432307,0.432002,0.412490,0.404044,0.409745,0.406134,0.396699,0.399503,0.397905,0.365258,0.368413,0.379213,0.406021,0.396616,0.408679,0.387101,0.373521,0.380052,0.364491,0.382849,0.419711,0.420124,0.371235,0.329591,0.351517,0.345256,0.281682,0.433147,0.713878,0.724244,0.656404,0.646282,0.625196,0.612740,0.621766,0.618587,0.589384,0.555055,0.509408,0.620417,0.856036,0.867325,0.818334,0.814659,0.777643,0.800606,0.841514,0.824437,0.799463,0.773175,0.752726,0.769874,0.780259,0.781682,0.751760,0.743423,0.764444,0.583864,0.265364,0.228791,0.286318,0.257077,0.275930,0.288637,0.282780,0.285767,0.299647,0.264519,0.212135,0.345114,0.617682,0.705484,0.695528,0.729204,0.723647,0.777951,0.835954,0.854260,0.870823,0.895662,0.922150,0.759280,0.538737,0.497950,0.549152,0.549658,0.599651,0.630535,0.633788,0.638432,0.658431,0.671347,0.746540,0.753958,0.705557,0.713745,0.751274,0.765588,0.729611,0.886207,1.162032,1.194680,1.171652,1.196211,1.180580,1.222776,1.286133,1.281237,1.281971,1.278409,1.252223,1.257060,1.278482,1.268900,1.239104,1.260656,1.296693,1.185864,0.927972,0.889562,0.925996,0.926005,0.995968,0.800249,0.436687,0.399296,0.457483,0.418362,0.415642,0.429496,0.431488,0.412418,0.419312,0.419358,0.413244,0.400157,0.448468
0.416905,0.429273,0.450578,0.432303,0.409356,0.420666,0.469749,0.458096,0.422794,0.403304,0.404744,0.426905,0.433082,0.441590,0.415594,0.400891,0.378493,0.394336,0.403065,0.407691,0.400678,0.413381,0.393962,0.394041,0.390294,0.396305,0.418793,0.421358,0.431462,0.405480,0.368325,0.372552,0.364910,0.287066,0.439099,0.722802,0.725164,0.665807,0.694041,0.651237,0.627126,0.630251,0.629452,0.606587,0.562630,0.521023,0.630282,0.850399,0.861758,0.815287,0.821391,0.790730,0.828402,0.868264,0.826055,0.801610,0.781069,0.749639,0.786789,0.857724,0.897703,0.853122,0.827235,0.846081,0.630060,0.259765,0.222167,0.275260,0.247924,0.264661,0.277613,0.272180,0.284424,0.301452,0.258974,0.205680,0.339239,0.615494,0.706561,0.697652,0.712282,0.691321,0.778969,0.914153,0.929757,0.931880,0.963088,1.000513,0.819854,0.533815,0.502150,0.578459,0.591703,0.564622,0.592568,0.617351,0.631594,0.653667,0.679381,0.747228,0.745289,0.685948,0.700155,0.729125,0.750464,0.748140,0.908197,1.166327,1.194318,1.175761,1.237502,1.221372,1.281737,1.406111,1.424898,1.399295,1.394582,1.384069,1.402007,1.424373,1.411079,1.370367,1.385644,1.444444,1.293966,0.943498,0.896911,0.946986,0.948979,0.984256,0.768125,0.437831,0.416969,0.478698,0.433593,0.437281,0.442278,0.435360,0.427582,0.449871,0.438117,0.435198,0.443210,0.487247
0.539478,0.559755,0.549941,0.552795,0.544095,0.548366,0.558725,0.539521,0.513152,0.558159,0.565580,0.554791,0.557362,0.555622,0.517138,0.533545,0.524477,0.527810,0.539822,0.539013,0.523427,0.525094,0.515546,0.520169,0.521044,0.523188,0.510548,0.504084,0.510944,0.503393,0.513845,0.506137,0.480572,0.417006,0.602931,0.918943,0.944429,0.890282,0.876458,0.853666,0.836661,0.820012,0.793982,0.787893,0.754045,0.689792,0.887029,1.191468,1.202735,1.155438,1.144221,1.118883,1.081371,1.087769,1.059951,1.023148,1.010194,0.970261,1.063017,1.234636,1.254384,1.185301,1.188593,1.252893,1.009456,0.594322,0.536148,0.581952,0.583148,0.587250,0.561560,0.501409,0.507768,0.512742,0.537971,0.545601,0.697957,0.899208,0.929449,0.938595,0.951840,0.938990,1.073177,1.276691,1.331599,1.313617,1.335225,1.384297,1.157884,0.786549,0.781082,0.842120,0.822625,0.848234,0.865426,0.883895,0.925382,0.948183,0.984700,1.012646,1.015628,1.034733,1.098036,1.118548,1.095721,1.137684,1.226448,1.317549,1.338333,1.356295,1.369799,1.368167,1.498829,1.680496,1.673687,1.632741,1.691979,1.689892,1.675481,1.675994,1.685399,1.683467,1.677973,1.753914,1.536323,1.133079,1.086608,1.131928,1.131159,1.176930,0.952886,0.571323,0.559792,0.610389,0.574021,0.563206,0.580055,0.589423,0.573688,0.557452,0.557334,0.570158,0.558052,0.520358
0.535491,0.533047,0.545806,0.558471,0.542148,0.544506,0.554351,0.538090,0.520786,0.548391,0.557863,0.557356,0.547039,0.521573,0.511882,0.524594,0.521813,0.518621,0.516660,0.523591,0.528691,0.531056,0.509724,0.490581,0.515470,0.517296,0.495837,0.494750,0.508591,0.477943,0.495394,0.492713,0.456027,0.405680,0.591190,0.909099,0.932888,0.880172,0.865118,0.843775,0.830477,0.814453,0.784437,0.765796,0.721257,0.681472,0.874677,1.177413,1.195812,1.132172,1.108546,1.103514,1.068128,1.071058,1.036085,1.019538,1.003691,0.933205,1.026576,1.184303,1.184078,1.141760,1.136625,1.215407,0.992587,0.586079,0.499230,0.558521,0.556520,0.548276,0.524351,0.462580,0.467566,0.490442,0.481117,0.513433,0.663540,0.864759,0.904910,0.901428,0.914125,0.913950,1.039156,1.218300,1.275390,1.258983,1.280002,1.340905,1.121802,0.776200,0.783389,0.837107,0.803959,0.839310,0.864642,0.870568,0.902563,0.911044,0.974870,1.005846,1.007187,1.020740,1.054166,1.095331,1.116924,1.131450,1.196470,1.310877,1.327019,1.346960,1.368831,1.351898,1.480199,1.649819,1.653090,1.615200,1.635402,1.652508,1.652961,1.651169,1.654014,1.648236,1.646272,1.706816,1.511614,1.120701,1.068065,1.118013,1.119128,1.149003,0.931785,0.577812,0.549393,0.590505,0.558243,0.558998,0.582557,0.575397,0.556034,0.543771,0.548066,0.564597,0.552179,0.535186
0.537653,0.536678,0.549091,0.559126,0.551646,0.550200,0.576579,0.564597,0.521809,0.552934,0.583213,0.558309,0.535344,0.504337,0.511557,0.525032,0.523673,0.531573,0.542019,0.547806,0.549340,0.551313,0.507584,0.481154,0.513449,0.510132,0.482320,0.490015,0.516566,0.486155,0.497470,0.495142,0.443826,0.401096,0.585534,0.932890,0.943572,0.878286,0.860335,0.850092,0.848595,0.825382,0.788962,0.767303,0.720555,0.685074,0.888198,1.183670,1.213989,1.140347,1.094375,1.090073,1.086828,1.095108,1.058333,1.033002,0.993258,0.973949,1.066203,1.191376,1.192342,1.148191,1.136166,1.222828,1.012620,0.584628,0.491343,0.539310,0.541451,0.534827,0.513892,0.481804,0.484296,0.492340,0.464577,0.480904,0.658138,0.891844,0.916391,0.903543,0.938468,0.933562,1.041598,1.217747,1.259966,1.240913,1.267006,1.334193,1.108172,0.763001,0.780699,0.834065,0.804677,0.836735,0.864742,0.885172,0.903592,0.907966,0.954032,1.009678,1.017568,1.018366,1.036836,1.077028,1.111077,1.133578,1.208796,1.339140,1.346458,1.359592,1.365530,1.377609,1.503801,1.662160,1.663270,1.641896,1.658996,1.655815,1.665254,1.690036,1.663876,1.638702,1.642689,1.706074,1.517578,1.131018,1.093486,1.137822,1.127416,1.154844,0.939613,0.561381,0.540543,0.594606,0.577314,0.569446,0.588899,0.601291,0.567541,0.557232,0.563945,0.564944,0.543105,0.524300
0.527591,0.520836,0.529585,0.565654,0.560525,0.538249,0.567457,0.569544,0.518217,0.549249,0.571709,0.543671,0.508588,0.507296,0.516587,0.525774,0.509549,0.511920,0.526222,0.541267,0.536441,0.526458,0.486775,0.486645,0.488650,0.486036,0.477561,0.485403,0.485158,0.473541,0.488261,0.482918,0.431207,0.365804,0.575291,0.918380,0.942333,0.878419,0.860835,0.866366,0.853272,0.814803,0.786272,0.753449,0.702130,0.665956,0.876461,1.183540,1.193869,1.114867,1.073357,1.051948,1.067711,1.077765,1.031191,0.995173,0.990319,0.969262,1.025753,1.174821,1.194452,1.133616,1.118374,1.199783,0.982721,0.568371,0.481784,0.531059,0.528485,0.530594,0.508723,0.482084,0.496742,0.492122,0.464561,0.476718,0.654234,0.884034,0.910047,0.887388,0.904158,0.919672,1.031263,1.220323,1.225949,1.194642,1.240446,1.314085,1.106911,0.772940,0.763504,0.801626,0.791654,0.840589,0.869990,0.885670,0.922526,0.940777,0.923471,0.973654,1.000824,1.009042,1.024029,1.068313,1.133897,1.119656,1.194039,1.330296,1.344502,1.341879,1.347646,1.378620,1.510290,1.679730,1.685293,1.661340,1.667914,1.657013,1.645725,1.686954,1.667609,1.623766,1.634827,1.714145,1.507856,1.094447,1.064648,1.107692,1.095089,1.140472,0.928767,0.566468,0.527480,0.571122,0.558283,0.543952,0.573599,0.618396,0.575346,0.553864,0.554659,0.547439,0.518284,0.513602
0.533167,0.533507,0.539770,0.538204,0.541893,0.538485,0.557162,0.564367,0.535898,0.545955,0.549016,0.539552,0.530480,0.540443,0.531203,0.512789,0.508845,0.513879,0.516754,0.527184,0.529348,0.522453,0.488168,0.484905,0.505628,0.504801,0.472896,0.482876,0.480092,0.477775,0.495003,0.489398,0.436340,0.361126,0.592121,0.926689,0.954886,0.885721,0.866345,0.864165,0.848251,0.800835,0.777663,0.754419,0.715488,0.671024,0.871524,1.177387,1.178244,1.089907,1.072469,1.059276,1.060102,1.057954,1.018389,0.989021,0.980373,0.946441,1.018577,1.161390,1.165751,1.116332,1.133155,1.194960,0.976518,0.578771,0.496308,0.538959,0.534893,0.531806,0.523008,0.522006,0.524650,0.524770,0.502906,0.511442,0.671767,0.922584,0.931832,0.910641,0.917469,0.921161,1.033409,1.233204,1.218804,1.192287,1.254230,1.315173,1.106011,0.780203,0.758299,0.791484,0.799531,0.855462,0.880246,0.890536,0.928256,0.951831,0.936315,0.962692,0.989391,1.005530,1.030239,1.071771,1.143805,1.135160,1.198096,1.328049,1.352013,1.363585,1.375656,1.397037,1.506101,1.672153,1.682430,1.654431,1.654711,1.658747,1.648487,1.674103,1.665412,1.632440,1.630288,1.706435,1.500888,1.084284,1.051625,1.109600,1.089523,1.139930,0.933591,0.590212,0.542668,0.591942,0.569625,0.543228,0.560057,0.612501,0.570399,0.552859,0.557152,0.552063,0.526611,0.527172
0.451402,0.444905,0.436596,0.429386,0.428813,0.438542,0.452334,0.443645,0.425161,0.399863,0.394864,0.411764,0.431116,0.435673,0.408151,0.390060,0.386732,0.395987,0.411255,0.397219,0.392469,0.408527,0.385903,0.387845,0.387159,0.408292,0.407398,0.408022,0.424321,0.400534,0.376525,0.367283,0.355208,0.277956,0.435687,0.715834,0.713997,0.673505,0.698582,0.635013,0.622989,0.627030,0.606207,0.580942,0.553120,0.516080,0.629874,0.833095,0.834751,0.799631,0.809271,0.775819,0.784511,0.818289,0.799867,0.784902,0.789839,0.769890,0.780940,0.899035,0.962836,0.922932,0.872189,0.900637,0.656533,0.254906,0.237747,0.293563,0.295058,0.299118,0.298879,0.287671,0.311713,0.341097,0.312680,0.250886,0.370678,0.625328,0.711070,0.702228,0.713829,0.688527,0.765628,0.955040,0.993919,0.967734,1.004383,1.073991,0.861623,0.536626,0.510627,0.573839,0.581538,0.581567,0.603962,0.625018,0.642896,0.652757,0.684269,0.720322,0.711004,0.677720,0.683584,0.725264,0.747614,0.752028,0.920374,1.158498,1.187290,1.179936,1.226603,1.217549,1.309525,1.469604,1.491076,1.471845,1.460793,1.474305,1.471549,1.467315,1.493227,1.465186,1.461864,1.530071,1.341454,0.922086,0.884087,0.928607,0.924766,0.974011,0.775418,0.442304,0.421593,0.468964,0.413429,0.433142,0.463855,0.447486,0.422544,0.443938,0.447674,0.448464,0.480710,0.500222
0.442725,0.436530,0.424979,0.426499,0.431820,0.429513,0.445813,0.456479,0.444380,0.416945,0.406320,0.403827,0.419374,0.425335,0.415356,0.400183,0.395937,0.400460,0.403646,0.398314,0.414552,0.407235,0.377219,0.371117,0.368343,0.392969,0.404345,0.397818,0.409906,0.388198,0.374683,0.372519,0.360861,0.278486,0.433643,0.717219,0.709190,0.658675,0.687451,0.620135,0.606779,0.624678,0.608565,0.564288,0.532864,0.524399,0.645584,0.833591,0.833771,0.798433,0.800206,0.767268,0.775377,0.811295,0.787380,0.761475,0.767619,0.763046,0.805201,0.919159,0.948926,0.904659,0.904317,0.937090,0.694209,0.273881,0.270188,0.314500,0.290622,0.292877,0.281141,0.262783,0.304154,0.324520,0.296121,0.284498,0.382174,0.607762,0.689318,0.676777,0.682281,0.666721,0.782018,0.944107,0.997125,0.981658,1.022587,1.084501,0.858783,0.531140,0.508483,0.566447,0.571097,0.573378,0.612328,0.638828,0.652950,0.643445,0.672331,0.714873,0.708114,0.670372,0.696352,0.754302,0.760047,0.768293,0.939072,1.153576,1.172144,1.178249,1.214667,1.212378,1.304980,1.475451,1.493981,1.483601,1.480265,1.470943,1.461210,1.493077,1.493842,1.460669,1.455861,1.538728,1.335527,0.911383,0.895731,0.933709,0.908942,0.960995,0.777562,0.453233,0.422296,0.457186,0.427909,0.452673,0.465256,0.472107,0.440770,0.437074,0.450557,0.461449,0.484101,0.485699
0.529278,0.542801,0.526698,0.527150,0.539453,0.530571,0.544741,0.558381,0.537307,0.552167,0.543019,0.526284,0.493678,0.519742,0.524369,0.516882,0.516126,0.527559,0.512177,0.515019,0.530898,0.540142,0.497699,0.471215,0.485348,0.489481,0.466884,0.477481,0.475187,0.473678,0.498564,0.482671,0.441410,0.366568,0.581294,0.933544,0.945686,0.868953,0.840741,0.846899,0.839077,0.813887,0.772685,0.737473,0.708762,0.668872,0.872147,1.180292,1.172493,1.092607,1.069983,1.056926,1.056106,1.068663,1.025990,0.999796,0.971565,0.958115,1.042879,1.173428,1.176642,1.122024,1.140722,1.199456,0.973120,0.586606,0.493962,0.548797,0.551071,0.552746,0.526705,0.479537,0.497499,0.527944,0.504293,0.497776,0.675071,0.910080,0.924255,0.900846,0.897172,0.912229,1.027166,1.199051,1.197875,1.192618,1.261613,1.315850,1.106811,0.772331,0.755872,0.794925,0.783677,0.835292,0.867768,0.886134,0.907808,0.933357,0.923067,0.962260,0.984740,1.004880,1.039197,1.075248,1.135250,1.125628,1.182770,1.321517,1.353108,1.360284,1.364573,1.378327,1.515082,1.663397,1.671148,1.654848,1.660538,1.648439,1.644381,1.669227,1.664829,1.628485,1.633490,1.711669,1.500617,1.085637,1.060271,1.115681,1.080907,1.132257,0.933818,0.583428,0.525644,0.563666,0.577409,0.554059,0.564876,0.585181,0.554650,0.536904,0.553298,0.559742,0.541340,0.515566
0.541761,0.527201,0.516885,0.540259,0.552497,0.539363,0.538727,0.549274,0.539461,0.544630,0.535709,0.506385,0.491404,0.493425,0.522433,0.520986,0.517585,0.520663,0.505424,0.506099,0.521188,0.528118,0.512472,0.500826,0.507089,0.492261,0.471472,0.488657,0.486815,0.472305,0.475687,0.466346,0.435478,0.351964,0.564790,0.933262,0.943215,0.857840,0.842415,0.846591,0.845817,0.826666,0.774499,0.744129,0.725407,0.659796,0.850722,1.173762,1.181064,1.104976,1.081174,1.069710,1.062188,1.038162,1.010383,1.009007,0.977828,0.939796,1.018713,1.164438,1.186372,1.134087,1.122451,1.181087,0.958675,0.576091,0.494496,0.558477,0.570828,0.577800,0.522646,0.451425,0.469163,0.491293,0.462050,0.447760,0.656489,0.925536,0.923582,0.892821,0.916283,0.919012,1.014875,1.175255,1.193807,1.189920,1.236794,1.307390,1.107518,0.766060,0.744526,0.804302,0.803968,0.837922,0.853137,0.860736,0.911232,0.937774,0.920711,0.940951,0.990576,1.011254,1.026196,1.066745,1.103094,1.108693,1.182158,1.316811,1.359705,1.378792,1.391206,1.373284,1.493327,1.652028,1.665002,1.636960,1.648356,1.636809,1.628747,1.627800,1.665372,1.628424,1.630679,1.700081,1.503187,1.084820,1.053217,1.104267,1.089884,1.136500,0.931647,0.570539,0.513763,0.550742,0.558702,0.559779,0.560133,0.554437,0.554127,0.552266,0.551807,0.556430,0.558411,0.542118
0.545064,0.533269,0.517161,0.529836,0.551320,0.547705,0.542310,0.550098,0.545587,0.540295,0.533921,0.520400,0.507177,0.524061,0.524635,0.514202,0.508971,0.507890,0.505102,0.516514,0.533417,0.525741,0.498627,0.497969,0.497117,0.500064,0.493140,0.507878,0.492798,0.476193,0.493675,0.481350,0.442651,0.367234,0.577027,0.932858,0.948461,0.873585,0.862280,0.843846,0.838958,0.824560,0.773834,0.737009,0.731849,0.679491,0.862166,1.169566,1.172694,1.111747,1.108470,1.089884,1.050268,1.031455,1.013425,1.008791,0.985915,0.964442,1.028221,1.166715,1.198845,1.148174,1.140570,1.177931,0.942425,0.558564,0.515290,0.583609,0.577841,0.567745,0.517112,0.506623,0.529031,0.545248,0.512426,0.484408,0.675955,0.930276,0.932432,0.912830,0.941959,0.938883,1.030523,1.201603,1.215094,1.206024,1.260768,1.326238,1.120845,0.779778,0.725995,0.795240,0.824656,0.851553,0.869702,0.891618,0.933315,0.962738,0.936383,0.937690,0.991596,1.024255,1.039172,1.076142,1.112618,1.121201,1.207092,1.330312,1.359064,1.368413,1.375719,1.375010,1.510746,1.676599,1.679166,1.652547,1.647688,1.652268,1.641633,1.638417,1.678466,1.657879,1.636945,1.705563,1.508246,1.083419,1.050037,1.101637,1.090277,1.149335,0.941217,0.556154,0.516868,0.563180,0.551151,0.559252,0.574613,0.593173,0.563803,0.551234,0.551365,0.552455,0.561628,0.543347
0.535887,0.537184,0.539440,0.542079,0.564301,0.542697,0.546173,0.552707,0.538848,0.537549,0.535905,0.501035,0.497096,0.516692,0.512773,0.495284,0.485306,0.493019,0.507852,0.519166,0.525771,0.507219,0.495632,0.502613,0.502778,0.511373,0.502100,0.496663,0.485978,0.495207,0.517661,0.511868,0.451717,0.377884,0.587586,0.950827,0.950318,0.874942,0.882408,0.862644,0.841514,0.821500,0.765549,0.745645,0.742307,0.676238,0.852101,1.174361,1.180205,1.097560,1.092903,1.080389,1.053383,1.041733,1.020796,1.018129,0.997100,0.956233,1.016265,1.161498,1.190338,1.135865,1.125786,1.183593,0.948800,0.566458,0.532064,0.582213,0.566445,0.556587,0.523285,0.514717,0.543256,0.556945,0.526215,0.526484,0.691055,0.936310,0.943587,0.922126,0.941340,0.932558,1.019914,1.188096,1.225301,1.221540,1.262509,1.337313,1.134893,0.786394,0.727704,0.790454,0.830001,0.850466,0.862212,0.862352,0.918832,0.951857,0.936544,0.941912,0.980234,1.018445,1.058420,1.085513,1.114520,1.114143,1.199371,1.333032,1.353616,1.364730,1.398676,1.373970,1.490194,1.646932,1.657550,1.641903,1.640149,1.636259,1.636344,1.638423,1.672207,1.649352,1.620787,1.690517,1.494618,1.072199,1.052233,1.098961,1.081254,1.141628,0.951599,0.582304,0.520765,0.561990,0.562301,0.567460,0.575206,0.567410,0.564891,0.552674,0.550336,0.553709,0.565632,0.548295
0.534964,0.534536,0.549900,0.545087,0.543164,0.539705,0.542782,0.537456,0.529940,0.536934,0.539923,0.518749,0.514315,0.503385,0.504668,0.497597,0.502042,0.491040,0.502371,0.513202,0.507909,0.504478,0.503951,0.505210,0.516043,0.517715,0.506709,0.500710,0.485206,0.491264,0.511758,0.527188,0.470895,0.390479,0.595626,0.945079,0.944085,0.879749,0.878647,0.846810,0.833924,0.830558,0.776683,0.753827,0.734340,0.666675,0.857690,1.183534,1.184788,1.101699,1.111006,1.095686,1.051814,1.039588,1.032688,1.025373,0.984610,0.937420,1.021199,1.189851,1.233754,1.160606,1.119760,1.177768,0.952481,0.554172,0.544205,0.590878,0.577046,0.559103,0.528517,0.507144,0.490081,0.516109,0.512200,0.510750,0.671682,0.926763,0.942563,0.942603,0.974134,0.963710,1.040700,1.202152,1.239111,1.232692,1.267551,1.348194,1.138382,0.768700,0.713947,0.791154,0.834053,0.832711,0.850253,0.877704,0.898112,0.915722,0.958515,0.964404,0.996830,1.032748,1.068669,1.099366,1.117748,1.105228,1.188241,1.330023,1.360659,1.373719,1.403045,1.367205,1.468625,1.636389,1.652166,1.631544,1.633954,1.648299,1.648369,1.647594,1.669981,1.652673,1.626805,1.681247,1.477982,1.070531,1.054082,1.098611,1.074818,1.128514,0.939481,0.564228,0.522288,0.565681,0.561988,0.562488,0.568311,0.548306,0.552382,0.538829,0.555053,0.558631,0.564271,0.562620
0.433925,0.431986,0.442896,0.442900,0.430297,0.426124,0.445872,0.457698,0.443735,0.423467,0.399401,0.410182,0.433302,0.452704,0.425059,0.417088,0.413951,0.401960,0.407514,0.400505,0.405174,0.404882,0.397414,0.382324,0.386514,0.396862,0.395692,0.392827,0.389325,0.382969,0.374163,0.387824,0.374295,0.292675,0.438336,0.698442,0.681573,0.654477,0.690751,0.625023,0.604565,0.627380,0.616559,0.570871,0.526493,0.500936,0.617578,0.827884,0.824133,0.771977,0.776471,0.754630,0.759721,0.785391,0.770275,0.756498,0.744417,0.737861,0.810264,0.914259,0.943238,0.899558,0.931814,0.968541,0.715595,0.293018,0.256764,0.299842,0.294165,0.298397,0.265438,0.265084,0.295107,0.292659,0.258241,0.242208,0.385903,0.580657,0.651997,0.657226,0.660022,0.663207,0.772528,0.933055,0.984577,0.963386,1.007575,1.081666,0.855155,0.517312,0.509402,0.580045,0.573830,0.556232,0.592744,0.628950,0.638677,0.631665,0.658974,0.707011,0.698963,0.682679,0.695122,0.746526,0.750322,0.757213,0.931146,1.153443,1.159862,1.159914,1.211190,1.201032,1.306573,1.466980,1.481757,1.468592,1.485727,1.481270,1.459264,1.484472,1.478405,1.461246,1.467249,1.538419,1.319378,0.912273,0.889568,0.910521,0.881010,0.963097,0.775535,0.458600,0.410519,0.456596,0.441938,0.437354,0.447961,0.457649,0.427281,0.436067,0.447253,0.443761,0.463962,0.497433
0.427048,0.444426,0.437813,0.432204,0.423008,0.429019,0.427730,0.439647,0.422030,0.397920,0.386771,0.389281,0.410641,0.426445,0.437173,0.406869,0.406870,0.407040,0.403349,0.396964,0.407210,0.417324,0.398709,0.372156,0.398985,0.403179,0.389662,0.389803,0.381478,0.380047,0.387011,0.398564,0.352418,0.279554,0.427104,0.683642,0.693258,0.653278,0.671415,0.608163,0.589734,0.629222,0.607529,0.555410,0.519207,0.512980,0.645166,0.830703,0.821971,0.768630,0.759076,0.756544,0.771096,0.785586,0.753679,0.737989,0.741948,0.735158,0.800634,0.899770,0.927971,0.915259,0.934833,0.976659,0.711976,0.303796,0.263142,0.306139,0.297013,0.294324,0.270842,0.296046,0.304698,0.300925,0.272061,0.259194,0.393793,0.609037,0.646251,0.649096,0.673783,0.669395,0.769582,0.925517,0.958419,0.937528,0.980748,1.064291,0.850585,0.522003,0.503891,0.550895,0.545729,0.550500,0.577369,0.602073,0.622154,0.634987,0.658281,0.704500,0.699305,0.668067,0.689181,0.742250,0.756101,0.773518,0.933269,1.150222,1.172863,1.171114,1.207830,1.196695,1.283894,1.465411,1.463985,1.453307,1.487556,1.485362,1.465509,1.473810,1.469332,1.441579,1.445710,1.519550,1.306578,0.897022,0.873824,0.907897,0.889226,0.962812,0.774551,0.463826,0.414012,0.455297,0.446707,0.442160,0.451239,0.456967,0.457342,0.448687,0.442996,0.439926,0.463499,0.489983
0.535203,0.523283,0.524103,0.540084,0.566135,0.552170,0.536742,0.519126,0.533297,0.533266,0.533691,0.500127,0.499474,0.494692,0.506820,0.514026,0.500526,0.501873,0.510770,0.515655,0.513598,0.509213,0.509322,0.518013,0.526109,0.510370,0.497724,0.502790,0.506418,0.501745,0.505557,0.509134,0.472995,0.398076,0.593107,0.926583,0.945828,0.874662,0.880196,0.834573,0.823339,0.824953,0.760470,0.738242,0.736433,0.664249,0.863612,1.189264,1.194657,1.119921,1.120891,1.099472,1.061712,1.057291,1.017928,1.002522,0.978867,0.928630,0.999218,1.171573,1.215282,1.155502,1.125973,1.168259,0.931885,0.536955,0.514502,0.575428,0.576476,0.534153,0.518604,0.502871,0.478518,0.489204,0.500385,0.493087,0.671540,0.931365,0.926997,0.922745,0.981112,0.968034,1.030113,1.182046,1.224990,1.220346,1.255141,1.352047,1.139251,0.762475,0.685295,0.770731,0.827941,0.832164,0.851049,0.877522,0.898222,0.924348,0.961675,0.974015,0.998068,1.034978,1.056845,1.086361,1.111522,1.103864,1.187429,1.346507,1.358257,1.366902,1.393011,1.372493,1.461860,1.636402,1.658613,1.648084,1.655184,1.650652,1.650505,1.650762,1.675454,1.655172,1.645485,1.695799,1.467164,1.061396,1.042008,1.093855,1.085576,1.131065,0.924266,0.547711,0.522236,0.572542,0.560138,0.557305,0.571384,0.554786,0.561038,0.546743,0.553927,0.546882,0.554647,0.541804
0.531772,0.513480,0.525722,0.540325,0.554698,0.563085,0.542042,0.534087,0.551003,0.533580,0.522628,0.515808,0.539829,0.520848,0.502247,0.519549,0.510656,0.501600,0.501125,0.512166,0.504916,0.505086,0.511339,0.526756,0.520218,0.504743,0.501802,0.496919,0.494338,0.505937,0.502570,0.505899,0.479731,0.401586,0.591241,0.925178,0.946939,0.879275,0.894333,0.857658,0.830452,0.827899,0.783262,0.770264,0.744145,0.672930,0.864849,1.186777,1.198481,1.137111,1.146835,1.101372,1.064518,1.061080,1.038832,1.012615,0.974130,0.927727,1.010370,1.179069,1.192550,1.133364,1.109579,1.167787,0.937615,0.554658,0.515104,0.576589,0.560063,0.504151,0.516206,0.507288,0.490474,0.500614,0.526047,0.515315,0.680989,0.945914,0.943210,0.939451,0.982932,0.969860,1.036754,1.191609,1.243444,1.233307,1.268531,1.379546,1.170532,0.788351,0.726466,0.815572,0.829843,0.825398,0.846338,0.880856,0.900272,0.924746,0.968041,0.953539,0.982887,1.023983,1.059986,1.064931,1.089465,1.103251,1.202066,1.345974,1.362108,1.363040,1.387039,1.387070,1.488101,1.644994,1.652732,1.642667,1.648993,1.656577,1.651561,1.651277,1.670831,1.654782,1.653653,1.694714,1.460240,1.072335,1.043726,1.086752,1.075906,1.137357,0.923643,0.542749,0.519723,0.582644,0.575742,0.555894,0.557514,0.549577,0.551281,0.555684,0.561745,0.548360,0.547179,0.561140
0.545223,0.532952,0.525832,0.532173,0.528225,0.541364,0.532389,0.530536,0.526588,0.526359,0.532306,0.518129,0.546009,0.541526,0.518489,0.520527,0.507829,0.498193,0.511075,0.523135,0.512730,0.498565,0.492661,0.504518,0.500340,0.498930,0.493521,0.488796,0.494218,0.520919,0.501341,0.506779,0.480062,0.394279,0.583026,0.913814,0.943151,0.895618,0.913775,0.873335,0.837148,0.835138,0.786183,0.757223,0.730350,0.679062,0.881048,1.205303,1.190900,1.136400,1.171998,1.118377,1.067553,1.056538,1.058963,1.039208,0.991089,0.946433,1.019382,1.166179,1.206714,1.157146,1.141116,1.201670,0.957601,0.567272,0.538148,0.571078,0.557707,0.507884,0.508479,0.513505,0.497784,0.515327,0.523628,0.519814,0.707175,0.950774,0.950930,0.941816,0.978597,0.932400,1.019278,1.205461,1.263932,1.234452,1.260619,1.379322,1.183062,0.791680,0.751142,0.826182,0.816733,0.829269,0.875430,0.914519,0.929909,0.959443,0.966679,0.992178,1.006549,1.026674,1.063223,1.102551,1.112283,1.125274,1.225843,1.356865,1.367563,1.358188,1.373852,1.380796,1.490954,1.648540,1.654187,1.639938,1.641881,1.658804,1.655911,1.654912,1.662411,1.646856,1.657103,1.703626,1.482051,1.060835,1.045343,1.090962,1.077177,1.122056,0.924705,0.559283,0.527840,0.590106,0.580567,0.562400,0.552934,0.543467,0.536311,0.560310,0.584175,0.564303,0.558198,0.554836
0.535086,0.540336,0.546169,0.539602,0.526068,0.537295,0.522969,0.506770,0.500887,0.532835,0.551931,0.525393,0.544650,0.532633,0.504205,0.518828,0.513285,0.490548,0.512306,0.522199,0.508797,0.497011,0.498335,0.507291,0.500157,0.482979,0.483208,0.473439,0.487542,0.524940,0.504028,0.492785,0.472222,0.413908,0.610623,0.921252,0.941573,0.898443,0.912332,0.868281,0.835026,0.830710,0.768625,0.748499,0.735988,0.667249,0.867170,1.207936,1.194973,1.132859,1.157840,1.093470,1.062256,1.051732,1.050386,1.040113,1.001468,0.954216,1.028849,1.202656,1.241316,1.185988,1.181435,1.234138,0.996103,0.604040,0.576972,0.601022,0.582005,0.566216,0.538688,0.525258,0.506697,0.522882,0.529777,0.530306,0.692141,0.951285,0.993757,0.976311,0.980320,0.954983,1.054505,1.232522,1.284838,1.240454,1.262932,1.372097,1.175287,0.772489,0.732836,0.821375,0.815641,0.815651,0.855559,0.912316,0.921038,0.949761,0.984775,1.018646,1.051474,1.053431,1.060057,1.075054,1.120757,1.106924,1.202140,1.338790,1.364331,1.363038,1.370651,1.376956,1.483116,1.652683,1.657422,1.635067,1.648039,1.664702,1.657680,1.656982,1.646555,1.639312,1.653714,1.703289,1.462134,1.051515,1.042950,1.096016,1.081165,1.123823,0.916578,0.560000,0.535887,0.595841,0.581767,0.569497,0.544239,0.534023,0.529537,0.567066,0.592218,0.562425,0.544307,0.549836
0.536610,0.529941,0.537716,0.537448,0.531831,0.545718,0.526257,0.500612,0.495922,0.533178,0.557800,0.541021,0.555859,0.537755,0.516332,0.519173,0.518159,0.506905,0.513239,0.523281,0.507858,0.491922,0.493320,0.506847,0.518305,0.487705,0.482815,0.495144,0.495514,0.509653,0.495383,0.494112,0.466286,0.404652,0.577946,0.908427,0.933507,0.892042,0.892764,0.861839,0.828781,0.811611,0.755642,0.737738,0.743500,0.671604,0.870590,1.214241,1.198219,1.124311,1.146939,1.123844,1.073980,1.069640,1.060873,1.032449,0.988808,0.947111,1.020121,1.188165,1.229131,1.194260,1.201014,1.220100,0.966537,0.593293,0.569793,0.632307,0.610113,0.597193,0.550645,0.524214,0.515212,0.525075,0.530613,0.511804,0.658192,0.934776,0.976928,0.964308,0.963234,0.930655,1.037609,1.229080,1.276271,1.231398,1.252171,1.362568,1.157372,0.755257,0.747163,0.827320,0.833033,0.829484,0.870752,0.912585,0.926204,0.945951,0.983112,1.011664,1.039573,1.052114,1.061619,1.070206,1.108753,1.094137,1.194240,1.349840,1.381928,1.381687,1.375039,1.382871,1.511543,1.650550,1.650219,1.623153,1.645824,1.673670,1.664254,1.647857,1.648713,1.638082,1.644406,1.691288,1.461355,1.059487,1.040373,1.087357,1.098874,1.140016,0.920249,0.542644,0.529638,0.592241,0.571770,0.552888,0.541174,0.537720,0.523382,0.549580,0.575851,0.549683,0.529714,0.545180
0.413833,0.427466,0.426943,0.430625,0.427240,0.436553,0.425208,0.438682,0.445138,0.425644,0.397991,0.392824,0.405345,0.416700,0.433908,0.414309,0.414178,0.429706,0.407651,0.382796,0.407713,0.417177,0.422302,0.373118,0.396965,0.398002,0.397293,0.385743,0.378853,0.373335,0.383849,0.397656,0.355514,0.293346,0.451154,0.696861,0.710813,0.662144,0.666113,0.619732,0.618023,0.628991,0.602813,0.562596,0.533945,0.523575,0.645009,0.833146,0.848661,0.782240,0.781640,0.754473,0.777506,0.802441,0.761514,0.740906,0.747627,0.745382,0.819216,0.919997,0.939547,0.918460,0.943968,0.989770,0.728212,0.327381,0.285994,0.328852,0.315133,0.330366,0.288024,0.282440,0.275919,0.285053,0.290649,0.292814,0.405832,0.609035,0.643161,0.636898,0.656121,0.651236,0.764352,0.940332,0.962409,0.958315,0.989756,1.077214,0.857749,0.512192,0.475369,0.548404,0.553509,0.560191,0.591221,0.612052,0.617731,0.633233,0.661273,0.703777,0.692556,0.664293,0.698791,0.757209,0.754539,0.783947,0.937326,1.145602,1.192757,1.188007,1.212525,1.215368,1.323276,1.469168,1.470066,1.476212,1.501890,1.491876,1.461252,1.476292,1.479363,1.467468,1.471615,1.550079,1.324531,0.912740,0.890393,0.926372,0.908687,0.976121,0.768983,0.456938,0.410420,0.462373,0.449123,0.446513,0.456077,0.464560,0.457417,0.443438,0.438278,0.444006,0.477788,0.518106
0.406669,0.420389,0.433595,0.432080,0.420071,0.427592,0.417864,0.411639,0.439423,0.422865,0.395432,0.388805,0.405848,0.414815,0.405695,0.412127,0.409357,0.417824,0.408074,0.386038,0.397221,0.396990,0.418044,0.376992,0.392827,0.391839,0.397013,0.383130,0.380191,0.380339,0.384743,0.382891,0.342571,0.280376,0.418657,0.689801,0.708269,0.654846,0.638067,0.603049,0.592021,0.626752,0.590285,0.554234,0.532657,0.509882,0.645194,0.850045,0.865108,0.788097,0.759014,0.738960,0.752384,0.758580,0.728014,0.696895,0.710536,0.711302,0.782716,0.892956,0.934355,0.885511,0.911321,0.949274,0.715431,0.296847,0.292087,0.333451,0.293880,0.290258,0.271258,0.267590,0.261126,0.266076,0.277890,0.254558,0.375686,0.578116,0.622194,0.623856,0.625600,0.645826,0.750398,0.906371,0.939062,0.943693,0.986487,1.061917,0.845880,0.510577,0.461770,0.530771,0.541341,0.565428,0.589058,0.605136,0.620732,0.633636,0.648946,0.684177,0.683408,0.663325,0.697901,0.748754,0.758141,0.779717,0.919350,1.126412,1.172308,1.175047,1.190046,1.202390,1.299278,1.446824,1.448522,1.457680,1.480102,1.456708,1.439134,1.452460,1.455195,1.446795,1.465951,1.533969,1.297940,0.875025,0.856515,0.902390,0.888311,0.968584,0.769478,0.446976,0.401553,0.454909,0.451752,0.444491,0.455748,0.468889,0.462399,0.433825,0.430896,0.436119,0.459521,0.474540
0.535850,0.527677,0.525662,0.528358,0.531230,0.547424,0.516147,0.504010,0.527724,0.529932,0.527435,0.528997,0.559208,0.552392,0.534877,0.516975,0.510918,0.510694,0.516246,0.538989,0.518731,0.498601,0.493274,0.515229,0.496148,0.482314,0.481219,0.498789,0.514728,0.524771,0.494200,0.489177,0.462604,0.390958,0.574487,0.914429,0.930725,0.880008,0.885885,0.859927,0.826952,0.796275,0.765070,0.756228,0.754802,0.669310,0.872739,1.217330,1.201170,1.134458,1.140332,1.111169,1.058039,1.049313,1.042635,1.027130,0.983405,0.925795,1.014253,1.189954,1.217862,1.169183,1.163194,1.197840,0.956673,0.557895,0.508487,0.568987,0.546167,0.542673,0.520051,0.501157,0.486204,0.497393,0.507223,0.492496,0.653494,0.942362,0.976422,0.944793,0.953468,0.907563,1.018033,1.216595,1.260849,1.217320,1.249541,1.360437,1.167127,0.773878,0.739243,0.797175,0.813413,0.853443,0.888300,0.902762,0.923769,0.945567,0.962253,1.000866,1.054655,1.040997,1.052178,1.062058,1.111232,1.113715,1.204893,1.328974,1.371335,1.373385,1.358820,1.379889,1.511837,1.640416,1.646160,1.625518,1.637180,1.653295,1.657076,1.649075,1.632966,1.618881,1.647847,1.692131,1.455117,1.062798,1.032218,1.079082,1.097507,1.130506,0.903721,0.527991,0.518610,0.591014,0.574993,0.565704,0.552486,0.534130,0.529534,0.547054,0.569533,0.551926,0.533604,0.541917
0.517792,0.504370,0.505488,0.509567,0.514332,0.534670,0.511832,0.502659,0.510161,0.517660,0.511389,0.509975,0.530416,0.524562,0.523497,0.514406,0.500009,0.498617,0.497434,0.519234,0.506769,0.500096,0.502250,0.498414,0.474609,0.474357,0.486521,0.490584,0.492799,0.497361,0.479619,0.477477,0.447793,0.388626,0.571665,0.899829,0.932638,0.875881,0.859402,0.839865,0.810899,0.765572,0.731377,0.735371,0.726885,0.646419,0.840899,1.175553,1.164484,1.101996,1.117337,1.088566,1.040771,1.031316,1.029623,1.011985,0.971574,0.914448,1.003508,1.162408,1.174400,1.127033,1.140243,1.173945,0.946750,0.560193,0.492659,0.543785,0.556454,0.555930,0.523627,0.496726,0.484348,0.500177,0.504898,0.467488,0.620736,0.911537,0.927492,0.894439,0.929273,0.880405,0.979578,1.179232,1.214331,1.174908,1.207690,1.313826,1.119380,0.740002,0.720078,0.792712,0.778498,0.804325,0.845279,0.874454,0.888649,0.919116,0.937700,0.988769,1.016128,0.999516,1.023347,1.058916,1.103878,1.121219,1.189106,1.291740,1.343108,1.344985,1.327993,1.343321,1.478271,1.612481,1.621131,1.602217,1.615120,1.629273,1.631585,1.623980,1.602891,1.592309,1.631458,1.653466,1.428445,1.067825,1.020301,1.059891,1.080251,1.120002,0.889849,0.527000,0.497520,0.567453,0.555068,0.563995,0.538522,0.492470,0.499848,0.529353,0.559466,0.545889,0.528736,0.538255
0.524069,0.531271,0.519810,0.517636,0.515536,0.532995,0.507513,0.484580,0.487020,0.520047,0.521543,0.506663,0.517746,0.526124,0.522840,0.510782,0.504019,0.488309,0.498014,0.513141,0.508220,0.505613,0.510304,0.501400,0.488720,0.500641,0.503908,0.514505,0.496199,0.484398,0.475628,0.484714,0.458162,0.385805,0.569003,0.924361,0.940330,0.875834,0.866846,0.837788,0.813664,0.788984,0.751756,0.738053,0.701349,0.625074,0.828036,1.182360,1.172768,1.099241,1.107903,1.069381,1.036064,1.010837,1.021380,1.011539,0.983737,0.943025,1.004623,1.150227,1.182864,1.133334,1.148323,1.189265,0.956703,0.569145,0.508224,0.560271,0.564112,0.565193,0.529358,0.500697,0.486653,0.510456,0.510246,0.468346,0.605321,0.874965,0.911780,0.885551,0.887993,0.878659,0.983885,1.177580,1.190699,1.153845,1.184588,1.296017,1.105477,0.713849,0.708758,0.799708,0.799779,0.816724,0.832347,0.878137,0.911239,0.938284,0.954320,0.983291,1.007776,1.023159,1.050137,1.081840,1.111052,1.109680,1.190707,1.315123,1.341227,1.340929,1.334332,1.348293,1.474318,1.611072,1.623112,1.607028,1.617507,1.640325,1.650611,1.630675,1.614114,1.609171,1.637187,1.668771,1.462001,1.088734,1.028792,1.061974,1.085061,1.141063,0.917158,0.545510,0.500969,0.557759,0.558214,0.564382,0.547728,0.503766,0.518981,0.543627,0.542327,0.544115,0.535704,0.539106
0.531693,0.527643,0.524995,0.520559,0.519369,0.530588,0.517556,0.502002,0.506548,0.530182,0.519347,0.497949,0.520485,0.514745,0.505796,0.515782,0.509797,0.481516,0.499751,0.515218,0.505392,0.504906,0.520135,0.514477,0.502820,0.494676,0.497286,0.527149,0.512065,0.476255,0.468293,0.479935,0.452103,0.386349,0.594948,0.931644,0.937247,0.876323,0.878729,0.852746,0.823154,0.793985,0.725608,0.726336,0.700631,0.599936,0.802485,1.165121,1.180386,1.104590,1.108956,1.042871,1.008546,0.998030,0.988676,0.982282,0.937172,0.916942,1.010421,1.164846,1.147764,1.094322,1.140840,1.167282,0.919214,0.548779,0.479805,0.521872,0.541775,0.541102,0.513967,0.473254,0.442637,0.469857,0.477920,0.418312,0.564843,0.832737,0.898648,0.872824,0.859571,0.872054,0.995052,1.158262,1.186718,1.143067,1.173612,1.276897,1.096048,0.710308,0.712974,0.803826,0.795153,0.805121,0.834051,0.862696,0.905867,0.921050,0.955111,0.975735,0.994496,1.028497,1.038995,1.069791,1.096288,1.076740,1.185328,1.300600,1.342399,1.347399,1.346739,1.361976,1.498194,1.631573,1.631942,1.601177,1.625282,1.652933,1.653522,1.632851,1.623009,1.610039,1.617129,1.670020,1.463458,1.085117,1.040103,1.067973,1.079782,1.149749,0.940379,0.537574,0.496366,0.555246,0.560656,0.551216,0.545803,0.532518,0.528448,0.538480,0.546349,0.548797,0.539832,0.544061
0.532052,0.520716,0.526811,0.520269,0.519481,0.529907,0.534751,0.531686,0.524125,0.527130,0.517144,0.504796,0.517060,0.509053,0.513058,0.529773,0.522903,0.501264,0.502569,0.514832,0.507299,0.520210,0.523710,0.504679,0.498488,0.493160,0.492271,0.520868,0.514155,0.488697,0.479173,0.492847,0.454582,0.398573,0.610172,0.938867,0.937401,0.884713,0.891858,0.848230,0.811231,0.784075,0.721591,0.725975,0.710620,0.613118,0.797206,1.168057,1.207063,1.121078,1.099132,1.055474,1.025541,0.990698,0.973280,0.964879,0.926940,0.904348,1.012337,1.151671,1.111356,1.077899,1.140483,1.187676,0.938157,0.547398,0.488665,0.524584,0.552436,0.542164,0.499859,0.452924,0.422600,0.454643,0.463765,0.427097,0.586385,0.847726,0.913627,0.887352,0.887790,0.884145,1.000329,1.171377,1.195808,1.166212,1.199285,1.298756,1.109504,0.741539,0.737587,0.819072,0.832367,0.841884,0.872211,0.888363,0.915957,0.928674,0.965834,0.965700,0.974021,1.011063,1.039807,1.074148,1.089758,1.094368,1.195995,1.330291,1.365946,1.377813,1.382894,1.379161,1.494773,1.633540,1.636495,1.594331,1.643143,1.657712,1.653839,1.634483,1.645232,1.631792,1.617797,1.685548,1.475146,1.081007,1.056487,1.088659,1.090562,1.169061,0.951578,0.542137,0.499707,0.554815,0.560241,0.557094,0.554995,0.549340,0.536622,0.542750,0.553340,0.540379,0.538509,0.551647
0.411664,0.425286,0.437097,0.429964,0.417223,0.411314,0.422103,0.434181,0.451520,0.420127,0.396983,0.391162,0.400398,0.404395,0.414935,0.410543,0.404114,0.415613,0.399082,0.376339,0.397107,0.405514,0.415042,0.384572,0.388693,0.387616,0.378892,0.356711,0.373547,0.387720,0.395681,0.395226,0.358114,0.288901,0.422557,0.693379,0.704569,0.650216,0.633746,0.606217,0.577160,0.624296,0.580491,0.551012,0.548528,0.514563,0.640503,0.864370,0.854903,0.780480,0.756304,0.725988,0.746810,0.763143,0.693987,0.654619,0.682003,0.665737,0.734967,0.884041,0.889340,0.858683,0.885708,0.925280,0.674606,0.262628,0.251020,0.304443,0.276135,0.264137,0.243067,0.242217,0.230680,0.221765,0.227473,0.195504,0.350934,0.576832,0.631096,0.635792,0.651454,0.643531,0.731316,0.867547,0.920710,0.923992,0.975798,1.042761,0.825687,0.506381,0.465048,0.505118,0.510739,0.549453,0.582557,0.594674,0.611014,0.627758,0.643312,0.672266,0.672228,0.655575,0.694572,0.740413,0.754954,0.768050,0.909352,1.134457,1.167935,1.176802,1.199518,1.195874,1.292453,1.451467,1.444908,1.445367,1.466183,1.444243,1.442418,1.464865,1.462404,1.446182,1.468980,1.526590,1.275464,0.883145,0.846654,0.897183,0.912220,0.971507,0.774044,0.430561,0.409891,0.457743,0.447393,0.441680,0.452564,0.455291,0.458588,0.437606,0.432954,0.433647,0.460397,0.485969
0.390286,0.416202,0.453768,0.424930,0.408439,0.428812,0.419855,0.428069,0.431379,0.410851,0.384193,0.377988,0.399484,0.405552,0.401141,0.402718,0.391845,0.409118,0.399154,0.383577,0.390308,0.395690,0.402200,0.381277,0.393529,0.384721,0.354652,0.365480,0.375849,0.375362,0.379455,0.380252,0.351728,0.267591,0.405021,0.692272,0.705236,0.645491,0.621092,0.613894,0.608164,0.620216,0.559573,0.536917,0.544148,0.505884,0.607487,0.821768,0.837982,0.774294,0.737378,0.691817,0.719304,0.735016,0.695458,0.660105,0.673495,0.620131,0.698994,0.868758,0.852457,0.811203,0.830644,0.884654,0.628154,0.240468,0.222748,0.262090,0.231440,0.205605,0.230729,0.227963,0.204153,0.211937,0.197576,0.167473,0.310455,0.569103,0.603289,0.601944,0.619247,0.599320,0.687005,0.841708,0.895142,0.879323,0.931127,0.995135,0.809219,0.485517,0.426184,0.451995,0.472320,0.540832,0.570547,0.581913,0.596802,0.613067,0.641180,0.673066,0.655499,0.637001,0.664483,0.723797,0.743567,0.739216,0.888613,1.129066,1.174145,1.167256,1.179577,1.181071,1.284855,1.435014,1.404690,1.394993,1.452619,1.448594,1.425240,1.426096,1.445123,1.442179,1.452524,1.486277,1.244041,0.882598,0.839838,0.877156,0.897181,0.946975,0.755084,0.431235,0.399581,0.453458,0.447760,0.439412,0.441592,0.435182,0.443638,0.435323,0.433732,0.436482,0.453809,0.492939
0.529240,0.515638,0.535194,0.525690,0.526618,0.539599,0.527874,0.512121,0.510131,0.521647,0.517375,0.505813,0.522180,0.514883,0.510672,0.508527,0.502549,0.484810,0.491717,0.500596,0.498459,0.502414,0.503921,0.498570,0.494694,0.489151,0.484157,0.505450,0.490673,0.473494,0.468123,0.486586,0.449091,0.381854,0.598137,0.950015,0.953875,0.882088,0.888088,0.858876,0.835232,0.802803,0.740581,0.725311,0.701733,0.610548,0.795764,1.149200,1.179764,1.098692,1.070064,1.022875,0.974602,0.968740,0.958317,0.938263,0.911580,0.877122,0.973625,1.111223,1.090134,1.054199,1.121053,1.153583,0.892797,0.505532,0.454352,0.484487,0.484957,0.485750,0.472475,0.442749,0.400505,0.422836,0.434397,0.402339,0.525165,0.813591,0.890164,0.866346,0.841258,0.823784,0.951841,1.135040,1.160459,1.128754,1.170053,1.249683,1.048310,0.690797,0.711275,0.782109,0.766613,0.781283,0.841716,0.867716,0.892209,0.878924,0.922516,0.942504,0.967256,1.025261,1.042489,1.067684,1.087259,1.071875,1.182861,1.314550,1.349102,1.350547,1.349254,1.364798,1.471394,1.611356,1.623099,1.584863,1.608912,1.643807,1.656096,1.635697,1.631477,1.613463,1.608866,1.666679,1.447260,1.094695,1.056281,1.072977,1.075130,1.143344,0.936637,0.549648,0.502960,0.558344,0.568562,0.559322,0.552358,0.539644,0.540137,0.541911,0.547238,0.552488,0.538002,0.533975
0.543659,0.537392,0.537990,0.533753,0.536093,0.535435,0.525640,0.510931,0.512873,0.520029,0.535567,0.522919,0.517900,0.509982,0.516908,0.532450,0.528599,0.494766,0.490992,0.487520,0.490324,0.502866,0.520771,0.517533,0.497779,0.495338,0.503020,0.491293,0.483552,0.486149,0.479090,0.489232,0.445083,0.391984,0.599412,0.945809,0.941382,0.878717,0.892446,0.821960,0.796026,0.794310,0.748460,0.734114,0.696031,0.589732,0.804544,1.167375,1.181214,1.105772,1.087726,1.032400,0.980419,0.985506,0.973678,0.947812,0.915039,0.901892,0.995383,1.127671,1.109144,1.068455,1.122669,1.150989,0.905400,0.514625,0.448757,0.498858,0.485678,0.489415,0.482180,0.462154,0.424192,0.450378,0.462038,0.441280,0.565461,0.833057,0.916704,0.876237,0.845037,0.846388,0.978881,1.158811,1.173244,1.139776,1.176192,1.261058,1.043740,0.700367,0.709435,0.778733,0.759399,0.781269,0.842489,0.883794,0.901849,0.876760,0.919214,0.950759,0.981428,1.034949,1.057246,1.084377,1.104810,1.098633,1.191056,1.312436,1.344113,1.353829,1.366114,1.377643,1.490815,1.636059,1.637015,1.607424,1.632413,1.649263,1.647468,1.628324,1.628456,1.618530,1.624043,1.693967,1.475419,1.108727,1.056181,1.082025,1.081383,1.148677,0.938784,0.546656,0.510358,0.569069,0.558735,0.555015,0.550556,0.546849,0.541924,0.543226,0.561686,0.554778,0.548965,0.549160
0.530311,0.530161,0.555438,0.548425,0.532456,0.531945,0.538051,0.528226,0.505685,0.511518,0.530318,0.518962,0.505423,0.499567,0.503934,0.508882,0.514852,0.487902,0.486304,0.479359,0.490157,0.495793,0.511644,0.500698,0.491315,0.483832,0.500070,0.494500,0.481328,0.480356,0.469943,0.475133,0.431712,0.388616,0.593252,0.929606,0.924756,0.860010,0.877378,0.831270,0.806012,0.782116,0.750399,0.741770,0.716788,0.616998,0.810117,1.151298,1.177375,1.096803,1.074013,1.041372,1.010537,1.005726,0.984267,0.957156,0.935785,0.920433,1.012052,1.135461,1.128330,1.081036,1.092779,1.124747,0.901577,0.513178,0.468177,0.509697,0.483005,0.487020,0.482018,0.444709,0.437796,0.476580,0.471577,0.426681,0.593032,0.866182,0.906674,0.864614,0.862986,0.872120,0.985701,1.135389,1.164040,1.141087,1.174005,1.257812,1.064579,0.709271,0.713570,0.785881,0.780239,0.803861,0.852637,0.883280,0.893299,0.890978,0.918306,0.927533,0.962943,1.019608,1.045462,1.072868,1.091336,1.100849,1.189172,1.313244,1.328308,1.346205,1.369098,1.362935,1.465242,1.631554,1.632378,1.609905,1.638827,1.636657,1.618859,1.621405,1.641871,1.625998,1.627194,1.692461,1.468673,1.070085,1.043572,1.079340,1.080348,1.133569,0.929188,0.546421,0.521787,0.579218,0.555161,0.546126,0.543257,0.549830,0.542663,0.545136,0.559684,0.564933,0.551079,0.541446
0.512112,0.518225,0.554095,0.544974,0.525993,0.525976,0.540380,0.528455,0.506591,0.524126,0.536686,0.517509,0.503857,0.505005,0.502064,0.491683,0.501710,0.505794,0.499552,0.497584,0.496393,0.502937,0.504153,0.465896,0.481328,0.486072,0.478854,0.476239,0.487438,0.504419,0.500034,0.487829,0.440299,0.386627,0.594203,0.944697,0.940612,0.860082,0.859207,0.833401,0.827610,0.773860,0.731913,0.730450,0.728616,0.642843,0.810345,1.152376,1.180314,1.099934,1.070908,1.045436,1.013748,1.007080,0.971967,0.946240,0.934141,0.919627,1.010515,1.143416,1.138522,1.081021,1.099921,1.140270,0.894026,0.508528,0.460684,0.497981,0.479771,0.471518,0.463058,0.421384,0.413812,0.442112,0.438296,0.416557,0.594249,0.871190,0.884265,0.841363,0.839885,0.857839,0.975794,1.120526,1.159032,1.156554,1.202237,1.264795,1.045597,0.705619,0.704991,0.784171,0.784528,0.823315,0.868856,0.916069,0.894795,0.897589,0.927881,0.954081,0.984232,1.009677,1.022879,1.055717,1.100538,1.117712,1.200959,1.335758,1.355163,1.371711,1.409371,1.385336,1.472923,1.643126,1.657378,1.645368,1.643945,1.646815,1.625995,1.639643,1.657927,1.644743,1.648589,1.703734,1.468896,1.086173,1.058634,1.087783,1.074732,1.134893,0.929646,0.561729,0.538279,0.590890,0.566221,0.547717,0.545093,0.540188,0.538105,0.540733,0.558298,0.563163,0.540520,0.536882
0.517039,0.518172,0.541826,0.546150,0.548527,0.537917,0.537472,0.527535,0.512331,0.524077,0.525415,0.513900,0.517254,0.514327,0.505856,0.500902,0.513585,0.528836,0.501944,0.496846,0.500001,0.498968,0.483400,0.465108,0.473398,0.495971,0.500071,0.478807,0.490608,0.528074,0.498400,0.486363,0.469682,0.387415,0.574936,0.947279,0.948922,0.866920,0.827770,0.815417,0.807793,0.772860,0.746721,0.736474,0.723424,0.643475,0.815418,1.130059,1.152006,1.094408,1.073085,1.050350,1.038314,1.018885,0.992518,0.953404,0.930525,0.897040,0.973552,1.136009,1.140193,1.074902,1.108063,1.171569,0.919826,0.507208,0.454487,0.507553,0.485179,0.459861,0.438260,0.417050,0.406014,0.432453,0.456279,0.411542,0.584450,0.886835,0.894076,0.836148,0.847226,0.882848,1.006434,1.148516,1.173728,1.175733,1.192256,1.269825,1.057729,0.695541,0.701776,0.776055,0.768684,0.799600,0.860023,0.907171,0.890784,0.906871,0.947546,0.944115,0.962455,1.015155,1.029815,1.067126,1.111971,1.120715,1.191346,1.326658,1.368997,1.383978,1.392455,1.377288,1.465693,1.634333,1.643200,1.639521,1.624606,1.631651,1.621480,1.638971,1.645572,1.635106,1.642749,1.708010,1.474938,1.086893,1.049826,1.085385,1.071622,1.127676,0.920808,0.564709,0.535372,0.585819,0.552970,0.546712,0.544381,0.522914,0.528075,0.528046,0.547444,0.541871,0.531515,0.543751
0.402359,0.430831,0.449621,0.426364,0.415444,0.438116,0.413070,0.408337,0.410026,0.414494,0.397832,0.396707,0.404010,0.406406,0.390578,0.404832,0.400050,0.403937,0.398101,0.387284,0.390839,0.384329,0.404650,0.401302,0.397958,0.387234,0.372554,0.366706,0.381095,0.386179,0.380553,0.376411,0.363673,0.264324,0.414898,0.710270,0.733611,0.660832,0.630120,0.586155,0.578563,0.628982,0.574431,0.552832,0.552912,0.516434,0.624912,0.831642,0.846205,0.782086,0.740970,0.703503,0.712309,0.750963,0.686720,0.651044,0.665759,0.600527,0.692663,0.867409,0.864640,0.802870,0.847889,0.893093,0.624101,0.227586,0.209633,0.254405,0.213360,0.194582,0.224642,0.247349,0.206398,0.206517,0.230218,0.178279,0.328222,0.593883,0.636929,0.633221,0.635706,0.606500,0.685041,0.849234,0.910095,0.893602,0.930838,0.997415,0.797536,0.474806,0.418658,0.438116,0.452298,0.531930,0.562639,0.565831,0.594968,0.612143,0.632623,0.683106,0.689048,0.648393,0.673135,0.727762,0.754228,0.746236,0.902071,1.147792,1.190061,1.188601,1.209308,1.193975,1.299430,1.450688,1.458220,1.448044,1.464920,1.452556,1.454118,1.467060,1.453195,1.429143,1.450543,1.520266,1.287438,0.885911,0.849197,0.905002,0.905832,0.932655,0.736908,0.408887,0.398387,0.458424,0.449715,0.439136,0.453168,0.460321,0.471885,0.440521,0.428477,0.419564,0.445975,0.467668
0.391600,0.411053,0.449287,0.427120,0.424181,0.432758,0.400531,0.407663,0.417031,0.416997,0.403813,0.397398,0.398311,0.402312,0.395089,0.400092,0.393287,0.403734,0.402487,0.384947,0.379608,0.369478,0.396839,0.397605,0.397979,0.388559,0.369151,0.369795,0.377385,0.365742,0.362124,0.378223,0.367108,0.291558,0.433165,0.731407,0.729482,0.654174,0.644584,0.624992,0.612637,0.643412,0.577451,0.566441,0.560268,0.501555,0.611056,0.823498,0.822995,0.764111,0.733745,0.707054,0.714300,0.736423,0.682808,0.627455,0.630651,0.583475,0.693950,0.847192,0.823896,0.796902,0.821952,0.869177,0.607278,0.222455,0.196349,0.223689,0.198316,0.194522,0.210907,0.217908,0.193965,0.184534,0.202976,0.194620,0.328707,0.562890,0.622251,0.616720,0.601397,0.564836,0.656578,0.844919,0.898203,0.857766,0.893823,0.982516,0.791196,0.460566,0.436451,0.475792,0.468276,0.542894,0.555130,0.562910,0.596368,0.618141,0.638630,0.672779,0.671735,0.661703,0.703221,0.738075,0.752855,0.734526,0.894371,1.138648,1.188851,1.189836,1.210089,1.203693,1.306349,1.458441,1.473617,1.437184,1.446499,1.462176,1.465552,1.470922,1.463167,1.454000,1.474926,1.543546,1.299016,0.889978,0.857871,0.905450,0.911756,0.946338,0.747651,0.401708,0.400886,0.460554,0.441950,0.428334,0.448564,0.460524,0.466028,0.447575,0.436754,0.428757,0.457646,0.483834
0.548920,0.524840,0.535661,0.548653,0.563636,0.545869,0.537467,0.511988,0.489662,0.516441,0.528259,0.501902,0.503575,0.509599,0.502183,0.492751,0.487993,0.505250,0.493589,0.501132,0.496173,0.501016,0.473100,0.470813,0.484165,0.494032,0.503879,0.486102,0.491062,0.517235,0.501204,0.496099,0.465098,0.402261,0.602967,0.965383,0.944084,0.853447,0.850281,0.843074,0.830641,0.780604,0.769011,0.754836,0.720404,0.626076,0.806364,1.140757,1.144604,1.065486,1.061073,1.068576,1.064555,1.023238,0.988317,0.953185,0.927827,0.897778,0.976419,1.133119,1.132090,1.063217,1.066271,1.108555,0.873727,0.481578,0.435913,0.501277,0.492497,0.462957,0.410650,0.416200,0.396968,0.441060,0.464000,0.414337,0.578115,0.881929,0.893379,0.833831,0.834107,0.842711,0.974259,1.129052,1.157363,1.131439,1.175222,1.258677,1.049681,0.680256,0.686921,0.773257,0.762615,0.789410,0.850296,0.879562,0.884855,0.903133,0.922837,0.941246,0.974920,1.021856,1.046281,1.085496,1.118138,1.112816,1.193663,1.328462,1.352759,1.366182,1.391204,1.372672,1.464498,1.647782,1.656581,1.629354,1.615836,1.651937,1.638943,1.643711,1.643358,1.620268,1.651027,1.723288,1.481249,1.084935,1.057479,1.101077,1.080285,1.138159,0.919457,0.558974,0.544973,0.588019,0.551365,0.540954,0.542110,0.521798,0.523384,0.535312,0.549104,0.552292,0.531165,0.520627
0.543626,0.521626,0.522051,0.545927,0.554687,0.529234,0.520133,0.504741,0.486638,0.510095,0.519950,0.484092,0.498637,0.511111,0.498284,0.516557,0.503302,0.499942,0.505986,0.508982,0.497347,0.502261,0.470949,0.454857,0.467288,0.485220,0.497099,0.479754,0.488914,0.513194,0.484961,0.495442,0.470659,0.385925,0.581715,0.944969,0.970946,0.858073,0.819211,0.831999,0.824615,0.776972,0.771544,0.752838,0.707738,0.646452,0.815826,1.131512,1.127507,1.063940,1.068904,1.054907,1.048032,1.034905,0.997701,0.956720,0.933082,0.887772,0.961113,1.123682,1.138225,1.067727,1.052735,1.092651,0.839662,0.448846,0.432155,0.496217,0.471605,0.442073,0.408762,0.404408,0.391154,0.432662,0.465150,0.418092,0.583695,0.891950,0.905600,0.841757,0.855599,0.847976,0.955617,1.100637,1.138411,1.121301,1.162189,1.237587,1.030330,0.676132,0.668922,0.756031,0.770813,0.807277,0.836785,0.842945,0.879905,0.903715,0.910131,0.949900,0.991706,1.001948,1.034119,1.073689,1.102559,1.112444,1.207061,1.332046,1.359627,1.374596,1.408486,1.381306,1.462646,1.636624,1.659076,1.645565,1.659073,1.623411,1.607559,1.629486,1.632489,1.615572,1.639593,1.705856,1.466740,1.059561,1.052414,1.092637,1.075287,1.124404,0.912761,0.559916,0.529244,0.569418,0.532114,0.530059,0.540074,0.537983,0.508850,0.518537,0.552723,0.539162,0.532691,0.548151
0.527665,0.509763,0.532526,0.538635,0.542218,0.542109,0.514800,0.499066,0.512915,0.531668,0.528305,0.489697,0.503217,0.514243,0.500857,0.521310,0.507605,0.486474,0.513899,0.520322,0.506305,0.507235,0.477588,0.463398,0.474056,0.487100,0.487813,0.483381,0.479408,0.488667,0.495695,0.520354,0.475378,0.388931,0.583370,0.970946,1.002744,0.885214,0.818540,0.828842,0.823074,0.786648,0.760767,0.750706,0.727428,0.661328,0.830873,1.140084,1.143998,1.084763,1.083615,1.089101,1.074294,1.044429,1.012546,0.975849,0.934404,0.872491,0.960358,1.130311,1.136034,1.083503,1.091680,1.120957,0.854548,0.454247,0.436682,0.494771,0.459203,0.436446,0.424010,0.410421,0.396453,0.439784,0.472681,0.412791,0.569525,0.892746,0.905004,0.848390,0.855017,0.864268,0.974877,1.121644,1.142699,1.143627,1.185294,1.251889,1.029804,0.689444,0.681387,0.759906,0.765800,0.824551,0.844684,0.849829,0.877874,0.911088,0.941798,0.959057,0.986896,1.008524,1.032246,1.078716,1.120654,1.124997,1.222540,1.347126,1.381281,1.384306,1.397647,1.363040,1.465320,1.637282,1.662907,1.664182,1.658464,1.620913,1.613573,1.642367,1.640338,1.627774,1.648507,1.715854,1.475932,1.054556,1.037159,1.085172,1.063029,1.123511,0.919897,0.558571,0.520165,0.565562,0.528264,0.536803,0.548513,0.546967,0.520951,0.512248,0.530524,0.539632,0.543187,0.544168
0.531918,0.515753,0.520848,0.537821,0.547775,0.526857,0.521309,0.504821,0.517857,0.529005,0.528201,0.499361,0.510482,0.510894,0.511846,0.533391,0.515624,0.493626,0.517904,0.523236,0.511981,0.504476,0.487840,0.481540,0.471301,0.482762,0.493135,0.491309,0.499088,0.495230,0.493758,0.514460,0.484409,0.404729,0.593048,0.959394,0.987394,0.885575,0.827797,0.830064,0.822010,0.797212,0.750302,0.740751,0.718876,0.654889,0.831159,1.157793,1.140530,1.087769,1.096132,1.079648,1.058886,1.023127,0.990076,0.952645,0.918727,0.875392,0.961824,1.112719,1.108388,1.072020,1.085841,1.118356,0.867111,0.484076,0.435819,0.497265,0.486567,0.458045,0.439842,0.437521,0.415071,0.449739,0.479465,0.431632,0.582462,0.874968,0.897900,0.851085,0.865270,0.870833,0.977074,1.142751,1.168594,1.149754,1.196500,1.262572,1.040762,0.700148,0.676933,0.748955,0.757665,0.795711,0.835091,0.881303,0.876037,0.903055,0.958032,0.962478,0.975504,0.996326,1.021002,1.075191,1.118486,1.120857,1.218518,1.346402,1.364951,1.366909,1.395600,1.362340,1.456268,1.624618,1.646446,1.637013,1.653051,1.626001,1.627325,1.643905,1.637094,1.623731,1.639404,1.701382,1.460997,1.059533,1.060228,1.087203,1.051956,1.123416,0.918625,0.557019,0.532470,0.568258,0.520492,0.544240,0.551288,0.526047,0.522390,0.516318,0.513766,0.534079,0.527983,0.535384
0.540432,0.537474,0.533791,0.546526,0.554194,0.556856,0.519170,0.485661,0.519182,0.526970,0.524865,0.505105,0.510620,0.512165,0.509008,0.531307,0.519237,0.502430,0.529638,0.537444,0.510913,0.504506,0.493682,0.489049,0.480850,0.483727,0.493976,0.514636,0.509033,0.475523,0.479982,0.504507,0.489762,0.418257,0.628499,0.963487,1.001195,0.910426,0.867933,0.858872,0.836394,0.825246,0.782678,0.755256,0.729210,0.656810,0.840106,1.169724,1.165490,1.111290,1.117178,1.100836,1.079825,1.048427,1.014204,0.972581,0.926677,0.884559,0.971555,1.098255,1.113922,1.080028,1.097139,1.134346,0.870350,0.483229,0.437811,0.497872,0.504696,0.466640,0.447918,0.448757,0.437489,0.465277,0.481661,0.420223,0.566399,0.843864,0.887199,0.846823,0.875296,0.864445,0.973564,1.165100,1.183738,1.159268,1.203754,1.274547,1.068153,0.709484,0.670334,0.737976,0.769044,0.803122,0.825440,0.850064,0.868457,0.902569,0.963401,0.969818,0.970256,1.003647,1.034218,1.087108,1.139727,1.129279,1.229825,1.368873,1.395020,1.385838,1.422094,1.385926,1.481641,1.642399,1.672646,1.659003,1.664523,1.645700,1.657409,1.664878,1.671715,1.655150,1.656214,1.716297,1.493513,1.083874,1.062240,1.096868,1.062624,1.126721,0.918436,0.555538,0.526030,0.566934,0.525077,0.540920,0.555706,0.547126,0.530881,0.539623,0.532337,0.544993,0.542539,0.547110
0.408105,0.434205,0.458643,0.419742,0.406205,0.424267,0.397391,0.399556,0.408270,0.409651,0.398044,0.398989,0.401141,0.409791,0.401187,0.392938,0.398298,0.417194,0.410189,0.390826,0.391131,0.379017,0.402313,0.403903,0.382853,0.363851,0.364421,0.379258,0.384659,0.351202,0.357693,0.374523,0.366020,0.284420,0.425663,0.726320,0.716426,0.654171,0.645526,0.625284,0.601533,0.636560,0.597385,0.583661,0.542062,0.488396,0.609920,0.826025,0.809222,0.751256,0.732686,0.677932,0.673486,0.699581,0.666150,0.639444,0.624709,0.574819,0.679651,0.821977,0.827937,0.781053,0.808815,0.855822,0.610655,0.223763,0.184077,0.222906,0.197852,0.204486,0.210635,0.195112,0.175125,0.187086,0.181416,0.166155,0.301115,0.542839,0.600876,0.606090,0.602659,0.532325,0.653324,0.857245,0.894833,0.842157,0.905332,0.994972,0.790807,0.447304,0.400334,0.433361,0.467676,0.537281,0.551855,0.562946,0.598019,0.609104,0.614611,0.674022,0.683675,0.651466,0.694754,0.730694,0.745747,0.715195,0.899542,1.155228,1.199675,1.201082,1.224238,1.215797,1.317839,1.458686,1.476693,1.447351,1.444080,1.462886,1.470747,1.471282,1.457894,1.456586,1.481349,1.522062,1.299339,0.919615,0.857093,0.891625,0.907238,0.917688,0.736229,0.399061,0.396197,0.460877,0.456958,0.423678,0.442905,0.448280,0.448275,0.429975,0.453305,0.431203,0.453790,0.469161
0.421038,0.441179,0.459644,0.425787,0.401558,0.419462,0.399943,0.416600,0.425059,0.422241,0.410627,0.407954,0.410617,0.412171,0.410007,0.408229,0.415587,0.419082,0.403547,0.384588,0.393299,0.383891,0.409022,0.410110,0.377138,0.364493,0.375006,0.380048,0.385200,0.364521,0.340980,0.366428,0.374689,0.295543,0.437691,0.746680,0.698821,0.631562,0.653534,0.654662,0.636472,0.629548,0.594745,0.582370,0.543049,0.474364,0.599757,0.834797,0.814067,0.743653,0.708990,0.662191,0.663691,0.702542,0.691668,0.648452,0.629144,0.588572,0.706423,0.826722,0.828290,0.799616,0.825458,0.868513,0.620216,0.220100,0.181210,0.232893,0.209293,0.202717,0.169718,0.155613,0.144677,0.172101,0.169417,0.172009,0.313749,0.557422,0.610486,0.600947,0.597522,0.543347,0.663925,0.847835,0.898990,0.863322,0.922058,1.014876,0.808669,0.453776,0.422546,0.465336,0.479396,0.525911,0.539697,0.578419,0.594891,0.616515,0.648047,0.690523,0.691480,0.668501,0.703203,0.740682,0.754400,0.732772,0.909719,1.170017,1.218633,1.223974,1.246840,1.211790,1.317283,1.487690,1.494998,1.457783,1.450689,1.464399,1.478711,1.483025,1.442507,1.448999,1.498800,1.535563,1.279710,0.915360,0.863477,0.915783,0.922175,0.925080,0.749350,0.415418,0.401533,0.458183,0.453916,0.428870,0.445327,0.442866,0.424482,0.415462,0.447403,0.430958,0.457597,0.477183
0.532769,0.527641,0.534675,0.544552,0.537941,0.529989,0.511668,0.473921,0.504194,0.524545,0.531126,0.506197,0.501198,0.505895,0.512885,0.538225,0.515979,0.487215,0.513772,0.523889,0.508868,0.509796,0.500765,0.482335,0.475503,0.488373,0.501766,0.494467,0.495783,0.493791,0.473474,0.485582,0.475592,0.418661,0.612747,0.939540,0.991986,0.906986,0.883293,0.859205,0.839137,0.808940,0.773072,0.740622,0.719526,0.638426,0.817747,1.149272,1.168169,1.074616,1.070820,1.069680,1.046592,1.024997,0.997966,0.975883,0.932417,0.906539,0.983155,1.093964,1.110089,1.076974,1.083253,1.123591,0.852564,0.449346,0.430199,0.504006,0.501658,0.444806,0.419304,0.434517,0.483478,0.486787,0.464113,0.417521,0.563552,0.820204,0.879483,0.840248,0.894735,0.904499,0.986991,1.157416,1.173826,1.165518,1.193871,1.260676,1.053652,0.692714,0.654366,0.744718,0.785410,0.789500,0.815505,0.863799,0.871377,0.902902,0.950568,0.959406,0.977595,1.015252,1.017110,1.076032,1.129446,1.133782,1.219877,1.346014,1.389106,1.377301,1.400529,1.367685,1.457083,1.625735,1.661212,1.658730,1.652225,1.625274,1.637975,1.647829,1.642493,1.622186,1.639292,1.698892,1.477439,1.070990,1.050634,1.070419,1.054100,1.123073,0.911083,0.552746,0.514557,0.558512,0.513191,0.534974,0.549513,0.543381,0.513242,0.513324,0.516097,0.533484,0.537613,0.538737
0.525433,0.510550,0.529777,0.536743,0.531211,0.516532,0.514826,0.493117,0.497888,0.515864,0.521713,0.502123,0.504042,0.511935,0.516649,0.527285,0.505847,0.488716,0.513183,0.525755,0.508616,0.504282,0.500180,0.479797,0.468284,0.473049,0.476626,0.488734,0.485741,0.477243,0.461090,0.477544,0.474542,0.418438,0.590311,0.924505,0.998695,0.917733,0.865732,0.851007,0.831343,0.806259,0.778665,0.759685,0.709683,0.637455,0.828942,1.145669,1.139699,1.069694,1.093715,1.048070,1.022522,1.034667,1.016425,0.998035,0.945744,0.899019,0.978448,1.099709,1.115277,1.080976,1.071788,1.102673,0.863267,0.467733,0.461230,0.519387,0.482245,0.457401,0.444449,0.451546,0.467186,0.486604,0.480927,0.436373,0.576217,0.817605,0.857263,0.851425,0.903355,0.895448,0.983698,1.155461,1.187091,1.163516,1.190934,1.268204,1.075213,0.706738,0.663573,0.757074,0.789279,0.798085,0.815934,0.841189,0.871368,0.915394,0.967834,0.967461,0.967202,1.006937,1.024192,1.085914,1.105823,1.131910,1.214885,1.338638,1.380762,1.385543,1.395573,1.384997,1.471366,1.625579,1.649207,1.641748,1.637593,1.618476,1.635368,1.644808,1.639016,1.619498,1.633034,1.690570,1.470869,1.077323,1.032374,1.054708,1.056481,1.134330,0.925695,0.530966,0.502830,0.552774,0.531782,0.521942,0.538202,0.544859,0.519556,0.516669,0.528349,0.540127,0.549044,0.545264
0.535041,0.530398,0.532885,0.540932,0.534208,0.516775,0.519300,0.523031,0.506630,0.510721,0.519294,0.504026,0.508024,0.515296,0.522311,0.516450,0.511296,0.511998,0.519240,0.522537,0.514126,0.502957,0.504319,0.504906,0.484142,0.476406,0.472797,0.486647,0.482383,0.469067,0.461966,0.489845,0.496298,0.415971,0.587739,0.928081,0.976911,0.924690,0.888519,0.860062,0.832002,0.807201,0.772170,0.766912,0.728645,0.635961,0.825491,1.158697,1.163013,1.086997,1.100839,1.048713,1.014474,1.012844,1.002964,0.996939,0.949621,0.889933,0.963524,1.101124,1.116823,1.081003,1.100684,1.147147,0.879969,0.481184,0.437684,0.493872,0.481033,0.489677,0.466331,0.438629,0.456759,0.465378,0.456323,0.425722,0.564995,0.820166,0.857716,0.847359,0.896443,0.882301,0.970600,1.158782,1.194611,1.186300,1.222963,1.295865,1.091940,0.733989,0.680757,0.773988,0.798591,0.797461,0.821110,0.880122,0.873229,0.915277,0.978313,0.978544,0.981455,1.017334,1.035651,1.074595,1.101577,1.136077,1.226806,1.346377,1.393157,1.403515,1.420322,1.378475,1.463562,1.634441,1.662480,1.658004,1.655974,1.648970,1.654810,1.656684,1.639930,1.640057,1.658747,1.704505,1.474763,1.095331,1.024686,1.056602,1.073108,1.136133,0.902572,0.529741,0.514268,0.562347,0.532810,0.522455,0.536390,0.542284,0.536107,0.545234,0.540147,0.544497,0.543480,0.538509
0.530044,0.528473,0.532851,0.535404,0.523214,0.504336,0.504404,0.509359,0.501232,0.511199,0.516666,0.493738,0.483112,0.490242,0.515358,0.524280,0.516671,0.505817,0.506508,0.506765,0.502827,0.502621,0.502879,0.492698,0.489271,0.488607,0.469029,0.462339,0.485022,0.486270,0.463186,0.483009,0.499618,0.411489,0.564499,0.905576,0.946701,0.915643,0.910645,0.864859,0.826496,0.799230,0.763103,0.762472,0.727207,0.639824,0.827351,1.166534,1.171470,1.090105,1.111947,1.044251,1.008010,1.014146,0.995142,0.980221,0.942281,0.896882,0.968645,1.094126,1.126503,1.108299,1.107410,1.153867,0.912590,0.513779,0.434494,0.493394,0.487238,0.489950,0.460274,0.426375,0.448508,0.466302,0.456319,0.418545,0.562235,0.824984,0.871615,0.883277,0.899462,0.872616,0.960366,1.153925,1.186053,1.177753,1.212569,1.287976,1.074653,0.714509,0.688006,0.787515,0.785210,0.773875,0.819281,0.887807,0.897849,0.920639,0.963531,0.978904,1.002230,1.033943,1.054314,1.072800,1.094383,1.122430,1.224988,1.345016,1.390801,1.399513,1.406760,1.372599,1.455374,1.613453,1.644185,1.630338,1.609238,1.635454,1.648242,1.649672,1.650685,1.638322,1.637525,1.689921,1.452676,1.078992,1.017946,1.063352,1.065624,1.132607,0.898214,0.525498,0.506900,0.546911,0.511587,0.510596,0.525963,0.527257,0.530670,0.539311,0.532180,0.540590,0.538943,0.533571
0.510935,0.513732,0.533472,0.536999,0.524830,0.509055,0.507888,0.508358,0.498504,0.507826,0.502209,0.485140,0.485416,0.491141,0.507182,0.508286,0.505552,0.498777,0.491331,0.490771,0.493509,0.507166,0.503817,0.481902,0.484082,0.494739,0.473512,0.439245,0.464152,0.486140,0.464037,0.488575,0.512298,0.421723,0.574665,0.934362,0.955613,0.904617,0.893159,0.865192,0.839654,0.808987,0.759236,0.760785,0.741372,0.637602,0.821109,1.187866,1.190568,1.106506,1.116080,1.047231,1.010189,1.031647,1.004205,0.991589,0.963918,0.897376,0.957043,1.103915,1.127103,1.098740,1.097601,1.180811,0.928632,0.519496,0.454045,0.513431,0.500507,0.498621,0.471496,0.428357,0.413169,0.446660,0.447490,0.392095,0.546980,0.826657,0.867075,0.874549,0.891234,0.894635,0.985588,1.173967,1.204661,1.192434,1.228709,1.298195,1.077693,0.709245,0.681909,0.783539,0.796199,0.803144,0.830197,0.887056,0.909501,0.922247,0.983419,0.981871,0.993277,1.026248,1.081070,1.100771,1.106773,1.135725,1.233851,1.342080,1.388668,1.403671,1.419453,1.377139,1.448924,1.618813,1.639848,1.618834,1.620880,1.644979,1.661634,1.660974,1.662165,1.641030,1.639262,1.698393,1.457749,1.069802,1.023868,1.063232,1.059943,1.135121,0.908408,0.522272,0.501481,0.548003,0.529724,0.508762,0.520832,0.541666,0.541260,0.533767,0.528301,0.543745,0.557514,0.542179
0.404448,0.409155,0.442771,0.424174,0.414972,0.426776,0.425274,0.416191,0.394452,0.406701,0.407481,0.392309,0.417803,0.425065,0.403226,0.400375,0.400482,0.411486,0.402044,0.381417,0.382669,0.380832,0.389338,0.375686,0.376361,0.381038,0.383772,0.375746,0.370212,0.355793,0.344912,0.370370,0.383511,0.300849,0.452511,0.763610,0.737252,0.655836,0.662172,0.651964,0.634907,0.628997,0.600217,0.577847,0.542514,0.473280,0.594056,0.842804,0.825559,0.744893,0.700021,0.678066,0.679543,0.724815,0.707466,0.675739,0.651312,0.617180,0.720921,0.854982,0.846357,0.814765,0.850627,0.893482,0.630354,0.234190,0.200683,0.252470,0.218402,0.198024,0.163662,0.167489,0.147611,0.176560,0.174148,0.171042,0.323344,0.558754,0.585386,0.591357,0.602718,0.543493,0.668874,0.864064,0.895072,0.857690,0.902680,1.005242,0.793145,0.434160,0.413131,0.448459,0.485387,0.528037,0.557864,0.590807,0.602632,0.634606,0.671552,0.683089,0.682615,0.693244,0.723810,0.758339,0.755552,0.728669,0.910253,1.170967,1.205739,1.207148,1.247901,1.213342,1.305793,1.475688,1.488371,1.451225,1.462535,1.473944,1.464568,1.477390,1.473649,1.477146,1.480181,1.536790,1.285943,0.920989,0.889131,0.924650,0.911502,0.942279,0.767495,0.423720,0.400273,0.450028,0.441870,0.428211,0.439815,0.435172,0.426657,0.415702,0.436679,0.409257,0.436579,0.469467
0.413663,0.411856,0.418109,0.419115,0.413120,0.418219,0.412302,0.416737,0.396956,0.404014,0.410856,0.417012,0.417146,0.415442,0.406529,0.407840,0.405604,0.408426,0.390806,0.377760,0.365515,0.376820,0.387106,0.407979,0.384156,0.394810,0.383577,0.383523,0.381739,0.373078,0.347116,0.367136,0.375987,0.307456,0.458322,0.761622,0.720487,0.667235,0.692261,0.662277,0.625521,0.646992,0.626611,0.591201,0.545350,0.474511,0.603693,0.854575,0.826870,0.742209,0.702133,0.688026,0.708448,0.720922,0.705641,0.673515,0.645465,0.614799,0.714946,0.847024,0.835799,0.800639,0.834759,0.874510,0.617320,0.221629,0.191845,0.249056,0.220863,0.200640,0.167263,0.195469,0.180614,0.181476,0.181568,0.178389,0.339232,0.572555,0.614753,0.597348,0.607797,0.567067,0.672534,0.860993,0.900092,0.859000,0.888153,0.994332,0.795797,0.443477,0.437624,0.495590,0.504600,0.537201,0.560225,0.600469,0.627677,0.652040,0.677549,0.679462,0.679760,0.690604,0.718571,0.752594,0.766058,0.757528,0.922964,1.178869,1.210858,1.206629,1.240872,1.225362,1.296588,1.452716,1.477599,1.455377,1.460489,1.461663,1.460276,1.481391,1.481167,1.481180,1.488648,1.532932,1.279734,0.901792,0.865252,0.912990,0.909198,0.935248,0.746276,0.425437,0.415865,0.467970,0.431754,0.433811,0.444680,0.427660,0.415453,0.413541,0.412300,0.415921,0.439419,0.466168
0.505576,0.501188,0.509662,0.534665,0.528436,0.503785,0.514093,0.512670,0.499659,0.501978,0.491699,0.484906,0.500156,0.513131,0.508717,0.517714,0.512794,0.481697,0.489802,0.501367,0.508113,0.508153,0.498111,0.487523,0.478195,0.493550,0.487751,0.458962,0.460979,0.482063,0.469165,0.506016,0.509303,0.422154,0.582483,0.930433,0.962525,0.922357,0.912854,0.867754,0.826875,0.800786,0.775314,0.774025,0.747053,0.647084,0.842092,1.185823,1.184133,1.097069,1.106852,1.053565,1.014106,1.016534,1.006437,0.998389,0.977743,0.896222,0.949235,1.099874,1.114106,1.089989,1.083825,1.165606,0.908267,0.484252,0.439290,0.507641,0.493534,0.498528,0.489906,0.451653,0.466422,0.477107,0.452751,0.406655,0.567253,0.837706,0.865103,0.868610,0.892592,0.906714,0.981775,1.164147,1.199882,1.190207,1.228082,1.304442,1.096107,0.734031,0.725850,0.813015,0.824195,0.801469,0.842362,0.903483,0.923295,0.939064,0.979081,0.987988,0.996860,1.023158,1.079471,1.113129,1.114638,1.144309,1.240646,1.355238,1.386442,1.409703,1.416906,1.375869,1.440550,1.614192,1.650846,1.627879,1.653337,1.643790,1.658053,1.671533,1.675877,1.657989,1.646108,1.705199,1.463048,1.079196,1.019371,1.066765,1.077505,1.147974,0.925139,0.527368,0.511013,0.550612,0.527530,0.513919,0.525836,0.537282,0.534974,0.536391,0.529033,0.559596,0.558754,0.532702
0.503165,0.498496,0.497033,0.526962,0.526755,0.498741,0.504863,0.499884,0.487546,0.498755,0.490278,0.468005,0.494464,0.509123,0.489846,0.498856,0.493980,0.476141,0.493572,0.499730,0.489850,0.492559,0.477641,0.483502,0.477975,0.491240,0.486746,0.456230,0.452943,0.463532,0.463609,0.494641,0.496243,0.415618,0.587297,0.946898,0.975483,0.912173,0.883344,0.855678,0.821360,0.786827,0.769866,0.778550,0.745997,0.661071,0.851084,1.159946,1.165911,1.105119,1.095036,1.039113,1.008657,1.023516,0.999369,0.987825,0.969751,0.892140,0.953050,1.117673,1.113395,1.080436,1.101578,1.169490,0.923121,0.511590,0.449353,0.508550,0.512945,0.476726,0.451849,0.459819,0.468357,0.489989,0.461018,0.402682,0.564661,0.840033,0.845661,0.839823,0.894819,0.875225,0.965480,1.158557,1.203276,1.172420,1.211952,1.294264,1.094165,0.729560,0.711424,0.803984,0.816825,0.810767,0.858651,0.908852,0.897968,0.921211,0.986181,0.989572,0.983882,1.019365,1.067687,1.100488,1.109887,1.124558,1.217917,1.343213,1.376677,1.401958,1.406397,1.352428,1.426367,1.612735,1.647844,1.619391,1.639386,1.635597,1.645120,1.656340,1.666126,1.632784,1.620972,1.694640,1.455490,1.058387,1.006617,1.056647,1.065708,1.135249,0.915029,0.520529,0.504108,0.543955,0.512330,0.507644,0.521568,0.521053,0.527742,0.534574,0.542672,0.538665,0.531527,0.524818
0.470098,0.463941,0.473618,0.493438,0.493629,0.463160,0.472468,0.467690,0.452679,0.465276,0.458880,0.443898,0.471053,0.466637,0.444936,0.467013,0.467541,0.446304,0.463380,0.458429,0.443647,0.455457,0.453049,0.462167,0.447447,0.467611,0.471765,0.442013,0.418723,0.432368,0.438269,0.457795,0.461357,0.386168,0.565163,0.903286,0.920571,0.873394,0.868640,0.829849,0.787194,0.758518,0.735520,0.728028,0.704594,0.623171,0.805007,1.119534,1.125816,1.063248,1.044241,1.010454,0.973262,0.968743,0.946558,0.927752,0.912840,0.869100,0.925292,1.056685,1.049740,1.016474,1.036348,1.088979,0.866635,0.500187,0.446956,0.493409,0.494591,0.455746,0.436664,0.438872,0.441999,0.444472,0.440995,0.392092,0.537161,0.797764,0.823145,0.809401,0.838190,0.827526,0.903928,1.064427,1.109766,1.069273,1.113865,1.190095,1.008094,0.667241,0.664134,0.736135,0.736535,0.762186,0.819065,0.854346,0.845513,0.870904,0.916767,0.934231,0.938965,0.972318,1.017166,1.041514,1.054334,1.055652,1.145955,1.282412,1.306278,1.328438,1.339476,1.293563,1.358688,1.517020,1.524249,1.515394,1.530428,1.526063,1.530318,1.543616,1.547524,1.523965,1.517352,1.575031,1.356411,0.989288,0.957578,1.000476,1.013098,1.066557,0.852500,0.491869,0.481800,0.525489,0.475820,0.481929,0.492110,0.473745,0.496821,0.505972,0.492064,0.489254,0.458753,0.445519
0.458987,0.445391,0.471607,0.484913,0.467430,0.461124,0.456247,0.452640,0.457346,0.472743,0.465178,0.452740,0.469377,0.461836,0.430565,0.456503,0.463093,0.446356,0.443775,0.428439,0.427181,0.451833,0.456970,0.442628,0.427778,0.463547,0.468367,0.445716,0.428703,0.423706,0.446813,0.459556,0.443840,0.380539,0.570264,0.914387,0.935316,0.876068,0.857436,0.844540,0.814368,0.778224,0.738985,0.735012,0.724528,0.620196,0.802058,1.142552,1.143484,1.072793,1.071075,1.042109,1.009043,0.993803,0.950966,0.919078,0.905745,0.902047,0.927202,1.024171,1.024067,0.976055,1.014065,1.050131,0.851001,0.504081,0.450625,0.489777,0.488016,0.448380,0.419776,0.421289,0.380400,0.413006,0.424390,0.383086,0.528347,0.807576,0.819301,0.796816,0.840858,0.814775,0.890187,1.037772,1.063993,1.059706,1.076280,1.164455,0.983651,0.683505,0.685412,0.732879,0.719171,0.749662,0.799311,0.843816,0.831887,0.864997,0.879163,0.908797,0.925095,0.967721,1.020344,1.050896,1.056897,1.045669,1.136832,1.280394,1.301921,1.321105,1.342103,1.303924,1.366324,1.509243,1.501461,1.497225,1.499869,1.499352,1.501312,1.538298,1.539346,1.502770,1.484515,1.552369,1.350362,0.981078,0.966230,1.001555,1.001541,1.063232,0.852807,0.488339,0.460571,0.519127,0.482474,0.474438,0.472617,0.460528,0.489084,0.495224,0.483446,0.487122,0.444474,0.408644
0.473324,0.466707,0.472282,0.473831,0.465247,0.457233,0.447069,0.437951,0.452686,0.466484,0.451557,0.442310,0.470643,0.464284,0.430881,0.435967,0.441968,0.456867,0.471630,0.446434,0.410732,0.429446,0.453914,0.426522,0.429584,0.453330,0.468664,0.452272,0.439951,0.438304,0.439200,0.453072,0.440690,0.374714,0.571921,0.934685,0.969418,0.889281,0.842321,0.849023,0.816853,0.774421,0.750253,0.738778,0.717084,0.606226,0.783419,1.122908,1.140139,1.076764,1.064523,1.044765,1.014225,0.995305,0.954694,0.921314,0.916458,0.937404,0.948426,0.967565,0.937153,0.909086,0.942326,0.963301,0.783066,0.497576,0.464542,0.488390,0.491039,0.453254,0.423904,0.424947,0.399201,0.406909,0.416719,0.396956,0.542216,0.799366,0.804557,0.786879,0.841767,0.852732,0.865270,0.946926,0.985388,1.006248,0.992110,1.078852,0.946748,0.699408,0.702657,0.731935,0.701936,0.787922,0.842757,0.830659,0.825163,0.867621,0.888626,0.904952,0.925023,0.969315,1.006881,1.038269,1.069943,1.077796,1.158460,1.277988,1.313551,1.323272,1.328321,1.318052,1.359718,1.420461,1.422367,1.413535,1.416727,1.395010,1.385285,1.412208,1.437651,1.403015,1.397324,1.459067,1.300226,1.006496,0.970761,0.985109,0.991869,1.041295,0.819915,0.461886,0.445517,0.509951,0.480625,0.473853,0.478802,0.477285,0.480216,0.483417,0.484785,0.473743,0.435053,0.408304
0.407154,0.420585,0.397412,0.399860,0.401593,0.405359,0.392466,0.397100,0.392438,0.391229,0.398707,0.401348,0.391119,0.384035,0.397118,0.394465,0.396721,0.410475,0.382407,0.369226,0.367545,0.364828,0.355466,0.369197,0.374119,0.389950,0.388569,0.381078,0.375576,0.380502,0.345003,0.360871,0.377795,0.313866,0.464365,0.756221,0.726920,0.653937,0.677851,0.658060,0.630131,0.620756,0.616964,0.593941,0.545785,0.466014,0.586477,0.826292,0.800841,0.707395,0.680096,0.664250,0.689016,0.689266,0.677028,0.659159,0.641161,0.610595,0.690195,0.777374,0.768479,0.720629,0.747549,0.776952,0.567122,0.218170,0.180283,0.235604,0.213216,0.205062,0.160047,0.157463,0.163622,0.178557,0.172017,0.168497,0.313504,0.542625,0.594054,0.587487,0.589340,0.576414,0.656704,0.801746,0.840091,0.799189,0.843289,0.943844,0.765898,0.428458,0.427815,0.500280,0.498107,0.536602,0.570615,0.593960,0.613754,0.635204,0.677012,0.683165,0.673478,0.684556,0.695334,0.735637,0.766834,0.767507,0.917833,1.170927,1.222762,1.201292,1.210354,1.212869,1.278587,1.400084,1.431952,1.396468,1.384753,1.390644,1.384913,1.396428,1.418174,1.404286,1.419916,1.475936,1.249544,0.896743,0.841664,0.895793,0.905627,0.930769,0.737784,0.399214,0.384794,0.426740,0.407066,0.419935,0.432287,0.415349,0.385432,0.404923,0.440103,0.429720,0.432221,0.464648
0.369465,0.380802,0.368744,0.366854,0.364183,0.366788,0.365759,0.372404,0.345034,0.355617,0.371173,0.376284,0.368847,0.361652,0.364012,0.378030,0.376852,0.359578,0.350107,0.352529,0.348957,0.343638,0.336810,0.355863,0.334223,0.352022,0.372415,0.354512,0.346165,0.353482,0.323784,0.319298,0.345402,0.290365,0.438568,0.711330,0.691243,0.642209,0.654374,0.614473,0.580225,0.583793,0.563034,0.547203,0.503840,0.435901,0.547602,0.767388,0.748467,0.677705,0.646368,0.633060,0.636954,0.635492,0.630864,0.619552,0.601988,0.586648,0.609453,0.714937,0.714021,0.669095,0.667826,0.707418,0.518385,0.187320,0.158836,0.210211,0.190269,0.182462,0.154144,0.142717,0.158810,0.167935,0.158125,0.157019,0.297955,0.509432,0.558132,0.547658,0.555342,0.542757,0.613796,0.742566,0.777360,0.746021,0.783178,0.864034,0.697893,0.401187,0.361730,0.427616,0.461175,0.490147,0.523218,0.556432,0.579049,0.592520,0.627193,0.641489,0.635017,0.634792,0.653402,0.682949,0.708103,0.707613,0.858801,1.102970,1.153475,1.131157,1.130266,1.118813,1.187002,1.313116,1.337709,1.304823,1.301290,1.307961,1.302387,1.310844,1.310014,1.310080,1.310584,1.372904,1.161576,0.829709,0.787874,0.824275,0.828745,0.856161,0.679955,0.377058,0.347738,0.386366,0.379224,0.380690,0.382919,0.379088,0.353792,0.376007,0.383445,0.379731,0.391811,0.423162
0.437148,0.435448,0.447356,0.443331,0.430172,0.428604,0.432811,0.424180,0.420573,0.438681,0.438198,0.426998,0.439597,0.437627,0.428549,0.436829,0.430684,0.433635,0.446805,0.424427,0.402197,0.434176,0.453280,0.427475,0.424510,0.450174,0.471778,0.440357,0.422479,0.430581,0.442330,0.443350,0.433824,0.378442,0.581996,0.931166,0.975794,0.908191,0.880119,0.846051,0.809862,0.776309,0.752792,0.744985,0.715629,0.630384,0.818139,1.132699,1.150197,1.096441,1.092038,1.048737,1.000959,0.979864,0.945861,0.916929,0.924416,0.934322,0.928494,0.862970,0.834115,0.820316,0.817529,0.823423,0.676226,0.476017,0.444515,0.467546,0.459643,0.443070,0.417619,0.392891,0.385972,0.406076,0.421963,0.386813,0.518799,0.774710,0.795945,0.740923,0.796521,0.800293,0.830926,0.825644,0.837185,0.873865,0.906205,0.970712,0.840816,0.651682,0.661377,0.697063,0.669129,0.734311,0.793068,0.801011,0.823140,0.855734,0.855934,0.903965,0.936946,0.964678,0.992954,1.016505,1.046276,1.050387,1.139749,1.273040,1.313108,1.298407,1.284529,1.303925,1.316552,1.303929,1.312534,1.308680,1.285907,1.297151,1.311644,1.293664,1.294377,1.276742,1.290563,1.330538,1.206141,0.968688,0.948274,0.958465,0.956662,1.008987,0.795244,0.431256,0.430975,0.486246,0.451745,0.429495,0.451233,0.459338,0.469499,0.472705,0.465106,0.460068,0.426224,0.405566
0.428442,0.443003,0.443242,0.434031,0.424012,0.427923,0.433433,0.433509,0.429380,0.430995,0.432554,0.429133,0.426365,0.416508,0.426700,0.442756,0.438630,0.430397,0.434330,0.419251,0.410597,0.445007,0.449746,0.420066,0.430644,0.457684,0.461335,0.436890,0.425274,0.450814,0.453547,0.459597,0.448538,0.382380,0.581202,0.939396,0.971440,0.901965,0.886357,0.868705,0.832936,0.789798,0.768594,0.770437,0.729643,0.613655,0.807309,1.163483,1.184017,1.113933,1.079941,1.060137,1.021692,0.992369,0.969825,0.943676,0.948724,0.952476,0.940593,0.881873,0.872298,0.858870,0.836594,0.847438,0.699721,0.498521,0.455254,0.498445,0.487753,0.456488,0.433644,0.413765,0.394261,0.419766,0.437816,0.396909,0.527947,0.776854,0.832701,0.790679,0.808794,0.813408,0.840650,0.847008,0.840560,0.867779,0.914132,0.965844,0.848847,0.652335,0.666610,0.706939,0.684942,0.745083,0.796867,0.821657,0.843044,0.852587,0.862295,0.898119,0.918515,0.961699,1.011881,1.039442,1.051690,1.053114,1.151478,1.293449,1.326818,1.299034,1.281990,1.319803,1.335312,1.319213,1.332496,1.326109,1.318389,1.326969,1.330293,1.324661,1.319961,1.292203,1.307073,1.356600,1.225597,0.989479,0.972071,0.984910,0.977919,1.008212,0.789581,0.432087,0.412732,0.474669,0.458922,0.430078,0.443404,0.456331,0.457596,0.463975,0.470826,0.448991,0.420385,0.419306
0.432339,0.445147,0.442074,0.418824,0.422385,0.440907,0.442859,0.444689,0.441987,0.425235,0.431388,0.442680,0.431024,0.423003,0.442226,0.451033,0.445375,0.442838,0.449851,0.431863,0.411318,0.443470,0.442757,0.432302,0.441789,0.453005,0.449416,0.446716,0.433052,0.440546,0.448852,0.458653,0.456784,0.391380,0.594449,0.954851,0.979125,0.914170,0.908699,0.875202,0.832427,0.799433,0.777272,0.773573,0.716631,0.606379,0.808270,1.187360,1.204825,1.115059,1.056517,1.052489,1.012127,0.981418,0.973982,0.941358,0.939323,0.946997,0.947931,0.914462,0.898081,0.875210,0.858565,0.871612,0.704626,0.474230,0.443285,0.494449,0.462160,0.433371,0.427191,0.422766,0.399475,0.423772,0.449306,0.398135,0.523510,0.779284,0.853021,0.823863,0.840935,0.842655,0.868237,0.891912,0.891213,0.915782,0.949544,0.998484,0.883772,0.685266,0.697108,0.727517,0.711080,0.764204,0.802149,0.828606,0.849641,0.876014,0.889105,0.919147,0.942152,0.990102,1.032361,1.053572,1.058002,1.071825,1.172726,1.306787,1.339316,1.316058,1.309897,1.337190,1.344543,1.338729,1.348742,1.352427,1.342953,1.346665,1.347530,1.341136,1.330459,1.320856,1.323723,1.384780,1.239321,1.004893,0.972753,0.988065,0.997915,1.023919,0.805190,0.447904,0.416960,0.466658,0.457622,0.433524,0.437274,0.444808,0.472458,0.475986,0.468340,0.446256,0.436231,0.434566
0.432929,0.422986,0.423074,0.408913,0.423090,0.442553,0.423074,0.427832,0.441902,0.433459,0.435035,0.444232,0.416732,0.412755,0.431960,0.426837,0.433628,0.452454,0.450026,0.437670,0.414802,0.437939,0.427802,0.425077,0.457290,0.455957,0.431532,0.434371,0.448095,0.432179,0.434276,0.445969,0.464284,0.409086,0.590141,0.939440,0.979257,0.912044,0.877300,0.849412,0.807680,0.781545,0.769015,0.779095,0.737304,0.623538,0.805547,1.172535,1.178329,1.089508,1.045231,1.029181,0.995921,0.972806,0.949259,0.923320,0.929037,0.926728,0.909151,0.890901,0.874072,0.845135,0.836916,0.834748,0.685304,0.458546,0.445681,0.477898,0.447617,0.442612,0.434854,0.391124,0.380150,0.403736,0.416004,0.363381,0.499893,0.767392,0.813789,0.791521,0.841259,0.856224,0.881075,0.905701,0.912634,0.926653,0.953975,1.012627,0.888768,0.679248,0.696967,0.742357,0.718478,0.781877,0.804749,0.828797,0.869828,0.884368,0.878141,0.935122,0.974533,0.999908,1.018684,1.035103,1.044953,1.076138,1.172418,1.297639,1.319450,1.313152,1.322807,1.325241,1.312141,1.293983,1.298459,1.315776,1.306924,1.316477,1.308635,1.296276,1.294265,1.298678,1.303617,1.344110,1.205382,0.979505,0.956629,0.970219,0.959791,1.002224,0.799240,0.446133,0.419351,0.457232,0.426477,0.436812,0.457288,0.464835,0.475558,0.456750,0.447939,0.436887,0.447472,0.434419
0.444489,0.414589,0.412994,0.426815,0.441173,0.450066,0.439992,0.437093,0.448997,0.450638,0.450039,0.442898,0.425370,0.423445,0.436456,0.425664,0.436077,0.460617,0.469605,0.452623,0.437540,0.441634,0.431971,0.431100,0.462113,0.470417,0.457297,0.445534,0.448326,0.441719,0.432671,0.442507,0.462538,0.403045,0.622708,0.968781,0.992217,0.917280,0.892188,0.848375,0.824720,0.800213,0.783071,0.790402,0.748576,0.640075,0.824362,1.179886,1.199922,1.114487,1.073778,1.045622,1.007296,0.990412,0.959927,0.958561,0.953004,0.935289,0.900116,0.884832,0.897499,0.866115,0.835373,0.815264,0.687055,0.483991,0.461926,0.491268,0.469488,0.468811,0.452969,0.413880,0.402425,0.417002,0.419182,0.395480,0.544029,0.787192,0.862538,0.837678,0.863733,0.896221,0.905800,0.943809,0.933450,0.935145,0.970279,1.032726,0.899834,0.659187,0.690920,0.758720,0.743791,0.795821,0.815742,0.838073,0.877518,0.898190,0.914853,0.949123,0.992758,1.019937,1.022587,1.056026,1.080740,1.100013,1.192526,1.326628,1.344196,1.324236,1.328944,1.339260,1.339258,1.304575,1.313891,1.328359,1.330536,1.331235,1.305291,1.303178,1.319889,1.320694,1.330228,1.372736,1.238741,1.003177,0.973186,0.979509,0.976386,1.029623,0.816937,0.444049,0.429360,0.462499,0.406894,0.440366,0.474546,0.483219,0.485230,0.456694,0.437614,0.434713,0.440958,0.421598
0.378571,0.381233,0.360347,0.370687,0.371048,0.366668,0.368986,0.367478,0.356053,0.367709,0.382798,0.387833,0.375016,0.359066,0.359881,0.377116,0.362822,0.346028,0.346739,0.355067,0.355794,0.347753,0.339959,0.341275,0.329197,0.350580,0.376828,0.347861,0.341975,0.353540,0.326019,0.322765,0.322948,0.296910,0.458762,0.706866,0.695078,0.651823,0.659531,0.624197,0.592799,0.609140,0.584273,0.574526,0.533572,0.464569,0.567656,0.795064,0.801157,0.715001,0.688799,0.677490,0.683261,0.686134,0.675020,0.667740,0.639401,0.598744,0.637360,0.697091,0.703907,0.677991,0.700465,0.737413,0.504358,0.190867,0.173522,0.209293,0.186542,0.185234,0.161915,0.147917,0.160150,0.156650,0.148530,0.144584,0.288041,0.486575,0.533027,0.547140,0.564980,0.546235,0.621854,0.755508,0.797891,0.756891,0.772030,0.857414,0.699551,0.383047,0.371455,0.440419,0.471748,0.482134,0.516880,0.569707,0.567939,0.597400,0.639942,0.635948,0.643715,0.647291,0.655676,0.689403,0.729713,0.725941,0.866928,1.109303,1.146524,1.127443,1.141762,1.114881,1.183401,1.294744,1.323219,1.314394,1.317614,1.296889,1.303774,1.326251,1.316093,1.300600,1.314955,1.356052,1.165075,0.816448,0.800348,0.829963,0.832988,0.869526,0.694430,0.383526,0.344631,0.380777,0.372961,0.389521,0.389244,0.362300,0.350450,0.369410,0.377210,0.370254,0.378480,0.392158
0.348804,0.350155,0.344102,0.344345,0.347329,0.353776,0.356037,0.344463,0.340810,0.342339,0.344543,0.350346,0.356335,0.350305,0.364813,0.372649,0.363271,0.350495,0.341339,0.344776,0.341711,0.331439,0.338113,0.332247,0.328796,0.351057,0.362577,0.327723,0.331752,0.358099,0.329992,0.324062,0.331415,0.303731,0.457018,0.722013,0.703364,0.659908,0.704246,0.637955,0.594698,0.620462,0.610108,0.602040,0.560210,0.478429,0.593677,0.822136,0.817326,0.748695,0.734918,0.681760,0.686366,0.718215,0.695561,0.686655,0.673803,0.618698,0.605316,0.658635,0.634505,0.610560,0.618802,0.653246,0.456879,0.185529,0.174316,0.180535,0.167500,0.170913,0.169101,0.141445,0.157318,0.175423,0.149005,0.121274,0.256812,0.485714,0.520505,0.531905,0.562879,0.556334,0.577838,0.630887,0.655848,0.653158,0.687887,0.753180,0.624074,0.397337,0.384194,0.430881,0.451986,0.488624,0.544516,0.582390,0.580283,0.590190,0.616657,0.652300,0.656643,0.628290,0.635825,0.683305,0.716818,0.710263,0.877039,1.140474,1.156283,1.138633,1.152451,1.122956,1.143470,1.193249,1.205269,1.217990,1.234439,1.223882,1.216876,1.218655,1.231651,1.214438,1.193045,1.247765,1.091856,0.811447,0.815262,0.848338,0.821574,0.863421,0.675338,0.364715,0.333826,0.380015,0.370823,0.382933,0.372858,0.345587,0.360373,0.385501,0.370900,0.349038,0.361654,0.374542
0.428399,0.409001,0.405299,0.404058,0.413116,0.421790,0.422610,0.438893,0.451381,0.427920,0.421081,0.427477,0.408880,0.415674,0.445316,0.436598,0.434639,0.455135,0.445798,0.424730,0.418439,0.436566,0.422477,0.428521,0.456716,0.466244,0.458932,0.425662,0.419992,0.427747,0.423885,0.443091,0.464593,0.412326,0.630312,0.965249,0.978257,0.906993,0.894183,0.854621,0.841576,0.817666,0.780700,0.781673,0.741529,0.660799,0.846965,1.197312,1.206324,1.140739,1.110296,1.078696,1.026651,0.990656,0.989201,0.974956,0.952854,0.949253,0.904767,0.854733,0.868149,0.852822,0.815737,0.788409,0.655820,0.428713,0.424870,0.448433,0.415925,0.429909,0.418848,0.384654,0.367877,0.416098,0.444045,0.371621,0.489231,0.775670,0.849753,0.809915,0.839352,0.861790,0.866717,0.860857,0.855745,0.872277,0.914361,0.969268,0.866638,0.667635,0.701959,0.753494,0.730296,0.767780,0.821945,0.841420,0.874874,0.883830,0.885087,0.947701,0.992264,1.008398,1.021003,1.046936,1.036853,1.056511,1.164083,1.314411,1.319762,1.293625,1.305622,1.331912,1.308539,1.258924,1.268396,1.287706,1.271838,1.284358,1.276122,1.268697,1.267859,1.259640,1.270609,1.325258,1.184978,0.959461,0.961420,0.981251,0.975287,1.014456,0.808287,0.433769,0.416947,0.450396,0.403181,0.433879,0.459039,0.453382,0.463890,0.450567,0.436749,0.413843,0.415690,0.415303
0.447486,0.426580,0.412848,0.416187,0.429548,0.433582,0.445324,0.447126,0.452460,0.447523,0.454293,0.442687,0.425129,0.429278,0.430263,0.418801,0.418515,0.456266,0.469799,0.454606,0.439487,0.455493,0.431873,0.429564,0.446511,0.461098,0.443012,0.461868,0.456410,0.427264,0.434000,0.451477,0.446406,0.394965,0.619785,0.964701,0.992242,0.919552,0.876336,0.852395,0.828418,0.814952,0.782578,0.784370,0.737475,0.633318,0.838975,1.195243,1.218919,1.134160,1.109863,1.103927,1.054465,1.000675,0.984248,0.966543,0.936735,0.930468,0.913169,0.894511,0.897622,0.867123,0.846348,0.830956,0.675960,0.419009,0.400415,0.435495,0.429123,0.427534,0.412811,0.402357,0.377733,0.402835,0.441533,0.372965,0.491539,0.783795,0.849587,0.810510,0.821841,0.857229,0.894915,0.908709,0.933920,0.939519,0.950127,0.997620,0.889242,0.672582,0.698193,0.772068,0.760340,0.773013,0.820386,0.856925,0.876377,0.883016,0.900647,0.950025,0.994104,1.028379,1.043617,1.065110,1.052958,1.067438,1.179585,1.329990,1.339810,1.317467,1.317978,1.334131,1.316341,1.296164,1.306331,1.308835,1.292943,1.302993,1.313427,1.314553,1.317769,1.302380,1.300836,1.346798,1.211289,0.998089,0.958264,0.976921,0.987261,1.017466,0.812743,0.452252,0.425330,0.465232,0.427085,0.447862,0.452875,0.446901,0.455825,0.454396,0.448471,0.420170,0.411662,0.431180
0.455181,0.436798,0.420328,0.435974,0.445097,0.438141,0.453520,0.448194,0.447317,0.449119,0.458919,0.452820,0.433949,0.436580,0.447443,0.421700,0.419513,0.449252,0.463964,0.453508,0.447191,0.457394,0.444413,0.426438,0.435363,0.442180,0.435776,0.477992,0.460239,0.427809,0.424864,0.445978,0.443538,0.408039,0.615543,0.962805,0.987278,0.922787,0.886682,0.854451,0.823182,0.810903,0.774170,0.774517,0.739507,0.654068,0.832802,1.176204,1.188770,1.108311,1.077942,1.096735,1.062324,1.034407,0.997760,0.971992,0.958210,0.929039,0.902577,0.900660,0.890059,0.877526,0.862731,0.843357,0.682408,0.445338,0.417114,0.440190,0.444412,0.463553,0.450859,0.401346,0.405420,0.416623,0.399656,0.359785,0.499529,0.780426,0.821388,0.794975,0.833949,0.856747,0.892237,0.919292,0.946063,0.956576,0.962880,1.015568,0.903527,0.690636,0.697723,0.762135,0.772558,0.768845,0.808839,0.843777,0.856086,0.868363,0.889512,0.936485,0.976158,1.002621,1.004188,1.027994,1.055186,1.080563,1.182528,1.332862,1.335738,1.306760,1.305265,1.312494,1.305213,1.310105,1.321481,1.309369,1.282886,1.288041,1.313271,1.321224,1.312804,1.297441,1.295656,1.341283,1.206829,0.991812,0.951627,0.970771,0.973457,1.012284,0.808562,0.447540,0.418571,0.455227,0.436618,0.455021,0.467944,0.443500,0.453061,0.464352,0.463901,0.425152,0.402523,0.438984
0.471921,0.459840,0.429461,0.432142,0.439908,0.434188,0.447521,0.445331,0.439573,0.446848,0.457165,0.448022,0.435483,0.437162,0.443161,0.441309,0.441834,0.449152,0.460508,0.446461,0.442926,0.454681,0.450214,0.434915,0.443196,0.449563,0.442262,0.479211,0.461692,0.429272,0.438379,0.459514,0.461036,0.396152,0.623480,0.983875,1.004019,0.928623,0.898759,0.873975,0.859977,0.822791,0.786000,0.786035,0.755197,0.683391,0.850656,1.182869,1.189806,1.107905,1.110638,1.092579,1.060316,1.026091,0.990166,0.983586,0.981436,0.927323,0.891575,0.895929,0.882053,0.867751,0.854039,0.845879,0.688196,0.456012,0.423918,0.451624,0.450937,0.462736,0.445718,0.393641,0.395170,0.408502,0.392618,0.371811,0.531638,0.806409,0.829742,0.805947,0.849103,0.861257,0.876554,0.908946,0.923168,0.937453,0.964104,1.021613,0.909949,0.688294,0.702872,0.760111,0.755322,0.780262,0.819164,0.853719,0.874879,0.888385,0.902835,0.937319,0.969800,1.004833,1.014956,1.045478,1.066734,1.082116,1.188419,1.338437,1.335186,1.299791,1.315154,1.332256,1.331218,1.328318,1.351226,1.324607,1.289150,1.295147,1.317182,1.327660,1.325787,1.313517,1.311263,1.355037,1.228914,0.995096,0.964313,0.985919,0.990665,1.033956,0.826877,0.451314,0.429506,0.470696,0.447221,0.460066,0.483955,0.462041,0.445264,0.457859,0.469054,0.432591,0.415287,0.444968
0.467344,0.462808,0.428993,0.420561,0.438971,0.441580,0.451432,0.440338,0.441452,0.438196,0.436101,0.439924,0.440803,0.447309,0.441505,0.453080,0.453784,0.455623,0.479353,0.463024,0.443674,0.429855,0.443835,0.450143,0.440165,0.438954,0.436203,0.466250,0.447396,0.426289,0.445395,0.470260,0.456460,0.386580,0.620327,0.995750,1.013311,0.920403,0.884958,0.862917,0.853597,0.825102,0.788867,0.781532,0.752340,0.677831,0.855403,1.172593,1.181746,1.127645,1.133903,1.098947,1.063853,1.062507,1.023450,0.993874,0.967771,0.948925,0.922653,0.924572,0.916205,0.895244,0.864279,0.879310,0.712218,0.464860,0.442873,0.473740,0.486760,0.471980,0.461376,0.396203,0.423533,0.432996,0.424180,0.377108,0.522782,0.805751,0.852475,0.822404,0.871510,0.870141,0.888778,0.880596,0.917843,0.942795,0.957348,1.004338,0.896787,0.667774,0.684452,0.755019,0.763423,0.769115,0.811116,0.851721,0.876370,0.889672,0.911612,0.940729,0.975439,0.993836,0.999449,1.042804,1.060603,1.065668,1.173505,1.320144,1.316715,1.294880,1.313858,1.325420,1.327435,1.323179,1.341304,1.328793,1.296990,1.296664,1.306514,1.312013,1.331977,1.317530,1.302201,1.343890,1.218856,0.986777,0.969899,0.995636,0.987791,1.047688,0.842468,0.456671,0.424464,0.463298,0.441137,0.470377,0.484462,0.457015,0.442345,0.448809,0.465918,0.443220,0.423242,0.423374
0.329415,0.332500,0.333421,0.335917,0.325213,0.331122,0.332034,0.335572,0.344099,0.316565,0.317413,0.318061,0.343920,0.347973,0.349810,0.363311,0.367426,0.365999,0.351366,0.344192,0.344908,0.320193,0.330872,0.337406,0.339048,0.351243,0.351021,0.338919,0.353283,0.365722,0.340309,0.339489,0.330668,0.287779,0.449126,0.728198,0.710717,0.654922,0.694090,0.639015,0.597791,0.630313,0.619058,0.611341,0.562656,0.474865,0.608579,0.841678,0.827349,0.764632,0.750232,0.703644,0.694313,0.726026,0.683426,0.671701,0.644363,0.612758,0.614549,0.662923,0.621938,0.562909,0.566435,0.600569,0.436160,0.171735,0.161992,0.197429,0.188085,0.185631,0.179196,0.152719,0.172498,0.173501,0.169252,0.127215,0.260586,0.508540,0.537893,0.519605,0.559184,0.568328,0.557204,0.543087,0.583358,0.605182,0.645337,0.697370,0.582086,0.394211,0.404188,0.447595,0.446270,0.485333,0.549885,0.586567,0.586941,0.594594,0.610893,0.662928,0.652853,0.628586,0.644176,0.691558,0.690133,0.686702,0.855169,1.120840,1.146534,1.130192,1.132097,1.120013,1.121700,1.130048,1.122557,1.131512,1.155767,1.145384,1.148543,1.130318,1.148749,1.128071,1.126290,1.197925,1.051116,0.793137,0.796417,0.826572,0.810097,0.860821,0.677875,0.358581,0.333719,0.375838,0.357901,0.363839,0.362019,0.334102,0.360912,0.377575,0.347410,0.342607,0.362131,0.367741
0.336799,0.342912,0.343894,0.330685,0.322669,0.339007,0.346966,0.349170,0.336442,0.324811,0.336981,0.331919,0.318599,0.333172,0.338071,0.356024,0.353761,0.349016,0.337663,0.331697,0.341792,0.344901,0.345026,0.343611,0.343064,0.352500,0.362679,0.342912,0.349891,0.371024,0.341009,0.346915,0.346143,0.298044,0.459518,0.752880,0.746595,0.682013,0.693594,0.663036,0.623556,0.649105,0.626082,0.610448,0.578557,0.497663,0.635741,0.870953,0.859776,0.789954,0.753636,0.729187,0.718123,0.728633,0.699898,0.692983,0.687670,0.637369,0.628273,0.649453,0.625126,0.578418,0.580721,0.604699,0.444464,0.175367,0.164345,0.191944,0.181599,0.184814,0.178060,0.151720,0.174171,0.192701,0.169771,0.134202,0.274870,0.515821,0.533967,0.523770,0.564178,0.582429,0.580367,0.582128,0.607598,0.618954,0.675257,0.732574,0.611204,0.405171,0.423902,0.470545,0.467170,0.502973,0.558472,0.599349,0.597601,0.615172,0.638176,0.667601,0.676671,0.659357,0.673529,0.705894,0.696899,0.687890,0.857177,1.148938,1.199253,1.171890,1.144981,1.143644,1.137062,1.134064,1.139066,1.150194,1.150483,1.160606,1.170205,1.159325,1.155923,1.132980,1.136512,1.201544,1.066044,0.814404,0.809448,0.854459,0.846388,0.885686,0.680230,0.346574,0.320907,0.363103,0.372472,0.373995,0.368149,0.346316,0.356889,0.363245,0.346655,0.304494,0.340643,0.391493
0.466616,0.454423,0.422543,0.417603,0.436090,0.442151,0.460285,0.442225,0.431325,0.433699,0.447343,0.440409,0.426833,0.426947,0.428335,0.434263,0.439506,0.438003,0.457365,0.446356,0.434241,0.446739,0.446984,0.443871,0.439685,0.436518,0.425951,0.436340,0.448881,0.418090,0.436092,0.458176,0.462539,0.381226,0.610391,1.001846,1.030081,0.934477,0.890681,0.879734,0.868927,0.835339,0.787957,0.775128,0.760270,0.705394,0.870374,1.177900,1.201797,1.149686,1.138011,1.107902,1.084502,1.069637,1.016108,0.988378,0.988372,0.957045,0.929753,0.943752,0.928023,0.912336,0.892003,0.884275,0.718494,0.501318,0.462280,0.480700,0.481534,0.510787,0.493866,0.426263,0.458833,0.452073,0.402102,0.385543,0.520863,0.793792,0.845263,0.821156,0.824485,0.853610,0.892038,0.922528,0.930879,0.939812,0.972846,1.001999,0.895960,0.687053,0.673825,0.757060,0.793808,0.773790,0.807578,0.857129,0.867515,0.868607,0.915344,0.941680,0.975662,1.000133,1.002605,1.024609,1.062624,1.068139,1.174470,1.325275,1.340038,1.309623,1.300140,1.297899,1.314013,1.328173,1.350848,1.312773,1.271110,1.284514,1.304641,1.318746,1.322752,1.317166,1.298930,1.339493,1.223712,1.004036,0.954474,0.984151,0.999252,1.033080,0.813668,0.447343,0.424740,0.469178,0.448657,0.457303,0.469491,0.450395,0.441307,0.447816,0.462539,0.441689,0.415542,0.432371
0.452631,0.427758,0.416855,0.435913,0.447378,0.427147,0.435319,0.438180,0.440572,0.434930,0.444120,0.443205,0.442907,0.429327,0.432796,0.440097,0.443098,0.440373,0.463416,0.467680,0.448052,0.446103,0.441273,0.440232,0.442121,0.448983,0.429043,0.434030,0.446874,0.433412,0.446875,0.455729,0.447255,0.384874,0.612655,0.985727,1.010957,0.929798,0.914397,0.902340,0.877995,0.840185,0.806820,0.776921,0.752219,0.675442,0.850166,1.179051,1.193061,1.122924,1.119204,1.084820,1.067504,1.057440,1.003191,0.985591,0.980487,0.923503,0.903118,0.932305,0.925469,0.891887,0.872594,0.872563,0.710132,0.478886,0.466757,0.487682,0.475143,0.497851,0.497568,0.459736,0.445260,0.445090,0.421017,0.398068,0.550248,0.832866,0.880990,0.856910,0.887774,0.879818,0.908670,0.911910,0.927797,0.941306,0.961361,1.004920,0.885173,0.688827,0.684048,0.750692,0.776179,0.776054,0.812985,0.850107,0.867482,0.891661,0.928474,0.958399,0.982548,0.993227,1.025291,1.057779,1.074299,1.073355,1.172471,1.319145,1.345748,1.319383,1.311691,1.307025,1.323488,1.339031,1.328014,1.299297,1.288130,1.301212,1.309865,1.297244,1.310017,1.315885,1.300591,1.348731,1.233235,1.006545,0.956089,0.964540,0.976356,1.045191,0.828489,0.443116,0.425792,0.469550,0.431433,0.433424,0.446760,0.447698,0.440825,0.447734,0.450127,0.440087,0.426789,0.441623
0.441571,0.425268,0.427622,0.447956,0.451624,0.423599,0.414318,0.438065,0.448578,0.439330,0.435800,0.427790,0.448580,0.464454,0.448077,0.459907,0.453165,0.448010,0.446313,0.448294,0.456879,0.454617,0.448395,0.440862,0.437135,0.439723,0.444404,0.422104,0.428027,0.441170,0.444348,0.454263,0.456524,0.409980,0.619128,0.976217,1.006047,0.933837,0.913584,0.905506,0.888053,0.854927,0.817382,0.789767,0.757216,0.676655,0.866305,1.196424,1.184102,1.097777,1.099778,1.067477,1.049773,1.051790,1.007380,0.992270,0.990203,0.927939,0.911948,0.929375,0.932459,0.889860,0.852856,0.870756,0.730085,0.505979,0.490861,0.497672,0.476962,0.483785,0.480750,0.424133,0.424326,0.426210,0.423830,0.407809,0.566411,0.834557,0.877609,0.866313,0.900367,0.886612,0.882030,0.894856,0.907705,0.904460,0.940839,1.013405,0.893101,0.658457,0.682221,0.755704,0.768266,0.791867,0.827450,0.841705,0.876765,0.927881,0.937896,0.956971,0.975762,1.002760,1.033052,1.069651,1.088612,1.086913,1.176921,1.318726,1.329218,1.306515,1.317360,1.315515,1.323168,1.346374,1.352868,1.327729,1.315631,1.318159,1.313038,1.303692,1.325240,1.323090,1.297239,1.355165,1.237160,0.997018,0.974104,0.997777,0.996604,1.050776,0.831407,0.446437,0.425609,0.466287,0.435521,0.439931,0.474978,0.460676,0.438444,0.433166,0.452042,0.447390,0.429431,0.436641
0.430076,0.425646,0.436409,0.431851,0.438858,0.430699,0.423666,0.435867,0.446785,0.432440,0.423809,0.426732,0.451229,0.471453,0.445926,0.455457,0.456679,0.458746,0.452522,0.438707,0.438418,0.435082,0.450182,0.447127,0.433586,0.433127,0.434159,0.422800,0.417950,0.429513,0.441907,0.455013,0.453130,0.389247,0.614530,0.994904,1.015413,0.930937,0.912457,0.901864,0.880645,0.849163,0.812305,0.802108,0.767194,0.683986,0.857133,1.189958,1.190816,1.117627,1.123010,1.088379,1.034273,1.028730,1.008204,1.012893,1.000826,0.954005,0.942040,0.960534,0.955905,0.898722,0.869533,0.878446,0.743401,0.524179,0.465693,0.477859,0.471297,0.493419,0.461707,0.401455,0.406960,0.413995,0.405308,0.385752,0.539527,0.820310,0.880641,0.861725,0.873040,0.866409,0.878446,0.892738,0.904952,0.909923,0.947569,1.028342,0.899433,0.665416,0.680970,0.752361,0.759379,0.778292,0.823436,0.852653,0.891995,0.938609,0.957001,0.974475,0.973662,1.012468,1.064654,1.098697,1.088956,1.090338,1.181601,1.302219,1.322690,1.323754,1.325046,1.329123,1.309800,1.323331,1.323080,1.327546,1.332150,1.320213,1.313055,1.305644,1.313859,1.321043,1.311341,1.360162,1.230191,0.987518,0.968804,0.996274,1.012962,1.051244,0.840437,0.462919,0.423599,0.463727,0.445985,0.442601,0.454543,0.467454,0.436547,0.427149,0.448696,0.448443,0.429167,0.431019
0.431598,0.428215,0.428056,0.429664,0.431389,0.426248,0.420999,0.431855,0.443458,0.441765,0.427589,0.434944,0.466993,0.474829,0.444390,0.437301,0.451779,0.465675,0.453355,0.431013,0.432906,0.428936,0.441529,0.446020,0.430084,0.419356,0.424168,0.428579,0.427017,0.440409,0.441526,0.455818,0.456044,0.379913,0.602051,0.963612,0.994696,0.922954,0.901613,0.902597,0.893056,0.866913,0.815218,0.802008,0.772574,0.689189,0.857976,1.192817,1.194106,1.135914,1.135025,1.099298,1.061928,1.059663,1.039885,1.013533,0.990538,0.956880,0.939037,0.955071,0.951885,0.935794,0.902544,0.880717,0.736322,0.523135,0.454765,0.474717,0.485408,0.508018,0.472639,0.419709,0.427378,0.434530,0.419085,0.392911,0.548146,0.813476,0.879067,0.846901,0.844307,0.862876,0.877113,0.875399,0.898447,0.924807,0.933039,0.993732,0.876627,0.658123,0.678765,0.752164,0.758144,0.758439,0.817322,0.866905,0.877718,0.913686,0.954226,0.968359,0.966327,0.998618,1.027221,1.057521,1.071946,1.104521,1.181757,1.281088,1.326463,1.342808,1.325890,1.309929,1.297719,1.307500,1.317024,1.319654,1.320359,1.314750,1.316959,1.306158,1.289532,1.301940,1.336778,1.354343,1.216133,0.979249,0.961400,0.980721,1.008947,1.042815,0.830155,0.460925,0.423995,0.463899,0.450492,0.446539,0.443107,0.447346,0.439218,0.437754,0.447100,0.445979,0.434845,0.422248
0.340462,0.336252,0.329627,0.325201,0.327506,0.340185,0.326766,0.337025,0.326894,0.325811,0.334386,0.335604,0.311495,0.315218,0.331326,0.340754,0.343171,0.338656,0.347843,0.337777,0.329374,0.325682,0.332275,0.328763,0.339065,0.338412,0.363049,0.346851,0.348932,0.359500,0.331524,0.342765,0.320736,0.286466,0.455255,0.765668,0.750712,0.704154,0.706876,0.671570,0.644902,0.667727,0.649263,0.626580,0.594722,0.521779,0.658376,0.883454,0.876131,0.804547,0.781718,0.756800,0.746828,0.749097,0.733203,0.721652,0.711318,0.681533,0.649518,0.637742,0.621084,0.592452,0.598176,0.630906,0.454075,0.214514,0.202973,0.213668,0.181803,0.202343,0.197620,0.167754,0.183942,0.206968,0.190432,0.134646,0.272372,0.522638,0.556309,0.542787,0.573630,0.591127,0.579297,0.568226,0.609639,0.623508,0.674399,0.712503,0.603597,0.416788,0.432067,0.474548,0.462270,0.510754,0.567679,0.608566,0.592039,0.595416,0.644284,0.686580,0.691770,0.653804,0.690020,0.716790,0.704630,0.700041,0.859321,1.145006,1.183794,1.150468,1.149255,1.141786,1.136040,1.146326,1.149175,1.154624,1.142712,1.156697,1.159928,1.167530,1.155006,1.134625,1.149363,1.205898,1.062446,0.822840,0.797760,0.847165,0.830629,0.870534,0.668117,0.344425,0.321189,0.361588,0.357425,0.345824,0.346803,0.346334,0.359761,0.360979,0.345543,0.309364,0.346730,0.378220
0.333922,0.341024,0.334841,0.324527,0.332097,0.341851,0.320746,0.330435,0.315020,0.315319,0.310798,0.324059,0.308912,0.316686,0.341306,0.331358,0.339339,0.347160,0.328189,0.322757,0.334998,0.343267,0.343133,0.326862,0.350982,0.355233,0.345083,0.345051,0.356866,0.370659,0.339167,0.339760,0.333942,0.291702,0.448647,0.751387,0.769539,0.712189,0.702565,0.666580,0.663062,0.670974,0.649898,0.619944,0.584584,0.535575,0.658167,0.875558,0.868933,0.803690,0.783346,0.760451,0.757903,0.768072,0.741619,0.726962,0.716241,0.689175,0.668650,0.652623,0.624525,0.590610,0.613017,0.637420,0.459817,0.204262,0.194412,0.203671,0.171855,0.202746,0.204893,0.166263,0.193830,0.210485,0.167418,0.121052,0.256928,0.521041,0.557927,0.540030,0.580252,0.594229,0.596981,0.597376,0.621920,0.625323,0.661233,0.720651,0.627743,0.438274,0.438090,0.470667,0.481529,0.521839,0.564920,0.598821,0.595605,0.614150,0.671110,0.696621,0.692643,0.654644,0.686754,0.724975,0.734263,0.716038,0.855451,1.134799,1.172138,1.141987,1.140025,1.139235,1.136499,1.147725,1.151014,1.160396,1.163600,1.165286,1.164587,1.156644,1.140871,1.125350,1.151645,1.195715,1.045005,0.815016,0.794839,0.834323,0.814784,0.865768,0.672315,0.343599,0.315636,0.355155,0.340542,0.341245,0.359938,0.354538,0.354911,0.345231,0.328318,0.310102,0.342226,0.383408
0.430039,0.414129,0.427253,0.444323,0.442487,0.422694,0.419853,0.432142,0.445295,0.433866,0.422637,0.441108,0.466910,0.476853,0.444248,0.434767,0.450302,0.466021,0.455508,0.433856,0.433876,0.443381,0.451594,0.447564,0.430420,0.424592,0.424912,0.432234,0.437769,0.447525,0.449743,0.458367,0.453689,0.380115,0.599238,0.957738,1.015635,0.955464,0.915239,0.912093,0.911312,0.889813,0.830384,0.809815,0.771878,0.669871,0.850171,1.197565,1.189238,1.116562,1.121969,1.082628,1.060427,1.083285,1.047397,1.014460,0.986243,0.947306,0.942361,0.942257,0.941374,0.930344,0.889591,0.880956,0.716876,0.522251,0.455384,0.495047,0.520901,0.506281,0.486529,0.484511,0.467950,0.435730,0.444003,0.459295,0.614414,0.845986,0.885343,0.866017,0.854753,0.869151,0.889201,0.914753,0.912075,0.909384,0.934651,1.001743,0.898780,0.679577,0.688292,0.756386,0.764151,0.772720,0.817995,0.864973,0.879818,0.922179,0.956431,0.979874,0.971776,0.993858,1.039985,1.086755,1.082888,1.109053,1.184668,1.283200,1.312393,1.327762,1.321112,1.313025,1.307003,1.328703,1.339202,1.331451,1.322777,1.317590,1.314687,1.311676,1.301104,1.298303,1.340075,1.346919,1.209611,0.987402,0.979228,0.983198,0.992253,1.044002,0.832262,0.443859,0.420329,0.461088,0.442663,0.444592,0.447561,0.451806,0.437786,0.438280,0.453181,0.464809,0.436467,0.427673
0.436803,0.420435,0.427364,0.447692,0.463350,0.447691,0.429924,0.432574,0.447886,0.446441,0.438710,0.447886,0.481682,0.468968,0.430955,0.437402,0.450659,0.453270,0.455665,0.444333,0.442737,0.426222,0.439385,0.452520,0.429564,0.425084,0.449977,0.436285,0.430933,0.448926,0.456785,0.466559,0.454158,0.402813,0.615092,0.957705,0.994753,0.944439,0.935771,0.925105,0.907718,0.883756,0.850508,0.835391,0.802600,0.698329,0.879541,1.197168,1.196387,1.126710,1.115556,1.098265,1.071167,1.081310,1.047624,1.016557,0.990377,0.950030,0.934239,0.933211,0.938414,0.936767,0.899526,0.882602,0.737848,0.546730,0.478120,0.492700,0.504224,0.492124,0.470368,0.466850,0.446467,0.447356,0.462333,0.469058,0.606124,0.857963,0.892073,0.871882,0.895021,0.890628,0.894416,0.903932,0.917412,0.945180,0.968805,1.032377,0.920408,0.719896,0.731492,0.767800,0.752166,0.770418,0.825221,0.866504,0.886329,0.930131,0.952871,0.992159,0.985395,1.009495,1.062268,1.115143,1.113546,1.129941,1.204826,1.288096,1.319415,1.315089,1.323264,1.316249,1.320958,1.339954,1.322536,1.329604,1.340843,1.323080,1.315870,1.342002,1.320545,1.302124,1.332021,1.355019,1.206489,0.988912,0.967556,0.979790,0.980777,1.033719,0.830795,0.459041,0.418610,0.461743,0.456315,0.450256,0.456718,0.468477,0.437823,0.439993,0.463747,0.456969,0.442458,0.450911
0.444704,0.430946,0.425369,0.430118,0.445171,0.446745,0.430672,0.432147,0.449365,0.440582,0.429242,0.442764,0.469569,0.463129,0.460100,0.438734,0.454710,0.465569,0.449992,0.434352,0.439141,0.423863,0.420764,0.441211,0.437302,0.436146,0.451677,0.434675,0.434907,0.452483,0.452567,0.459868,0.449191,0.378998,0.614841,0.983815,1.012620,0.940901,0.941511,0.918669,0.901798,0.884034,0.844316,0.826624,0.817122,0.712859,0.886114,1.204857,1.199438,1.141984,1.135425,1.120713,1.086990,1.063582,1.035091,1.010323,0.985071,0.959463,0.942861,0.943318,0.934502,0.920665,0.915256,0.904103,0.776311,0.536323,0.461678,0.471431,0.464787,0.455410,0.440781,0.410133,0.411897,0.444981,0.459525,0.432829,0.588727,0.836709,0.876899,0.865004,0.891317,0.892815,0.895135,0.881079,0.912014,0.966442,0.995716,1.040776,0.905083,0.704962,0.735875,0.773398,0.767279,0.775984,0.820345,0.878509,0.886062,0.927658,0.953789,0.968717,0.982365,1.017934,1.062796,1.093617,1.091550,1.116201,1.187191,1.282199,1.310301,1.294698,1.318598,1.312696,1.318121,1.331929,1.305913,1.316180,1.322581,1.305019,1.299398,1.344245,1.326073,1.302855,1.341655,1.352625,1.196742,0.980122,0.944193,0.971844,0.987786,1.031324,0.818059,0.452760,0.410256,0.456738,0.452601,0.449630,0.469017,0.480544,0.450648,0.444162,0.450536,0.450242,0.443481,0.467824
0.446385,0.438506,0.431150,0.433350,0.422452,0.438090,0.432507,0.428261,0.436759,0.428913,0.422372,0.436880,0.459923,0.458802,0.440254,0.434685,0.440203,0.466615,0.454898,0.434948,0.429939,0.426624,0.425426,0.446716,0.444952,0.446508,0.450083,0.447205,0.449614,0.455895,0.452012,0.454589,0.433397,0.376924,0.609746,0.973272,1.007438,0.942947,0.934818,0.925385,0.917280,0.909895,0.860857,0.839401,0.801326,0.712943,0.892160,1.221296,1.216327,1.149607,1.152026,1.136664,1.106890,1.081654,1.067351,1.025130,0.989403,0.967428,0.957653,0.948244,0.943487,0.936319,0.916310,0.916463,0.790605,0.548689,0.471127,0.479447,0.484968,0.484030,0.468525,0.445017,0.432457,0.448454,0.443863,0.428010,0.589139,0.841092,0.881480,0.863485,0.881440,0.913232,0.905523,0.899009,0.917182,0.962989,1.002928,1.036753,0.912913,0.721954,0.722065,0.777524,0.777241,0.783899,0.822989,0.889243,0.902937,0.933123,0.960942,0.968292,0.981595,1.018337,1.051827,1.071620,1.092351,1.121009,1.193728,1.287295,1.300949,1.294290,1.325691,1.316854,1.317790,1.330182,1.294458,1.302808,1.312343,1.310258,1.312663,1.342672,1.325377,1.304977,1.342050,1.355283,1.205720,0.994344,0.956089,0.976206,0.974459,1.034567,0.816869,0.452303,0.413451,0.450741,0.441874,0.445698,0.459666,0.464245,0.448205,0.447503,0.454043,0.454333,0.441294,0.457094
0.431737,0.430398,0.424821,0.424398,0.413365,0.414809,0.418434,0.404184,0.410358,0.418624,0.412354,0.422261,0.449386,0.446469,0.417243,0.425279,0.433238,0.452570,0.446643,0.433024,0.430001,0.425232,0.424864,0.428067,0.433515,0.439730,0.437306,0.437507,0.450146,0.446246,0.439059,0.449455,0.440107,0.367927,0.586887,0.955315,0.964555,0.908858,0.921939,0.897297,0.884413,0.878270,0.837752,0.813548,0.761879,0.686111,0.876844,1.191295,1.181209,1.113108,1.118985,1.102462,1.068505,1.042237,1.027310,0.992780,0.955692,0.936095,0.917305,0.905616,0.918814,0.907561,0.889539,0.891259,0.740242,0.515960,0.460138,0.460884,0.460933,0.449515,0.447547,0.436115,0.420927,0.428672,0.414594,0.393804,0.567154,0.829808,0.845374,0.811370,0.859287,0.881729,0.878015,0.891678,0.902010,0.930852,0.956975,1.001953,0.882443,0.674842,0.684619,0.732340,0.743061,0.767462,0.797625,0.851693,0.856790,0.890750,0.919066,0.936428,0.957008,0.980003,1.021005,1.053608,1.083934,1.092495,1.159509,1.251215,1.249846,1.256422,1.283266,1.265481,1.276757,1.294266,1.267274,1.261091,1.269658,1.254074,1.266225,1.304513,1.292697,1.267014,1.277482,1.308737,1.167059,0.962162,0.926860,0.938293,0.933638,0.991174,0.791984,0.424563,0.394500,0.439753,0.421445,0.424814,0.434559,0.440095,0.439397,0.432936,0.438937,0.439523,0.439437,0.431959
0.339402,0.342390,0.336518,0.325764,0.331463,0.329117,0.325974,0.338287,0.317185,0.313706,0.312523,0.320662,0.317332,0.341470,0.350526,0.333385,0.339032,0.354126,0.354207,0.326689,0.329915,0.350062,0.353023,0.329394,0.350658,0.353629,0.342357,0.348169,0.356019,0.351672,0.335597,0.340639,0.342673,0.296518,0.469618,0.774862,0.791799,0.725863,0.720660,0.683249,0.669572,0.680180,0.648118,0.619504,0.587752,0.538894,0.662612,0.883925,0.859032,0.781421,0.768418,0.741632,0.722734,0.745829,0.719734,0.708408,0.710974,0.658287,0.624431,0.629056,0.613840,0.603179,0.619945,0.620253,0.452476,0.217914,0.198899,0.213801,0.183766,0.214003,0.216083,0.180965,0.200095,0.205507,0.169440,0.145934,0.286086,0.530426,0.555701,0.541431,0.600048,0.605994,0.611426,0.630548,0.621523,0.633958,0.669189,0.725281,0.616367,0.430620,0.423248,0.462946,0.489197,0.508564,0.540707,0.590506,0.596075,0.628159,0.670536,0.695975,0.689511,0.662100,0.709656,0.736209,0.725376,0.720928,0.877840,1.136548,1.165120,1.147240,1.136657,1.128357,1.125095,1.138259,1.145793,1.156917,1.155369,1.160994,1.156175,1.149636,1.139887,1.125422,1.143381,1.187993,1.047632,0.790547,0.791811,0.830259,0.815315,0.874702,0.675593,0.334552,0.311202,0.354947,0.340119,0.347925,0.343953,0.340398,0.352410,0.339990,0.323524,0.315598,0.346632,0.370845
0.323809,0.323120,0.317319,0.320363,0.331104,0.325254,0.310105,0.310948,0.317254,0.315507,0.318681,0.312412,0.307736,0.314033,0.325880,0.328747,0.331198,0.328975,0.327575,0.331961,0.329015,0.327715,0.333396,0.336290,0.344703,0.328313,0.337069,0.334561,0.334345,0.334197,0.340511,0.339157,0.332988,0.304445,0.463606,0.743645,0.769359,0.710843,0.700029,0.673661,0.670736,0.695591,0.637117,0.599050,0.577463,0.531006,0.634902,0.841220,0.848499,0.781673,0.747595,0.744123,0.731273,0.729758,0.715562,0.691138,0.673719,0.681257,0.658772,0.626300,0.589233,0.594083,0.616283,0.588765,0.406039,0.221598,0.212139,0.228088,0.193364,0.216689,0.218832,0.186238,0.198146,0.204973,0.179567,0.165639,0.281418,0.496309,0.532712,0.524374,0.577807,0.603343,0.606576,0.626779,0.639946,0.640192,0.656077,0.710233,0.612984,0.421276,0.421399,0.467581,0.478940,0.480447,0.523467,0.575525,0.574831,0.608870,0.653520,0.668186,0.660568,0.637204,0.685479,0.717490,0.715570,0.706788,0.838521,1.099495,1.119462,1.099383,1.087923,1.086506,1.101707,1.107806,1.105888,1.101558,1.107395,1.114052,1.123198,1.121684,1.109048,1.085896,1.123340,1.146663,1.008719,0.769288,0.766132,0.784035,0.773320,0.831578,0.630765,0.324335,0.293706,0.337800,0.313913,0.325050,0.333506,0.323856,0.337235,0.332996,0.313271,0.323152,0.338010,0.364348
0.413446,0.409791,0.414836,0.436868,0.432418,0.418174,0.420106,0.417560,0.424693,0.434321,0.422577,0.422923,0.450410,0.445390,0.413575,0.431069,0.447316,0.456065,0.426967,0.433803,0.442888,0.419663,0.416387,0.442887,0.428603,0.431686,0.441759,0.428462,0.432973,0.452156,0.453058,0.458090,0.448487,0.388984,0.610678,0.989370,0.994507,0.934398,0.949561,0.929342,0.909599,0.882979,0.833365,0.823310,0.805327,0.710119,0.880914,1.205827,1.200276,1.129488,1.106547,1.106172,1.077932,1.038523,1.011268,0.989626,0.967573,0.947514,0.946977,0.914763,0.914402,0.890501,0.870220,0.886672,0.742456,0.519651,0.460887,0.464715,0.437407,0.429395,0.411453,0.406026,0.394032,0.403974,0.394877,0.388823,0.564917,0.801353,0.832308,0.813824,0.848058,0.870118,0.876825,0.880622,0.901219,0.914197,0.946464,0.992373,0.878031,0.673199,0.693499,0.733042,0.718798,0.757491,0.776872,0.801346,0.834190,0.871208,0.907059,0.929201,0.945891,0.972554,1.012570,1.056249,1.089440,1.091565,1.153736,1.254928,1.244058,1.243162,1.265821,1.264737,1.286211,1.291963,1.253888,1.252429,1.275215,1.235803,1.257582,1.298868,1.292462,1.267106,1.288059,1.313984,1.167756,0.962173,0.927026,0.931078,0.926367,0.993425,0.790967,0.403751,0.386691,0.439018,0.420008,0.420586,0.432302,0.436781,0.434587,0.436025,0.448764,0.441916,0.434372,0.416648
0.423711,0.419262,0.428944,0.425647,0.425035,0.428737,0.437263,0.432143,0.426926,0.426544,0.412870,0.420949,0.456306,0.455214,0.421328,0.432817,0.445435,0.450870,0.438132,0.437175,0.439786,0.433423,0.434951,0.440458,0.442965,0.437821,0.442699,0.441834,0.456792,0.462600,0.446728,0.451017,0.456493,0.407824,0.623840,0.981387,0.999612,0.949773,0.967200,0.934952,0.904135,0.870433,0.830757,0.827886,0.810180,0.706926,0.893082,1.225758,1.211967,1.125326,1.093293,1.062482,1.063983,1.067691,1.014711,0.982671,0.962190,0.928620,0.910620,0.895080,0.877202,0.871089,0.857260,0.859920,0.717599,0.503196,0.456765,0.483538,0.458836,0.419103,0.399423,0.368505,0.374869,0.384247,0.367256,0.355919,0.536999,0.818347,0.835115,0.816115,0.856051,0.846572,0.834068,0.853622,0.916354,0.939231,0.930971,0.987541,0.881810,0.665009,0.680303,0.750955,0.764670,0.765652,0.780068,0.808388,0.837785,0.882041,0.917863,0.930399,0.954829,1.003521,1.024248,1.053329,1.086927,1.100858,1.178381,1.259320,1.259718,1.258503,1.257056,1.266668,1.279074,1.292790,1.265653,1.259711,1.265152,1.259469,1.277580,1.303970,1.300314,1.262210,1.273411,1.313589,1.164373,0.961467,0.945061,0.950688,0.936165,0.993136,0.790246,0.399406,0.391101,0.437195,0.425175,0.434495,0.438039,0.415193,0.434791,0.441476,0.426499,0.434990,0.444808,0.439276
0.428258,0.432633,0.442221,0.436362,0.433943,0.431882,0.432386,0.432493,0.425810,0.430470,0.421667,0.427043,0.442855,0.456812,0.444761,0.447647,0.457069,0.469820,0.460559,0.451185,0.430756,0.432116,0.440691,0.448598,0.463380,0.456168,0.445385,0.457917,0.474869,0.461354,0.453182,0.460111,0.463297,0.426253,0.637389,0.988332,1.019235,0.959359,0.956252,0.922199,0.887163,0.856167,0.821817,0.808868,0.774905,0.707283,0.896835,1.224632,1.211180,1.127984,1.119012,1.068466,1.038965,1.024777,1.022431,0.995502,0.957456,0.942756,0.915417,0.867552,0.864070,0.872946,0.850084,0.834411,0.705383,0.507302,0.454166,0.451482,0.465222,0.453476,0.440165,0.399674,0.396851,0.394262,0.375665,0.362885,0.526846,0.798306,0.825006,0.832082,0.865743,0.849291,0.850403,0.872999,0.930010,0.946947,0.938711,0.994830,0.893624,0.680077,0.674573,0.736301,0.768940,0.761993,0.781069,0.835473,0.852389,0.894149,0.935351,0.942280,0.970134,1.028588,1.030093,1.050456,1.101789,1.108739,1.164557,1.244093,1.264487,1.260897,1.292619,1.282806,1.268352,1.277022,1.279851,1.267231,1.267143,1.275725,1.298759,1.304686,1.295894,1.279291,1.296972,1.330216,1.176228,0.963068,0.942815,0.957330,0.947879,0.998041,0.777080,0.403041,0.362341,0.426251,0.404915,0.406337,0.420700,0.418817,0.445612,0.443737,0.423361,0.441836,0.448314,0.437748
0.431246,0.425341,0.435465,0.450919,0.442276,0.419697,0.427714,0.433182,0.426416,0.432833,0.424567,0.422276,0.432393,0.445686,0.447528,0.448271,0.458977,0.475128,0.449775,0.445649,0.423896,0.422088,0.436348,0.463559,0.460273,0.441109,0.439835,0.467833,0.477058,0.459786,0.455538,0.472719,0.460866,0.417470,0.629868,0.998857,1.019363,0.947665,0.933080,0.902330,0.858852,0.835651,0.822788,0.808785,0.751034,0.694857,0.899220,1.224076,1.232277,1.132015,1.096135,1.078525,1.053365,1.042395,1.032964,1.019764,0.966768,0.942698,0.900113,0.861380,0.862711,0.868685,0.845842,0.833320,0.703532,0.470636,0.449373,0.468024,0.478163,0.484190,0.462635,0.397269,0.391146,0.401829,0.383311,0.359935,0.519668,0.800766,0.823966,0.792780,0.831513,0.826902,0.850865,0.889263,0.915182,0.933618,0.955087,1.000962,0.885610,0.683562,0.683328,0.741127,0.762476,0.764488,0.783329,0.831507,0.850933,0.888911,0.918719,0.928523,0.943374,0.991525,1.015250,1.052631,1.106659,1.105842,1.141092,1.225336,1.258131,1.258555,1.276188,1.273353,1.262969,1.260414,1.271016,1.265905,1.256311,1.263671,1.281245,1.289462,1.275276,1.276307,1.293609,1.321574,1.166473,0.943476,0.925358,0.959421,0.947129,0.989420,0.771965,0.404311,0.386261,0.431083,0.384045,0.391725,0.408167,0.413194,0.434444,0.434195,0.400583,0.430242,0.446995,0.439379
0.426506,0.410182,0.422295,0.434560,0.440361,0.428872,0.432700,0.430206,0.436302,0.439553,0.430606,0.422876,0.442150,0.450677,0.445725,0.456233,0.471203,0.468659,0.441241,0.435940,0.424961,0.432414,0.445235,0.460127,0.444492,0.438172,0.443248,0.464908,0.474813,0.462346,0.451216,0.465467,0.464031,0.414487,0.619558,0.982162,1.009155,0.959712,0.950862,0.906717,0.868434,0.848462,0.835331,0.820602,0.774669,0.698389,0.891607,1.217905,1.241548,1.139392,1.088896,1.065083,1.046570,1.027307,1.034454,0.998046,0.959948,0.929674,0.910977,0.879224,0.885565,0.882050,0.849898,0.863647,0.712656,0.470951,0.469269,0.493189,0.479826,0.471939,0.460263,0.398522,0.395423,0.415847,0.398394,0.358296,0.531739,0.823800,0.840013,0.800235,0.833058,0.817300,0.838481,0.889828,0.904229,0.911006,0.917110,0.982021,0.877999,0.665180,0.676733,0.739518,0.758960,0.768164,0.782467,0.810532,0.836403,0.884184,0.895661,0.910642,0.937761,0.987405,1.022940,1.063760,1.098784,1.095558,1.150994,1.240993,1.259210,1.253688,1.271660,1.252769,1.250124,1.272631,1.276151,1.263991,1.257578,1.261955,1.274183,1.278416,1.268264,1.264846,1.288195,1.313911,1.166541,0.936829,0.911883,0.944251,0.946928,0.995423,0.771427,0.407937,0.395790,0.455842,0.409918,0.387738,0.394061,0.400743,0.429781,0.426760,0.405234,0.421354,0.436302,0.431622
0.319045,0.327881,0.332389,0.318464,0.328924,0.337221,0.341839,0.331351,0.322357,0.327664,0.338419,0.329237,0.318386,0.313400,0.320666,0.336205,0.337946,0.327266,0.318747,0.339579,0.344421,0.347933,0.342013,0.334450,0.339592,0.335899,0.330544,0.345539,0.346994,0.343282,0.342080,0.350475,0.353569,0.303026,0.460305,0.757208,0.787967,0.741157,0.717396,0.692324,0.698421,0.711913,0.669943,0.621389,0.598673,0.567298,0.660591,0.859278,0.877698,0.807496,0.760975,0.754521,0.747519,0.757909,0.752948,0.724958,0.701258,0.688599,0.669206,0.641208,0.619778,0.611307,0.617503,0.632943,0.453389,0.216568,0.202972,0.240833,0.220702,0.218157,0.218799,0.182936,0.201894,0.211584,0.182313,0.174984,0.313364,0.514428,0.551674,0.538465,0.595372,0.594777,0.602723,0.638421,0.647410,0.631627,0.652264,0.709467,0.616824,0.429043,0.431879,0.477570,0.501365,0.518275,0.546179,0.571869,0.580408,0.600545,0.650777,0.676652,0.671173,0.644726,0.690604,0.722473,0.722831,0.712148,0.870298,1.137152,1.139987,1.120376,1.095976,1.103366,1.105860,1.112894,1.130504,1.122755,1.123958,1.133687,1.135661,1.123151,1.110309,1.101383,1.137233,1.155466,1.009939,0.771756,0.762052,0.775199,0.775063,0.835406,0.632569,0.320551,0.290053,0.351326,0.336896,0.318071,0.329165,0.329511,0.333500,0.334328,0.341763,0.321330,0.331228,0.377274
0.321791,0.331627,0.332403,0.310880,0.319186,0.324776,0.325928,0.311101,0.318207,0.321214,0.324282,0.317918,0.313149,0.317468,0.324817,0.331614,0.335770,0.317698,0.311745,0.332613,0.350153,0.341915,0.321991,0.320994,0.333751,0.328406,0.325243,0.346441,0.367113,0.344809,0.337402,0.343701,0.336461,0.292879,0.451163,0.754810,0.785473,0.732115,0.710951,0.704349,0.705662,0.703862,0.674105,0.652756,0.604619,0.538701,0.643002,0.853478,0.860268,0.791255,0.760299,0.750648,0.758359,0.760939,0.741482,0.695414,0.673528,0.672095,0.658726,0.625592,0.587325,0.584950,0.610581,0.600731,0.415094,0.208070,0.201275,0.213581,0.183833,0.205665,0.182565,0.149672,0.169713,0.186946,0.165068,0.140506,0.251665,0.481330,0.533947,0.522324,0.572402,0.576172,0.582933,0.608988,0.627096,0.624204,0.644125,0.698363,0.607301,0.421328,0.424090,0.473371,0.488554,0.506385,0.545491,0.567313,0.573975,0.591745,0.659066,0.691165,0.672296,0.638350,0.685999,0.724947,0.715333,0.705277,0.850409,1.085138,1.111843,1.102202,1.087887,1.089048,1.085837,1.084471,1.079096,1.084618,1.108861,1.115459,1.100758,1.094976,1.081507,1.083131,1.108258,1.137759,0.994862,0.764599,0.743302,0.763402,0.762218,0.801962,0.605624,0.303946,0.287554,0.346903,0.332930,0.312243,0.311733,0.308906,0.310956,0.325837,0.334028,0.325872,0.334376,0.373179
0.431542,0.411480,0.424256,0.431324,0.426771,0.427520,0.437372,0.444344,0.433527,0.442777,0.431471,0.423751,0.445338,0.456951,0.458898,0.465577,0.465949,0.470880,0.446419,0.432700,0.413305,0.428292,0.441085,0.455481,0.447279,0.443844,0.451206,0.467489,0.472646,0.452347,0.444192,0.467143,0.469565,0.428975,0.626426,0.972203,1.014385,0.960140,0.951424,0.935084,0.889351,0.862485,0.847503,0.844248,0.804682,0.706266,0.888706,1.210737,1.234352,1.142499,1.100954,1.076396,1.064137,1.034236,1.030947,0.995598,0.943528,0.925638,0.908458,0.878391,0.872073,0.865324,0.838196,0.847739,0.708471,0.464962,0.425077,0.462762,0.460357,0.445379,0.435417,0.382674,0.359138,0.371864,0.367560,0.335932,0.500970,0.749361,0.803171,0.788915,0.807762,0.789900,0.801817,0.844889,0.855616,0.874045,0.901121,0.971436,0.863689,0.655133,0.672798,0.728917,0.753207,0.768339,0.790412,0.822321,0.834594,0.888017,0.912770,0.918773,0.943571,0.992188,1.027088,1.061304,1.091510,1.087446,1.132426,1.221313,1.254195,1.248514,1.267914,1.251382,1.247751,1.269443,1.271167,1.258829,1.251387,1.246592,1.261361,1.265694,1.268224,1.268661,1.284803,1.321629,1.170271,0.941797,0.918001,0.952000,0.950020,0.972513,0.737156,0.383606,0.389926,0.455434,0.405279,0.392688,0.399922,0.400820,0.414336,0.415285,0.418268,0.433205,0.443908,0.436907
0.434059,0.414865,0.418235,0.422017,0.426913,0.426212,0.438250,0.442837,0.424273,0.440221,0.447216,0.426049,0.439493,0.457570,0.469896,0.471202,0.464245,0.453892,0.450441,0.437627,0.412031,0.429896,0.443026,0.454378,0.449585,0.451378,0.451918,0.468898,0.466699,0.448699,0.439658,0.462853,0.462140,0.411210,0.606569,0.958159,1.008999,0.968114,0.963501,0.941315,0.897317,0.869483,0.863241,0.831855,0.773771,0.722933,0.917544,1.219928,1.241156,1.149114,1.090244,1.090138,1.082685,1.058093,1.050414,1.031740,0.956766,0.931698,0.918566,0.905562,0.902600,0.875537,0.852885,0.889523,0.752288,0.508282,0.467407,0.505846,0.501935,0.489358,0.471379,0.429124,0.417462,0.421972,0.417520,0.397493,0.558288,0.838172,0.849703,0.819549,0.842858,0.827576,0.847244,0.888504,0.897166,0.920690,0.944469,0.992583,0.878774,0.679911,0.689610,0.743750,0.762728,0.785222,0.813971,0.836320,0.858743,0.898741,0.921287,0.922718,0.950079,1.005455,1.037564,1.076798,1.106874,1.095941,1.134731,1.221237,1.267824,1.268650,1.275368,1.252450,1.247904,1.279563,1.274457,1.266382,1.264153,1.267527,1.275750,1.278617,1.275422,1.275647,1.299141,1.314749,1.157737,0.938448,0.921153,0.940988,0.941891,0.970922,0.748196,0.400941,0.391612,0.422678,0.393968,0.398757,0.419111,0.406279,0.416281,0.425097,0.429902,0.434966,0.449571,0.459767
0.437470,0.421298,0.422564,0.433919,0.434559,0.434982,0.423392,0.413710,0.423326,0.448726,0.451937,0.424536,0.426868,0.444211,0.464072,0.466991,0.457071,0.441522,0.447722,0.447469,0.422950,0.421906,0.428639,0.436621,0.438215,0.457671,0.462526,0.467432,0.467971,0.460422,0.444301,0.455634,0.450168,0.384064,0.579731,0.963584,1.022855,0.962975,0.939044,0.945451,0.930762,0.877791,0.849484,0.817001,0.753277,0.731717,0.921758,1.208697,1.228445,1.164209,1.119184,1.097878,1.070367,1.050191,1.043218,1.030886,0.971389,0.949324,0.908208,0.885186,0.890855,0.870974,0.862805,0.884589,0.739213,0.511690,0.477519,0.492085,0.473475,0.472664,0.456941,0.416637,0.439501,0.445267,0.416558,0.394715,0.579658,0.868377,0.849140,0.802135,0.843014,0.851565,0.884729,0.910520,0.899553,0.903980,0.951018,1.010036,0.884621,0.683834,0.681428,0.721228,0.736509,0.778418,0.823960,0.839609,0.867730,0.899057,0.928807,0.949332,0.960907,1.006125,1.027370,1.063366,1.098736,1.080812,1.133702,1.247019,1.283155,1.273337,1.269852,1.245127,1.247560,1.263531,1.260799,1.258642,1.275459,1.275532,1.264273,1.274718,1.259992,1.265312,1.292985,1.313759,1.156743,0.928455,0.917724,0.938895,0.947925,0.979349,0.758998,0.422513,0.396410,0.420032,0.383681,0.394845,0.406107,0.404526,0.420819,0.431017,0.427291,0.416222,0.426851,0.451874
0.436054,0.424161,0.432226,0.418115,0.427297,0.461422,0.439211,0.433617,0.433323,0.454883,0.454074,0.429141,0.427071,0.442817,0.459661,0.457803,0.453672,0.450103,0.444491,0.438032,0.430167,0.431522,0.433247,0.445178,0.437446,0.444550,0.467831,0.464657,0.463215,0.478517,0.450955,0.460112,0.459279,0.393643,0.583027,0.955645,1.032309,0.974620,0.942211,0.938557,0.926545,0.892756,0.862299,0.826054,0.784461,0.744786,0.930899,1.223453,1.225559,1.161429,1.147720,1.125811,1.084279,1.080127,1.054116,1.036934,1.012030,0.964608,0.921272,0.902046,0.896392,0.871658,0.863890,0.895076,0.753395,0.501912,0.486439,0.522727,0.481277,0.473082,0.450810,0.413317,0.414278,0.441762,0.428908,0.398410,0.576301,0.876025,0.864735,0.812724,0.853350,0.865052,0.892501,0.907685,0.900481,0.905131,0.924425,0.994882,0.875826,0.684006,0.676995,0.732865,0.759092,0.789951,0.823445,0.845088,0.873116,0.907121,0.947180,0.960744,0.965220,0.992899,1.032545,1.074495,1.092361,1.075210,1.137628,1.269798,1.280302,1.265857,1.266969,1.252162,1.256253,1.270826,1.280551,1.263237,1.257639,1.280839,1.280442,1.280716,1.250504,1.271601,1.307029,1.324392,1.148654,0.928027,0.920119,0.949771,0.959764,0.995830,0.762744,0.412362,0.384818,0.438183,0.410669,0.406655,0.401576,0.398317,0.411964,0.429744,0.436052,0.415007,0.405535,0.434578
0.431894,0.430564,0.427283,0.417227,0.427932,0.467864,0.468814,0.432562,0.422603,0.447887,0.450043,0.427589,0.438481,0.457000,0.469857,0.452935,0.439454,0.454526,0.459802,0.454020,0.428442,0.431938,0.439293,0.438330,0.438603,0.450130,0.476135,0.471938,0.467247,0.464087,0.443041,0.452987,0.458377,0.408095,0.596707,0.962978,1.020596,0.973711,0.958295,0.942828,0.918551,0.897262,0.888340,0.848743,0.779478,0.739492,0.936741,1.226899,1.229195,1.171091,1.172818,1.116644,1.089419,1.085566,1.051714,1.023690,0.993622,0.930520,0.909096,0.902487,0.894180,0.865871,0.858638,0.887073,0.748469,0.498501,0.478106,0.518142,0.484854,0.471803,0.437116,0.405591,0.396988,0.421093,0.423176,0.382777,0.560429,0.860339,0.873536,0.840268,0.865604,0.875237,0.881486,0.904656,0.915525,0.910908,0.920873,0.997665,0.877248,0.681463,0.669607,0.728818,0.763782,0.789887,0.819450,0.841373,0.862780,0.902293,0.937769,0.954741,0.965984,1.000566,1.046617,1.072741,1.085405,1.083798,1.144560,1.254944,1.289417,1.267763,1.263710,1.254592,1.258027,1.272903,1.290791,1.267012,1.264022,1.278062,1.279420,1.276285,1.255265,1.278756,1.330661,1.322457,1.150281,0.936590,0.925603,0.949764,0.940516,0.978114,0.757173,0.411301,0.385376,0.427315,0.407394,0.386541,0.383242,0.393861,0.408116,0.426629,0.437091,0.421421,0.396877,0.390072
0.325864,0.336011,0.329758,0.318947,0.319473,0.322283,0.332639,0.338016,0.331373,0.320380,0.322508,0.323219,0.325526,0.335064,0.345664,0.345160,0.342571,0.330296,0.321742,0.331772,0.345022,0.347056,0.347234,0.335071,0.341829,0.333668,0.336926,0.359108,0.369205,0.345363,0.345017,0.351775,0.341340,0.297105,0.488328,0.781559,0.804961,0.757752,0.744583,0.728541,0.714236,0.713772,0.703086,0.682732,0.619396,0.543823,0.656307,0.864030,0.864810,0.803681,0.776533,0.753856,0.761916,0.773611,0.745085,0.696023,0.683022,0.682874,0.674382,0.644321,0.615000,0.608624,0.610302,0.591627,0.432096,0.218161,0.172202,0.218122,0.233955,0.205515,0.179318,0.169624,0.178559,0.185800,0.172091,0.161126,0.294882,0.513910,0.556564,0.549806,0.596905,0.598005,0.596629,0.609181,0.629700,0.630449,0.648768,0.703809,0.619818,0.428854,0.443214,0.486497,0.487106,0.502967,0.540213,0.556159,0.583052,0.622331,0.665002,0.690318,0.685460,0.651708,0.692878,0.732943,0.724766,0.727545,0.856596,1.078851,1.124798,1.105889,1.091219,1.104858,1.109598,1.110863,1.104048,1.115472,1.131766,1.136444,1.122460,1.119128,1.106731,1.103630,1.135375,1.152595,1.010261,0.786298,0.765929,0.784582,0.773422,0.811004,0.623719,0.304133,0.283499,0.341361,0.338181,0.321485,0.325513,0.311837,0.309162,0.327134,0.329494,0.328129,0.337766,0.354410
0.305630,0.320297,0.320692,0.311686,0.316129,0.322534,0.339180,0.343717,0.342340,0.345339,0.337344,0.322810,0.319713,0.318363,0.344458,0.347163,0.343110,0.324490,0.311642,0.328973,0.347676,0.332924,0.330779,0.335383,0.327300,0.321494,0.332534,0.351448,0.342766,0.342252,0.358228,0.364312,0.349868,0.299798,0.483258,0.797578,0.817926,0.767238,0.752572,0.732195,0.733009,0.726829,0.720276,0.677458,0.618514,0.555328,0.667769,0.870074,0.871216,0.810099,0.780970,0.751004,0.742360,0.764064,0.755988,0.717207,0.693090,0.673234,0.660122,0.633536,0.618187,0.625337,0.627760,0.610761,0.440758,0.229916,0.198303,0.232791,0.233699,0.205332,0.181732,0.171412,0.172096,0.192609,0.197099,0.182411,0.313311,0.544304,0.585983,0.590953,0.623938,0.611339,0.624720,0.659375,0.687714,0.667267,0.669215,0.717706,0.629794,0.439751,0.456086,0.498204,0.508850,0.520016,0.564252,0.591850,0.598348,0.626937,0.657096,0.693639,0.700439,0.676823,0.711461,0.741268,0.731233,0.736848,0.868997,1.082150,1.129377,1.093249,1.078404,1.096204,1.104607,1.091029,1.106284,1.120778,1.132628,1.128844,1.118978,1.112795,1.103368,1.095805,1.116148,1.152012,1.014198,0.793635,0.768643,0.785165,0.790829,0.818254,0.633812,0.313874,0.278610,0.333366,0.338846,0.349398,0.337512,0.317161,0.317973,0.335733,0.328587,0.328024,0.339247,0.374143
0.424173,0.414008,0.414912,0.430447,0.441679,0.455008,0.449476,0.436088,0.422808,0.447467,0.454428,0.424210,0.423439,0.458745,0.469235,0.446919,0.428786,0.455056,0.459235,0.451237,0.421173,0.431887,0.437821,0.432999,0.438991,0.455134,0.467089,0.460140,0.456918,0.455122,0.451666,0.467635,0.445258,0.388508,0.583062,0.964821,1.021233,0.975927,0.968374,0.948861,0.923098,0.900076,0.883092,0.837740,0.775276,0.742705,0.944907,1.244607,1.239509,1.173881,1.165778,1.125162,1.087406,1.066291,1.050004,1.043009,1.007327,0.935173,0.888550,0.888189,0.883197,0.864441,0.869574,0.909211,0.754321,0.499761,0.498255,0.534875,0.503678,0.468037,0.433658,0.409071,0.417652,0.434496,0.444524,0.405050,0.573035,0.883903,0.896691,0.845107,0.859069,0.880198,0.891843,0.937626,0.956395,0.950021,0.945963,1.025099,0.917764,0.707697,0.682457,0.732730,0.768972,0.801086,0.829683,0.860522,0.895209,0.918477,0.936517,0.967765,0.989047,1.013427,1.036443,1.079185,1.094867,1.085016,1.135944,1.250542,1.294195,1.266279,1.241408,1.237577,1.252458,1.272916,1.278447,1.271421,1.270765,1.273619,1.269750,1.283007,1.253803,1.267348,1.307529,1.313940,1.159910,0.951044,0.930063,0.949504,0.937479,0.979133,0.779449,0.439834,0.372440,0.408918,0.403826,0.408581,0.405065,0.400347,0.414407,0.423735,0.426343,0.433817,0.419088,0.413045
0.441980,0.434462,0.430979,0.448485,0.439357,0.426531,0.424180,0.433740,0.432385,0.425569,0.436473,0.431355,0.429188,0.449157,0.463688,0.442304,0.419960,0.426108,0.458345,0.444476,0.414061,0.439456,0.452415,0.445496,0.444664,0.460034,0.464927,0.451720,0.460391,0.474812,0.448185,0.448042,0.434744,0.389408,0.598069,0.979201,1.026651,0.970902,0.982252,0.965607,0.924800,0.893488,0.883717,0.868427,0.791475,0.743437,0.936809,1.240328,1.250447,1.193574,1.184977,1.145290,1.126149,1.092976,1.051596,1.040128,1.038854,0.976366,0.924140,0.927415,0.906423,0.886489,0.894499,0.927527,0.767416,0.501500,0.489366,0.531955,0.506063,0.473096,0.439586,0.414730,0.445367,0.469104,0.465101,0.426043,0.597139,0.885976,0.906511,0.844416,0.858379,0.889905,0.918336,0.944125,0.984787,0.974313,0.974249,1.042565,0.953663,0.740317,0.708569,0.748572,0.789964,0.821349,0.839023,0.861434,0.909005,0.946883,0.952515,0.984065,1.000000,1.013063,1.056375,1.091473,1.108570,1.103070,1.164585,1.245411,1.291815,1.284333,1.254898,1.254243,1.269091,1.285723,1.281728,1.272300,1.279222,1.276774,1.285594,1.300325,1.275692,1.259897,1.290265,1.314352,1.157792,0.941068,0.919100,0.941315,0.933756,0.993710,0.784743,0.431402,0.358412,0.418218,0.414788,0.403280,0.388648,0.403426,0.416442,0.432135,0.433539,0.427493,0.425921,0.428887
0.440103,0.436786,0.444591,0.441565,0.439274,0.448787,0.434208,0.438008,0.429248,0.427167,0.427707,0.436346,0.429516,0.441382,0.452801,0.455497,0.427359,0.420733,0.458439,0.453059,0.409605,0.428753,0.457702,0.456815,0.438963,0.455253,0.470414,0.454640,0.460330,0.464798,0.439574,0.428012,0.437820,0.409196,0.629608,0.972217,1.024480,0.979888,0.971775,0.951652,0.925024,0.899431,0.882013,0.878193,0.821184,0.744807,0.926698,1.243864,1.235876,1.178096,1.198191,1.169236,1.119869,1.103125,1.050290,1.027867,1.033094,0.995986,0.953630,0.953319,0.918805,0.901977,0.912644,0.935354,0.766314,0.503715,0.476359,0.513856,0.494045,0.475336,0.441046,0.410824,0.431637,0.456278,0.445037,0.407711,0.579899,0.876142,0.918116,0.881351,0.903264,0.912828,0.934118,0.948594,0.966980,0.958710,0.982982,1.035644,0.934493,0.718397,0.721143,0.770309,0.791819,0.830752,0.842009,0.870217,0.930055,0.970612,0.965647,0.974218,1.001093,1.020697,1.052193,1.079632,1.099505,1.091035,1.162217,1.272883,1.298339,1.266809,1.236566,1.246684,1.265018,1.272844,1.292717,1.274163,1.272947,1.281526,1.298716,1.287020,1.271001,1.266597,1.300616,1.316280,1.156056,0.929610,0.918563,0.947782,0.955251,0.986830,0.771468,0.421960,0.344249,0.419072,0.419743,0.408184,0.393158,0.422625,0.435452,0.435849,0.419266,0.423790,0.421512,0.423161
0.425983,0.428680,0.435643,0.444384,0.439141,0.421335,0.431667,0.434873,0.429886,0.432001,0.431331,0.428511,0.427426,0.438631,0.449278,0.445684,0.434684,0.454539,0.456835,0.443663,0.411027,0.441421,0.458437,0.448283,0.434527,0.446670,0.462730,0.453430,0.463999,0.460542,0.426449,0.442590,0.451373,0.428427,0.638186,0.975452,1.016465,0.965510,0.971922,0.942110,0.927432,0.906677,0.884313,0.886522,0.854230,0.755168,0.928070,1.251247,1.244606,1.173699,1.198246,1.190075,1.144847,1.121785,1.075578,1.048058,1.047699,1.018252,0.993813,0.993647,0.966997,0.933490,0.942588,0.966243,0.804226,0.525120,0.500674,0.529931,0.536455,0.506679,0.469910,0.433366,0.444123,0.475092,0.458500,0.412329,0.577952,0.882457,0.927040,0.917511,0.936128,0.928969,0.931719,0.950629,0.992270,0.997690,1.017177,1.045409,0.941486,0.728921,0.736156,0.784593,0.804703,0.839705,0.863795,0.890422,0.931835,0.960044,0.968082,0.999103,1.009181,1.032660,1.050634,1.071476,1.086053,1.111882,1.193250,1.282700,1.306986,1.265492,1.239415,1.252479,1.269017,1.269481,1.287073,1.273879,1.267998,1.296033,1.299595,1.270558,1.274313,1.281361,1.289842,1.317412,1.170034,0.938587,0.933832,0.953957,0.936298,0.975118,0.773259,0.424240,0.350274,0.413983,0.410746,0.410484,0.404489,0.436175,0.415609,0.423673,0.425481,0.429940,0.422149,0.404996
0.419828,0.422347,0.428279,0.440121,0.435531,0.421569,0.432118,0.429401,0.430059,0.436993,0.436476,0.414527,0.422110,0.449034,0.451267,0.442032,0.437019,0.438580,0.448763,0.434579,0.415163,0.449932,0.456068,0.443636,0.441425,0.453481,0.457666,0.445363,0.452092,0.450181,0.427783,0.436921,0.440997,0.413128,0.629063,0.977208,1.015542,0.962908,0.976496,0.947028,0.933568,0.918637,0.899123,0.895849,0.888898,0.767071,0.928454,1.245528,1.257144,1.194078,1.182837,1.191668,1.162420,1.120774,1.076230,1.066063,1.072530,1.048788,1.023606,1.011746,0.987191,0.944980,0.954673,0.975412,0.809406,0.543021,0.505361,0.533610,0.516493,0.521570,0.484027,0.451535,0.455698,0.494127,0.473331,0.445650,0.609012,0.883701,0.927766,0.903582,0.906495,0.907451,0.929392,0.950529,0.992459,0.995657,1.010606,1.037123,0.935075,0.731742,0.720206,0.771546,0.802090,0.830254,0.864890,0.894835,0.925861,0.953931,0.963568,1.000641,1.024526,1.054883,1.059481,1.069275,1.087220,1.098467,1.182702,1.276306,1.305041,1.277006,1.242944,1.259162,1.267238,1.262407,1.267048,1.268969,1.267631,1.283069,1.280140,1.259058,1.272028,1.266669,1.265257,1.315222,1.183083,0.954264,0.933037,0.950899,0.931677,0.974317,0.780074,0.433398,0.349992,0.396314,0.400145,0.401500,0.417861,0.431652,0.408091,0.407466,0.428563,0.433851,0.418901,0.402560
0.288943,0.307212,0.325548,0.307735,0.307647,0.313289,0.325521,0.323259,0.344735,0.347246,0.332169,0.325102,0.323048,0.320323,0.327293,0.347947,0.347498,0.323844,0.307282,0.321037,0.356267,0.337910,0.332838,0.346549,0.336646,0.326173,0.333910,0.346960,0.348229,0.351432,0.355941,0.356137,0.351512,0.296386,0.484725,0.788312,0.814050,0.774346,0.758248,0.735230,0.735249,0.729011,0.715247,0.684646,0.637638,0.567368,0.671070,0.881723,0.887466,0.813439,0.771008,0.755353,0.771460,0.776780,0.766872,0.744950,0.720927,0.696220,0.685493,0.649994,0.621762,0.612900,0.626014,0.647917,0.487127,0.233879,0.197669,0.239093,0.232755,0.203041,0.181192,0.180722,0.177902,0.193203,0.188546,0.175327,0.309965,0.533263,0.561259,0.550190,0.585102,0.597636,0.606296,0.629125,0.660352,0.653201,0.664693,0.713033,0.620354,0.429196,0.435277,0.476599,0.487720,0.518635,0.560882,0.579914,0.587266,0.616021,0.658348,0.690959,0.694168,0.693089,0.722642,0.749045,0.735550,0.722032,0.845959,1.069726,1.125624,1.099611,1.084028,1.084394,1.091840,1.088287,1.088037,1.098650,1.118319,1.111594,1.107822,1.115094,1.107040,1.092985,1.097185,1.147470,1.016002,0.781153,0.750866,0.773152,0.781792,0.823029,0.633775,0.297950,0.282628,0.341625,0.345751,0.330992,0.316112,0.307710,0.309088,0.325367,0.337010,0.326195,0.333241,0.365792
0.312666,0.317264,0.328282,0.313681,0.306785,0.297870,0.322567,0.325938,0.339316,0.342205,0.340440,0.334220,0.328890,0.326121,0.347181,0.350075,0.333029,0.325166,0.327871,0.325306,0.344943,0.347536,0.346512,0.327940,0.335036,0.324220,0.323951,0.347728,0.372156,0.372661,0.367433,0.356960,0.348470,0.302492,0.483549,0.787383,0.811384,0.770504,0.783401,0.750131,0.726933,0.722909,0.716606,0.695584,0.654568,0.570920,0.694544,0.920220,0.906609,0.829142,0.804411,0.773158,0.786449,0.802964,0.793979,0.764578,0.738280,0.708983,0.693458,0.661962,0.638639,0.614020,0.618391,0.638197,0.486702,0.261244,0.236253,0.267253,0.239379,0.211848,0.206248,0.216863,0.203005,0.201849,0.196092,0.184307,0.319195,0.574707,0.578548,0.561823,0.602132,0.605845,0.614286,0.642611,0.685072,0.686156,0.698515,0.762870,0.650777,0.431055,0.440412,0.494930,0.512982,0.539778,0.570301,0.592788,0.613810,0.633587,0.680351,0.718957,0.723338,0.709039,0.738737,0.758897,0.753462,0.739590,0.863099,1.080892,1.131450,1.107274,1.100333,1.096968,1.089352,1.089428,1.118569,1.113736,1.113670,1.113477,1.110893,1.102107,1.103552,1.098139,1.108433,1.144795,1.000340,0.778915,0.759820,0.785694,0.798091,0.827667,0.611086,0.292192,0.287195,0.348462,0.346694,0.330671,0.317765,0.310383,0.306650,0.307504,0.329819,0.317774,0.338221,0.383538
0.424386,0.423408,0.430676,0.445409,0.437481,0.399425,0.418521,0.423086,0.431335,0.434988,0.431532,0.420109,0.424286,0.456367,0.461152,0.441120,0.424894,0.422338,0.452939,0.440969,0.407905,0.451056,0.458895,0.435858,0.445334,0.462190,0.456517,0.430822,0.443975,0.465807,0.435383,0.425685,0.419202,0.397691,0.618932,0.954475,0.997425,0.955780,0.975755,0.965131,0.932958,0.906727,0.876671,0.889516,0.874393,0.779139,0.942402,1.250898,1.266515,1.208028,1.199632,1.194099,1.165487,1.124184,1.102339,1.086158,1.062833,1.048169,1.023004,1.006316,0.963253,0.927077,0.929826,0.956898,0.802169,0.542663,0.516543,0.525944,0.474204,0.486025,0.480556,0.480328,0.467549,0.484445,0.469684,0.446062,0.602924,0.883796,0.922210,0.897077,0.891573,0.898828,0.927333,0.950897,0.993172,1.024367,1.033323,1.062173,0.949890,0.743219,0.724827,0.783825,0.824826,0.846347,0.865894,0.879342,0.929772,0.971689,0.973278,0.999490,1.026711,1.057321,1.062802,1.083169,1.103598,1.097829,1.158502,1.269426,1.292642,1.267350,1.252887,1.246976,1.253080,1.256415,1.275980,1.263233,1.245552,1.263634,1.283538,1.265694,1.263614,1.250574,1.269450,1.305780,1.156393,0.914710,0.920293,0.949941,0.933565,0.971889,0.771366,0.421462,0.335326,0.393646,0.399382,0.398736,0.402851,0.423849,0.427206,0.416333,0.410958,0.421605,0.423356,0.414133
0.429443,0.429067,0.436131,0.424376,0.423320,0.419278,0.423823,0.428059,0.441788,0.447942,0.434153,0.426638,0.428144,0.444523,0.454497,0.441902,0.438732,0.426973,0.441203,0.438252,0.424856,0.454201,0.469708,0.454597,0.441988,0.452746,0.468882,0.448359,0.442210,0.452431,0.422032,0.429117,0.436357,0.397473,0.619096,0.973118,1.006722,0.955696,0.969096,0.963218,0.947740,0.927476,0.865390,0.875618,0.888960,0.768868,0.918970,1.263592,1.271741,1.194290,1.171668,1.173506,1.142698,1.095805,1.077733,1.063707,1.047591,1.034307,1.002910,0.988640,0.969255,0.942389,0.928772,0.949873,0.789899,0.529279,0.489735,0.493988,0.461222,0.478824,0.475004,0.445399,0.475550,0.502424,0.477062,0.446595,0.593588,0.854790,0.904047,0.901633,0.927887,0.908446,0.918890,0.946454,0.971212,1.001419,1.022879,1.046418,0.928202,0.735551,0.729382,0.775621,0.798574,0.831271,0.869747,0.888066,0.929427,0.959508,0.955314,0.977842,1.019520,1.050486,1.059069,1.088572,1.108413,1.083787,1.131592,1.257959,1.287421,1.261550,1.260117,1.254787,1.246746,1.253119,1.272540,1.260975,1.245302,1.261096,1.284929,1.276010,1.267996,1.251622,1.264845,1.305706,1.156651,0.920836,0.907098,0.937073,0.939107,0.968493,0.765175,0.409535,0.352820,0.395962,0.396905,0.400995,0.405162,0.420477,0.443203,0.425938,0.411907,0.429977,0.435067,0.440898
0.419780,0.418477,0.424268,0.408065,0.428448,0.436308,0.425122,0.425091,0.441666,0.446665,0.437264,0.434563,0.427396,0.438667,0.450083,0.445006,0.433174,0.417122,0.427607,0.444000,0.440352,0.461780,0.461067,0.442302,0.445484,0.453319,0.452856,0.438636,0.435263,0.433839,0.408151,0.427234,0.437692,0.406344,0.622369,0.984276,1.017964,0.977130,0.987108,0.967399,0.941293,0.922715,0.873353,0.882552,0.882668,0.777859,0.941188,1.276593,1.258326,1.169031,1.177921,1.176635,1.141222,1.101119,1.075784,1.059194,1.044013,1.026199,1.002938,0.971800,0.958457,0.928731,0.916758,0.932640,0.780799,0.526255,0.495041,0.496284,0.472461,0.478498,0.466922,0.440483,0.459864,0.485190,0.461441,0.437954,0.581566,0.848788,0.903675,0.897268,0.927814,0.925623,0.924317,0.942556,0.968080,0.990685,1.015787,1.038072,0.928613,0.731487,0.735595,0.786944,0.801702,0.834059,0.872759,0.897230,0.914789,0.936123,0.957758,0.995567,1.034146,1.051592,1.057331,1.089651,1.101854,1.066554,1.124362,1.258908,1.289290,1.252797,1.246046,1.253267,1.256237,1.259649,1.277717,1.264844,1.254680,1.277499,1.280838,1.264515,1.268343,1.266071,1.260784,1.297220,1.149911,0.925131,0.903475,0.932515,0.952457,0.977650,0.766807,0.403645,0.367618,0.409440,0.405460,0.408225,0.411615,0.427273,0.444527,0.424438,0.397601,0.430107,0.431766,0.430893
0.423514,0.424669,0.420403,0.409693,0.424105,0.419614,0.408987,0.419343,0.435665,0.449862,0.444386,0.420059,0.422232,0.438836,0.456576,0.448435,0.434499,0.424807,0.431568,0.438158,0.439078,0.459848,0.455454,0.433789,0.446883,0.453908,0.451873,0.439541,0.437378,0.430905,0.427243,0.446455,0.458949,0.393404,0.609088,0.973701,1.018857,0.972804,0.991396,0.964777,0.936756,0.920428,0.897961,0.902336,0.874934,0.773203,0.948319,1.287766,1.298161,1.202077,1.186786,1.199688,1.162200,1.096211,1.082062,1.064937,1.026863,0.986083,0.967465,0.949912,0.938165,0.916834,0.911265,0.922510,0.759453,0.498382,0.455444,0.488968,0.486790,0.487847,0.466035,0.456046,0.462735,0.483767,0.477776,0.447958,0.600478,0.856767,0.915605,0.907401,0.913509,0.926366,0.935365,0.963581,0.977317,0.995046,1.024636,1.073493,0.953723,0.754734,0.739577,0.793065,0.818293,0.843528,0.878740,0.907422,0.918088,0.944343,0.959007,0.995572,1.035032,1.059145,1.068084,1.089942,1.094459,1.077126,1.130833,1.247100,1.286680,1.264588,1.244981,1.255703,1.271810,1.267482,1.273271,1.269403,1.265943,1.269474,1.281159,1.273888,1.277872,1.275143,1.267950,1.309171,1.166817,0.918234,0.914707,0.948207,0.954775,0.993642,0.778843,0.420877,0.376465,0.418802,0.402924,0.413597,0.423023,0.427441,0.427725,0.421722,0.411116,0.426579,0.427106,0.434550
0.427195,0.425442,0.423499,0.421332,0.430852,0.426797,0.431293,0.432091,0.444441,0.454487,0.447561,0.423973,0.423074,0.439976,0.458082,0.452039,0.441263,0.433201,0.440223,0.445528,0.435430,0.461244,0.464059,0.444686,0.445910,0.452904,0.469249,0.460952,0.446021,0.430944,0.436141,0.453881,0.443588,0.384663,0.605365,0.979544,1.018653,0.975029,1.004233,0.970343,0.940342,0.927384,0.897097,0.895888,0.883358,0.784449,0.954122,1.309367,1.322573,1.225434,1.195705,1.208161,1.176841,1.112500,1.117530,1.089924,1.039054,1.000990,0.988584,0.973654,0.961180,0.937971,0.931278,0.940225,0.778516,0.511707,0.467716,0.496467,0.487820,0.496808,0.479281,0.465814,0.473406,0.489241,0.483626,0.456211,0.613536,0.873248,0.934757,0.927623,0.932934,0.933582,0.939921,0.969015,0.981140,0.995022,1.015654,1.078199,0.965872,0.758084,0.738081,0.802612,0.841335,0.846902,0.867191,0.900045,0.924729,0.961320,0.982940,0.995950,1.031943,1.069891,1.081617,1.107846,1.117642,1.091666,1.137374,1.252628,1.299277,1.282551,1.253614,1.260215,1.277415,1.275384,1.276526,1.271174,1.260619,1.273753,1.297380,1.296288,1.287114,1.274613,1.281312,1.331668,1.185351,0.935369,0.926530,0.950693,0.961310,1.006359,0.786458,0.423731,0.382480,0.431435,0.411286,0.412210,0.415514,0.428808,0.428127,0.424395,0.414937,0.418440,0.434142,0.429080
0.329666,0.319403,0.327933,0.333605,0.326503,0.313688,0.333284,0.332870,0.343741,0.329670,0.318803,0.326239,0.326219,0.331459,0.356943,0.356292,0.344633,0.340182,0.346476,0.327393,0.353008,0.346907,0.349496,0.328726,0.332180,0.327834,0.333959,0.346456,0.370118,0.365100,0.356409,0.356799,0.349826,0.310545,0.470297,0.774473,0.800957,0.756527,0.762096,0.742948,0.733087,0.729340,0.718005,0.700478,0.653306,0.570203,0.691132,0.914221,0.903361,0.826166,0.796323,0.770692,0.778888,0.787056,0.778431,0.758486,0.729363,0.699836,0.698667,0.667321,0.644960,0.619271,0.628575,0.647783,0.480417,0.247727,0.215538,0.253137,0.237308,0.209041,0.199757,0.201900,0.206757,0.201507,0.197718,0.195840,0.330549,0.583597,0.597530,0.578297,0.595073,0.610056,0.625625,0.655525,0.718642,0.719658,0.716699,0.774312,0.670610,0.444726,0.461960,0.510099,0.517822,0.542216,0.580298,0.594288,0.627809,0.652068,0.705299,0.721912,0.708026,0.700375,0.743752,0.768927,0.766849,0.744647,0.867159,1.075861,1.121105,1.097179,1.086066,1.096933,1.096995,1.097507,1.123700,1.119650,1.119738,1.109053,1.110865,1.118149,1.118654,1.102979,1.120286,1.152238,1.007583,0.793176,0.764025,0.792047,0.796405,0.819806,0.613095,0.297919,0.278466,0.332536,0.351402,0.332659,0.321541,0.314342,0.308792,0.309344,0.315701,0.319228,0.340851,0.367880
0.326615,0.312806,0.317025,0.325608,0.323671,0.327335,0.327442,0.330837,0.350281,0.348585,0.343471,0.336194,0.327026,0.329394,0.353073,0.348663,0.347482,0.367335,0.350340,0.330381,0.340015,0.332080,0.347165,0.348786,0.347683,0.334007,0.324358,0.340454,0.364711,0.367094,0.355799,0.365186,0.366360,0.324661,0.485991,0.772391,0.801214,0.772314,0.789208,0.766662,0.759525,0.740694,0.720412,0.706686,0.664012,0.597685,0.710912,0.945205,0.917225,0.846501,0.824806,0.793795,0.791102,0.822118,0.809495,0.780719,0.748843,0.723792,0.718644,0.710713,0.681394,0.650650,0.656685,0.678453,0.498105,0.253402,0.227156,0.271678,0.246393,0.223087,0.231236,0.218966,0.216974,0.217413,0.211794,0.197674,0.328478,0.591381,0.622174,0.612630,0.623617,0.631805,0.659737,0.684423,0.731426,0.745031,0.752416,0.793984,0.689307,0.486261,0.480251,0.528926,0.534177,0.580179,0.605134,0.605788,0.637701,0.682883,0.714668,0.734603,0.741277,0.727468,0.741974,0.775438,0.794387,0.743658,0.872000,1.097038,1.134071,1.105497,1.099822,1.110865,1.112888,1.117697,1.126956,1.125442,1.135080,1.122461,1.120738,1.144190,1.139736,1.108401,1.116386,1.150231,0.990360,0.783329,0.782165,0.807735,0.820250,0.824969,0.618355,0.311749,0.280069,0.325119,0.332712,0.335455,0.327563,0.327955,0.321129,0.315516,0.304709,0.325449,0.357487,0.376807
0.417601,0.413452,0.415137,0.403929,0.422448,0.433710,0.419799,0.430003,0.447629,0.449490,0.441584,0.435841,0.422230,0.430544,0.442514,0.438618,0.441962,0.432416,0.437611,0.451468,0.442555,0.458939,0.452673,0.435457,0.432901,0.444037,0.461746,0.448287,0.432728,0.419233,0.419416,0.447089,0.459116,0.390946,0.605802,0.980972,1.000682,0.963233,0.995181,0.969864,0.958345,0.930021,0.887345,0.881817,0.876801,0.789739,0.935648,1.277932,1.294105,1.223992,1.205488,1.204920,1.167230,1.121678,1.089168,1.066895,1.048050,0.997569,0.969727,0.972096,0.955534,0.941517,0.944465,0.947064,0.780083,0.511282,0.462719,0.501116,0.512386,0.525166,0.507338,0.492125,0.503049,0.533204,0.503496,0.454727,0.604143,0.879420,0.933977,0.933822,0.957003,0.957461,0.954935,0.983272,0.998125,1.026842,1.047560,1.097578,0.976931,0.780605,0.779160,0.836383,0.850178,0.864090,0.881479,0.908419,0.950053,0.986837,0.974990,1.002124,1.040399,1.067551,1.070939,1.111029,1.129017,1.082968,1.127714,1.267314,1.289065,1.256708,1.260519,1.263595,1.276745,1.261849,1.257743,1.261205,1.257073,1.267810,1.286917,1.279236,1.279415,1.270124,1.263763,1.293156,1.177419,0.934250,0.912635,0.940446,0.968371,1.003706,0.784122,0.423474,0.374203,0.420376,0.412398,0.406884,0.418054,0.429021,0.448549,0.432753,0.400489,0.416010,0.435294,0.437705
0.421845,0.418619,0.424608,0.409926,0.423977,0.434827,0.434827,0.432184,0.443219,0.435987,0.437148,0.438575,0.432840,0.443770,0.457275,0.448452,0.443173,0.440887,0.452249,0.460498,0.434572,0.464233,0.462098,0.434579,0.433183,0.450341,0.471042,0.470932,0.440405,0.423887,0.426355,0.458056,0.476505,0.397392,0.597769,0.969868,0.996599,0.965868,0.993660,0.968977,0.949658,0.940661,0.907189,0.902723,0.892980,0.791313,0.946565,1.278084,1.281941,1.216268,1.217730,1.220231,1.156646,1.111143,1.084291,1.065302,1.055429,1.017547,0.998501,0.984500,0.976310,0.953854,0.945450,0.964419,0.792066,0.513816,0.499158,0.528998,0.505525,0.507783,0.493212,0.464143,0.489321,0.521928,0.512929,0.467915,0.600188,0.895856,0.965784,0.947006,0.935213,0.953621,0.973574,0.991059,1.017516,1.031702,1.036901,1.106009,0.994630,0.754257,0.763572,0.828949,0.838040,0.863734,0.886214,0.905673,0.952451,0.985423,0.979956,0.998439,1.043426,1.078696,1.090388,1.119720,1.115432,1.083096,1.142181,1.280200,1.277866,1.240674,1.261454,1.266569,1.272035,1.264402,1.274346,1.281001,1.258182,1.267205,1.277952,1.277989,1.290330,1.294721,1.286746,1.300850,1.174371,0.943047,0.907121,0.928064,0.958809,1.001369,0.793413,0.436749,0.382718,0.417409,0.412169,0.416925,0.431064,0.434730,0.426617,0.423140,0.420929,0.424229,0.432510,0.441009
0.428834,0.425430,0.429532,0.431211,0.433634,0.434885,0.437157,0.426740,0.425246,0.424826,0.434885,0.447496,0.432251,0.453433,0.472820,0.456242,0.442186,0.443075,0.462599,0.470244,0.452101,0.453347,0.452170,0.433337,0.448957,0.456767,0.454543,0.452507,0.449153,0.439394,0.437764,0.458841,0.470881,0.402479,0.601218,0.980588,1.001560,0.966312,0.997123,0.981282,0.938822,0.921487,0.900519,0.900488,0.872771,0.779674,0.942330,1.275128,1.279106,1.211176,1.212002,1.213545,1.154295,1.109193,1.106012,1.086992,1.064242,1.059103,1.052030,1.014045,1.003426,0.965412,0.955279,1.000275,0.843144,0.537966,0.521630,0.564430,0.546519,0.526415,0.500535,0.468188,0.471342,0.506644,0.505789,0.461063,0.614898,0.906277,0.956870,0.938964,0.936814,0.947616,0.968030,0.983669,1.008501,1.017961,1.030265,1.105735,0.987332,0.743731,0.749321,0.818085,0.847321,0.881451,0.901798,0.903297,0.937114,0.975685,1.003759,1.010614,1.040001,1.083354,1.098451,1.112616,1.109856,1.098350,1.173243,1.284084,1.284710,1.249013,1.263918,1.264437,1.273068,1.280638,1.287571,1.301961,1.279077,1.270328,1.270961,1.291328,1.303444,1.287885,1.286475,1.305652,1.182975,0.971085,0.938412,0.947828,0.962977,0.990102,0.781543,0.439605,0.393731,0.428300,0.417249,0.421487,0.423041,0.434057,0.412369,0.419564,0.439741,0.426792,0.413399,0.413552
0.421573,0.434019,0.422963,0.439873,0.426647,0.420118,0.421390,0.420278,0.425740,0.417139,0.425445,0.431975,0.420101,0.443819,0.462488,0.450314,0.438585,0.436882,0.447850,0.451851,0.434411,0.442067,0.446992,0.443597,0.435298,0.442824,0.463130,0.465903,0.450189,0.451345,0.434960,0.460750,0.475860,0.387766,0.587468,0.959009,0.988324,0.951839,0.999880,0.976012,0.933255,0.927469,0.886054,0.874632,0.874472,0.784859,0.947207,1.294798,1.289571,1.204640,1.193403,1.205591,1.161748,1.099879,1.093677,1.095146,1.066192,1.051587,1.045190,1.027769,0.992693,0.946662,0.959611,0.977883,0.826162,0.553025,0.539224,0.572945,0.570571,0.547406,0.507275,0.481691,0.502047,0.516510,0.504717,0.457451,0.606851,0.898148,0.939451,0.911789,0.918148,0.929050,0.958917,0.981326,0.996174,0.993331,1.017298,1.103788,0.997414,0.749005,0.750127,0.814669,0.842471,0.861259,0.889219,0.912145,0.936761,0.970278,0.999614,1.004251,1.026958,1.068073,1.085722,1.103004,1.099157,1.097341,1.186409,1.286299,1.284573,1.254090,1.262874,1.261847,1.268259,1.261763,1.261509,1.275538,1.278166,1.262728,1.258464,1.276045,1.283795,1.268867,1.278927,1.312544,1.178629,0.957096,0.930612,0.944870,0.953491,0.991445,0.789720,0.432531,0.395658,0.428051,0.412341,0.417490,0.431088,0.428157,0.414185,0.420120,0.439219,0.429606,0.419622,0.425682
0.421838,0.432256,0.437544,0.437991,0.424797,0.421925,0.436128,0.433447,0.438858,0.427260,0.431193,0.444878,0.436559,0.438772,0.444794,0.446210,0.443242,0.442090,0.446474,0.447316,0.428578,0.443185,0.449036,0.442642,0.434325,0.442631,0.459747,0.459054,0.456872,0.465754,0.440635,0.457413,0.469423,0.386976,0.600324,0.975733,0.998915,0.969327,1.027804,0.984197,0.940877,0.949618,0.900897,0.886533,0.888876,0.798958,0.970204,1.303594,1.290341,1.208548,1.209210,1.206256,1.154720,1.107801,1.088552,1.103375,1.083228,1.086794,1.071799,1.053019,1.027652,0.979950,0.962733,0.976511,0.821535,0.553800,0.544039,0.583899,0.564591,0.554151,0.529474,0.508804,0.507902,0.521855,0.520286,0.456663,0.605352,0.909861,0.923578,0.881332,0.912203,0.944722,0.968779,0.969044,0.991116,1.012147,1.029577,1.110868,0.991542,0.746867,0.751421,0.816464,0.834653,0.852957,0.897931,0.930333,0.947838,0.974656,0.998854,1.022008,1.042984,1.071098,1.095970,1.118409,1.113638,1.095740,1.184518,1.298924,1.291786,1.251095,1.263868,1.264214,1.266987,1.262605,1.260336,1.276644,1.278902,1.279135,1.271919,1.266560,1.272434,1.270201,1.289138,1.308070,1.181098,0.975283,0.922433,0.938303,0.945758,0.993423,0.795268,0.446151,0.410493,0.441317,0.424221,0.423112,0.429976,0.442650,0.425968,0.419018,0.434069,0.433036,0.422849,0.393409
0.310353,0.312070,0.321177,0.322094,0.323018,0.338861,0.328204,0.326357,0.343771,0.345062,0.343089,0.329201,0.324809,0.322057,0.339326,0.337188,0.336682,0.364397,0.342507,0.321399,0.339313,0.341982,0.350820,0.328809,0.338161,0.331904,0.324611,0.337328,0.366160,0.367115,0.355909,0.360118,0.356121,0.331060,0.499889,0.776775,0.804560,0.773974,0.768074,0.747720,0.739466,0.739857,0.718251,0.710206,0.680390,0.610954,0.716859,0.948447,0.920588,0.854341,0.840446,0.811481,0.789110,0.792326,0.812451,0.788026,0.767005,0.749930,0.725643,0.705068,0.676811,0.675364,0.681860,0.690640,0.513278,0.272638,0.243948,0.279505,0.247281,0.222078,0.234646,0.233817,0.220219,0.224029,0.222857,0.202491,0.355488,0.595506,0.636745,0.619486,0.623444,0.630333,0.654395,0.683642,0.725300,0.734736,0.756184,0.809939,0.699002,0.489051,0.478306,0.530438,0.536061,0.554462,0.591536,0.623122,0.652988,0.687642,0.699843,0.728026,0.740429,0.716047,0.729819,0.775682,0.789388,0.734684,0.869329,1.102882,1.138070,1.094752,1.094676,1.098970,1.094702,1.095962,1.105624,1.103281,1.098143,1.096915,1.103725,1.107406,1.123843,1.099781,1.103131,1.140694,0.993540,0.773018,0.769585,0.792524,0.790142,0.820004,0.628508,0.309548,0.290032,0.330606,0.323192,0.315399,0.308956,0.314681,0.312765,0.310020,0.317193,0.328802,0.353433,0.367428
0.327127,0.313108,0.312421,0.323182,0.336721,0.340684,0.319933,0.322049,0.333002,0.330824,0.323085,0.338419,0.329777,0.334791,0.332638,0.330151,0.332571,0.361492,0.351055,0.332297,0.329082,0.343095,0.350658,0.341031,0.353952,0.345381,0.340096,0.341840,0.370706,0.378680,0.338345,0.350364,0.347767,0.327202,0.507566,0.781012,0.804773,0.774433,0.792150,0.764151,0.745617,0.746298,0.719897,0.705909,0.679521,0.624440,0.740172,0.947438,0.921432,0.881048,0.910259,0.853077,0.816157,0.840661,0.840813,0.810384,0.778505,0.754286,0.737892,0.743454,0.725864,0.699583,0.689648,0.705815,0.537410,0.305628,0.284564,0.296034,0.265982,0.235373,0.254528,0.269909,0.271384,0.260475,0.239433,0.221969,0.364439,0.600206,0.624360,0.590921,0.593169,0.624605,0.661142,0.694481,0.718097,0.730392,0.756753,0.802130,0.692031,0.482024,0.470935,0.530233,0.557514,0.587082,0.599603,0.610752,0.637574,0.678861,0.705888,0.755591,0.758247,0.732688,0.742579,0.774455,0.785854,0.737619,0.869994,1.114349,1.146662,1.106955,1.101946,1.121131,1.105502,1.109392,1.090756,1.096552,1.105583,1.106201,1.111844,1.118344,1.129166,1.114153,1.121739,1.152852,0.995219,0.755494,0.755190,0.774483,0.767666,0.817352,0.633293,0.302337,0.279394,0.336497,0.322027,0.313849,0.313748,0.320286,0.317003,0.313996,0.309238,0.318159,0.354304,0.415673
0.435517,0.431133,0.423497,0.439145,0.436611,0.428039,0.427355,0.429117,0.430720,0.423407,0.433448,0.450258,0.454900,0.449109,0.445351,0.447824,0.439266,0.431492,0.447408,0.458601,0.425714,0.430111,0.434100,0.442652,0.449178,0.457258,0.456270,0.448871,0.449307,0.454145,0.435558,0.451597,0.464803,0.389729,0.604631,0.990878,1.019372,0.973051,1.012210,0.998431,0.962956,0.951753,0.911531,0.894499,0.876619,0.807137,0.995174,1.305210,1.294849,1.221636,1.233816,1.231269,1.176216,1.138241,1.118886,1.117577,1.089262,1.103278,1.091303,1.060618,1.056893,1.004657,0.971791,0.997997,0.848603,0.575764,0.552910,0.596818,0.585174,0.566734,0.526697,0.514018,0.525400,0.555721,0.568121,0.492127,0.618958,0.919148,0.928315,0.890662,0.924963,0.954908,0.993222,0.988093,0.981199,0.989871,1.027666,1.100897,0.959336,0.702841,0.725092,0.812214,0.834622,0.862548,0.890789,0.910301,0.956107,0.971856,0.992294,1.033733,1.059770,1.090015,1.103518,1.109861,1.105428,1.109295,1.171587,1.279311,1.284320,1.258597,1.271148,1.275050,1.273587,1.269470,1.262244,1.277147,1.283676,1.279647,1.272750,1.271421,1.283574,1.282378,1.298430,1.320927,1.182758,0.950351,0.921187,0.935965,0.931057,1.014476,0.816262,0.445535,0.411232,0.447819,0.429828,0.422899,0.438392,0.461409,0.445832,0.431641,0.440402,0.432228,0.420968,0.408452
0.422748,0.422461,0.423553,0.433681,0.432436,0.429932,0.440627,0.434562,0.430884,0.417838,0.428423,0.447391,0.452979,0.448787,0.445969,0.451344,0.432555,0.417579,0.446885,0.454759,0.429886,0.425819,0.440230,0.444941,0.461207,0.474943,0.451821,0.447023,0.445933,0.447337,0.431288,0.447271,0.451994,0.391024,0.601911,0.966560,1.032850,0.986188,0.988880,0.980283,0.953883,0.943265,0.915823,0.902865,0.874203,0.803296,1.004785,1.308518,1.306659,1.215682,1.220001,1.203912,1.159701,1.123913,1.117963,1.118326,1.100479,1.115858,1.076044,1.030717,1.018330,0.988123,0.962438,0.988717,0.847361,0.572740,0.541368,0.596862,0.597086,0.564351,0.542079,0.538638,0.530207,0.555137,0.562661,0.494112,0.639747,0.917513,0.948894,0.920561,0.939178,0.945940,0.975310,0.980920,0.980096,0.991722,1.028721,1.109510,0.982414,0.732129,0.743966,0.824030,0.847608,0.858468,0.895952,0.950041,0.978388,0.977586,0.993935,1.032044,1.056722,1.073289,1.091658,1.106611,1.108266,1.088600,1.157787,1.262058,1.286206,1.251311,1.251238,1.255828,1.268797,1.259685,1.268185,1.288669,1.279422,1.271666,1.264789,1.268166,1.271127,1.273167,1.295112,1.309395,1.175486,0.962133,0.943086,0.932465,0.926835,1.005157,0.815396,0.456681,0.411718,0.439912,0.411389,0.421187,0.435648,0.443651,0.422426,0.409113,0.433148,0.431414,0.439000,0.420896
0.408252,0.414928,0.437579,0.439422,0.425113,0.419203,0.426724,0.451737,0.446829,0.431456,0.432659,0.448386,0.434660,0.434723,0.451625,0.456792,0.437845,0.411143,0.436505,0.443816,0.436427,0.426232,0.447112,0.468330,0.464750,0.447209,0.456174,0.448311,0.450303,0.454001,0.436782,0.448357,0.436704,0.386837,0.625002,1.000235,1.047833,0.992533,0.983863,0.980497,0.957784,0.953646,0.922009,0.910154,0.883666,0.822773,1.014297,1.329853,1.318550,1.230852,1.237813,1.218302,1.181077,1.140573,1.128170,1.134647,1.132578,1.110322,1.068373,1.047898,1.035394,1.019088,0.986277,0.996871,0.843632,0.597599,0.564912,0.603421,0.590920,0.580842,0.572512,0.542207,0.532708,0.546271,0.552909,0.509735,0.659633,0.909918,0.936540,0.924270,0.946947,0.940177,0.949571,0.969139,0.990060,1.009594,1.054544,1.119867,1.008217,0.785156,0.775437,0.841235,0.866610,0.883366,0.921577,0.971497,0.971727,1.001585,1.034133,1.055324,1.056111,1.083615,1.097579,1.107489,1.118428,1.112745,1.173721,1.273760,1.294680,1.255120,1.243500,1.276465,1.282773,1.259630,1.272193,1.291727,1.280482,1.272028,1.262410,1.277665,1.279309,1.271037,1.282425,1.307592,1.184562,0.999535,0.945291,0.923772,0.910321,1.009005,0.822463,0.433361,0.401864,0.438671,0.412129,0.424370,0.429311,0.416798,0.436928,0.426630,0.425458,0.447520,0.444724,0.408966
0.412382,0.425778,0.429070,0.427047,0.411235,0.420016,0.428397,0.446928,0.443574,0.454306,0.452648,0.447344,0.433044,0.431985,0.447987,0.448860,0.434931,0.414509,0.421205,0.438664,0.440489,0.429603,0.451337,0.461755,0.441747,0.427640,0.458876,0.452192,0.448813,0.456129,0.453788,0.459254,0.418369,0.380448,0.626567,1.010780,1.056717,0.987714,0.999828,0.987083,0.971023,0.955135,0.925267,0.918121,0.892889,0.810872,0.995774,1.323615,1.316489,1.239186,1.236736,1.212486,1.180124,1.174144,1.135588,1.124439,1.126938,1.127090,1.084675,1.041963,1.043547,1.013024,0.961675,0.992655,0.843489,0.587112,0.565110,0.598157,0.581515,0.569772,0.560591,0.534278,0.523926,0.536587,0.533893,0.501916,0.657249,0.906970,0.949624,0.937899,0.939448,0.952080,0.959537,0.953940,0.972437,1.003311,1.049571,1.119395,0.996082,0.767063,0.773731,0.845660,0.861217,0.875822,0.913295,0.951785,0.959566,1.001370,1.031389,1.045587,1.047166,1.066759,1.089222,1.105704,1.106702,1.083539,1.158227,1.268346,1.295800,1.257096,1.238031,1.273408,1.274756,1.248677,1.266996,1.279046,1.265614,1.276479,1.270354,1.275704,1.277426,1.270127,1.272462,1.295538,1.172693,0.968435,0.931644,0.925711,0.914257,1.019989,0.814981,0.412563,0.396416,0.439213,0.414347,0.420072,0.425160,0.440486,0.455419,0.457159,0.429879,0.436288,0.437348,0.434389
0.427807,0.428449,0.424398,0.416408,0.414019,0.434833,0.443885,0.448002,0.447523,0.440225,0.437240,0.440528,0.449464,0.448169,0.453168,0.441864,0.434641,0.420987,0.436550,0.445328,0.444740,0.433903,0.449485,0.443074,0.450249,0.426714,0.447274,0.459197,0.457042,0.448707,0.443202,0.459852,0.426987,0.385416,0.624013,0.994814,1.041528,0.981090,0.999385,0.985291,0.964622,0.956463,0.935637,0.926085,0.895584,0.812436,0.989013,1.312573,1.327421,1.253323,1.249622,1.222260,1.199946,1.187032,1.152154,1.125106,1.124602,1.120096,1.079511,1.042275,1.070517,1.009517,0.945481,0.983715,0.847892,0.584890,0.552402,0.587179,0.563684,0.566540,0.543983,0.516082,0.513221,0.527672,0.521306,0.494077,0.657023,0.909729,0.951850,0.924829,0.922759,0.951004,0.953441,0.936555,0.970169,1.006336,1.036345,1.109495,0.977960,0.735491,0.752470,0.829791,0.839195,0.864861,0.900315,0.933614,0.961932,1.002338,1.026179,1.051746,1.071075,1.094358,1.095628,1.106512,1.105708,1.061114,1.147542,1.271921,1.291536,1.246095,1.239465,1.257864,1.256751,1.233821,1.269575,1.285148,1.262294,1.270400,1.273926,1.270933,1.288615,1.271165,1.272222,1.293271,1.172345,0.959666,0.927714,0.916211,0.920209,1.017947,0.814097,0.431455,0.393081,0.421051,0.402660,0.410415,0.419523,0.417822,0.432413,0.422861,0.410660,0.418994,0.430308,0.422732
0.336002,0.316443,0.306969,0.319443,0.330167,0.344914,0.331995,0.324193,0.324898,0.328446,0.327397,0.329800,0.326345,0.347167,0.343173,0.334588,0.332643,0.348892,0.350869,0.332363,0.324908,0.336969,0.347863,0.325739,0.352483,0.343974,0.322116,0.343917,0.372023,0.354245,0.342140,0.359243,0.343353,0.318225,0.496709,0.768436,0.787196,0.755084,0.779570,0.771827,0.763274,0.751699,0.728715,0.715735,0.696451,0.624248,0.735990,0.944274,0.930213,0.889327,0.895462,0.833410,0.830191,0.886971,0.849369,0.803903,0.779725,0.748238,0.738465,0.732967,0.711576,0.680778,0.683446,0.703198,0.554043,0.307937,0.285007,0.292955,0.260930,0.241988,0.253322,0.271450,0.286591,0.270629,0.241286,0.227093,0.373910,0.607220,0.644085,0.612513,0.635667,0.641241,0.670696,0.700817,0.726485,0.738643,0.755280,0.817863,0.701553,0.464590,0.469211,0.548945,0.563569,0.586771,0.603579,0.620088,0.644452,0.691195,0.722177,0.764957,0.768831,0.739323,0.745357,0.779830,0.781830,0.744681,0.866675,1.108619,1.133267,1.108961,1.117931,1.117967,1.091528,1.094494,1.108622,1.113629,1.108458,1.104175,1.111669,1.116978,1.127013,1.118149,1.128848,1.154620,1.002530,0.763120,0.751044,0.787195,0.800321,0.823003,0.638982,0.305915,0.270297,0.317531,0.313861,0.305885,0.314667,0.315499,0.317385,0.307272,0.299673,0.299524,0.349146,0.393565
0.331902,0.316813,0.311141,0.323478,0.329932,0.339528,0.337394,0.328451,0.335730,0.319975,0.328165,0.338033,0.331411,0.334442,0.346196,0.335413,0.332075,0.350333,0.348333,0.328804,0.323068,0.335077,0.345876,0.336614,0.351584,0.353098,0.340461,0.344342,0.363088,0.354858,0.345800,0.358863,0.347854,0.321527,0.490042,0.768236,0.799672,0.774672,0.776247,0.791922,0.774932,0.751537,0.740955,0.726970,0.710508,0.634068,0.743999,0.957388,0.941671,0.892731,0.902841,0.855060,0.856883,0.894635,0.858857,0.820371,0.796654,0.776358,0.772858,0.755651,0.719558,0.688009,0.698069,0.717803,0.588573,0.345625,0.300872,0.322171,0.291921,0.279308,0.282869,0.316660,0.309410,0.303788,0.275388,0.269241,0.399925,0.626820,0.666304,0.638963,0.664232,0.677035,0.707789,0.728314,0.729392,0.743425,0.784341,0.823757,0.709532,0.529182,0.528824,0.569925,0.576017,0.592866,0.622003,0.637122,0.652723,0.689130,0.730114,0.766280,0.758627,0.738920,0.751403,0.776237,0.766672,0.729250,0.861907,1.114466,1.144651,1.104076,1.103548,1.123425,1.125803,1.113767,1.092741,1.104052,1.134812,1.122697,1.111799,1.117328,1.124585,1.115463,1.120180,1.170680,1.019849,0.753637,0.760346,0.801773,0.798144,0.825224,0.635480,0.303056,0.260272,0.306110,0.311059,0.301456,0.312028,0.321868,0.335349,0.317105,0.298988,0.315412,0.355057,0.404007
0.403789,0.419995,0.438247,0.431862,0.421999,0.438867,0.445828,0.459825,0.454270,0.440412,0.440158,0.452430,0.445897,0.445153,0.461538,0.453233,0.431977,0.411677,0.443064,0.456787,0.450837,0.447265,0.448434,0.448443,0.458072,0.444667,0.457675,0.457770,0.454859,0.443521,0.450658,0.459492,0.411836,0.382170,0.624587,0.971078,1.043071,0.977449,0.980942,0.976561,0.974279,0.964131,0.937458,0.932700,0.915735,0.820851,0.996561,1.308722,1.332262,1.264210,1.260004,1.248526,1.221246,1.191513,1.142942,1.129084,1.135923,1.111356,1.068448,1.061147,1.051626,1.010368,0.978522,1.004942,0.845741,0.598322,0.569377,0.604955,0.601466,0.611195,0.584842,0.536530,0.540260,0.556375,0.560281,0.547758,0.695201,0.925113,0.962323,0.951259,0.947825,0.970702,0.975688,0.975349,0.997661,1.015358,1.045751,1.125413,1.013335,0.791846,0.814228,0.864136,0.854910,0.882040,0.923108,0.958488,0.958452,0.991330,1.041501,1.056993,1.065297,1.087230,1.094161,1.095407,1.101125,1.077992,1.153022,1.265313,1.281458,1.253986,1.248345,1.267991,1.273994,1.240904,1.264814,1.277859,1.260931,1.272597,1.274722,1.274788,1.285976,1.266456,1.265554,1.302242,1.173704,0.957358,0.937630,0.925681,0.919019,1.019830,0.821204,0.421454,0.380313,0.423127,0.401546,0.414199,0.420531,0.403771,0.451708,0.441623,0.404463,0.421603,0.438576,0.416303
0.421974,0.430223,0.431213,0.422126,0.427180,0.453595,0.455455,0.450239,0.434652,0.438760,0.458312,0.445018,0.430385,0.444107,0.456437,0.460300,0.438001,0.418393,0.457464,0.473936,0.452128,0.444832,0.444381,0.439954,0.453495,0.442968,0.442015,0.447856,0.440664,0.445735,0.466087,0.469057,0.422700,0.383950,0.607759,0.981564,1.023276,0.966184,0.979624,0.988523,0.975577,0.962142,0.947473,0.947980,0.920091,0.823889,0.982042,1.297006,1.324311,1.275811,1.263980,1.235924,1.212961,1.204665,1.158140,1.127768,1.125569,1.083958,1.056917,1.047540,1.042554,1.008142,0.974206,1.013395,0.852828,0.592239,0.554679,0.596696,0.586486,0.592634,0.556924,0.506989,0.513915,0.535722,0.555258,0.521840,0.674347,0.902944,0.952041,0.943296,0.941564,0.957138,0.963149,0.968631,1.007309,1.023702,1.042539,1.131415,1.026136,0.788230,0.793005,0.859326,0.871735,0.884305,0.917608,0.956110,0.958879,0.988615,1.030803,1.053215,1.078209,1.101718,1.112618,1.112501,1.120064,1.096601,1.167728,1.270910,1.279657,1.260035,1.263168,1.271394,1.259734,1.241884,1.272010,1.275649,1.255223,1.281852,1.292254,1.276865,1.276963,1.265617,1.275725,1.303226,1.176287,0.957376,0.933482,0.925622,0.940127,1.006628,0.801897,0.420038,0.379748,0.428780,0.411550,0.405202,0.405589,0.406306,0.417303,0.420332,0.411643,0.422289,0.434706,0.436543
0.419977,0.422819,0.433409,0.433118,0.429936,0.458178,0.465263,0.449636,0.417513,0.430471,0.457451,0.450876,0.438453,0.439059,0.447962,0.449413,0.447415,0.440278,0.456307,0.450260,0.438716,0.439244,0.452673,0.442545,0.442018,0.432031,0.421968,0.440123,0.437938,0.461131,0.469668,0.465375,0.425292,0.387266,0.620235,0.974419,1.010544,0.968882,0.981758,0.985444,0.967044,0.956756,0.958847,0.962669,0.916135,0.818454,0.982437,1.308430,1.319474,1.273361,1.281537,1.236884,1.204435,1.198061,1.168197,1.120223,1.104619,1.071607,1.044662,1.028940,1.029461,0.998308,0.983807,1.024539,0.881200,0.604675,0.566006,0.602013,0.581574,0.585142,0.565939,0.515705,0.510531,0.520364,0.534805,0.504608,0.665695,0.906466,0.947205,0.932559,0.950653,0.955578,0.958524,0.951336,1.002271,1.028890,1.045679,1.121675,0.996636,0.761225,0.772582,0.848635,0.867814,0.881760,0.908946,0.930869,0.936153,0.980443,1.026753,1.061729,1.086513,1.111661,1.104743,1.099053,1.096954,1.109764,1.192840,1.281003,1.268297,1.256052,1.256652,1.278857,1.263765,1.242844,1.271514,1.282803,1.263376,1.280667,1.277941,1.265691,1.266758,1.256803,1.276601,1.306882,1.172480,0.947044,0.915728,0.937545,0.954032,1.012410,0.793771,0.417359,0.373863,0.432737,0.427167,0.408727,0.405335,0.407722,0.443021,0.435403,0.403007,0.414434,0.427422,0.417860
0.417314,0.421392,0.427630,0.435838,0.440229,0.456882,0.476312,0.466402,0.430868,0.435451,0.448282,0.449175,0.441210,0.439955,0.438794,0.439508,0.448439,0.454763,0.453432,0.447060,0.443308,0.451958,0.445871,0.433459,0.429005,0.426867,0.433154,0.464238,0.443001,0.443877,0.461731,0.463467,0.416487,0.376927,0.612169,0.984931,1.016709,0.965249,0.978963,0.992215,0.984146,0.973769,0.942769,0.941826,0.914384,0.821205,0.991303,1.310690,1.332098,1.282899,1.280139,1.239762,1.207149,1.199513,1.173806,1.119978,1.097660,1.078343,1.054410,1.032898,1.033412,1.008401,0.993722,1.046165,0.897815,0.604671,0.571647,0.602966,0.576401,0.588876,0.574953,0.525515,0.522251,0.539702,0.543613,0.511360,0.672004,0.920374,0.955913,0.951912,0.963148,0.964403,0.972701,0.998425,1.050371,1.045583,1.039777,1.124341,1.021218,0.774646,0.783541,0.855265,0.870354,0.883733,0.906916,0.936203,0.961501,0.995202,1.037011,1.080721,1.090748,1.097287,1.115564,1.122387,1.103418,1.079387,1.170807,1.288391,1.267601,1.241498,1.250358,1.274866,1.271601,1.257113,1.273446,1.287485,1.272827,1.278298,1.271886,1.263517,1.265825,1.253312,1.266146,1.298699,1.175290,0.956261,0.932053,0.940860,0.941826,1.006589,0.789118,0.425972,0.389000,0.438819,0.431046,0.422191,0.422490,0.420247,0.436245,0.421379,0.396337,0.413594,0.429058,0.416011
0.426479,0.431259,0.420929,0.433125,0.451383,0.456912,0.469357,0.463931,0.454729,0.440264,0.445875,0.450461,0.455531,0.445468,0.430072,0.440534,0.455935,0.464025,0.465268,0.466922,0.453584,0.456881,0.455777,0.437078,0.442607,0.442000,0.445032,0.482798,0.459441,0.447340,0.447866,0.455394,0.411758,0.385322,0.616013,0.991915,1.019664,0.953580,0.975458,0.985994,0.992438,0.987156,0.966647,0.958241,0.922195,0.822340,0.987966,1.314387,1.339170,1.282259,1.279759,1.250211,1.221636,1.200404,1.153178,1.108863,1.107536,1.086473,1.056386,1.040916,1.038727,1.012585,1.005940,1.051256,0.894663,0.624530,0.599912,0.610302,0.588848,0.603344,0.588286,0.554474,0.553292,0.576153,0.562546,0.516965,0.670306,0.918486,0.961567,0.965119,0.988242,0.960573,0.974528,1.049801,1.063891,1.052932,1.061242,1.143263,1.046595,0.818910,0.809128,0.861919,0.862884,0.890789,0.913814,0.933182,0.977037,1.014235,1.047999,1.073555,1.086326,1.113597,1.118509,1.122529,1.108755,1.093275,1.176728,1.294937,1.274815,1.253818,1.282350,1.288649,1.271906,1.252596,1.272613,1.289645,1.275616,1.281842,1.279611,1.270127,1.254433,1.248199,1.258459,1.296619,1.176508,0.959590,0.925997,0.930777,0.938003,1.007016,0.801353,0.429680,0.388280,0.435167,0.430562,0.440117,0.426412,0.422744,0.435764,0.421402,0.398794,0.424807,0.426548,0.403175
0.324471,0.319275,0.306449,0.318406,0.327888,0.341755,0.337528,0.325457,0.331099,0.321101,0.329580,0.333417,0.331022,0.328609,0.335015,0.334161,0.337607,0.350641,0.349852,0.337052,0.328690,0.336406,0.349345,0.342219,0.368610,0.360119,0.352304,0.332461,0.353945,0.359312,0.344965,0.358438,0.354508,0.330001,0.505655,0.772550,0.801346,0.768138,0.765913,0.788878,0.784295,0.762852,0.753295,0.742510,0.711960,0.636101,0.742017,0.966332,0.955073,0.910087,0.910350,0.852064,0.855292,0.892054,0.868635,0.829547,0.798935,0.783600,0.774931,0.753848,0.738486,0.713889,0.702429,0.711673,0.580226,0.337469,0.287013,0.317739,0.300906,0.281301,0.278702,0.319000,0.309389,0.301080,0.268272,0.259564,0.404744,0.642920,0.671598,0.656950,0.677253,0.694220,0.714125,0.725916,0.732602,0.746134,0.782641,0.849519,0.731173,0.518555,0.548731,0.583706,0.576602,0.591026,0.628649,0.647173,0.667645,0.687547,0.694651,0.751884,0.760814,0.740273,0.730701,0.762044,0.779057,0.735460,0.859333,1.109665,1.149022,1.106429,1.112617,1.116156,1.117065,1.109573,1.092079,1.096374,1.127434,1.115020,1.116141,1.113001,1.125265,1.112948,1.107650,1.169017,1.027240,0.768367,0.758525,0.783111,0.791085,0.813197,0.629197,0.312631,0.268402,0.313749,0.311106,0.299652,0.319838,0.345663,0.341699,0.317292,0.319111,0.326217,0.348271,0.375294
0.326067,0.321386,0.330837,0.318130,0.325593,0.346911,0.334653,0.319304,0.333328,0.328608,0.331644,0.321557,0.322244,0.327441,0.342087,0.342468,0.339852,0.351427,0.341155,0.336774,0.346468,0.346884,0.346337,0.342315,0.356310,0.356844,0.349613,0.321169,0.336443,0.371459,0.346747,0.354447,0.356253,0.326974,0.494052,0.756688,0.795909,0.743544,0.746305,0.788655,0.790660,0.779170,0.758086,0.756269,0.712316,0.664570,0.774953,0.969161,0.972851,0.934705,0.895605,0.849438,0.861593,0.898581,0.893638,0.851402,0.816676,0.811924,0.797707,0.757078,0.754477,0.729984,0.701507,0.731268,0.582399,0.305136,0.272487,0.324489,0.321484,0.297981,0.292329,0.327138,0.329037,0.321918,0.318651,0.297502,0.414888,0.654312,0.680894,0.667220,0.675816,0.701831,0.725853,0.735135,0.759348,0.760644,0.784749,0.857698,0.740251,0.518955,0.549464,0.591148,0.579262,0.586270,0.634384,0.676971,0.689836,0.691157,0.697461,0.760921,0.767297,0.743374,0.750216,0.779357,0.777938,0.736370,0.864547,1.105896,1.148682,1.101324,1.095429,1.099875,1.095757,1.098153,1.095318,1.105268,1.112569,1.101929,1.103530,1.115779,1.129182,1.116836,1.112435,1.160877,1.014070,0.773467,0.765367,0.785986,0.768581,0.813852,0.639502,0.311187,0.265823,0.316752,0.315589,0.303244,0.322884,0.341455,0.337680,0.315732,0.319157,0.325697,0.344978,0.386020
0.412013,0.422484,0.428749,0.446022,0.446841,0.452563,0.467297,0.463972,0.427380,0.448604,0.451683,0.445326,0.420858,0.429761,0.437387,0.440695,0.447977,0.452063,0.454103,0.448873,0.447482,0.452493,0.451714,0.440340,0.445192,0.440706,0.429435,0.455258,0.443640,0.446990,0.453179,0.449661,0.411421,0.381516,0.606558,0.984282,1.016929,0.955433,0.969154,0.979159,0.993948,0.984468,0.952602,0.944389,0.919942,0.823638,0.990968,1.324546,1.350112,1.286052,1.262482,1.235204,1.215436,1.207818,1.155385,1.107536,1.103505,1.088129,1.060994,1.040566,1.031933,1.020354,1.000170,1.044834,0.887109,0.618948,0.599976,0.609331,0.588636,0.610456,0.589483,0.551271,0.583923,0.607596,0.555706,0.529076,0.678296,0.913405,0.974424,0.968909,0.976698,0.959939,0.987094,1.052301,1.056767,1.056130,1.068565,1.141531,1.024333,0.803593,0.811769,0.865390,0.871459,0.889988,0.922242,0.951616,0.989582,1.002177,1.055345,1.071207,1.098749,1.117782,1.107619,1.098578,1.106930,1.108727,1.185121,1.276030,1.268880,1.263544,1.266205,1.273389,1.267214,1.251467,1.273896,1.281534,1.259404,1.267854,1.259438,1.259232,1.256585,1.251385,1.234736,1.265424,1.164682,0.966058,0.946841,0.947595,0.941126,1.004873,0.797195,0.427219,0.386607,0.442260,0.436725,0.440948,0.427392,0.411328,0.427920,0.429391,0.401902,0.420738,0.432236,0.411198
0.419707,0.420583,0.429343,0.452887,0.447217,0.437745,0.455467,0.457682,0.433056,0.433334,0.440620,0.446297,0.411486,0.416739,0.437745,0.443019,0.455330,0.466956,0.444580,0.441395,0.456097,0.462983,0.456793,0.452731,0.449840,0.454473,0.463835,0.469004,0.450291,0.461599,0.443864,0.452700,0.422813,0.390016,0.621260,1.002960,1.019744,0.944216,0.972685,0.976607,0.986808,0.987805,0.976829,0.964211,0.915280,0.818398,0.992684,1.324216,1.347460,1.281374,1.261937,1.243544,1.218848,1.209331,1.162328,1.116978,1.116759,1.103060,1.073345,1.058214,1.057914,1.030907,1.012296,1.042293,0.894161,0.645989,0.624114,0.611246,0.590724,0.603703,0.578614,0.553227,0.555786,0.565566,0.540339,0.485091,0.648294,0.907712,0.947443,0.943825,0.977256,0.954278,0.968180,1.040969,1.044048,1.043465,1.059192,1.137083,1.034036,0.814480,0.806465,0.865374,0.875095,0.893235,0.916178,0.949469,1.001515,1.007370,1.029938,1.045551,1.103197,1.125802,1.110853,1.090344,1.092231,1.090133,1.170607,1.287303,1.287587,1.270075,1.264065,1.283884,1.278251,1.260103,1.270784,1.284626,1.282566,1.282472,1.267495,1.255793,1.261807,1.255961,1.236313,1.289337,1.174729,0.957158,0.944032,0.944411,0.932231,0.976235,0.766620,0.425523,0.409496,0.445222,0.425381,0.423810,0.423709,0.414519,0.431957,0.428941,0.403562,0.419589,0.425860,0.423326
0.423788,0.433199,0.432944,0.443459,0.430196,0.437117,0.449459,0.449152,0.442269,0.428031,0.441055,0.451579,0.423001,0.415735,0.429988,0.434094,0.451486,0.469261,0.434586,0.433649,0.465653,0.472146,0.462031,0.464758,0.458031,0.457232,0.465469,0.465035,0.453339,0.450640,0.440398,0.454623,0.432581,0.404738,0.621536,0.988976,1.027825,0.961886,0.972766,0.988197,1.000519,0.991856,0.967264,0.948821,0.902875,0.810260,0.983099,1.320021,1.340221,1.266094,1.242071,1.229605,1.218246,1.199754,1.156643,1.104672,1.092831,1.097626,1.072459,1.035584,1.030954,1.021960,1.015302,1.039481,0.878733,0.619738,0.591251,0.615450,0.609056,0.613005,0.586328,0.557990,0.551861,0.576478,0.561681,0.494096,0.666127,0.929843,0.959215,0.955825,0.995728,0.975372,0.982743,1.036848,1.043651,1.049860,1.074274,1.135631,1.039758,0.843352,0.807818,0.853181,0.866179,0.896434,0.921934,0.947475,0.989104,0.997021,1.018808,1.028081,1.071557,1.102009,1.088275,1.079561,1.075909,1.082653,1.144727,1.272169,1.283896,1.275012,1.257397,1.277603,1.283387,1.269597,1.268126,1.277949,1.277810,1.286658,1.274523,1.252165,1.278562,1.268677,1.248250,1.287691,1.175186,0.962864,0.937660,0.943794,0.934928,0.989519,0.781708,0.437160,0.403900,0.428758,0.406113,0.420403,0.436401,0.427896,0.442604,0.425714,0.405813,0.419638,0.421572,0.424884
0.448337,0.453114,0.422031,0.419386,0.425350,0.442833,0.436084,0.435906,0.447254,0.428732,0.437707,0.439478,0.412875,0.408201,0.426092,0.438157,0.447262,0.462096,0.440306,0.444911,0.459465,0.468581,0.459693,0.467179,0.464253,0.458113,0.465190,0.458673,0.450101,0.451465,0.442908,0.452992,0.441630,0.406716,0.618275,0.979100,1.027637,0.966554,0.966405,0.978996,0.989209,0.984511,0.948955,0.929882,0.895380,0.816314,0.992595,1.314142,1.336410,1.268679,1.258131,1.237577,1.229199,1.210877,1.171936,1.117380,1.087112,1.085000,1.058159,1.031784,1.036336,1.027187,1.001609,0.997473,0.848191,0.608378,0.596164,0.621900,0.621019,0.617795,0.589115,0.566778,0.567006,0.587610,0.576990,0.523354,0.680332,0.946182,0.983976,0.970385,0.994736,0.983156,1.014765,1.056791,1.042166,1.049364,1.089710,1.136645,1.031192,0.834676,0.807592,0.850515,0.870481,0.898582,0.921953,0.945664,0.983915,1.013760,1.033737,1.036271,1.063278,1.087535,1.082960,1.082553,1.085596,1.073060,1.140644,1.270759,1.291803,1.275817,1.268981,1.270340,1.273130,1.266189,1.271931,1.279971,1.277737,1.283793,1.272371,1.252369,1.274477,1.256459,1.235375,1.289829,1.177423,0.961618,0.936932,0.939893,0.910597,0.996063,0.799884,0.438476,0.391805,0.424070,0.400923,0.422272,0.437373,0.432253,0.429855,0.423795,0.406049,0.434339,0.441693,0.421798
0.435602,0.444073,0.432900,0.425647,0.429244,0.446511,0.427915,0.427311,0.435734,0.423718,0.437651,0.448791,0.420377,0.413621,0.431988,0.441193,0.445002,0.450670,0.449932,0.445394,0.448697,0.463948,0.455537,0.459228,0.459751,0.462252,0.466846,0.450753,0.448567,0.449448,0.437939,0.443487,0.440049,0.412147,0.627236,0.981484,1.038036,0.993891,0.978127,0.971457,0.980694,0.980677,0.971773,0.951255,0.893154,0.813580,0.999625,1.325305,1.342015,1.280464,1.268360,1.243206,1.228406,1.205750,1.162293,1.126825,1.138127,1.115730,1.076362,1.067735,1.076160,1.049884,1.017043,1.021543,0.869735,0.618768,0.611204,0.653534,0.627363,0.621313,0.594267,0.578563,0.572783,0.587371,0.556812,0.512165,0.681445,0.953226,1.006451,0.985692,0.995285,0.998974,1.023397,1.046971,1.055486,1.057984,1.081109,1.125243,1.026324,0.827522,0.814945,0.857456,0.858813,0.905800,0.942907,0.958072,0.995539,1.018199,1.038538,1.041827,1.082255,1.119352,1.095238,1.092687,1.098730,1.095738,1.160084,1.271199,1.294417,1.273694,1.268087,1.276325,1.281564,1.274659,1.271252,1.279442,1.269226,1.278566,1.275830,1.254392,1.266902,1.249954,1.231628,1.301326,1.178826,0.944428,0.936667,0.945509,0.930965,1.001643,0.798473,0.430236,0.372963,0.409073,0.409625,0.423823,0.427679,0.414109,0.417206,0.429826,0.425676,0.438906,0.446553,0.413108
0.323758,0.313868,0.308793,0.325539,0.335882,0.340765,0.326644,0.329937,0.344668,0.323764,0.332106,0.339169,0.322747,0.329768,0.353625,0.341050,0.330087,0.344495,0.349877,0.332554,0.317797,0.339397,0.346798,0.342804,0.357812,0.349727,0.347519,0.327831,0.340599,0.367606,0.348727,0.356680,0.354531,0.320921,0.504416,0.767250,0.803040,0.765572,0.781788,0.781729,0.773314,0.794306,0.768415,0.763027,0.721383,0.681955,0.793264,0.971119,0.977263,0.932368,0.912342,0.860164,0.873758,0.904814,0.894617,0.868587,0.838798,0.826577,0.808382,0.778805,0.772909,0.743565,0.720194,0.740744,0.581811,0.341700,0.298652,0.339441,0.319721,0.310849,0.313402,0.326297,0.343882,0.330207,0.297705,0.276759,0.427759,0.670325,0.688318,0.659766,0.663068,0.708183,0.736909,0.748558,0.754604,0.754484,0.779606,0.832347,0.713321,0.520380,0.558483,0.592474,0.581340,0.594090,0.650108,0.700132,0.688339,0.699870,0.725517,0.777497,0.776754,0.752250,0.763034,0.770823,0.771165,0.733278,0.861324,1.099856,1.126496,1.096044,1.100661,1.099080,1.094238,1.097752,1.085747,1.094390,1.115237,1.102511,1.106289,1.119390,1.121738,1.112315,1.119177,1.167336,1.012846,0.760467,0.763858,0.801453,0.773380,0.816438,0.639279,0.305609,0.255881,0.313154,0.322475,0.300770,0.313410,0.345449,0.343116,0.327478,0.322947,0.331521,0.345735,0.372998
0.320366,0.312569,0.321878,0.325570,0.326655,0.328405,0.330940,0.349719,0.349935,0.323716,0.320520,0.321508,0.306616,0.313195,0.348115,0.338512,0.335493,0.341683,0.331186,0.332493,0.347441,0.346127,0.346955,0.340269,0.347232,0.347280,0.347755,0.328346,0.332999,0.345799,0.349691,0.356290,0.348204,0.330337,0.504925,0.766261,0.794946,0.759758,0.772322,0.756948,0.758739,0.778384,0.773624,0.763793,0.738042,0.681518,0.789969,0.974216,0.976355,0.924658,0.911722,0.862994,0.863073,0.896132,0.890407,0.864063,0.841494,0.820355,0.800934,0.767494,0.780264,0.754295,0.735330,0.754772,0.600072,0.355272,0.315187,0.351985,0.349770,0.339061,0.343102,0.356559,0.373673,0.365013,0.341518,0.311724,0.440488,0.669172,0.707587,0.674622,0.689657,0.720848,0.745352,0.767836,0.769793,0.765433,0.786127,0.845093,0.736901,0.526304,0.560809,0.608302,0.590888,0.597088,0.642936,0.700336,0.706766,0.717164,0.756764,0.761187,0.752921,0.748526,0.764117,0.768056,0.759488,0.725789,0.857511,1.103571,1.122143,1.093348,1.107863,1.093280,1.072610,1.080487,1.090979,1.103240,1.115799,1.106419,1.103146,1.103960,1.112002,1.103619,1.101802,1.146558,0.999683,0.754269,0.757767,0.794189,0.773241,0.802381,0.615951,0.315357,0.263932,0.312968,0.310266,0.296148,0.313928,0.330353,0.334804,0.321853,0.335095,0.335112,0.344949,0.358722
0.411666,0.423904,0.436824,0.423869,0.420342,0.436906,0.439776,0.431979,0.430103,0.430999,0.447479,0.445721,0.422268,0.415179,0.429903,0.445821,0.447497,0.452489,0.436958,0.433507,0.460331,0.464531,0.455936,0.455080,0.452405,0.452635,0.454146,0.447294,0.446615,0.445524,0.443711,0.451680,0.450430,0.412588,0.629759,0.989709,1.024408,0.983638,1.003129,0.973215,0.965219,0.982124,0.967263,0.951660,0.913978,0.827927,1.016376,1.338226,1.341770,1.274686,1.262847,1.249755,1.225094,1.189376,1.144064,1.130347,1.126813,1.127428,1.090962,1.069101,1.057672,1.039044,1.037450,1.051076,0.901610,0.653712,0.644366,0.676671,0.650496,0.662359,0.631553,0.596322,0.598137,0.610362,0.586706,0.530480,0.695967,0.975618,1.038291,1.015524,1.022054,1.008844,1.009261,1.055708,1.066558,1.058905,1.075119,1.143736,1.050090,0.837056,0.812143,0.876093,0.912508,0.924690,0.950042,0.965059,0.992120,1.021407,1.051845,1.051827,1.079224,1.103338,1.097272,1.092041,1.069371,1.077390,1.158076,1.272378,1.297916,1.283116,1.267120,1.268479,1.274391,1.260806,1.267278,1.269057,1.263343,1.283893,1.278207,1.247954,1.271997,1.260796,1.244419,1.295093,1.167566,0.922236,0.926463,0.946881,0.947190,0.998334,0.785844,0.427838,0.382757,0.404066,0.383792,0.417094,0.422820,0.407751,0.409137,0.430970,0.444769,0.435843,0.428001,0.424992
0.412885,0.425681,0.443431,0.430723,0.423842,0.433920,0.427864,0.422991,0.430344,0.434694,0.448607,0.448366,0.425348,0.419365,0.432738,0.444243,0.446387,0.451643,0.440610,0.440769,0.460965,0.453891,0.460301,0.465593,0.434289,0.442743,0.458460,0.453285,0.434816,0.449868,0.441420,0.459108,0.470944,0.416805,0.626371,0.985950,1.038294,1.005246,1.005792,0.986907,0.982147,0.999278,0.962402,0.941200,0.901575,0.847107,1.043771,1.353737,1.352018,1.281705,1.277966,1.264526,1.248543,1.222234,1.172994,1.149142,1.160005,1.156789,1.119179,1.102108,1.099491,1.063142,1.045175,1.058050,0.916113,0.664642,0.647426,0.677534,0.664244,0.664406,0.638336,0.600539,0.598510,0.614212,0.595209,0.534785,0.708240,0.999709,1.059060,1.032960,1.035069,1.024202,1.025407,1.066970,1.091299,1.084164,1.089534,1.151589,1.051245,0.844382,0.830667,0.882866,0.910637,0.918327,0.950906,0.980082,0.983063,1.012638,1.060518,1.076197,1.090023,1.112455,1.093193,1.092181,1.085238,1.089553,1.151485,1.274648,1.292547,1.279928,1.277552,1.272839,1.266392,1.252559,1.268635,1.269886,1.286688,1.289502,1.288944,1.271723,1.291701,1.279906,1.285401,1.316116,1.166617,0.921308,0.930246,0.956217,0.948923,1.005047,0.786066,0.417060,0.384870,0.410403,0.386913,0.400463,0.418746,0.420966,0.417630,0.439890,0.452649,0.442781,0.429973,0.445369
0.450515,0.446689,0.458214,0.449683,0.450623,0.464270,0.449730,0.436948,0.447876,0.462522,0.468255,0.472415,0.454428,0.444125,0.457871,0.464424,0.463380,0.470082,0.462792,0.463493,0.477703,0.466759,0.470193,0.476723,0.460466,0.469625,0.481432,0.475795,0.459983,0.470255,0.469171,0.490453,0.488756,0.422883,0.642152,1.027818,1.102427,1.051518,1.048123,1.031964,1.041003,1.035861,0.996742,0.975480,0.938914,0.894626,1.097404,1.425795,1.411024,1.338623,1.337216,1.298838,1.282739,1.269696,1.245270,1.231511,1.210879,1.188108,1.172413,1.176233,1.182875,1.142247,1.119005,1.134076,0.968072,0.691137,0.668286,0.701253,0.686128,0.683629,0.680567,0.640489,0.663975,0.659216,0.616699,0.558427,0.731035,1.033304,1.089240,1.059222,1.069848,1.061428,1.085722,1.154161,1.176231,1.163130,1.171640,1.227652,1.108339,0.873433,0.862740,0.931802,0.949879,0.953954,0.995867,1.028934,1.022231,1.056390,1.083918,1.103067,1.124999,1.140498,1.134343,1.131767,1.137430,1.116874,1.177030,1.300875,1.319251,1.314495,1.317966,1.296980,1.311764,1.338672,1.348728,1.343826,1.358174,1.359280,1.371563,1.368860,1.377711,1.368562,1.380386,1.399234,1.230307,0.943328,0.951121,0.983681,0.968847,1.035970,0.816881,0.421818,0.396492,0.434857,0.411311,0.409288,0.430517,0.450193,0.442100,0.460721,0.478051,0.464008,0.458122,0.456730
0.455055,0.450793,0.450469,0.439392,0.441339,0.452584,0.449031,0.441537,0.457879,0.477951,0.491861,0.482679,0.465150,0.468364,0.479125,0.472139,0.473815,0.478383,0.472708,0.475942,0.482352,0.474827,0.475327,0.479864,0.470338,0.484342,0.488157,0.490801,0.475642,0.510355,0.490343,0.498316,0.492430,0.423671,0.647163,1.065385,1.113223,1.062518,1.062693,1.033551,1.026324,1.049374,1.017027,0.991188,0.953752,0.900238,1.111093,1.433887,1.418952,1.337939,1.353134,1.334091,1.285300,1.278497,1.278429,1.269552,1.253197,1.212232,1.195176,1.219366,1.232085,1.191103,1.173450,1.211390,1.013625,0.710146,0.680605,0.704991,0.685283,0.687150,0.678912,0.646176,0.662369,0.669410,0.639329,0.593914,0.751588,1.029710,1.087224,1.063763,1.077848,1.060766,1.110183,1.184531,1.224484,1.216002,1.216286,1.308567,1.162211,0.869236,0.868543,0.942748,0.972843,0.970897,1.000014,1.025567,1.037786,1.055175,1.070687,1.093193,1.117033,1.137517,1.135936,1.146774,1.147965,1.105801,1.169540,1.292860,1.314743,1.311714,1.319119,1.297164,1.325987,1.384406,1.388433,1.400854,1.405998,1.397809,1.408698,1.429248,1.413800,1.397140,1.408523,1.438068,1.255690,0.938534,0.941818,0.985206,0.976914,1.036765,0.816311,0.425701,0.398892,0.453200,0.426642,0.422691,0.422575,0.436353,0.441092,0.463192,0.471672,0.474481,0.475562,0.458512
0.405952,0.414113,0.455592,0.462484,0.445241,0.449816,0.453577,0.446530,0.439732,0.464043,0.495450,0.488555,0.482657,0.487639,0.472535,0.467918,0.474568,0.494929,0.470708,0.472472,0.483201,0.462771,0.468176,0.484671,0.480600,0.493947,0.498799,0.491375,0.496152,0.509536,0.497723,0.510140,0.508330,0.426612,0.660097,1.089321,1.110722,1.058226,1.073725,1.035020,1.035733,1.045733,1.014589,1.003906,0.973961,0.902298,1.101502,1.435259,1.422696,1.340756,1.343216,1.329167,1.294622,1.283284,1.261910,1.241924,1.231143,1.204721,1.235759,1.298723,1.321523,1.281738,1.277108,1.318109,1.078474,0.710655,0.666418,0.712240,0.693780,0.709216,0.687047,0.657941,0.671485,0.688596,0.647662,0.605635,0.773767,1.058610,1.104855,1.079182,1.094985,1.076379,1.154056,1.263236,1.314415,1.308163,1.323895,1.427766,1.232664,0.876434,0.863557,0.959231,0.985761,0.964013,0.983754,1.021974,1.037779,1.038147,1.063122,1.089274,1.115212,1.137855,1.117089,1.128295,1.130349,1.104528,1.166757,1.277332,1.301595,1.300715,1.296269,1.268083,1.322007,1.464548,1.472614,1.454919,1.458193,1.468410,1.478065,1.474808,1.478089,1.483000,1.492815,1.543284,1.309098,0.939671,0.927120,0.970778,0.977773,1.023331,0.798830,0.426061,0.407725,0.465088,0.432589,0.431358,0.432461,0.434446,0.441738,0.453094,0.459621,0.456428,0.442203,0.430719
0.316931,0.321130,0.338779,0.333937,0.336371,0.341768,0.351050,0.365478,0.360704,0.331648,0.329938,0.341485,0.324635,0.326910,0.353022,0.345860,0.346419,0.360624,0.343093,0.342148,0.379484,0.371578,0.369321,0.361699,0.372164,0.366482,0.358687,0.349177,0.356514,0.361895,0.359400,0.372135,0.369165,0.346194,0.519251,0.773325,0.803360,0.775367,0.795771,0.795253,0.790307,0.798027,0.802912,0.789864,0.765030,0.705212,0.806199,1.010499,1.030372,0.961411,0.937295,0.914571,0.912550,0.936614,0.918625,0.889214,0.879362,0.846918,0.853082,0.914398,0.889619,0.836904,0.828894,0.830932,0.660796,0.391221,0.351302,0.365415,0.359459,0.362939,0.371011,0.369825,0.378165,0.370622,0.349074,0.334702,0.478178,0.697609,0.730780,0.704607,0.730653,0.755337,0.793580,0.855331,0.862620,0.860631,0.903394,0.972769,0.808743,0.546522,0.569950,0.640962,0.603389,0.617094,0.671118,0.725432,0.718523,0.726008,0.775999,0.786687,0.768721,0.753570,0.762748,0.774452,0.760916,0.731393,0.860016,1.105147,1.131630,1.100486,1.110326,1.102809,1.105133,1.167128,1.171503,1.179496,1.193125,1.185674,1.183028,1.200918,1.219829,1.195229,1.198174,1.253257,1.055551,0.762515,0.753828,0.797333,0.782850,0.815022,0.627765,0.325827,0.280866,0.325709,0.323978,0.320699,0.330593,0.336643,0.328821,0.320052,0.329898,0.336916,0.352579,0.353777
0.337580,0.339768,0.353122,0.339709,0.348580,0.357328,0.370341,0.370692,0.368628,0.353851,0.353147,0.349482,0.331503,0.337157,0.370065,0.360326,0.371450,0.372615,0.355395,0.345942,0.379490,0.377509,0.380662,0.381208,0.392786,0.377789,0.372068,0.354651,0.364230,0.383247,0.369486,0.386983,0.386072,0.355547,0.524840,0.806321,0.828995,0.801377,0.820865,0.818220,0.819107,0.836951,0.833056,0.828531,0.803391,0.749830,0.851190,1.053855,1.061308,1.002721,0.969037,0.948511,0.943510,0.965814,0.962172,0.940047,0.922703,0.880832,0.894954,0.967607,0.930559,0.886302,0.875675,0.882130,0.704123,0.395544,0.352942,0.383486,0.396245,0.389411,0.385626,0.393610,0.403249,0.406700,0.371670,0.340270,0.484630,0.724425,0.752897,0.747489,0.783605,0.772118,0.809059,0.892242,0.914548,0.915959,0.949875,1.007284,0.834037,0.550853,0.581654,0.666222,0.650553,0.649255,0.694746,0.746198,0.757874,0.765697,0.775010,0.787894,0.782824,0.783288,0.803310,0.827214,0.811884,0.769965,0.895428,1.129599,1.152361,1.138393,1.153031,1.141813,1.152885,1.200518,1.214973,1.218215,1.223521,1.208523,1.217958,1.238042,1.247848,1.231849,1.224112,1.287351,1.091411,0.786584,0.760942,0.812337,0.791731,0.844947,0.659352,0.330278,0.278831,0.323053,0.322030,0.333005,0.336287,0.333422,0.333908,0.340299,0.358383,0.346616,0.364036,0.390221
0.441346,0.435873,0.449954,0.453579,0.455551,0.458891,0.457875,0.446329,0.437647,0.472583,0.491874,0.478880,0.507565,0.508707,0.484497,0.473175,0.479296,0.494630,0.465893,0.467835,0.472391,0.473346,0.464362,0.486030,0.500204,0.498711,0.481240,0.498101,0.527640,0.514710,0.504056,0.516806,0.513136,0.429170,0.650045,1.074923,1.128354,1.065424,1.058772,1.056984,1.064788,1.069197,1.022239,1.009967,0.980444,0.921923,1.107969,1.415856,1.433985,1.377538,1.386398,1.337595,1.303252,1.299705,1.290950,1.257456,1.229515,1.202282,1.287374,1.438889,1.490542,1.446332,1.446688,1.479139,1.167804,0.723194,0.694358,0.751553,0.732439,0.734481,0.703975,0.659508,0.670623,0.697577,0.683743,0.607570,0.769632,1.045959,1.089738,1.080022,1.119111,1.066450,1.173574,1.407419,1.464726,1.433168,1.477130,1.549555,1.282277,0.868441,0.846697,0.951151,0.989661,0.975204,0.982405,1.016983,1.036615,1.040813,1.055620,1.082344,1.115985,1.136252,1.120530,1.128780,1.134681,1.104660,1.163781,1.267630,1.283347,1.293290,1.309590,1.264316,1.334995,1.548460,1.578722,1.539010,1.531182,1.535641,1.540972,1.545338,1.556721,1.560258,1.576642,1.637409,1.375731,0.928813,0.908428,0.955318,0.963097,1.030592,0.813276,0.424163,0.400458,0.445627,0.409285,0.401716,0.428065,0.438272,0.436145,0.454112,0.457681,0.444324,0.427083,0.445684
0.437533,0.424368,0.456221,0.472842,0.470689,0.468509,0.444830,0.442146,0.453557,0.471370,0.464807,0.464430,0.494685,0.495663,0.476102,0.481412,0.485216,0.482988,0.481201,0.479278,0.475081,0.488675,0.484196,0.478834,0.491553,0.501510,0.497700,0.503315,0.519798,0.516758,0.514024,0.513051,0.491393,0.423140,0.679043,1.076395,1.107315,1.037348,1.042195,1.065497,1.067718,1.063248,1.041090,1.026919,0.986470,0.897175,1.086098,1.402610,1.427117,1.372352,1.370545,1.309872,1.280574,1.283044,1.270102,1.244145,1.233880,1.193319,1.259431,1.410521,1.462488,1.418926,1.413347,1.436770,1.170930,0.745312,0.681377,0.731841,0.726874,0.724111,0.687462,0.646544,0.663137,0.702712,0.694317,0.624024,0.790237,1.062493,1.095656,1.058910,1.076190,1.064421,1.176454,1.378110,1.427085,1.397204,1.436099,1.492447,1.257433,0.877921,0.850731,0.944819,0.982181,0.970373,0.974844,1.000811,1.035945,1.040354,1.051248,1.084743,1.113161,1.112493,1.105199,1.119639,1.121660,1.107938,1.150517,1.245978,1.278660,1.290781,1.301574,1.258811,1.350486,1.545376,1.554028,1.518968,1.517142,1.518481,1.519795,1.512133,1.525134,1.530010,1.551997,1.609558,1.359246,0.935629,0.892906,0.945675,0.958554,0.999649,0.788148,0.440668,0.411232,0.448605,0.424694,0.428085,0.440047,0.447423,0.436143,0.441917,0.452238,0.447122,0.443597,0.440025
0.439912,0.447132,0.449943,0.452465,0.467183,0.472917,0.463834,0.454351,0.458025,0.478228,0.484854,0.469946,0.482147,0.484228,0.472006,0.484766,0.481657,0.471608,0.477576,0.487003,0.491360,0.483432,0.483873,0.489331,0.495934,0.502955,0.517053,0.511743,0.515501,0.523588,0.506575,0.510144,0.500813,0.437468,0.668144,1.056169,1.081477,1.025159,1.065278,1.056087,1.043110,1.041641,1.028191,1.012646,0.975064,0.902706,1.086896,1.405488,1.432354,1.358499,1.342688,1.298504,1.269412,1.262137,1.252578,1.237683,1.227424,1.174539,1.243152,1.399973,1.419836,1.364019,1.338832,1.369278,1.134436,0.748085,0.656065,0.710874,0.715028,0.693571,0.672424,0.650386,0.667989,0.688220,0.668489,0.609831,0.777521,1.050219,1.088283,1.051790,1.066867,1.071349,1.182495,1.343055,1.388097,1.365169,1.391027,1.438770,1.223222,0.868385,0.846426,0.942606,0.960061,0.963126,0.968622,0.988606,1.034089,1.032983,1.027006,1.068656,1.108270,1.112968,1.106388,1.118860,1.113419,1.103570,1.150449,1.238534,1.274008,1.284792,1.292109,1.259280,1.350296,1.508701,1.512244,1.485933,1.484210,1.490946,1.509121,1.508956,1.497060,1.498260,1.524893,1.594428,1.360104,0.933874,0.880432,0.943084,0.965530,1.011084,0.780970,0.427838,0.398631,0.444618,0.430979,0.439472,0.435718,0.440355,0.430769,0.435549,0.444975,0.446229,0.445580,0.431870
0.440120,0.453299,0.452747,0.433736,0.453811,0.471716,0.474446,0.454307,0.451157,0.468058,0.467556,0.461838,0.476395,0.472751,0.471172,0.480589,0.477076,0.453629,0.476241,0.495633,0.489037,0.487309,0.491238,0.491699,0.499714,0.495521,0.491145,0.510035,0.516085,0.506521,0.489621,0.512229,0.518908,0.444806,0.661595,1.042143,1.071677,1.025136,1.063317,1.050051,1.032978,1.050325,1.012551,0.993658,0.976927,0.910201,1.102474,1.421622,1.441650,1.370357,1.348386,1.306771,1.282009,1.277925,1.254606,1.232124,1.222512,1.171338,1.241954,1.390164,1.393783,1.338946,1.354253,1.345964,1.097860,0.737148,0.658043,0.709424,0.720140,0.701969,0.667308,0.639412,0.654364,0.677130,0.660807,0.605241,0.778709,1.052127,1.075259,1.047721,1.077190,1.089532,1.193280,1.357504,1.393945,1.377501,1.389166,1.456518,1.244615,0.869616,0.847815,0.933839,0.947059,0.946920,0.951863,0.980554,1.028193,1.044481,1.048487,1.065356,1.100774,1.128971,1.113742,1.124507,1.126663,1.115093,1.169193,1.257974,1.278142,1.275002,1.279131,1.255219,1.350686,1.504420,1.519328,1.488109,1.488780,1.490814,1.510054,1.501894,1.488705,1.494407,1.522978,1.577377,1.351486,0.949078,0.892649,0.944671,0.959872,1.000419,0.769750,0.423348,0.385456,0.432262,0.420746,0.431567,0.429598,0.417546,0.420920,0.433449,0.436952,0.445851,0.443203,0.413400
0.423398,0.449910,0.469856,0.451543,0.450298,0.460338,0.469945,0.463654,0.456067,0.446658,0.450430,0.464704,0.474662,0.477526,0.475352,0.471046,0.473589,0.459722,0.467371,0.489827,0.492981,0.479430,0.482151,0.506720,0.513293,0.504771,0.506053,0.514777,0.519862,0.508334,0.499056,0.515191,0.504810,0.443576,0.664059,1.032332,1.073680,1.036762,1.070687,1.057766,1.047919,1.048744,1.010971,1.005770,0.987951,0.906141,1.108981,1.436258,1.444612,1.374749,1.361897,1.312589,1.295020,1.308241,1.265926,1.234473,1.224781,1.180314,1.247423,1.389904,1.377264,1.344566,1.376274,1.370633,1.112615,0.742663,0.674513,0.719472,0.711300,0.702582,0.691221,0.678440,0.690786,0.699328,0.678226,0.616912,0.786240,1.067638,1.101590,1.057970,1.077894,1.073768,1.194673,1.379223,1.399766,1.395135,1.413589,1.476071,1.228067,0.867419,0.855017,0.945825,0.957800,0.959790,0.974418,1.006295,1.040790,1.067024,1.070428,1.075555,1.106023,1.131556,1.126683,1.120683,1.118420,1.122423,1.174824,1.253205,1.290449,1.283850,1.264516,1.252054,1.358125,1.528330,1.546297,1.500757,1.501727,1.494874,1.503342,1.524875,1.504399,1.505573,1.532558,1.595620,1.370575,0.966391,0.898999,0.937223,0.952922,0.984020,0.776958,0.427089,0.399311,0.437098,0.415855,0.419268,0.422612,0.431702,0.418284,0.429344,0.439901,0.440678,0.444166,0.402485
0.333181,0.332863,0.361891,0.347013,0.339515,0.341557,0.350123,0.364782,0.362815,0.349796,0.354430,0.361524,0.327187,0.335461,0.382589,0.356092,0.362470,0.377491,0.352121,0.347208,0.381559,0.373228,0.375668,0.381754,0.389456,0.377736,0.378489,0.369147,0.368304,0.385322,0.371427,0.379373,0.378354,0.350876,0.525239,0.817601,0.835932,0.800145,0.816977,0.825893,0.831083,0.835909,0.826824,0.830570,0.807092,0.751913,0.849270,1.053026,1.060264,0.997719,0.976240,0.962806,0.956132,0.987547,0.966785,0.935735,0.934383,0.905413,0.901750,0.944580,0.899132,0.870620,0.873381,0.920070,0.741071,0.424368,0.382960,0.400245,0.407770,0.403995,0.414695,0.419238,0.420555,0.422838,0.406320,0.356537,0.482766,0.730797,0.768298,0.778339,0.793811,0.764178,0.816139,0.873085,0.928934,0.923418,0.944183,1.017195,0.835294,0.560788,0.572643,0.670195,0.687202,0.673820,0.694237,0.731753,0.752130,0.772456,0.792106,0.822919,0.787523,0.771358,0.798060,0.826319,0.792256,0.748458,0.901796,1.138575,1.155235,1.131525,1.136045,1.132258,1.152912,1.201138,1.213949,1.229057,1.249209,1.226790,1.204725,1.232373,1.255173,1.230228,1.219425,1.269643,1.082547,0.784017,0.762076,0.808458,0.784113,0.838596,0.660895,0.332575,0.286791,0.326882,0.322747,0.331602,0.338513,0.331806,0.335884,0.334938,0.345989,0.338687,0.353079,0.387727
0.317376,0.327764,0.358296,0.347180,0.338757,0.332041,0.346862,0.359968,0.359012,0.349595,0.351500,0.361766,0.343112,0.327719,0.346445,0.340327,0.349589,0.361900,0.368663,0.357837,0.367792,0.365177,0.368292,0.390377,0.400961,0.392151,0.384978,0.378161,0.387607,0.374615,0.369089,0.378387,0.388871,0.360495,0.531692,0.824431,0.850888,0.815513,0.824682,0.824653,0.817245,0.824903,0.832066,0.823955,0.804112,0.749518,0.853474,1.045818,1.059215,1.010812,0.997034,0.971524,0.979110,0.988309,0.982572,0.963626,0.953489,0.911243,0.956812,1.056599,1.054863,0.998430,1.002763,1.046075,0.818422,0.450861,0.391854,0.420037,0.415847,0.431042,0.448137,0.443175,0.428843,0.428885,0.428052,0.376507,0.503373,0.772314,0.786730,0.791148,0.789462,0.765666,0.831972,0.951707,1.032599,1.035767,1.064155,1.117973,0.916187,0.564963,0.572133,0.670982,0.685725,0.678375,0.686376,0.720314,0.753713,0.771564,0.802995,0.839728,0.795699,0.767830,0.792044,0.820657,0.786472,0.746811,0.890524,1.105801,1.125132,1.103465,1.135553,1.126463,1.173704,1.296535,1.313765,1.316258,1.312816,1.290892,1.272597,1.279055,1.314239,1.299091,1.295402,1.366199,1.148261,0.772494,0.738427,0.790689,0.784341,0.824766,0.625367,0.332145,0.304894,0.330201,0.311520,0.330711,0.345022,0.334174,0.348106,0.335048,0.332273,0.329099,0.362557,0.403377
0.427374,0.446732,0.471136,0.457388,0.453133,0.455453,0.461193,0.459629,0.454049,0.463378,0.454468,0.459752,0.482180,0.482293,0.458570,0.464827,0.458114,0.442326,0.462285,0.490525,0.496036,0.467357,0.474260,0.497658,0.506088,0.495127,0.492045,0.510978,0.515071,0.503537,0.491671,0.511320,0.487792,0.437569,0.657069,1.027251,1.063366,1.017805,1.036030,1.048292,1.042520,1.035975,1.009571,1.008739,0.976721,0.890206,1.085211,1.406521,1.431293,1.369007,1.347864,1.303171,1.276663,1.281406,1.248178,1.229912,1.212536,1.173581,1.268614,1.439640,1.442083,1.390301,1.406886,1.423427,1.161552,0.741002,0.679670,0.726256,0.695281,0.699018,0.692213,0.668852,0.659822,0.688978,0.681355,0.645560,0.806891,1.078799,1.107227,1.071473,1.076408,1.054959,1.190418,1.403266,1.444650,1.417336,1.426642,1.487996,1.248216,0.868486,0.851748,0.921960,0.933809,0.966930,0.983530,0.983451,1.032380,1.061438,1.064863,1.075030,1.105578,1.119800,1.110118,1.106306,1.109089,1.106493,1.152917,1.239054,1.272446,1.266526,1.254770,1.247511,1.365834,1.540163,1.542656,1.510439,1.514762,1.503801,1.522999,1.546333,1.536737,1.520602,1.548190,1.614250,1.386390,0.946758,0.875800,0.928564,0.952954,0.970007,0.766720,0.425539,0.403008,0.448208,0.421213,0.418772,0.425365,0.442980,0.418505,0.424098,0.432048,0.427061,0.438358,0.404300
0.427295,0.437520,0.471010,0.459628,0.448651,0.461500,0.478866,0.468442,0.441174,0.451126,0.450498,0.458474,0.466984,0.479155,0.471338,0.470303,0.463503,0.450230,0.465636,0.496338,0.495764,0.471835,0.464045,0.505589,0.508526,0.504268,0.516383,0.518419,0.521753,0.536317,0.518523,0.518879,0.493661,0.440258,0.660581,1.038083,1.075856,1.028440,1.053654,1.058178,1.058831,1.058232,1.026258,1.018496,0.979696,0.894296,1.094677,1.433831,1.451886,1.378627,1.345936,1.329635,1.305155,1.285961,1.250508,1.228824,1.232011,1.191283,1.278490,1.403293,1.419445,1.369281,1.364253,1.411758,1.167531,0.771149,0.708245,0.727791,0.690653,0.704141,0.703148,0.705976,0.655930,0.671170,0.681004,0.616263,0.795382,1.075710,1.113710,1.099749,1.115322,1.092976,1.196536,1.379505,1.437622,1.404224,1.409610,1.484476,1.271918,0.892317,0.868839,0.929126,0.937797,0.981432,0.994618,0.992163,1.027955,1.066331,1.092945,1.090935,1.116486,1.131676,1.126464,1.131684,1.126643,1.117925,1.170050,1.275116,1.303647,1.280263,1.263867,1.263110,1.376885,1.541879,1.537151,1.512986,1.522705,1.521018,1.533560,1.546077,1.526397,1.517609,1.538812,1.602325,1.375497,0.967576,0.914317,0.949899,0.937897,0.988778,0.783267,0.433683,0.401795,0.448237,0.423712,0.420303,0.426071,0.448927,0.418581,0.427458,0.448578,0.431295,0.438496,0.439309
0.429635,0.433096,0.459899,0.452481,0.443698,0.450587,0.466473,0.459126,0.436930,0.440302,0.461564,0.473236,0.453317,0.459840,0.479935,0.471733,0.460997,0.459192,0.466938,0.477370,0.486751,0.464843,0.452884,0.488808,0.501225,0.494166,0.487865,0.507285,0.519511,0.519217,0.505395,0.520238,0.503509,0.451678,0.672639,1.031114,1.083854,1.036072,1.051468,1.057594,1.048548,1.036742,1.020930,1.013896,0.976013,0.910404,1.119300,1.443665,1.433784,1.355209,1.345155,1.346942,1.341866,1.312172,1.263532,1.232262,1.234493,1.194294,1.267636,1.402503,1.415154,1.363204,1.356331,1.400124,1.156420,0.768805,0.725078,0.749421,0.723058,0.705486,0.712527,0.736569,0.683572,0.662995,0.675808,0.645243,0.794188,1.054966,1.084894,1.088322,1.109685,1.081762,1.159912,1.350060,1.415331,1.391113,1.393642,1.470563,1.288895,0.894729,0.868043,0.934522,0.956491,0.984350,0.997259,1.007454,1.030593,1.051448,1.078358,1.081324,1.105181,1.117293,1.129379,1.145281,1.125906,1.120459,1.172073,1.261700,1.280254,1.270486,1.256835,1.257910,1.368765,1.532043,1.513954,1.507629,1.538635,1.522243,1.514390,1.527032,1.532962,1.511384,1.516875,1.561282,1.340245,0.961442,0.909163,0.930936,0.933281,0.998129,0.794693,0.428869,0.390594,0.445301,0.411062,0.400886,0.419865,0.452150,0.422899,0.425213,0.445990,0.437276,0.443613,0.444186
0.414494,0.422278,0.480282,0.464758,0.445811,0.450650,0.444164,0.445466,0.438733,0.432870,0.446669,0.479833,0.460858,0.461987,0.475946,0.463526,0.459033,0.467574,0.460835,0.456953,0.478867,0.461502,0.455537,0.475324,0.496108,0.491119,0.481585,0.497867,0.506218,0.484956,0.486806,0.513787,0.503067,0.450892,0.662095,1.022951,1.082713,1.040495,1.051278,1.044426,1.038516,1.047137,1.017352,0.999681,0.960328,0.888149,1.095960,1.424422,1.420341,1.349495,1.339195,1.338851,1.330034,1.307564,1.259027,1.230060,1.210858,1.182669,1.259967,1.393512,1.389111,1.337404,1.341776,1.400023,1.167665,0.743628,0.718607,0.751640,0.714570,0.694093,0.704062,0.721759,0.684287,0.670112,0.696173,0.665558,0.781635,1.041016,1.073232,1.062300,1.071381,1.060050,1.162114,1.348426,1.395468,1.365739,1.373641,1.458562,1.262294,0.872314,0.872847,0.944635,0.936530,0.969217,0.985567,0.997784,1.021816,1.045431,1.070315,1.085774,1.090881,1.093991,1.122162,1.148363,1.127504,1.109799,1.171534,1.276781,1.292584,1.269288,1.256582,1.253025,1.361915,1.517602,1.521536,1.500828,1.529758,1.516860,1.503824,1.510056,1.515234,1.497159,1.505677,1.536563,1.319356,0.950481,0.893874,0.911458,0.928579,0.983065,0.781812,0.424930,0.401790,0.444851,0.405116,0.396013,0.411740,0.442712,0.425472,0.425805,0.433765,0.436560,0.448862,0.437265
0.414829,0.422890,0.455995,0.466319,0.451568,0.454862,0.452848,0.458565,0.446179,0.444655,0.457921,0.476160,0.466310,0.467933,0.465895,0.454919,0.466166,0.476227,0.459568,0.464408,0.486959,0.466933,0.461562,0.494942,0.492407,0.488453,0.490938,0.496452,0.500327,0.500973,0.502726,0.503872,0.487571,0.455203,0.676847,1.024828,1.074521,1.032503,1.038022,1.043977,1.046319,1.048981,1.015364,0.997972,0.961278,0.891012,1.098251,1.429369,1.431916,1.360232,1.337422,1.315355,1.302342,1.286310,1.253677,1.239448,1.230756,1.196821,1.258648,1.387886,1.390569,1.326695,1.322432,1.395680,1.177175,0.754700,0.712121,0.753550,0.719450,0.703718,0.699961,0.703801,0.669138,0.693229,0.710428,0.656597,0.781932,1.044301,1.092340,1.075689,1.077678,1.046514,1.146981,1.355705,1.380502,1.330738,1.365235,1.437324,1.239530,0.856128,0.863810,0.931258,0.930310,0.973592,1.004260,1.010337,1.039001,1.045579,1.062063,1.091113,1.100959,1.094987,1.116752,1.140768,1.130203,1.115353,1.171710,1.247284,1.286923,1.270039,1.264862,1.252492,1.352223,1.492827,1.503594,1.497024,1.516990,1.500500,1.486836,1.502101,1.515473,1.503677,1.498232,1.554656,1.330146,0.944621,0.900301,0.920799,0.921436,0.986442,0.778642,0.418917,0.397700,0.443590,0.412610,0.399030,0.412272,0.436402,0.429452,0.416812,0.429701,0.439285,0.450514,0.413096
0.322063,0.334641,0.354597,0.350712,0.345627,0.348249,0.371137,0.371468,0.365192,0.355586,0.354775,0.356508,0.359473,0.351469,0.336047,0.347329,0.368400,0.378344,0.366073,0.367943,0.370599,0.374678,0.378258,0.390943,0.402108,0.396214,0.395314,0.388762,0.393734,0.392659,0.380112,0.384282,0.396734,0.355212,0.536108,0.828159,0.852613,0.811179,0.827073,0.825333,0.839180,0.854678,0.845463,0.827338,0.823327,0.767382,0.873734,1.092583,1.064951,1.005672,1.012692,0.993372,0.995089,0.986121,0.974559,0.981203,0.973376,0.924192,1.002707,1.154678,1.169242,1.082909,1.067938,1.117737,0.876176,0.469839,0.414866,0.431392,0.408788,0.426798,0.440706,0.420844,0.414843,0.448091,0.435374,0.372970,0.500278,0.788085,0.798433,0.788643,0.816722,0.788475,0.881729,1.053297,1.104966,1.096440,1.149141,1.197900,0.944634,0.572642,0.568130,0.670837,0.676297,0.682440,0.690743,0.711330,0.735525,0.760832,0.784786,0.832080,0.802508,0.775423,0.804282,0.817002,0.790420,0.735130,0.891733,1.132157,1.129096,1.113030,1.134782,1.114610,1.176875,1.356987,1.378049,1.358933,1.358331,1.340452,1.334285,1.342773,1.377857,1.354690,1.361544,1.432428,1.158908,0.762651,0.737745,0.803651,0.791881,0.827000,0.635752,0.334328,0.305101,0.324705,0.310666,0.328383,0.349223,0.333289,0.336289,0.337886,0.352271,0.336564,0.346579,0.371944
0.325991,0.343185,0.366405,0.349375,0.343595,0.360809,0.363120,0.362751,0.349998,0.340415,0.354061,0.379938,0.375018,0.343358,0.344263,0.362307,0.365535,0.369919,0.376021,0.372633,0.350428,0.367500,0.382754,0.384864,0.403262,0.401042,0.391615,0.390846,0.398670,0.412959,0.388171,0.380576,0.394026,0.366667,0.529432,0.832422,0.855362,0.803266,0.812817,0.812647,0.824208,0.845623,0.848777,0.847202,0.829584,0.774319,0.875783,1.088383,1.072085,1.000238,1.006918,0.990737,0.994695,1.007442,0.993124,0.986369,0.955422,0.922077,1.004055,1.143611,1.149589,1.078606,1.053919,1.100700,0.860191,0.464036,0.440813,0.476899,0.429052,0.420332,0.450061,0.433132,0.403549,0.423574,0.447603,0.395342,0.531266,0.802114,0.817960,0.800160,0.843899,0.809275,0.897620,1.083940,1.123341,1.108724,1.154408,1.175492,0.945048,0.586706,0.589167,0.668663,0.661716,0.671639,0.683842,0.692590,0.723524,0.747856,0.777280,0.821555,0.801285,0.761416,0.787934,0.813631,0.791095,0.738217,0.880603,1.116802,1.126853,1.110216,1.128510,1.117336,1.189197,1.342981,1.361687,1.352449,1.348311,1.341357,1.314771,1.320193,1.351448,1.341588,1.336709,1.389220,1.153922,0.759413,0.726096,0.797651,0.803039,0.836049,0.636747,0.333143,0.297969,0.324611,0.314877,0.325337,0.344169,0.342998,0.342697,0.333601,0.334820,0.331425,0.357808,0.400906
0.435548,0.433980,0.442628,0.461957,0.451040,0.458323,0.440171,0.443668,0.441291,0.439430,0.464756,0.501497,0.466588,0.462381,0.465166,0.469526,0.468846,0.473973,0.484760,0.489062,0.474014,0.470777,0.463695,0.487482,0.494921,0.496080,0.490907,0.505384,0.515625,0.512447,0.507570,0.509792,0.493606,0.461979,0.693611,1.039133,1.068134,1.018509,1.034852,1.045040,1.040329,1.040657,1.033791,1.029941,0.976254,0.896782,1.102613,1.443571,1.444342,1.374396,1.335414,1.354896,1.349907,1.312616,1.263883,1.255706,1.252971,1.214549,1.268409,1.393537,1.414857,1.351600,1.332460,1.387081,1.160498,0.757212,0.720698,0.746862,0.725873,0.708692,0.713846,0.724687,0.644662,0.647044,0.688037,0.666184,0.793291,1.036653,1.095337,1.088527,1.090649,1.058700,1.154847,1.352663,1.402092,1.357944,1.387442,1.437867,1.258982,0.895593,0.880803,0.913181,0.906209,0.951440,0.985750,1.001205,1.012096,1.024358,1.034050,1.070289,1.107168,1.093450,1.125281,1.142842,1.132569,1.116826,1.160783,1.260083,1.281832,1.278692,1.274470,1.267598,1.359661,1.477106,1.491526,1.505783,1.546953,1.526348,1.499056,1.496106,1.519425,1.509822,1.493429,1.545571,1.329806,0.949214,0.904353,0.936917,0.945471,1.002408,0.790514,0.423983,0.397862,0.447011,0.414192,0.397051,0.414159,0.461146,0.430399,0.413697,0.413964,0.444478,0.445765,0.418736
0.438675,0.433581,0.435970,0.446432,0.444751,0.453599,0.459902,0.449595,0.440898,0.443500,0.462606,0.470253,0.453541,0.464296,0.463738,0.461557,0.463644,0.476405,0.489708,0.496871,0.471643,0.478937,0.487826,0.477059,0.474309,0.489971,0.501388,0.506682,0.504541,0.499865,0.512918,0.527563,0.489969,0.456778,0.697721,1.042644,1.077413,1.034084,1.049619,1.034186,1.029092,1.055760,1.028544,1.016064,0.973655,0.908219,1.102280,1.428780,1.447381,1.375182,1.338925,1.353196,1.337116,1.310690,1.266767,1.252377,1.247569,1.219059,1.274276,1.386253,1.403835,1.359689,1.320909,1.377785,1.160038,0.790243,0.728456,0.772003,0.742881,0.723724,0.711066,0.667238,0.675618,0.683892,0.675437,0.621358,0.779295,1.050685,1.096650,1.068864,1.072186,1.069293,1.165487,1.340294,1.373778,1.354033,1.373807,1.448077,1.254250,0.900037,0.883621,0.938201,0.918429,0.950583,0.984086,1.009986,0.997775,1.011499,1.018611,1.080807,1.111823,1.095621,1.126016,1.143118,1.138738,1.107101,1.157683,1.254283,1.278697,1.274313,1.263982,1.250744,1.332305,1.492277,1.509057,1.505074,1.515956,1.514679,1.504211,1.508352,1.514367,1.500004,1.496217,1.550512,1.329893,0.949297,0.889432,0.927909,0.939587,0.994211,0.780007,0.423330,0.411092,0.456273,0.411357,0.393518,0.417157,0.462323,0.431160,0.423904,0.436024,0.442804,0.439772,0.419536
0.435274,0.435739,0.440428,0.447057,0.440483,0.444548,0.467224,0.463811,0.452115,0.455224,0.479354,0.489043,0.464380,0.469830,0.475383,0.468818,0.462732,0.465207,0.474129,0.486701,0.476033,0.497351,0.508482,0.485426,0.483442,0.495361,0.501926,0.497842,0.500555,0.501773,0.504252,0.507334,0.492459,0.456042,0.691019,1.054311,1.083685,1.019010,1.033603,1.031751,1.031640,1.035220,1.027229,1.016492,0.979782,0.922556,1.116869,1.420862,1.432124,1.370851,1.359740,1.357383,1.328706,1.308094,1.274197,1.254493,1.237806,1.221377,1.285536,1.388820,1.393158,1.343250,1.339878,1.374336,1.150766,0.759747,0.715500,0.758120,0.731182,0.717030,0.699690,0.642770,0.689514,0.714183,0.705889,0.652749,0.787230,1.040705,1.095601,1.061286,1.051992,1.060454,1.170303,1.347327,1.376878,1.370636,1.397763,1.464185,1.250129,0.887623,0.874333,0.958746,0.952344,0.967526,0.991324,1.012631,1.001754,1.014843,1.026501,1.088603,1.109339,1.092519,1.132874,1.150258,1.131973,1.106019,1.162883,1.243702,1.277542,1.276943,1.261773,1.250370,1.339846,1.498860,1.521016,1.518764,1.524789,1.523843,1.511089,1.507206,1.527958,1.512065,1.493909,1.552101,1.331057,0.936342,0.896429,0.939065,0.946133,0.993443,0.779422,0.426578,0.409051,0.438086,0.410265,0.409208,0.424426,0.443470,0.430497,0.433180,0.441578,0.448155,0.443145,0.423261
0.434427,0.439833,0.432817,0.436084,0.432603,0.439787,0.460174,0.461167,0.454205,0.459929,0.478459,0.490310,0.478180,0.476132,0.481172,0.472625,0.459953,0.473303,0.490833,0.494444,0.479694,0.508264,0.509538,0.508741,0.482677,0.488737,0.502237,0.506687,0.502986,0.496496,0.496000,0.502331,0.489140,0.451214,0.678896,1.046372,1.071195,1.004691,1.020120,1.029312,1.035622,1.040488,1.018431,0.999122,0.975546,0.910780,1.099266,1.418638,1.433498,1.366097,1.362248,1.335259,1.313541,1.284392,1.249155,1.243474,1.224215,1.210618,1.273715,1.388934,1.393077,1.340397,1.340964,1.377577,1.160202,0.773247,0.717869,0.756604,0.730270,0.718127,0.694145,0.650655,0.668363,0.699174,0.703361,0.657099,0.789923,1.048150,1.094432,1.071617,1.059095,1.051583,1.184780,1.366607,1.379059,1.336538,1.391148,1.463424,1.248659,0.868312,0.859996,0.930942,0.919267,0.942932,0.974475,1.003262,1.004264,1.023533,1.035607,1.080601,1.105240,1.104952,1.125896,1.131360,1.125820,1.098563,1.147780,1.254513,1.275761,1.275005,1.267447,1.259472,1.342526,1.493791,1.518288,1.508537,1.498925,1.533103,1.510955,1.474657,1.517548,1.520465,1.495238,1.561767,1.341307,0.950749,0.907527,0.938138,0.937367,0.997191,0.781808,0.415971,0.412200,0.457687,0.414708,0.406054,0.429546,0.436269,0.424538,0.420100,0.421865,0.439967,0.440079,0.436520
0.444843,0.446390,0.436590,0.419739,0.421646,0.441483,0.454102,0.452112,0.454625,0.446240,0.460753,0.468133,0.480646,0.481810,0.490384,0.481620,0.462096,0.464801,0.495124,0.494290,0.472935,0.499489,0.502947,0.498499,0.466523,0.483313,0.501892,0.501728,0.499000,0.497027,0.501417,0.513671,0.492990,0.446517,0.676274,1.053429,1.060357,0.992249,1.016320,1.040148,1.041851,1.020544,1.006261,1.002284,0.973937,0.905176,1.114695,1.453487,1.441772,1.355465,1.338095,1.313441,1.284982,1.274858,1.248012,1.232880,1.212563,1.196541,1.265416,1.389342,1.392202,1.337648,1.344748,1.382671,1.161509,0.769330,0.699417,0.730492,0.710861,0.705426,0.686558,0.649937,0.654133,0.677564,0.663622,0.634624,0.785235,1.058780,1.098391,1.079357,1.071543,1.056075,1.178036,1.342592,1.374196,1.346663,1.375835,1.442097,1.244379,0.868952,0.855514,0.918268,0.915409,0.944987,0.988255,1.009158,1.012816,1.026740,1.037255,1.084968,1.111445,1.110110,1.113886,1.125112,1.118045,1.094924,1.135716,1.244546,1.275805,1.273357,1.265493,1.256903,1.355047,1.498935,1.515971,1.488805,1.481314,1.502129,1.495304,1.475811,1.524651,1.520701,1.491406,1.556857,1.334324,0.939200,0.909278,0.951317,0.934807,0.998221,0.793755,0.428120,0.404687,0.442426,0.416201,0.400376,0.424320,0.443647,0.427654,0.420131,0.418336,0.434878,0.423104,0.416704
0.331149,0.342444,0.362912,0.339098,0.341693,0.362442,0.346845,0.348974,0.352154,0.344230,0.351248,0.359548,0.369229,0.363036,0.355850,0.374283,0.369193,0.366624,0.382754,0.378712,0.358554,0.369948,0.384860,0.379249,0.401285,0.398340,0.378311,0.392361,0.406618,0.411319,0.386736,0.392994,0.395844,0.351217,0.512745,0.816760,0.857094,0.814149,0.813631,0.822991,0.829020,0.847169,0.839292,0.835955,0.818242,0.768296,0.869436,1.094748,1.070976,0.999707,1.002514,0.986923,0.982935,1.014736,0.987413,0.974617,0.933286,0.897736,0.982225,1.138915,1.126825,1.058655,1.050975,1.107491,0.853735,0.444296,0.430315,0.483698,0.442966,0.431421,0.451732,0.418980,0.411581,0.436612,0.436643,0.395033,0.528019,0.784509,0.820810,0.798234,0.831656,0.802034,0.884617,1.057991,1.095916,1.086240,1.140183,1.200742,0.945595,0.589454,0.587976,0.659689,0.651986,0.671185,0.687140,0.708222,0.719746,0.741660,0.767898,0.810570,0.791431,0.753356,0.778392,0.804732,0.783160,0.724341,0.864295,1.102648,1.117533,1.110396,1.120569,1.116761,1.184178,1.339122,1.358583,1.334975,1.332318,1.327567,1.319187,1.314919,1.344702,1.337067,1.335103,1.409461,1.157057,0.765299,0.725174,0.779233,0.785045,0.836273,0.651071,0.342078,0.294300,0.312617,0.302757,0.323261,0.334176,0.338299,0.338733,0.335193,0.335559,0.319851,0.340667,0.368547
0.320210,0.348568,0.368724,0.344993,0.343997,0.363010,0.353487,0.353989,0.362110,0.362261,0.363406,0.357995,0.382204,0.376491,0.362548,0.376477,0.362465,0.363679,0.403560,0.410419,0.383274,0.377772,0.389090,0.390508,0.410811,0.397604,0.379181,0.391959,0.414322,0.398411,0.381074,0.375599,0.390487,0.371101,0.519754,0.811702,0.854836,0.818313,0.826147,0.826382,0.830731,0.849576,0.858278,0.852033,0.817950,0.762165,0.866362,1.084086,1.074763,1.012511,1.015730,0.994786,0.995674,1.035624,1.014356,0.984064,0.936188,0.897152,0.984409,1.133724,1.134416,1.057915,1.050597,1.125756,0.865414,0.446812,0.423170,0.479688,0.444472,0.463999,0.463787,0.426716,0.424660,0.461681,0.440878,0.410996,0.555876,0.797575,0.844127,0.823109,0.840273,0.809556,0.895715,1.071786,1.105776,1.092028,1.135813,1.203917,0.976767,0.596883,0.579527,0.658089,0.670117,0.691131,0.708003,0.722063,0.720166,0.735094,0.768806,0.823233,0.811012,0.762788,0.797287,0.817347,0.783938,0.734341,0.870825,1.100743,1.122642,1.103828,1.115634,1.098457,1.176045,1.326135,1.346899,1.342253,1.346235,1.333222,1.337044,1.334373,1.344062,1.334279,1.356022,1.412080,1.165460,0.764429,0.720956,0.776783,0.779133,0.829724,0.639927,0.335802,0.307662,0.328709,0.310020,0.327527,0.347247,0.344545,0.340674,0.330098,0.323484,0.321931,0.342200,0.380832
0.421857,0.439081,0.441988,0.433451,0.429120,0.436699,0.461016,0.462138,0.466095,0.434727,0.436877,0.463319,0.480362,0.484920,0.490306,0.487192,0.472742,0.465398,0.486548,0.496784,0.489643,0.506674,0.508107,0.511988,0.490629,0.488416,0.491834,0.487502,0.498320,0.495673,0.503574,0.511356,0.480502,0.438478,0.674641,1.036896,1.063725,1.012496,1.022896,1.034597,1.043904,1.024546,1.010338,1.012045,0.979223,0.902304,1.102255,1.425648,1.437083,1.361718,1.370880,1.337790,1.312930,1.285103,1.256722,1.230260,1.208912,1.183820,1.267564,1.397226,1.400554,1.356729,1.359101,1.399519,1.166086,0.764744,0.696315,0.732018,0.719080,0.713534,0.683518,0.652798,0.683777,0.700655,0.659267,0.644408,0.806400,1.064735,1.119935,1.085770,1.058136,1.053810,1.183516,1.348066,1.393276,1.357582,1.378763,1.461985,1.262052,0.874407,0.849028,0.912533,0.925169,0.963025,0.997154,1.011903,1.000936,1.030103,1.053517,1.087898,1.103417,1.116334,1.121656,1.129440,1.111792,1.088386,1.145869,1.262018,1.292849,1.268652,1.247698,1.247734,1.355835,1.495216,1.513851,1.500458,1.499347,1.519178,1.516854,1.531790,1.520489,1.513746,1.507367,1.561480,1.338804,0.935531,0.913401,0.951316,0.934108,0.996828,0.786207,0.409007,0.402768,0.459272,0.415147,0.401932,0.426217,0.439760,0.419841,0.422668,0.437053,0.442152,0.427620,0.421359
0.438494,0.430778,0.428284,0.432372,0.432612,0.435896,0.455919,0.453506,0.441804,0.440594,0.450117,0.443936,0.462044,0.475363,0.486936,0.479871,0.467041,0.473432,0.482192,0.483304,0.490842,0.505661,0.509440,0.517118,0.501422,0.491897,0.487347,0.479398,0.485786,0.484087,0.496756,0.509145,0.498059,0.429667,0.656922,1.051589,1.062355,0.997572,1.010897,1.043704,1.040720,1.012922,0.999598,1.006002,0.980125,0.917190,1.103658,1.427612,1.450576,1.384602,1.360457,1.311258,1.277482,1.271452,1.251060,1.223045,1.199238,1.153872,1.242393,1.392921,1.398312,1.341337,1.331136,1.381438,1.151568,0.759882,0.689709,0.746728,0.729087,0.708441,0.686636,0.662717,0.673736,0.689575,0.657618,0.639429,0.792016,1.054271,1.097958,1.065844,1.059612,1.051997,1.163806,1.335693,1.369588,1.332914,1.359489,1.436902,1.232628,0.869897,0.841017,0.906357,0.918632,0.950274,0.979952,0.995665,0.985684,1.033391,1.075913,1.086007,1.085559,1.088695,1.111173,1.122411,1.112309,1.084468,1.138563,1.245888,1.274960,1.266028,1.250889,1.240462,1.344462,1.496010,1.505074,1.473210,1.480420,1.524336,1.516113,1.492614,1.516295,1.519931,1.499375,1.548113,1.326103,0.938872,0.908542,0.954665,0.945707,1.002128,0.773442,0.397378,0.388641,0.420952,0.399784,0.391588,0.417873,0.427760,0.411772,0.418641,0.450561,0.444546,0.427025,0.427071
0.437521,0.434654,0.424955,0.428349,0.435020,0.443760,0.453856,0.451084,0.453956,0.459344,0.462670,0.460736,0.467504,0.477747,0.489551,0.478036,0.465154,0.482303,0.487257,0.489085,0.485925,0.487955,0.499715,0.518546,0.521743,0.495675,0.486482,0.483074,0.492609,0.494224,0.490796,0.500940,0.499445,0.443648,0.653688,1.020064,1.046956,0.994072,1.013796,1.047433,1.040809,1.007257,0.991133,0.993242,0.966460,0.914581,1.098080,1.416402,1.420791,1.358433,1.360806,1.313312,1.259227,1.263382,1.255893,1.230232,1.187653,1.161578,1.246029,1.385445,1.388341,1.324480,1.323985,1.373414,1.149027,0.745241,0.671938,0.721913,0.728263,0.719812,0.686665,0.659392,0.666646,0.704638,0.680706,0.647776,0.784385,1.030302,1.079795,1.086017,1.096058,1.054656,1.146810,1.333454,1.358073,1.340499,1.383609,1.449996,1.235434,0.878710,0.843321,0.901398,0.907708,0.934042,0.960858,0.984974,0.986232,1.023236,1.074390,1.090984,1.092303,1.095276,1.103918,1.112503,1.101353,1.077596,1.140929,1.245359,1.263626,1.263297,1.280542,1.257278,1.348632,1.497648,1.512832,1.485291,1.485383,1.517432,1.512728,1.488708,1.512075,1.518123,1.504067,1.544114,1.319865,0.942070,0.903503,0.953042,0.956700,0.998609,0.790814,0.432072,0.378577,0.412385,0.408805,0.412796,0.429559,0.437467,0.416659,0.407865,0.433270,0.436604,0.423899,0.430014
0.431820,0.436394,0.435611,0.429696,0.428347,0.439820,0.444723,0.449489,0.444662,0.459543,0.466612,0.467803,0.469410,0.471705,0.480197,0.481484,0.478025,0.486489,0.483993,0.485301,0.467594,0.471825,0.485625,0.523606,0.512708,0.488577,0.481438,0.488722,0.505651,0.494880,0.504303,0.503969,0.483288,0.442243,0.658482,0.997625,1.043383,0.999118,1.021902,1.034471,1.026781,0.999046,0.994088,0.999086,0.970041,0.899166,1.103889,1.431963,1.436447,1.353558,1.360872,1.317790,1.266350,1.265342,1.261337,1.239655,1.195766,1.165108,1.247047,1.385555,1.390213,1.338575,1.333085,1.395215,1.161466,0.745961,0.697393,0.745903,0.724573,0.718761,0.676960,0.643888,0.660747,0.677671,0.657694,0.629531,0.778304,1.033278,1.065559,1.066267,1.085752,1.044277,1.135548,1.317875,1.346280,1.331861,1.376957,1.442535,1.232754,0.868843,0.848379,0.911664,0.917360,0.915444,0.950291,0.992535,0.997477,1.025145,1.068766,1.087192,1.091745,1.101591,1.110325,1.120688,1.108509,1.080484,1.156606,1.260707,1.276234,1.271737,1.275405,1.259417,1.344691,1.491573,1.505391,1.488643,1.484635,1.494414,1.500536,1.494454,1.508576,1.506519,1.506722,1.551233,1.307497,0.932304,0.897719,0.952031,0.960185,1.002291,0.797479,0.440205,0.370962,0.405608,0.409396,0.419963,0.431401,0.431973,0.408748,0.400621,0.414095,0.420047,0.410138,0.413676
