date,month,dayofweek,is_weekend,season,load_sum_kWh,load_mean,load_max,load_min,load_std,load_peak_slot,load_valley_slot,load_peak_valley_diff,pv_sum_kWh,pv_mean,pv_max,pv_peak_slot,pv_gen_slots,pv_sunrise_slot,pv_sunset_slot,price_realtime_mean,price_realtime_max,price_realtime_min,price_realtime_std,price_peak_slot,price_valley_slot,price_peak_valley_diff,net_load_sum_kWh,net_load_max,net_load_min,net_load_positive_slots,forecast_mae,forecast_rmse,forecast_smape,theoretical_arbitrage_typical,shortage_kWh,curtailment_kWh
2025-01-01,1,2,False,Winter,127286.15238333333,5303.589682638889,7469.4947,3289.99,1331.156579584408,48,137,4179.5047,35250.98236666666,1468.7909319444443,5494.725,62,57,43,99,0.9265215277777776,1.5993,0.4038,0.3773184861927976,123,141,1.1955,92035.17001666666,6464.5067,981.3950000000004,144,104.48734468599034,151.55805951952357,19.38959667659895,627.9259259259259,92035.17001666666,0.0
2025-01-02,1,3,False,Winter,127657.07848333332,5319.044936805555,7519.6199,2919.12,1331.8531773607301,48,143,4600.4999,34771.83921666666,1448.8266340277778,5429.3182,70,57,43,99,0.9266027777777778,1.6098,0.3623,0.38302571714211303,123,134,1.2474999999999998,92885.23926666666,6311.075,1136.5820000000003,144,111.21117053140102,176.21506807038543,19.129303218984592,627.9259259259259,92885.23926666666,0.0
2025-01-03,1,4,False,Winter,81883.55671666666,3411.814863194444,4753.54,2453.7519,629.5524609139359,53,132,2299.7880999999998,36378.61535,1515.7756395833335,6232.0875,71,57,43,99,0.7386236111111111,1.4264,0.2766,0.33134950448722816,123,132,1.1498,45504.941366666666,3777.0475,-1962.9048999999995,114,106.87922608695659,150.46097655017286,19.631897493482352,627.9259259259259,50979.255849999994,0.0
2025-01-04,1,5,True,Winter,81891.73006666666,3412.1554194444443,4626.107,2360.95,610.9399947965205,60,137,2265.157,37126.1277,1546.9219875000001,6566.5273,72,57,43,99,0.7303166666666667,1.4459,0.3175,0.3318310571503374,123,10,1.1284,44765.602366666666,3820.5825,-2454.1386,116,137.18350555555548,198.2192624512582,21.956034073128276,627.9259259259259,50776.28808333333,0.0
2025-01-05,1,6,True,Winter,127674.11883333333,5319.754951388889,7474.9983,3237.2905,1341.545211725167,48,132,4237.7078,36638.408533333335,1526.6003555555556,6130.3875,71,57,43,99,0.9252319444444446,1.5747,0.391,0.37727285606503075,123,26,1.1837,91035.71029999999,6521.7748,266.1099999999997,144,90.08006956521741,121.13737557284036,23.06623883668588,627.9259259259259,91035.71029999999,0.0
2025-01-06,1,0,False,Winter,126826.69011666668,5284.445421527778,7428.53,3358.1757,1318.8185724588734,50,132,4070.3543,36194.20901666666,1508.092042361111,6048.5188,75,57,43,99,0.9289923611111112,1.6135,0.371,0.38205195928248953,123,1,1.2425,90632.48109999999,6337.9893,222.26519999999982,144,86.73083067632855,122.04812470859585,23.443412306972995,627.9259259259259,90632.48109999999,0.0
2025-01-07,1,1,False,Winter,126927.46214999999,5288.64425625,7373.5665,3294.7889,1354.8641629153992,48,136,4078.7776,34360.5612,1431.6900500000002,5426.8125,71,57,43,99,0.9234222222222223,1.5672,0.3841,0.37944672980730865,123,2,1.1831,92566.90095,6570.8076,1143.3874999999998,144,68.77436642512079,104.8582311759519,23.666534944268232,627.9259259259259,92566.90095,0.0
2025-01-08,1,2,False,Winter,126695.94394999999,5278.997664583333,7400.2529,3041.4847,1334.369179926293,48,132,4358.7682,37169.94263333333,1548.7476097222223,6346.5393,75,57,43,99,0.917373611111111,1.5968,0.3663,0.38492580122097547,123,135,1.2305,89526.00131666668,6527.8795,129.33419999999933,144,69.16114142156863,109.13225302626127,21.877988811709027,627.9259259259259,89526.00131666668,0.0
2025-01-09,1,3,False,Winter,127066.61819999998,5294.442424999999,7450.7115,2709.78,1345.1320277177153,51,143,4740.931500000001,35975.06208333333,1498.960920138889,6089.8125,71,57,43,99,0.9205923611111112,1.5726,0.307,0.3823779366604927,123,143,1.2656,91091.55611666667,6347.39,469.78700000000026,144,127.94055646766168,190.05443424165472,20.33254597598604,627.9259259259259,91091.55611666667,0.0
2025-01-10,1,4,False,Winter,81486.63841666667,3395.276600694445,4631.46,2352.9166,648.9681523117423,56,133,2278.5434,35995.971699999995,1499.8321541666667,5738.286,66,57,43,99,0.7293041666666666,1.4151,0.2836,0.33523867228454557,123,132,1.1315,45490.66671666667,3678.0862,-1533.8770999999997,117,154.29533557213932,228.8652475140468,22.187363380155453,627.9259259259259,50117.26973333332,0.0
2025-01-11,1,5,True,Winter,81610.19496666666,3400.4247902777774,4590.2659,2216.1871,604.899472416525,58,132,2374.0788000000002,36744.30835,1531.0128479166667,6055.9664,70,57,43,99,0.7342124999999999,1.4519,0.2503,0.3359193836178701,123,132,1.2016,44865.88661666666,3676.82,-1928.7524999999996,116,101.56858134328361,147.81726672177106,20.37821180950875,627.9259259259259,50476.30393333332,0.0
2025-01-12,1,6,True,Winter,126519.32696666665,5271.63862361111,7376.2661,3322.2707,1318.0938270850872,51,132,4053.9954,35653.438566666664,1485.5599402777777,5661.3299,78,58,43,100,0.9254215277777776,1.6226,0.3872,0.38110401736375915,123,140,1.2354,90865.8884,6395.5057,797.2502000000004,144,245.10268088235293,366.9669014400104,26.57975882054432,627.9259259259259,90865.8884,0.0
2025-01-13,1,0,False,Winter,126980.35978333333,5290.848324305556,7430.66,3180.43,1329.0097754542146,56,134,4250.23,38706.40281666666,1612.7667840277777,6209.8471,75,58,42,99,0.9149201388888889,1.5303,0.3812,0.3727235752908621,114,33,1.1491,88273.95696666665,6421.5705,142.22749999999996,144,268.3973992424243,420.61706772373753,20.99626536360715,627.9259259259259,88273.95696666665,0.0
2025-01-14,1,1,False,Winter,127109.49061666665,5296.228775694444,7427.03,3285.58,1300.9105186472386,47,131,4141.45,37829.17768333333,1576.2157368055555,6219.525,71,58,43,100,0.916901388888889,1.5809,0.3771,0.38315842438849707,123,134,1.2038,89280.31293333333,6369.6794,37.92500000000018,144,105.32310348258699,139.75616001816238,20.600149604991998,627.9259259259259,89280.31293333333,0.0
2025-01-15,1,2,False,Winter,126963.89896666666,5290.162456944444,7507.7254,3199.0136,1346.1415059703108,48,136,4308.7118,36893.55603333333,1537.2315013888888,6093.5776,69,58,43,100,0.9231027777777778,1.5854,0.4052,0.3836765202094887,123,33,1.1802,90070.34293333332,6550.806,287.5097999999998,144,104.04836159420287,147.719603460981,24.887461105462,627.9259259259259,90070.34293333332,0.0
2025-01-16,1,3,False,Winter,126807.76418333333,5283.656840972222,7524.4005,2666.03,1337.011146969946,48,143,4858.370499999999,37733.61273333333,1572.233863888889,6199.3148,72,58,43,100,0.9150513888888889,1.6041,0.3275,0.3818633664380862,123,143,1.2766000000000002,89074.15145,6476.5561,232.58759999999984,144,112.19362608695656,150.82788732177053,25.509565458951517,627.9259259259259,89074.15145,0.0
2025-01-17,1,4,False,Winter,80876.07619999998,3369.836508333333,4658.1401,2257.2766,637.8461585866276,54,0,2400.8634999999995,38186.962733333334,1591.1234472222225,5964.0608,75,59,42,100,0.7245361111111112,1.4338,0.2934,0.32455417697475986,123,132,1.1404,42689.11346666666,3745.2125,-2078.425,113,100.34791859903378,145.23646808110408,24.437439889372133,627.9259259259259,48967.43318333333,0.0
2025-01-18,1,5,True,Winter,81208.0575,3383.6690624999997,4588.0665,2380.98,609.2681394812568,54,137,2207.0865,37965.54848333333,1581.8978534722223,6090.7508,78,59,42,100,0.722370138888889,1.3945,0.2881,0.319258979443375,116,140,1.1064,43242.50901666666,3823.91,-1973.2478999999998,112,170.43417439613523,233.38960978141193,26.133307969833314,627.9259259259259,49229.72451666667,0.0
2025-01-19,1,6,True,Winter,126210.84621666666,5258.785259027778,7413.62,3254.1161,1334.3401529085586,47,132,4159.5039,37527.70675,1563.6544479166669,6244.425,71,59,42,100,0.9176687500000001,1.5934,0.3757,0.375703448273476,123,132,1.2177,88683.13946666665,6435.3826,151.6266999999998,144,66.7413135265701,93.20310990514906,22.935508964496076,627.9259259259259,88683.13946666665,0.0
2025-01-20,1,0,False,Winter,126565.66615,5273.569422916667,7455.2219,3229.07,1338.8609562143872,48,137,4226.151899999999,38498.5896,1604.1079,6597.6375,71,59,42,100,0.9134951388888888,1.5695,0.383,0.37819417762597873,113,135,1.1864999999999999,88067.07655,6424.265600000001,74.27250000000004,144,125.0540009661836,193.452569652148,23.659985291794747,627.9259259259259,88067.07655,0.0
2025-01-21,1,1,False,Winter,125750.14588333332,5239.589411805555,7419.21,3154.5927,1319.3392522814654,59,132,4264.6173,42274.2412,1761.4267166666666,7159.125,68,59,42,100,0.8955743055555554,1.5603,0.3668,0.3764270195979965,123,132,1.1935,83475.90468333333,6308.5125,-701.8917999999994,134,138.29935314009654,210.20283973696226,23.900770128176955,627.9259259259259,84258.40456666666,0.0
2025-01-22,1,2,False,Winter,126679.58855000001,5278.316189583335,7408.7913,3313.1445,1321.9066023892622,51,132,4095.6468,37780.82418333333,1574.201007638889,6052.0204,75,59,42,100,0.9191166666666667,1.5811,0.3719,0.3860961429597447,114,0,1.2092,88898.76436666667,6359.3457,398.9974999999995,144,128.98357922705313,193.03579967406637,23.716669772240955,627.9259259259259,88898.76436666667,0.0
2025-01-23,1,3,False,Winter,126355.43114999999,5264.80963125,7448.7502,2676.97,1340.9034170604825,48,143,4771.780200000001,36789.505549999994,1532.896064583333,5765.1,68,59,42,100,0.9220041666666666,1.6401,0.34,0.37920652617407186,123,132,1.3000999999999998,89565.92559999999,6455.5964,826.0974999999999,144,137.96800893719805,219.66695587165648,24.024767961276517,627.9259259259259,89565.92559999999,0.0
2025-01-24,1,4,False,Winter,80339.53570000001,3347.480654166667,4657.18,2211.69,623.7444566677545,56,131,2445.4900000000002,40510.12255,1687.921772916667,6893.0015,70,59,42,100,0.7098805555555556,1.4135,0.2582,0.32554377194386236,123,131,1.1553,39829.41315,3637.2875,-2806.2275000000004,112,72.68991980676327,99.22812396298998,22.632428824521046,627.9259259259259,48391.69853333333,0.0
2025-01-25,1,5,True,Winter,80632.06428333333,3359.6693451388887,4513.921,2362.2724,600.3378301515531,58,138,2151.6486000000004,42192.488816666664,1758.0203673611113,6893.025,77,59,42,100,0.7049715277777778,1.4005,0.2605,0.32910962499990737,123,132,1.1400000000000001,38439.57546666666,3680.7149999999997,-2790.9303,110,195.5548058685447,303.6533550843281,29.24084626036491,627.9259259259259,48296.86596666668,0.0
2025-01-26,1,6,True,Winter,126385.04865000001,5266.043693750001,7465.2636,3285.6804,1336.7885135244308,51,132,4179.5832,38686.05861666666,1611.9191090277777,6081.515,66,59,42,100,0.916217361111111,1.6006,0.3577,0.378503836772798,123,2,1.2429000000000001,87698.99003333332,6506.019,647.7800000000007,144,149.03276173708915,202.56606040846484,29.1666785856346,627.9259259259259,87698.99003333332,0.0
2025-01-27,1,0,False,Winter,125642.95023333334,5235.122926388889,7208.8447,3329.71,1299.8331437506606,61,137,3879.1346999999996,41448.033449999995,1727.0013937499998,6775.3125,71,59,42,100,0.8984333333333334,1.5717,0.3871,0.3739462535705373,118,132,1.1846,84194.91678333332,6481.8168,-422.53079999999954,139,90.56501995305162,139.0849385421842,27.49183909136765,627.9259259259259,84393.41106666667,0.0
2025-01-28,1,1,False,Winter,126496.61093333332,5270.692122222222,7434.6,3120.32,1325.9936382547835,47,134,4314.280000000001,39516.211566666665,1646.5088152777778,6368.8875,65,59,42,100,0.9057340277777778,1.6056,0.3261,0.376920302674556,113,134,1.2794999999999999,86980.39936666665,6630.473,416.6149999999998,144,119.42866126760568,154.5303872641004,28.44167862502719,627.9259259259259,86980.39936666665,0.0
2025-01-29,1,2,False,Winter,125425.44486666666,5226.060202777778,7546.7527,3196.67,1342.4269301806985,48,134,4350.0827,44040.24381666667,1835.0101590277782,6744.6,68,59,42,100,0.8898159722222222,1.593,0.3689,0.369238241294172,116,141,1.2241,81385.20105,6231.0774,-262.47879999999986,140,257.1763495305164,346.95920934167594,30.83940034896171,627.9259259259259,81515.20405,0.0
2025-01-30,1,3,False,Winter,126011.04994999999,5250.460414583333,7406.3915,2764.86,1346.4010827676118,51,143,4641.531499999999,42268.46716666667,1761.1861319444445,6877.2482,75,59,42,100,0.900129861111111,1.5522,0.3538,0.37856332115388236,120,143,1.1984,83742.58278333333,6374.1001,-477.2029999999995,138,139.46358239436617,200.45538066323905,28.307985711353318,627.9259259259259,83970.14405,0.0
2025-01-31,1,4,False,Winter,80009.91998333333,3333.746665972222,4630.4064,2323.2047,635.6785674743672,54,132,2307.2017,41245.596933333334,1718.566538888889,6402.7778,70,61,41,101,0.7113951388888888,1.4161,0.2432,0.3236349811518454,123,132,1.1728999999999998,38764.32305,3552.155,-2371.8477,111,128.66931220657276,172.1274100664734,28.026448948339112,627.9259259259259,47079.720016666666,0.0
2025-02-01,2,5,True,Winter,76305.20628333333,3179.3835951388887,4422.76,2154.94,576.3483271049122,53,134,2267.82,41927.03034999999,1746.9595979166666,6817.8939,69,60,42,101,0.6514930555555556,1.1766,0.2537,0.2820392849819255,123,11,0.9229,34378.17593333333,3484.94,-2763.7375,109,188.58307370892018,277.3996293518796,28.931816801365994,627.9259259259259,44850.17781666666,0.0
2025-02-02,2,6,True,Winter,121705.97265000001,5071.08219375,7139.7466,3218.53,1303.8275392001663,48,132,3921.2166,43349.6947,1806.2372791666667,6888.0375,71,61,41,101,0.8363881944444445,1.3998,0.3697,0.3254848517838781,48,33,1.0301,78356.27794999999,6301.5851,-800.4175000000005,137,119.22778380281689,154.77721288087488,27.32511151093681,627.9259259259259,78793.4705,0.0
2025-02-03,2,0,False,Winter,122603.769,5108.490375,7168.4724,3093.7,1303.0029984558896,54,140,4074.7724,42386.85249999999,1766.1188541666666,6690.5234,70,61,41,101,0.8447902777777778,1.3447,0.3709,0.3276004630664017,48,5,0.9738,80216.91649999999,6231.2748,-213.76500000000033,140,95.0712036231884,136.70923915419434,21.9443436388328,627.9259259259259,80297.58298333333,0.0
2025-02-04,2,1,False,Winter,121578.09884999998,5065.754118749999,7107.25,3265.9979,1298.1977089892848,50,139,3841.2521,40383.234899999996,1682.6347875000001,6731.0625,71,61,41,101,0.8491895833333333,1.3987,0.381,0.3283932834757633,47,4,1.0177,81194.86395,6147.589,-436.9198000000006,137,163.1027950704225,214.63759235745778,28.336632905948328,627.9259259259259,81513.9123,0.0
2025-02-05,2,2,False,Winter,121991.08443333332,5082.961851388889,7224.4705,3176.95,1283.527527289247,48,131,4047.5205000000005,41242.65745,1718.4440604166666,6428.5545,75,61,41,101,0.8482541666666665,1.3848,0.3423,0.32480267874877145,47,136,1.0425,80748.42698333332,6333.0819,-146.4425000000001,141,112.9317744131455,155.67766373036397,26.345805173335425,627.9259259259259,80789.60933333333,0.0
2025-02-06,2,3,False,Winter,122252.1627,5093.8401125,7370.8801,2446.62,1332.036817074373,48,143,4924.2601,41981.10548333333,1749.2127284722224,6471.7125,77,61,41,101,0.8439645833333334,1.447,0.3228,0.3279608556867149,48,143,1.1242,80271.05721666665,6287.1803,-8.404900000000453,143,145.47352077294693,198.60075604133587,21.54003511361248,627.9259259259259,80272.45803333333,0.0
2025-02-07,2,4,False,Winter,76168.59693333333,3173.691538888889,4434.4978,2118.6366,587.5647044501335,60,132,2315.8612000000003,44362.91726666666,1848.4548861111111,7256.5787,73,61,41,101,0.6440388888888888,1.2102,0.2631,0.2830723851955455,114,132,0.9470999999999999,31805.679666666667,3216.2246999999998,-3720.5847,109,197.13585727699532,287.5147505084973,26.339519552465852,627.9259259259259,44205.082899999994,0.0
2025-02-08,2,5,True,Winter,75746.78751666666,3156.116146527778,4351.2177,2222.3953,578.1726337672349,58,135,2128.8224,44169.624800000005,1840.4010333333338,7088.1,65,61,41,101,0.642351388888889,1.1675,0.2752,0.27951730121117574,123,132,0.8923,31577.162716666666,3210.87,-3159.7200000000003,104,101.64301901408447,134.87080923972064,24.819672546926025,627.9259259259259,43232.71175,0.0
2025-02-09,2,6,True,Winter,121547.90356666665,5064.495981944444,7076.4168,3171.3778,1307.0998355827737,54,135,3905.0389999999998,41992.48759999999,1749.6869833333333,6253.275,74,61,41,101,0.8413840277777778,1.3378,0.3001,0.3247016540590739,48,131,1.0377,79555.41596666665,6138.8163,-109.91499999999996,140,205.74280563380285,288.9036235036965,25.883103504323053,627.9259259259259,79607.84538333333,0.0
2025-02-10,2,0,False,Winter,121477.56451666665,5061.565188194444,7204.3318,3167.0284,1286.132134966131,48,133,4037.3034,47150.926933333336,1964.6219555555556,7364.325,68,61,41,101,0.8180638888888889,1.352,0.3637,0.3178381869638434,48,134,0.9883000000000001,74326.63758333333,6203.4616,-1029.2300000000005,129,149.3759652582159,230.47499125756062,24.25786624601671,627.9259259259259,75778.36535,0.0
2025-02-11,2,1,False,Winter,121441.28161666666,5060.0534006944445,7166.8905,3098.6629,1304.1682962821176,48,132,4068.2276000000006,46220.68448333333,1925.8618534722223,7003.275,71,61,41,101,0.8284923611111111,1.343,0.36,0.3212188505384441,122,143,0.983,75220.59713333333,6113.51,-651.4360000000006,127,109.16565624999996,136.80222168749458,26.63025356202463,627.9259259259259,76202.93678333331,0.0
2025-02-12,2,2,False,Winter,121363.85288333331,5056.827203472221,7161.6182,3045.8569,1297.0263440074716,51,132,4115.7613,46097.116749999994,1920.7131979166666,7315.923,72,61,41,101,0.8264243055555556,1.3314,0.3727,0.3231134660186592,120,14,0.9586999999999999,75266.73613333332,6203.4816,-1075.3881000000001,131,123.585399543379,162.41767678865236,28.397749322505746,627.9259259259259,76631.57463333332,0.0
2025-02-13,2,3,False,Winter,121310.28371666666,5054.595154861111,7014.89,2421.19,1285.1687859457063,56,143,4593.700000000001,49980.80469999999,2082.5335291666665,7680.8224,66,61,41,101,0.8147909722222221,1.3496,0.3026,0.3226040240782741,48,143,1.047,71329.47901666665,6195.9096,-1238.0944,125,126.93405000000001,166.44340270542173,27.799803476838942,627.9259259259259,73521.42235000001,0.0
2025-02-14,2,4,False,Winter,75872.63795,3161.3599145833336,4372.7346,2129.41,581.1888359730774,57,131,2243.3246,46070.83613333333,1919.618172222222,6962.8019,76,61,41,101,0.6311,1.1609,0.2247,0.2701004526939089,110,132,0.9362,29801.801816666662,3358.6035,-3174.3973000000005,102,104.17431575342464,139.16704199883122,27.402703365919855,627.9259259259259,42609.102133333334,0.0
2025-02-15,2,5,True,Winter,76054.55224999998,3168.9396770833328,4277.918,2055.4315,560.2793666007866,54,132,2222.4864999999995,46774.46115,1948.9358812500004,7133.5125,77,62,41,102,0.6378472222222222,1.1564,0.2846,0.2686935007306416,108,135,0.8718000000000001,29280.091099999998,3285.85,-3472.9725,102,112.20437557077626,147.0615791771796,27.609545925246497,627.9259259259259,42635.89363333333,0.0
2025-02-16,2,6,True,Winter,121276.97728333333,5053.207386805556,7088.51,3144.2762,1291.7641203923852,50,132,3944.2338000000004,45899.59818333333,1912.4832576388887,7028.0698,72,63,40,102,0.8303222222222222,1.3733,0.34,0.3254150768326388,48,132,1.0332999999999999,75377.37909999999,6372.5389,-768.8459999999995,136,189.13157442922363,251.27887427544974,29.185045972608563,627.9259259259259,75948.42713333333,0.0
2025-02-17,2,0,False,Winter,120960.37281666664,5040.015534027777,6988.6956,3105.689,1263.8526096251944,48,132,3883.0066,49776.50965,2074.021235416667,7513.7044,67,63,40,102,0.8173527777777777,1.3221,0.3597,0.3115126097065993,116,132,0.9624,71183.86316666666,6214.3521,-1095.8999999999996,124,113.08497694063931,153.2528569522294,26.958060663362975,627.9259259259259,73082.76454999999,0.0
2025-02-18,2,1,False,Winter,121331.27123333333,5055.4696347222225,7206.1836,3054.59,1318.9201108161274,51,134,4151.5936,49239.88345,2051.661810416667,7419.9499,70,63,40,102,0.8145215277777778,1.3605,0.3707,0.3218173927688786,48,2,0.9898,72091.38778333334,6302.4577,-973.5050000000001,129,173.62011689497712,230.02112182233157,28.449089168610325,627.9259259259259,73288.42194999999,0.0
2025-02-19,2,2,False,Winter,121866.79411666666,5077.783088194444,7070.555,3170.8188,1280.049293563833,51,132,3899.7362000000003,48987.46673333332,2041.144447222222,7833.7125,71,63,40,102,0.8164298611111112,1.3304,0.3736,0.3234612798954288,47,33,0.9568000000000001,72879.32738333332,6178.49,-1543.0024999999996,128,151.63981644444448,203.70986791897093,31.270021629192314,627.9259259259259,75154.35691666667,0.0
2025-02-20,2,3,False,Winter,121105.25703333333,5046.052376388889,7196.52,2498.4,1304.5549740338417,50,143,4698.120000000001,50112.12329999999,2088.0051375,7539.824,69,63,40,102,0.8168069444444445,1.3465,0.3079,0.3201143352674871,48,143,1.0386,70993.13373333334,6222.6382,-1220.6745,124,122.03721933333327,168.406458358246,30.409460947532686,627.9259259259259,72792.92208333332,0.0
2025-02-21,2,4,False,Winter,75802.00203333332,3158.4167513888883,4384.8008,2193.9544,577.5625502578857,54,133,2190.8464,50241.74,2093.4058333333332,7515.7143,73,63,40,102,0.62085,1.1504,0.2473,0.26677801646674354,116,132,0.9031000000000001,25560.262033333333,3334.2065,-3802.4675,101,175.10689333333332,235.19570644652248,31.52675445153841,627.9259259259259,41472.251033333334,0.0
2025-02-22,2,5,True,Winter,75682.24226666667,3153.4267611111113,4331.9968,2154.921,558.5431434296236,61,135,2177.0758,47837.47938333333,1993.228307638889,7196.6991,67,63,40,102,0.6352840277777778,1.2217,0.2472,0.2784686854281522,116,66,0.9745,27844.762883333333,3501.77,-3393.3025,101,110.30846735159824,155.7409456842469,25.049709709152896,627.9259259259259,41634.6347,0.0
2025-02-23,2,6,True,Winter,121142.14093333331,5047.589205555555,7208.9983,3051.9814,1294.5729832345514,48,136,4157.0169000000005,49610.287249999994,2067.095302083333,7288.6875,68,63,40,102,0.8153784722222223,1.375,0.3868,0.3184266136405259,48,132,0.9882,71531.85368333333,6201.7534000000005,-867.4025000000001,126,143.52369707207208,197.4046890957378,27.156812676387627,627.9259259259259,72896.99576666666,0.0
2025-02-24,2,0,False,Winter,120628.98855000001,5026.20785625,7050.7951,3179.45,1299.5937100657886,48,134,3871.3451000000005,52425.95493333333,2184.414788888889,7662.6274,72,63,40,102,0.8082493055555555,1.3842,0.3649,0.31601528753773345,48,132,1.0193,68203.03361666665,6382.929300000001,-1541.1089000000002,121,246.63501977777793,361.9578404622727,30.140246307255445,627.9259259259259,71333.93281666665,0.0
2025-02-25,2,1,False,Winter,121093.33288333332,5045.555536805555,7053.8,3114.61,1292.0818674374455,50,134,3939.19,55272.00965,2303.0004020833335,8445.2427,69,63,40,102,0.7940965277777778,1.3107,0.3725,0.31686954925742017,110,143,0.9381999999999999,65821.32323333333,6220.6472,-2087.2402,118,227.53563444444453,388.4581018114429,29.168413613156623,627.9259259259259,70550.58276666666,0.0
2025-02-26,2,2,False,Winter,121060.73411666666,5044.197254861111,7226.31,3002.1912,1294.7069075717638,53,132,4224.1188,52245.886083333324,2176.9119201388885,7896.2644,69,64,39,102,0.8055381944444444,1.3369,0.3378,0.3146843755627066,120,132,0.9991,68814.84803333333,6239.8008,-1345.7259999999997,122,139.35794888888893,188.55926104593263,27.877165623989164,627.9259259259259,71523.06521666667,0.0
2025-02-27,2,3,False,Winter,120599.48893333333,5024.978705555555,7071.6761,2323.87,1323.63441343097,48,143,4747.8061,53642.90473333334,2235.121030555556,8374.7625,68,63,40,102,0.7979118055555556,1.3501,0.3235,0.32264725103572933,48,143,1.0266000000000002,66956.58419999998,6331.4359,-2245.513099999999,122,109.74791933333334,158.4709552923384,26.337002010808458,627.9259259259259,71643.15313333333,0.0
2025-02-28,2,4,False,Winter,75385.10794999999,3141.046164583333,4445.4841,2110.11,580.6094311069561,55,134,2335.3740999999995,52092.5144,2170.5214333333333,7498.554,72,65,39,103,0.6166784722222222,1.1629,0.2409,0.2733558269631589,121,135,0.922,23292.593549999998,3156.8507,-3622.9617,99,189.2267973333333,249.92858578037666,27.407653958084904,627.9259259259259,40462.45056666667,0.0
2025-03-01,3,5,True,Spring,72244.16015,3010.1733395833335,4142.36,2234.1814,494.7060945854339,53,132,1908.1785999999997,48585.39421666665,2024.391425694444,7492.2702,72,65,39,103,0.6142222222222222,1.1576,0.2405,0.2775974757156457,119,75,0.9171,23658.765933333332,3225.63,-3966.9447999999998,100,233.25475022222216,351.01317898127115,27.808647563324566,627.9259259259259,39313.385266666664,0.0
2025-03-02,3,6,True,Spring,117860.41708333333,4910.850711805556,6795.4853,3062.1472,1245.6465281237024,51,132,3733.3381000000004,45502.11001666666,1895.9212506944443,6686.5125,68,65,39,103,0.8122930555555556,1.3111,0.3093,0.3207013279823133,108,131,1.0017999999999998,72358.30706666666,6375.283899999999,-641.4124999999995,137,148.93472044444445,189.9255158591786,26.351778940320823,627.9259259259259,72595.20049999999,0.0
2025-03-03,3,0,False,Spring,117958.74559999998,4914.9477333333325,6791.92,3161.72,1243.0810791974104,56,5,3630.2000000000003,45941.59896666667,1914.233290277778,6971.9847,73,65,39,103,0.81185,1.3164,0.3264,0.32008182083331765,47,33,0.99,72017.14663333332,6242.5553,-1069.7358999999997,127,145.623296969697,227.52515053624245,30.471862987353855,627.9259259259259,73189.57896666665,0.0
2025-03-04,3,1,False,Spring,118139.02498333334,4922.459374305556,6925.7674,3080.3832,1230.024506983121,48,132,3845.3841999999995,48939.56704999999,2039.148627083333,7151.277,78,65,39,103,0.8006277777777778,1.3441,0.3381,0.30964491516692705,48,132,1.006,69199.45793333332,6059.9403,-1115.8274999999994,126,169.03740562770568,236.2184294469766,30.423909521158993,627.9259259259259,70914.67113333334,0.0
2025-03-05,3,2,False,Spring,118073.44383333332,4919.726826388888,6756.2638,3150.2698,1248.2081572374912,48,132,3605.9939999999997,51942.971816666664,2164.2904923611113,7677.225,68,65,39,103,0.7945006944444444,1.3305,0.3644,0.32023238338766385,123,1,0.9661,66130.47201666667,6237.7933,-1706.5374999999995,125,142.7217783549784,183.08305931966376,29.727316094292185,627.9259259259259,68767.90856666668,0.0
2025-03-06,3,3,False,Spring,117673.59855,4903.0666062499995,6885.88,2606.24,1243.5676815205984,53,143,4279.64,51732.94441666667,2155.5393506944447,7499.5431,72,65,39,103,0.7918569444444444,1.3434,0.3327,0.3157125586221067,123,143,1.0107,65940.65413333333,6417.7809,-1441.1648999999998,123,124.07628484848493,179.36932322986814,28.673733567477854,627.9259259259259,68907.43651666667,0.0
2025-03-07,3,4,False,Spring,71680.36145,2986.6817270833335,3889.226,2118.1155,493.6361174197019,57,136,1771.1105000000002,50758.07591666666,2114.919829861111,7968.7764,69,65,39,103,0.6085013888888889,1.1883,0.1545,0.2822907463106132,112,69,1.0337999999999998,20922.285533333332,2975.89,-4372.365,97,137.22876991341988,186.3439443669328,28.876071627596,627.9259259259259,38142.22399999999,0.0
2025-03-08,3,5,True,Spring,72344.71158333334,3014.362982638889,3945.5771,2233.19,489.72087581078125,57,137,1712.3871,53281.572066666675,2220.065502777778,7735.1789,72,66,39,104,0.5972631944444444,1.1729,0.21,0.27065701381155544,123,72,0.9629000000000001,19063.139516666666,3225.68,-4132.3793000000005,97,93.89644264069261,126.81747601217674,27.014822358590827,627.9259259259259,38475.91366666667,0.0
2025-03-09,3,6,True,Spring,117692.9865,4903.8744375,6856.1255,3178.85,1245.3264025673925,48,137,3677.2755,54359.46145,2264.9775604166666,8501.7,77,66,39,104,0.7838090277777777,1.3356,0.3641,0.315774354666085,111,132,0.9714999999999999,63333.52505,5987.9076000000005,-2588.4321,122,140.63873377192996,193.89224695932882,25.301064654861676,627.9259259259259,67661.33004999999,0.0
2025-03-10,3,0,False,Spring,117943.06436666667,4914.294348611112,6838.7388,3147.4028,1225.5623530483772,48,132,3691.3360000000002,49900.99291666667,2079.2080381944447,6867.5106,81,67,38,104,0.802451388888889,1.3308,0.3691,0.3071479188501878,113,132,0.9617,68042.07144999999,6059.7054,-719.5289000000002,125,133.74992835497835,190.25179401414832,26.638561077527374,627.9259259259259,68972.2149,0.0
2025-03-11,3,1,False,Spring,117499.55295,4895.81470625,6815.7693,3076.69,1254.0301849513833,61,137,3739.0793,53560.63415,2231.6930895833334,7760.9319,73,67,38,104,0.7893930555555556,1.3372,0.3822,0.3132005096613617,112,20,0.955,63938.9188,6096.0156,-1886.6788999999999,119,168.30666210045655,219.85581318087384,17.07851250223168,627.9259259259259,67540.96113333333,0.0
2025-03-12,3,2,False,Spring,118112.23683333334,4921.34320138889,6849.8277,3269.9946,1223.053868639139,48,142,3579.8331,55676.70215,2319.8625895833334,7996.2,74,66,38,103,0.7801680555555556,1.3485,0.35,0.3168462969572051,116,132,0.9985,62435.53468333333,6107.4538,-1942.6122999999998,116,118.21851168831175,158.6133762065561,24.529484476083717,627.9259259259259,67323.01068333333,0.0
2025-03-13,3,3,False,Spring,118237.27704999999,4926.553210416667,6755.97,2440.31,1254.8288392683262,47,143,4315.66,50691.65903333333,2112.152459722222,6841.65,74,67,38,104,0.7996374999999999,1.3317,0.3312,0.31286789631082007,118,143,1.0005000000000002,67545.61801666666,6044.2285,-798.21,133,123.57981796536795,155.79515321383238,24.319601874158458,627.9259259259259,68272.85921666666,0.0
2025-03-14,3,4,False,Spring,72108.86895,3004.5362062500003,4085.718,2198.1132,508.37579837582837,54,132,1887.6048,56079.44296666667,2336.6434569444446,8505.6624,69,67,38,104,0.5913868055555556,1.1955,0.1602,0.28111701996783883,108,75,1.0352999999999999,16029.425983333334,2980.29,-4817.732699999999,97,242.7685844155846,336.57073075634213,24.529648026760974,627.9259259259259,37424.63611666666,0.0
2025-03-15,3,5,True,Spring,72724.98178333332,3030.2075743055557,3931.58,2262.63,462.8550833366388,56,134,1668.9499999999998,51800.85663333333,2158.369026388889,7167.0696,79,67,38,104,0.6047722222222222,1.1777,0.2699,0.26446285195119573,110,132,0.9077999999999999,20924.125149999996,3459.73,-3612.67,96,225.06083181818187,324.90566194930614,23.875110737148137,627.9259259259259,38207.63546666667,0.0
2025-03-16,3,6,True,Spring,117983.21598333333,4915.967332638889,6761.78,3225.965,1246.5631461841856,50,132,3535.8149999999996,54632.169050000004,2276.340377083334,8389.425,68,67,38,104,0.784895138888889,1.3095,0.3598,0.31569699164807524,113,132,0.9497000000000001,63351.04693333333,6031.1747,-1975.0249999999996,120,199.2484547008547,306.01491858866666,25.453867548550903,627.9259259259259,66922.08571666667,0.0
2025-03-17,3,0,False,Spring,117693.6218,4903.900908333333,6833.9697,3035.3964,1262.6029968655348,48,132,3798.5732999999996,59835.49036666667,2493.1454319444447,8640.9976,69,67,38,104,0.7601756944444445,1.3189,0.367,0.3079161699664165,123,5,0.9519,57858.13143333333,5993.2214,-2533.1063999999997,112,155.44857594936713,254.5615599620227,26.80102697225734,627.9259259259259,64277.59396666667,0.0
2025-03-18,3,1,False,Spring,117253.42358333334,4885.559315972223,6921.4474,3194.33,1253.9253968358453,48,140,3727.1174,56127.46521666667,2338.644384027778,7904.3377,70,67,38,104,0.7760166666666666,1.3196,0.3707,0.31204432332647825,110,4,0.9489000000000001,61125.958366666666,5979.2853000000005,-1979.29,119,122.46210274261595,157.25588391925504,25.72205413187369,627.9259259259259,66005.03358333332,0.0
2025-03-19,3,2,False,Spring,117281.55799999999,4886.731583333333,6689.6717,3117.68,1250.306230212785,48,2,3571.9917,57816.08755,2409.0036479166665,8611.9875,74,67,38,104,0.7718381944444445,1.3494,0.3401,0.3106236179486138,123,132,1.0092999999999999,59465.47045,5980.2715,-2563.7905999999994,116,209.42243776371305,290.4697766197115,26.697245657533752,627.9259259259259,65489.434733333335,0.0
2025-03-20,3,3,False,Spring,117648.38173333334,4902.015905555556,6757.81,2401.0,1258.071076020067,53,143,4356.81,55439.41991666667,2309.9758298611114,8090.5707,73,67,38,104,0.7786381944444444,1.3228,0.2794,0.3098714502238792,123,143,1.0434,62208.96181666666,5838.5445,-2235.3408,119,243.02683016877637,381.47867262210235,26.96010593246878,627.9259259259259,66119.8385,0.0
2025-03-21,3,4,False,Spring,72593.53221666667,3024.730509027778,4034.39,2222.59,489.5122507846361,56,131,1811.7999999999997,60560.0677,2523.336154166667,8906.5125,71,67,38,104,0.5702902777777777,1.1788,0.1352,0.27951151453556305,122,75,1.0436,12033.464516666667,2968.95,-5163.202500000001,93,118.20021476793245,167.97950174156063,24.5653810445422,627.9259259259259,36968.949949999995,49.006250000000364
2025-03-22,3,5,True,Spring,71936.92953333333,2997.372063888889,4167.1,2186.4053,482.66856902210003,53,132,1980.6947000000005,56055.72979999999,2335.655408333333,8278.4416,70,69,37,105,0.5873881944444445,1.1642,0.1546,0.27667432383227364,122,72,1.0095999999999998,15881.199733333335,3487.42,-4646.6599,95,212.67763143459905,395.31475451273883,25.06145049432169,627.9259259259259,36745.13109999999,0.0
2025-03-23,3,6,True,Spring,117739.97726666667,4905.832386111111,6763.6612,3205.92,1229.7267452888157,48,137,3557.7411999999995,58970.25715,2457.0940479166666,8184.1843,70,69,37,105,0.7671784722222222,1.3289,0.3404,0.305004987271662,116,132,0.9884999999999999,58769.72011666667,5879.764800000001,-2261.2538999999997,116,193.87876563785994,270.61729417774745,19.916968014791525,627.9259259259259,64423.69705,0.0
2025-03-24,3,0,False,Spring,117425.17061666667,4892.715442361111,6795.0967,3138.35,1248.4903994212523,55,2,3656.7467,59426.67353333333,2476.111397222222,8525.2623,69,69,37,105,0.7674861111111111,1.3583,0.3336,0.3120841402169944,123,33,1.0247000000000002,57998.49708333333,5869.9383,-2401.5012000000006,116,141.34345226337447,197.6395077160071,20.984909568166348,627.9259259259259,64983.405866666646,0.0
2025-03-25,3,1,False,Spring,118053.16781666667,4918.881992361112,6871.31,3237.2332,1243.7014899424846,62,7,3634.0768000000003,57103.04310000001,2379.2934625000003,8011.0998,76,69,37,105,0.7712756944444445,1.3143,0.3706,0.31181340691795173,116,8,0.9437,60950.12471666666,5736.8591,-2020.1922999999997,121,123.9046147916667,173.75192359574737,19.75226596907429,627.9259259259259,65738.09268333334,0.0
2025-03-26,3,2,False,Spring,117704.62780000002,4904.359491666667,6761.9518,3099.0997,1251.6285857787245,48,138,3662.8520999999996,62112.07293333332,2588.0030388888886,8768.6625,65,69,37,105,0.7566111111111112,1.3062,0.3654,0.3168388600413832,118,75,0.9408000000000001,55592.55486666666,5642.3966,-2615.789999999999,112,158.19940884773658,212.7781749225962,23.864469750669652,627.9259259259259,63767.07139999999,0.0
2025-03-27,3,3,False,Spring,117952.59836666666,4914.691598611111,6909.2138,2463.43,1260.7788484872349,48,143,4445.783800000001,59235.60896666666,2468.150373611111,8850.1024,72,69,37,105,0.7664159722222222,1.3182,0.3125,0.3120269608360128,108,143,1.0057,58716.9894,5575.4676,-2961.7504,116,142.59648065843615,209.51854969672812,21.82524540265281,627.9259259259259,64449.924799999986,0.0
2025-03-28,3,4,False,Spring,71891.76726666666,2995.490302777778,4079.1469,2081.95,500.56405509659174,54,131,1997.1969000000004,61069.8865,2544.578604166667,8901.8625,71,69,37,105,0.5747680555555555,1.1837,0.1269,0.2849071174011682,123,74,1.0568,10821.880766666665,3048.1933,-5358.922499999999,94,96.19305452674902,154.2277559824928,20.25065508635111,627.9259259259259,36217.22091666666,121.39403333333348
2025-03-29,3,5,True,Spring,72118.27746666667,3004.928227777778,3864.2226,2268.893,472.51814983417955,54,138,1595.3296,64411.06828333333,2683.7945118055554,9127.0875,68,69,37,105,0.5630868055555556,1.1833,0.0913,0.27897793988695646,123,68,1.092,7707.2091833333325,3416.19,-5432.9375,94,105.78326213991788,137.63178538600718,20.720701946799565,627.9259259259259,36391.04073333333,323.7864333333332
2025-03-30,3,6,True,Spring,117994.70585,4916.446077083334,6727.68,3179.6,1250.6695151919798,59,131,3548.0800000000004,62649.086149999996,2610.3785895833335,8892.9124,75,69,37,105,0.7520270833333333,1.3168,0.3471,0.3116045369425513,119,131,0.9697,55345.619699999996,5715.4641,-3006.4775,116,164.52982345679007,233.78776575343252,22.573746826349474,627.9259259259259,63156.19126666666,0.0
2025-03-31,3,0,False,Spring,117075.66561666667,4878.152734027778,6612.033,3107.8655,1255.323497035183,67,138,3504.1675000000005,60124.27613333333,2505.178172222222,8322.4163,67,70,36,105,0.7607041666666667,1.3379,0.3473,0.3056136307679826,123,132,0.9906000000000001,56951.38948333333,5728.788100000001,-2176.83,115,126.04046563786007,172.3653593899965,21.244303250492678,627.9259259259259,62629.74599999999,0.0
2025-04-01,4,1,False,Spring,117967.1463,4915.2977625,6737.56,3157.8491,1230.388517269372,59,135,3579.7109000000005,57758.29478333333,2406.5956159722223,7235.1617,79,71,36,106,0.7731090277777778,1.3193,0.3582,0.29647468480313477,123,132,0.9610999999999998,60208.85151666666,5704.7228,-1056.0114999999996,117,162.77006358024693,215.1585794507969,21.40519812177967,627.9259259259259,63278.99666666666,0.0
2025-04-02,4,2,False,Spring,117986.62945000001,4916.109560416667,6730.1456,3128.8844,1221.7278849876307,48,135,3601.2612,57551.29405,2397.9705854166664,7663.9875,74,71,36,106,0.772320138888889,1.3316,0.3693,0.3056165229533221,123,137,0.9622999999999999,60435.335399999996,5529.4444,-1695.9175000000005,117,147.95521991869919,198.0634129526217,23.315637953078465,627.9259259259259,64232.82500000001,0.0
2025-04-03,4,3,False,Spring,117884.45609999998,4911.8523374999995,6769.6013,2234.15,1243.4684044973471,55,143,4535.451300000001,62020.92583333333,2584.2052430555555,8969.2875,74,71,36,106,0.7644638888888888,1.3867,0.3202,0.31245930456388554,123,143,1.0665,55863.53026666667,5552.9499,-3009.5212999999994,114,125.71967188755023,179.183369402308,24.203619229703346,627.9259259259259,63767.76008333333,0.0
2025-04-04,4,4,False,Spring,71735.75181666666,2988.9896590277776,3917.1456,2176.4666,484.19604035396605,54,132,1740.6789999999996,65304.94956666666,2721.039565277778,9069.662,78,71,36,106,0.5595027777777778,1.2001,0.0905,0.27416199206733227,123,75,1.1096,6430.802249999999,3021.02,-5570.2924,91,184.8418068273091,263.4205265551964,24.679636416919237,627.9259259259259,35225.740933333334,333.3552333333337
2025-04-05,4,5,True,Spring,72602.74256666665,3025.114273611111,3931.66,2228.04,476.7930911232216,53,134,1703.62,60558.62758333333,2523.2761493055555,8792.8044,73,71,36,106,0.5755284722222221,1.1736,0.1482,0.27350190157050924,123,72,1.0253999999999999,12044.114983333333,3305.13,-4933.116400000001,91,182.18029638554205,248.6654427432842,25.977552435061536,627.9259259259259,35634.943316666664,0.0
2025-04-06,4,6,True,Spring,117205.43058333332,4883.559607638888,6763.27,3146.0,1227.205298972677,47,131,3617.2700000000004,62795.354316666664,2616.4730965277777,8801.4075,76,71,36,106,0.7556868055555556,1.3107,0.3579,0.2989284181795344,123,75,0.9528,54410.076266666656,5273.1861,-2838.3557999999994,112,136.85178212851403,187.18307799643435,24.37990194882041,627.9259259259259,62308.395683333336,0.0
2025-04-07,4,0,False,Spring,117015.14203333334,4875.630918055556,6828.7119,3189.767,1219.4681582948554,48,132,3638.9449000000004,63772.422750000005,2657.1842812500004,9287.9673,64,71,36,106,0.7517159722222222,1.3349,0.3671,0.3019459736473487,123,136,0.9678,53242.71928333334,5291.463600000001,-2935.2790000000005,112,123.48578734939758,167.00913469991747,24.052779265287842,627.9259259259259,61239.47338333334,0.0
2025-04-08,4,1,False,Spring,117713.29026666665,4904.720427777777,6699.2279,3173.0,1220.6160894017032,48,131,3526.2279,63360.09665,2640.0040270833333,9020.2965,69,71,36,106,0.7519159722222222,1.3574,0.3246,0.31593860399032564,123,75,1.0328,54353.193616666664,5555.5215,-2957.9529999999995,114,151.83008493975902,221.02174182258753,24.066126941763763,627.9259259259259,63275.16041666666,0.0
2025-04-09,4,2,False,Spring,117677.52253333334,4903.230105555555,6736.99,3147.18,1224.0692892749307,47,137,3589.81,58543.21151666667,2439.3004798611114,8105.8317,73,71,36,106,0.7662708333333333,1.321,0.3756,0.3023964049336288,123,132,0.9454,59134.31101666666,5423.1895,-2064.0822,117,135.2908220164609,202.06023194702624,19.310766988009092,627.9259259259259,63209.335216666674,0.0
2025-04-10,4,3,False,Spring,117668.70068333333,4902.862528472222,6855.2097,2353.89,1252.561462045667,48,143,4501.3197,63208.062783333335,2633.669282638889,9420.75,68,71,36,106,0.7580270833333334,1.3433,0.2828,0.31515496914383084,115,143,1.0605,54460.63789999999,5309.4066,-3236.1643999999997,117,275.21160301204816,437.14668201553025,25.91846811224972,627.9259259259259,62629.06575000001,0.0
2025-04-11,4,4,False,Spring,72091.99674999999,3003.833197916667,4037.65,2258.72,469.86673228602683,53,137,1778.9300000000003,66775.34658333333,2782.306107638889,9272.7325,76,71,36,106,0.5514784722222222,1.1471,0.1092,0.2710068180091412,114,74,1.0379,5316.650166666666,2958.92,-5677.825,90,185.8261769076305,230.25602749858285,24.859374560736782,627.9259259259259,34977.68556666667,719.6915166666664
2025-04-12,4,5,True,Spring,71957.17576666665,2998.215656944444,3976.12,2176.37,499.86797868863414,59,134,1799.75,62932.01521666667,2622.1673006944447,8208.225,77,72,35,106,0.5638673611111111,1.1558,0.214,0.263014248285866,116,75,0.9418,9025.16055,3430.32,-4579.935,91,121.08547590361437,168.09412531518313,22.24531181332523,627.9259259259259,34387.49596666666,0.0
2025-04-13,4,6,True,Spring,117283.0622,4886.794258333333,6693.9151,3100.2909,1256.430640227864,48,139,3593.6242,63006.70371666667,2625.279321527778,8404.2373,73,72,36,107,0.7562548611111111,1.3312,0.3493,0.2978890462777849,123,134,0.9819,54276.35848333333,5402.1328,-2529.2762000000002,113,131.47048915662654,172.85814948127484,22.109921648659984,627.9259259259259,61213.743316666674,0.0
2025-04-14,4,0,False,Spring,117901.37268333332,4912.557195138888,6671.9435,3138.017,1233.7371732673644,54,132,3533.9265000000005,65373.34088333333,2723.889203472222,8660.749,76,73,35,107,0.7465972222222221,1.3446,0.3437,0.2980222627307213,119,132,1.0009000000000001,52528.0318,5269.4792,-2593.6927000000005,112,191.12447590361438,251.5631008083548,23.134304155194425,627.9259259259259,60261.84811666666,0.0
2025-04-15,4,1,False,Spring,117056.90516666666,4877.371048611111,6608.09,3116.9,1250.3637670143355,50,134,3491.19,66917.47633333332,2788.228180555556,9218.8911,70,73,35,107,0.738532638888889,1.3283,0.3275,0.3088480765389332,116,139,1.0008,50139.428833333324,5358.5229,-3146.2063,110,176.62903473895585,247.93168578729478,22.409734123042078,627.9259259259259,59767.994983333345,0.0
2025-04-16,4,2,False,Spring,117924.88506666667,4913.5368777777785,6685.7564,3209.28,1221.3923813812078,57,131,3476.4764,62145.29311666667,2589.3872131944445,8410.2,77,73,35,107,0.7623541666666667,1.364,0.3669,0.2973761571875533,123,132,0.9971000000000001,55779.59195,5019.7968,-2016.6433000000006,116,143.2953432539682,188.20179394178982,23.123052367253337,627.9259259259259,61259.50154999999,0.0
2025-04-17,4,3,False,Spring,117487.04263333333,4895.293443055556,6827.5423,2337.22,1257.2191014571972,48,143,4490.3223,64618.700283333324,2692.4458451388887,8705.7127,72,73,35,107,0.7477673611111111,1.3148,0.3043,0.30324710430589547,113,143,1.0105,52868.34235,5068.781999999999,-2856.665,113,173.32902098039227,237.30536864441612,25.71044764918069,627.9259259259259,60428.6936,0.0
2025-04-18,4,4,False,Spring,71490.16935,2978.75705625,3994.77,2201.65,477.03490395204,56,134,1793.12,65136.05216666667,2714.002173611111,8269.4625,77,73,35,107,0.5594201388888889,1.1711,0.1948,0.2643718443954868,123,66,0.9763000000000001,6354.117183333333,2858.9231,-4769.6296999999995,89,178.79317725490193,224.62622889713043,25.654302506570932,627.9259259259259,33809.68674999999,0.0
2025-04-19,4,5,True,Spring,71905.41535,2996.058972916667,3916.12,2221.91,487.6983258730427,56,140,1694.21,65120.736099999995,2713.3640041666667,8731.5486,73,73,35,107,0.5579763888888889,1.1659,0.1113,0.2721109188656156,123,75,1.0546,6784.679250000001,3429.12,-5284.3683,90,170.58955137254907,232.75510863249727,24.880807981995133,627.9259259259259,33756.508383333334,74.9780833333331
2025-04-20,4,6,True,Spring,117197.81635000001,4883.242347916667,6792.02,3202.97,1239.751618400609,47,137,3589.0500000000006,65240.07146666666,2718.336311111111,8612.625,68,73,35,107,0.7454388888888889,1.3046,0.3618,0.2992771144012706,123,33,0.9428,51957.74488333333,5118.2252,-2533.8650000000007,111,136.90197098039224,187.99731565604088,24.2257250361974,627.9259259259259,60224.36933333334,0.0
2025-04-21,4,0,False,Spring,118481.63788333333,4936.734911805555,6857.4023,3222.14,1234.9246298300056,48,140,3635.2623,69964.7275,2915.1969791666666,9678.323,76,73,35,107,0.7339520833333333,1.3263,0.2898,0.300875622135841,113,75,1.0365,48516.910383333336,4784.2622,-3744.9588999999996,108,158.23633392156853,221.38627806389314,24.04600854253981,627.9259259259259,59067.636199999986,0.0
2025-04-22,4,1,False,Spring,117811.00101666668,4908.791709027779,6745.3697,3237.31,1237.5640580952117,64,131,3508.0597000000002,65658.0717,2735.7529875,8660.9267,66,73,35,107,0.7509583333333334,1.3399,0.3534,0.2981035811675114,118,33,0.9865000000000002,52152.92931666666,4964.2357,-2455.0105999999996,114,161.22488941176468,220.52042996487702,23.935795808718336,627.9259259259259,59612.31509999999,0.0
2025-04-23,4,2,False,Spring,118030.51476666666,4917.938115277778,6759.7251,3136.6643,1238.2173248141046,48,132,3623.0607999999997,66630.59805,2776.2749187500003,8613.0375,65,75,34,108,0.7479125,1.3932,0.3289,0.29729844694505897,123,141,1.0643,51399.916716666674,4988.9386,-2284.7775,110,147.4409726053639,222.96476563388586,27.62852638528981,627.9259259259259,58967.73508333333,0.0
2025-04-24,4,3,False,Spring,117497.77966666665,4895.740819444444,6821.3307,2493.69,1251.9427995780238,48,143,4327.6407,70407.67296666667,2933.653040277778,8947.3125,80,74,35,108,0.7361847222222223,1.349,0.3044,0.30060821430263013,123,143,1.0446,47090.106700000004,5025.7648,-2935.0621999999994,106,281.5587959770116,362.20703415000395,29.428606804112732,627.9259259259259,58038.56606666666,0.0
2025-04-25,4,4,False,Spring,71763.32119999999,2990.138383333333,3864.97,2105.39,478.5841550537195,56,134,1759.58,69762.96354999999,2906.7901479166667,8982.5391,70,75,34,108,0.5406916666666667,1.1686,0.1126,0.2755889374549575,122,75,1.056,2000.3576500000004,2941.25,-5296.2688,85,191.7280538314176,275.33205973895673,27.55125185701336,627.9259259259259,32989.68418333334,148.94706666666644
2025-04-26,4,5,True,Spring,72100.92436666666,3004.205181944444,4037.34,2157.1073,486.9933259492609,56,132,1880.2327,72030.73073333333,3001.280447222222,10216.2,68,74,34,107,0.5378048611111111,1.196,0.0076,0.2832960154217259,119,71,1.1884,70.1936333333324,3346.82,-6452.077500000001,89,180.5697778431373,254.82055370001729,22.544197865970293,627.9259259259259,33485.732866666665,2481.654116666667
2025-04-27,4,6,True,Spring,117032.52253333331,4876.3551055555545,6958.0721,3107.2,1243.9683920856896,48,131,3850.8721000000005,68459.05135,2852.4604729166667,9773.1872,72,74,34,107,0.7337826388888888,1.3177,0.272,0.3101849615887024,122,75,1.0457,48573.47118333333,4927.5191,-3886.1266000000005,110,274.17971065891476,412.16630876243306,25.64433389778813,627.9259259259259,59589.03588333333,0.0
2025-04-28,4,0,False,Spring,117537.3008,4897.3875333333335,6733.06,3200.7959,1241.007239606692,50,141,3532.2641000000003,60915.33348333333,2538.138895138889,7986.2625,77,75,34,108,0.7660520833333333,1.3403,0.3592,0.30009004824979857,123,33,0.9811000000000001,56621.96731666666,5010.9542,-2093.2967,117,202.9540589147286,322.6423813489644,24.40538566860774,627.9259259259259,60437.560399999995,0.0
2025-04-29,4,1,False,Spring,117252.75871666666,4885.531613194445,6742.0744,3112.3459,1247.3211943904648,48,132,3629.7285000000006,69819.545,2909.1477083333334,8972.0663,66,75,34,108,0.7303826388888888,1.3284,0.3089,0.30113279400715226,116,75,1.0195,47433.213716666665,4849.4237,-2892.068399999999,109,163.23698831417616,219.848354469967,25.503104632162,627.9259259259259,58240.49951666666,0.0
2025-04-30,4,2,False,Spring,117682.88071666665,4903.453363194444,6649.8942,3140.52,1248.4362500146915,48,131,3509.3741999999997,69426.02628333333,2892.7510951388886,8402.325,71,75,34,108,0.7294423611111112,1.3318,0.3282,0.2965900383531622,119,137,1.0036,48256.85443333333,4763.0357,-2325.885000000001,106,206.48774214559387,307.71144732885006,26.295487267307987,627.9259259259259,57032.84836666667,0.0
2025-05-01,5,3,False,Spring,120364.58391666666,5015.190996527777,6698.4213,2577.89,1201.418631898716,55,143,4120.531300000001,69353.20511666666,2889.716879861111,9235.0962,72,75,34,108,0.7473263888888889,1.3606,0.2921,0.30973127739035605,123,143,1.0685,51011.37879999999,5306.9852,-3301.104799999999,110,209.96954310344813,265.63995980251536,25.578901531456943,627.9259259259259,62268.91393333334,0.0
2025-05-02,5,4,False,Spring,74761.02673333333,3115.042780555556,4037.2752,2380.8368,443.47195923946305,99,4,1656.4384,60470.70665000001,2519.6127770833336,7707.4723,66,75,34,108,0.5869513888888889,1.2187,0.2486,0.2671297885188797,123,68,0.9701,14290.320083333334,3489.56,-4130.4463,92,211.61135268199226,304.24711499054786,24.648900203822137,627.9259259259259,36812.236099999995,0.0
2025-05-03,5,5,True,Spring,74894.84928333333,3120.618720138889,3969.5171,2298.01,456.6634932135263,57,5,1671.5070999999998,66027.67763333333,2751.153234722222,8849.55,65,75,34,108,0.5698243055555555,1.2238,0.14,0.2749899197762263,113,75,1.0838,8867.171649999998,3576.17,-5269.679999999999,91,178.2649505747125,228.95290072153554,24.200532568834387,627.9259259259259,35954.40625,65.74309999999998
2025-05-04,5,6,True,Spring,120670.08423333333,5027.920176388889,6661.7452,3362.7028,1210.2425748209332,48,13,3299.0424000000003,68935.4169,2872.3090375,8612.3007,64,75,34,108,0.7461284722222222,1.3892,0.3732,0.29759868261964856,113,21,1.016,51734.66733333333,5046.1684000000005,-2214.7749999999996,107,244.80590651341004,366.3745915103059,24.76679659806733,627.9259259259259,60023.49866666667,0.0
2025-05-05,5,0,False,Spring,120612.16386666667,5025.506827777778,6978.6702,3228.6855,1223.4334776072503,105,7,3749.9846999999995,65536.15706666667,2730.673211111111,8933.5125,71,75,34,108,0.7604611111111113,1.3756,0.3375,0.3131542806861237,116,16,1.0381,55076.0068,5658.2886,-3152.402500000001,112,122.16322662835255,161.18726913196306,23.453475930641325,627.9259259259259,62605.940383333334,0.0
2025-05-06,5,1,False,Spring,121017.1901,5042.382920833334,6705.06,3404.93,1176.557274962992,50,17,3300.1300000000006,68147.10773333334,2839.4628222222223,9114.75,71,75,34,108,0.7532361111111112,1.343,0.3324,0.3100108585084761,117,72,1.0106,52870.082366666655,5279.8461,-3060.0600000000004,113,166.42990536398457,226.45468003026397,24.158160302501457,627.9259259259259,62619.3534,0.0
2025-05-07,5,2,False,Spring,121160.21501666665,5048.342292361111,6722.44,3360.1314,1205.7786849268855,62,141,3362.3085999999994,66092.36906666667,2753.8487111111112,8872.1198,75,75,34,108,0.7587291666666667,1.3712,0.347,0.30814753502041975,123,75,1.0242,55067.845949999995,5531.5237,-3086.9114,113,111.25359674329503,150.09623424238768,22.339226565188046,627.9259259259259,63256.459566666665,0.0
2025-05-08,5,3,False,Spring,120445.47738333333,5018.561557638889,6745.9356,2707.67,1217.7188828551753,48,143,4038.2655999999997,64618.964983333324,2692.456874305555,7902.6323,69,77,33,109,0.7616590277777777,1.4134,0.3201,0.3045287712275178,120,143,1.0933,55826.51240000001,5278.6294,-1865.8810000000003,115,141.58938087121214,195.8115496781162,24.46703190923313,627.9259259259259,61436.527833333326,0.0
2025-05-09,5,4,False,Spring,74253.82545,3093.90939375,3944.2,2249.2838,462.54132794446576,65,141,1694.9161999999997,65754.4396,2739.7683166666666,8503.9468,73,77,33,109,0.5667381944444444,1.1847,0.1705,0.2760381860166714,119,75,1.0142,8499.38585,3376.6729,-5146.295899999999,91,140.3805312734081,185.70219786496105,25.962464575068218,627.9259259259259,35550.557733333335,46.22223333333325
2025-05-10,5,5,True,Spring,74647.98705,3110.33279375,4059.8774,2244.1401,453.69160056265827,99,141,1815.7372999999998,62526.94176666666,2605.289240277778,8429.3679,70,77,33,109,0.5753076388888889,1.1933,0.1241,0.28087246765764073,123,75,1.0692,12121.045283333335,3508.15,-4874.010699999999,93,146.51135973782772,204.6159367611179,25.77049741916724,627.9259259259259,35635.61063333333,0.0
2025-05-11,5,6,True,Spring,120743.09041666666,5030.962100694444,6810.1725,3262.6501,1184.9162351940633,48,132,3547.5224,65259.01133333333,2719.125472222222,8567.925,77,77,33,109,0.7607819444444445,1.3772,0.3089,0.3071119783143678,123,33,1.0683,55484.07908333333,5165.37,-2487.187099999999,118,127.85890655430711,183.54098914322577,24.771314267146884,627.9259259259259,61357.3964,0.0
2025-05-12,5,0,False,Spring,120448.60361666666,5018.691817361111,6688.1596,3340.5,1220.2060701437308,48,143,3347.6596,68517.40838333333,2854.8920159722225,8631.9801,64,77,33,109,0.7517881944444444,1.3827,0.3229,0.2982634794043138,116,33,1.0598,51931.19523333333,5236.405900000001,-2081.7736999999997,108,131.80037097378278,195.76004874016763,24.935949797400983,627.9259259259259,59196.45891666666,0.0
2025-05-13,5,1,False,Spring,120269.6316,5011.23465,6792.9639,3189.2599,1234.256972950457,105,132,3603.7039999999997,67140.41883333333,2797.517451388889,8286.2625,74,77,33,109,0.7564458333333334,1.3607,0.2841,0.3068582743579812,119,33,1.0766,53129.212766666664,5128.849099999999,-2413.9951999999994,111,159.9285895131087,221.12907560075823,25.416634036129643,627.9259259259259,60032.25418333332,0.0
2025-05-14,5,2,False,Spring,120592.00526666667,5024.666886111112,6741.5507,3304.7077,1217.079353042264,103,0,3436.843,67577.85648333334,2815.744020138889,8331.611,72,77,33,109,0.747551388888889,1.3983,0.2722,0.3043993105737557,123,33,1.1261,53014.14878333332,5218.7995,-2319.1979,106,228.76230555555557,341.36123796124707,21.559918642466936,627.9259259259259,60100.38998333333,0.0
2025-05-15,5,3,False,Spring,119598.30981666666,4983.262909027778,6694.68,2648.72,1222.868243224276,98,143,4045.9600000000005,66833.25153333333,2784.7188138888887,8915.797,69,77,33,109,0.7527770833333334,1.3271,0.3356,0.299976056787836,114,33,0.9914999999999999,52765.05828333333,5019.1591,-2795.0082,111,153.28019250936327,210.41158987107596,24.122969050753465,627.9259259259259,60761.21736666666,0.0
2025-05-16,5,4,False,Spring,74681.34474999999,3111.7226979166667,3979.47,2400.78,452.24042357664723,56,17,1578.6899999999996,71965.83821666666,2998.576592361111,9398.3872,72,77,33,109,0.5453854166666666,1.2252,0.0992,0.2843921420945731,121,72,1.1260000000000001,2715.5065333333328,3564.3905,-5999.776899999999,87,126.2904147940075,171.67338755328277,23.67957774640181,627.9259259259259,34564.5663,704.7773500000003
2025-05-17,5,5,True,Spring,75274.53043333333,3136.438768055556,3978.2882,2301.73,441.4581231357317,99,5,1676.5582,64825.731349999995,2701.0721395833334,8226.474,76,77,33,109,0.5734159722222222,1.2422,0.2134,0.2733746857959113,117,65,1.0288,10448.799083333333,3636.98,-4438.727999999999,88,237.17437865168543,325.50742851414935,25.768246932299867,627.9259259259259,35508.198749999996,0.0
2025-05-18,5,6,True,Spring,120687.03700000001,5028.626541666667,6709.39,3363.0013,1183.1489354879736,47,136,3346.3887000000004,67010.8689,2792.1195375,8228.9882,64,77,33,109,0.75068125,1.3468,0.377,0.2990438239906621,123,33,0.9698,53676.168099999995,5031.42,-1852.3386,109,172.1301363636364,241.29798787065712,21.228765582099832,627.9259259259259,60069.27995,0.0
2025-05-19,5,0,False,Spring,120072.38798333332,5003.016165972222,6801.6883,3200.26,1211.7639290685338,48,137,3601.4282999999996,72557.17143333334,3023.215476388889,9791.55,71,77,33,109,0.7317597222222223,1.3957,0.2653,0.3109667914092482,122,72,1.1303999999999998,47515.21655,5402.02,-3571.909999999999,107,216.1109479400749,299.69217928565473,23.595461808948745,627.9259259259259,58731.65725,0.0
2025-05-20,5,1,False,Spring,120437.57771666668,5018.232404861112,6727.4774,3427.88,1203.788829008652,48,134,3299.5973999999997,65910.18289999999,2746.257620833333,8033.105,67,77,33,109,0.7565819444444445,1.373,0.3146,0.3030400575087953,120,33,1.0584,54527.39481666667,5046.9936,-1666.9581999999991,111,139.49688558052435,190.64716057629155,22.436182426196503,627.9259259259259,59974.84128333332,0.0
2025-05-21,5,2,False,Spring,120283.05128333333,5011.793803472222,6708.7105,3218.763,1195.6815708282645,63,132,3489.9475,68920.43599999999,2871.6848333333332,8834.8555,73,77,33,109,0.7458243055555555,1.3612,0.311,0.30499634051376273,123,33,1.0502,51362.61528333333,5020.7605,-2833.3634999999995,111,152.0854855805243,199.50326093673877,21.86840284082606,627.9259259259259,59960.26363333333,0.0
2025-05-22,5,3,False,Spring,119729.68001666667,4988.736667361111,6921.1675,2555.47,1228.8642139383605,48,143,4365.6975,68913.0492,2871.37705,8415.9375,74,77,33,109,0.7461930555555555,1.3576,0.3239,0.30178071616777996,116,33,1.0336999999999998,50816.63081666667,5015.42,-2545.5575,109,188.20052022471907,260.9098277294582,22.679833381417716,627.9259259259259,59131.753049999985,0.0
2025-05-23,5,4,False,Spring,74983.38438333332,3124.3076826388888,4036.6378,2356.0628,454.5801253144544,58,141,1680.5749999999998,68562.43549999999,2856.768145833333,8776.2758,70,77,33,109,0.5569743055555555,1.188,0.1593,0.2719197487398794,115,69,1.0287,6420.948883333333,3336.64,-5205.9565,88,294.68338539325845,382.8635778323947,23.786615468326865,627.9259259259259,34474.98308333333,59.76694999999987
2025-05-24,5,5,True,Spring,74693.81781666668,3112.242409027778,3857.16,2356.01,428.13795603481435,56,131,1501.1499999999996,70939.31643333333,2955.804851388889,9024.9261,70,77,33,109,0.553204861111111,1.1755,0.1275,0.2774900442565806,123,71,1.048,3754.5013833333323,3455.7649,-5431.965,82,150.68460468164804,204.97369546056572,21.367009107059072,627.9259259259259,34373.462583333334,465.6904166666668
2025-05-25,5,6,True,Spring,120319.8776,5013.328233333334,6819.6863,3196.9,1215.5668373257104,105,140,3622.7863,71774.86741666666,2990.619475694444,9350.4,71,77,33,109,0.7379618055555556,1.4094,0.3608,0.3055912881351982,123,141,1.0486,48545.01018333334,5229.94,-3433.1899999999996,107,194.29664606741574,268.30990794715393,20.960275216499987,627.9259259259259,58581.40748333334,0.0
2025-05-26,5,0,False,Spring,119407.96936666666,4975.332056944444,6742.8242,3246.69,1203.143734683438,48,14,3496.1342,64828.13641666666,2701.1723506944445,7902.2191,72,79,32,110,0.7524722222222222,1.3799,0.3289,0.2972747083591072,114,33,1.051,54579.832949999996,5021.3928,-2057.6575000000003,110,176.96935823970037,242.19082131588874,20.95014743048384,627.9259259259259,59881.76523333332,0.0
2025-05-27,5,1,False,Spring,120046.82734999999,5001.951139583333,6765.3057,3267.17,1189.752069542616,48,5,3498.1357,70656.46005,2944.0191687499996,9260.8875,71,79,32,110,0.7429215277777778,1.3497,0.3312,0.30930283441874207,122,75,1.0185,49390.3673,4960.4213,-3203.817500000001,107,210.63149157303383,323.49185229582594,20.544627415784095,627.9259259259259,58423.55568333334,0.0
2025-05-28,5,2,False,Spring,119921.84721666668,4996.743634027778,6696.9493,3317.01,1201.7712636255462,48,137,3379.9393,67648.02311666666,2818.667629861111,8775.1952,79,78,33,110,0.7512673611111111,1.3888,0.2285,0.30419899192714467,113,33,1.1603,52273.824100000005,4972.5913,-2482.3899999999994,110,170.99893970037442,240.66303625209193,19.824428512682022,627.9259259259259,59615.69503333333,0.0
2025-05-29,5,3,False,Spring,120439.31426666665,5018.304761111111,6727.69,2455.95,1231.6848514907165,50,143,4271.74,66329.19076666667,2763.7162819444443,8777.3689,76,78,33,110,0.7595125,1.3731,0.3164,0.31366728193858734,119,33,1.0567,54110.1235,5106.9046,-2840.4520999999995,111,219.60544047619044,317.15308684753904,25.682297283451415,627.9259259259259,60704.46505000001,0.0
2025-05-30,5,4,False,Spring,74612.22448333332,3108.842686805556,4006.9058,2237.65,474.534216679707,54,140,1769.2558,68015.99121666668,2833.999634027778,9923.7033,70,77,33,109,0.5609930555555556,1.2666,0.0389,0.2771786661314872,123,70,1.2277,6596.233266666667,3265.73,-6318.4106999999985,90,192.87550842490847,290.61440035738957,24.086065511928687,627.9259259259259,34628.710366666666,726.3439166666668
2025-05-31,5,5,True,Spring,74778.33258333334,3115.763857638889,4191.11,2159.52,461.8349807835628,143,2,2031.5899999999997,66389.15103333333,2766.2146263888885,8854.4041,66,79,32,110,0.5663548611111112,1.2,0.1409,0.27969032696391805,117,69,1.0591,8389.181550000001,4191.11,-5011.3438,88,201.22944999999999,322.51567703237885,23.967891386228064,627.9259259259259,34655.00575,1.8906333333332743
2025-06-01,6,6,True,Summer,128248.56003333333,5343.690001388889,7143.6182,3559.8033,1172.367927037433,105,33,3583.8149,57023.733733333334,2375.988905555556,7196.5431,73,79,32,110,0.8191805555555556,1.406,0.3697,0.3030717855091714,116,33,1.0363,71224.82629999999,5645.348599999999,-1201.12,138,214.31320732600736,288.66974270546,26.741299315682948,627.9259259259259,71783.85753333333,0.0
2025-06-02,6,0,False,Summer,128080.53698333332,5336.689040972222,7148.4465,3351.2499,1184.5348704413673,100,33,3797.1966,59439.72953333333,2476.6553972222223,8544.6515,66,77,33,109,0.8099458333333333,1.3869,0.3546,0.3196737138695655,120,33,1.0323,68640.80745,5687.0007,-2121.8803,123,177.14394400749057,263.45038855268837,20.41806170485845,627.9259259259259,72574.253,0.0
2025-06-03,6,1,False,Summer,128076.84056666668,5336.535023611112,7339.7755,3448.122,1182.0293368524838,105,33,3891.6535,59884.473733333325,2495.186405555555,8094.45,77,77,33,109,0.806282638888889,1.4412,0.3586,0.3123742744191039,123,33,1.0826,68192.36683333333,5822.666499999999,-1848.9033,123,245.99624296296295,362.9176306029707,24.83268843905207,627.9259259259259,71309.91296666666,0.0
2025-06-04,6,2,False,Summer,128539.84358333334,5355.826815972223,7332.9253,3498.9807,1145.4876270260402,105,16,3833.9446,58894.58276666667,2453.9409486111113,7396.2173,66,79,32,110,0.8136590277777778,1.4185,0.3598,0.30613558868447166,114,33,1.0587,69645.26081666666,5883.2922,-983.0874999999996,127,179.5029056776557,281.3378841413814,24.16971098437498,627.9259259259259,71016.93364999999,0.0
2025-06-05,6,3,False,Summer,128455.92066666666,5352.330027777778,7187.6205,3310.03,1156.0600228115602,105,143,3877.5905,57306.60264999999,2387.7751104166664,7293.9266,69,79,32,110,0.8220694444444444,1.4022,0.3403,0.3165300618248605,113,33,1.0618999999999998,71149.31801666667,5616.6012,-1021.1953000000003,122,137.59676868131868,186.19405541891896,23.42599801146278,627.9259259259259,73034.46285,0.0
2025-06-06,6,4,False,Summer,82747.415,3447.808958333333,4411.7038,2528.2596,480.6512677073552,99,36,1883.4442000000004,51892.4196,2162.18415,6809.5125,68,79,32,110,0.6492826388888889,1.2673,0.2445,0.2803613448435751,122,68,1.0228000000000002,30854.9954,3973.01,-3311.1425,99,185.93107783882783,278.81710581270505,24.3560806186378,627.9259259259259,43688.081399999995,0.0
2025-06-07,6,5,True,Summer,83156.75975,3464.8649895833337,4580.8126,2608.6,475.2170947422542,96,17,1972.2126000000003,52030.24658333333,2167.9269409722224,6798.3,68,79,32,110,0.6502881944444445,1.2859,0.2901,0.2780506185985043,121,33,0.9958,31126.513166666664,4175.29,-3217.13,98,124.75656391941392,171.23017569739287,23.15919257837063,627.9259259259259,42513.658200000005,0.0
2025-06-08,6,6,True,Summer,128266.94665,5344.456110416667,7464.8973,3535.489,1200.3777791473774,105,27,3929.4082999999996,63082.02338333333,2628.417640972222,7976.7529,67,79,32,110,0.7970791666666668,1.4164,0.3642,0.3040188729132003,123,33,1.0522,65184.923266666665,5811.191,-1480.9298,116,146.7484,209.67487854714523,23.376477422693437,627.9259259259259,68798.46563333333,0.0
2025-06-09,6,0,False,Summer,128169.18798333334,5340.382832638889,7491.4643,3564.52,1179.358587054746,105,29,3926.9442999999997,57236.475249999996,2384.8531354166666,7458.0375,74,79,32,110,0.81925625,1.4169,0.3522,0.314214593883886,123,33,1.0647,70932.71273333332,6207.1145,-1404.5775000000003,124,119.55557600732601,171.88477951232053,22.122179481292413,627.9259259259259,72898.13276666666,0.0
2025-06-10,6,1,False,Summer,127414.49178333332,5308.9371576388885,7093.9549,3494.6719,1144.392398402328,105,25,3599.283,55796.047549999996,2324.8353145833335,7389.523,63,79,32,110,0.8168180555555556,1.4372,0.377,0.3144020557800318,123,33,1.0602,71618.44423333333,5882.4495,-861.5079000000005,124,191.1321937728938,288.10293961026804,23.950163921462835,627.9259259259259,72991.72328333334,0.0
2025-06-11,6,2,False,Summer,128236.67731666665,5343.1948881944445,7380.2678,3410.9442,1189.3683087495356,103,33,3969.3235999999997,52152.231,2173.009625,7225.3875,71,79,32,110,0.8316965277777778,1.442,0.2889,0.3230234043812756,123,33,1.1531,76084.44631666667,5751.2209,-1287.7474999999995,133,147.06159706959707,210.6981498681424,22.379880718052174,627.9259259259259,77108.2415,0.0
2025-06-12,6,3,False,Summer,127721.81298333332,5321.742207638888,7160.782,2926.78,1216.0955890011603,96,143,4234.002,55269.42155,2302.8925645833333,7236.442,66,79,32,110,0.8219833333333333,1.4394,0.3069,0.3231071653178249,113,33,1.1325,72452.39143333334,5890.2901,-935.2600000000002,129,128.90997096774188,195.4020000818168,18.91083980622483,627.9259259259259,73573.8846,0.0
2025-06-13,6,4,False,Summer,81889.5904,3412.0662666666667,4255.2431,2513.4715,490.2745301237197,99,36,1741.7715999999996,53544.2767,2231.011529166667,7245.4464,70,79,32,110,0.6400291666666666,1.298,0.2565,0.2841826682497834,119,33,1.0415,28345.3137,4009.0832,-3485.9551,99,124.28958781362006,189.6124022513936,15.754018370705241,627.9259259259259,42078.50488333333,0.0
2025-06-14,6,5,True,Summer,82253.15711666667,3427.214879861111,4411.5054,2502.539,456.34524113842133,99,30,1908.9663999999998,56059.814366666666,2335.825598611111,7014.7419,63,79,32,110,0.6368673611111111,1.238,0.2585,0.27465710569812335,120,75,0.9795,26193.34275,4058.3314,-3376.9399999999996,96,186.39666594982074,256.0998965425276,16.837230825071487,627.9259259259259,42171.847416666664,0.0
2025-06-15,6,6,True,Summer,127368.88451666667,5307.036854861111,7216.4039,3505.1831,1213.658169314365,105,16,3711.2208,56741.910183333326,2364.2462576388884,7168.4094,73,79,32,110,0.8178270833333333,1.4464,0.3571,0.31556827732358017,119,33,1.0893,70626.97433333333,5729.4257,-914.4186,135,122.24665161290326,188.03201031888906,15.22013457442969,627.9259259259259,71341.95014999999,0.0
2025-06-16,6,0,False,Summer,127618.63201666666,5317.443000694444,7060.76,3431.33,1202.1165041743136,92,23,3629.4300000000003,54924.57919999999,2288.5241333333333,7403.1285,67,78,33,110,0.8232416666666666,1.3988,0.3023,0.3116188548520463,113,33,1.0965,72694.05281666666,5505.2051,-975.4281000000001,131,186.19933978494626,266.3344130563611,17.60685463316842,627.9259259259259,73880.85633333333,0.0
2025-06-17,6,1,False,Summer,127311.7546,5304.656441666667,7060.19,3506.1621,1155.2586713614116,98,27,3554.0278999999996,52674.743383333334,2194.780974305556,6701.7119,66,79,32,110,0.8286263888888888,1.4509,0.3465,0.3168264930704884,123,33,1.1044,74637.01121666667,5610.06,-673.2804999999998,138,153.15094551971322,222.25188609600258,16.632787316970404,627.9259259259259,75038.94765,0.0
2025-06-18,6,2,False,Summer,126909.07891666668,5287.878288194445,7018.6017,3532.0368,1175.7110767795225,97,24,3486.5649000000003,55980.68801666667,2332.5286673611113,6770.4375,65,80,31,110,0.82005,1.4109,0.3499,0.3116984426666889,119,33,1.061,70928.3909,5658.894899999999,-616.4475000000002,133,223.93536326164872,373.51223141797266,18.10873496935655,627.9259259259259,71316.05611666666,0.0
2025-06-19,6,3,False,Summer,127349.06689999999,5306.211120833334,7327.2228,3469.38,1206.0433640067474,105,143,3857.8427999999994,59089.562699999995,2462.0651125,7864.0204,78,79,32,110,0.8079104166666666,1.4236,0.3554,0.3159149287362447,114,33,1.0682,68259.5042,5859.6028,-1305.0508,122,201.70579426523292,297.9113633780404,18.035587260076362,627.9259259259259,71107.39088333331,0.0
2025-06-20,6,4,False,Summer,81137.07971666666,3380.7116548611107,4296.4077,2496.7568,477.61185091147763,99,30,1799.6508999999996,58736.49886666667,2447.3541194444447,7189.044,69,79,32,110,0.6213069444444445,1.2402,0.2668,0.2766222603415575,123,75,0.9734,22400.58085,3961.77,-3386.225,93,143.35999731182793,217.745582117436,16.56811427616014,627.9259259259259,40371.6677,0.0
2025-06-21,6,5,True,Summer,81408.0648,3392.0026999999995,4317.2602,2606.6137,449.76865077783,94,39,1710.6464999999998,62073.3244,2586.388516666667,8605.7877,75,78,33,110,0.6095256944444445,1.2633,0.1828,0.2808280036906167,114,75,1.0805,19334.7404,4004.9442,-4844.465,93,193.25046971326168,300.15170326213075,17.25880816420044,627.9259259259259,40294.02645,0.0
2025-06-22,6,6,True,Summer,126539.46191666667,5272.477579861112,7279.16,3374.4387,1171.1446659433454,104,27,3904.7212999999997,59082.12081666667,2461.755034027778,7457.995,64,79,32,110,0.8074916666666668,1.4122,0.3355,0.3116549940474006,119,33,1.0766999999999998,67457.34109999999,5722.1598,-1131.1871,125,156.50146182795703,228.26097040121115,17.531421969245685,627.9259259259259,69328.11858333334,0.0
2025-06-23,6,0,False,Summer,126690.87308333332,5278.786378472222,7056.9931,3333.5589,1205.361103235894,105,12,3723.4341999999997,59629.587083333325,2484.566128472222,7627.9975,70,79,32,110,0.8048722222222222,1.4023,0.3539,0.31585392977967663,123,33,1.0484,67061.286,5715.349499999999,-1447.7963,122,160.0864270609319,224.71011200440057,16.99423125380706,627.9259259259259,70408.85521666666,0.0
2025-06-24,6,1,False,Summer,127112.84501666666,5296.368542361111,7156.4187,3413.1049,1184.0261320761433,105,24,3743.3138000000004,50844.05276666667,2118.5021986111115,6472.05,77,79,32,110,0.8405347222222221,1.4158,0.3611,0.31999710997808695,123,33,1.0547,76268.79225,5776.8342,-465.7038999999995,141,179.0539154121863,245.83438087896087,18.826032290614673,627.9259259259259,76438.07509999999,0.0
2025-06-25,6,2,False,Summer,126310.40843333333,5262.933684722222,7070.11,3456.4352,1184.5875693055634,104,28,3613.6748,55872.98706666667,2328.041127777778,6720.9071,73,79,32,110,0.8163465277777777,1.4004,0.3384,0.31851242434696936,116,33,1.062,70437.42136666666,5507.949,-965.1350000000002,134,163.91391720430116,231.5729314924231,16.334777017819647,627.9259259259259,71238.16965,0.0
2025-06-26,6,3,False,Summer,126697.44536666665,5279.060223611111,7153.1245,3163.47,1205.98971543765,102,143,3989.6545,59150.061533333326,2464.585897222222,8081.5233,69,79,32,110,0.8059743055555556,1.417,0.3376,0.31717546967876936,123,33,1.0794000000000001,67547.38383333333,5587.6203,-1684.5451999999996,127,192.76052419354832,343.5666902974343,16.344925626740668,627.9259259259259,69907.7716,0.0
2025-06-27,6,4,False,Summer,79563.255,3315.1356250000003,4191.3944,2466.7341,463.7742374503593,97,25,1724.6603,59791.60913333333,2491.3170472222223,7986.9642,66,79,32,110,0.6051201388888889,1.2437,0.1708,0.2803352692010453,123,68,1.0729,19771.645866666662,3940.95,-4328.566699999999,92,172.2398241935484,233.09352123755505,16.359659465292538,627.9259259259259,39671.321899999995,0.0
2025-06-28,6,5,True,Summer,80661.5728,3360.898866666667,4214.7846,2469.58,456.86479361398705,99,17,1745.2046,58884.64668333333,2453.526945138889,8626.2441,72,79,32,110,0.6229888888888888,1.2402,0.1995,0.2825663481988277,120,72,1.0407,21776.926116666666,4151.9,-4875.6156,97,129.81266953405017,189.2031717236245,15.82040976608231,627.9259259259259,40203.92735,0.0
2025-06-29,6,6,True,Summer,126384.80871666667,5266.033696527778,7106.6146,3534.94,1177.0345305929677,97,137,3571.6746,57117.04018333333,2379.8766743055553,7585.2486,63,79,32,110,0.8118270833333334,1.3938,0.3508,0.31124763536468014,114,33,1.043,69267.76853333334,5586.6528,-1329.9317,132,167.40128154121865,269.038355474761,15.720671876676509,627.9259259259259,70513.8637,0.0
2025-06-30,6,0,False,Summer,125947.32058333333,5247.805024305556,7085.4956,3371.6114,1174.077384843315,105,15,3713.8842000000004,56069.636600000005,2336.2348583333337,7534.9875,68,79,32,110,0.8101881944444445,1.4347,0.3316,0.31025480899256164,113,33,1.1031,69877.68398333332,5588.4496,-1165.8175,129,182.35573745519704,283.89138586187926,17.030873343233317,627.9259259259259,71110.56381666666,0.0
2025-07-01,7,1,False,Summer,141546.85106666666,5897.785461111111,7882.3436,4077.4412,1201.309963288064,105,31,3804.9024,62680.30703333332,2611.679459722222,7946.325,74,79,32,110,0.8907618055555555,1.7322,0.3868,0.36697338902332227,123,33,1.3454,78866.54403333332,6163.4444,-1237.2368000000006,123,159.6760150537634,252.01011899699336,21.875274975548496,627.9259259259259,80294.3796,0.0
2025-07-02,7,2,False,Summer,141198.65821666666,5883.277425694444,7797.58,3956.12,1174.7413209007539,101,32,3841.46,68293.89185,2845.5788270833336,8417.7884,66,79,32,110,0.8753215277777778,1.727,0.4184,0.35766335075092176,119,33,1.3086000000000002,72904.76636666665,6278.32,-1598.9469999999992,118,114.2419855311356,151.50645855700947,21.72765423358345,627.9259259259259,76775.89256666668,0.0
2025-07-03,7,3,False,Summer,141565.53863333332,5898.5641097222215,7892.813,3699.83,1194.833711510075,105,143,4192.983,61805.119699999996,2575.2133208333335,7924.875,74,79,32,110,0.9014361111111112,1.7936,0.3737,0.369433098802834,123,33,1.4199000000000002,79760.41893333332,6354.5294,-1177.745,128,192.19465732600733,264.45741029888956,23.207560121840046,627.9259259259259,81179.88468333332,0.0
2025-07-04,7,4,False,Summer,95795.06574999998,3991.461072916666,4918.0681,2956.3837,493.8093907795023,99,30,1961.6844000000006,66914.19828333333,2788.091595138889,9260.3625,68,79,32,110,0.6903083333333333,1.5677,0.1337,0.34769093592309375,123,75,1.4340000000000002,28880.867466666667,4675.25,-5086.512499999999,95,199.71626043956044,371.08720976117854,23.13212717884612,627.9259259259259,49308.52366666665,27.20921666666633
2025-07-05,7,5,True,Summer,95872.83489999997,3994.701454166666,5123.7797,3027.3149,523.501064808828,99,40,2096.4648,67082.75493333333,2795.114788888889,8910.5671,66,79,32,110,0.68431875,1.5334,0.168,0.3297786795384851,123,75,1.3654000000000002,28790.079966666664,4642.88,-4354.0316,95,164.72034615384624,244.07883390718135,22.298308292270708,627.9259259259259,49820.4366,0.0
2025-07-06,7,6,True,Summer,141244.57465,5885.1906104166665,7889.8151,4027.47,1171.2887123887951,105,29,3862.3451,61450.5931,2560.4413791666666,8332.8511,69,79,32,110,0.8986708333333334,1.7731,0.4315,0.37260642706884034,123,33,1.3416,79793.98155,6338.9824,-1470.6725000000006,127,193.87766300366303,282.65422856363836,23.035850542880823,627.9259259259259,82083.70813333333,0.0
2025-07-07,7,0,False,Summer,141495.39414999998,5895.641422916666,7622.4699,3971.46,1156.776326118237,102,23,3651.0099,68085.91138333332,2836.9129743055555,8540.5125,74,79,32,110,0.8773902777777778,1.7052,0.3983,0.3597183557024759,123,33,1.3069000000000002,73409.48276666665,6239.0595,-1657.232500000001,115,178.8173304029305,234.4944929849371,23.33132346885885,627.9259259259259,76766.88905000001,0.0
2025-07-08,7,1,False,Summer,141285.22699999998,5886.884458333333,7923.8422,3920.1051,1184.551113938717,105,25,4003.7371,65713.83998333332,2738.076665972222,9384.2706,73,78,33,110,0.8836034722222222,1.7507,0.3935,0.3707953303115701,123,33,1.3572,75571.38701666666,6403.2722,-2662.5549999999994,122,117.51731172161178,173.27853688069206,22.030919105352268,627.9259259259259,80694.59885000001,0.0
2025-07-09,7,2,False,Summer,140590.70496666664,5857.946040277778,7916.9667,4065.8343,1175.9355784572674,105,19,3851.1324,66531.97995000001,2772.1658312500003,8346.9934,73,79,32,110,0.8791770833333333,1.7416,0.3976,0.3667712969908206,116,33,1.344,74058.72501666666,6422.6149000000005,-1726.9074999999993,118,183.30465293040294,293.18221271111764,22.739350988689154,627.9259259259259,77753.26461666665,0.0
2025-07-10,7,3,False,Summer,140463.54224999997,5852.647593749999,7846.4899,3449.51,1199.9258213332944,103,143,4396.979899999999,67609.91886666666,2817.0799527777776,8971.2,71,79,32,110,0.8775076388888888,1.7648,0.4072,0.36719369140029673,122,33,1.3576,72853.62338333332,6257.54,-2235.3901000000005,119,167.21313901098893,259.4086997294132,23.556174706322174,627.9259259259259,78148.55506666667,0.0
2025-07-11,7,4,False,Summer,94741.08840000001,3947.5453500000003,5043.0197,3001.36,472.45936278329447,99,32,2041.6596999999997,62222.31125,2592.5963020833333,7599.6379,73,79,32,110,0.7069465277777778,1.5451,0.2855,0.3331157945448878,114,66,1.2595999999999998,32518.777149999998,4646.46,-3153.245,95,143.92380164835168,223.71034724416694,23.26726293417254,627.9259259259259,49467.08228333332,0.0
2025-07-12,7,5,True,Summer,95318.37109999999,3971.598795833333,4790.1271,2977.6039,484.14060212678606,93,30,1812.5231999999996,64234.12776666667,2676.421990277778,8360.4385,78,79,32,110,0.6942819444444444,1.5783,0.2556,0.3370509352582047,123,71,1.3227,31084.243333333336,4570.87,-4175.954,97,185.18886117216115,251.1875726988929,23.589192705312037,627.9259259259259,49767.1575,0.0
2025-07-13,7,6,True,Summer,139893.36648333332,5828.890270138889,7782.3328,3746.8137,1198.91376076299,105,33,4035.5191,70625.64608333333,2942.735253472222,9752.2309,72,78,32,109,0.8542875,1.7345,0.3392,0.3702855012420415,119,75,1.3953,69267.72039999999,6155.5388,-3331.429800000001,115,146.9250300366301,193.73497725607055,24.013549640984134,627.9259259259259,76623.76595,0.0
2025-07-14,7,0,False,Summer,141062.42346666666,5877.600977777778,7681.8848,3865.194,1199.4411907771166,94,33,3816.6908,69254.74425,2885.6143437500004,8723.2398,73,78,32,109,0.8722152777777779,1.7345,0.3522,0.3694141010933876,123,33,1.3822999999999999,71807.67921666667,6109.7958,-2178.2515999999996,117,132.04656062271064,181.59675376813533,23.135263732747106,627.9259259259259,76145.37486666667,0.0
2025-07-15,7,1,False,Summer,139545.16266666667,5814.381777777778,7671.6125,3614.92,1188.506839837414,105,29,4056.6925,66796.11208333333,2783.1713368055553,8475.8418,67,78,32,109,0.8721083333333334,1.7416,0.3419,0.36053268253353293,114,33,1.3997000000000002,72749.05058333333,6179.0225,-1655.5421000000006,117,221.37385462962965,301.36690059404384,24.035110590251506,627.9259259259259,75795.90461666667,0.0
2025-07-16,7,2,False,Summer,140365.26538333332,5848.552724305556,7978.8849,3838.2022,1201.901705866182,105,19,4140.682699999999,68230.70199999999,2842.945916666666,8874.2427,70,77,33,109,0.8758020833333333,1.6813,0.3718,0.3554522189067038,121,33,1.3094999999999999,72134.56338333333,6361.887,-1964.153400000001,114,167.48429307116118,276.44887542417774,19.817565171363462,627.9259259259259,76881.3465,0.0
2025-07-17,7,3,False,Summer,139569.15928333334,5815.381636805556,7692.7679,3434.74,1180.5693568753081,97,143,4258.0279,66848.74321666665,2785.3643006944444,8810.3625,74,78,32,109,0.8748208333333334,1.7092,0.3696,0.3671267973019713,123,33,1.3396000000000001,72720.41606666666,6192.6821,-2211.2424999999994,118,123.79360149812736,179.4467760119949,19.48988654945828,627.9259259259259,78184.8571,0.0
2025-07-18,7,4,False,Summer,93698.0732,3904.0863833333333,5020.91,2758.4698,479.7114182275518,95,39,2262.4402,62423.825099999995,2600.9927125,8135.55,77,79,32,110,0.6942027777777777,1.5835,0.3031,0.33544025093937657,123,65,1.2804,31274.248100000004,4452.2661,-4007.5,96,197.49572640449432,255.0970691147527,21.618043363948697,627.9259259259259,48192.44993333334,0.0
2025-07-19,7,5,True,Summer,94564.52239999999,3940.1884333333333,4868.06,2761.61,496.8407494625034,143,35,2106.4500000000003,67381.70335,2807.570972916667,8872.725,71,78,32,109,0.6802993055555555,1.5795,0.1583,0.34212290158614667,123,74,1.4211999999999998,27182.819049999995,4868.06,-4741.3625,92,270.3210031835205,430.0067685945005,22.18643367838299,627.9259259259259,48853.69806666667,0.0
2025-07-20,7,6,True,Summer,138750.53876666666,5781.272448611111,7896.2098,3518.2108,1200.2626946007922,105,33,4377.999,66660.56055,2777.52335625,8326.929,75,78,32,109,0.8676124999999999,1.7018,0.3497,0.36103677899448594,123,33,1.3521,72089.97821666667,6258.6483,-1941.781,116,173.19350037453188,285.3084312366183,20.537263362972528,627.9259259259259,75708.25031666666,0.0
2025-07-21,7,0,False,Summer,138442.8198,5768.450825000001,7769.0612,3790.69,1166.9248607022914,105,29,3978.3712,64453.07045,2685.5446020833333,8524.425,65,77,33,109,0.8791791666666667,1.7317,0.3888,0.36128335350660573,123,33,1.3429,73989.74935,6393.251200000001,-1448.6012,117,152.9747275280899,220.30842490686922,21.488417780154787,627.9259259259259,77551.18291666667,0.0
2025-07-22,7,1,False,Summer,139514.85881666664,5813.119117361111,7664.09,3860.6693,1166.8780875646855,98,33,3803.4207,65719.71419999999,2738.321425,8928.7562,72,77,33,109,0.8751333333333333,1.7059,0.3953,0.3598725699097203,120,33,1.3106,73795.14461666666,6051.24,-2158.7167,124,336.97480224719106,582.973180561143,24.73434689015812,627.9259259259259,77131.44821666664,0.0
2025-07-23,7,2,False,Summer,139450.03365,5810.41806875,7631.38,3904.4871,1200.5678643652318,101,33,3726.8929000000003,65233.48653333333,2718.061938888889,8857.6875,74,77,33,109,0.8755840277777778,1.7196,0.4298,0.36483912148819636,118,33,1.2898,74216.54711666665,6220.2065999999995,-2253.2375,117,191.02549737827715,261.42764188499814,22.426558263206704,627.9259259259259,78489.76571666666,0.0
2025-07-24,7,3,False,Summer,138902.21751666666,5787.592396527778,7595.14,3546.94,1169.685232173955,101,143,4048.2000000000003,65285.74551666666,2720.239396527778,8561.2113,72,77,33,109,0.8774458333333334,1.7129,0.4014,0.36535789176289396,123,143,1.3115,73616.472,5975.9943,-1964.7832000000008,123,120.10808951310855,159.6999701936083,22.479306918428453,627.9259259259259,77244.59883333332,0.0
2025-07-25,7,4,False,Summer,92354.83968333332,3848.118320138889,4713.71,2882.47,460.989108426176,89,32,1831.2400000000002,65849.52011666665,2743.730004861111,8441.5951,75,77,33,109,0.67696875,1.5162,0.192,0.34205908140327823,116,75,1.3242,26505.31956666666,4442.19,-4208.1492,93,193.62035599250925,297.46212506734724,23.42111005351965,627.9259259259259,47724.33483333333,0.0
2025-07-26,7,5,True,Summer,93187.68993333333,3882.8204138888887,4804.31,2786.8229,509.48720029498475,92,36,2017.4871000000003,64718.59836666666,2696.6082652777777,7935.3375,74,77,33,109,0.6880090277777778,1.5779,0.2778,0.33040986983708803,123,71,1.3001,28469.091566666662,4651.52,-3845.6328999999996,92,146.97302613636364,195.4926870300243,21.64317286822871,627.9259259259259,48174.37768333333,0.0
2025-07-27,7,6,True,Summer,138110.19628333332,5754.5915118055555,7550.2155,3909.3046,1145.229808368348,105,33,3640.9109000000003,64425.00648333333,2684.375270138889,8642.1774,70,77,33,109,0.87713125,1.6917,0.3756,0.36733984883358894,123,33,1.3161,73685.1898,5946.2345000000005,-2108.6005000000005,118,136.0162017045454,184.77719337299064,21.13049103630625,627.9259259259259,78473.11241666667,0.0
2025-07-28,7,0,False,Summer,138228.99843333333,5759.541601388889,7823.2703,3808.5471,1173.2094998359278,105,22,4014.7232000000004,60274.121199999994,2511.4217166666663,7662.701,66,77,33,109,0.8862368055555556,1.7444,0.3783,0.3628179041515743,123,33,1.3660999999999999,77954.87723333332,6570.058300000001,-881.1462999999994,126,153.0338119850188,209.82876797366413,25.00927277168917,627.9259259259259,79139.17681666666,0.0
2025-07-29,7,1,False,Summer,138314.74511666666,5763.114379861111,7609.3426,3929.01,1179.4956309380698,100,17,3680.3325999999997,62245.49916666666,2593.562465277778,7832.7313,76,77,33,109,0.8846277777777778,1.7497,0.4164,0.36696788229433186,113,33,1.3333,76069.24595,6105.38,-1264.3493000000008,129,213.67639425287356,283.09084339036997,22.130132736445816,627.9259259259259,77369.43409999998,0.0
2025-07-30,7,2,False,Summer,138424.36443333334,5767.681851388889,7601.4676,3967.0163,1203.4319716563339,100,33,3634.4513,64321.11038333333,2680.0462659722225,8521.3125,71,77,33,109,0.8796965277777778,1.6898,0.3727,0.3632265274833043,117,33,1.3171,74103.25405,6205.8261,-1762.5600000000004,117,216.853622413793,321.3397540397034,22.93681105945661,627.9259259259259,78112.97475,0.0
2025-07-31,7,3,False,Summer,137423.31371666666,5725.97140486111,7819.2532,3594.79,1209.0575766081436,105,143,4224.4632,62728.31745,2613.6798937500002,8162.5183,67,77,33,109,0.8814312499999999,1.7439,0.381,0.370449358669018,123,33,1.3629,74694.99626666665,6379.8643,-1659.5024999999996,122,138.4515417602996,185.20755772340164,26.138861432228143,627.9259259259259,77728.41961666665,0.0
2025-08-01,8,4,False,Summer,92719.42409999997,3863.3093374999994,4836.82,2880.3503,485.5721248755604,86,33,1956.4696999999996,71468.06443333332,2977.8360180555555,9468.7681,75,77,33,109,0.6663972222222222,1.5892,0.1568,0.3379905023998599,123,75,1.4324,21251.359666666664,4350.5,-5136.051199999999,92,206.0585438202248,317.8355267798496,26.196414810809365,627.9259259259259,47030.71046666666,26.279783333333246
2025-08-02,8,5,True,Summer,91562.24421666667,3815.093509027778,4897.42,2873.4107,512.8169196265673,143,34,2024.0093000000002,70635.21928333334,2943.134136805556,9400.1789,67,77,33,109,0.6621874999999999,1.5378,0.1219,0.34493587766829537,113,75,1.4159000000000002,20927.02493333333,4897.42,-5535.1386,94,232.49818258426959,341.83621836823687,26.561673321648577,627.9259259259259,46717.61266666667,232.95334999999992
2025-08-03,8,6,True,Summer,138062.48614999998,5752.603589583333,7599.5088,3946.84,1161.7284190399023,105,32,3652.6687999999995,75223.00616666666,3134.291923611111,9887.751,76,76,34,109,0.83336875,1.692,0.3408,0.3674215885082463,122,75,1.3512,62839.47998333333,6168.1927,-3244.6598000000004,107,154.81278464419483,210.62615336479584,26.144715947956797,627.9259259259259,72984.17444999999,0.0
2025-08-04,8,0,False,Summer,138312.10695,5763.004456250001,7873.013,3704.7945,1229.3932824234569,102,33,4168.2185,72896.45186666667,3037.3521611111114,9342.5452,72,75,34,108,0.8447847222222222,1.6947,0.374,0.3590103780020977,118,33,1.3207,65415.65508333333,6242.048,-2794.6536000000006,110,245.72242172284643,329.774087249802,27.71697395517203,627.9259259259259,73595.64668333334,0.0
2025-08-05,8,1,False,Summer,136458.49728333333,5685.7707201388885,7501.0739,3677.63,1159.2844384658524,102,17,3823.4439,71306.18754999999,2971.091147916666,9186.9375,74,76,34,109,0.8445958333333334,1.7018,0.3346,0.3626617383816689,123,73,1.3672,65152.309733333335,5981.5089,-2894.0874999999996,111,141.73324962121214,191.33416762935877,24.48148166145951,627.9259259259259,73103.0122,0.0
2025-08-06,8,2,False,Summer,136716.08779999998,5696.503658333333,7676.3702,3860.2914,1183.797850239027,105,27,3816.0788000000002,68601.68853333333,2858.403688888889,9131.5849,72,75,34,108,0.8577486111111111,1.7116,0.3616,0.3649187164950671,123,71,1.35,68114.39926666667,6160.8316,-2928.0999999999995,112,121.91611250000001,171.36020686395935,24.181574879618896,627.9259259259259,75122.61121666666,0.0
2025-08-07,8,3,False,Summer,136850.75446666667,5702.114769444444,7598.507,3557.18,1161.8983380076509,105,143,4041.3269999999998,73462.76921666667,3060.948717361111,9737.25,74,75,34,108,0.8411048611111112,1.7422,0.3292,0.36319898461278327,120,33,1.413,63387.98525,6024.109799999999,-3441.4300000000003,109,144.27189386973185,200.6328588728691,22.659160211625217,627.9259259259259,73620.06344999999,0.0
2025-08-08,8,4,False,Summer,90703.21611666668,3779.3006715277784,4708.43,2709.7921,496.63696424702863,95,30,1998.6379000000002,74928.04486666666,3122.0018694444443,9936.4883,73,75,34,108,0.6379520833333333,1.5268,0.0665,0.34253470182402157,117,75,1.4603,15775.171250000001,4321.5931,-5873.5925,92,141.9310522988507,195.61222585263428,22.602102782997736,627.9259259259259,46340.63133333334,744.7930666666664
2025-08-09,8,5,True,Summer,90303.83174999998,3762.65965625,4720.45,2667.9531,504.8114345340922,92,39,2052.4968999999996,71381.90275000001,2974.245947916667,8915.2186,69,75,34,108,0.6529750000000001,1.5586,0.1714,0.33808585629064136,123,73,1.3872,18921.929,4587.96,-4959.2519,92,208.09758448275872,270.2715755659869,24.128868140837618,627.9259259259259,46709.420383333345,0.0
2025-08-10,8,6,True,Summer,136535.44471666665,5688.976863194444,7622.53,3675.79,1186.7327945134475,95,32,3946.74,71230.82566666666,2967.9510694444443,9440.3365,66,75,34,108,0.8486909722222223,1.7523,0.3761,0.36266653293863976,123,66,1.3761999999999999,65304.619049999994,6111.8435,-2615.7144,109,135.21016762452118,199.23350183352812,23.239109073056508,627.9259259259259,72633.95871666666,0.0
2025-08-11,8,0,False,Summer,136422.26351666666,5684.260979861112,7463.9667,3687.9082,1169.627583752042,105,33,3776.0585,71861.01018333333,2994.208757638889,9412.2731,69,75,34,108,0.8396298611111112,1.7686,0.3636,0.3691315262173268,116,75,1.405,64561.253333333334,6019.8129,-2660.697500000001,113,214.983303065134,316.27954781901286,24.549872574259936,627.9259259259259,73727.19203333333,0.0
2025-08-12,8,1,False,Summer,136637.5967,5693.233195833333,7648.5157,3795.81,1167.6024293400421,105,26,3852.7057,68877.05304999999,2869.8772104166665,9159.5196,72,75,34,108,0.8573708333333333,1.7091,0.3472,0.3663748510078837,114,33,1.3619,67760.54364999999,6274.2163,-2804.9497999999994,115,145.46911187739465,193.29075617763812,24.762417060985065,627.9259259259259,74024.67726666667,0.0
2025-08-13,8,2,False,Summer,136547.99718333333,5689.499882638888,7936.3951,3830.9211,1205.0994597351544,105,33,4105.474,70427.01773333333,2934.459072222222,9264.4215,73,75,34,108,0.8531652777777778,1.7327,0.3789,0.36141910590698945,123,75,1.3538,66120.97944999998,6493.6413999999995,-2590.0919000000004,112,153.76599425287355,220.53763315352,24.800951121871588,627.9259259259259,72301.00966666665,0.0
2025-08-14,8,3,False,Summer,135936.05536666667,5664.002306944445,7696.8218,3600.335,1198.6339138932085,105,28,4096.4868,70009.76438333333,2917.0735159722226,9136.0412,69,74,35,108,0.8501201388888889,1.7384,0.3843,0.3620811902499876,123,17,1.3540999999999999,65926.29098333333,6330.6067,-2536.145699999999,110,200.29766743295025,265.9594932579154,26.591529661096576,627.9259259259259,74261.59485,0.0
2025-08-15,8,4,False,Summer,89968.05776666666,3748.6690736111113,4772.1,2682.1658,483.76003702015873,98,36,2089.9342,72808.33088333333,3033.6804534722223,9494.2005,69,75,34,108,0.6512152777777778,1.6114,0.1119,0.3477910777334164,123,71,1.4994999999999998,17159.726883333333,4380.6963,-5595.734100000001,92,225.4397093023256,282.16045342444744,25.039976529384905,627.9259259259259,46882.975849999995,598.9117500000008
2025-08-16,8,5,True,Summer,90183.53034999999,3757.6470979166666,4701.2243,2798.2677,473.3567247567444,99,37,1902.9566,73254.24998333333,3052.2604159722223,9764.3257,70,75,34,108,0.6473409722222221,1.5409,0.0685,0.3457775430657096,122,71,1.4724,16929.280366666666,4391.37,-5900.062500000001,92,119.45397823529409,167.76859078736985,22.13994642143879,627.9259259259259,46733.09346666668,538.4105333333332
2025-08-17,8,6,True,Summer,135369.1165,5640.3798541666665,7597.239,3748.4421,1169.7281643311599,105,33,3848.7968999999994,72203.72288333334,3008.4884534722223,9597.187,64,74,35,108,0.8399,1.7136,0.3386,0.3706875996084796,123,33,1.375,63165.39361666667,6295.7768,-3034.305300000001,109,181.89594117647042,272.5354018106804,22.674399488236688,627.9259259259259,73155.96861666667,0.0
2025-08-18,8,0,False,Summer,135710.17471666663,5654.590613194444,7824.5106,3807.1543,1181.066127404558,105,33,4017.3562999999995,71316.0591,2971.5024625,10003.9125,68,73,35,107,0.8475611111111111,1.7616,0.3325,0.37066309946129417,123,71,1.4291,64394.11561666666,6588.824699999999,-3306.0225,112,148.5482980842913,226.21352576616042,26.590738714924772,627.9259259259259,73634.20204999999,0.0
2025-08-19,8,1,False,Summer,135364.48288333334,5640.186786805556,7408.14,3851.4274,1135.038310842853,95,30,3556.7126000000003,71046.82283333334,2960.2842847222223,9176.175,74,75,34,108,0.8429152777777777,1.7202,0.4324,0.35822411790117675,116,66,1.2877999999999998,64317.660050000006,6233.9038,-2642.199199999999,111,171.46881072796927,247.62708152292308,27.545501880469413,627.9259259259259,73040.23409999999,0.0
2025-08-20,8,2,False,Summer,135048.05366666664,5627.0022361111105,7581.98,3602.2974,1183.8986803799141,98,30,3979.6825999999996,64397.3626,2683.223441666667,8693.775,77,73,35,107,0.866348611111111,1.7251,0.4085,0.3705165828675899,114,75,1.3166000000000002,70650.69106666668,6138.0442,-2046.3949999999995,116,161.02874313725502,234.19328947814407,23.589226752147564,627.9259259259259,75815.91528333334,0.0
2025-08-21,8,3,False,Summer,134971.7989,5623.824954166667,7582.1384,3671.71,1151.719667002419,105,143,3910.4284,69127.38041666665,2880.307517361111,8984.8875,65,73,35,107,0.8472069444444443,1.7157,0.4163,0.36063800335229085,123,33,1.2993999999999999,65844.41848333333,6210.1872,-2252.3475000000008,115,159.4734382352942,230.0042772221377,23.979303306942306,627.9259259259259,72411.42293333332,0.0
2025-08-22,8,4,False,Summer,90531.7304,3772.1554333333333,4832.09,2688.7493,475.4826606456212,98,30,2143.3407,69301.161,2887.5483750000003,9318.5625,71,73,35,107,0.6604708333333333,1.5612,0.1444,0.34006974498042164,123,72,1.4167999999999998,21230.5694,4507.04,-5280.348800000001,93,182.8471919607844,255.87097936859593,25.08021015333344,627.9259259259259,47708.84375,177.69761666666696
2025-08-23,8,5,True,Summer,89697.14623333335,3737.3810930555564,4650.61,2710.07,479.3761918217096,80,35,1940.5399999999995,67167.14008333333,2798.630836805556,9101.1098,70,73,35,107,0.6591965277777778,1.5209,0.1405,0.3462627417893754,114,75,1.3803999999999998,22530.00615,4420.4391,-5198.984200000001,93,215.82090411764705,338.27818790525043,24.79681665320205,627.9259259259259,47049.40898333333,37.734866666666676
2025-08-24,8,6,True,Summer,135068.0714,5627.836308333333,7501.0286,3750.684,1160.9032222012165,105,30,3750.3445999999994,71334.48191666667,2972.2700798611113,10057.9095,73,73,35,107,0.8410215277777777,1.7075,0.3394,0.37074169040161287,123,74,1.3681,63733.58948333333,6357.7029999999995,-3812.050000000001,114,132.1606043137255,178.17106611789313,23.928211833746886,627.9259259259259,74663.79548333334,0.0
2025-08-25,8,0,False,Summer,134511.61375000002,5604.650572916667,7474.166,3749.8586,1164.1162154659173,105,21,3724.3074,63738.52673333334,2655.7719472222225,8478.0375,68,73,35,107,0.8601569444444443,1.7083,0.3974,0.3674200908608845,122,33,1.3109,70773.08701666666,6336.6455000000005,-1867.6599999999999,116,143.35963392156862,211.6484060370272,24.94946648527673,627.9259259259259,75740.08533333332,0.0
2025-08-26,8,1,False,Summer,134368.96393333332,5598.706830555555,7435.3109,3551.951,1210.186392375434,105,33,3883.3599000000004,68840.14554999999,2868.3393979166667,9927.1136,70,73,35,107,0.8444180555555555,1.6987,0.3224,0.3752782336863013,119,71,1.3763,65528.81838333333,6196.8554,-3370.9043999999994,113,159.31647627450985,202.31931932059578,25.644712626177306,627.9259259259259,74007.82576666666,0.0
2025-08-27,8,2,False,Summer,133788.3821,5574.5159208333325,7416.8085,3742.52,1178.6423016579706,105,29,3674.2885,65874.23323333333,2744.7597180555554,9230.325,74,73,35,107,0.8533875,1.7058,0.3375,0.3764534596138609,123,72,1.3683,67914.14886666666,6430.052900000001,-3020.7594,116,254.61556144578336,435.4722097899996,22.18243806964052,627.9259259259259,75526.76941666668,0.0
2025-08-28,8,3,False,Summer,134543.81656666665,5605.9923569444445,7499.0963,3180.9,1205.2267681969395,103,143,4318.1963,63776.02158333333,2657.334232638889,8832.45,77,73,35,107,0.863504861111111,1.7227,0.3748,0.3695850745347569,120,33,1.3478999999999999,70767.79498333333,6302.889099999999,-2052.0565000000006,125,174.72911024096385,228.7261208727675,22.22531816389315,627.9259259259259,74880.89586666667,0.0
2025-08-29,8,4,False,Summer,88328.33255,3680.3471895833336,4649.34,2717.2007,466.0887348251875,98,30,1932.1393000000003,65773.11219999999,2740.546341666666,8981.5527,75,72,36,107,0.6645076388888889,1.5608,0.1616,0.3380865189221594,120,73,1.3992,22555.220349999996,4374.9194,-5041.2325,96,144.94218634538154,227.8791566601154,21.461425620658474,627.9259259259259,47596.403816666665,11.88156666666661
2025-08-30,8,5,True,Summer,89025.08758333333,3709.3786493055554,4791.9135,2436.84,511.71331981263756,99,38,2355.0734999999995,70512.36774999999,2938.0153229166663,9674.2253,66,72,35,106,0.6546625,1.5978,0.115,0.3451724737372233,123,66,1.4828000000000001,18512.71983333333,4431.84,-5602.1725,93,139.33884779116457,186.61257981318786,21.782300086793434,627.9259259259259,47482.19013333334,506.63693333333276
2025-08-31,8,6,True,Summer,133365.35983333332,5556.889993055555,7264.4649,3470.14,1196.24591070299,105,32,3794.3249,66718.73675,2779.947364583333,8731.8377,69,73,35,107,0.846538888888889,1.7034,0.4046,0.36912105166837994,123,75,1.2988,66646.62308333332,6256.7392,-2358.6274999999996,111,193.5963620481928,260.2120791498394,24.240395706995336,627.9259259259259,73840.56133333332,0.0
2025-09-01,9,0,False,Autumn,121263.61926666666,5052.650802777778,6734.6809,3439.35,1199.9965641629772,60,23,3295.3309000000004,67689.48473333333,2820.395197222222,8525.7745,76,72,35,106,0.7517326388888889,1.367,0.3616,0.3035599644290669,123,33,1.0054,53574.13453333334,5612.7332,-2550.4480999999996,107,180.6424193089433,250.26793820922367,21.27575668580702,627.9259259259259,62315.89771666667,0.0
2025-09-02,9,1,False,Autumn,121532.82415,5063.867672916666,6764.4673,3310.04,1200.6666061962721,51,6,3454.4273000000003,67475.0683,2811.4611791666666,9248.9692,67,71,36,106,0.7539930555555555,1.3791,0.3185,0.31697492006693123,114,75,1.0606,54057.755849999994,5460.8884,-3257.7975000000006,111,221.93246265060256,366.1056122749428,24.659491302061262,627.9259259259259,63883.95788333333,0.0
2025-09-03,9,2,False,Autumn,121433.71643333335,5059.738184722223,6824.5643,3330.51,1175.298075489206,105,143,3494.0543,65885.99918333333,2745.249965972222,9245.2094,72,71,36,106,0.7609944444444445,1.3826,0.3744,0.3109824991765531,123,33,1.0082,55547.71725,5932.9814,-3362.9101999999993,110,142.4178939024391,189.35491688602525,22.211832723621093,627.9259259259259,64367.631583333336,0.0
2025-09-04,9,3,False,Autumn,121061.17303333334,5044.215543055556,6764.8611,3007.25,1215.1408421362162,48,143,3757.6111,67135.60748333333,2797.3169784722218,9128.034,64,71,36,106,0.7569979166666667,1.3949,0.3556,0.32031449416230684,123,5,1.0393,53925.56555,5840.1431,-2986.4124999999995,110,180.6713415662651,255.67233985745557,24.882956102005185,627.9259259259259,64796.14035000001,0.0
2025-09-05,9,4,False,Autumn,75132.98044999999,3130.540852083333,3929.8918,2390.2139,425.58514264536433,57,6,1539.6778999999997,68308.71878333333,2846.1966159722224,8928.2625,65,71,36,106,0.5586402777777777,1.2232,0.1454,0.28050987001805244,123,65,1.0778,6824.261666666666,3532.55,-5324.9925,90,180.17534036144576,268.0022782275267,25.69108532185091,627.9259259259259,38006.96445,203.43301666666653
2025-09-06,9,5,True,Autumn,75826.37416666666,3159.4322569444444,4064.32,2395.3361,443.83680374129415,59,12,1668.9839000000002,68105.29046666666,2837.720436111111,9767.55,71,71,36,106,0.5657111111111112,1.2147,0.07,0.29613887313787796,119,75,1.1446999999999998,7721.083699999997,3640.08,-6207.999999999999,92,115.51826285140557,170.52600389117302,24.352402959572185,627.9259259259259,38415.4678,1617.9003166666666
2025-09-07,9,6,True,Autumn,120781.00903333334,5032.542043055556,6989.0914,3306.45,1205.8967287117246,48,3,3682.6414000000004,65820.02541666666,2742.5010590277775,8789.0036,70,71,36,106,0.7593138888888888,1.3878,0.3572,0.3203580282111192,123,3,1.0306,54960.983616666665,5934.2177,-2705.7602000000006,109,197.69937409638547,308.27552519520856,25.552660028848432,627.9259259259259,63456.20859999999,0.0
2025-09-08,9,0,False,Autumn,121400.59243333334,5058.3580180555555,6862.3167,3348.4377,1201.6316525575903,105,3,3513.8790000000004,62005.022899999996,2583.5426208333333,8995.6357,69,71,36,106,0.7735236111111111,1.358,0.3635,0.3176952128216693,110,75,0.9945000000000002,59395.569533333335,6039.7549,-2561.3611999999994,115,128.10309899598388,184.6357677225629,24.210482601594038,627.9259259259259,66008.27321666667,0.0
2025-09-09,9,1,False,Autumn,121082.23558333333,5045.093149305556,6764.9558,3269.61,1200.9222820322798,105,140,3495.3457999999996,67979.40131666666,2832.475054861111,9964.3484,73,71,36,106,0.7518833333333333,1.377,0.2568,0.31863791362610944,110,75,1.1202,53102.83426666667,5933.3456,-4052.111600000001,110,165.83252730923695,278.39138258423645,24.88007636187687,627.9259259259259,65065.64464999999,0.0
2025-09-10,9,2,False,Autumn,121274.78848333334,5053.116186805556,6754.0714,3376.7815,1203.4127748715184,48,33,3377.2898999999998,59958.78983333332,2498.282909722222,8631.9525,70,71,36,106,0.7818236111111112,1.3717,0.3604,0.32115373265471703,116,33,1.0112999999999999,61315.99865,5809.726,-2693.314700000001,119,112.89236687242798,176.43758152842932,20.520842615464836,627.9259259259259,66996.85206666667,0.0
2025-09-11,9,3,False,Autumn,120746.77835,5031.115764583334,6881.995,2749.74,1214.9367315887932,48,143,4132.255,67250.69256666666,2802.112190277778,9834.1074,76,69,37,105,0.7530638888888889,1.368,0.301,0.31808896314879975,114,72,1.0670000000000002,53496.08578333334,5844.5874,-3829.6888,111,94.32468436213989,136.01705047753885,19.909555270977968,627.9259259259259,65031.32609999999,0.0
2025-09-12,9,4,False,Autumn,75687.22711666666,3153.6344631944444,3887.0686,2415.3875,441.0190461189989,64,142,1471.6811000000002,64135.570916666664,2672.315454861111,8731.4825,69,69,37,105,0.5750854166666666,1.219,0.112,0.2870917489293652,116,68,1.107,11551.6562,3687.89,-5156.8404,93,302.81409218107007,409.8476270902708,23.01347848501845,627.9259259259259,39290.65116666666,47.67529999999988
2025-09-13,9,5,True,Autumn,75063.58311666666,3127.6492965277776,3920.15,2396.7918,440.65725625314616,95,141,1523.3582000000001,67056.48163333333,2794.0200680555554,10105.3207,70,69,37,105,0.5665159722222222,1.2673,0.0376,0.29698136897678934,123,72,1.2297,8007.101483333333,3476.34,-6601.9911,94,221.7739497942387,310.52202380940065,22.62544076581423,627.9259259259259,39228.59725,2096.697366666667
2025-09-14,9,6,True,Autumn,121237.69566666664,5051.570652777777,6808.1205,3270.43,1214.594079813578,48,5,3537.6905,61138.370916666674,2547.4321215277782,8744.1664,69,69,37,105,0.7759062499999999,1.3811,0.3774,0.31872295622969676,120,142,1.0037,60099.324749999985,5976.2644,-2341.111500000001,112,164.03986049382718,234.54975606883562,21.7322127040647,627.9259259259259,66457.37356666666,0.0
2025-09-15,9,0,False,Autumn,120760.02988333334,5031.667911805556,6880.95,3205.7,1201.353478161981,56,2,3675.25,65692.99925,2737.208302083333,9635.625,71,69,37,105,0.761726388888889,1.3666,0.3138,0.31906561724815424,113,71,1.0528,55067.03063333333,6007.54,-3855.0249999999996,113,131.29345802469132,170.66068642321758,21.93311162336213,627.9259259259259,66492.90795,0.0
2025-09-16,9,1,False,Autumn,121843.35746666667,5076.8065611111115,6779.0099,3422.74,1179.4277406284407,48,8,3356.2699000000002,62351.58748333332,2597.9828118055552,8488.7327,73,69,37,105,0.7779465277777776,1.3713,0.3741,0.3142023208848049,114,8,0.9972,59491.76998333333,6097.2914,-2540.2147000000004,113,180.48687320675108,284.0940301782552,18.571050433053877,627.9259259259259,66949.99543333333,0.0
2025-09-17,9,2,False,Autumn,120924.795,5038.533125,6777.109,3352.29,1203.0816569431645,105,11,3424.8190000000004,60964.67659999999,2540.1948583333333,9158.4375,74,69,37,105,0.778054861111111,1.3545,0.3228,0.316990428001755,121,75,1.0317,59960.11839999999,6238.5253,-3222.6775,115,134.35992784810122,213.3980267016174,18.149027634533045,627.9259259259259,66996.25154999999,0.0
2025-09-18,9,3,False,Autumn,120804.11636666665,5033.504848611111,6724.2704,2563.14,1221.0968548191809,48,143,4161.1304,61848.06525,2577.00271875,9213.9306,69,69,37,105,0.7698256944444445,1.4221,0.355,0.32322140039119174,123,143,1.0671,58956.05111666667,6014.7556,-3005.1800000000003,114,208.08651954732505,353.7742126650035,22.13300033838745,627.9259259259259,66753.47768333333,0.0
2025-09-19,9,4,False,Autumn,75287.12646666665,3136.9636027777774,3913.4669,2350.1762,437.63997336446454,96,0,1563.2907,59185.77414999999,2466.0739229166666,8277.2625,74,69,37,105,0.5932520833333333,1.2857,0.2021,0.28109936400351715,108,75,1.0836000000000001,16101.352316666667,3524.2,-4746.189999999999,96,100.75497283950622,135.5570367044962,20.00310617157248,627.9259259259259,39692.773799999995,0.0
2025-09-20,9,5,True,Autumn,75330.72763333333,3138.780318055555,3996.0539,2331.07,463.49091468137846,99,140,1664.9838999999997,59685.293900000004,2486.8872458333335,9012.3736,75,69,37,105,0.5874611111111112,1.2367,0.0958,0.29254886367565613,123,75,1.1408999999999998,15645.433733333331,3589.43,-5464.707700000001,97,256.1099736625515,385.3282449281484,19.886629782655614,627.9259259259259,39862.6611,232.9292166666669
2025-09-21,9,6,True,Autumn,120862.28298333334,5035.928457638889,6719.8988,3261.3448,1214.1497594016546,48,1,3458.554,62574.79549999999,2607.283145833333,8610.526,73,69,37,105,0.7738493055555556,1.3742,0.36,0.3170757755050073,112,135,1.0142000000000002,58287.48748333333,5972.9634,-2715.0612,109,271.8150438818565,419.60900291155923,25.58503751374782,627.9259259259259,65447.7218,0.0
2025-09-22,9,0,False,Autumn,121218.04173333333,5050.751738888889,6824.73,3317.9329,1201.1973619456699,50,133,3506.7971,60604.02185,2525.1675770833335,8321.7803,72,69,37,105,0.7821659722222223,1.3934,0.381,0.3206069707183143,114,72,1.0124,60614.019883333334,6194.9277,-2502.1759,113,171.678138185654,243.17243147623273,25.440870867941417,627.9259259259259,67792.02398333333,0.0
2025-09-23,9,1,False,Autumn,121182.28133333335,5049.2617222222225,6704.9712,3147.61,1233.3426727032522,96,143,3557.3612,59065.66574999999,2461.0694062499997,8690.3915,72,67,38,104,0.7817520833333333,1.3866,0.3271,0.32633803229826086,123,75,1.0595,62116.61558333333,6311.176,-2874.8322,118,101.10676392405063,138.5752484127397,24.734991558318075,627.9259259259259,68594.91105,0.0
2025-09-24,9,2,False,Autumn,121014.19341666666,5042.258059027778,6713.8223,3366.32,1199.0547458050946,54,134,3347.5022999999997,59950.968316666665,2497.9570131944442,8621.0428,67,67,38,104,0.7761097222222222,1.3677,0.3701,0.31547130671324597,122,33,0.9975999999999999,61063.225099999996,6251.4066,-2219.798500000001,113,116.61899894514774,173.1678067817458,24.885241833200666,627.9259259259259,68132.78738333333,0.0
2025-09-25,9,3,False,Autumn,120546.34715,5022.764464583333,6677.8075,2744.5,1192.9789088768555,48,143,3933.3075,60210.89825,2508.787427083333,8561.925,68,67,38,104,0.7776076388888888,1.3825,0.3266,0.3183303028137458,113,143,1.0559,60335.448899999996,6127.4229,-2417.83,112,286.5347848101265,385.18073890408994,29.29854832907452,627.9259259259259,67927.03196666666,0.0
2025-09-26,9,4,False,Autumn,74194.35371666666,3091.4314048611113,3879.04,2258.3025,443.5651246588152,53,6,1620.7375000000002,56500.11021666667,2354.171259027778,8136.6,77,67,38,104,0.5928138888888889,1.1987,0.1786,0.28278424690081355,123,74,1.0201,17694.243499999997,3398.2838,-4544.841,94,145.27951118143457,224.8579286805584,27.22333495863289,627.9259259259259,39350.18343333334,0.0
2025-09-27,9,5,True,Autumn,75945.77174999999,3164.40715625,4019.59,2400.48,450.7057471575778,62,134,1619.1100000000001,58144.46949999999,2422.6862291666666,8454.675,68,67,38,104,0.5996840277777777,1.2231,0.208,0.2836134566977159,116,73,1.0151000000000001,17801.30225,3562.79,-4862.4424,96,79.31191410256409,103.44537460287727,23.81588755729939,627.9259259259259,41168.36466666667,0.0
2025-09-28,9,6,True,Autumn,120389.61958333333,5016.234149305556,6954.9249,3224.4161,1208.0656161065006,105,136,3730.5088,56901.99041666667,2370.9162673611113,8362.6324,69,67,38,104,0.7893881944444444,1.3665,0.3864,0.3159642671432997,123,18,0.9801,63487.629166666666,6687.7481,-2242.0456000000004,118,283.6663333333334,465.8696080759062,25.51025539042826,627.9259259259259,68584.17951666667,0.0
2025-09-29,9,0,False,Autumn,121111.41479999998,5046.30895,6726.0286,3218.6404,1205.7231456187453,48,132,3507.3881999999994,58351.523199999996,2431.3134666666665,8619.0719,72,67,38,104,0.7877583333333333,1.3651,0.3708,0.31763323871355825,122,33,0.9943,62759.89159999999,6183.1279,-2746.147500000001,117,264.8638324675325,378.19955168943596,25.414041604811505,627.9259259259259,68989.65473333333,0.0
2025-09-30,9,1,False,Autumn,120916.45506666666,5038.185627777778,6818.2124,3345.76,1199.4341261401025,55,134,3472.4524,55494.2803,2312.261679166667,9028.0125,74,66,39,104,0.7938243055555556,1.3781,0.3589,0.33055080103132634,123,74,1.0192,65422.17476666667,6371.2042,-3211.8325000000004,120,153.29557792207797,203.89477843877518,24.777526888596604,627.9259259259259,70865.78916666665,0.0
2025-10-01,10,2,False,Autumn,117218.45471666666,4884.102279861111,6738.79,3115.15,1242.8535266503334,56,131,3623.64,67556.93318333334,2814.8722159722224,10076.8909,67,67,38,104,0.7381555555555556,1.3138,0.2329,0.3127702690916469,120,75,1.0809000000000002,49661.521533333325,6107.887699999999,-4082.607500000001,111,351.4545363636364,533.0147044899082,27.15404507831078,627.9259259259259,62992.125599999985,0.0
2025-10-02,10,3,False,Autumn,117231.70978333332,4884.654574305556,6759.4466,2377.67,1249.771883505931,48,143,4381.7766,65500.926666666666,2729.2052777777776,9607.518,75,67,38,104,0.7419722222222223,1.3383,0.3234,0.31326462783909564,123,75,1.0149,51730.783116666666,6077.8687,-3702.7658,111,270.85941926406934,401.42799367051066,28.161990672143972,627.9259259259259,63020.883666666676,0.0
2025-10-03,10,4,False,Autumn,71524.19113333333,2980.1746305555553,3886.845,2043.72,495.8762773062838,57,131,1843.1249999999998,63707.03743333333,2654.4598930555558,9495.2286,73,66,38,103,0.5579645833333333,1.1747,0.0924,0.2841481998994871,123,69,1.0823,7817.1537,2992.0539,-5821.3794,93,158.49532554112562,208.23843778559785,27.264225064982934,627.9259259259259,36517.01085,1112.241316666667
2025-10-04,10,5,True,Autumn,72397.41483333331,3016.5589513888885,3958.04,2163.82,478.2836703575496,59,131,1794.2199999999998,59301.4324,2470.893016666667,8838.9316,72,65,39,103,0.5858305555555555,1.1845,0.132,0.28037566414694953,117,71,1.0525000000000002,13095.982433333334,3420.64,-5278.0075,94,152.09506948051947,210.5629496584379,28.19244426486528,627.9259259259259,38001.11571666667,116.88549999999971
2025-10-05,10,6,True,Autumn,117604.42089999998,4900.184204166666,6835.9028,3065.9531,1226.17977708889,48,132,3769.9496999999997,62868.459833333334,2619.5191597222224,9050.0959,73,65,39,103,0.752561111111111,1.303,0.3247,0.30946274697254234,119,72,0.9783,54735.961066666656,6292.2063,-3055.25,111,163.12180432900425,213.8379807254319,27.843771512046512,627.9259259259259,64415.481016666665,0.0
2025-10-06,10,0,False,Autumn,117896.13613333332,4912.339005555555,6745.9787,3108.83,1233.0349791271083,48,134,3637.1486999999997,60163.026883333325,2506.7927868055554,8657.3389,67,65,39,103,0.7684895833333333,1.3468,0.3294,0.30599535892059554,122,132,1.0173999999999999,57733.109249999994,6053.1883,-2635.095000000001,113,142.19852857142857,184.56916637187572,28.906861183010758,627.9259259259259,65456.0298,0.0
2025-10-07,10,1,False,Autumn,117357.17863333331,4889.882443055555,6789.0587,3131.75,1240.693324517454,48,140,3657.3086999999996,59585.615633333335,2482.7339847222224,8732.9297,75,65,39,103,0.7657534722222222,1.3141,0.341,0.30985865893876174,123,75,0.9731000000000001,57771.562999999995,6192.237099999999,-2856.1274999999996,114,126.33698874458887,171.09434149553795,29.02575159110002,627.9259259259259,65689.1809,0.0
2025-10-08,10,2,False,Autumn,117391.06235,4891.294264583334,6988.0408,3154.7555,1233.59855783768,48,138,3833.2852999999996,60912.56668333334,2538.023611805556,8700.225,68,65,39,103,0.7606854166666666,1.3239,0.37,0.3047812465480408,123,136,0.9539000000000001,56478.49566666667,6167.863899999999,-2294.152,111,146.51939632034623,215.3411308521977,29.764843056196504,627.9259259259259,64942.01413333333,0.0
2025-10-09,10,3,False,Autumn,117432.98973333335,4893.04123888889,6843.435,2488.22,1247.4909315527818,51,143,4355.215,61673.008050000004,2569.70866875,9347.3659,75,65,39,103,0.7578034722222222,1.3793,0.3337,0.3111717654451268,123,75,1.0455999999999999,55759.981683333324,6197.4832,-3355.6438000000007,112,161.13543787878777,221.6865651749126,29.662380811338824,627.9259259259259,65581.37106666666,0.0
2025-10-10,10,4,False,Autumn,72371.53011666666,3015.480421527778,4054.5203,2132.61,482.46674558763794,54,131,1921.9103,63027.919200000004,2626.1633,9899.7375,74,65,39,103,0.5595319444444445,1.1569,0.039,0.2868620658897623,110,75,1.1179000000000001,9343.610916666665,2956.49,-6218.057499999999,95,240.33882077922067,374.23671151789284,31.17276627926558,627.9259259259259,38334.00893333333,1611.6145
2025-10-11,10,5,True,Autumn,71790.96475,2991.290197916667,3922.52,1995.7176,474.02667232832044,53,132,1926.8024,57684.65116666666,2403.5271319444446,8518.425,77,65,39,103,0.5845513888888889,1.184,0.155,0.2785233979665636,123,66,1.029,14106.313583333333,3432.27,-5138.9349999999995,96,147.11151206140354,205.60129103165943,27.752910910364015,627.9259259259259,38358.93883333333,31.91893333333337
2025-10-12,10,6,True,Autumn,117709.38418333333,4904.557674305555,6754.71,3086.02,1242.8248595120438,53,8,3668.69,59194.4282,2466.4345083333337,8490.1519,73,65,39,103,0.76634375,1.3451,0.3076,0.3132801288328123,109,134,1.0375,58514.955983333326,6239.3132,-2533.785100000001,113,278.71867711111116,373.1690991244704,29.02617965433622,627.9259259259259,65679.1568,0.0
2025-10-13,10,0,False,Autumn,117677.75383333334,4903.239743055556,6724.644,3163.3688,1245.0852841779947,54,132,3561.2752,60650.358533333325,2527.098272222222,9319.0239,69,64,39,102,0.764651388888889,1.3254,0.3599,0.3140317974159102,123,141,0.9654999999999999,57027.39529999999,6169.2457,-3199.7599999999993,114,210.39186800000004,267.7883831547522,28.79347883173465,627.9259259259259,65973.83906666667,0.0
2025-10-14,10,1,False,Autumn,118032.22918333334,4918.009549305556,6769.28,3185.6267,1228.754631899963,50,135,3583.6533,57258.3999,2385.7666625,8790.1875,74,64,39,102,0.7730666666666666,1.3729,0.3194,0.31496304367515704,118,132,1.0535,60773.82928333333,6170.5719,-3004.3275000000003,114,277.38567777777774,402.8574634385426,29.059502946312836,627.9259259259259,68004.41751666667,0.0
2025-10-15,10,2,False,Autumn,117342.48076666666,4889.270031944445,6788.1916,3076.6497,1225.4033616248616,48,136,3711.5419,55422.457116666665,2309.269046527778,8401.4329,72,63,40,102,0.7760555555555556,1.3505,0.3279,0.31737559222842976,122,135,1.0226,61920.02365,6401.4204,-2325.2223999999997,117,209.66521422222226,321.08880226874686,28.61126812382297,627.9259259259259,67222.83059999999,0.0
2025-10-16,10,3,False,Autumn,117733.27633333334,4905.553180555556,6711.4436,2657.91,1250.5474016196088,48,143,4053.5335999999998,54766.80338333333,2281.9501409722225,8532.525,71,63,40,102,0.7822208333333331,1.3193,0.3224,0.32084154747151444,123,132,0.9968999999999999,62966.47295,6201.1407,-2506.7649999999994,118,158.84319,202.99103771872785,29.429100768621026,627.9259259259259,69379.53594999999,0.0
2025-10-17,10,4,False,Autumn,71943.17253333333,2997.632188888889,3911.56,2149.4327,483.63748566846056,59,132,1762.1273,55938.973216666665,2330.7905506944444,8515.295,73,63,40,102,0.58880625,1.1647,0.1661,0.27853891749998405,123,72,0.9986,16004.199316666665,3025.4921,-4922.084699999999,96,208.71383355855858,324.0660396801307,27.415054774421936,627.9259259259259,38542.99136666666,0.0
2025-10-18,10,5,True,Autumn,71656.70145,2985.6958937500003,3959.77,2214.0928,469.845502395251,62,132,1745.6772,55580.10818333334,2315.8378409722227,8155.11,72,63,40,102,0.5830680555555555,1.1522,0.1762,0.2730324401568628,119,70,0.9759999999999999,16076.593266666667,3374.98,-4716.8775000000005,98,213.7667038288289,316.093950724058,28.26747794376906,627.9259259259259,38804.58916666666,0.0
2025-10-19,10,6,True,Autumn,117991.24738333334,4916.301974305556,6835.4572,3049.8661,1237.9469043802353,48,132,3785.5910999999996,54105.524849999994,2254.39686875,8732.389,70,63,40,102,0.7893604166666667,1.3441,0.3396,0.3234126244057272,119,132,1.0045000000000002,63885.722533333326,6296.0179,-2688.4275000000007,118,128.21318738738722,177.46142334677216,27.53025447136271,627.9259259259259,69920.68156666667,0.0
2025-10-20,10,0,False,Autumn,117903.31864999999,4912.638277083333,6701.06,3185.74,1238.7095397260048,47,2,3515.3200000000006,53462.536283333335,2227.6056784722223,8426.4273,73,63,40,102,0.7871270833333333,1.3294,0.3284,0.32112087614095014,108,132,1.001,64440.782366666666,6227.6479,-2441.465,119,164.05326666666676,255.2265837671461,30.55702686040706,627.9259259259259,69502.70515000001,0.0
2025-10-21,10,1,False,Autumn,117800.84898333333,4908.368707638889,6711.273,3073.14,1240.3477240874313,51,134,3638.1330000000003,51338.26763333334,2139.094484722222,7712.025,74,63,40,102,0.79530625,1.3281,0.3559,0.3180842409901168,107,143,0.9722000000000001,66462.58135,6347.0259,-1758.5049999999992,122,108.29186311111103,147.23651075546664,30.39491261767882,627.9259259259259,69751.18228333333,0.0
2025-10-22,10,2,False,Autumn,117671.98653333333,4902.999438888889,6786.4352,3101.1772,1235.932359115548,48,132,3685.258,52117.08983333333,2171.5454097222223,8013.1663,73,63,40,102,0.7929506944444444,1.3348,0.3376,0.3235034166109455,123,132,0.9972,65554.8967,6306.6332,-2054.835,119,107.59040844444436,157.9130494199543,30.54334126069988,627.9259259259259,70269.22624999999,0.0
2025-10-23,10,3,False,Autumn,117212.01551666665,4883.8339798611105,6657.7375,2689.4,1249.7247383063814,48,143,3968.3375,53832.51848333333,2243.0216034722225,8373.7162,67,63,40,102,0.7813361111111112,1.3254,0.3637,0.3200441087631541,109,5,0.9616999999999999,63379.497033333326,6285.636,-2270.5725,117,217.54755433789958,337.05233031752385,27.559256544983157,627.9259259259259,69159.37555000001,0.0
2025-10-24,10,4,False,Autumn,72135.51853333332,3005.6466055555557,3886.75,2254.481,472.57991297659095,59,132,1632.2689999999998,53715.467816666656,2238.1444923611107,8513.0381,73,63,40,102,0.5963583333333333,1.1463,0.1355,0.281259601483351,123,75,1.0108000000000001,18420.050716666665,3054.1988,-4968.2657,100,122.1826591324201,181.23556565953078,26.66677616058937,627.9259259259259,40017.417949999995,0.0
2025-10-25,10,5,True,Autumn,72042.787,3001.7827916666665,3941.012,2241.1111,477.3822222682325,54,132,1699.9009,52644.35426666667,2193.5147611111115,8395.8375,68,63,40,102,0.5985090277777778,1.172,0.1778,0.27901927419530487,122,69,0.9942,19398.432733333335,3333.24,-4845.085000000001,98,122.8664331050228,174.26239455545547,26.946969439685812,627.9259259259259,39595.94248333333,0.0
2025-10-26,10,6,True,Autumn,117422.34435,4892.59768125,6736.0178,3051.9178,1240.5891243970884,51,132,3684.0999999999995,52878.032333333336,2203.251347222222,8161.05,68,63,40,102,0.7873305555555555,1.3094,0.3661,0.31573492539751297,123,134,0.9432999999999999,64544.31201666667,6437.0594,-2216.0774999999994,120,230.84872579908685,373.68813437469686,28.152784318205182,627.9259259259259,69173.80648333332,0.0
2025-10-27,10,0,False,Autumn,117790.56431666666,4907.940179861111,6847.2,3124.54,1248.0306486553313,50,131,3722.66,54237.98265,2259.91594375,9378.2902,69,61,41,101,0.7828958333333333,1.3209,0.3474,0.32568000788345147,114,132,0.9735,63552.581666666665,6255.5489,-2938.7712999999994,119,261.95203242009126,419.7126315336258,29.318736769912796,627.9259259259259,70531.468,0.0
2025-10-28,10,1,False,Autumn,117514.14479999998,4896.422699999999,6900.485,3046.9,1242.4794228741534,48,131,3853.5849999999996,51541.7231,2147.5717958333335,8188.2057,72,61,41,101,0.7930666666666668,1.363,0.3814,0.32065356161038755,47,7,0.9816,65972.4217,6203.1629,-2362.232900000001,119,113.95658356164385,157.76789875862636,27.372514673647647,627.9259259259259,70532.98495,0.0
2025-10-29,10,2,False,Autumn,117721.61451666665,4905.067271527778,6805.1934,3153.1453,1252.8989203879814,48,136,3652.0481,48409.357716666666,2017.056571527778,7776.049,75,61,41,101,0.8069569444444444,1.3399,0.3617,0.3244288620404541,48,33,0.9782000000000001,69312.25679999999,6368.5058,-1884.495,125,109.21310821917808,167.68071690485607,27.759525371722244,627.9259259259259,71974.3191,0.0
2025-10-30,10,3,False,Autumn,116916.07056666666,4871.502940277777,6621.7587,2600.29,1243.3221703511304,49,143,4021.4687000000004,52128.252916666665,2172.0105381944445,8077.3125,68,61,41,101,0.7919604166666666,1.3188,0.3217,0.32044378257789957,111,132,0.9971,64787.81765,6333.6031,-2096.9488,118,175.10609530516422,260.6123251124699,24.046698749483898,627.9259259259259,70245.72159999999,0.0
2025-10-31,10,4,False,Autumn,71748.98903333333,2989.5412097222224,3904.8716,2199.38,476.59708785738434,58,140,1705.4915999999998,47844.69696666667,1993.529040277778,7220.7082,70,61,41,101,0.6177326388888889,1.1689,0.2016,0.28151566572063885,117,75,0.9673,23904.292066666665,2960.38,-3633.6850000000004,102,102.55317300469484,141.33690423679022,24.07808047418577,627.9259259259259,40450.52553333334,0.0
2025-11-01,11,5,True,Autumn,71974.20948333332,2998.9253951388887,4146.0,2223.77,496.35614132809474,56,134,1922.23,49430.171050000004,2059.5904604166667,7784.8365,69,61,41,101,0.6046034722222222,1.193,0.2088,0.28019637529618063,107,66,0.9842000000000001,22544.038433333335,3406.47,-4120.849999999999,101,120.77787230046944,162.83163157905096,24.356998350638513,627.9259259259259,40293.529533333334,0.0
2025-11-02,11,6,True,Autumn,117843.23631666666,4910.134846527778,6728.52,3148.265,1231.9702281598798,47,135,3580.2550000000006,49046.85238333333,2043.6188493055556,7893.6375,71,61,41,101,0.8022444444444444,1.3248,0.3823,0.3224209741693375,121,132,0.9425,68796.38393333333,6238.1524,-2221.5799000000006,125,157.620084741784,227.8803468602472,25.640247840294165,627.9259259259259,72229.32363333332,0.0
2025-11-03,11,0,False,Autumn,117808.91503333335,4908.704793055556,6760.64,3104.3618,1238.063109978338,50,139,3656.2782,48303.98475,2012.66603125,7151.334,66,61,41,101,0.8054708333333334,1.3314,0.3421,0.32291147975682316,107,143,0.9892999999999998,69504.93028333332,6197.3758,-1111.6130000000003,123,140.39639389671362,178.49678700336094,25.852395990453118,627.9259259259259,71713.48978333332,0.0
2025-11-04,11,1,False,Autumn,117396.61073333333,4891.525447222222,6737.2865,3097.29,1215.8942267041696,48,131,3639.9965,49816.53869999999,2075.6891124999997,8212.6875,74,61,41,101,0.7975826388888889,1.335,0.3595,0.3234203022913779,47,5,0.9755,67580.07203333333,6388.0752,-2351.6975,123,155.81165476190472,197.8417215790253,24.10832597533843,627.9259259259259,71653.78744999999,0.0
2025-11-05,11,2,False,Autumn,117764.40761666666,4906.850317361112,6859.91,3171.5571,1236.8627294618245,47,142,3688.3529,48086.38755,2003.5994812500003,7525.8475,75,61,41,101,0.8089555555555555,1.328,0.3759,0.31942736871627625,47,20,0.9521000000000001,69678.02006666666,6172.8,-1588.9175999999998,121,116.59234765258218,161.17189311535924,26.216898163978637,627.9259259259259,72775.54613333334,0.0
2025-11-06,11,3,False,Autumn,117713.09413333333,4904.712255555556,6805.1088,2374.25,1244.096553794535,48,143,4430.8588,46343.50958333333,1930.9795659722222,7272.4678,69,61,41,101,0.8150673611111112,1.3718,0.3771,0.3219559787981839,47,143,0.9946999999999999,71369.58455,6349.2248,-1329.9049000000005,126,130.02150070422536,171.28501581194664,26.978133748921024,627.9259259259259,73309.5227,0.0
2025-11-07,11,4,False,Autumn,72212.37866666666,3008.849111111111,3953.16,2094.41,470.7742081662695,53,131,1858.75,48893.91688333334,2037.246536805556,7983.1221,70,60,42,101,0.6155340277777778,1.1963,0.2158,0.2871275748141034,123,75,0.9804999999999999,23318.461783333332,2949.65,-4423.684499999999,103,246.67604785714283,391.9031271922822,26.4540131070843,627.9259259259259,41237.322233333325,0.0
2025-11-08,11,5,True,Autumn,72034.86681666666,3001.452784027778,4020.4209,2233.754,497.8107360713794,54,141,1786.6669000000002,48243.65971666666,2010.1524881944445,7651.0875,71,60,41,100,0.6173409722222222,1.2197,0.242,0.28057548114051234,123,75,0.9777,23791.2071,3381.19,-4187.8475,100,92.60516995305161,122.2237882483862,26.695180191085417,627.9259259259259,40561.788833333325,0.0
2025-11-09,11,6,True,Autumn,117877.67016666665,4911.569590277777,6733.18,3058.8396,1253.447606009495,56,139,3674.3404000000005,46530.85298333332,1938.785540972222,7329.7894,72,61,41,101,0.8103173611111111,1.3403,0.3516,0.3267499290436809,48,140,0.9887,71346.81718333333,6312.4618,-1203.2071999999998,123,113.5796464788732,160.2391752528135,27.358643467401993,627.9259259259259,73837.96445,0.0
2025-11-10,11,0,False,Autumn,118420.10276666668,4934.170948611111,6768.85,3120.3338,1261.1540947747137,50,132,3648.5162000000005,44561.65966666666,1856.7358194444444,6936.4154,69,59,42,100,0.8189729166666666,1.3367,0.2992,0.32551586583715597,47,132,1.0375,73858.44309999999,6338.5265,-752.3024999999998,128,202.80415868544603,322.31701016976945,29.09050131317966,627.9259259259259,74991.64793333333,0.0
2025-11-11,11,1,False,Autumn,117957.86745000002,4914.9111437500005,6705.09,3172.41,1241.5845167082202,53,131,3532.6800000000003,46398.84778333333,1933.2853243055554,7499.85,68,59,42,100,0.8138590277777777,1.3296,0.3475,0.3256653583852526,48,33,0.9821,71559.01966666666,6173.8218,-1545.0448000000006,122,87.98951807511732,137.56457626561945,27.00571968803216,627.9259259259259,74131.41225,0.0
2025-11-12,11,2,False,Autumn,117416.71383333334,4892.36307638889,6793.4453,3168.2575,1245.3770575930373,48,141,3625.1878,46460.72608333333,1935.8635868055555,7891.9359,72,59,42,100,0.8123951388888888,1.3537,0.3489,0.3297408459694975,48,137,1.0048,70955.98774999999,6273.0609,-1808.4036999999998,127,243.41774788732386,390.15571980506076,30.1650280895499,627.9259259259259,73931.49851666667,0.0
2025-11-13,11,3,False,Autumn,117780.10726666666,4907.504469444444,6747.6715,2427.59,1261.9315775217658,52,143,4320.0815,45384.23595,1891.0098312500002,7249.1215,66,59,42,100,0.8185361111111111,1.3222,0.3456,0.3239021000782805,111,33,0.9766,72395.87131666666,6431.693300000001,-1202.0750000000007,126,137.5764530516432,189.26919619261258,28.452092289712855,627.9259259259259,73866.95758333335,0.0
2025-11-14,11,4,False,Autumn,71737.89309999999,2989.0788791666664,3953.33,2069.11,483.58333525708406,56,134,1884.2199999999998,44139.43779999999,1839.1432416666664,6884.6832,70,59,42,100,0.6290784722222222,1.1899,0.2419,0.2784789676213265,123,132,0.948,27598.4553,2908.9295,-3308.0175,102,236.48765892018784,339.9905325493509,30.531138538720803,627.9259259259259,41445.73386666667,0.0
2025-11-15,11,5,True,Autumn,72466.97681666666,3019.457367361111,4103.9797,2172.6978,498.185428664015,54,141,1931.2819,44255.0899,1843.9620791666666,7200.3025,69,59,42,100,0.6287680555555555,1.1995,0.2532,0.27332572071026745,123,66,0.9463,28211.88691666667,3263.2,-3581.5269999999996,105,106.63011150234745,150.43296081276316,27.93155388058839,627.9259259259259,41887.59245,0.0
2025-11-16,11,6,True,Autumn,118360.27023333334,4931.677926388889,6842.87,3189.7425,1268.3875379353353,50,132,3653.1275,43925.72585,1830.2385770833337,7466.2132,73,59,42,100,0.8205798611111111,1.3416,0.3594,0.33267417155042833,118,132,0.9822,74434.54438333333,6273.2098000000005,-1552.8027000000002,131,102.40720633802819,144.52490678865786,28.133706397795265,627.9259259259259,76223.72015000001,0.0
2025-11-17,11,0,False,Autumn,117269.71065,4886.23794375,6765.9265,3102.96,1248.3198229796208,48,143,3662.9664999999995,44573.956316666656,1857.2481798611107,7702.9804,72,59,42,100,0.815854861111111,1.3437,0.3623,0.32603548411067357,48,0,0.9813999999999998,72695.75433333332,6292.5029,-1664.5112000000008,128,197.33125289855067,318.8091252562202,24.25984128567847,627.9259259259259,74681.84706666665,0.0
2025-11-18,11,1,False,Autumn,117783.68650000001,4907.653604166667,6822.0939,3015.7436,1258.901352632831,48,139,3806.3503,42893.134666666665,1787.2139444444445,6812.87,67,59,42,100,0.8219124999999999,1.3419,0.3257,0.32311661989512014,48,33,1.0162,74890.55183333333,6176.0358,-678.1875,133,145.6827678743962,256.81481189879696,23.843338076262302,627.9259259259259,75478.3253,0.0
2025-11-19,11,2,False,Autumn,118179.70134999999,4924.154222916666,6700.6715,3067.39,1231.4494025190077,60,131,3633.2815000000005,42811.38975,1783.80790625,7174.9457,73,59,42,100,0.8290138888888889,1.3453,0.3761,0.320178809660165,48,132,0.9692,75368.31159999999,6288.039400000001,-1242.6239999999998,130,238.56336135265698,384.4891916782258,25.369281331371756,627.9259259259259,76772.89356666667,0.0
2025-11-20,11,3,False,Autumn,117846.45723333333,4910.269051388889,7006.888,2375.58,1264.665692323621,48,143,4631.308,43053.3812,1793.8908833333335,7010.6613,67,59,42,100,0.8211791666666666,1.4244,0.3421,0.32921994685785805,48,143,1.0823,74793.07603333333,6329.1347,-671.7233999999999,130,72.38162246376807,98.78201701240619,22.62840693913848,627.9259259259259,75808.48121666665,0.0
2025-11-21,11,4,False,Autumn,71999.17709999999,2999.9657124999994,4050.83,2207.79,472.66296243046435,53,143,1843.04,43134.793033333335,1797.2830430555557,6820.8,77,59,42,100,0.6326340277777778,1.1626,0.2524,0.2781903790856747,108,66,0.9102000000000001,28864.384066666666,2975.08,-3181.9500000000003,104,192.5072224637681,299.17123438336495,25.230192568658115,627.9259259259259,42312.27291666667,0.0
2025-11-22,11,5,True,Autumn,72549.91013333332,3022.9129222222223,3919.1,2126.542,474.2022477493089,53,132,1792.558,42330.080649999996,1763.7533604166665,7069.0444,69,59,42,100,0.636675,1.1753,0.2376,0.28189514603242694,120,74,0.9377,30219.829483333335,3314.17,-3312.5374999999995,107,124.44644565217398,202.47358169151565,24.610958968017744,627.9259259259259,42804.86641666667,0.0
2025-11-23,11,6,True,Autumn,117782.6922,4907.612175,6778.5543,3174.5779,1233.7086947445803,48,132,3603.9763999999996,42550.595916666665,1772.9414965277779,7297.414,78,58,43,100,0.8264944444444444,1.346,0.3495,0.3298361502062896,48,134,0.9965000000000002,75232.09628333333,6277.364,-1244.1234999999997,131,81.61580724637686,118.23362830694735,23.775658129310422,627.9259259259259,76947.85211666668,0.0
2025-11-24,11,0,False,Autumn,117975.68781666667,4915.653659027778,6750.7663,3134.6763,1230.8123386773034,48,133,3616.09,43813.74411666667,1825.5726715277779,7090.65,65,59,42,100,0.8210506944444445,1.3475,0.3605,0.326725022639979,48,134,0.9869999999999999,74161.9437,6354.4464,-1140.9700000000003,127,124.40917512077289,176.6248501817236,24.46213180668108,627.9259259259259,75898.33721666667,0.0
2025-11-25,11,1,False,Autumn,117682.39221666666,4903.433009027777,6631.31,3198.823,1230.2489833210905,80,132,3432.4870000000005,41513.73175,1729.7388229166668,6837.7875,74,59,42,100,0.8241243055555556,1.3383,0.3452,0.3276714545583449,50,132,0.9931000000000001,76168.66046666665,6304.046899999999,-881.1175000000003,134,87.24106231884055,128.86445305259912,24.0565709414471,627.9259259259259,77002.42851666667,0.0
2025-11-26,11,2,False,Autumn,117686.43673333334,4903.601530555556,6960.41,3027.9471,1273.004990040923,50,136,3932.4629,40928.76985,1705.3654104166667,6435.7337,73,59,42,100,0.8299340277777778,1.3677,0.2983,0.3341394874685742,48,132,1.0694,76757.66688333332,6098.087,-373.96259999999984,134,162.41460169082129,218.61934294775796,26.65799801170833,627.9259259259259,77135.76621666667,0.0
2025-11-27,11,3,False,Autumn,117198.14165,4883.255902083333,6877.6699,2286.92,1259.5659996611494,48,143,4590.7499,41417.248916666664,1725.718704861111,6848.925,74,58,42,99,0.8285638888888889,1.3841,0.3187,0.33063321101385174,47,143,1.0654000000000001,75780.89273333333,6379.9633,-958.8249999999998,133,182.103269117647,249.44666078175442,24.57982235120345,627.9259259259259,76682.73811666667,0.0
2025-11-28,11,4,False,Autumn,72239.02128333332,3009.9592201388887,3902.5273,2052.41,497.4616604038643,57,134,1850.1173000000003,41317.78273333333,1721.5742805555556,6811.5013,76,57,43,99,0.6340243055555557,1.184,0.2408,0.2833258156199628,115,138,0.9431999999999999,30921.238550000002,3066.075,-3230.8956,108,140.69377279411768,221.74263390664547,23.67429508466227,627.9259259259259,42813.36308333333,0.0
2025-11-29,11,5,True,Autumn,72156.19988333333,3006.5083284722223,4026.75,2186.44,487.92095050242096,59,134,1840.31,37226.74978333333,1551.1145743055556,5752.9795,72,59,42,100,0.6504381944444445,1.1734,0.2736,0.2793605157529463,123,134,0.8997999999999999,34929.450099999995,3455.21,-2204.6211,109,109.39367254901964,142.74308338020217,23.563053169034312,627.9259259259259,43145.465599999996,0.0
2025-11-30,11,6,True,Autumn,118008.83443333332,4917.034768055555,6931.897,3196.88,1247.5965900327099,48,134,3735.017,37764.006316666666,1573.5002631944444,5982.3499,69,57,43,99,0.8395993055555555,1.3886,0.3651,0.3351905589939479,47,0,1.0235,80244.82811666667,6267.9442,-64.24749999999949,143,84.86164427860703,118.58346404514,19.92130271036181,627.9259259259259,80255.53603333334,0.0
2025-12-01,12,0,False,Winter,125291.39163333332,5220.474651388889,7329.57,3105.52,1323.9941869942663,50,134,4224.049999999999,38992.4639,1624.6859958333334,6856.3368,67,57,43,99,0.9076055555555556,1.5873,0.361,0.3765513495528051,123,135,1.2263,86298.92773333333,6276.7325,-105.19120000000021,141,125.63377263681588,196.36519316085807,20.659782916447288,627.9259259259259,86340.35501666665,0.0
2025-12-02,12,1,False,Winter,125400.62359999999,5225.025983333333,7370.3157,3227.6939,1320.4177510085635,48,132,4142.6218,36762.81365,1531.7839020833333,6294.0998,72,57,43,99,0.9153138888888888,1.584,0.378,0.37597939696028154,123,3,1.206,88637.80995,6256.17,36.32999999999993,144,125.12560555555562,189.16822924160454,25.18126009986435,627.9259259259259,88637.80995,0.0
2025-12-03,12,2,False,Winter,124622.93113333332,5192.6221305555555,7359.83,3254.78,1320.5415016244167,53,134,4105.049999999999,37460.18256666666,1560.8409402777777,6416.325,65,57,43,99,0.9120326388888889,1.584,0.3713,0.3739227650758089,123,0,1.2127000000000001,87162.74856666668,6251.1989,392.5550000000003,144,108.32540531400966,154.62277174868873,24.84157199080256,627.9259259259259,87162.74856666668,0.0
2025-12-04,12,3,False,Winter,125336.25094999999,5222.343789583333,7507.0588,2450.92,1342.109460924073,48,143,5056.1388,38565.0422,1606.8767583333336,6477.1681,72,57,43,99,0.9050854166666666,1.5836,0.3853,0.378713857140236,123,2,1.1983,86771.20875,6381.0623,-232.4964,143,83.52676280193238,113.79885452548358,23.492948454990508,627.9259259259259,86809.95814999999,0.0
2025-12-05,12,4,False,Winter,78868.07108333333,3286.169628472222,4581.69,2142.6309,608.8000729083917,56,132,2439.0590999999995,37556.4434,1564.8518083333333,6444.45,71,57,43,99,0.7171770833333333,1.4106,0.2354,0.33615083854479766,123,132,1.1752,41311.62768333333,3993.45,-2355.1499999999996,114,159.3227444444445,229.4785503774566,23.476230146860726,627.9259259259259,48339.95076666666,0.0
2025-12-06,12,5,True,Winter,79470.82114999999,3311.284214583333,4482.8311,2229.48,605.9816182038903,54,134,2253.3511000000003,35806.19033333333,1491.9245972222222,5964.1088,73,57,43,99,0.7271965277777777,1.4053,0.3005,0.33000616828589796,123,132,1.1048,43664.63081666666,3934.0175,-2008.1644000000001,114,119.20895096618361,153.93883090753167,22.48441651990334,627.9259259259259,49096.53904999999,0.0
2025-12-07,12,6,True,Winter,125067.46291666666,5211.144288194444,7380.535,3272.7324,1309.7976964726026,48,136,4107.8026,37414.78166666666,1558.949236111111,6349.05,71,57,43,99,0.9101083333333333,1.6174,0.3908,0.38126434701882667,123,143,1.2266,87652.68124999998,6463.7679,-75.4355000000005,143,134.27838115942023,220.10158131498937,20.026413937829712,627.9259259259259,87665.25383333334,0.0
2025-12-08,12,0,False,Winter,124410.35393333333,5183.7647472222225,7298.94,3247.4044,1324.9193546417728,48,136,4051.5355999999997,36563.14281666666,1523.4642840277777,6129.5297,70,57,43,99,0.9085152777777777,1.6698,0.3445,0.3730841404413666,123,132,1.3253,87847.21111666667,6252.525,482.8150000000005,144,273.1433070048308,482.57932354282485,22.24316868244153,627.9259259259259,87847.21111666667,0.0
2025-12-09,12,1,False,Winter,124694.68108333333,5195.611711805555,7465.4925,3201.44,1318.9163242794807,48,137,4264.0525,37306.22681666666,1554.4261173611112,6293.1158,70,57,43,99,0.9057770833333332,1.5404,0.3418,0.3864098191716572,114,137,1.1985999999999999,87388.45426666667,6439.1462,-42.63370000000032,143,93.79608647343,139.7133472286973,18.656164833291548,627.9259259259259,87395.55988333334,0.0
2025-12-10,12,2,False,Winter,124378.76451666666,5182.448521527778,7401.43,3312.6416,1314.113592854981,56,132,4088.7884000000004,35991.146049999996,1499.6310854166668,6068.7277,70,57,43,99,0.9161590277777777,1.6143,0.3834,0.3825561108646512,123,0,1.2309,88387.61846666667,6316.2844,342.47249999999985,144,70.43711980676325,97.00768922216622,20.180689726596835,627.9259259259259,88387.61846666667,0.0
2025-12-11,12,3,False,Winter,123787.79896666665,5157.824956944444,7348.219,2433.78,1337.2660905362095,48,143,4914.439,37826.544266666664,1576.106011111111,6209.025,74,57,43,99,0.8976340277777778,1.5835,0.33,0.3810099163886169,123,143,1.2534999999999998,85961.25469999999,6328.2892,22.545000000000073,144,116.3790616915423,159.130585691905,28.67360333746023,627.9259259259259,85961.25469999999,0.0
2025-12-12,12,4,False,Winter,78661.70368333333,3277.570986805555,4615.7096,2246.2599,620.3162786509932,54,135,2369.4497,34947.2902,1456.1370916666667,5522.8875,65,57,43,99,0.7237798611111111,1.456,0.2681,0.33247257830662474,123,140,1.1879,43714.41348333332,3751.8747,-1465.955,114,224.06842786069646,322.6110754908948,30.201724546706256,627.9259259259259,48263.31276666667,0.0
2025-12-13,12,5,True,Winter,78840.15754999999,3285.006564583333,4458.3065,2221.9965,597.4947233186854,55,135,2236.3099999999995,35041.62416666666,1460.067673611111,5924.8154,72,57,43,99,0.7296965277777777,1.4166,0.3133,0.3313219863806024,119,132,1.1033,43798.533383333335,3803.43,-2008.3627000000006,117,79.88919527363188,117.78767796200418,27.334459201363348,627.9259259259259,48571.030849999996,0.0
2025-12-14,12,6,True,Winter,124522.58584999999,5188.441077083333,7265.28,3259.769,1335.8337813566814,56,136,4005.511,35743.86405,1489.32766875,5857.5414,70,57,43,99,0.9207375000000001,1.5687,0.3769,0.3880781261685455,123,135,1.1918,88778.7218,6346.6991,423.8762999999999,144,104.94414402985076,131.4598606499516,28.637773399279343,627.9259259259259,88778.7218,0.0
2025-12-15,12,0,False,Winter,124305.22548333334,5179.384395138889,7451.2952,3116.9577,1321.5534506756528,60,132,4334.3375,34835.66751666667,1451.486146527778,5629.0906,73,57,43,99,0.9144402777777779,1.5558,0.3509,0.3814065238145696,116,135,1.2049,89469.55796666666,6521.926,684.5601999999999,144,117.04269552238813,184.48872173589203,28.619990831835374,627.9259259259259,89469.55796666666,0.0
2025-12-16,12,1,False,Winter,124646.94338333333,5193.622640972222,7422.2244,3154.13,1322.7859035483982,48,134,4268.0944,35228.852049999994,1467.8688354166666,5642.3456,72,57,43,99,0.9109138888888888,1.5512,0.3715,0.3806776665628492,114,0,1.1797,89418.09133333332,6426.1848,665.8727000000008,144,97.02016592039797,134.69301848326324,28.319942159364857,627.9259259259259,89418.09133333332,0.0
2025-12-17,12,2,False,Winter,124466.55464999998,5186.106443749999,7383.4703,3243.7989,1315.2218804497018,48,132,4139.6714,36274.70758333333,1511.4461493055555,5814.9221,70,57,43,99,0.9088097222222221,1.5634,0.3507,0.3748909440154795,123,132,1.2127,88191.84706666665,6382.7678,465.78750000000036,144,83.70511417910451,116.0171366492267,27.58922822195621,627.9259259259259,88191.84706666665,0.0
2025-12-18,12,3,False,Winter,124315.35926666665,5179.8066361111105,7394.7975,2446.27,1335.3386383574953,48,143,4948.5275,36949.0923,1539.5455124999999,6579.75,71,57,43,99,0.9094777777777777,1.5699,0.3508,0.38389711024045386,123,143,1.2191,87366.26696666666,6289.5907,-149.86929999999938,139,80.71530572139307,123.70795735232095,27.35710421769174,627.9259259259259,87452.4507,0.0
2025-12-19,12,4,False,Winter,78593.32543333333,3274.7218930555555,4435.8367,2210.1143,592.1754069201776,54,132,2225.7223999999997,35684.93413333333,1486.8722555555555,5932.9542,70,57,43,99,0.7250944444444445,1.394,0.2621,0.3314384303543769,116,132,1.1319,42908.39129999999,3756.5816999999997,-2016.2163999999998,114,103.23315671641794,146.22424905532202,28.96162556663474,627.9259259259259,48831.63013333333,0.0
2025-12-20,12,5,True,Winter,78668.52011666665,3277.855004861111,4479.94,2396.333,575.994854407099,56,141,2083.6069999999995,35812.16786666666,1492.173661111111,6127.4625,74,57,43,99,0.7189708333333333,1.3841,0.2632,0.32793979211929253,117,134,1.1209000000000002,42856.352249999996,3717.49,-2178.6652,116,90.11897761194028,126.13713293434385,28.290061723221516,627.9259259259259,49177.05495,0.0
2025-12-21,12,6,True,Winter,124376.44096666668,5182.351706944445,7367.01,3155.514,1338.67905591121,50,135,4211.496,35338.6591,1472.4441291666667,5904.8948,72,57,43,99,0.9100763888888888,1.5659,0.3905,0.37957048452867126,114,135,1.1754,89037.78186666666,6338.77,408.6100000000006,144,151.43507412935318,218.8726486386338,29.00295125859733,627.9259259259259,89037.78186666666,0.0
2025-12-22,12,0,False,Winter,124718.45381666665,5196.60224236111,7210.5447,3153.22,1297.5063916203846,48,134,4057.3247000000006,35781.02673333333,1490.8761138888888,5910.7711,70,57,43,99,0.9192854166666665,1.5876,0.3709,0.38032975276040415,117,134,1.2167,88937.42708333333,6324.6228,515.5722999999998,144,96.29547139303487,136.64781604076683,27.92863587868524,627.9259259259259,88937.42708333333,0.0
2025-12-23,12,1,False,Winter,123956.65456666665,5164.860606944444,7329.1752,3096.8704,1320.5872298331385,51,132,4232.3048,36698.56203333333,1529.1067513888888,6141.8029,69,57,43,99,0.9126888888888889,1.5836,0.3848,0.37713092236377627,123,135,1.1987999999999999,87258.09253333333,6505.0126,385.1719000000003,144,99.10066741293527,157.94751942319462,28.719452353965668,627.9259259259259,87258.09253333333,0.0
2025-12-24,12,2,False,Winter,123954.37128333334,5164.765470138889,7368.51,3038.8041,1308.130709806418,47,132,4329.705900000001,36099.81196666666,1504.1588319444445,6432.1037,69,57,43,99,0.9082652777777778,1.547,0.3591,0.3815616498445436,123,132,1.1879,87854.55931666668,6381.13,159.3125,144,125.36982164179113,171.33752554140335,29.44338748412066,627.9259259259259,87854.55931666668,0.0
2025-12-25,12,3,False,Winter,123789.85789999997,5157.910745833333,7177.43,2360.89,1322.4869730603543,56,143,4816.540000000001,35977.40936666667,1499.0587236111112,5734.0684,70,57,43,99,0.9102520833333334,1.6252,0.2502,0.38151912048589215,123,143,1.375,87812.44853333333,6302.872,419.1947,144,146.65964253731332,211.6944873557146,28.59589915377418,627.9259259259259,87812.44853333333,0.0
2025-12-26,12,4,False,Winter,78270.30765,3261.26281875,4468.02,2294.56,605.9238208501716,53,137,2173.4600000000005,35262.685216666665,1469.2785506944444,6365.1129,66,57,43,99,0.7237750000000001,1.4434,0.278,0.3321174070986074,123,0,1.1654,43007.62243333334,3910.07,-2376.8855,115,93.80976592039795,115.90274726963692,28.101987912917547,627.9259259259259,48715.391050000006,0.0
2025-12-27,12,5,True,Winter,78409.18393333333,3267.0493305555556,4440.4113,2161.5958,608.4374171503661,64,132,2278.8154999999997,35070.374866666665,1461.2656194444446,5945.0707,72,57,43,99,0.7212277777777778,1.4076,0.2681,0.3380037442264673,123,131,1.1395,43338.80906666667,3892.45,-2039.7875,115,107.86197263681592,156.77608071985523,28.546308862716884,627.9259259259259,48316.85590000001,0.0
2025-12-28,12,6,True,Winter,123511.26975,5146.302906250001,7347.2611,3138.13,1301.9928069852724,48,134,4209.1311,36702.015,1529.2506250000001,5980.1479,72,57,43,99,0.9058916666666667,1.5651,0.3477,0.3826801115321225,121,134,1.2174,86809.25475,6520.3498,253.78139999999985,144,79.4900052238806,107.25886532126093,27.917655214839883,627.9259259259259,86809.25475,0.0
2025-12-29,12,0,False,Winter,123677.30638333331,5153.221099305555,7192.233,3205.0235,1278.5063100448801,48,132,3987.2095000000004,36153.54011666667,1506.3975048611112,5680.1489,66,57,43,99,0.90653125,1.5396,0.3684,0.37511340485128736,123,132,1.1712,87523.76626666666,6331.03,607.3924999999999,144,149.86483134328356,199.422524915766,28.954670516526566,627.9259259259259,87523.76626666666,0.0
2025-12-30,12,1,False,Winter,123526.50905,5146.937877083333,7326.74,3166.98,1302.6567493139923,48,131,4159.76,37302.10645,1554.2544354166666,6382.7651,73,57,43,99,0.9004583333333334,1.5554,0.3684,0.3799894309350954,123,132,1.1869999999999998,86224.4026,6288.1385,-107.1939999999995,142,148.2182042288556,203.86556602421928,29.34724984861185,627.9259259259259,86243.38968333334,0.0
2025-12-31,12,2,False,Winter,123791.70508333333,5157.987711805556,7419.2944,3126.43,1297.1001903241918,48,134,4292.8644,35145.28214999999,1464.3867562499997,5763.3651,70,57,43,99,0.9102437499999999,1.5632,0.3518,0.38244148978310066,123,140,1.2113999999999998,88646.42293333332,6246.532,592.0574999999999,144,69.95118115942029,92.90106156552315,23.63746673616487,627.9259259259259,88646.42293333332,0.0
